seq_position,cpg_name,genomic_rank
0,cg04672450,1
1,cg14324200,2
2,cg00005847,3
3,cg21832150,6
4,cg02397514,8
5,cg20022511,10
6,cg00012792,11
7,cg08067365,11
8,cg00019495,16
9,cg00020533,17
10,cg09383789,21
11,cg26541516,22
12,cg00029826,25
13,cg00033516,28
14,cg19584957,28
15,cg14886269,31
16,cg22335801,34
17,cg23867494,35
18,cg02913364,42
19,cg03322129,43
20,cg13587552,44
21,cg22421766,45
22,cg25203980,46
23,cg18565510,47
24,cg00262415,49
25,cg00061059,51
26,cg06038049,51
27,cg10164137,52
28,cg14667273,62
29,cg27383362,64
30,cg09932694,65
31,cg20755353,71
32,cg00089071,71
33,cg00090147,72
34,cg00101227,79
35,cg00109274,87
36,cg00113020,89
37,cg03716942,91
38,cg12150066,92
39,cg10943191,94
40,cg24087944,96
41,cg06063714,97
42,cg21137823,98
43,cg24035370,99
44,cg00145118,114
45,cg06382459,120
46,cg23207616,140
47,cg03533858,141
48,cg20664247,153
49,cg20103201,162
50,cg00209951,163
51,cg09044743,163
52,cg05610148,169
53,cg00226923,178
54,cg00230502,183
55,cg00231644,184
56,cg04716261,184
57,cg00234961,188
58,cg08528984,194
59,cg08537652,195
60,cg00253200,200
61,cg00263760,207
62,cg00280814,219
63,cg00298357,233
64,cg00309204,240
65,cg02737335,246
66,cg24919884,247
67,cg00319692,248
68,cg07453618,257
69,cg10074513,258
70,cg13501117,261
71,cg26128092,264
72,cg00338893,265
73,cg04391111,267
74,cg00565688,268
75,cg25885108,270
76,cg19783114,271
77,cg16741710,272
78,cg05924583,273
79,cg03568718,274
80,cg21906716,275
81,cg00353953,277
82,cg03846767,280
83,cg26208930,281
84,cg08670691,291
85,cg00387170,293
86,cg14550570,295
87,cg00396163,296
88,cg19148051,296
89,cg14213620,297
90,cg09633588,299
91,cg00402366,302
92,cg17525406,307
93,cg13614083,313
94,cg19814116,314
95,cg08080029,321
96,cg00282347,322
97,cg23323711,323
98,cg19180828,326
99,cg03716999,327
100,cg15731815,329
101,cg17145806,330
102,cg17992056,331
103,cg00431549,332
104,cg06940574,332
105,cg14958889,333
106,cg21927975,334
107,cg00433406,334
108,cg04055049,335
109,cg14566624,336
110,cg00445824,340
111,cg17236617,345
112,cg25165880,346
113,cg09549827,347
114,cg13066963,348
115,cg00461841,348
116,cg00463577,351
117,cg02084087,351
118,cg04818845,354
119,cg07274506,355
120,cg05086993,356
121,cg14186992,357
122,cg06066711,361
123,cg19884658,364
124,cg06778853,365
125,cg11688219,366
126,cg02904365,367
127,cg00485380,371
128,cg03630344,374
129,cg06487986,375
130,cg25514503,376
131,cg10500283,378
132,cg20625138,379
133,cg08840010,380
134,cg17425224,383
135,cg25007680,384
136,cg19560758,387
137,cg00503458,388
138,cg11283860,395
139,cg00514895,400
140,cg11832727,408
141,cg12711814,413
142,cg02981703,416
143,cg25919221,417
144,cg16084788,418
145,cg24027679,419
146,cg03679305,421
147,cg00547018,422
148,cg17940013,424
149,cg10429262,425
150,cg00551244,426
151,cg25284492,430
152,cg00556408,431
153,cg00559473,432
154,cg18783781,442
155,cg00567749,442
156,cg13631913,443
157,cg20994801,448
158,cg23508540,464
159,cg26985289,465
160,cg00613255,468
161,cg00613344,469
162,cg10740965,470
163,cg27308387,471
164,cg15226751,472
165,cg04413397,473
166,cg01929105,474
167,cg06615861,478
168,cg07894717,483
169,cg04256470,484
170,cg15452426,486
171,cg11843760,487
172,cg20739510,488
173,cg15031780,489
174,cg00638514,494
175,cg00646492,500
176,cg10891879,501
177,cg00692549,509
178,cg15482690,510
179,cg12888113,511
180,cg21379816,512
181,cg21099221,513
182,cg23731764,515
183,cg03617456,516
184,cg04508649,518
185,cg21223353,519
186,cg07029998,520
187,cg15746187,524
188,cg06848073,525
189,cg01420388,527
190,cg10667970,529
191,cg17189494,530
192,cg07789904,531
193,cg06630737,533
194,cg17350448,542
195,cg05228408,544
196,cg01226883,545
197,cg00702729,547
198,cg27012203,547
199,cg02978542,548
200,cg06584407,550
201,cg20202438,551
202,cg14506552,557
203,cg22927043,558
204,cg04313552,560
205,cg11469137,561
206,cg23286660,562
207,cg05523254,566
208,cg00727947,567
209,cg09306577,567
210,cg15770654,568
211,cg23355725,570
212,cg00731459,574
213,cg19896198,574
214,cg00736326,575
215,cg13836770,586
216,cg26189983,587
217,cg00762512,592
218,cg00777121,602
219,cg01346152,605
220,cg18839416,608
221,cg10743104,609
222,cg18877506,610
223,cg25402049,612
224,cg12379145,613
225,cg25450806,614
226,cg19324313,616
227,cg17657618,628
228,cg21045388,629
229,cg00816620,630
230,cg20375690,631
231,cg00818693,631
232,cg24535573,632
233,cg15319451,633
234,cg05385377,634
235,cg00821764,636
236,cg00826384,640
237,cg22269795,644
238,cg25741794,645
239,cg23064554,646
240,cg20858526,647
241,cg15952725,649
242,cg02612026,652
243,cg11706911,654
244,cg00840516,655
245,cg17385448,655
246,cg09559551,656
247,cg16713727,658
248,cg00846036,658
249,cg15616400,659
250,cg07846167,660
251,cg00849368,662
252,cg23002761,663
253,cg10274502,665
254,cg15500658,666
255,cg07437033,669
256,cg21660130,673
257,cg00871453,676
258,cg00873037,677
259,cg15415507,678
260,cg15146752,679
261,cg18669381,684
262,cg26845278,688
263,cg16011258,689
264,cg07459264,690
265,cg08477744,693
266,cg18679190,694
267,cg12999103,695
268,cg11192270,696
269,cg24305835,698
270,cg03861428,699
271,cg15185794,703
272,cg17502536,705
273,cg22193702,706
274,cg01459162,707
275,cg12858514,708
276,cg23228178,709
277,cg18333690,710
278,cg01346589,716
279,cg21243909,717
280,cg05380570,721
281,cg19685066,727
282,cg23349790,730
283,cg13507429,731
284,cg14356550,732
285,cg00930194,732
286,cg11428724,733
287,cg00940278,737
288,cg21731286,738
289,cg18895413,740
290,cg21728447,741
291,cg00945507,743
292,cg00948524,746
293,cg00223950,748
294,cg10850580,749
295,cg18224761,750
296,cg18931421,751
297,cg00953277,751
298,cg05688084,752
299,cg23625458,753
300,cg11376198,754
301,cg07447773,755
302,cg11233384,756
303,cg15311933,758
304,cg13319175,767
305,cg00995065,773
306,cg19136075,774
307,cg21057046,775
308,cg22614355,776
309,cg19976467,781
310,cg21615127,782
311,cg16825000,784
312,cg24613957,786
313,cg11037787,787
314,cg19521927,788
315,cg24335149,791
316,cg14321743,792
317,cg07142319,793
318,cg16087263,794
319,cg11933267,795
320,cg03167763,797
321,cg04637372,800
322,cg01041367,802
323,cg12497298,803
324,cg26557658,805
325,cg20404387,806
326,cg13164309,808
327,cg00750606,809
328,cg23993660,812
329,cg01058368,814
330,cg08911391,814
331,cg01062029,815
332,cg18486150,817
333,cg01069256,820
334,cg13149996,820
335,cg06819200,823
336,cg01078276,824
337,cg22054164,825
338,cg01086895,827
339,cg23352747,831
340,cg20645065,832
341,cg22396755,835
342,cg07138512,836
343,cg20956373,838
344,cg18325289,839
345,cg02729506,842
346,cg16268051,843
347,cg07180649,847
348,cg26870337,848
349,cg15041659,849
350,cg11847808,850
351,cg00108454,851
352,cg25995460,852
353,cg11393848,853
354,cg00136477,854
355,cg22477971,855
356,cg14271400,857
357,cg00650762,858
358,cg01718365,859
359,cg06958034,860
360,cg08872493,864
361,cg01130192,865
362,cg06449653,866
363,cg10347418,868
364,cg18273566,869
365,cg00269115,870
366,cg01139059,875
367,cg17051623,876
368,cg23574449,878
369,cg21211748,879
370,cg22258437,882
371,cg01148741,883
372,cg19532954,883
373,cg22968727,887
374,cg12090388,888
375,cg22198425,891
376,cg22983885,892
377,cg04667458,893
378,cg01161597,894
379,cg03371205,895
380,cg01169624,897
381,cg24409107,900
382,cg08673615,902
383,cg18888403,903
384,cg01172972,904
385,cg08366126,905
386,cg01173186,905
387,cg26151675,910
388,cg09152089,913
389,cg25946374,914
390,cg08700651,915
391,cg07509155,916
392,cg15050111,919
393,cg16155382,920
394,cg13980834,924
395,cg03140978,925
396,cg01197831,925
397,cg02976090,926
398,cg02641560,928
399,cg02850329,929
400,cg01204271,929
401,cg11329235,937
402,cg10698549,938
403,cg10894102,941
404,cg02723372,943
405,cg25178645,944
406,cg14645650,945
407,cg18231267,947
408,cg01240931,948
409,cg04757093,948
410,cg01248426,954
411,cg00117172,957
412,cg06377278,958
413,cg22737001,959
414,cg24019564,963
415,cg01264826,966
416,cg01265637,967
417,cg03171924,970
418,cg13461622,974
419,cg01278696,978
420,cg16529592,981
421,cg01289103,987
422,cg21257635,988
423,cg12592463,989
424,cg01297972,995
425,cg05670408,995
426,cg01299496,996
427,cg01301664,997
428,cg15156836,1005
429,cg01311051,1006
430,cg02327719,1007
431,cg16486059,1008
432,cg15662251,1009
433,cg23799313,1010
434,cg06453691,1012
435,cg04471507,1013
436,cg23323671,1014
437,cg01320040,1014
438,cg04722168,1018
439,cg15547662,1019
440,cg18212039,1020
441,cg04629204,1022
442,cg05674944,1024
443,cg07766612,1025
444,cg01337047,1027
445,cg16051685,1027
446,cg22436229,1029
447,cg25817752,1030
448,cg18107827,1033
449,cg25229964,1035
450,cg04025590,1040
451,cg14017991,1041
452,cg01414934,1043
453,cg03100146,1044
454,cg16068833,1046
455,cg08109646,1048
456,cg10705251,1050
457,cg16530429,1052
458,cg06577005,1053
459,cg14211646,1054
460,cg01371477,1055
461,cg20345978,1056
462,cg01372689,1057
463,cg17154022,1057
464,cg01373706,1058
465,cg01031251,1059
466,cg19259146,1061
467,cg01400401,1067
468,cg17385674,1068
469,cg11856093,1069
470,cg12806381,1073
471,cg10971346,1074
472,cg14333454,1078
473,cg03421300,1081
474,cg17572572,1082
475,cg01413314,1083
476,cg23489497,1083
477,cg21680178,1084
478,cg01413516,1084
479,cg08360728,1085
480,cg24580782,1088
481,cg06650260,1089
482,cg01422136,1092
483,cg21921474,1092
484,cg19125999,1093
485,cg16352283,1095
486,cg22395192,1096
487,cg01429391,1102
488,cg21824902,1103
489,cg01429996,1103
490,cg06839953,1106
491,cg01431114,1106
492,cg23652939,1107
493,cg01442481,1112
494,cg23299127,1116
495,cg20651453,1117
496,cg19979773,1120
497,cg01447498,1121
498,cg05436231,1122
499,cg15166089,1124
500,cg12112929,1126
501,cg19784449,1130
502,cg14887509,1131
503,cg01476044,1140
504,cg01484156,1147
505,cg11254522,1147
506,cg06827976,1148
507,cg01485797,1149
508,cg01485998,1150
509,cg12099357,1156
510,cg17386433,1157
511,cg26106720,1158
512,cg09009042,1161
513,cg05492605,1162
514,cg08623383,1164
515,cg27573888,1165
516,cg11542231,1166
517,cg05871607,1167
518,cg22421699,1169
519,cg00605270,1170
520,cg00563229,1171
521,cg13804316,1172
522,cg22760576,1174
523,cg18468844,1177
524,cg16834431,1179
525,cg19025723,1180
526,cg25973092,1181
527,cg01522975,1181
528,cg01172735,1182
529,cg25371560,1184
530,cg25716286,1185
531,cg01532771,1185
532,cg08123074,1186
533,cg16013246,1189
534,cg24469114,1190
535,cg10691259,1195
536,cg02525756,1201
537,cg23543604,1202
538,cg16817034,1203
539,cg09837361,1204
540,cg19869139,1207
541,cg09970593,1208
542,cg11226328,1209
543,cg14195915,1213
544,cg05032943,1214
545,cg05064673,1216
546,cg01585703,1221
547,cg18084114,1221
548,cg12732155,1224
549,cg01594214,1228
550,cg24710886,1230
551,cg12864581,1232
552,cg19763281,1233
553,cg08778586,1234
554,cg14407437,1235
555,cg03484533,1236
556,cg22855405,1243
557,cg02309594,1245
558,cg19420968,1246
559,cg02989257,1247
560,cg10773309,1254
561,cg01653445,1255
562,cg15789095,1257
563,cg17803965,1258
564,cg01638735,1262
565,cg00510956,1266
566,cg21713812,1267
567,cg21682382,1268
568,cg02078356,1269
569,cg10694959,1271
570,cg16343696,1272
571,cg21093060,1273
572,cg10266188,1275
573,cg02286990,1276
574,cg13704271,1277
575,cg01154193,1278
576,cg01656216,1278
577,cg26073060,1280
578,cg14992253,1281
579,cg07656362,1282
580,cg01657207,1283
581,cg01525376,1288
582,cg17078393,1290
583,cg24468890,1294
584,cg23698287,1295
585,cg09327628,1298
586,cg16379513,1300
587,cg21172540,1301
588,cg13666729,1303
589,cg01684579,1305
590,cg11619390,1305
591,cg26131911,1307
592,cg05342835,1308
593,cg17339202,1309
594,cg09755102,1312
595,cg23150609,1313
596,cg25870263,1315
597,cg20951444,1316
598,cg01703884,1316
599,cg24417499,1317
600,cg01708236,1320
601,cg06179485,1320
602,cg18830459,1321
603,cg01620569,1324
604,cg22189725,1326
605,cg15016234,1328
606,cg01720228,1328
607,cg11426590,1329
608,cg03382564,1330
609,cg01722994,1330
610,cg23886755,1338
611,cg21198021,1339
612,cg19228118,1342
613,cg05382123,1343
614,cg11524446,1344
615,cg01743370,1346
616,cg08527127,1348
617,cg08612871,1349
618,cg01745657,1349
619,cg01333788,1350
620,cg15750705,1351
621,cg15554401,1352
622,cg13263483,1353
623,cg07070934,1355
624,cg15006973,1356
625,cg20913782,1358
626,cg15315630,1361
627,cg11730961,1362
628,cg01769037,1363
629,cg21248774,1363
630,cg17801256,1365
631,cg12106731,1371
632,cg19524049,1372
633,cg14772955,1373
634,cg15272684,1374
635,cg11835197,1377
636,cg26372517,1379
637,cg01785339,1380
638,cg17948627,1381
639,cg24109894,1382
640,cg01794265,1384
641,cg17417054,1385
642,cg06100291,1386
643,cg16019273,1387
644,cg18580491,1388
645,cg27094188,1389
646,cg27026509,1390
647,cg24196046,1392
648,cg24547948,1394
649,cg18931815,1395
650,cg01802635,1396
651,cg01803059,1397
652,cg16705481,1398
653,cg11916186,1399
654,cg04936062,1400
655,cg01805540,1401
656,cg01808508,1405
657,cg01813965,1408
658,cg07789552,1411
659,cg01817393,1411
660,cg01818492,1412
661,cg27546682,1412
662,cg01819572,1413
663,cg01773061,1415
664,cg12880200,1416
665,cg10035922,1418
666,cg22397854,1419
667,cg05154390,1420
668,cg08198370,1421
669,cg06722633,1426
670,cg06165395,1430
671,cg15949277,1435
672,cg01856970,1435
673,cg18891404,1436
674,cg01868128,1441
675,cg03112782,1447
676,cg00728398,1448
677,cg26624273,1449
678,cg01880569,1451
679,cg12696750,1452
680,cg21488617,1453
681,cg06528936,1456
682,cg17004373,1457
683,cg06626655,1458
684,cg22063989,1459
685,cg01888566,1459
686,cg01888601,1460
687,cg26649834,1461
688,cg01889448,1461
689,cg12339802,1462
690,cg16341373,1463
691,cg12128017,1467
692,cg01900048,1468
693,cg18105315,1469
694,cg01900364,1469
695,cg08735298,1473
696,cg17829314,1474
697,cg07031996,1477
698,cg10784030,1479
699,cg02309273,1480
700,cg25682936,1481
701,cg27018070,1484
702,cg05045781,1485
703,cg21319745,1486
704,cg17791651,1488
705,cg23495059,1495
706,cg17593391,1496
707,cg12792157,1497
708,cg01939428,1497
709,cg19675684,1499
710,cg14676817,1500
711,cg07388493,1502
712,cg16918585,1503
713,cg22233974,1505
714,cg13514129,1506
715,cg01959004,1516
716,cg08866753,1517
717,cg06154570,1520
718,cg21280510,1521
719,cg01656955,1522
720,cg11462533,1524
721,cg22827640,1525
722,cg01971122,1526
723,cg24358529,1527
724,cg27650434,1531
725,cg16796590,1536
726,cg26908611,1537
727,cg09182986,1538
728,cg27072323,1539
729,cg01991150,1539
730,cg17130791,1541
731,cg20900524,1542
732,cg01918888,1545
733,cg01994779,1546
734,cg13502356,1547
735,cg01995513,1547
736,cg19657082,1548
737,cg24686358,1551
738,cg26710722,1552
739,cg25632203,1557
740,cg26776069,1560
741,cg25568243,1561
742,cg10521267,1562
743,cg02008544,1562
744,cg06211871,1563
745,cg00594952,1569
746,cg08394377,1570
747,cg13730534,1572
748,cg02022375,1572
749,cg06885782,1573
750,cg00630164,1574
751,cg22748573,1577
752,cg10705800,1578
753,cg15043057,1579
754,cg02668729,1580
755,cg05646865,1582
756,cg22005565,1583
757,cg14550007,1584
758,cg03387723,1585
759,cg27238470,1589
760,cg16685388,1600
761,cg23762517,1601
762,cg02066681,1606
763,cg02077702,1611
764,cg02077793,1612
765,cg06003187,1612
766,cg14455487,1614
767,cg01990334,1615
768,cg13199589,1616
769,cg16534233,1617
770,cg06346081,1619
771,cg02092466,1620
772,cg02150709,1621
773,cg00650876,1622
774,cg11172423,1623
775,cg19044674,1626
776,cg27657283,1627
777,cg02101486,1629
778,cg17330200,1630
779,cg01782487,1631
780,cg19101893,1632
781,cg00410895,1633
782,cg10040059,1635
783,cg02110963,1636
784,cg02117021,1640
785,cg20345840,1641
786,cg06792911,1642
787,cg03574115,1644
788,cg02121943,1644
789,cg16725097,1645
790,cg13342625,1646
791,cg04355435,1648
792,cg06948408,1649
793,cg09988116,1650
794,cg19337279,1654
795,cg01651593,1656
796,cg03793131,1657
797,cg16858125,1658
798,cg10548277,1659
799,cg05663262,1660
800,cg16570917,1661
801,cg13233799,1662
802,cg10968649,1668
803,cg09903430,1670
804,cg02361363,1671
805,cg22930187,1675
806,cg06207804,1676
807,cg25047378,1679
808,cg25955969,1682
809,cg12079362,1683
810,cg19903333,1684
811,cg15379237,1685
812,cg04323187,1686
813,cg20975478,1687
814,cg18937321,1689
815,cg08679985,1690
816,cg18202456,1691
817,cg15990015,1694
818,cg23451311,1695
819,cg01267315,1701
820,cg02196655,1704
821,cg02198044,1708
822,cg02200132,1710
823,cg04118154,1712
824,cg02890926,1713
825,cg02210123,1715
826,cg03907454,1716
827,cg06922130,1717
828,cg13044223,1718
829,cg07550267,1719
830,cg02218214,1724
831,cg09799156,1725
832,cg00904574,1727
833,cg27287808,1728
834,cg02227605,1732
835,cg15329642,1737
836,cg02235880,1738
837,cg03229887,1740
838,cg16604218,1742
839,cg22920538,1743
840,cg16613192,1744
841,cg26781150,1746
842,cg10164640,1747
843,cg10797195,1748
844,cg06623268,1749
845,cg09360654,1750
846,cg25827112,1752
847,cg00609097,1753
848,cg21319693,1754
849,cg02631906,1755
850,cg11323731,1758
851,cg12477012,1759
852,cg09893068,1760
853,cg16907488,1761
854,cg02254649,1761
855,cg21942576,1762
856,cg17533684,1763
857,cg15076218,1764
858,cg04975920,1766
859,cg04036898,1768
860,cg17079378,1771
861,cg21576698,1774
862,cg09747578,1775
863,cg26601286,1776
864,cg15305343,1777
865,cg12671744,1778
866,cg09914444,1788
867,cg08032971,1789
868,cg26660631,1792
869,cg19987219,1793
870,cg15445332,1794
871,cg00128877,1795
872,cg03409548,1796
873,cg23786576,1797
874,cg02301754,1798
875,cg06240849,1799
876,cg23440155,1800
877,cg23414387,1801
878,cg16689634,1804
879,cg15187606,1810
880,cg02314308,1812
881,cg00875272,1812
882,cg19797376,1813
883,cg24903376,1814
884,cg06101225,1815
885,cg18885999,1816
886,cg20623943,1817
887,cg18983672,1818
888,cg02320454,1818
889,cg18815943,1820
890,cg14106085,1832
891,cg02344201,1837
892,cg09704415,1843
893,cg04141379,1844
894,cg06744574,1846
895,cg03038003,1847
896,cg02377083,1858
897,cg26227005,1858
898,cg18242139,1859
899,cg01145389,1876
900,cg02404636,1877
901,cg05923103,1879
902,cg24808674,1880
903,cg10089324,1886
904,cg14407667,1887
905,cg16299341,1890
906,cg10482750,1891
907,cg22429822,1892
908,cg12688215,1893
909,cg02441831,1894
910,cg19894943,1894
911,cg04349311,1896
912,cg15683488,1897
913,cg08613513,1899
914,cg02917972,1901
915,cg07347137,1902
916,cg22129364,1905
917,cg16557944,1906
918,cg22284302,1907
919,cg02475653,1908
920,cg14261309,1908
921,cg13461509,1916
922,cg27535305,1918
923,cg16028753,1920
924,cg19196684,1923
925,cg02499249,1924
926,cg01100796,1925
927,cg10321208,1926
928,cg21849289,1928
929,cg11841758,1929
930,cg02502132,1932
931,cg17095731,1934
932,cg02512226,1937
933,cg24845207,1938
934,cg17736259,1939
935,cg06941093,1945
936,cg25637824,1947
937,cg23780947,1948
938,cg23061257,1949
939,cg13262752,1950
940,cg03886898,1951
941,cg19526600,1952
942,cg19400876,1953
943,cg05341670,1955
944,cg10362426,1956
945,cg04853151,1959
946,cg22813220,1960
947,cg01182697,1961
948,cg20793071,1962
949,cg26185508,1966
950,cg02239021,1968
951,cg19019972,1969
952,cg16632891,1979
953,cg10266490,1981
954,cg24051818,1983
955,cg02255609,1986
956,cg10322308,1987
957,cg18014844,1988
958,cg02582754,1990
959,cg24697184,1994
960,cg22130834,1995
961,cg03557698,1996
962,cg10073091,1997
963,cg25536676,1998
964,cg02008416,2000
965,cg25957967,2005
966,cg13191808,2006
967,cg02611282,2015
968,cg06334284,2017
969,cg06836772,2018
970,cg05494069,2019
971,cg16648841,2021
972,cg10620457,2022
973,cg00848728,2023
974,cg06710648,2024
975,cg19840532,2026
976,cg16080552,2031
977,cg27398499,2033
978,cg24946133,2037
979,cg01909487,2038
980,cg17393296,2048
981,cg02643667,2048
982,cg02647265,2051
983,cg03897136,2052
984,cg07248310,2053
985,cg09851465,2054
986,cg02655623,2055
987,cg20289988,2065
988,cg10069638,2066
989,cg10139846,2071
990,cg10316635,2072
991,cg14850026,2074
992,cg00625425,2079
993,cg16235860,2080
994,cg21409833,2082
995,cg02702510,2084
996,cg15462232,2085
997,cg22815110,2086
998,cg02706881,2088
999,cg21877855,2089
1000,cg18464559,2090
1001,cg25013852,2092
1002,cg15364303,2095
1003,cg27303880,2096
1004,cg26317111,2101
1005,cg10753073,2102
1006,cg19304410,2105
1007,cg20876010,2106
1008,cg15997411,2111
1009,cg10482024,2117
1010,cg20802051,2118
1011,cg09082287,2121
1012,cg13446852,2125
1013,cg26832142,2132
1014,cg17819635,2139
1015,cg04979933,2143
1016,cg02775617,2144
1017,cg08983259,2144
1018,cg23744433,2145
1019,cg02776251,2145
1020,cg02780849,2147
1021,cg14206730,2148
1022,cg06894381,2149
1023,cg01356829,2151
1024,cg27416067,2152
1025,cg02786378,2153
1026,cg27462969,2155
1027,cg07000785,2156
1028,cg04718306,2157
1029,cg18795395,2159
1030,cg26764244,2164
1031,cg03641225,2166
1032,cg22901840,2168
1033,cg13697378,2170
1034,cg09118625,2172
1035,cg21808053,2173
1036,cg02317907,2174
1037,cg19114595,2175
1038,cg05392265,2177
1039,cg06191076,2178
1040,cg16148270,2179
1041,cg04447890,2184
1042,cg26555310,2186
1043,cg02831393,2187
1044,cg11724759,2187
1045,cg16598810,2188
1046,cg08413469,2189
1047,cg10576828,2190
1048,cg11201288,2191
1049,cg02809263,2192
1050,cg16666456,2193
1051,cg09735905,2194
1052,cg02841886,2194
1053,cg15128849,2195
1054,cg02917772,2197
1055,cg21452766,2198
1056,cg15201877,2202
1057,cg12739034,2204
1058,cg04645342,2205
1059,cg01425670,2206
1060,cg02860543,2207
1061,cg26752657,2210
1062,cg27336379,2224
1063,cg27478651,2225
1064,cg09458394,2227
1065,cg02882813,2228
1066,cg21438018,2228
1067,cg22035229,2229
1068,cg26363196,2231
1069,cg02885771,2231
1070,cg02888247,2234
1071,cg06201642,2236
1072,cg18299211,2238
1073,cg25604883,2239
1074,cg26466094,2240
1075,cg24762437,2243
1076,cg24947394,2244
1077,cg02905245,2244
1078,cg23855566,2245
1079,cg25470175,2246
1080,cg02906939,2247
1081,cg02910574,2250
1082,cg08707063,2250
1083,cg21968580,2251
1084,cg09107315,2253
1085,cg24496666,2254
1086,cg02915261,2254
1087,cg03495868,2255
1088,cg02917064,2257
1089,cg17980508,2261
1090,cg07107453,2265
1091,cg02932689,2271
1092,cg02936263,2272
1093,cg17870792,2274
1094,cg02936872,2275
1095,cg03098721,2279
1096,cg17237813,2280
1097,cg02941816,2281
1098,cg06628693,2281
1099,cg23698058,2282
1100,cg14378480,2287
1101,cg03622431,2288
1102,cg00810495,2289
1103,cg02949544,2290
1104,cg02955504,2291
1105,cg24995240,2291
1106,cg23441167,2292
1107,cg08380539,2293
1108,cg24686542,2296
1109,cg23142964,2297
1110,cg24574111,2298
1111,cg06501070,2299
1112,cg02972551,2302
1113,cg10515956,2303
1114,cg14254380,2304
1115,cg03848145,2306
1116,cg02975142,2306
1117,cg05654164,2308
1118,cg05475904,2309
1119,cg23665568,2311
1120,cg21589280,2314
1121,cg14322224,2315
1122,cg04453065,2317
1123,cg13693652,2322
1124,cg22181664,2323
1125,cg16116363,2326
1126,cg17455591,2328
1127,cg19976011,2329
1128,cg14540297,2332
1129,cg25428451,2333
1130,cg10042178,2336
1131,cg16228804,2338
1132,cg02558133,2339
1133,cg04270788,2340
1134,cg02705666,2341
1135,cg05946081,2342
1136,cg23540651,2343
1137,cg24959428,2345
1138,cg15422784,2346
1139,cg03016571,2346
1140,cg09099022,2347
1141,cg06641366,2348
1142,cg21401794,2349
1143,cg11208880,2350
1144,cg03029145,2357
1145,cg03032025,2359
1146,cg06384463,2361
1147,cg17241310,2363
1148,cg03863149,2377
1149,cg08552999,2378
1150,cg05027081,2381
1151,cg23845507,2382
1152,cg18127191,2383
1153,cg03070588,2385
1154,cg16382382,2389
1155,cg00563926,2390
1156,cg14732540,2392
1157,cg00307685,2393
1158,cg13984181,2396
1159,cg03082060,2397
1160,cg16725865,2398
1161,cg03098643,2407
1162,cg03100040,2410
1163,cg20125091,2414
1164,cg03102516,2415
1165,cg03109066,2420
1166,cg10989326,2420
1167,cg07054788,2421
1168,cg11189434,2422
1169,cg03112433,2423
1170,cg14474880,2425
1171,cg26054395,2426
1172,cg07387450,2427
1173,cg05684015,2430
1174,cg03117949,2431
1175,cg18060199,2433
1176,cg11208235,2434
1177,cg03127334,2435
1178,cg16833230,2439
1179,cg14860494,2440
1180,cg22663080,2441
1181,cg04592706,2444
1182,cg12869058,2445
1183,cg26229607,2448
1184,cg03147542,2450
1185,cg24215727,2451
1186,cg09869791,2452
1187,cg03148461,2452
1188,cg01185754,2453
1189,cg03149130,2453
1190,cg03460527,2454
1191,cg22424108,2459
1192,cg03159329,2460
1193,cg20059151,2460
1194,cg02718725,2463
1195,cg08721347,2465
1196,cg16540768,2467
1197,cg19514928,2468
1198,cg03163246,2468
1199,cg03166779,2471
1200,cg04185893,2472
1201,cg08462292,2473
1202,cg06347996,2475
1203,cg13482485,2480
1204,cg05596294,2484
1205,cg26164310,2485
1206,cg00729875,2486
1207,cg03190825,2486
1208,cg14453641,2489
1209,cg24794734,2490
1210,cg06426831,2492
1211,cg03201604,2492
1212,cg09338170,2493
1213,cg02161046,2494
1214,cg26091119,2495
1215,cg17398283,2496
1216,cg23106864,2497
1217,cg26117431,2498
1218,cg03214212,2499
1219,cg26339797,2499
1220,cg23062876,2500
1221,cg04743063,2501
1222,cg14766198,2503
1223,cg10298815,2505
1224,cg07739803,2506
1225,cg20401181,2507
1226,cg05612904,2510
1227,cg19038540,2513
1228,cg20166532,2514
1229,cg12884406,2519
1230,cg26256793,2520
1231,cg13908518,2523
1232,cg23707905,2524
1233,cg26145228,2525
1234,cg02361557,2526
1235,cg19918758,2530
1236,cg03264414,2534
1237,cg09214920,2535
1238,cg03266904,2536
1239,cg08460435,2537
1240,cg03271651,2540
1241,cg00328227,2540
1242,cg22949637,2541
1243,cg00712898,2542
1244,cg03301801,2543
1245,cg11481351,2544
1246,cg11666924,2545
1247,cg26357241,2546
1248,cg08253405,2547
1249,cg01969748,2548
1250,cg15991288,2550
1251,cg19695867,2551
1252,cg15753381,2552
1253,cg26045220,2553
1254,cg16797831,2554
1255,cg13619408,2555
1256,cg16345880,2556
1257,cg27014642,2558
1258,cg23706211,2559
1259,cg27339143,2562
1260,cg06752594,2563
1261,cg02175308,2566
1262,cg03302287,2567
1263,cg23637943,2568
1264,cg11286163,2569
1265,cg17034109,2571
1266,cg00630249,2572
1267,cg00521434,2574
1268,cg23749046,2575
1269,cg13878641,2576
1270,cg06956273,2578
1271,cg14254419,2579
1272,cg20885089,2580
1273,cg11903880,2584
1274,cg15955341,2585
1275,cg03070194,2588
1276,cg03332970,2590
1277,cg03336167,2591
1278,cg00515905,2593
1279,cg00491404,2594
1280,cg03343942,2595
1281,cg24326142,2597
1282,cg12020639,2602
1283,cg04310489,2603
1284,cg03364781,2608
1285,cg08719081,2608
1286,cg16893614,2609
1287,cg10241097,2610
1288,cg24346637,2611
1289,cg03366896,2613
1290,cg03152785,2615
1291,cg05675373,2616
1292,cg03373080,2619
1293,cg25416363,2621
1294,cg05368942,2622
1295,cg20097268,2627
1296,cg14198172,2628
1297,cg18434152,2630
1298,cg07830847,2631
1299,cg12604192,2632
1300,cg16773028,2634
1301,cg03483626,2644
1302,cg00995520,2645
1303,cg10516886,2649
1304,cg22325572,2650
1305,cg03410718,2651
1306,cg03415518,2654
1307,cg23874078,2654
1308,cg22780428,2655
1309,cg00619207,2659
1310,cg26366091,2665
1311,cg10045881,2666
1312,cg04763192,2668
1313,cg09558502,2670
1314,cg03439805,2670
1315,cg22997415,2671
1316,cg12955127,2672
1317,cg11735358,2673
1318,cg10500716,2674
1319,cg02947253,2677
1320,cg25674286,2678
1321,cg07597871,2683
1322,cg27284019,2684
1323,cg04208151,2685
1324,cg00160914,2686
1325,cg09276363,2688
1326,cg22957381,2689
1327,cg10841258,2690
1328,cg03469082,2691
1329,cg20648108,2692
1330,cg04057053,2693
1331,cg07003563,2695
1332,cg01183669,2696
1333,cg05807768,2698
1334,cg04564646,2700
1335,cg12687922,2705
1336,cg04828892,2706
1337,cg23746359,2707
1338,cg10834677,2708
1339,cg03494005,2711
1340,cg08491025,2713
1341,cg26091510,2715
1342,cg20758803,2717
1343,cg16769442,2718
1344,cg01580044,2719
1345,cg21539243,2720
1346,cg13958304,2721
1347,cg23078294,2722
1348,cg00916635,2723
1349,cg03513163,2724
1350,cg14385738,2724
1351,cg01883521,2732
1352,cg20618842,2733
1353,cg17253459,2734
1354,cg05368341,2737
1355,cg22646710,2738
1356,cg20932765,2742
1357,cg19234509,2743
1358,cg23018891,2744
1359,cg23523368,2745
1360,cg15740508,2746
1361,cg08166982,2747
1362,cg19432434,2749
1363,cg17696091,2751
1364,cg18087477,2752
1365,cg09058542,2754
1366,cg03614513,2756
1367,cg21184174,2762
1368,cg00819310,2765
1369,cg08157638,2766
1370,cg05190718,2768
1371,cg18942631,2769
1372,cg09440340,2772
1373,cg09580336,2775
1374,cg14841875,2776
1375,cg03573747,2779
1376,cg21039631,2779
1377,cg11160820,2780
1378,cg12205047,2781
1379,cg08361238,2784
1380,cg03580876,2784
1381,cg03582451,2785
1382,cg03752628,2785
1383,cg23953831,2787
1384,cg08920071,2788
1385,cg12641660,2789
1386,cg13221588,2790
1387,cg03591238,2792
1388,cg19120746,2793
1389,cg22424746,2795
1390,cg27446185,2797
1391,cg18389062,2798
1392,cg23828212,2799
1393,cg03600687,2799
1394,cg01152499,2800
1395,cg14545899,2801
1396,cg14915165,2804
1397,cg11320143,2805
1398,cg09497789,2807
1399,cg03611555,2807
1400,cg03642518,2833
1401,cg03648823,2836
1402,cg05257479,2837
1403,cg03657766,2838
1404,cg04087608,2839
1405,cg16175792,2840
1406,cg07090813,2844
1407,cg26791905,2845
1408,cg22718139,2849
1409,cg03667047,2849
1410,cg10212621,2850
1411,cg00808492,2852
1412,cg23131777,2854
1413,cg03680758,2855
1414,cg23326301,2857
1415,cg21047206,2858
1416,cg10321723,2863
1417,cg13019092,2864
1418,cg12832565,2865
1419,cg08614201,2867
1420,cg22262549,2869
1421,cg02245418,2870
1422,cg11246695,2872
1423,cg07015079,2873
1424,cg10823926,2874
1425,cg04126335,2875
1426,cg17938146,2876
1427,cg03085637,2877
1428,cg06804431,2878
1429,cg15611923,2881
1430,cg03418289,2882
1431,cg21332946,2883
1432,cg07036775,2887
1433,cg19413110,2888
1434,cg03724463,2890
1435,cg19389852,2892
1436,cg03732295,2894
1437,cg07136254,2894
1438,cg14367344,2900
1439,cg22857957,2901
1440,cg11120551,2902
1441,cg16525692,2903
1442,cg27244432,2907
1443,cg02173484,2909
1444,cg08307963,2910
1445,cg03764161,2920
1446,cg11935147,2926
1447,cg03086563,2932
1448,cg08908355,2933
1449,cg24070847,2934
1450,cg08934443,2935
1451,cg07807709,2936
1452,cg06605933,2938
1453,cg09980622,2939
1454,cg01705587,2941
1455,cg21363943,2942
1456,cg24620905,2944
1457,cg00941229,2945
1458,cg09065135,2946
1459,cg01385430,2947
1460,cg12072973,2950
1461,cg13841804,2953
1462,cg00476580,2954
1463,cg10549188,2955
1464,cg16501235,2959
1465,cg21715963,2960
1466,cg09563216,2962
1467,cg03807314,2963
1468,cg18031008,2963
1469,cg08749122,2964
1470,cg11512771,2965
1471,cg09622957,2968
1472,cg04863713,2969
1473,cg01139966,2977
1474,cg20767356,2978
1475,cg20802392,2979
1476,cg11946165,2981
1477,cg17942553,2983
1478,cg12082615,2984
1479,cg17918089,2985
1480,cg03835296,2986
1481,cg03837750,2988
1482,cg04082985,2988
1483,cg03841029,2991
1484,cg07337598,2991
1485,cg20437604,2992
1486,cg07495664,2996
1487,cg06433658,2997
1488,cg19744131,2998
1489,cg04275985,2999
1490,cg11584936,3000
1491,cg03849074,3000
1492,cg26288160,3001
1493,cg18660898,3003
1494,cg07139440,3004
1495,cg03853987,3004
1496,cg00224508,3005
1497,cg17002259,3006
1498,cg10124491,3007
1499,cg11411707,3008
1500,cg03856786,3008
1501,cg01958916,3011
1502,cg17720233,3012
1503,cg23612220,3013
1504,cg24262376,3015
1505,cg15827295,3020
1506,cg03718677,3021
1507,cg07634204,3024
1508,cg03875195,3024
1509,cg07668036,3026
1510,cg08927489,3027
1511,cg15691841,3028
1512,cg06585027,3030
1513,cg00123035,3032
1514,cg04900486,3033
1515,cg18515587,3034
1516,cg19703628,3035
1517,cg22736107,3036
1518,cg12647320,3037
1519,cg03890877,3039
1520,cg03011500,3039
1521,cg10545682,3041
1522,cg12729048,3042
1523,cg00368415,3044
1524,cg13625205,3045
1525,cg26050734,3046
1526,cg26093148,3047
1527,cg14269514,3051
1528,cg23864823,3052
1529,cg25112191,3055
1530,cg18149207,3057
1531,cg18081104,3061
1532,cg07874520,3062
1533,cg03940966,3064
1534,cg07017477,3065
1535,cg10795646,3067
1536,cg12052258,3069
1537,cg10673431,3070
1538,cg13447818,3073
1539,cg19370451,3074
1540,cg03940103,3074
1541,cg16713808,3075
1542,cg05248781,3076
1543,cg11750883,3077
1544,cg12588301,3078
1545,cg20676475,3080
1546,cg26135325,3081
1547,cg26466858,3082
1548,cg21312148,3083
1549,cg13697387,3085
1550,cg03954150,3086
1551,cg21846488,3088
1552,cg03958344,3089
1553,cg17542385,3089
1554,cg24304714,3092
1555,cg21434954,3093
1556,cg08878744,3094
1557,cg21948655,3095
1558,cg09542291,3096
1559,cg25082710,3097
1560,cg05440289,3099
1561,cg06101324,3102
1562,cg04505023,3103
1563,cg04138756,3104
1564,cg25856811,3105
1565,cg14826683,3106
1566,cg27626424,3112
1567,cg03986640,3112
1568,cg09448880,3113
1569,cg06275635,3114
1570,cg03165378,3119
1571,cg02813121,3124
1572,cg24898863,3129
1573,cg04005032,3130
1574,cg09413557,3137
1575,cg00419564,3138
1576,cg04009666,3138
1577,cg17250929,3141
1578,cg08823182,3142
1579,cg26894575,3143
1580,cg04020816,3143
1581,cg24691453,3144
1582,cg07426848,3146
1583,cg06615154,3148
1584,cg13997435,3150
1585,cg04033650,3151
1586,cg23499956,3154
1587,cg25433648,3155
1588,cg20847746,3159
1589,cg14467840,3160
1590,cg14188111,3162
1591,cg07576541,3163
1592,cg10272885,3164
1593,cg13216303,3165
1594,cg07688613,3167
1595,cg15371509,3168
1596,cg21279955,3172
1597,cg23376526,3173
1598,cg01402255,3176
1599,cg19490266,3181
1600,cg06324094,3182
1601,cg25667202,3185
1602,cg20859470,3186
1603,cg24490338,3190
1604,cg12205230,3192
1605,cg12402495,3193
1606,cg16491909,3194
1607,cg01628253,3195
1608,cg20713492,3197
1609,cg21379008,3199
1610,cg08190044,3200
1611,cg04095468,3200
1612,cg25853020,3204
1613,cg04101379,3205
1614,cg08008562,3213
1615,cg09311052,3214
1616,cg21052164,3215
1617,cg00818872,3216
1618,cg10409799,3217
1619,cg11902458,3218
1620,cg10946435,3219
1621,cg20977411,3222
1622,cg04361527,3223
1623,cg25816468,3224
1624,cg10892866,3226
1625,cg01277844,3227
1626,cg00915289,3232
1627,cg17891149,3233
1628,cg04136480,3234
1629,cg17608500,3234
1630,cg01366407,3235
1631,cg04137128,3237
1632,cg23154272,3238
1633,cg01782486,3240
1634,cg25412453,3241
1635,cg15694180,3243
1636,cg03379131,3244
1637,cg14605134,3245
1638,cg17582777,3247
1639,cg05813084,3248
1640,cg08250444,3250
1641,cg03231024,3251
1642,cg04172348,3254
1643,cg20495040,3254
1644,cg15804118,3257
1645,cg04180460,3257
1646,cg21038964,3258
1647,cg26233468,3259
1648,cg07399355,3264
1649,cg04187545,3265
1650,cg17257175,3265
1651,cg12543649,3267
1652,cg25912717,3268
1653,cg06237414,3269
1654,cg17319849,3271
1655,cg22939715,3272
1656,cg24034289,3273
1657,cg01745448,3274
1658,cg14550101,3276
1659,cg02280309,3279
1660,cg15470750,3280
1661,cg12489819,3281
1662,cg22234962,3282
1663,cg11503744,3285
1664,cg23060239,3286
1665,cg17038116,3288
1666,cg18528640,3289
1667,cg27114086,3290
1668,cg25446086,3291
1669,cg08256691,3293
1670,cg05321960,3294
1671,cg08403419,3297
1672,cg08525145,3298
1673,cg20375554,3301
1674,cg23320056,3302
1675,cg06251129,3306
1676,cg06821274,3307
1677,cg22796458,3308
1678,cg17921310,3309
1679,cg24502084,3310
1680,cg09243900,3312
1681,cg19580810,3313
1682,cg04317543,3318
1683,cg14171523,3327
1684,cg24008892,3330
1685,cg27165888,3331
1686,cg04293726,3332
1687,cg13282594,3333
1688,cg04356968,3336
1689,cg06882877,3337
1690,cg10046892,3338
1691,cg04304130,3339
1692,cg01646665,3341
1693,cg14500718,3342
1694,cg08763433,3343
1695,cg22377142,3348
1696,cg24042452,3349
1697,cg18993334,3350
1698,cg18388972,3351
1699,cg17727529,3357
1700,cg04325632,3358
1701,cg03989569,3364
1702,cg12262564,3366
1703,cg12124478,3367
1704,cg09822001,3369
1705,cg16168311,3370
1706,cg14277848,3371
1707,cg02609880,3374
1708,cg21475402,3376
1709,cg21838334,3382
1710,cg12356261,3383
1711,cg03734660,3384
1712,cg27493997,3385
1713,cg16728114,3387
1714,cg23881601,3388
1715,cg04368877,3388
1716,cg25371088,3390
1717,cg25503559,3391
1718,cg04376617,3393
1719,cg12421458,3394
1720,cg06106793,3396
1721,cg15503799,3397
1722,cg00626119,3398
1723,cg25827666,3399
1724,cg04384398,3400
1725,cg12499211,3402
1726,cg02049180,3404
1727,cg12995941,3405
1728,cg04394967,3406
1729,cg03955296,3413
1730,cg05909475,3414
1731,cg04405541,3414
1732,cg25259754,3418
1733,cg08786003,3420
1734,cg09340639,3422
1735,cg01637734,3424
1736,cg11139878,3425
1737,cg26870566,3429
1738,cg04422896,3430
1739,cg26928603,3430
1740,cg13765621,3433
1741,cg04431054,3435
1742,cg07950803,3436
1743,cg15952487,3440
1744,cg04435420,3440
1745,cg04574507,3441
1746,cg09478478,3442
1747,cg04437590,3442
1748,cg12200412,3443
1749,cg25119415,3456
1750,cg11003133,3461
1751,cg10636246,3462
1752,cg08654655,3465
1753,cg10544564,3466
1754,cg23507131,3468
1755,cg18552413,3469
1756,cg14696870,3470
1757,cg15700197,3471
1758,cg25076881,3472
1759,cg08474603,3475
1760,cg10663017,3476
1761,cg04275881,3481
1762,cg04466870,3481
1763,cg18084791,3482
1764,cg04473302,3484
1765,cg09451092,3489
1766,cg02849695,3490
1767,cg08661227,3496
1768,cg06992027,3497
1769,cg17720231,3499
1770,cg09737668,3500
1771,cg18913171,3501
1772,cg04197051,3502
1773,cg23004625,3503
1774,cg05101920,3504
1775,cg20066612,3506
1776,cg08665772,3507
1777,cg02032115,3510
1778,cg06517798,3513
1779,cg09547777,3515
1780,cg00327483,3516
1781,cg07566050,3517
1782,cg04513728,3517
1783,cg18177682,3518
1784,cg01429181,3520
1785,cg08284180,3521
1786,cg12701576,3522
1787,cg14964658,3523
1788,cg00689010,3525
1789,cg27497900,3526
1790,cg04520084,3526
1791,cg17993772,3527
1792,cg08247612,3528
1793,cg12529228,3529
1794,cg04531710,3534
1795,cg20535085,3535
1796,cg18881723,3536
1797,cg13311440,3538
1798,cg11721194,3541
1799,cg01367992,3544
1800,cg04542938,3546
1801,cg04545516,3548
1802,cg10106388,3548
1803,cg11939496,3549
1804,cg21476940,3551
1805,cg04551925,3552
1806,cg18641937,3554
1807,cg04556854,3556
1808,cg00446235,3556
1809,cg07883333,3558
1810,cg04559909,3559
1811,cg06823263,3559
1812,cg06034822,3560
1813,cg01774645,3561
1814,cg22585988,3564
1815,cg00756887,3565
1816,cg04567315,3565
1817,cg13298382,3568
1818,cg05650171,3570
1819,cg04991214,3571
1820,cg01801174,3574
1821,cg26486702,3576
1822,cg04583874,3577
1823,cg20803370,3577
1824,cg00397740,3578
1825,cg23082632,3579
1826,cg03522910,3580
1827,cg07354440,3581
1828,cg17166812,3582
1829,cg14448116,3583
1830,cg05659526,3588
1831,cg13853198,3590
1832,cg04600618,3592
1833,cg01053621,3592
1834,cg27433062,3593
1835,cg24592207,3594
1836,cg02525396,3595
1837,cg25214346,3596
1838,cg04605667,3596
1839,cg06277277,3597
1840,cg04612566,3598
1841,cg11221265,3599
1842,cg27470554,3601
1843,cg24192663,3602
1844,cg04619854,3605
1845,cg26015133,3608
1846,cg27495845,3609
1847,cg23779106,3610
1848,cg26591879,3611
1849,cg07924819,3612
1850,cg20172280,3614
1851,cg19130550,3615
1852,cg17096191,3616
1853,cg06473539,3617
1854,cg04644624,3619
1855,cg14701962,3620
1856,cg26379475,3621
1857,cg12274567,3622
1858,cg19451466,3624
1859,cg27409012,3625
1860,cg15103675,3626
1861,cg17496788,3628
1862,cg22740835,3629
1863,cg07774025,3630
1864,cg09501516,3632
1865,cg04663487,3633
1866,cg10604646,3633
1867,cg16604136,3635
1868,cg04668164,3635
1869,cg15778350,3636
1870,cg00532890,3637
1871,cg24489237,3638
1872,cg04678793,3640
1873,cg24650501,3647
1874,cg07686479,3648
1875,cg04689061,3649
1876,cg10364513,3649
1877,cg08623787,3650
1878,cg27477594,3653
1879,cg22165507,3654
1880,cg08343943,3655
1881,cg04700925,3656
1882,cg11373746,3656
1883,cg18964732,3657
1884,cg15781625,3658
1885,cg04705866,3659
1886,cg03036064,3659
1887,cg04711050,3662
1888,cg04711324,3663
1889,cg24272559,3664
1890,cg14256814,3665
1891,cg26079320,3666
1892,cg09527021,3667
1893,cg15965055,3672
1894,cg18894878,3673
1895,cg04720330,3673
1896,cg13249256,3674
1897,cg06665322,3675
1898,cg21182322,3681
1899,cg09554443,3687
1900,cg12336540,3691
1901,cg18596794,3693
1902,cg04739570,3694
1903,cg03001647,3695
1904,cg06933072,3699
1905,cg04743872,3700
1906,cg08205865,3700
1907,cg08151281,3702
1908,cg07684150,3703
1909,cg25219134,3704
1910,cg04748704,3706
1911,cg04736140,3706
1912,cg24769045,3707
1913,cg04752565,3709
1914,cg17095936,3709
1915,cg26220985,3710
1916,cg04754011,3710
1917,cg10835876,3711
1918,cg16959606,3712
1919,cg08785155,3713
1920,cg14287742,3716
1921,cg24407065,3717
1922,cg26628634,3718
1923,cg04762213,3718
1924,cg16121444,3719
1925,cg08047907,3724
1926,cg04775502,3726
1927,cg13912204,3730
1928,cg09891761,3731
1929,cg25256723,3732
1930,cg01459453,3734
1931,cg09060914,3735
1932,cg04785461,3735
1933,cg19853494,3737
1934,cg09784259,3738
1935,cg04790874,3738
1936,cg26023751,3739
1937,cg16404689,3740
1938,cg23051655,3741
1939,cg23258063,3742
1940,cg22068764,3745
1941,cg25778166,3750
1942,cg18063149,3751
1943,cg15514848,3752
1944,cg21183846,3753
1945,cg04393897,3754
1946,cg11594415,3755
1947,cg22077553,3756
1948,cg01653110,3758
1949,cg23391785,3761
1950,cg11584111,3765
1951,cg04826422,3766
1952,cg20525378,3767
1953,cg10161121,3772
1954,cg00071250,3774
1955,cg04836428,3775
1956,cg19589427,3780
1957,cg16517394,3782
1958,cg10861599,3783
1959,cg24420778,3784
1960,cg15883716,3787
1961,cg04853958,3787
1962,cg04446579,3788
1963,cg24241455,3789
1964,cg11905617,3790
1965,cg25372135,3791
1966,cg04870470,3797
1967,cg06189265,3797
1968,cg10578779,3798
1969,cg01770400,3799
1970,cg14047008,3800
1971,cg18504532,3803
1972,cg16743289,3811
1973,cg25335775,3812
1974,cg21076470,3813
1975,cg04894993,3814
1976,cg01095590,3817
1977,cg11908570,3818
1978,cg10994126,3824
1979,cg14659404,3826
1980,cg23492043,3827
1981,cg13843613,3828
1982,cg13589108,3829
1983,cg16962970,3835
1984,cg25461905,3839
1985,cg11832543,3840
1986,cg19399532,3841
1987,cg10559803,3844
1988,cg08643928,3845
1989,cg07044282,3846
1990,cg04951204,3846
1991,cg01426743,3848
1992,cg12629244,3849
1993,cg27403822,3851
1994,cg02709261,3852
1995,cg04691540,3854
1996,cg04964702,3855
1997,cg02275294,3855
1998,cg12118011,3856
1999,cg04970352,3860
2000,cg12277666,3860
2001,cg09656934,3861
2002,cg05421688,3862
2003,cg13449778,3863
2004,cg07761912,3870
2005,cg18792584,3871
2006,cg03115649,3872
2007,cg25478157,3874
2008,cg08812504,3877
2009,cg08755040,3878
2010,cg25680829,3880
2011,cg22126266,3881
2012,cg26750139,3885
2013,cg00223186,3886
2014,cg08638395,3887
2015,cg16394138,3888
2016,cg01040850,3892
2017,cg13228642,3895
2018,cg05028467,3901
2019,cg17892328,3902
2020,cg01419479,3903
2021,cg26135716,3904
2022,cg20492121,3905
2023,cg15756091,3906
2024,cg01939443,3907
2025,cg16478792,3908
2026,cg16891895,3909
2027,cg17124700,3913
2028,cg18117393,3914
2029,cg00548060,3915
2030,cg08596642,3916
2031,cg05055720,3917
2032,cg19572947,3917
2033,cg07928641,3920
2034,cg00208830,3923
2035,cg23696949,3924
2036,cg00707317,3928
2037,cg10202457,3929
2038,cg02105034,3930
2039,cg01579216,3934
2040,cg27155653,3935
2041,cg03125090,3936
2042,cg20579480,3937
2043,cg11505048,3938
2044,cg14313310,3941
2045,cg20271396,3942
2046,cg14773259,3943
2047,cg05135156,3945
2048,cg27167439,3946
2049,cg18772361,3951
2050,cg19921776,3952
2051,cg05103623,3952
2052,cg25182523,3958
2053,cg11320084,3960
2054,cg26542888,3961
2055,cg23335946,3962
2056,cg16280922,3963
2057,cg08358671,3965
2058,cg12626411,3967
2059,cg05130485,3969
2060,cg24577137,3969
2061,cg19155599,3972
2062,cg13986130,3973
2063,cg18335243,3974
2064,cg09461185,3975
2065,cg20315136,3983
2066,cg27062284,3984
2067,cg05157725,3984
2068,cg05576974,3986
2069,cg15235185,3987
2070,cg15361231,3989
2071,cg10704545,3991
2072,cg05163348,3992
2073,cg26793710,3992
2074,cg16608652,3993
2075,cg00725635,3994
2076,cg05164185,3994
2077,cg05168404,3997
2078,cg25840094,3998
2079,cg13650137,3999
2080,cg19350340,4000
2081,cg00321478,4001
2082,cg13463167,4002
2083,cg05189291,4005
2084,cg07214572,4006
2085,cg08008403,4007
2086,cg04223956,4010
2087,cg05200628,4011
2088,cg12958813,4012
2089,cg20406878,4016
2090,cg09255666,4029
2091,cg23915111,4033
2092,cg24485466,4034
2093,cg14085328,4035
2094,cg14175580,4036
2095,cg04983977,4040
2096,cg21870884,4042
2097,cg17733100,4045
2098,cg15250507,4046
2099,cg00095526,4053
2100,cg22815214,4054
2101,cg05257610,4055
2102,cg15304928,4056
2103,cg21431091,4057
2104,cg17983307,4059
2105,cg05666713,4060
2106,cg19570545,4061
2107,cg09009380,4062
2108,cg18330203,4064
2109,cg05275231,4065
2110,cg18692273,4065
2111,cg05275605,4066
2112,cg19713196,4066
2113,cg25947945,4067
2114,cg12114524,4068
2115,cg11688469,4069
2116,cg05284582,4071
2117,cg20771670,4073
2118,cg13645078,4074
2119,cg00540544,4078
2120,cg17780098,4079
2121,cg25167447,4088
2122,cg05313261,4093
2123,cg14920846,4094
2124,cg23687186,4105
2125,cg17718515,4106
2126,cg00617305,4108
2127,cg09404633,4110
2128,cg09636671,4111
2129,cg15262928,4112
2130,cg19676312,4113
2131,cg01036148,4114
2132,cg23901896,4115
2133,cg12970084,4116
2134,cg22283058,4118
2135,cg02751839,4120
2136,cg05352668,4122
2137,cg27261136,4122
2138,cg06545845,4123
2139,cg18384097,4125
2140,cg23506842,4127
2141,cg01918706,4129
2142,cg15173196,4130
2143,cg10091705,4131
2144,cg26526440,4132
2145,cg22594309,4135
2146,cg00528052,4138
2147,cg14560895,4139
2148,cg24744425,4141
2149,cg19157971,4142
2150,cg04462209,4143
2151,cg12888039,4144
2152,cg25023057,4145
2153,cg20133313,4146
2154,cg18275051,4147
2155,cg19028804,4149
2156,cg01194444,4152
2157,cg13626881,4154
2158,cg23609672,4155
2159,cg18959422,4156
2160,cg03625911,4158
2161,cg07423149,4159
2162,cg10935550,4170
2163,cg05411032,4170
2164,cg24337809,4171
2165,cg03764585,4175
2166,cg05419984,4176
2167,cg05955301,4177
2168,cg17703324,4180
2169,cg05657520,4181
2170,cg19791253,4184
2171,cg22226839,4185
2172,cg10117369,4187
2173,cg05436658,4189
2174,cg12022621,4190
2175,cg04498511,4192
2176,cg04902405,4193
2177,cg09819495,4194
2178,cg06672652,4195
2179,cg01566404,4200
2180,cg05556020,4201
2181,cg05606799,4202
2182,cg17539235,4203
2183,cg20867633,4204
2184,cg24798047,4205
2185,cg05461841,4206
2186,cg27549944,4207
2187,cg05462826,4207
2188,cg21581873,4210
2189,cg05467458,4212
2190,cg16072030,4212
2191,cg05702633,4213
2192,cg05471521,4215
2193,cg12467090,4215
2194,cg10507231,4216
2195,cg05473175,4217
2196,cg05473677,4218
2197,cg18119609,4220
2198,cg04698187,4222
2199,cg05369166,4225
2200,cg22571530,4226
2201,cg03732545,4229
2202,cg17860158,4230
2203,cg11560403,4231
2204,cg14717946,4233
2205,cg05290904,4234
2206,cg08353146,4237
2207,cg14514226,4238
2208,cg05938725,4241
2209,cg07713493,4243
2210,cg06948937,4244
2211,cg15364537,4246
2212,cg21478222,4248
2213,cg26245202,4249
2214,cg11455040,4252
2215,cg09635067,4254
2216,cg11480873,4255
2217,cg14159672,4258
2218,cg14893161,4259
2219,cg04457794,4263
2220,cg21478437,4264
2221,cg05538387,4264
2222,cg05538432,4265
2223,cg18992688,4268
2224,cg22577136,4271
2225,cg05554936,4272
2226,cg17558126,4275
2227,cg10167296,4276
2228,cg19452316,4277
2229,cg24450312,4278
2230,cg08617916,4287
2231,cg02589695,4289
2232,cg05588972,4290
2233,cg05590257,4292
2234,cg10662787,4293
2235,cg16639185,4294
2236,cg09328024,4295
2237,cg03958426,4297
2238,cg17067005,4300
2239,cg12380764,4303
2240,cg05916196,4304
2241,cg01103730,4307
2242,cg23282674,4308
2243,cg06796611,4310
2244,cg06640279,4313
2245,cg17460386,4314
2246,cg02105856,4316
2247,cg20953047,4317
2248,cg05626013,4318
2249,cg01119135,4319
2250,cg15485859,4320
2251,cg03544525,4321
2252,cg22926560,4322
2253,cg05636175,4322
2254,cg05659947,4324
2255,cg11070419,4325
2256,cg17803430,4329
2257,cg06792598,4332
2258,cg01064307,4333
2259,cg05508558,4335
2260,cg00247489,4336
2261,cg16257086,4339
2262,cg23983340,4340
2263,cg11037818,4351
2264,cg05669100,4352
2265,cg11844110,4352
2266,cg03583857,4359
2267,cg27337148,4373
2268,cg05695927,4374
2269,cg03977657,4377
2270,cg01580568,4379
2271,cg08185241,4382
2272,cg04732193,4384
2273,cg10313675,4387
2274,cg03752689,4388
2275,cg23283495,4390
2276,cg23166289,4392
2277,cg02304930,4398
2278,cg09276883,4405
2279,cg15945769,4406
2280,cg22197787,4409
2281,cg21092462,4410
2282,cg10177528,4411
2283,cg25812776,4412
2284,cg00658007,4418
2285,cg19652869,4422
2286,cg17241013,4424
2287,cg14513226,4426
2288,cg02451670,4428
2289,cg03938043,4429
2290,cg16864895,4430
2291,cg11901954,4431
2292,cg05764607,4431
2293,cg05768141,4433
2294,cg23909343,4437
2295,cg25923018,4439
2296,cg25413757,4440
2297,cg05779068,4440
2298,cg17979628,4443
2299,cg22236626,4444
2300,cg23534142,4447
2301,cg05788526,4449
2302,cg01342792,4449
2303,cg21421701,4452
2304,cg06150468,4453
2305,cg05793077,4453
2306,cg20112035,4456
2307,cg06593568,4457
2308,cg03455458,4459
2309,cg05801648,4459
2310,cg17969298,4462
2311,cg14576824,4463
2312,cg15612546,4464
2313,cg05824484,4471
2314,cg16608348,4472
2315,cg20538819,4473
2316,cg09885951,4474
2317,cg08466883,4479
2318,cg15590780,4481
2319,cg27566805,4482
2320,cg03750606,4485
2321,cg07411229,4491
2322,cg18263686,4492
2323,cg01727899,4493
2324,cg17417191,4496
2325,cg16658719,4497
2326,cg26757053,4499
2327,cg16062480,4501
2328,cg24124789,4504
2329,cg08293760,4507
2330,cg12054080,4508
2331,cg21852292,4511
2332,cg01471713,4512
2333,cg23054437,4513
2334,cg05882691,4518
2335,cg04683240,4519
2336,cg05890578,4524
2337,cg05896682,4527
2338,cg22650146,4531
2339,cg23221122,4532
2340,cg20582779,4539
2341,cg20492869,4541
2342,cg02878987,4542
2343,cg11177955,4543
2344,cg26168975,4544
2345,cg22827524,4545
2346,cg05923056,4547
2347,cg10942056,4548
2348,cg05927159,4551
2349,cg05940463,4558
2350,cg27202708,4559
2351,cg05942970,4562
2352,cg01566170,4564
2353,cg05949173,4568
2354,cg05950276,4570
2355,cg20695057,4571
2356,cg16028934,4572
2357,cg20030671,4573
2358,cg17057965,4574
2359,cg00930078,4575
2360,cg05957518,4576
2361,cg17063018,4576
2362,cg26043391,4577
2363,cg03496978,4578
2364,cg05958582,4578
2365,cg05959508,4580
2366,cg23213217,4580
2367,cg03037331,4582
2368,cg01411954,4586
2369,cg22762951,4587
2370,cg04548841,4588
2371,cg05976074,4591
2372,cg00290506,4591
2373,cg12994003,4595
2374,cg14607642,4596
2375,cg15676084,4599
2376,cg05990214,4600
2377,cg05998244,4602
2378,cg07193504,4602
2379,cg14607813,4603
2380,cg24928687,4607
2381,cg06007645,4607
2382,cg03459809,4608
2383,cg06020352,4611
2384,cg01461641,4612
2385,cg15368822,4613
2386,cg10774440,4614
2387,cg12319004,4615
2388,cg06037693,4618
2389,cg20661303,4621
2390,cg15538837,4622
2391,cg18947521,4623
2392,cg15863254,4628
2393,cg14971781,4629
2394,cg18354264,4630
2395,cg15147516,4632
2396,cg12962021,4633
2397,cg06055013,4633
2398,cg17661881,4637
2399,cg06069187,4642
2400,cg16340268,4647
2401,cg01259619,4649
2402,cg06088032,4652
2403,cg05894797,4653
2404,cg21261477,4657
2405,cg24860534,4659
2406,cg26683023,4665
2407,cg00935430,4666
2408,cg00012386,4667
2409,cg11520395,4669
2410,cg20342082,4672
2411,cg06312477,4673
2412,cg06117855,4675
2413,cg01313514,4676
2414,cg16582344,4680
2415,cg06131936,4680
2416,cg00105470,4682
2417,cg14925024,4683
2418,cg08299045,4684
2419,cg09462576,4686
2420,cg21515744,4687
2421,cg06141025,4688
2422,cg22844623,4688
2423,cg19789505,4691
2424,cg06143901,4691
2425,cg19109050,4692
2426,cg21430666,4697
2427,cg06150803,4698
2428,cg06161738,4703
2429,cg06162003,4705
2430,cg06168449,4711
2431,cg06646021,4719
2432,cg17653969,4722
2433,cg01320507,4723
2434,cg23274123,4724
2435,cg13547644,4727
2436,cg20025656,4729
2437,cg15056107,4731
2438,cg18058949,4732
2439,cg06192753,4732
2440,cg06194186,4733
2441,cg05552534,4733
2442,cg15589354,4735
2443,cg18220284,4736
2444,cg04702490,4738
2445,cg06200697,4739
2446,cg13769204,4739
2447,cg06211616,4746
2448,cg06213598,4750
2449,cg06214007,4751
2450,cg06216677,4753
2451,cg19560210,4758
2452,cg01671575,4759
2453,cg17031727,4761
2454,cg22647018,4762
2455,cg19125606,4763
2456,cg06585893,4764
2457,cg10348643,4766
2458,cg02844629,4767
2459,cg20395940,4768
2460,cg10324224,4769
2461,cg00679738,4770
2462,cg16516400,4771
2463,cg06236061,4771
2464,cg06236748,4772
2465,cg07897837,4775
2466,cg04636557,4776
2467,cg15459773,4777
2468,cg24234277,4778
2469,cg23213688,4779
2470,cg18979762,4781
2471,cg16855929,4782
2472,cg16616325,4783
2473,cg18565479,4787
2474,cg06263943,4797
2475,cg10375802,4797
2476,cg04049800,4798
2477,cg02385474,4803
2478,cg13904493,4805
2479,cg14249872,4807
2480,cg11815363,4808
2481,cg25437385,4811
2482,cg06281719,4811
2483,cg03802191,4812
2484,cg05144089,4837
2485,cg06212607,4839
2486,cg23687319,4840
2487,cg18036707,4842
2488,cg00265415,4843
2489,cg03209127,4844
2490,cg09649610,4847
2491,cg12167564,4851
2492,cg22879289,4857
2493,cg16505687,4859
2494,cg16240480,4861
2495,cg09809672,4862
2496,cg16853982,4866
2497,cg06356454,4867
2498,cg21376883,4869
2499,cg07093046,4870
2500,cg06362985,4871
2501,cg19622360,4871
2502,cg11657808,4876
2503,cg03872376,4878
2504,cg03673470,4879
2505,cg21303386,4892
2506,cg24800810,4895
2507,cg06803184,4896
2508,cg06394897,4897
2509,cg17461214,4898
2510,cg15775914,4899
2511,cg07639959,4900
2512,cg20629097,4901
2513,cg01664666,4905
2514,cg12613383,4907
2515,cg18184219,4909
2516,cg11314684,4913
2517,cg22637834,4915
2518,cg02497700,4917
2519,cg23829949,4918
2520,cg06090351,4920
2521,cg24304712,4921
2522,cg15965913,4923
2523,cg15160742,4924
2524,cg22320000,4926
2525,cg09998519,4927
2526,cg06434451,4929
2527,cg06438404,4935
2528,cg14460735,4937
2529,cg20615951,4938
2530,cg15210596,4939
2531,cg20478514,4940
2532,cg01605517,4942
2533,cg00666446,4944
2534,cg23695504,4945
2535,cg01184522,4947
2536,cg06462703,4950
2537,cg26112639,4952
2538,cg21991396,4953
2539,cg13397379,4959
2540,cg18908499,4960
2541,cg05767404,4964
2542,cg07533148,4970
2543,cg27341860,4971
2544,cg20507276,4974
2545,cg06494782,4978
2546,cg16479674,4983
2547,cg27366669,4987
2548,cg06501084,4987
2549,cg27226618,4988
2550,cg06506864,4994
2551,cg16016036,5007
2552,cg10370591,5008
2553,cg12164282,5011
2554,cg14037665,5013
2555,cg06533629,5014
2556,cg06506156,5024
2557,cg06540941,5025
2558,cg03107405,5025
2559,cg12447832,5026
2560,cg15161785,5028
2561,cg03994908,5029
2562,cg03708463,5030
2563,cg17159242,5032
2564,cg18105675,5033
2565,cg26615126,5034
2566,cg06564900,5042
2567,cg06567342,5044
2568,cg08432727,5046
2569,cg25705900,5063
2570,cg11827101,5074
2571,cg06614002,5080
2572,cg23525180,5081
2573,cg26845838,5083
2574,cg22190705,5085
2575,cg03077836,5086
2576,cg06625811,5094
2577,cg23889771,5095
2578,cg00024812,5096
2579,cg06630241,5097
2580,cg07974891,5098
2581,cg24320643,5101
2582,cg20291846,5102
2583,cg19081759,5106
2584,cg08494812,5114
2585,cg06645778,5116
2586,cg02983451,5121
2587,cg06655089,5125
2588,cg02237186,5126
2589,cg06785822,5127
2590,cg05404787,5128
2591,cg06661765,5128
2592,cg11147193,5130
2593,cg04169469,5137
2594,cg05741384,5138
2595,cg06058597,5141
2596,cg14580982,5142
2597,cg22243662,5143
2598,cg21892708,5145
2599,cg03402876,5146
2600,cg05206661,5149
2601,cg10334385,5150
2602,cg12453288,5151
2603,cg04916311,5152
2604,cg19728485,5153
2605,cg12320676,5155
2606,cg12858075,5156
2607,cg06707886,5156
2608,cg10612997,5157
2609,cg25657834,5163
2610,cg06725035,5172
2611,cg14865868,5177
2612,cg24543400,5178
2613,cg14225485,5181
2614,cg14789259,5182
2615,cg15298594,5184
2616,cg06636463,5185
2617,cg21693780,5186
2618,cg06750167,5187
2619,cg06751597,5188
2620,cg06754047,5190
2621,cg06763078,5193
2622,cg10106284,5195
2623,cg17430393,5196
2624,cg08894534,5197
2625,cg06768707,5198
2626,cg20673481,5199
2627,cg20940661,5200
2628,cg17741106,5205
2629,cg02742971,5207
2630,cg24297976,5212
2631,cg11263497,5213
2632,cg21177096,5215
2633,cg00261781,5216
2634,cg10383839,5218
2635,cg23850377,5219
2636,cg11475332,5222
2637,cg08659707,5225
2638,cg19594691,5227
2639,cg01419675,5228
2640,cg05790999,5232
2641,cg04856043,5233
2642,cg09109450,5235
2643,cg16406212,5243
2644,cg23118151,5245
2645,cg15350455,5246
2646,cg23065097,5247
2647,cg14930396,5250
2648,cg06824727,5251
2649,cg04809136,5251
2650,cg20347268,5252
2651,cg07265300,5254
2652,cg04461705,5255
2653,cg06834261,5257
2654,cg06675496,5260
2655,cg25477928,5261
2656,cg18128666,5265
2657,cg21494337,5266
2658,cg06840042,5266
2659,cg17644208,5271
2660,cg06851207,5272
2661,cg17466768,5273
2662,cg14002682,5274
2663,cg16302441,5276
2664,cg08030082,5277
2665,cg06862644,5277
2666,cg06866657,5279
2667,cg06871974,5281
2668,cg06885524,5289
2669,cg12066181,5291
2670,cg21629895,5292
2671,cg06887170,5293
2672,cg26586164,5296
2673,cg06980380,5297
2674,cg07596494,5299
2675,cg00094851,5300
2676,cg03839341,5304
2677,cg01355520,5308
2678,cg10883621,5310
2679,cg06911084,5311
2680,cg04726446,5311
2681,cg27305303,5314
2682,cg26900154,5315
2683,cg05782445,5316
2684,cg01643580,5317
2685,cg24248317,5319
2686,cg19635810,5320
2687,cg21360828,5321
2688,cg14934766,5322
2689,cg12045002,5323
2690,cg26195812,5324
2691,cg17192247,5325
2692,cg14424579,5327
2693,cg18512092,5328
2694,cg06942110,5328
2695,cg06948294,5331
2696,cg20516209,5333
2697,cg14527441,5334
2698,cg22740783,5335
2699,cg06112415,5336
2700,cg20353465,5337
2701,cg17605847,5338
2702,cg06288632,5339
2703,cg22937804,5340
2704,cg00396894,5341
2705,cg14672622,5342
2706,cg21420531,5343
2707,cg01620785,5344
2708,cg09947274,5345
2709,cg12506373,5346
2710,cg19461344,5348
2711,cg16964535,5349
2712,cg06963844,5350
2713,cg22575540,5352
2714,cg20028470,5354
2715,cg04527918,5356
2716,cg06981910,5359
2717,cg14948822,5361
2718,cg10239941,5362
2719,cg17509807,5363
2720,cg25896975,5365
2721,cg06994747,5366
2722,cg23337289,5366
2723,cg11177693,5367
2724,cg21389013,5368
2725,cg06995715,5368
2726,cg15296858,5369
2727,cg18905952,5370
2728,cg15243024,5371
2729,cg11618577,5373
2730,cg17918501,5376
2731,cg20369763,5377
2732,cg01464985,5380
2733,cg18611281,5381
2734,cg15609321,5382
2735,cg02247582,5384
2736,cg17050100,5386
2737,cg07016325,5387
2738,cg09223071,5387
2739,cg09131135,5388
2740,cg07018708,5390
2741,cg18340214,5392
2742,cg27063607,5393
2743,cg03177025,5396
2744,cg06869899,5397
2745,cg08351105,5402
2746,cg07342545,5403
2747,cg16276199,5409
2748,cg06816106,5410
2749,cg07039113,5411
2750,cg07042144,5412
2751,cg04786857,5412
2752,cg07308943,5413
2753,cg07050831,5416
2754,cg13576290,5418
2755,cg07054095,5422
2756,cg21972382,5426
2757,cg07059875,5430
2758,cg18277754,5431
2759,cg22841169,5435
2760,cg17749961,5442
2761,cg10995359,5443
2762,cg05714219,5448
2763,cg22395019,5449
2764,cg05882522,5452
2765,cg08251399,5453
2766,cg26767897,5455
2767,cg16862361,5456
2768,cg19502744,5457
2769,cg11074746,5459
2770,cg10215570,5461
2771,cg10277146,5462
2772,cg15959756,5463
2773,cg17867194,5464
2774,cg26820922,5468
2775,cg01195127,5469
2776,cg19098826,5470
2777,cg15673110,5471
2778,cg27072387,5473
2779,cg07122126,5481
2780,cg07571117,5483
2781,cg10083236,5484
2782,cg00850538,5486
2783,cg10881306,5488
2784,cg15556558,5496
2785,cg07149772,5497
2786,cg03392046,5498
2787,cg19931106,5499
2788,cg07154408,5501
2789,cg24022829,5501
2790,cg18630855,5505
2791,cg09212058,5506
2792,cg17731079,5509
2793,cg05469695,5510
2794,cg07175007,5511
2795,cg05761971,5514
2796,cg07181881,5516
2797,cg25856383,5523
2798,cg01936270,5524
2799,cg07197823,5527
2800,cg20091107,5529
2801,cg18753695,5532
2802,cg07207937,5532
2803,cg01746088,5536
2804,cg18676393,5538
2805,cg19971804,5539
2806,cg19559392,5540
2807,cg19690101,5541
2808,cg07223164,5544
2809,cg07232688,5547
2810,cg07233761,5548
2811,cg13412063,5549
2812,cg27074297,5550
2813,cg25537724,5553
2814,cg02710105,5554
2815,cg07242565,5557
2816,cg20224517,5559
2817,cg10807560,5563
2818,cg07251788,5564
2819,cg01184449,5570
2820,cg06043190,5571
2821,cg14576681,5573
2822,cg02278165,5574
2823,cg27553955,5576
2824,cg05607127,5577
2825,cg23759710,5579
2826,cg19863773,5580
2827,cg20289949,5581
2828,cg01561916,5582
2829,cg07295034,5592
2830,cg14840416,5609
2831,cg00097536,5610
2832,cg24650394,5614
2833,cg16984812,5615
2834,cg14120336,5618
2835,cg15890484,5619
2836,cg08453096,5621
2837,cg13721560,5623
2838,cg26538116,5624
2839,cg27361716,5627
2840,cg05764061,5628
2841,cg02192965,5629
2842,cg03894103,5631
2843,cg20655010,5632
2844,cg26491213,5645
2845,cg13163729,5646
2846,cg07376029,5648
2847,cg07380959,5653
2848,cg07383972,5654
2849,cg03310469,5655
2850,cg14832358,5659
2851,cg02630207,5660
2852,cg07398350,5661
2853,cg11476211,5661
2854,cg17518825,5663
2855,cg07403350,5664
2856,cg01780482,5664
2857,cg07408740,5668
2858,cg15759873,5671
2859,cg27485921,5672
2860,cg26251101,5673
2861,cg20449833,5674
2862,cg21493583,5676
2863,cg08813236,5677
2864,cg06654134,5678
2865,cg06386533,5679
2866,cg07897193,5680
2867,cg14126210,5684
2868,cg07428089,5684
2869,cg14201617,5687
2870,cg20697204,5688
2871,cg16076328,5694
2872,cg17129141,5695
2873,cg11311499,5696
2874,cg07447922,5698
2875,cg27138584,5699
2876,cg02905881,5702
2877,cg07652213,5703
2878,cg04495969,5704
2879,cg15846641,5706
2880,cg07457944,5707
2881,cg00539716,5707
2882,cg06611310,5708
2883,cg24076392,5709
2884,cg01450842,5712
2885,cg07465609,5714
2886,cg25061755,5714
2887,cg15796978,5715
2888,cg12351433,5717
2889,cg17327492,5719
2890,cg07473175,5719
2891,cg07476030,5721
2892,cg07478100,5723
2893,cg10917619,5726
2894,cg13467814,5729
2895,cg06382698,5730
2896,cg07490776,5733
2897,cg19664945,5740
2898,cg16192916,5741
2899,cg02100828,5742
2900,cg01615080,5743
2901,cg13618372,5746
2902,cg07505695,5748
2903,cg07510080,5752
2904,cg07512517,5754
2905,cg20856436,5760
2906,cg15587603,5761
2907,cg10455676,5763
2908,cg20497627,5764
2909,cg16750914,5767
2910,cg15971836,5768
2911,cg07536847,5770
2912,cg17158059,5771
2913,cg18349258,5772
2914,cg09685747,5774
2915,cg18811423,5775
2916,cg25711779,5776
2917,cg20786074,5777
2918,cg26093711,5780
2919,cg15309264,5781
2920,cg07550362,5782
2921,cg19679281,5783
2922,cg22166290,5794
2923,cg22153873,5795
2924,cg12180123,5796
2925,cg09600437,5797
2926,cg09469394,5798
2927,cg01439983,5799
2928,cg11736869,5800
2929,cg24053619,5802
2930,cg20843052,5803
2931,cg11332950,5804
2932,cg15118503,5805
2933,cg11594131,5808
2934,cg09455096,5809
2935,cg19716462,5810
2936,cg07594933,5811
2937,cg03532114,5812
2938,cg09390932,5814
2939,cg05253327,5815
2940,cg07290273,5819
2941,cg12385425,5820
2942,cg14101501,5821
2943,cg26239051,5822
2944,cg07611177,5823
2945,cg26260350,5823
2946,cg26736450,5824
2947,cg07613278,5826
2948,cg07621456,5832
2949,cg16527805,5834
2950,cg19029220,5837
2951,cg03055492,5838
2952,cg01739965,5842
2953,cg12691366,5852
2954,cg23854921,5853
2955,cg10423227,5854
2956,cg04576855,5857
2957,cg22521310,5858
2958,cg00877964,5864
2959,cg07715387,5865
2960,cg07666065,5868
2961,cg23816572,5870
2962,cg05010058,5871
2963,cg07671949,5872
2964,cg09068198,5874
2965,cg07675169,5875
2966,cg14217102,5875
2967,cg15235832,5877
2968,cg07684809,5884
2969,cg07685221,5886
2970,cg07685869,5887
2971,cg05098471,5888
2972,cg12975220,5889
2973,cg06417705,5900
2974,cg00054706,5901
2975,cg22628840,5902
2976,cg25488082,5903
2977,cg07707498,5905
2978,cg04496615,5905
2979,cg18618964,5906
2980,cg10908369,5914
2981,cg04872689,5918
2982,cg06538003,5921
2983,cg00962459,5922
2984,cg15258980,5927
2985,cg09721047,5928
2986,cg11308639,5930
2987,cg12711530,5931
2988,cg13877895,5933
2989,cg04801003,5934
2990,cg07749808,5934
2991,cg07750111,5935
2992,cg08646988,5940
2993,cg25195673,5941
2994,cg01272601,5945
2995,cg05155595,5946
2996,cg14452789,5948
2997,cg10773869,5949
2998,cg23560113,5950
2999,cg08744769,5951
3000,cg09948350,5952
3001,cg01639256,5954
3002,cg04589975,5968
3003,cg07807817,5969
3004,cg09658342,5969
3005,cg03054162,5970
3006,cg18865999,5971
3007,cg08312191,5973
3008,cg11808874,5975
3009,cg07004820,5977
3010,cg22425806,5978
3011,cg08132931,5980
3012,cg21148892,5983
3013,cg07829809,5989
3014,cg20699736,5989
3015,cg07052880,5991
3016,cg07833382,5992
3017,cg18006568,5993
3018,cg05409038,5994
3019,cg24236559,5995
3020,cg23513644,5996
3021,cg07844021,5997
3022,cg07845390,5999
3023,cg01919488,6000
3024,cg04884908,6004
3025,cg19889780,6006
3026,cg15253672,6007
3027,cg26898166,6008
3028,cg21351994,6009
3029,cg03856450,6015
3030,cg07864632,6016
3031,cg03077062,6016
3032,cg24935900,6017
3033,cg17895873,6018
3034,cg13415850,6019
3035,cg26993951,6020
3036,cg00655779,6021
3037,cg06642617,6022
3038,cg13481359,6026
3039,cg21111868,6027
3040,cg22338307,6030
3041,cg11251086,6032
3042,cg10373645,6033
3043,cg19754094,6034
3044,cg26809210,6035
3045,cg23173910,6036
3046,cg22544376,6038
3047,cg07895149,6039
3048,cg07896225,6040
3049,cg07899425,6045
3050,cg08434152,6046
3051,cg15737319,6047
3052,cg07903918,6048
3053,cg00945862,6049
3054,cg01753375,6050
3055,cg06391660,6051
3056,cg07912181,6054
3057,cg10491648,6055
3058,cg11698762,6056
3059,cg00689340,6059
3060,cg03490115,6061
3061,cg11286618,6062
3062,cg25420583,6063
3063,cg22996555,6064
3064,cg24478630,6065
3065,cg11387519,6067
3066,cg12825252,6068
3067,cg24142014,6075
3068,cg26091679,6076
3069,cg00234616,6078
3070,cg25361106,6079
3071,cg07947930,6081
3072,cg02034222,6084
3073,cg02154074,6087
3074,cg18181070,6088
3075,cg07959896,6089
3076,cg15989091,6092
3077,cg23674882,6093
3078,cg22238923,6094
3079,cg26117023,6095
3080,cg07971188,6101
3081,cg06999776,6103
3082,cg18638581,6105
3083,cg24107142,6106
3084,cg15091337,6109
3085,cg26033710,6110
3086,cg02111587,6111
3087,cg07979752,6111
3088,cg19401923,6115
3089,cg11051158,6116
3090,cg01044662,6117
3091,cg23111544,6121
3092,cg07992625,6121
3093,cg05828624,6122
3094,cg02868123,6125
3095,cg08007665,6126
3096,cg16158220,6126
3097,cg27342801,6128
3098,cg21621248,6133
3099,cg00465284,6134
3100,cg08015496,6137
3101,cg08016363,6138
3102,cg04053638,6142
3103,cg18289156,6143
3104,cg08023751,6144
3105,cg00954003,6144
3106,cg21586107,6145
3107,cg02508567,6149
3108,cg16907167,6153
3109,cg00014085,6155
3110,cg24341220,6156
3111,cg04881903,6157
3112,cg08041019,6157
3113,cg08158331,6162
3114,cg22281207,6165
3115,cg17127132,6166
3116,cg10506212,6167
3117,cg23752985,6168
3118,cg05656364,6169
3119,cg11108890,6170
3120,cg25651505,6171
3121,cg24286767,6172
3122,cg23667407,6173
3123,cg22321558,6174
3124,cg19913889,6175
3125,cg03380645,6176
3126,cg26394380,6177
3127,cg11752275,6178
3128,cg08082692,6179
3129,cg02317742,6182
3130,cg18763191,6188
3131,cg01040759,6189
3132,cg08096946,6192
3133,cg08229694,6193
3134,cg08097882,6194
3135,cg21037570,6194
3136,cg08097973,6195
3137,cg15645605,6195
3138,cg01968178,6197
3139,cg02870945,6198
3140,cg07322981,6201
3141,cg11223252,6202
3142,cg17108819,6205
3143,cg02170525,6206
3144,cg08305742,6212
3145,cg12885244,6213
3146,cg26900034,6214
3147,cg11142466,6215
3148,cg08132711,6216
3149,cg19910382,6217
3150,cg05301852,6218
3151,cg24977027,6219
3152,cg07952391,6220
3153,cg15903395,6221
3154,cg12811135,6222
3155,cg13293721,6223
3156,cg06358566,6224
3157,cg00718513,6226
3158,cg05723825,6228
3159,cg08146221,6229
3160,cg21245652,6230
3161,cg08151470,6232
3162,cg08156349,6233
3163,cg06668300,6233
3164,cg02633838,6236
3165,cg01150454,6237
3166,cg23721140,6238
3167,cg18793806,6239
3168,cg08163803,6239
3169,cg24560809,6240
3170,cg08164315,6240
3171,cg20775254,6241
3172,cg05443740,6242
3173,cg08176609,6246
3174,cg20634573,6246
3175,cg21542793,6247
3176,cg05732530,6250
3177,cg10179684,6256
3178,cg05261289,6257
3179,cg04533291,6259
3180,cg13672342,6260
3181,cg08974656,6261
3182,cg15884411,6262
3183,cg10688941,6263
3184,cg13140267,6264
3185,cg01906055,6265
3186,cg26625319,6266
3187,cg08212685,6269
3188,cg15703357,6275
3189,cg08222514,6276
3190,cg01990225,6287
3191,cg00711916,6288
3192,cg11158729,6289
3193,cg08244028,6289
3194,cg05941634,6291
3195,cg15157837,6292
3196,cg25162794,6294
3197,cg25605045,6295
3198,cg23248865,6300
3199,cg23089298,6301
3200,cg01568335,6304
3201,cg16022344,6305
3202,cg23123262,6307
3203,cg22241124,6316
3204,cg15954792,6317
3205,cg08285151,6319
3206,cg06435786,6324
3207,cg01169610,6325
3208,cg13744304,6326
3209,cg14902389,6329
3210,cg01651821,6334
3211,cg25958361,6335
3212,cg16799961,6336
3213,cg12554819,6337
3214,cg07349094,6341
3215,cg06183267,6342
3216,cg12232463,6344
3217,cg07799947,6352
3218,cg14383135,6354
3219,cg22809047,6355
3220,cg19032144,6356
3221,cg25887739,6358
3222,cg03584646,6359
3223,cg08341667,6362
3224,cg25853833,6362
3225,cg00479269,6363
3226,cg08341978,6365
3227,cg12293634,6365
3228,cg07815386,6366
3229,cg09498007,6370
3230,cg20387706,6372
3231,cg08348962,6372
3232,cg08875535,6374
3233,cg15738916,6375
3234,cg08353062,6378
3235,cg17142183,6382
3236,cg08367838,6390
3237,cg26657648,6394
3238,cg08375941,6395
3239,cg15233681,6395
3240,cg15077070,6396
3241,cg22797169,6397
3242,cg16386158,6398
3243,cg11916609,6399
3244,cg04532229,6401
3245,cg08388746,6403
3246,cg20050113,6403
3247,cg13948784,6404
3248,cg08390021,6404
3249,cg17997329,6405
3250,cg08393541,6407
3251,cg01243790,6407
3252,cg08395899,6411
3253,cg08397758,6412
3254,cg08398233,6413
3255,cg25549459,6414
3256,cg09738100,6422
3257,cg21399079,6424
3258,cg22253945,6425
3259,cg08412305,6425
3260,cg02648999,6427
3261,cg11371394,6428
3262,cg18235146,6429
3263,cg10635061,6435
3264,cg08422599,6435
3265,cg10885338,6443
3266,cg04434339,6456
3267,cg25725843,6457
3268,cg22415472,6459
3269,cg13968390,6464
3270,cg17966192,6466
3271,cg10236239,6469
3272,cg12433691,6471
3273,cg00585790,6473
3274,cg08733774,6476
3275,cg25741319,6477
3276,cg15605888,6478
3277,cg01124420,6479
3278,cg03552103,6488
3279,cg08492707,6489
3280,cg01615704,6490
3281,cg10279685,6492
3282,cg08229627,6493
3283,cg06983551,6497
3284,cg27210766,6498
3285,cg01494593,6501
3286,cg17947599,6502
3287,cg11700429,6509
3288,cg21182454,6511
3289,cg07880854,6512
3290,cg18442986,6518
3291,cg19061982,6519
3292,cg17009717,6520
3293,cg24651706,6521
3294,cg14318370,6522
3295,cg05672265,6525
3296,cg10762132,6526
3297,cg08551088,6529
3298,cg14899547,6531
3299,cg06505666,6532
3300,cg00839584,6533
3301,cg27083787,6535
3302,cg15836722,6537
3303,cg07935264,6539
3304,cg02229946,6541
3305,cg08568512,6542
3306,cg10269439,6542
3307,cg08861115,6543
3308,cg26759925,6544
3309,cg09995854,6546
3310,cg10479672,6547
3311,cg01507173,6548
3312,cg21378206,6549
3313,cg08574156,6550
3314,cg11783497,6551
3315,cg10938446,6552
3316,cg13273136,6553
3317,cg08451957,6557
3318,cg15872103,6558
3319,cg26540127,6559
3320,cg12644353,6560
3321,cg08604885,6569
3322,cg02005375,6571
3323,cg25593040,6572
3324,cg22699362,6578
3325,cg05944800,6579
3326,cg04195527,6580
3327,cg22231902,6590
3328,cg03266453,6592
3329,cg11009736,6594
3330,cg02431964,6596
3331,cg04749104,6603
3332,cg06872331,6604
3333,cg12323894,6606
3334,cg21085625,6607
3335,cg08651674,6609
3336,cg15250797,6610
3337,cg01897036,6614
3338,cg12108912,6615
3339,cg22580372,6616
3340,cg08660285,6618
3341,cg26333591,6618
3342,cg22730357,6619
3343,cg14923435,6620
3344,cg14287603,6621
3345,cg08661290,6621
3346,cg17169613,6624
3347,cg02994216,6625
3348,cg08670517,6627
3349,cg23397015,6629
3350,cg08674093,6630
3351,cg07412254,6633
3352,cg17204557,6634
3353,cg08687825,6636
3354,cg17099569,6645
3355,cg02906238,6648
3356,cg16605590,6651
3357,cg09809242,6652
3358,cg13208492,6653
3359,cg08708323,6658
3360,cg17105014,6660
3361,cg10353870,6669
3362,cg25228746,6670
3363,cg08724517,6673
3364,cg08724636,6675
3365,cg25457027,6676
3366,cg26718585,6677
3367,cg08728865,6678
3368,cg19311602,6679
3369,cg23570261,6680
3370,cg20074593,6683
3371,cg08738040,6684
3372,cg16944093,6684
3373,cg15781838,6685
3374,cg11206634,6689
3375,cg22854546,6690
3376,cg20254231,6691
3377,cg08748415,6692
3378,cg08242323,6692
3379,cg01200177,6693
3380,cg26782833,6695
3381,cg15634735,6697
3382,cg07314414,6698
3383,cg07034269,6699
3384,cg08790550,6716
3385,cg20630567,6719
3386,cg09640202,6720
3387,cg26385743,6721
3388,cg26160573,6722
3389,cg12815916,6723
3390,cg16169604,6725
3391,cg05184394,6727
3392,cg25784308,6728
3393,cg08797194,6729
3394,cg08797471,6730
3395,cg11469778,6731
3396,cg25745343,6737
3397,cg11395917,6738
3398,cg08807541,6740
3399,cg11084611,6743
3400,cg08811349,6744
3401,cg07785936,6748
3402,cg08251036,6758
3403,cg24890043,6765
3404,cg15297650,6766
3405,cg02812142,6768
3406,cg18766847,6769
3407,cg17865752,6770
3408,cg23974202,6771
3409,cg15527554,6772
3410,cg12813922,6773
3411,cg25752527,6777
3412,cg08859916,6778
3413,cg05650565,6778
3414,cg08860143,6779
3415,cg21375825,6780
3416,cg26091981,6781
3417,cg13056269,6783
3418,cg11129291,6784
3419,cg23996306,6785
3420,cg03608167,6790
3421,cg21859434,6791
3422,cg02322989,6804
3423,cg27365426,6806
3424,cg23627134,6807
3425,cg08907850,6811
3426,cg27003571,6815
3427,cg08914623,6816
3428,cg07246225,6818
3429,cg08918749,6820
3430,cg08927738,6826
3431,cg14689355,6830
3432,cg22464182,6831
3433,cg05218490,6832
3434,cg08935003,6833
3435,cg09500672,6839
3436,cg23494853,6841
3437,cg12086773,6842
3438,cg11626656,6843
3439,cg08463061,6844
3440,cg18581221,6848
3441,cg19658284,6849
3442,cg14046365,6850
3443,cg01035238,6852
3444,cg08475827,6855
3445,cg06191203,6856
3446,cg22148652,6858
3447,cg24334790,6859
3448,cg08986416,6862
3449,cg16111791,6864
3450,cg18272264,6865
3451,cg01846065,6867
3452,cg24904765,6868
3453,cg07314337,6869
3454,cg03759077,6870
3455,cg27420236,6872
3456,cg24693368,6876
3457,cg16246410,6887
3458,cg09014354,6888
3459,cg09018862,6891
3460,cg20469837,6901
3461,cg24576425,6902
3462,cg12177677,6904
3463,cg18638253,6906
3464,cg05010623,6907
3465,cg09499849,6910
3466,cg03520136,6911
3467,cg19840387,6913
3468,cg09059945,6916
3469,cg00168785,6921
3470,cg24580185,6922
3471,cg02479196,6926
3472,cg09069593,6927
3473,cg15923513,6928
3474,cg15352315,6929
3475,cg09072120,6929
3476,cg09076012,6930
3477,cg23995753,6931
3478,cg10107725,6932
3479,cg04367351,6933
3480,cg24235037,6934
3481,cg18437633,6935
3482,cg06168324,6943
3483,cg14325649,6944
3484,cg00856375,6952
3485,cg19886179,6953
3486,cg06747888,6954
3487,cg14187678,6955
3488,cg09109996,6962
3489,cg07348311,6966
3490,cg06347928,6967
3491,cg03549127,6969
3492,cg19965810,6971
3493,cg25668368,6972
3494,cg20959523,6981
3495,cg09144196,6982
3496,cg02537909,6983
3497,cg20557037,6984
3498,cg03464655,6987
3499,cg15739581,6990
3500,cg05331214,6997
3501,cg09164559,7000
3502,cg25427580,7001
3503,cg09173897,7004
3504,cg26824467,7007
3505,cg13605690,7012
3506,cg06580318,7013
3507,cg07338205,7014
3508,cg13436799,7021
3509,cg10006582,7022
3510,cg05847778,7023
3511,cg09198463,7024
3512,cg09199317,7025
3513,cg15768203,7025
3514,cg09209002,7030
3515,cg11582100,7033
3516,cg21709140,7035
3517,cg09503780,7036
3518,cg11626791,7039
3519,cg09221326,7039
3520,cg13882835,7040
3521,cg14444244,7044
3522,cg22138461,7046
3523,cg10446968,7050
3524,cg03539474,7051
3525,cg16017358,7052
3526,cg09234859,7052
3527,cg16449464,7053
3528,cg15236866,7054
3529,cg09238677,7056
3530,cg02014107,7057
3531,cg09242541,7058
3532,cg20795401,7059
3533,cg10749011,7060
3534,cg17679246,7063
3535,cg05702952,7064
3536,cg09251995,7065
3537,cg03608974,7069
3538,cg09288658,7070
3539,cg08690031,7072
3540,cg05428978,7073
3541,cg25729765,7074
3542,cg14114267,7075
3543,cg09272869,7081
3544,cg07455975,7082
3545,cg25492727,7083
3546,cg22830590,7085
3547,cg27393372,7086
3548,cg22190861,7088
3549,cg20781140,7089
3550,cg13821008,7092
3551,cg05649009,7097
3552,cg18440474,7098
3553,cg26965059,7100
3554,cg12480658,7101
3555,cg19713083,7102
3556,cg09305224,7110
3557,cg09305770,7111
3558,cg19325985,7113
3559,cg07175883,7115
3560,cg03874199,7118
3561,cg23130254,7121
3562,cg08806153,7123
3563,cg09321965,7124
3564,cg09322949,7125
3565,cg16632715,7127
3566,cg21591742,7131
3567,cg10957151,7136
3568,cg09350141,7141
3569,cg15520279,7146
3570,cg12127282,7149
3571,cg01152019,7150
3572,cg14399060,7151
3573,cg00767581,7152
3574,cg18750960,7153
3575,cg18702197,7160
3576,cg09384159,7161
3577,cg19001226,7164
3578,cg19280014,7168
3579,cg01594915,7175
3580,cg09409398,7177
3581,cg20247600,7179
3582,cg06141123,7180
3583,cg13332925,7182
3584,cg02549910,7183
3585,cg26147657,7184
3586,cg09266433,7186
3587,cg03724445,7190
3588,cg09890200,7191
3589,cg22050893,7192
3590,cg03283842,7193
3591,cg12331980,7200
3592,cg02836529,7214
3593,cg22359606,7215
3594,cg26778754,7217
3595,cg03276813,7218
3596,cg09845785,7220
3597,cg20308679,7221
3598,cg19568591,7222
3599,cg09453737,7223
3600,cg07823935,7224
3601,cg05773628,7225
3602,cg12484193,7226
3603,cg21364150,7227
3604,cg18973389,7228
3605,cg07990489,7229
3606,cg13121699,7230
3607,cg00554682,7231
3608,cg15566222,7232
3609,cg18757066,7233
3610,cg03530967,7234
3611,cg07909265,7235
3612,cg26781575,7236
3613,cg16478145,7239
3614,cg06187947,7241
3615,cg09472203,7242
3616,cg13274254,7243
3617,cg09473585,7244
3618,cg22774472,7244
3619,cg10426652,7245
3620,cg23521281,7246
3621,cg11692477,7247
3622,cg11483915,7248
3623,cg20767936,7253
3624,cg26454191,7255
3625,cg16814399,7257
3626,cg22234344,7258
3627,cg25753817,7261
3628,cg16691616,7262
3629,cg09499698,7263
3630,cg15998761,7264
3631,cg11778001,7265
3632,cg06952117,7266
3633,cg09504196,7269
3634,cg15522719,7270
3635,cg09508556,7272
3636,cg25856179,7275
3637,cg00493400,7276
3638,cg20195812,7280
3639,cg24331079,7282
3640,cg09666654,7284
3641,cg09518735,7284
3642,cg10863038,7286
3643,cg11884792,7287
3644,cg18221862,7292
3645,cg22272545,7299
3646,cg02358761,7300
3647,cg26194560,7302
3648,cg19160878,7303
3649,cg15944856,7304
3650,cg09544918,7308
3651,cg00899641,7310
3652,cg17987231,7311
3653,cg17293470,7312
3654,cg04183933,7313
3655,cg14212314,7314
3656,cg07494248,7315
3657,cg04056179,7316
3658,cg09096031,7319
3659,cg08373610,7320
3660,cg10124201,7321
3661,cg09558850,7325
3662,cg02833180,7328
3663,cg27609819,7329
3664,cg26792080,7330
3665,cg09572106,7331
3666,cg13038560,7339
3667,cg03947362,7340
3668,cg20010565,7341
3669,cg09588653,7342
3670,cg22444610,7344
3671,cg11388238,7345
3672,cg02144933,7347
3673,cg12627583,7348
3674,cg10637955,7350
3675,cg27561421,7351
3676,cg20218060,7354
3677,cg16873684,7356
3678,cg14047656,7357
3679,cg09607282,7357
3680,cg18119407,7358
3681,cg17802847,7359
3682,cg16745604,7362
3683,cg12105450,7364
3684,cg25095814,7366
3685,cg26799474,7367
3686,cg14272706,7370
3687,cg24749970,7374
3688,cg02801485,7375
3689,cg11052143,7376
3690,cg15780361,7377
3691,cg09638834,7380
3692,cg19654437,7380
3693,cg14695751,7381
3694,cg12618251,7384
3695,cg01585758,7389
3696,cg02592124,7390
3697,cg17872064,7391
3698,cg00720723,7392
3699,cg21566550,7393
3700,cg09410845,7394
3701,cg26556918,7395
3702,cg25671651,7396
3703,cg10252059,7399
3704,cg09660171,7399
3705,cg09845946,7400
3706,cg04098585,7402
3707,cg08460026,7404
3708,cg15344028,7406
3709,cg09671005,7407
3710,cg09674215,7408
3711,cg18371506,7415
3712,cg09688763,7419
3713,cg27248887,7423
3714,cg19132372,7424
3715,cg26258845,7429
3716,cg16778809,7430
3717,cg09715672,7431
3718,cg11065518,7433
3719,cg03731898,7434
3720,cg03770147,7439
3721,cg09729918,7439
3722,cg08478189,7440
3723,cg09730349,7441
3724,cg10723020,7444
3725,cg18579327,7445
3726,cg07496861,7446
3727,cg13277160,7447
3728,cg22670349,7448
3729,cg14951734,7449
3730,cg26129270,7451
3731,cg09747829,7452
3732,cg12073779,7457
3733,cg23144899,7459
3734,cg05619712,7460
3735,cg09757277,7460
3736,cg00823148,7461
3737,cg22386774,7462
3738,cg07915542,7465
3739,cg01046174,7466
3740,cg02241586,7467
3741,cg09785172,7475
3742,cg09787254,7477
3743,cg10562586,7477
3744,cg09788866,7479
3745,cg05306006,7480
3746,cg14795968,7481
3747,cg09068528,7482
3748,cg21119032,7484
3749,cg21165909,7485
3750,cg07015629,7489
3751,cg20637307,7490
3752,cg11735605,7491
3753,cg07900766,7492
3754,cg24664861,7493
3755,cg08803144,7495
3756,cg09816180,7495
3757,cg01280080,7496
3758,cg10692870,7499
3759,cg12620499,7505
3760,cg02668581,7506
3761,cg06250108,7508
3762,cg21803680,7509
3763,cg21404906,7511
3764,cg15830940,7515
3765,cg12591323,7516
3766,cg27140880,7517
3767,cg23631636,7518
3768,cg25854162,7520
3769,cg26187237,7521
3770,cg19008649,7525
3771,cg10376763,7526
3772,cg09863772,7529
3773,cg13980719,7529
3774,cg09869858,7538
3775,cg09871315,7540
3776,cg18328334,7540
3777,cg18752854,7541
3778,cg09872233,7541
3779,cg09879797,7552
3780,cg13739417,7553
3781,cg13519373,7557
3782,cg08216808,7559
3783,cg13240332,7560
3784,cg12224394,7561
3785,cg25903497,7563
3786,cg10498097,7568
3787,cg27367952,7569
3788,cg07719512,7572
3789,cg18854666,7574
3790,cg09906488,7578
3791,cg10887392,7578
3792,cg23889021,7579
3793,cg02488871,7583
3794,cg15248979,7584
3795,cg10643489,7585
3796,cg25859012,7588
3797,cg21781546,7589
3798,cg03270376,7591
3799,cg25961684,7592
3800,cg20851245,7594
3801,cg09929564,7594
3802,cg00665395,7595
3803,cg03460682,7600
3804,cg23081213,7602
3805,cg20398120,7603
3806,cg16256504,7604
3807,cg19868691,7609
3808,cg09953122,7611
3809,cg05702737,7612
3810,cg14831838,7617
3811,cg01920829,7618
3812,cg24178740,7621
3813,cg10775273,7622
3814,cg09978128,7622
3815,cg20888386,7623
3816,cg09980522,7624
3817,cg19394737,7624
3818,cg13379763,7625
3819,cg25908985,7626
3820,cg17178336,7627
3821,cg20972416,7631
3822,cg09991975,7633
3823,cg21785260,7634
3824,cg21020082,7635
3825,cg11837864,7636
3826,cg12361925,7637
3827,cg15278948,7639
3828,cg10000775,7639
3829,cg19355685,7640
3830,cg00537910,7644
3831,cg03461495,7645
3832,cg02240226,7647
3833,cg10862587,7648
3834,cg01693157,7650
3835,cg09197965,7651
3836,cg10021735,7651
3837,cg18797053,7654
3838,cg14091223,7655
3839,cg06971096,7657
3840,cg10140638,7659
3841,cg27321538,7664
3842,cg26259363,7665
3843,cg18182399,7667
3844,cg10053203,7674
3845,cg16222568,7677
3846,cg10062065,7678
3847,cg10058540,7680
3848,cg14569415,7685
3849,cg17610929,7686
3850,cg19210770,7687
3851,cg04118884,7688
3852,cg10065130,7689
3853,cg06552037,7691
3854,cg08274552,7692
3855,cg06625414,7693
3856,cg03776464,7702
3857,cg10082991,7706
3858,cg02245378,7707
3859,cg10087399,7709
3860,cg13496838,7712
3861,cg19352038,7714
3862,cg10095719,7715
3863,cg11300809,7717
3864,cg16884042,7718
3865,cg24686224,7719
3866,cg02453591,7720
3867,cg22111003,7721
3868,cg08147886,7722
3869,cg09835085,7724
3870,cg23988310,7725
3871,cg10108208,7725
3872,cg12833508,7726
3873,cg17569486,7727
3874,cg19846927,7731
3875,cg11703011,7734
3876,cg00514407,7735
3877,cg10134939,7737
3878,cg26154999,7737
3879,cg24516901,7738
3880,cg07310661,7740
3881,cg09509863,7741
3882,cg10146929,7750
3883,cg11620807,7750
3884,cg10098888,7751
3885,cg10523019,7752
3886,cg03091512,7753
3887,cg04324308,7754
3888,cg16640096,7755
3889,cg13406768,7757
3890,cg20683151,7758
3891,cg19850163,7761
3892,cg25713185,7764
3893,cg05844583,7766
3894,cg09425228,7767
3895,cg21643045,7768
3896,cg21577049,7772
3897,cg04072323,7774
3898,cg06092815,7775
3899,cg10174864,7778
3900,cg02799466,7779
3901,cg11206667,7782
3902,cg10180697,7782
3903,cg05670275,7783
3904,cg01172899,7784
3905,cg02056135,7785
3906,cg26614346,7786
3907,cg10187559,7787
3908,cg17607231,7787
3909,cg05564251,7788
3910,cg23539753,7790
3911,cg05091653,7791
3912,cg06874144,7792
3913,cg26292864,7796
3914,cg20287234,7800
3915,cg13531460,7804
3916,cg10216105,7808
3917,cg04383012,7811
3918,cg06096336,7812
3919,cg03369671,7814
3920,cg26089280,7815
3921,cg00616369,7824
3922,cg26862286,7825
3923,cg19709058,7831
3924,cg10247252,7833
3925,cg00143376,7834
3926,cg19540408,7836
3927,cg11784281,7837
3928,cg24618716,7841
3929,cg05422352,7842
3930,cg18330611,7843
3931,cg19969873,7844
3932,cg13605579,7845
3933,cg23667432,7847
3934,cg00314943,7857
3935,cg05423257,7868
3936,cg25431974,7873
3937,cg02932167,7874
3938,cg23398241,7876
3939,cg11695684,7877
3940,cg01145396,7878
3941,cg24880821,7880
3942,cg12118465,7882
3943,cg07230446,7884
3944,cg09138627,7885
3945,cg13982505,7886
3946,cg21120063,7887
3947,cg20059312,7891
3948,cg19485804,7892
3949,cg20795863,7893
3950,cg24198840,7894
3951,cg07026910,7898
3952,cg13281719,7899
3953,cg00539322,7900
3954,cg08096010,7901
3955,cg01230160,7902
3956,cg15559700,7906
3957,cg10432859,7908
3958,cg07823755,7912
3959,cg11811840,7913
3960,cg15746445,7914
3961,cg19099213,7916
3962,cg21137417,7917
3963,cg21650900,7925
3964,cg13539030,7926
3965,cg14061619,7932
3966,cg15144793,7933
3967,cg10368981,7935
3968,cg24768561,7937
3969,cg06954481,7948
3970,cg03626672,7957
3971,cg19102858,7960
3972,cg10409680,7962
3973,cg00573606,7963
3974,cg10415235,7968
3975,cg16426459,7968
3976,cg11380128,7970
3977,cg26427308,7971
3978,cg10173675,7973
3979,cg20732367,7979
3980,cg27567335,7983
3981,cg03270167,7984
3982,cg10450322,7985
3983,cg16354207,7986
3984,cg22418360,7987
3985,cg14601560,7991
3986,cg09039163,7993
3987,cg22886005,7997
3988,cg15319457,8000
3989,cg24127874,8001
3990,cg10467098,8002
3991,cg23905308,8002
3992,cg05664072,8003
3993,cg10493739,8031
3994,cg19028160,8036
3995,cg10503138,8040
3996,cg24275354,8040
3997,cg08462247,8042
3998,cg09222115,8043
3999,cg18790143,8044
4000,cg27504117,8048
4001,cg17422427,8049
4002,cg00497251,8050
4003,cg24767315,8051
4004,cg13097816,8054
4005,cg07432969,8055
4006,cg14662379,8058
4007,cg16967583,8060
4008,cg16358738,8061
4009,cg04884732,8081
4010,cg26102760,8084
4011,cg12054421,8085
4012,cg10563284,8085
4013,cg10564498,8086
4014,cg19372178,8087
4015,cg04415689,8089
4016,cg10569616,8089
4017,cg23888423,8091
4018,cg00763679,8092
4019,cg04898443,8093
4020,cg10575841,8094
4021,cg14353516,8094
4022,cg00567479,8095
4023,cg14172532,8096
4024,cg21144270,8097
4025,cg10579246,8097
4026,cg10581256,8098
4027,cg10588377,8105
4028,cg20791593,8107
4029,cg10591174,8107
4030,cg18096388,8108
4031,cg00795812,8110
4032,cg10617171,8123
4033,cg16173109,8124
4034,cg00903242,8127
4035,cg10624583,8127
4036,cg05209917,8131
4037,cg11563860,8136
4038,cg08404225,8139
4039,cg10159529,8142
4040,cg08819884,8143
4041,cg10645113,8143
4042,cg06222120,8144
4043,cg11116142,8146
4044,cg01892727,8147
4045,cg10660136,8149
4046,cg15384599,8150
4047,cg15232450,8151
4048,cg05843800,8153
4049,cg21858376,8155
4050,cg04251662,8156
4051,cg08587820,8163
4052,cg03223878,8164
4053,cg20503117,8173
4054,cg16816226,8174
4055,cg23456692,8175
4056,cg10693071,8175
4057,cg04527363,8178
4058,cg02332525,8181
4059,cg20595215,8182
4060,cg08935301,8183
4061,cg22959932,8185
4062,cg02100848,8186
4063,cg24517042,8187
4064,cg23391006,8189
4065,cg04765422,8190
4066,cg26640549,8191
4067,cg10720654,8195
4068,cg03438515,8196
4069,cg13188385,8197
4070,cg25781123,8198
4071,cg10728503,8199
4072,cg06679221,8199
4073,cg10730174,8201
4074,cg16191009,8203
4075,cg20051033,8205
4076,cg17738494,8206
4077,cg14712964,8207
4078,cg25415932,8210
4079,cg23243617,8211
4080,cg10748867,8212
4081,cg27345946,8213
4082,cg07614786,8215
4083,cg10829427,8216
4084,cg05684195,8218
4085,cg23459997,8221
4086,cg07832674,8222
4087,cg15095327,8223
4088,cg05845178,8227
4089,cg07705835,8228
4090,cg12419067,8229
4091,cg18215716,8232
4092,cg13560548,8234
4093,cg10784341,8235
4094,cg00149659,8235
4095,cg16869108,8238
4096,cg20916523,8239
4097,cg25539131,8240
4098,cg10792326,8241
4099,cg10387416,8243
4100,cg14011734,8244
4101,cg20282199,8247
4102,cg14547335,8249
4103,cg15284635,8256
4104,cg11021744,8257
4105,cg10822116,8258
4106,cg10829134,8263
4107,cg27056145,8265
4108,cg08509737,8266
4109,cg10844844,8277
4110,cg10845200,8278
4111,cg21973517,8284
4112,cg17746675,8286
4113,cg10861751,8286
4114,cg03169527,8287
4115,cg15873301,8289
4116,cg25982743,8291
4117,cg23769143,8292
4118,cg10866709,8294
4119,cg08220793,8300
4120,cg27477205,8302
4121,cg09326546,8303
4122,cg18331396,8304
4123,cg03534410,8306
4124,cg19100810,8310
4125,cg15900519,8311
4126,cg11397854,8318
4127,cg10894512,8319
4128,cg17534899,8319
4129,cg10895130,8320
4130,cg23799276,8327
4131,cg24642820,8328
4132,cg10910525,8329
4133,cg27025856,8330
4134,cg16254764,8331
4135,cg22319470,8332
4136,cg10912077,8332
4137,cg01712016,8333
4138,cg08448040,8334
4139,cg05446471,8335
4140,cg16604516,8336
4141,cg00201234,8339
4142,cg14375111,8347
4143,cg21666675,8348
4144,cg00661202,8349
4145,cg08611205,8350
4146,cg13604223,8351
4147,cg18946802,8352
4148,cg13763232,8354
4149,cg10936763,8355
4150,cg21291896,8355
4151,cg18357098,8358
4152,cg19028369,8359
4153,cg10944783,8362
4154,cg10387901,8364
4155,cg22396691,8365
4156,cg26168249,8366
4157,cg22366626,8367
4158,cg11492856,8368
4159,cg04228553,8369
4160,cg10957680,8369
4161,cg10962407,8373
4162,cg21283680,8375
4163,cg19329556,8377
4164,cg18204685,8380
4165,cg24239808,8381
4166,cg23912721,8382
4167,cg21638219,8383
4168,cg22688260,8386
4169,cg07200280,8394
4170,cg10982775,8394
4171,cg22044848,8395
4172,cg10984852,8396
4173,cg06429195,8397
4174,cg01765641,8403
4175,cg18585306,8405
4176,cg24997944,8410
4177,cg07657236,8411
4178,cg12062464,8414
4179,cg12185908,8415
4180,cg16339185,8416
4181,cg18267381,8418
4182,cg14550518,8421
4183,cg11025793,8427
4184,cg07806164,8430
4185,cg11034784,8430
4186,cg15966253,8434
4187,cg06949789,8436
4188,cg11041457,8436
4189,cg20855344,8437
4190,cg14452875,8438
4191,cg13518327,8440
4192,cg15385623,8442
4193,cg24120841,8444
4194,cg21303011,8446
4195,cg10712623,8449
4196,cg11053574,8451
4197,cg09793001,8452
4198,cg11054882,8452
4199,cg11054936,8453
4200,cg15611364,8454
4201,cg26035366,8457
4202,cg23143093,8459
4203,cg12858460,8461
4204,cg11062095,8461
4205,cg15540820,8462
4206,cg11074362,8469
4207,cg27614038,8469
4208,cg11356290,8470
4209,cg11075556,8471
4210,cg17237063,8472
4211,cg11078738,8472
4212,cg13859541,8475
4213,cg20216935,8477
4214,cg14910241,8478
4215,cg15270950,8479
4216,cg03256955,8480
4217,cg18047970,8484
4218,cg20074371,8486
4219,cg11104347,8490
4220,cg05662500,8493
4221,cg21255732,8494
4222,cg01617750,8495
4223,cg10553028,8496
4224,cg08729012,8498
4225,cg13515605,8499
4226,cg18602811,8500
4227,cg11786750,8501
4228,cg05280555,8502
4229,cg21366834,8508
4230,cg23180365,8509
4231,cg27034836,8510
4232,cg09294589,8512
4233,cg10891157,8513
4234,cg02699167,8514
4235,cg22084336,8515
4236,cg18986332,8517
4237,cg01999523,8518
4238,cg12941369,8519
4239,cg11149033,8519
4240,cg12971958,8520
4241,cg05615150,8521
4242,cg12417466,8522
4243,cg11157872,8525
4244,cg01798589,8526
4245,cg11158430,8527
4246,cg19055231,8527
4247,cg24607398,8532
4248,cg10990993,8533
4249,cg18320188,8535
4250,cg02279071,8536
4251,cg00893636,8537
4252,cg13846866,8538
4253,cg12792366,8541
4254,cg20227213,8542
4255,cg15065896,8543
4256,cg18328190,8544
4257,cg22286764,8545
4258,cg13882267,8546
4259,cg25870420,8547
4260,cg27201297,8551
4261,cg26113512,8554
4262,cg04660410,8555
4263,cg15120942,8558
4264,cg23881725,8560
4265,cg00807586,8561
4266,cg17877494,8562
4267,cg15348640,8563
4268,cg11196870,8565
4269,cg08548888,8565
4270,cg19728055,8566
4271,cg00798206,8567
4272,cg25411725,8568
4273,cg21615171,8569
4274,cg08934427,8571
4275,cg20956314,8572
4276,cg12340144,8573
4277,cg13350481,8575
4278,cg19740375,8577
4279,cg00239685,8579
4280,cg11219178,8583
4281,cg12243255,8583
4282,cg02254461,8584
4283,cg12413566,8585
4284,cg04569233,8588
4285,cg22917487,8589
4286,cg26647600,8590
4287,cg12534466,8593
4288,cg25999267,8594
4289,cg01798443,8595
4290,cg11227541,8595
4291,cg05242945,8596
4292,cg11231018,8597
4293,cg25070010,8598
4294,cg19547629,8599
4295,cg04848452,8600
4296,cg27193335,8601
4297,cg17200465,8602
4298,cg21942438,8603
4299,cg00417297,8604
4300,cg01885635,8606
4301,cg14663065,8608
4302,cg08804892,8614
4303,cg24877842,8616
4304,cg16864658,8617
4305,cg21044104,8619
4306,cg10864941,8620
4307,cg10970409,8622
4308,cg03160740,8623
4309,cg21008709,8624
4310,cg21463023,8625
4311,cg22638542,8626
4312,cg06953304,8628
4313,cg24334879,8629
4314,cg00412805,8634
4315,cg16842214,8635
4316,cg24938727,8636
4317,cg00407150,8637
4318,cg07339138,8639
4319,cg21979032,8643
4320,cg14404298,8644
4321,cg26523005,8645
4322,cg08595011,8648
4323,cg23057732,8649
4324,cg09632416,8654
4325,cg14121103,8655
4326,cg12059012,8656
4327,cg21796234,8663
4328,cg12809314,8664
4329,cg18129786,8665
4330,cg06566994,8666
4331,cg22598028,8670
4332,cg24130043,8671
4333,cg22050705,8672
4334,cg11612291,8674
4335,cg21672276,8675
4336,cg11330108,8676
4337,cg06186861,8677
4338,cg10337772,8678
4339,cg24858591,8682
4340,cg16615211,8683
4341,cg26889990,8684
4342,cg23844090,8685
4343,cg04682845,8686
4344,cg09111917,8687
4345,cg13571802,8688
4346,cg21307697,8689
4347,cg04690289,8690
4348,cg25766774,8691
4349,cg05161795,8692
4350,cg21057494,8696
4351,cg15779716,8701
4352,cg27390220,8703
4353,cg11375622,8703
4354,cg18294881,8704
4355,cg10920302,8705
4356,cg12902719,8711
4357,cg04037228,8714
4358,cg03912013,8719
4359,cg14415034,8720
4360,cg19591588,8721
4361,cg26864061,8722
4362,cg22986271,8723
4363,cg15060177,8724
4364,cg15602950,8725
4365,cg25905648,8726
4366,cg04837898,8727
4367,cg12359315,8729
4368,cg04970117,8731
4369,cg12857957,8732
4370,cg08186124,8733
4371,cg11399590,8733
4372,cg09033997,8734
4373,cg11405695,8737
4374,cg25226014,8740
4375,cg24208206,8741
4376,cg24919972,8742
4377,cg15888522,8743
4378,cg11418559,8745
4379,cg11419863,8746
4380,cg11422541,8747
4381,cg13144783,8747
4382,cg12441928,8748
4383,cg11423990,8748
4384,cg04111761,8749
4385,cg11126313,8750
4386,cg14754581,8754
4387,cg15261665,8756
4388,cg17527798,8757
4389,cg26536164,8759
4390,cg02332537,8760
4391,cg10031651,8766
4392,cg05369142,8768
4393,cg11460364,8770
4394,cg19668234,8771
4395,cg03391568,8776
4396,cg13156411,8777
4397,cg24776019,8789
4398,cg13994175,8791
4399,cg25757737,8793
4400,cg11484872,8794
4401,cg26614073,8796
4402,cg20524216,8798
4403,cg18984151,8799
4404,cg04805109,8800
4405,cg15988232,8801
4406,cg16250355,8803
4407,cg14758413,8804
4408,cg19642148,8805
4409,cg04856685,8809
4410,cg24031606,8810
4411,cg11504739,8811
4412,cg02449978,8811
4413,cg11680236,8818
4414,cg11946769,8819
4415,cg07125166,8820
4416,cg03112869,8821
4417,cg12069042,8823
4418,cg09837648,8824
4419,cg01538982,8830
4420,cg11532513,8830
4421,cg25858682,8831
4422,cg02922563,8832
4423,cg27575501,8833
4424,cg14633527,8836
4425,cg14494596,8837
4426,cg11547724,8837
4427,cg26029248,8842
4428,cg11558474,8843
4429,cg19348001,8843
4430,cg10135708,8845
4431,cg05125838,8846
4432,cg11846236,8847
4433,cg16357381,8849
4434,cg06049972,8850
4435,cg16129988,8851
4436,cg06621358,8855
4437,cg09736162,8856
4438,cg04244987,8857
4439,cg07854244,8858
4440,cg23364287,8859
4441,cg25927124,8861
4442,cg05699592,8862
4443,cg11592951,8862
4444,cg11593656,8863
4445,cg20159072,8863
4446,cg06641503,8865
4447,cg20856064,8868
4448,cg21197973,8869
4449,cg13415434,8870
4450,cg11601662,8870
4451,cg03640148,8872
4452,cg07109801,8874
4453,cg17217654,8877
4454,cg21019820,8878
4455,cg09399047,8879
4456,cg11819013,8880
4457,cg26475097,8881
4458,cg16270091,8882
4459,cg11235871,8883
4460,cg19914751,8884
4461,cg05323436,8890
4462,cg04197195,8893
4463,cg22527345,8894
4464,cg04005725,8896
4465,cg10872212,8897
4466,cg07758574,8902
4467,cg20835282,8903
4468,cg00359325,8905
4469,cg18886444,8906
4470,cg15900980,8909
4471,cg22907065,8910
4472,cg11653500,8914
4473,cg25021247,8917
4474,cg11654620,8917
4475,cg26426223,8920
4476,cg21475255,8922
4477,cg12609467,8923
4478,cg08510456,8924
4479,cg16933388,8925
4480,cg03688818,8927
4481,cg20402382,8928
4482,cg01626197,8932
4483,cg08563994,8933
4484,cg08584430,8934
4485,cg12661229,8936
4486,cg03833566,8937
4487,cg16970828,8939
4488,cg09874127,8940
4489,cg01090445,8942
4490,cg01598046,8943
4491,cg08687163,8944
4492,cg03332271,8945
4493,cg20162159,8946
4494,cg27088877,8947
4495,cg07808960,8949
4496,cg04436474,8950
4497,cg14634738,8951
4498,cg12444340,8952
4499,cg04614380,8953
4500,cg06803253,8956
4501,cg19914607,8957
4502,cg11701148,8958
4503,cg07212894,8958
4504,cg15877314,8959
4505,cg07580475,8962
4506,cg14824983,8963
4507,cg17289734,8965
4508,cg22037648,8966
4509,cg14911395,8967
4510,cg09811393,8969
4511,cg24019851,8971
4512,cg13550608,8972
4513,cg15448599,8973
4514,cg26139360,8974
4515,cg14448864,8975
4516,cg14358502,8976
4517,cg16913124,8978
4518,cg27091787,8985
4519,cg16225429,8987
4520,cg17469356,8988
4521,cg26357744,8989
4522,cg06063729,8990
4523,cg15043975,8992
4524,cg06821120,8993
4525,cg06980053,8994
4526,cg08047457,8995
4527,cg21554552,8996
4528,cg20881888,8997
4529,cg18797282,8999
4530,cg15597540,9000
4531,cg27239147,9002
4532,cg16470957,9003
4533,cg10061247,9005
4534,cg04555771,9008
4535,cg04347447,9009
4536,cg23320649,9011
4537,cg03703325,9012
4538,cg12005703,9013
4539,cg08996521,9019
4540,cg25716871,9021
4541,cg17804987,9022
4542,cg11781389,9023
4543,cg11783451,9024
4544,cg15881088,9025
4545,cg10029076,9026
4546,cg15821095,9027
4547,cg10583097,9028
4548,cg03019000,9030
4549,cg25675349,9031
4550,cg02218260,9039
4551,cg13685294,9040
4552,cg10691387,9041
4553,cg16660041,9042
4554,cg23013392,9043
4555,cg11809091,9044
4556,cg12554573,9044
4557,cg08072716,9047
4558,cg08917718,9050
4559,cg04474832,9051
4560,cg11819429,9052
4561,cg18328933,9052
4562,cg03891319,9056
4563,cg16159313,9057
4564,cg15271594,9058
4565,cg11822932,9058
4566,cg06807579,9059
4567,cg22863122,9061
4568,cg11825652,9061
4569,cg04262565,9062
4570,cg00848394,9065
4571,cg03929796,9068
4572,cg21578541,9070
4573,cg11833861,9070
4574,cg22484793,9071
4575,cg18669588,9072
4576,cg20276750,9074
4577,cg02417408,9075
4578,cg17386185,9078
4579,cg27395450,9079
4580,cg22753768,9082
4581,cg24747396,9083
4582,cg04338788,9084
4583,cg08448751,9085
4584,cg26738080,9086
4585,cg24166628,9087
4586,cg09597496,9088
4587,cg10061138,9095
4588,cg15407570,9098
4589,cg25103286,9100
4590,cg09307279,9102
4591,cg20141751,9103
4592,cg11877382,9106
4593,cg10356463,9107
4594,cg11879480,9108
4595,cg06134964,9108
4596,cg26099316,9114
4597,cg10929387,9115
4598,cg17890764,9116
4599,cg11887234,9117
4600,cg04428853,9119
4601,cg22101147,9120
4602,cg19373170,9122
4603,cg19008809,9124
4604,cg01783386,9125
4605,cg21422208,9126
4606,cg11899895,9127
4607,cg13908523,9128
4608,cg02630105,9129
4609,cg20472433,9132
4610,cg14939691,9133
4611,cg27239921,9138
4612,cg01942127,9139
4613,cg11913615,9144
4614,cg07356771,9145
4615,cg12991365,9146
4616,cg00828602,9153
4617,cg15757271,9154
4618,cg25301180,9161
4619,cg04759439,9162
4620,cg22332306,9163
4621,cg11956146,9169
4622,cg13745870,9176
4623,cg11973688,9178
4624,cg18925884,9180
4625,cg10608341,9181
4626,cg25040783,9182
4627,cg09433780,9183
4628,cg07496902,9185
4629,cg00777555,9186
4630,cg08081407,9187
4631,cg11743795,9188
4632,cg00002426,9189
4633,cg11991627,9191
4634,cg08785215,9192
4635,cg13577407,9193
4636,cg10235741,9197
4637,cg14272175,9202
4638,cg11485602,9205
4639,cg00917893,9206
4640,cg22012981,9208
4641,cg12010995,9209
4642,cg13705284,9210
4643,cg06638451,9212
4644,cg01446393,9213
4645,cg02194211,9214
4646,cg21770617,9215
4647,cg12024292,9218
4648,cg19574488,9224
4649,cg22215728,9225
4650,cg15931943,9226
4651,cg02854288,9227
4652,cg19049316,9228
4653,cg12038710,9228
4654,cg24796403,9229
4655,cg12040555,9229
4656,cg16986494,9230
4657,cg11158760,9231
4658,cg05362669,9232
4659,cg22751696,9234
4660,cg19629292,9239
4661,cg06423920,9240
4662,cg21458907,9241
4663,cg24505341,9242
4664,cg11378484,9244
4665,cg12061127,9245
4666,cg27462371,9245
4667,cg26567442,9247
4668,cg23047271,9251
4669,cg22083047,9252
4670,cg00676660,9256
4671,cg12187213,9257
4672,cg13725272,9260
4673,cg02105377,9261
4674,cg17767931,9262
4675,cg12076344,9263
4676,cg12080675,9266
4677,cg12081743,9268
4678,cg00830393,9270
4679,cg10137155,9272
4680,cg18304195,9273
4681,cg12085225,9273
4682,cg23967169,9277
4683,cg13921352,9278
4684,cg12095491,9281
4685,cg14870461,9281
4686,cg21785536,9282
4687,cg25436946,9284
4688,cg24077317,9285
4689,cg04645049,9288
4690,cg24336531,9289
4691,cg00838150,9292
4692,cg14246617,9293
4693,cg12124516,9304
4694,cg24980458,9305
4695,cg02900980,9306
4696,cg22631938,9311
4697,cg13562542,9312
4698,cg12133444,9314
4699,cg15798455,9316
4700,cg08555612,9317
4701,cg12146151,9319
4702,cg12149391,9321
4703,cg09013626,9329
4704,cg16990174,9331
4705,cg20540428,9335
4706,cg26055770,9337
4707,cg07356753,9349
4708,cg03785807,9351
4709,cg23835812,9357
4710,cg22470827,9358
4711,cg15379887,9360
4712,cg27286107,9361
4713,cg04177705,9362
4714,cg18055394,9363
4715,cg09400966,9365
4716,cg07204803,9366
4717,cg11266874,9367
4718,cg23126947,9368
4719,cg04032566,9369
4720,cg12229387,9369
4721,cg17767184,9370
4722,cg05777319,9376
4723,cg23629183,9379
4724,cg25438440,9384
4725,cg20938286,9386
4726,cg19859270,9388
4727,cg04251363,9391
4728,cg09615786,9394
4729,cg03277051,9396
4730,cg04739149,9404
4731,cg06436504,9405
4732,cg12274479,9406
4733,cg16984944,9408
4734,cg21010050,9409
4735,cg15994781,9410
4736,cg17127587,9411
4737,cg15612063,9412
4738,cg12287813,9414
4739,cg23855093,9414
4740,cg10661591,9416
4741,cg18213440,9417
4742,cg12291552,9418
4743,cg12292686,9419
4744,cg21322149,9421
4745,cg18296405,9422
4746,cg22967298,9423
4747,cg22793458,9424
4748,cg03072102,9425
4749,cg03919644,9426
4750,cg06073471,9427
4751,cg15646782,9428
4752,cg15006396,9429
4753,cg12315997,9431
4754,cg12317676,9434
4755,cg16338347,9436
4756,cg02582608,9437
4757,cg00522034,9439
4758,cg17468841,9440
4759,cg03262918,9444
4760,cg12335708,9448
4761,cg06806080,9449
4762,cg11390468,9450
4763,cg12339029,9452
4764,cg03402775,9453
4765,cg14659547,9456
4766,cg05163071,9457
4767,cg19857541,9458
4768,cg04167867,9459
4769,cg18992201,9460
4770,cg12346881,9460
4771,cg11759378,9461
4772,cg19522294,9464
4773,cg15786541,9465
4774,cg04039397,9469
4775,cg11119596,9470
4776,cg12360736,9471
4777,cg25298754,9473
4778,cg12365667,9474
4779,cg24323726,9474
4780,cg11852814,9476
4781,cg16396948,9479
4782,cg00569620,9480
4783,cg12374431,9481
4784,cg21675030,9481
4785,cg20126106,9483
4786,cg12376277,9483
4787,cg05570980,9486
4788,cg06807989,9487
4789,cg25462303,9488
4790,cg10777851,9490
4791,cg03329165,9491
4792,cg19538699,9494
4793,cg21307628,9495
4794,cg12393697,9497
4795,cg04070847,9498
4796,cg17638468,9499
4797,cg18742893,9500
4798,cg13765303,9501
4799,cg15044041,9504
4800,cg07054641,9505
4801,cg15416577,9506
4802,cg03977782,9507
4803,cg24454435,9508
4804,cg11884656,9509
4805,cg13199822,9510
4806,cg16521836,9511
4807,cg26107778,9512
4808,cg12422450,9514
4809,cg25836326,9514
4810,cg03109316,9516
4811,cg13669740,9517
4812,cg20832020,9518
4813,cg26152597,9524
4814,cg20914508,9527
4815,cg00216361,9528
4816,cg14294758,9529
4817,cg25315362,9530
4818,cg14458615,9534
4819,cg22842233,9535
4820,cg12438666,9535
4821,cg02019333,9536
4822,cg05008406,9539
4823,cg25372693,9540
4824,cg12446644,9542
4825,cg14602658,9543
4826,cg17421623,9545
4827,cg25345005,9546
4828,cg21572897,9548
4829,cg12453778,9549
4830,cg05961212,9550
4831,cg14399078,9551
4832,cg09411212,9555
4833,cg12460105,9556
4834,cg11951446,9557
4835,cg01663469,9559
4836,cg08145590,9560
4837,cg02863947,9561
4838,cg06648029,9562
4839,cg10347998,9565
4840,cg19693403,9566
4841,cg19093820,9567
4842,cg22469841,9569
4843,cg20114394,9570
4844,cg07925687,9572
4845,cg26715540,9573
4846,cg12491710,9576
4847,cg00141162,9581
4848,cg11256445,9582
4849,cg12503243,9582
4850,cg12504957,9583
4851,cg20545295,9584
4852,cg22182110,9585
4853,cg12780286,9586
4854,cg22187826,9587
4855,cg10523671,9588
4856,cg18636558,9589
4857,cg08463485,9590
4858,cg04059863,9591
4859,cg04387658,9592
4860,cg12515638,9593
4861,cg17453778,9594
4862,cg26928972,9596
4863,cg21932814,9597
4864,cg12530270,9598
4865,cg17133388,9598
4866,cg17324707,9599
4867,cg00571634,9600
4868,cg21171373,9601
4869,cg14526843,9602
4870,cg25564800,9603
4871,cg04741636,9607
4872,cg00633969,9608
4873,cg25932713,9609
4874,cg12542604,9610
4875,cg22468055,9610
4876,cg07200897,9612
4877,cg04653021,9613
4878,cg04565661,9616
4879,cg10098541,9617
4880,cg07309374,9618
4881,cg22620680,9619
4882,cg12556991,9623
4883,cg13878010,9623
4884,cg13384396,9624
4885,cg04376312,9630
4886,cg12569516,9635
4887,cg12144803,9636
4888,cg10430690,9637
4889,cg13144004,9639
4890,cg05062178,9642
4891,cg09081544,9643
4892,cg12578480,9646
4893,cg15705999,9652
4894,cg12585282,9653
4895,cg21664828,9653
4896,cg27440834,9655
4897,cg12373072,9656
4898,cg07248043,9657
4899,cg16312163,9659
4900,cg07800320,9661
4901,cg26436315,9663
4902,cg17305187,9664
4903,cg12598198,9664
4904,cg12601757,9668
4905,cg20312228,9670
4906,cg00891278,9672
4907,cg06765947,9674
4908,cg17676574,9675
4909,cg22919728,9676
4910,cg07745434,9677
4911,cg24389347,9678
4912,cg17408686,9680
4913,cg13517305,9681
4914,cg13728650,9689
4915,cg12624641,9691
4916,cg10691006,9691
4917,cg15057726,9692
4918,cg12628956,9695
4919,cg05781767,9697
4920,cg18353563,9698
4921,cg03330058,9699
4922,cg12638745,9702
4923,cg00149976,9703
4924,cg12643449,9705
4925,cg13264208,9707
4926,cg18043455,9708
4927,cg12646585,9708
4928,cg16672449,9710
4929,cg07820214,9711
4930,cg12648583,9713
4931,cg16953612,9715
4932,cg03022541,9716
4933,cg06490988,9722
4934,cg07084746,9728
4935,cg22068211,9729
4936,cg12681402,9729
4937,cg06887414,9731
4938,cg27662379,9732
4939,cg12683929,9732
4940,cg12686915,9735
4941,cg00295206,9736
4942,cg15687659,9737
4943,cg12688043,9737
4944,cg14470209,9739
4945,cg24287460,9743
4946,cg12699145,9746
4947,cg16098726,9748
4948,cg12706983,9750
4949,cg19921389,9753
4950,cg18963390,9755
4951,cg12717668,9758
4952,cg00135056,9759
4953,cg12718440,9759
4954,cg25378769,9760
4955,cg21378047,9762
4956,cg12276904,9763
4957,cg20346122,9765
4958,cg26347745,9766
4959,cg19235307,9768
4960,cg13180098,9769
4961,cg15113803,9770
4962,cg14519134,9771
4963,cg12737574,9774
4964,cg24770850,9777
4965,cg15120497,9785
4966,cg01009664,9788
4967,cg22409223,9791
4968,cg23398385,9792
4969,cg09134747,9793
4970,cg04167054,9794
4971,cg25270252,9797
4972,cg02335441,9798
4973,cg13518195,9801
4974,cg05911610,9804
4975,cg16673198,9806
4976,cg15958424,9808
4977,cg04733388,9810
4978,cg21828898,9811
4979,cg10453758,9812
4980,cg06782849,9813
4981,cg00881086,9814
4982,cg12792367,9815
4983,cg12795208,9817
4984,cg20383064,9821
4985,cg25249068,9822
4986,cg02387613,9824
4987,cg17260449,9825
4988,cg24879335,9828
4989,cg17775713,9829
4990,cg19875216,9830
4991,cg20591405,9832
4992,cg12820481,9834
4993,cg18989919,9836
4994,cg04757243,9837
4995,cg07708788,9838
4996,cg19591206,9839
4997,cg25420398,9840
4998,cg08115510,9842
4999,cg22406518,9843
5000,cg12830829,9843
5001,cg15484384,9847
5002,cg06541857,9848
5003,cg13798579,9849
5004,cg18871670,9850
5005,cg15903282,9857
5006,cg18150721,9858
5007,cg07038400,9860
5008,cg06465926,9862
5009,cg10165198,9863
5010,cg00841581,9865
5011,cg18932540,9866
5012,cg02672493,9869
5013,cg02975259,9872
5014,cg09847234,9873
5015,cg02044161,9875
5016,cg06392589,9876
5017,cg12867448,9877
5018,cg16428251,9879
5019,cg10784090,9883
5020,cg17298704,9884
5021,cg12879297,9886
5022,cg26533949,9888
5023,cg21538194,9889
5024,cg17687282,9890
5025,cg05308617,9891
5026,cg13272327,9892
5027,cg24820508,9893
5028,cg14058345,9894
5029,cg21075829,9898
5030,cg12616277,9899
5031,cg18047509,9900
5032,cg02712878,9901
5033,cg04148458,9902
5034,cg16050349,9903
5035,cg00037940,9905
5036,cg17503456,9911
5037,cg20630151,9917
5038,cg09989883,9920
5039,cg22451189,9921
5040,cg12936220,9922
5041,cg18313110,9922
5042,cg09650667,9923
5043,cg17778120,9924
5044,cg13099330,9926
5045,cg24594997,9927
5046,cg12940430,9928
5047,cg11027570,9929
5048,cg27457941,9930
5049,cg06543018,9931
5050,cg15878317,9933
5051,cg12949975,9934
5052,cg01724150,9934
5053,cg14498423,9935
5054,cg08853659,9936
5055,cg13998904,9937
5056,cg12952136,9937
5057,cg25152631,9940
5058,cg22036988,9941
5059,cg16418163,9942
5060,cg20247102,9951
5061,cg10958402,9953
5062,cg22228296,9954
5063,cg07006042,9956
5064,cg09910464,9957
5065,cg12977318,9958
5066,cg21246431,9958
5067,cg25264554,9960
5068,cg03245962,9961
5069,cg11458642,9962
5070,cg20636078,9963
5071,cg24278076,9964
5072,cg12986021,9964
5073,cg12990410,9966
5074,cg07067241,9966
5075,cg24794531,9967
5076,cg19219437,9968
5077,cg19709625,9969
5078,cg26301689,9970
5079,cg00970325,9972
5080,cg00995327,9973
5081,cg10883352,9980
5082,cg13021192,9984
5083,cg16794633,9984
5084,cg16338035,9985
5085,cg25250358,9986
5086,cg10557828,9988
5087,cg04959837,9991
5088,cg24315815,9992
5089,cg03075662,9993
5090,cg13037275,9993
5091,cg13051968,10002
5092,cg13077930,10019
5093,cg05073035,10022
5094,cg13080465,10022
5095,cg13098382,10032
5096,cg13424229,10038
5097,cg10524983,10040
5098,cg19751951,10041
5099,cg26151310,10043
5100,cg04836786,10044
5101,cg21089667,10045
5102,cg02059813,10046
5103,cg10148280,10048
5104,cg11761535,10050
5105,cg08124030,10051
5106,cg06800962,10053
5107,cg04121771,10054
5108,cg13688966,10055
5109,cg13131015,10055
5110,cg13132204,10056
5111,cg12507125,10062
5112,cg24078828,10063
5113,cg18759346,10066
5114,cg24353466,10067
5115,cg02929869,10068
5116,cg15584630,10072
5117,cg14056942,10073
5118,cg01466075,10074
5119,cg20434811,10077
5120,cg13683440,10078
5121,cg13170032,10087
5122,cg15814508,10087
5123,cg09571369,10088
5124,cg09432154,10089
5125,cg17795586,10090
5126,cg18509239,10093
5127,cg12775479,10094
5128,cg25159668,10095
5129,cg14423778,10097
5130,cg13191049,10099
5131,cg22055427,10103
5132,cg08570275,10104
5133,cg20555138,10107
5134,cg22034555,10112
5135,cg23273897,10114
5136,cg08596544,10123
5137,cg22572214,10124
5138,cg01634119,10125
5139,cg15423862,10126
5140,cg13234848,10127
5141,cg23873703,10127
5142,cg24262469,10133
5143,cg22114222,10134
5144,cg24408817,10146
5145,cg15565872,10149
5146,cg17191178,10158
5147,cg24341944,10159
5148,cg10457895,10160
5149,cg05743054,10161
5150,cg20182358,10162
5151,cg07654934,10163
5152,cg09503974,10165
5153,cg08697665,10167
5154,cg25050026,10171
5155,cg09459188,10172
5156,cg01308501,10182
5157,cg13283942,10182
5158,cg13294439,10187
5159,cg24494008,10189
5160,cg22668533,10190
5161,cg16978263,10191
5162,cg13297960,10192
5163,cg21508214,10192
5164,cg10273210,10196
5165,cg18996776,10199
5166,cg24147596,10200
5167,cg25635352,10206
5168,cg12716838,10207
5169,cg09171381,10208
5170,cg04691961,10211
5171,cg13619915,10218
5172,cg14717170,10219
5173,cg13326338,10219
5174,cg24197445,10220
5175,cg16398289,10224
5176,cg06323427,10225
5177,cg15442534,10226
5178,cg18123677,10227
5179,cg12437239,10230
5180,cg19848683,10233
5181,cg14228238,10234
5182,cg11590700,10238
5183,cg13243219,10239
5184,cg13351583,10240
5185,cg27020690,10242
5186,cg18676803,10244
5187,cg09107232,10245
5188,cg12324144,10246
5189,cg04561804,10248
5190,cg02276793,10249
5191,cg26575445,10250
5192,cg18741908,10251
5193,cg13372488,10252
5194,cg02973263,10253
5195,cg08400120,10254
5196,cg13378388,10254
5197,cg15348799,10255
5198,cg03159785,10256
5199,cg20924286,10257
5200,cg20449692,10258
5201,cg10541755,10265
5202,cg26209058,10266
5203,cg17142134,10267
5204,cg03699904,10268
5205,cg13405161,10274
5206,cg15329866,10276
5207,cg13410437,10277
5208,cg04848046,10280
5209,cg02976574,10281
5210,cg11812218,10285
5211,cg22459146,10286
5212,cg10527457,10289
5213,cg17606881,10290
5214,cg06577725,10292
5215,cg01216369,10293
5216,cg05722552,10294
5217,cg13439299,10301
5218,cg13442811,10303
5219,cg13445249,10304
5220,cg08812936,10309
5221,cg10634551,10310
5222,cg11313124,10312
5223,cg18380974,10313
5224,cg19522332,10314
5225,cg22384366,10315
5226,cg00862290,10319
5227,cg18731014,10320
5228,cg20506766,10321
5229,cg11628282,10322
5230,cg17483510,10323
5231,cg25198545,10325
5232,cg03667091,10326
5233,cg12979743,10327
5234,cg18652121,10328
5235,cg04359302,10329
5236,cg26376809,10330
5237,cg05678938,10331
5238,cg02430692,10332
5239,cg21176048,10336
5240,cg20047732,10337
5241,cg13488557,10340
5242,cg17302852,10340
5243,cg27437944,10341
5244,cg13493001,10344
5245,cg01340005,10349
5246,cg02528468,10355
5247,cg13913917,10356
5248,cg06785429,10357
5249,cg04991337,10359
5250,cg08395365,10360
5251,cg00119079,10362
5252,cg17701886,10365
5253,cg02238826,10366
5254,cg27239157,10370
5255,cg25416014,10371
5256,cg20425130,10375
5257,cg20398399,10376
5258,cg11237115,10377
5259,cg12727374,10378
5260,cg03705396,10379
5261,cg19254558,10381
5262,cg12783640,10383
5263,cg14483391,10386
5264,cg19815720,10387
5265,cg18236734,10388
5266,cg26153642,10389
5267,cg10674793,10391
5268,cg01663570,10392
5269,cg24661752,10393
5270,cg23679085,10394
5271,cg13461600,10396
5272,cg06242000,10398
5273,cg13559495,10398
5274,cg13560436,10399
5275,cg22700017,10401
5276,cg05655556,10402
5277,cg19188060,10403
5278,cg13564468,10405
5279,cg25552889,10409
5280,cg01684901,10410
5281,cg22613010,10411
5282,cg27485235,10412
5283,cg00971396,10413
5284,cg11819637,10414
5285,cg25182621,10416
5286,cg22833027,10417
5287,cg09938768,10419
5288,cg13581941,10420
5289,cg13585240,10421
5290,cg24490859,10424
5291,cg13592155,10429
5292,cg21685266,10430
5293,cg11935638,10431
5294,cg13599025,10431
5295,cg16078836,10432
5296,cg11285843,10433
5297,cg25636075,10434
5298,cg01390445,10437
5299,cg18234011,10442
5300,cg12018696,10444
5301,cg25756129,10445
5302,cg08195505,10448
5303,cg25808906,10452
5304,cg21885650,10454
5305,cg19957727,10456
5306,cg00717862,10457
5307,cg25162301,10458
5308,cg07361385,10459
5309,cg04458548,10460
5310,cg13633026,10460
5311,cg02097420,10462
5312,cg12454167,10463
5313,cg20872461,10465
5314,cg12583908,10466
5315,cg15928398,10467
5316,cg10005894,10468
5317,cg07693270,10470
5318,cg13645811,10471
5319,cg07441272,10471
5320,cg11504646,10472
5321,cg08749917,10473
5322,cg20725021,10475
5323,cg21831174,10476
5324,cg02164046,10479
5325,cg13206017,10480
5326,cg01057962,10487
5327,cg18776764,10488
5328,cg05044994,10493
5329,cg06547766,10494
5330,cg13678049,10498
5331,cg13679077,10499
5332,cg13682722,10501
5333,cg19682367,10503
5334,cg12188416,10508
5335,cg21723486,10509
5336,cg18626709,10511
5337,cg20270599,10512
5338,cg15105660,10514
5339,cg11984608,10515
5340,cg27235662,10516
5341,cg01120898,10517
5342,cg10906552,10518
5343,cg16739580,10524
5344,cg13724813,10533
5345,cg15543551,10536
5346,cg02992632,10537
5347,cg07933199,10540
5348,cg13735974,10541
5349,cg08376864,10542
5350,cg05820087,10545
5351,cg23159337,10546
5352,cg13754949,10555
5353,cg06414605,10557
5354,cg13760546,10564
5355,cg26838900,10573
5356,cg02121427,10574
5357,cg27033479,10577
5358,cg13713381,10578
5359,cg00642303,10592
5360,cg14163776,10593
5361,cg19280968,10596
5362,cg21084260,10597
5363,cg21008828,10606
5364,cg01962086,10607
5365,cg25276849,10608
5366,cg22956956,10609
5367,cg03327494,10612
5368,cg12894629,10613
5369,cg14003467,10623
5370,cg05556202,10624
5371,cg05445326,10629
5372,cg16185365,10630
5373,cg09817114,10631
5374,cg11086568,10632
5375,cg04283392,10637
5376,cg00293409,10638
5377,cg21030598,10639
5378,cg21840599,10640
5379,cg13857100,10642
5380,cg18022496,10644
5381,cg11177450,10645
5382,cg00936626,10650
5383,cg13877915,10654
5384,cg24058120,10655
5385,cg15160312,10656
5386,cg24789424,10661
5387,cg26336277,10666
5388,cg05788437,10667
5389,cg26985201,10668
5390,cg03438904,10669
5391,cg18979819,10670
5392,cg11787839,10671
5393,cg12717203,10675
5394,cg12194493,10681
5395,cg12435792,10684
5396,cg05078019,10685
5397,cg23970089,10687
5398,cg13919215,10688
5399,cg21224049,10688
5400,cg18176712,10690
5401,cg23595927,10691
5402,cg24693053,10692
5403,cg17952262,10695
5404,cg13945069,10703
5405,cg06154597,10709
5406,cg16625216,10710
5407,cg17592292,10712
5408,cg13704403,10713
5409,cg04912050,10715
5410,cg06393290,10719
5411,cg00940891,10720
5412,cg13968061,10721
5413,cg12072001,10723
5414,cg07507271,10729
5415,cg13979182,10729
5416,cg20743744,10730
5417,cg05122605,10733
5418,cg13387232,10741
5419,cg13998293,10749
5420,cg25848060,10753
5421,cg14822966,10754
5422,cg13225039,10755
5423,cg19208897,10756
5424,cg21505886,10757
5425,cg02089348,10758
5426,cg07360076,10762
5427,cg17269277,10763
5428,cg10481740,10766
5429,cg04794887,10767
5430,cg01305547,10770
5431,cg16538604,10771
5432,cg14023558,10771
5433,cg21269934,10773
5434,cg08211091,10774
5435,cg14031452,10778
5436,cg13450057,10779
5437,cg00072216,10780
5438,cg14035045,10780
5439,cg14036856,10781
5440,cg22194305,10781
5441,cg16474684,10785
5442,cg07651857,10786
5443,cg22980079,10789
5444,cg20163033,10791
5445,cg12939527,10794
5446,cg22362636,10795
5447,cg08822227,10798
5448,cg07991621,10799
5449,cg02496295,10800
5450,cg14973995,10801
5451,cg05209463,10802
5452,cg14059475,10804
5453,cg14059729,10805
5454,cg07945480,10806
5455,cg10158181,10807
5456,cg14060836,10808
5457,cg19224164,10808
5458,cg14063008,10810
5459,cg03738331,10810
5460,cg14694952,10811
5461,cg18130069,10818
5462,cg00344372,10823
5463,cg07364841,10824
5464,cg17960516,10825
5465,cg15307169,10826
5466,cg14091657,10828
5467,cg25201363,10831
5468,cg10235817,10833
5469,cg13296371,10836
5470,cg00654816,10837
5471,cg17259741,10838
5472,cg17183546,10840
5473,cg23239039,10841
5474,cg22524267,10842
5475,cg20588069,10848
5476,cg15696627,10849
5477,cg15755084,10851
5478,cg11930592,10852
5479,cg06677140,10853
5480,cg03717979,10854
5481,cg03199651,10855
5482,cg14167596,10856
5483,cg20161179,10858
5484,cg09573795,10859
5485,cg27038439,10860
5486,cg24840099,10861
5487,cg09748975,10863
5488,cg20891301,10865
5489,cg01785568,10866
5490,cg01114088,10868
5491,cg14138171,10868
5492,cg00512031,10869
5493,cg10182321,10870
5494,cg14143055,10871
5495,cg11768886,10871
5496,cg11237738,10879
5497,cg14155416,10879
5498,cg14155482,10880
5499,cg03278643,10887
5500,cg15305511,10888
5501,cg21210758,10889
5502,cg03544320,10891
5503,cg25093045,10895
5504,cg01519742,10899
5505,cg14175593,10899
5506,cg13168683,10900
5507,cg25554036,10905
5508,cg07867360,10907
5509,cg01723464,10909
5510,cg10663973,10910
5511,cg19255853,10911
5512,cg15397506,10912
5513,cg22266967,10919
5514,cg14489884,10920
5515,cg10203523,10921
5516,cg18424538,10922
5517,cg25194415,10924
5518,cg19278809,10925
5519,cg12497851,10929
5520,cg12958778,10931
5521,cg03782453,10940
5522,cg09424308,10941
5523,cg13564595,10944
5524,cg03847636,10945
5525,cg14236602,10947
5526,cg18619267,10952
5527,cg10250107,10953
5528,cg02635407,10959
5529,cg14260643,10960
5530,cg07816074,10960
5531,cg14265075,10964
5532,cg14265670,10965
5533,cg24105933,10971
5534,cg09495977,10973
5535,cg14279899,10977
5536,cg08083689,10979
5537,cg06862062,10980
5538,cg21911019,10983
5539,cg14288464,10985
5540,cg03292388,10986
5541,cg21279601,10990
5542,cg14296129,10991
5543,cg14297876,10994
5544,cg14303330,11001
5545,cg26409237,11001
5546,cg08649013,11002
5547,cg14303674,11002
5548,cg14307212,11005
5549,cg14308291,11006
5550,cg20303303,11006
5551,cg18059088,11021
5552,cg01462829,11022
5553,cg14329157,11023
5554,cg11395610,11026
5555,cg21774863,11027
5556,cg14334099,11028
5557,cg20073553,11032
5558,cg11392765,11035
5559,cg05475028,11036
5560,cg13455369,11037
5561,cg05562327,11041
5562,cg24829483,11043
5563,cg19128498,11048
5564,cg02630888,11050
5565,cg14367014,11054
5566,cg26043257,11057
5567,cg14372394,11058
5568,cg13929970,11060
5569,cg13726191,11061
5570,cg19712821,11064
5571,cg20576510,11066
5572,cg21230392,11067
5573,cg03368758,11082
5574,cg26689483,11085
5575,cg14405589,11085
5576,cg09435090,11086
5577,cg05028306,11087
5578,cg21429500,11088
5579,cg14409958,11091
5580,cg14414534,11092
5581,cg22496254,11096
5582,cg14419187,11097
5583,cg23435440,11097
5584,cg14377370,11098
5585,cg05568762,11100
5586,cg22315542,11101
5587,cg18972811,11102
5588,cg03742003,11105
5589,cg14427173,11105
5590,cg20203792,11106
5591,cg01154775,11107
5592,cg27196467,11108
5593,cg15401952,11109
5594,cg23337382,11118
5595,cg05158538,11121
5596,cg08739282,11123
5597,cg10307548,11124
5598,cg12435758,11131
5599,cg13359415,11132
5600,cg16148403,11134
5601,cg18815539,11135
5602,cg05965402,11136
5603,cg19419801,11137
5604,cg13918811,11138
5605,cg22845362,11139
5606,cg19616230,11140
5607,cg21200703,11141
5608,cg14463304,11142
5609,cg18489440,11145
5610,cg10150813,11146
5611,cg14472778,11147
5612,cg14481222,11152
5613,cg19029454,11154
5614,cg15928132,11157
5615,cg04353483,11158
5616,cg18953280,11159
5617,cg06251489,11162
5618,cg20326867,11163
5619,cg24219058,11167
5620,cg18821742,11170
5621,cg20119015,11180
5622,cg06500476,11185
5623,cg04301614,11186
5624,cg18081881,11189
5625,cg00107632,11190
5626,cg25608041,11192
5627,cg14541950,11199
5628,cg14542238,11200
5629,cg09963123,11201
5630,cg19398783,11204
5631,cg23855121,11205
5632,cg25769980,11206
5633,cg03499052,11210
5634,cg20484352,11211
5635,cg02131853,11212
5636,cg20530223,11213
5637,cg20166783,11216
5638,cg12062995,11217
5639,cg21880903,11218
5640,cg23479658,11220
5641,cg07027075,11221
5642,cg09067967,11223
5643,cg05029288,11224
5644,cg25117976,11225
5645,cg22158956,11226
5646,cg27406727,11227
5647,cg10094443,11228
5648,cg05507894,11230
5649,cg02523617,11231
5650,cg08292112,11232
5651,cg17815841,11233
5652,cg13107169,11234
5653,cg00804392,11235
5654,cg11903057,11236
5655,cg10375110,11238
5656,cg14602164,11238
5657,cg23621817,11239
5658,cg15967525,11240
5659,cg01704534,11241
5660,cg14605021,11242
5661,cg19786920,11247
5662,cg07312445,11248
5663,cg13842258,11251
5664,cg24715245,11252
5665,cg14613972,11253
5666,cg14614901,11255
5667,cg08319991,11256
5668,cg08817120,11259
5669,cg14623805,11261
5670,cg24719601,11268
5671,cg17783509,11269
5672,cg14643520,11272
5673,cg14646244,11276
5674,cg13652653,11278
5675,cg14651992,11278
5676,cg10652277,11282
5677,cg08321272,11283
5678,cg27427207,11286
5679,cg25309588,11287
5680,cg01699584,11292
5681,cg04683119,11293
5682,cg21219744,11294
5683,cg10217449,11295
5684,cg26303908,11296
5685,cg14671488,11299
5686,cg21820677,11300
5687,cg15918284,11301
5688,cg03593419,11304
5689,cg16358826,11307
5690,cg12294121,11308
5691,cg18016365,11309
5692,cg23055159,11311
5693,cg26018901,11313
5694,cg02553486,11314
5695,cg18719814,11315
5696,cg19000186,11317
5697,cg14698961,11318
5698,cg25351036,11318
5699,cg14700577,11319
5700,cg25084525,11319
5701,cg02600394,11321
5702,cg20981615,11322
5703,cg18342279,11329
5704,cg14709524,11329
5705,cg14711709,11331
5706,cg14718680,11335
5707,cg13750354,11336
5708,cg14721213,11337
5709,cg06422693,11337
5710,cg04961553,11338
5711,cg08942875,11339
5712,cg25484904,11340
5713,cg04005707,11341
5714,cg23266266,11342
5715,cg21750545,11343
5716,cg23653712,11344
5717,cg12489960,11345
5718,cg03103192,11346
5719,cg09022993,11347
5720,cg19408398,11353
5721,cg22333016,11354
5722,cg00629217,11356
5723,cg14751914,11360
5724,cg22722822,11363
5725,cg21905630,11365
5726,cg13002939,11368
5727,cg22736323,11369
5728,cg14767877,11371
5729,cg27154163,11373
5730,cg14775560,11375
5731,cg17286640,11376
5732,cg14776416,11376
5733,cg15601535,11382
5734,cg14838256,11383
5735,cg10313093,11384
5736,cg05960024,11385
5737,cg04485603,11386
5738,cg01943185,11388
5739,cg00886554,11389
5740,cg12914062,11391
5741,cg03289369,11394
5742,cg12370884,11395
5743,cg04418752,11396
5744,cg11372831,11397
5745,cg14800883,11398
5746,cg12780322,11399
5747,cg14802310,11400
5748,cg06771126,11402
5749,cg14809191,11403
5750,cg22681784,11404
5751,cg24719575,11407
5752,cg07974125,11408
5753,cg05503412,11409
5754,cg21800088,11410
5755,cg03876618,11414
5756,cg00884221,11415
5757,cg18420965,11422
5758,cg14832904,11424
5759,cg12879425,11430
5760,cg19445598,11431
5761,cg08928646,11432
5762,cg27219973,11433
5763,cg18003698,11434
5764,cg20695587,11436
5765,cg02936740,11437
5766,cg06399881,11438
5767,cg01804429,11439
5768,cg04558553,11440
5769,cg03498559,11441
5770,cg16414852,11442
5771,cg00436282,11444
5772,cg14858551,11445
5773,cg10585462,11448
5774,cg22182945,11449
5775,cg16418329,11450
5776,cg03970609,11451
5777,cg10189763,11452
5778,cg14869028,11454
5779,cg13523386,11454
5780,cg17849194,11455
5781,cg03173722,11456
5782,cg06059810,11457
5783,cg24329794,11458
5784,cg02336128,11459
5785,cg11654333,11460
5786,cg19850370,11462
5787,cg03017946,11463
5788,cg26656113,11464
5789,cg13643796,11468
5790,cg11243196,11469
5791,cg06976977,11471
5792,cg01675895,11472
5793,cg08647446,11473
5794,cg14893163,11473
5795,cg03996822,11474
5796,cg22670329,11476
5797,cg25432696,11477
5798,cg26125600,11478
5799,cg14898892,11479
5800,cg02029926,11480
5801,cg16072462,11483
5802,cg26866325,11486
5803,cg16249454,11488
5804,cg19308222,11491
5805,cg04941721,11492
5806,cg17757055,11494
5807,cg11298412,11495
5808,cg14916288,11495
5809,cg10737625,11496
5810,cg22960952,11497
5811,cg10409560,11498
5812,cg14988503,11499
5813,cg24432073,11500
5814,cg01331554,11501
5815,cg11489580,11502
5816,cg14724265,11504
5817,cg22476251,11505
5818,cg14931645,11506
5819,cg11631275,11507
5820,cg08046471,11509
5821,cg11356705,11511
5822,cg09423836,11512
5823,cg11659747,11515
5824,cg17010112,11518
5825,cg20430816,11519
5826,cg14961550,11523
5827,cg23408913,11530
5828,cg00899086,11531
5829,cg14981132,11533
5830,cg22606062,11534
5831,cg21548788,11535
5832,cg05409601,11536
5833,cg14987922,11537
5834,cg09087966,11537
5835,cg17341358,11539
5836,cg26112353,11540
5837,cg23657252,11541
5838,cg17738194,11543
5839,cg02255004,11544
5840,cg15002204,11547
5841,cg13843773,11561
5842,cg01049530,11565
5843,cg16744741,11566
5844,cg16438432,11568
5845,cg07964133,11569
5846,cg13873733,11570
5847,cg05134796,11571
5848,cg10972353,11573
5849,cg20947775,11574
5850,cg27413543,11575
5851,cg22461615,11577
5852,cg16854524,11579
5853,cg23896056,11580
5854,cg04418771,11581
5855,cg19255783,11584
5856,cg19763279,11587
5857,cg00979348,11588
5858,cg26365668,11590
5859,cg22774012,11591
5860,cg22541143,11592
5861,cg02918483,11593
5862,cg15070798,11594
5863,cg02782630,11594
5864,cg26071978,11595
5865,cg10685945,11596
5866,cg26359204,11603
5867,cg10539507,11604
5868,cg17084361,11605
5869,cg24208172,11606
5870,cg05890019,11608
5871,cg04595835,11609
5872,cg01418124,11610
5873,cg23097681,11611
5874,cg12647643,11615
5875,cg23478284,11617
5876,cg25177139,11619
5877,cg12723809,11620
5878,cg11277230,11621
5879,cg23092072,11626
5880,cg16090392,11627
5881,cg12733430,11633
5882,cg24999727,11634
5883,cg08815403,11635
5884,cg15128898,11635
5885,cg15641998,11636
5886,cg22831514,11637
5887,cg00171161,11638
5888,cg19466563,11639
5889,cg05350879,11640
5890,cg22416721,11641
5891,cg18397653,11642
5892,cg13255629,11643
5893,cg05679613,11644
5894,cg20261167,11645
5895,cg26215428,11646
5896,cg24207176,11647
5897,cg24352530,11648
5898,cg07209631,11649
5899,cg09657538,11653
5900,cg15158783,11657
5901,cg12759554,11658
5902,cg01026744,11659
5903,cg04536922,11665
5904,cg08377000,11666
5905,cg26578617,11669
5906,cg15452573,11672
5907,cg06044899,11673
5908,cg14049461,11674
5909,cg13549845,11675
5910,cg01357116,11680
5911,cg04107037,11682
5912,cg26226968,11683
5913,cg02827112,11684
5914,cg12554857,11685
5915,cg15188491,11686
5916,cg14105047,11689
5917,cg20305610,11690
5918,cg25088874,11691
5919,cg09156233,11692
5920,cg15201291,11692
5921,cg15202954,11696
5922,cg10520887,11698
5923,cg13265789,11700
5924,cg17725968,11702
5925,cg17366294,11704
5926,cg00688421,11705
5927,cg26406994,11706
5928,cg00622677,11708
5929,cg15214137,11709
5930,cg14972143,11712
5931,cg17499294,11717
5932,cg00268009,11720
5933,cg06518271,11721
5934,cg26647453,11723
5935,cg27563778,11724
5936,cg24693909,11725
5937,cg20713333,11726
5938,cg21614638,11729
5939,cg18579447,11733
5940,cg16220802,11734
5941,cg11010122,11735
5942,cg17709884,11736
5943,cg27019278,11738
5944,cg12532667,11741
5945,cg15259973,11744
5946,cg00302793,11744
5947,cg25023994,11746
5948,cg00332153,11747
5949,cg18277508,11749
5950,cg04304927,11750
5951,cg03464689,11751
5952,cg01137708,11752
5953,cg25490411,11754
5954,cg16746737,11755
5955,cg15299721,11757
5956,cg10261589,11758
5957,cg11469321,11759
5958,cg19339841,11760
5959,cg04263186,11761
5960,cg05389335,11763
5961,cg19534879,11764
5962,cg03384938,11765
5963,cg15280964,11765
5964,cg08924430,11766
5965,cg09459044,11770
5966,cg27313662,11771
5967,cg25370441,11772
5968,cg27126442,11773
5969,cg21686523,11775
5970,cg00230271,11776
5971,cg15750102,11777
5972,cg15301694,11777
5973,cg01471384,11778
5974,cg01404615,11780
5975,cg08541219,11782
5976,cg09191232,11783
5977,cg26701826,11786
5978,cg21721155,11787
5979,cg00612467,11788
5980,cg09146695,11791
5981,cg05354432,11792
5982,cg16525761,11794
5983,cg00346145,11795
5984,cg15334028,11805
5985,cg15341760,11809
5986,cg21818252,11809
5987,cg22064942,11810
5988,cg03005261,11811
5989,cg21837443,11812
5990,cg17714799,11815
5991,cg24974477,11816
5992,cg16243646,11817
5993,cg15350036,11817
5994,cg13379236,11819
5995,cg24818418,11821
5996,cg15359413,11822
5997,cg06100991,11822
5998,cg04249586,11823
5999,cg20773127,11825
6000,cg05522383,11831
6001,cg14056644,11832
6002,cg15372098,11832
6003,cg10525488,11834
6004,cg15377518,11837
6005,cg17241657,11837
6006,cg15377649,11838
6007,cg15379633,11840
6008,cg02182354,11841
6009,cg07790638,11842
6010,cg13788062,11843
6011,cg21270015,11844
6012,cg03476195,11848
6013,cg02735486,11849
6014,cg15384717,11851
6015,cg15394409,11855
6016,cg13246654,11856
6017,cg20391984,11857
6018,cg25892041,11863
6019,cg15410903,11863
6020,cg09511421,11865
6021,cg15413566,11865
6022,cg27063986,11867
6023,cg15415509,11868
6024,cg08145625,11872
6025,cg05807991,11873
6026,cg17853587,11874
6027,cg06132694,11875
6028,cg21208104,11877
6029,cg07625840,11879
6030,cg25860314,11881
6031,cg02519806,11883
6032,cg15427774,11884
6033,cg16225753,11891
6034,cg15439196,11892
6035,cg25095380,11892
6036,cg20950277,11895
6037,cg10114327,11896
6038,cg00015770,11898
6039,cg03354519,11900
6040,cg05396987,11903
6041,cg25969212,11907
6042,cg02832245,11908
6043,cg10002561,11909
6044,cg20573242,11910
6045,cg03990551,11911
6046,cg05318777,11912
6047,cg09526693,11913
6048,cg08524525,11916
6049,cg17214107,11919
6050,cg25583174,11923
6051,cg19987840,11924
6052,cg20830531,11925
6053,cg00669856,11928
6054,cg00882832,11929
6055,cg15488251,11932
6056,cg15489294,11934
6057,cg15489301,11935
6058,cg15491567,11936
6059,cg15492003,11937
6060,cg13649728,11943
6061,cg20088535,11947
6062,cg07285838,11949
6063,cg10479325,11951
6064,cg03883519,11952
6065,cg03482087,11953
6066,cg03586029,11954
6067,cg12452946,11955
6068,cg00488718,11956
6069,cg10149329,11957
6070,cg10640379,11958
6071,cg00783759,11959
6072,cg17280624,11960
6073,cg13469311,11961
6074,cg15534084,11966
6075,cg03916421,11968
6076,cg22177707,11970
6077,cg15538820,11972
6078,cg06690548,11975
6079,cg00534274,11976
6080,cg10976673,11979
6081,cg15010390,11982
6082,cg22127491,11983
6083,cg09329496,11986
6084,cg05815906,11987
6085,cg10377451,11988
6086,cg25903375,11992
6087,cg25945961,11993
6088,cg02688643,11994
6089,cg12229172,11995
6090,cg15562197,11996
6091,cg15563952,11999
6092,cg15565533,12002
6093,cg03963654,12005
6094,cg04457051,12008
6095,cg15572745,12010
6096,cg21246783,12016
6097,cg25323711,12017
6098,cg02157306,12018
6099,cg15582891,12018
6100,cg14223995,12019
6101,cg11843691,12025
6102,cg15098690,12027
6103,cg19553056,12028
6104,cg25546588,12030
6105,cg20716945,12033
6106,cg01171588,12034
6107,cg15602969,12035
6108,cg01601573,12036
6109,cg05754631,12037
6110,cg15606663,12039
6111,cg16091845,12040
6112,cg13749822,12042
6113,cg14580567,12044
6114,cg00375964,12046
6115,cg05546383,12047
6116,cg25424525,12048
6117,cg15612847,12049
6118,cg09088577,12049
6119,cg06440646,12050
6120,cg22495162,12057
6121,cg22283148,12058
6122,cg15627524,12058
6123,cg04529955,12059
6124,cg13262687,12064
6125,cg24199834,12065
6126,cg16264526,12069
6127,cg15810326,12071
6128,cg02715115,12072
6129,cg13996731,12076
6130,cg20140452,12077
6131,cg15654964,12081
6132,cg20334738,12081
6133,cg20850582,12084
6134,cg13219107,12085
6135,cg03771255,12087
6136,cg04876451,12091
6137,cg13218435,12092
6138,cg03371306,12096
6139,cg05287690,12097
6140,cg06649520,12101
6141,cg21618713,12102
6142,cg15683743,12103
6143,cg12793610,12107
6144,cg15692239,12108
6145,cg14320796,12111
6146,cg13825058,12112
6147,cg15699524,12113
6148,cg10484485,12116
6149,cg06618866,12119
6150,cg19037167,12120
6151,cg15707568,12122
6152,cg07694025,12122
6153,cg05774801,12123
6154,cg11354906,12125
6155,cg23910835,12129
6156,cg15733507,12134
6157,cg07786760,12135
6158,cg04517429,12136
6159,cg18876189,12138
6160,cg15737168,12138
6161,cg12827188,12139
6162,cg01593385,12140
6163,cg15741583,12146
6164,cg23587449,12148
6165,cg23303074,12152
6166,cg02992596,12153
6167,cg15747933,12154
6168,cg22496683,12154
6169,cg27504805,12156
6170,cg15749858,12158
6171,cg14586939,12159
6172,cg03616357,12161
6173,cg02210887,12163
6174,cg09750385,12164
6175,cg08121954,12170
6176,cg15758700,12170
6177,cg11754095,12171
6178,cg16181202,12172
6179,cg02200584,12174
6180,cg20937139,12175
6181,cg18344745,12178
6182,cg15767406,12178
6183,cg09688546,12181
6184,cg15425280,12185
6185,cg25148589,12189
6186,cg15777781,12189
6187,cg15778232,12190
6188,cg25841987,12195
6189,cg19843036,12199
6190,cg13850625,12200
6191,cg27507704,12201
6192,cg21713257,12202
6193,cg19324172,12203
6194,cg15792688,12215
6195,cg22161476,12215
6196,cg18695917,12216
6197,cg15796819,12217
6198,cg18023724,12219
6199,cg26745540,12221
6200,cg13975625,12222
6201,cg15798530,12223
6202,cg18438777,12224
6203,cg05745457,12225
6204,cg16413535,12226
6205,cg07259382,12229
6206,cg15806518,12231
6207,cg00393585,12232
6208,cg26426582,12233
6209,cg12572545,12235
6210,cg19459675,12236
6211,cg26812418,12238
6212,cg02886284,12239
6213,cg08570521,12244
6214,cg26538349,12246
6215,cg19252175,12247
6216,cg15239703,12252
6217,cg15824080,12253
6218,cg06292277,12256
6219,cg26171231,12257
6220,cg04518155,12258
6221,cg12506971,12260
6222,cg01654582,12261
6223,cg27433088,12265
6224,cg25086702,12269
6225,cg15840658,12269
6226,cg13515674,12270
6227,cg15841415,12270
6228,cg16718094,12271
6229,cg15772393,12272
6230,cg01324261,12273
6231,cg05348123,12274
6232,cg15843217,12274
6233,cg15865742,12289
6234,cg01580681,12289
6235,cg15869022,12291
6236,cg02774439,12292
6237,cg15873633,12295
6238,cg22461018,12295
6239,cg06366981,12296
6240,cg18164599,12297
6241,cg15876417,12298
6242,cg14561282,12298
6243,cg16411152,12299
6244,cg22821324,12302
6245,cg19639622,12303
6246,cg18443378,12304
6247,cg01311285,12308
6248,cg23322316,12309
6249,cg12182525,12310
6250,cg09475757,12314
6251,cg13743031,12315
6252,cg15898840,12315
6253,cg00398048,12316
6254,cg15903421,12321
6255,cg05060602,12324
6256,cg14892066,12325
6257,cg22734085,12329
6258,cg22428102,12330
6259,cg07973390,12333
6260,cg16802152,12334
6261,cg10348863,12336
6262,cg16420530,12337
6263,cg08493463,12340
6264,cg15936718,12343
6265,cg25255854,12346
6266,cg20811273,12352
6267,cg15171237,12353
6268,cg06600412,12354
6269,cg16092956,12356
6270,cg24697682,12361
6271,cg27583030,12362
6272,cg06521761,12364
6273,cg11595794,12365
6274,cg19905754,12366
6275,cg09001953,12368
6276,cg22385477,12369
6277,cg02545106,12370
6278,cg02515725,12371
6279,cg20544605,12374
6280,cg15973234,12375
6281,cg26583078,12375
6282,cg12697789,12378
6283,cg24529858,12379
6284,cg15977816,12380
6285,cg10063179,12381
6286,cg06039392,12382
6287,cg19428336,12383
6288,cg15983538,12386
6289,cg15984612,12387
6290,cg06274159,12392
6291,cg14189571,12394
6292,cg04086012,12395
6293,cg16001460,12405
6294,cg16008138,12415
6295,cg16016951,12422
6296,cg16036738,12435
6297,cg16041660,12439
6298,cg16046376,12441
6299,cg26436158,12446
6300,cg02748539,12453
6301,cg23061578,12455
6302,cg19108785,12456
6303,cg22938407,12457
6304,cg20584011,12460
6305,cg02822723,12461
6306,cg26054540,12467
6307,cg24886748,12470
6308,cg19421752,12475
6309,cg02064402,12476
6310,cg16097079,12476
6311,cg16101800,12481
6312,cg17166338,12481
6313,cg26721993,12484
6314,cg26205131,12486
6315,cg13202751,12492
6316,cg05365670,12507
6317,cg24003306,12513
6318,cg25632001,12514
6319,cg06609475,12515
6320,cg00243313,12522
6321,cg16176301,12528
6322,cg16176600,12529
6323,cg16177830,12531
6324,cg16182127,12535
6325,cg26504021,12539
6326,cg16196812,12548
6327,cg16199381,12549
6328,cg20149766,12558
6329,cg09576882,12559
6330,cg03663215,12566
6331,cg21803417,12570
6332,cg23054676,12571
6333,cg10300154,12572
6334,cg11011938,12578
6335,cg03702236,12579
6336,cg23248452,12580
6337,cg11151820,12581
6338,cg25484373,12582
6339,cg11882252,12583
6340,cg13466487,12584
6341,cg20126158,12587
6342,cg08103676,12588
6343,cg22411068,12589
6344,cg16250754,12593
6345,cg16256643,12600
6346,cg16257091,12603
6347,cg21046940,12604
6348,cg07817783,12605
6349,cg25302419,12606
6350,cg10331779,12607
6351,cg16267266,12608
6352,cg03503295,12609
6353,cg16267491,12609
6354,cg14880800,12610
6355,cg27465566,12611
6356,cg24602243,12612
6357,cg23639989,12621
6358,cg24592364,12625
6359,cg09238598,12626
6360,cg16282101,12627
6361,cg16284168,12629
6362,cg16293656,12635
6363,cg16298282,12640
6364,cg16188038,12644
6365,cg14966252,12645
6366,cg02729303,12646
6367,cg16307860,12648
6368,cg16310717,12650
6369,cg07862358,12653
6370,cg19796273,12654
6371,cg08771731,12657
6372,cg23496260,12659
6373,cg16321029,12659
6374,cg16326979,12661
6375,cg16330965,12663
6376,cg03504701,12665
6377,cg10303842,12668
6378,cg15175266,12669
6379,cg19475870,12677
6380,cg12864235,12678
6381,cg16348491,12678
6382,cg10919204,12681
6383,cg05822100,12683
6384,cg15929201,12686
6385,cg25735280,12689
6386,cg22705225,12690
6387,cg17751867,12694
6388,cg03522216,12695
6389,cg13954292,12698
6390,cg01236137,12701
6391,cg16381688,12701
6392,cg16381752,12702
6393,cg16382256,12703
6394,cg07663789,12704
6395,cg05839235,12705
6396,cg16434306,12708
6397,cg24363955,12709
6398,cg14873135,12712
6399,cg12168164,12713
6400,cg12238343,12717
6401,cg03909500,12718
6402,cg14189614,12719
6403,cg10752753,12720
6404,cg01091448,12723
6405,cg16408565,12724
6406,cg12346515,12724
6407,cg03934354,12725
6408,cg18752880,12727
6409,cg03332113,12729
6410,cg11154798,12730
6411,cg16414945,12730
6412,cg16417937,12733
6413,cg25852941,12733
6414,cg01146980,12735
6415,cg16297030,12736
6416,cg09745307,12737
6417,cg17397493,12739
6418,cg24675098,12740
6419,cg04312209,12742
6420,cg16425577,12742
6421,cg24202119,12743
6422,cg10994379,12744
6423,cg05512756,12746
6424,cg19135982,12747
6425,cg16434546,12748
6426,cg16268429,12751
6427,cg16443152,12751
6428,cg26511075,12752
6429,cg16444968,12753
6430,cg24237439,12753
6431,cg12430845,12754
6432,cg16449972,12755
6433,cg26929490,12755
6434,cg15269294,12756
6435,cg15827031,12757
6436,cg16467694,12762
6437,cg07442479,12764
6438,cg07715201,12767
6439,cg23029193,12768
6440,cg26747293,12769
6441,cg01796228,12773
6442,cg26475085,12774
6443,cg03138091,12775
6444,cg16483466,12775
6445,cg27606341,12777
6446,cg13703437,12778
6447,cg11706163,12780
6448,cg16490390,12780
6449,cg14606768,12781
6450,cg15873715,12782
6451,cg16494477,12783
6452,cg16495265,12785
6453,cg23164327,12789
6454,cg02588309,12790
6455,cg16505550,12791
6456,cg24382521,12794
6457,cg09179845,12795
6458,cg11976616,12797
6459,cg16515820,12799
6460,cg08590939,12799
6461,cg11487705,12800
6462,cg10850119,12801
6463,cg22359217,12802
6464,cg04502814,12807
6465,cg16524139,12808
6466,cg04741133,12823
6467,cg09632585,12824
6468,cg24150528,12825
6469,cg23502772,12826
6470,cg24371225,12827
6471,cg11057497,12829
6472,cg18646457,12830
6473,cg16551261,12832
6474,cg23863670,12832
6475,cg03077492,12833
6476,cg16555388,12834
6477,cg06597095,12834
6478,cg26088104,12835
6479,cg24043192,12836
6480,cg16558348,12836
6481,cg22215520,12837
6482,cg14865516,12838
6483,cg26317056,12840
6484,cg14654926,12843
6485,cg16579354,12844
6486,cg20387341,12844
6487,cg16580737,12845
6488,cg11285003,12849
6489,cg09351859,12851
6490,cg21410991,12852
6491,cg16597172,12857
6492,cg26896762,12857
6493,cg21153758,12860
6494,cg15676241,12863
6495,cg09759260,12864
6496,cg16607065,12865
6497,cg21540749,12866
6498,cg07499072,12867
6499,cg11391732,12870
6500,cg16612562,12870
6501,cg26356176,12871
6502,cg05705366,12872
6503,cg20451680,12880
6504,cg06118312,12883
6505,cg07707227,12884
6506,cg16636571,12889
6507,cg08514736,12895
6508,cg16648297,12896
6509,cg13352495,12896
6510,cg16738336,12897
6511,cg09230732,12898
6512,cg16657615,12902
6513,cg04401436,12905
6514,cg02899723,12907
6515,cg21950518,12908
6516,cg13576061,12909
6517,cg14225544,12928
6518,cg25159610,12929
6519,cg12491659,12930
6520,cg19135706,12932
6521,cg16708623,12933
6522,cg03014628,12933
6523,cg13112511,12939
6524,cg16715722,12939
6525,cg16721202,12945
6526,cg09712066,12946
6527,cg16721845,12946
6528,cg19051578,12947
6529,cg03905094,12948
6530,cg10506318,12950
6531,cg16928795,12951
6532,cg11649654,12952
6533,cg16729794,12954
6534,cg00581156,12955
6535,cg04883450,12956
6536,cg16739396,12960
6537,cg16743781,12965
6538,cg25136045,12966
6539,cg02577849,12970
6540,cg14700821,12971
6541,cg11044823,12972
6542,cg08307039,12973
6543,cg18741962,12974
6544,cg09873510,12975
6545,cg07733031,12976
6546,cg07172256,12977
6547,cg16752778,12977
6548,cg22009138,12978
6549,cg14787704,12980
6550,cg16762386,12984
6551,cg17751569,12985
6552,cg16763895,12985
6553,cg16770799,12988
6554,cg12663253,12990
6555,cg09176995,12994
6556,cg13849825,12995
6557,cg21993406,12997
6558,cg09298289,12998
6559,cg25112044,13000
6560,cg15003158,13001
6561,cg05843340,13002
6562,cg02216250,13007
6563,cg13793354,13009
6564,cg18359921,13010
6565,cg20798152,13011
6566,cg23300372,13013
6567,cg02001410,13015
6568,cg04527989,13017
6569,cg16793150,13018
6570,cg15037004,13022
6571,cg12026956,13024
6572,cg15518950,13027
6573,cg25177452,13028
6574,cg13958614,13036
6575,cg03663715,13037
6576,cg14012294,13038
6577,cg16833551,13039
6578,cg16834187,13040
6579,cg10833576,13042
6580,cg01439669,13049
6581,cg20951821,13050
6582,cg08548086,13052
6583,cg02162412,13064
6584,cg27061947,13065
6585,cg03132911,13067
6586,cg02387679,13068
6587,cg00415993,13071
6588,cg08241785,13073
6589,cg20030243,13075
6590,cg11591325,13076
6591,cg24573501,13079
6592,cg21842274,13086
6593,cg16545105,13087
6594,cg06252849,13091
6595,cg25836159,13092
6596,cg04735745,13093
6597,cg21985356,13094
6598,cg16908782,13095
6599,cg06339657,13096
6600,cg18089852,13097
6601,cg14119774,13100
6602,cg02017109,13101
6603,cg24231716,13104
6604,cg15852891,13106
6605,cg13438543,13107
6606,cg16927136,13110
6607,cg16932672,13114
6608,cg01692815,13117
6609,cg18240496,13118
6610,cg12126786,13119
6611,cg04833050,13123
6612,cg26470338,13127
6613,cg16957569,13131
6614,cg03400060,13131
6615,cg10660256,13136
6616,cg17758148,13138
6617,cg02725014,13139
6618,cg09147213,13140
6619,cg20979602,13142
6620,cg05577173,13143
6621,cg16979445,13144
6622,cg18110483,13156
6623,cg05602212,13168
6624,cg19184518,13169
6625,cg07526021,13172
6626,cg16161425,13173
6627,cg09952204,13174
6628,cg22979433,13176
6629,cg10978355,13181
6630,cg17036441,13181
6631,cg17037924,13182
6632,cg16993440,13182
6633,cg01491225,13183
6634,cg21942082,13184
6635,cg22913584,13187
6636,cg20757912,13188
6637,cg24136586,13190
6638,cg10681725,13193
6639,cg23248587,13195
6640,cg25243721,13196
6641,cg04525496,13198
6642,cg06434428,13199
6643,cg09893305,13200
6644,cg16773899,13203
6645,cg15664067,13209
6646,cg14452392,13211
6647,cg09299307,13212
6648,cg10215884,13213
6649,cg20588892,13214
6650,cg18287975,13218
6651,cg08223748,13219
6652,cg14993293,13221
6653,cg08935243,13222
6654,cg19369775,13224
6655,cg16298264,13225
6656,cg26937148,13239
6657,cg17119688,13240
6658,cg18370979,13250
6659,cg20813773,13252
6660,cg17133183,13252
6661,cg03975345,13253
6662,cg17135325,13254
6663,cg03550002,13258
6664,cg09244244,13259
6665,cg19108718,13262
6666,cg07948472,13263
6667,cg24274600,13265
6668,cg11017269,13266
6669,cg17155167,13267
6670,cg26829318,13267
6671,cg03852144,13269
6672,cg05001145,13276
6673,cg21091679,13277
6674,cg09786257,13281
6675,cg23187653,13284
6676,cg17171916,13287
6677,cg14161426,13288
6678,cg17522249,13289
6679,cg11769360,13290
6680,cg09593402,13291
6681,cg16746462,13292
6682,cg17177660,13292
6683,cg06213287,13294
6684,cg15234096,13295
6685,cg12676081,13296
6686,cg17185543,13302
6687,cg17186163,13304
6688,cg13320626,13305
6689,cg04380513,13306
6690,cg17189058,13309
6691,cg20131596,13311
6692,cg21596317,13312
6693,cg02675896,13313
6694,cg02976617,13314
6695,cg07655627,13315
6696,cg15453943,13317
6697,cg15230273,13321
6698,cg17208363,13322
6699,cg09000112,13322
6700,cg15223781,13323
6701,cg17225169,13326
6702,cg22603964,13327
6703,cg27610250,13330
6704,cg15089387,13333
6705,cg17229388,13333
6706,cg15739437,13334
6707,cg06822995,13337
6708,cg12871124,13339
6709,cg03775246,13345
6710,cg05869964,13346
6711,cg17240836,13346
6712,cg03558807,13349
6713,cg09730836,13350
6714,cg20311501,13356
6715,cg19863003,13359
6716,cg06894812,13362
6717,cg24003542,13363
6718,cg23973000,13365
6719,cg16581199,13366
6720,cg07465864,13368
6721,cg09868597,13369
6722,cg17264618,13371
6723,cg17272094,13374
6724,cg23615676,13374
6725,cg27403635,13375
6726,cg17281600,13382
6727,cg09312149,13384
6728,cg08987989,13387
6729,cg15658426,13388
6730,cg25267732,13390
6731,cg08490173,13394
6732,cg23941599,13395
6733,cg00645922,13397
6734,cg12880658,13399
6735,cg07644368,13403
6736,cg15260250,13404
6737,cg07263984,13405
6738,cg26233209,13406
6739,cg09523691,13407
6740,cg25044651,13409
6741,cg17336076,13413
6742,cg17338258,13414
6743,cg09573435,13415
6744,cg12928668,13416
6745,cg12032116,13419
6746,cg04856203,13420
6747,cg07086380,13426
6748,cg17349753,13428
6749,cg09486093,13429
6750,cg14874121,13430
6751,cg17352004,13431
6752,cg11897314,13432
6753,cg17353431,13432
6754,cg11234457,13436
6755,cg09262269,13438
6756,cg22836153,13439
6757,cg02548238,13440
6758,cg01824804,13441
6759,cg01429321,13442
6760,cg06508445,13443
6761,cg11960393,13444
6762,cg17378989,13446
6763,cg22282672,13447
6764,cg04684516,13449
6765,cg17425616,13451
6766,cg01064957,13452
6767,cg20470275,13453
6768,cg01737507,13454
6769,cg05389183,13455
6770,cg02631957,13458
6771,cg17391474,13459
6772,cg17391877,13460
6773,cg08704509,13471
6774,cg15165084,13472
6775,cg17408647,13474
6776,cg19298821,13475
6777,cg20986134,13478
6778,cg23953133,13479
6779,cg17412560,13479
6780,cg25084220,13482
6781,cg17414431,13482
6782,cg06940792,13485
6783,cg26465611,13486
6784,cg15851800,13487
6785,cg06465021,13488
6786,cg02233558,13489
6787,cg25084878,13494
6788,cg27223047,13497
6789,cg20103758,13498
6790,cg17439694,13500
6791,cg07103493,13501
6792,cg13701109,13503
6793,cg15034135,13504
6794,cg10627136,13505
6795,cg14645481,13506
6796,cg00751288,13507
6797,cg02257405,13512
6798,cg19986872,13513
6799,cg11212312,13515
6800,cg17465827,13518
6801,cg17983064,13519
6802,cg13259290,13521
6803,cg02196805,13526
6804,cg17470697,13528
6805,cg24117468,13528
6806,cg22598563,13529
6807,cg20512303,13530
6808,cg01305625,13533
6809,cg17480438,13534
6810,cg26229274,13539
6811,cg27372468,13540
6812,cg17491456,13540
6813,cg14196790,13542
6814,cg17498321,13544
6815,cg05915281,13548
6816,cg26081812,13550
6817,cg15619794,13551
6818,cg17503750,13552
6819,cg21935083,13552
6820,cg24974130,13553
6821,cg07810967,13555
6822,cg17505428,13555
6823,cg26787239,13556
6824,cg17520176,13565
6825,cg18840461,13568
6826,cg26399201,13569
6827,cg17524886,13569
6828,cg17525003,13570
6829,cg17530977,13574
6830,cg16609957,13574
6831,cg22311533,13576
6832,cg17446142,13577
6833,cg10458581,13579
6834,cg12576844,13581
6835,cg06638012,13584
6836,cg13778073,13587
6837,cg25141995,13591
6838,cg17563769,13594
6839,cg01116966,13594
6840,cg07440414,13595
6841,cg17572791,13601
6842,cg26074851,13601
6843,cg00854995,13602
6844,cg17575811,13603
6845,cg21703138,13603
6846,cg27543230,13604
6847,cg09693433,13605
6848,cg06296021,13606
6849,cg08513100,13607
6850,cg00943950,13608
6851,cg04590931,13612
6852,cg05705583,13615
6853,cg11141561,13616
6854,cg17067942,13617
6855,cg22197830,13618
6856,cg20300655,13620
6857,cg08452348,13621
6858,cg17607024,13626
6859,cg24495017,13627
6860,cg17607973,13628
6861,cg01550148,13637
6862,cg13349425,13642
6863,cg14722162,13643
6864,cg17648620,13654
6865,cg11946503,13654
6866,cg04330449,13656
6867,cg04897683,13657
6868,cg17830308,13660
6869,cg24585690,13666
6870,cg13842648,13667
6871,cg21783004,13673
6872,cg21034676,13675
6873,cg00386408,13676
6874,cg14181459,13689
6875,cg02352653,13690
6876,cg17710288,13697
6877,cg12832649,13700
6878,cg17718210,13702
6879,cg13847070,13702
6880,cg11049298,13703
6881,cg12241297,13704
6882,cg04956382,13705
6883,cg02770814,13706
6884,cg09513026,13708
6885,cg08603768,13709
6886,cg13707560,13710
6887,cg25507001,13711
6888,cg27119451,13713
6889,cg17729941,13713
6890,cg09350274,13715
6891,cg14784788,13717
6892,cg22748850,13718
6893,cg06221259,13723
6894,cg27264345,13724
6895,cg26069252,13725
6896,cg05229898,13726
6897,cg01936124,13730
6898,cg08902132,13731
6899,cg13859216,13732
6900,cg01037108,13733
6901,cg02276665,13737
6902,cg07874155,13738
6903,cg00213331,13740
6904,cg06302803,13745
6905,cg11905589,13749
6906,cg24683061,13750
6907,cg26392924,13755
6908,cg25374813,13756
6909,cg13500819,13758
6910,cg10356060,13761
6911,cg25707005,13762
6912,cg23261102,13763
6913,cg19238398,13764
6914,cg16983159,13767
6915,cg06005644,13769
6916,cg17792192,13774
6917,cg17793621,13775
6918,cg17797815,13779
6919,cg17811228,13783
6920,cg04686412,13784
6921,cg08100497,13791
6922,cg27152280,13792
6923,cg17814481,13795
6924,cg15563057,13800
6925,cg03529436,13804
6926,cg17824393,13804
6927,cg25132078,13810
6928,cg07697078,13811
6929,cg01599709,13812
6930,cg20868410,13813
6931,cg08918431,13816
6932,cg02215538,13817
6933,cg17838765,13818
6934,cg17416146,13818
6935,cg10731022,13819
6936,cg08948050,13820
6937,cg20021244,13821
6938,cg02995853,13822
6939,cg25358289,13824
6940,cg19008097,13825
6941,cg06994793,13826
6942,cg00916199,13827
6943,cg15537433,13828
6944,cg09507928,13829
6945,cg17854440,13830
6946,cg03136712,13831
6947,cg16949889,13832
6948,cg01500421,13833
6949,cg02153871,13834
6950,cg20948472,13835
6951,cg06225581,13836
6952,cg17864730,13837
6953,cg26556719,13841
6954,cg17869167,13842
6955,cg18902090,13845
6956,cg12629325,13847
6957,cg24076884,13853
6958,cg06899976,13856
6959,cg10887021,13858
6960,cg03504078,13860
6961,cg01512854,13861
6962,cg03349953,13862
6963,cg23596123,13864
6964,cg03780733,13865
6965,cg17897879,13867
6966,cg05898102,13868
6967,cg07899016,13869
6968,cg06327515,13871
6969,cg17904739,13872
6970,cg11368643,13873
6971,cg10757144,13874
6972,cg26783353,13878
6973,cg19215261,13879
6974,cg19311812,13880
6975,cg06284322,13881
6976,cg17918239,13884
6977,cg17918700,13886
6978,cg14011639,13899
6979,cg17945001,13902
6980,cg17947053,13904
6981,cg07730329,13905
6982,cg11647681,13906
6983,cg02780295,13911
6984,cg15361590,13918
6985,cg12145907,13920
6986,cg00943245,13921
6987,cg17108383,13922
6988,cg11064797,13927
6989,cg24385322,13928
6990,cg10414058,13929
6991,cg11136562,13930
6992,cg16382322,13931
6993,cg22764338,13933
6994,cg09985635,13934
6995,cg08587542,13935
6996,cg17990871,13935
6997,cg12845808,13937
6998,cg04797496,13938
6999,cg04182865,13939
7000,cg18003135,13940
7001,cg19704039,13940
7002,cg13490971,13942
7003,cg16821394,13943
7004,cg18011401,13947
7005,cg20044189,13948
7006,cg25040733,13949
7007,cg08816023,13953
7008,cg19954000,13954
7009,cg00672638,13955
7010,cg03328750,13956
7011,cg18023080,13959
7012,cg23513690,13972
7013,cg08017606,13973
7014,cg23303408,13975
7015,cg18053505,13975
7016,cg18482268,13976
7017,cg09189322,13980
7018,cg01112778,13986
7019,cg17342759,13987
7020,cg11572744,13991
7021,cg18071588,13991
7022,cg18079631,13994
7023,cg19530885,13998
7024,cg17788013,13999
7025,cg26851800,14000
7026,cg27488807,14001
7027,cg19404190,14002
7028,cg02376163,14003
7029,cg25847835,14004
7030,cg07102705,14007
7031,cg19110523,14010
7032,cg14818279,14011
7033,cg01965939,14012
7034,cg18094221,14013
7035,cg05026186,14014
7036,cg25821963,14015
7037,cg10328462,14018
7038,cg08680102,14019
7039,cg07933176,14021
7040,cg22281080,14022
7041,cg25141490,14023
7042,cg06899802,14031
7043,cg16786458,14033
7044,cg15219393,14034
7045,cg18915143,14038
7046,cg19382175,14039
7047,cg13237906,14041
7048,cg25054311,14042
7049,cg25428293,14043
7050,cg05382565,14044
7051,cg04569804,14047
7052,cg11042320,14050
7053,cg12727795,14051
7054,cg18139900,14053
7055,cg15452204,14053
7056,cg19435264,14055
7057,cg27244482,14057
7058,cg09825414,14059
7059,cg08983975,14060
7060,cg19928046,14061
7061,cg22975568,14062
7062,cg01982455,14063
7063,cg07155664,14064
7064,cg18159180,14066
7065,cg15467759,14071
7066,cg25677709,14072
7067,cg18182038,14081
7068,cg18182358,14082
7069,cg13590277,14083
7070,cg14600885,14087
7071,cg18189601,14087
7072,cg18190433,14088
7073,cg13214422,14088
7074,cg18849169,14098
7075,cg21504918,14100
7076,cg21516478,14101
7077,cg17820459,14102
7078,cg03197524,14107
7079,cg18220560,14110
7080,cg21623671,14111
7081,cg15512961,14112
7082,cg08317263,14113
7083,cg22775896,14114
7084,cg15972617,14115
7085,cg22445920,14117
7086,cg01678321,14118
7087,cg10345936,14119
7088,cg08724474,14120
7089,cg14104257,14121
7090,cg18237405,14123
7091,cg04443324,14123
7092,cg08331313,14130
7093,cg18250832,14134
7094,cg21101222,14134
7095,cg06746171,14135
7096,cg20775840,14137
7097,cg26361928,14138
7098,cg14319409,14141
7099,cg03914397,14142
7100,cg18271969,14145
7101,cg17020834,14145
7102,cg22230395,14148
7103,cg17034082,14149
7104,cg02141675,14150
7105,cg26565838,14151
7106,cg09545860,14153
7107,cg07927484,14154
7108,cg19721889,14157
7109,cg00405677,14158
7110,cg23613317,14160
7111,cg13689073,14161
7112,cg10257049,14166
7113,cg10214058,14167
7114,cg04730731,14169
7115,cg19560287,14170
7116,cg20492933,14171
7117,cg03811411,14172
7118,cg18312807,14172
7119,cg18994063,14173
7120,cg18313702,14174
7121,cg17484237,14174
7122,cg08519865,14176
7123,cg18587018,14177
7124,cg14376424,14178
7125,cg01546430,14180
7126,cg09453312,14182
7127,cg18329036,14182
7128,cg20541456,14184
7129,cg26790059,14185
7130,cg20189782,14186
7131,cg07540118,14191
7132,cg09079275,14192
7133,cg06200339,14193
7134,cg02641095,14194
7135,cg16582174,14197
7136,cg18341054,14198
7137,cg05056120,14205
7138,cg01657408,14213
7139,cg18354594,14214
7140,cg07444907,14215
7141,cg17357865,14216
7142,cg18357645,14218
7143,cg00066816,14218
7144,cg09038885,14219
7145,cg21575929,14220
7146,cg01222684,14223
7147,cg22956315,14224
7148,cg18374517,14227
7149,cg19742789,14229
7150,cg17178888,14230
7151,cg10534672,14231
7152,cg07816439,14232
7153,cg02367472,14233
7154,cg27185377,14235
7155,cg26775866,14236
7156,cg01939681,14237
7157,cg16509658,14238
7158,cg22672790,14239
7159,cg07592353,14240
7160,cg24523000,14241
7161,cg02065387,14242
7162,cg18392482,14243
7163,cg18219951,14244
7164,cg04232649,14245
7165,cg04084172,14246
7166,cg19545851,14247
7167,cg18396533,14248
7168,cg24206256,14248
7169,cg17329249,14249
7170,cg18403361,14256
7171,cg16802646,14260
7172,cg02865818,14261
7173,cg18412984,14263
7174,cg24809768,14264
7175,cg13404558,14267
7176,cg16421589,14268
7177,cg11732619,14272
7178,cg19905251,14277
7179,cg24115593,14279
7180,cg21233722,14282
7181,cg18433086,14282
7182,cg18436172,14285
7183,cg19233472,14287
7184,cg17127769,14289
7185,cg01495509,14292
7186,cg12833011,14294
7187,cg25720804,14307
7188,cg24145210,14312
7189,cg14039952,14313
7190,cg18474934,14314
7191,cg00156744,14320
7192,cg00076645,14323
7193,cg18502522,14330
7194,cg18503260,14331
7195,cg26095194,14337
7196,cg17429424,14338
7197,cg22229034,14339
7198,cg17946497,14340
7199,cg04060275,14341
7200,cg10837843,14342
7201,cg16957313,14343
7202,cg15947959,14345
7203,cg17304433,14346
7204,cg18519564,14348
7205,cg08233173,14354
7206,cg04960652,14358
7207,cg17714794,14359
7208,cg03294619,14362
7209,cg01282074,14363
7210,cg19728382,14368
7211,cg12598575,14371
7212,cg26796283,14383
7213,cg16112129,14391
7214,cg17307280,14393
7215,cg09801842,14395
7216,cg14345676,14396
7217,cg20277670,14397
7218,cg22776578,14398
7219,cg19885761,14400
7220,cg21605986,14403
7221,cg26620356,14404
7222,cg08725962,14405
7223,cg27092035,14406
7224,cg27035806,14407
7225,cg24735937,14408
7226,cg18609562,14408
7227,cg08283293,14411
7228,cg07035740,14415
7229,cg02616808,14420
7230,cg12893143,14421
7231,cg14709481,14422
7232,cg06720424,14424
7233,cg18546419,14425
7234,cg18525740,14426
7235,cg18634211,14426
7236,cg24504986,14427
7237,cg15442702,14428
7238,cg18638496,14431
7239,cg11316784,14433
7240,cg03536787,14434
7241,cg07880061,14436
7242,cg18652852,14441
7243,cg09564133,14442
7244,cg02693857,14443
7245,cg21751787,14449
7246,cg13755535,14450
7247,cg01567482,14451
7248,cg01348086,14452
7249,cg06501790,14455
7250,cg12332316,14464
7251,cg06625767,14465
7252,cg21424904,14467
7253,cg27116713,14468
7254,cg06189653,14471
7255,cg01805784,14472
7256,cg22605063,14473
7257,cg23983884,14474
7258,cg02357714,14480
7259,cg01278291,14482
7260,cg00483154,14483
7261,cg18705776,14484
7262,cg10948883,14484
7263,cg15437432,14487
7264,cg06665799,14488
7265,cg11313997,14489
7266,cg18718102,14492
7267,cg18722841,14495
7268,cg16257040,14496
7269,cg18728606,14497
7270,cg25553916,14497
7271,cg09282744,14498
7272,cg00273124,14499
7273,cg06619299,14500
7274,cg10038259,14502
7275,cg07051140,14503
7276,cg18042806,14504
7277,cg20546002,14516
7278,cg10730712,14517
7279,cg12766348,14519
7280,cg22778145,14520
7281,cg09339527,14523
7282,cg27654142,14524
7283,cg23037403,14527
7284,cg03355526,14530
7285,cg15674997,14531
7286,cg18773223,14532
7287,cg11538128,14538
7288,cg18783796,14539
7289,cg04488521,14539
7290,cg18788940,14542
7291,cg14409941,14543
7292,cg01593190,14544
7293,cg25418748,14548
7294,cg05497107,14549
7295,cg03992230,14552
7296,cg19723775,14553
7297,cg18801691,14553
7298,cg18805835,14556
7299,cg14908548,14556
7300,cg20060451,14557
7301,cg16361890,14561
7302,cg11394785,14563
7303,cg18824775,14566
7304,cg18825999,14568
7305,cg14446808,14569
7306,cg20406374,14572
7307,cg10737521,14573
7308,cg21929993,14577
7309,cg04915182,14580
7310,cg21169285,14581
7311,cg21937886,14583
7312,cg18602314,14584
7313,cg18855178,14586
7314,cg15241708,14586
7315,cg15790852,14587
7316,cg16585682,14589
7317,cg18862260,14590
7318,cg18870231,14592
7319,cg00489401,14595
7320,cg13927251,14596
7321,cg21898046,14598
7322,cg24024214,14603
7323,cg03723845,14604
7324,cg18878891,14604
7325,cg05886367,14605
7326,cg15516226,14606
7327,cg11360149,14607
7328,cg05071677,14608
7329,cg18887228,14612
7330,cg09079593,14614
7331,cg21850069,14620
7332,cg18896687,14622
7333,cg08424427,14622
7334,cg20273774,14623
7335,cg11100802,14624
7336,cg18906795,14628
7337,cg15383120,14633
7338,cg11235426,14636
7339,cg25140370,14638
7340,cg12741420,14643
7341,cg18936744,14648
7342,cg04946916,14657
7343,cg19899882,14659
7344,cg18958531,14665
7345,cg23867624,14669
7346,cg04504095,14670
7347,cg18977436,14680
7348,cg08932320,14681
7349,cg05191792,14684
7350,cg18335933,14685
7351,cg18986273,14688
7352,cg06148264,14690
7353,cg18987220,14692
7354,cg18676237,14695
7355,cg18995088,14698
7356,cg10164686,14701
7357,cg18997990,14702
7358,cg06945625,14702
7359,cg05501682,14704
7360,cg12044889,14707
7361,cg04099420,14710
7362,cg03462055,14712
7363,cg23517605,14713
7364,cg25211525,14719
7365,cg01570885,14722
7366,cg03202897,14723
7367,cg06786424,14724
7368,cg15637528,14726
7369,cg09439093,14727
7370,cg14831798,14731
7371,cg15669273,14741
7372,cg26165608,14742
7373,cg19046959,14744
7374,cg11504897,14747
7375,cg25511429,14748
7376,cg14047667,14749
7377,cg03440267,14750
7378,cg20162076,14751
7379,cg02212836,14752
7380,cg17774418,14753
7381,cg18201198,14754
7382,cg19088651,14763
7383,cg18533466,14765
7384,cg19096540,14769
7385,cg19098314,14771
7386,cg07936037,14773
7387,cg26848248,14774
7388,cg24520800,14775
7389,cg13654195,14776
7390,cg27321931,14778
7391,cg21068339,14779
7392,cg06634267,14780
7393,cg26985138,14781
7394,cg07479491,14785
7395,cg19109431,14786
7396,cg03447931,14786
7397,cg14267151,14788
7398,cg14439353,14789
7399,cg19118533,14790
7400,cg01808130,14790
7401,cg19118812,14791
7402,cg09548084,14791
7403,cg19120125,14792
7404,cg22168676,14794
7405,cg27631817,14795
7406,cg12439899,14798
7407,cg22572779,14802
7408,cg26385286,14804
7409,cg21486659,14812
7410,cg03349251,14813
7411,cg02844545,14817
7412,cg09829319,14818
7413,cg13562911,14824
7414,cg19167673,14828
7415,cg25151806,14828
7416,cg18226566,14831
7417,cg01177524,14832
7418,cg19182046,14834
7419,cg14178895,14840
7420,cg10787197,14842
7421,cg25559625,14849
7422,cg20376899,14850
7423,cg19206150,14855
7424,cg08946989,14859
7425,cg09258965,14860
7426,cg19216044,14861
7427,cg22023770,14864
7428,cg23640903,14865
7429,cg00194146,14866
7430,cg16253168,14868
7431,cg19220586,14869
7432,cg06433995,14869
7433,cg14645085,14870
7434,cg19221369,14872
7435,cg00214855,14872
7436,cg23528708,14873
7437,cg04603184,14875
7438,cg09754413,14876
7439,cg16273597,14878
7440,cg19250891,14899
7441,cg19252956,14902
7442,cg19254235,14903
7443,cg15210999,14905
7444,cg18719571,14906
7445,cg14298379,14908
7446,cg19055458,14909
7447,cg25457331,14912
7448,cg19190714,14913
7449,cg19273182,14915
7450,cg19278165,14916
7451,cg19280776,14921
7452,cg19286986,14926
7453,cg10487127,14927
7454,cg19292008,14930
7455,cg23207527,14937
7456,cg23013864,14938
7457,cg06682978,14939
7458,cg27087525,14940
7459,cg16218387,14941
7460,cg08620270,14943
7461,cg22736354,14951
7462,cg00772000,14952
7463,cg24342628,14953
7464,cg07465480,14954
7465,cg05200311,14955
7466,cg21561142,14956
7467,cg17252960,14959
7468,cg00468146,14960
7469,cg19339848,14960
7470,cg27250759,14963
7471,cg18152712,14964
7472,cg14499797,14969
7473,cg19356324,14972
7474,cg19362572,14977
7475,cg12457773,14978
7476,cg08126211,14979
7477,cg04515001,14980
7478,cg16306115,14981
7479,cg13884546,14982
7480,cg16917279,14983
7481,cg19370284,14984
7482,cg12624523,14984
7483,cg14023451,14985
7484,cg25375764,14986
7485,cg25181693,14987
7486,cg23020402,14990
7487,cg19376794,14990
7488,cg06171242,14991
7489,cg11780382,14992
7490,cg12818699,14994
7491,cg23973566,14995
7492,cg22532997,15007
7493,cg19402885,15008
7494,cg16954341,15010
7495,cg06493994,15013
7496,cg19404832,15013
7497,cg01307730,15014
7498,cg02854090,15015
7499,cg19412675,15017
7500,cg21627181,15017
7501,cg15916061,15018
7502,cg19418958,15019
7503,cg05948654,15021
7504,cg01936555,15022
7505,cg22502502,15023
7506,cg21844956,15024
7507,cg14652095,15029
7508,cg03969906,15030
7509,cg24345247,15031
7510,cg05471775,15033
7511,cg15797414,15035
7512,cg19430897,15036
7513,cg21250296,15037
7514,cg07636178,15038
7515,cg25438963,15039
7516,cg19434936,15039
7517,cg06892726,15041
7518,cg24453353,15042
7519,cg19515446,15043
7520,cg23070249,15044
7521,cg02924961,15045
7522,cg15519208,15046
7523,cg03007571,15047
7524,cg26741595,15048
7525,cg19455368,15052
7526,cg21146268,15052
7527,cg08307092,15057
7528,cg16706631,15058
7529,cg20520725,15059
7530,cg19468534,15062
7531,cg07922606,15062
7532,cg23705973,15064
7533,cg05159188,15065
7534,cg19801560,15067
7535,cg05414338,15068
7536,cg06254453,15069
7537,cg21663122,15070
7538,cg14776962,15071
7539,cg02909790,15072
7540,cg02192855,15074
7541,cg21729186,15076
7542,cg14345882,15079
7543,cg25881193,15080
7544,cg01840268,15081
7545,cg16494590,15082
7546,cg01269795,15083
7547,cg27475152,15085
7548,cg07011110,15086
7549,cg17624892,15087
7550,cg27464755,15088
7551,cg12256080,15089
7552,cg27028749,15090
7553,cg24220122,15092
7554,cg19523029,15095
7555,cg24358465,15096
7556,cg19524009,15096
7557,cg04424621,15097
7558,cg21269897,15098
7559,cg02599464,15099
7560,cg22349489,15100
7561,cg02704907,15101
7562,cg03099771,15108
7563,cg26504906,15109
7564,cg01371258,15114
7565,cg03029060,15115
7566,cg19552482,15118
7567,cg10046620,15122
7568,cg18943383,15123
7569,cg03221914,15126
7570,cg23372001,15127
7571,cg18715868,15128
7572,cg03833068,15129
7573,cg19564877,15130
7574,cg04676561,15131
7575,cg03821311,15132
7576,cg12181621,15134
7577,cg19569684,15134
7578,cg17651821,15136
7579,cg10536916,15137
7580,cg19571071,15138
7581,cg17965019,15138
7582,cg17718302,15139
7583,cg12629515,15140
7584,cg12351042,15142
7585,cg03340878,15143
7586,cg05261824,15144
7587,cg13665593,15146
7588,cg00743372,15148
7589,cg22950391,15149
7590,cg08307580,15152
7591,cg24986572,15153
7592,cg26875522,15154
7593,cg12561748,15155
7594,cg19591881,15157
7595,cg19217872,15164
7596,cg26450541,15165
7597,cg20029652,15166
7598,cg04878727,15167
7599,cg02622316,15169
7600,cg07660236,15170
7601,cg26170660,15173
7602,cg19632206,15178
7603,cg19649173,15190
7604,cg19655070,15194
7605,cg15629064,15196
7606,cg05293407,15197
7607,cg14258236,15202
7608,cg20856834,15203
7609,cg03608577,15204
7610,cg01078434,15212
7611,cg07326586,15217
7612,cg05661333,15228
7613,cg24847163,15229
7614,cg05598246,15233
7615,cg19382714,15234
7616,cg14402472,15236
7617,cg24703717,15237
7618,cg21529533,15242
7619,cg23244913,15248
7620,cg04623837,15249
7621,cg19728223,15252
7622,cg12909005,15252
7623,cg01716083,15253
7624,cg08878352,15255
7625,cg19744122,15263
7626,cg19746675,15266
7627,cg26014796,15270
7628,cg11724134,15271
7629,cg00679556,15277
7630,cg09196959,15288
7631,cg07405796,15289
7632,cg17232861,15292
7633,cg27091343,15293
7634,cg06051311,15294
7635,cg19784477,15297
7636,cg18556540,15300
7637,cg14694232,15301
7638,cg19793718,15303
7639,cg19795898,15305
7640,cg27519140,15315
7641,cg13135180,15316
7642,cg04273431,15327
7643,cg21264055,15328
7644,cg14284643,15329
7645,cg18015044,15331
7646,cg19831575,15334
7647,cg01852131,15337
7648,cg13964084,15338
7649,cg13118748,15340
7650,cg23938476,15341
7651,cg24450157,15349
7652,cg08810779,15350
7653,cg19855618,15360
7654,cg19856444,15361
7655,cg24353833,15362
7656,cg26259575,15368
7657,cg01944444,15369
7658,cg24000189,15373
7659,cg12478978,15374
7660,cg17067528,15383
7661,cg19904653,15401
7662,cg03270204,15402
7663,cg11977634,15403
7664,cg19906926,15405
7665,cg23142900,15418
7666,cg09408780,15421
7667,cg14034870,15422
7668,cg20965815,15423
7669,cg19945840,15426
7670,cg19947621,15427
7671,cg19948397,15429
7672,cg27305662,15430
7673,cg19951443,15431
7674,cg16150435,15431
7675,cg08424423,15432
7676,cg24735489,15434
7677,cg19955257,15435
7678,cg19955521,15436
7679,cg22458065,15436
7680,cg04824716,15437
7681,cg09045681,15438
7682,cg23654219,15439
7683,cg13083810,15440
7684,cg19968631,15444
7685,cg14228840,15449
7686,cg13784557,15451
7687,cg05399360,15457
7688,cg17489752,15463
7689,cg16268563,15464
7690,cg00585846,15465
7691,cg17709873,15479
7692,cg20023578,15485
7693,cg04425624,15487
7694,cg20050826,15502
7695,cg18656170,15506
7696,cg23509869,15507
7697,cg14324675,15508
7698,cg24211388,15512
7699,cg21440587,15513
7700,cg20070077,15514
7701,cg15765212,15516
7702,cg20083871,15524
7703,cg27091233,15525
7704,cg09867157,15526
7705,cg06241300,15527
7706,cg14341418,15528
7707,cg05728656,15529
7708,cg16842485,15530
7709,cg20092728,15533
7710,cg24836175,15539
7711,cg15100639,15551
7712,cg20118424,15552
7713,cg27557796,15556
7714,cg11328149,15557
7715,cg14437986,15558
7716,cg23621689,15559
7717,cg20135306,15566
7718,cg02257681,15567
7719,cg18055007,15568
7720,cg10435003,15570
7721,cg20158826,15578
7722,cg12939547,15583
7723,cg00728602,15584
7724,cg20176989,15595
7725,cg01505176,15601
7726,cg13653456,15602
7727,cg07935151,15603
7728,cg27573806,15604
7729,cg18424091,15605
7730,cg05920090,15606
7731,cg20203395,15606
7732,cg00929855,15607
7733,cg17384214,15609
7734,cg14663792,15610
7735,cg14976276,15615
7736,cg13510327,15616
7737,cg07363637,15622
7738,cg20229788,15623
7739,cg10909324,15624
7740,cg08612601,15627
7741,cg04498679,15629
7742,cg23538064,15630
7743,cg20249919,15633
7744,cg17680902,15633
7745,cg06351503,15634
7746,cg04710641,15635
7747,cg01883966,15636
7748,cg24870273,15637
7749,cg20284673,15639
7750,cg20263942,15643
7751,cg20287640,15665
7752,cg13823701,15666
7753,cg03298413,15672
7754,cg03479797,15673
7755,cg02937479,15674
7756,cg05069385,15675
7757,cg20302307,15677
7758,cg20326853,15701
7759,cg25426302,15709
7760,cg20339230,15710
7761,cg17329164,15724
7762,cg12585943,15726
7763,cg20358834,15728
7764,cg16282679,15731
7765,cg20366832,15732
7766,cg15982308,15734
7767,cg08049198,15735
7768,cg13910855,15744
7769,cg08183114,15745
7770,cg26791659,15751
7771,cg20394284,15751
7772,cg08592230,15752
7773,cg14700707,15758
7774,cg05973262,15759
7775,cg09748960,15764
7776,cg25764570,15765
7777,cg19248557,15767
7778,cg20424530,15770
7779,cg20427879,15775
7780,cg04576021,15784
7781,cg20443314,15785
7782,cg19221044,15789
7783,cg14493899,15790
7784,cg20452583,15793
7785,cg20461541,15796
7786,cg20466180,15797
7787,cg20468883,15798
7788,cg20483763,15809
7789,cg07504780,15813
7790,cg00575744,15828
7791,cg20509080,15828
7792,cg10714284,15829
7793,cg14833385,15836
7794,cg10211788,15837
7795,cg01909833,15838
7796,cg20537992,15845
7797,cg13906813,15848
7798,cg19921353,15849
7799,cg20566118,15868
7800,cg20571908,15871
7801,cg01635061,15874
7802,cg20573420,15874
7803,cg10143146,15875
7804,cg23070585,15878
7805,cg25535027,15879
7806,cg07433344,15880
7807,cg20583316,15883
7808,cg27331144,15888
7809,cg14363494,15889
7810,cg12256228,15890
7811,cg20557567,15897
7812,cg16052901,15903
7813,cg20630207,15919
7814,cg11368791,15923
7815,cg13576739,15924
7816,cg03939485,15930
7817,cg02990567,15931
7818,cg20642765,15934
7819,cg20225889,15937
7820,cg20010396,15938
7821,cg13303256,15945
7822,cg20649991,15946
7823,cg06818415,15946
7824,cg00426056,15951
7825,cg20655558,15952
7826,cg09892131,15964
7827,cg02322621,15965
7828,cg20674577,15965
7829,cg14666892,15966
7830,cg07679836,15967
7831,cg04329454,15968
7832,cg08301503,15969
7833,cg16400825,15973
7834,cg06253072,15975
7835,cg08332212,15978
7836,cg20226764,15979
7837,cg20695562,15980
7838,cg26424956,15984
7839,cg03020951,15987
7840,cg20715219,15992
7841,cg06247172,15992
7842,cg18380975,15993
7843,cg02944057,15996
7844,cg25055477,15997
7845,cg20718816,15997
7846,cg11061603,15998
7847,cg11655418,15999
7848,cg20723355,16000
7849,cg23239444,16000
7850,cg23043245,16001
7851,cg07705908,16003
7852,cg17240454,16004
7853,cg12662162,16007
7854,cg04506628,16009
7855,cg14142521,16011
7856,cg17413703,16012
7857,cg13510363,16013
7858,cg20744464,16014
7859,cg20752438,16019
7860,cg20757758,16022
7861,cg22407458,16022
7862,cg01108476,16023
7863,cg21604042,16024
7864,cg00347904,16025
7865,cg00635481,16026
7866,cg06656924,16027
7867,cg07294541,16028
7868,cg00657095,16030
7869,cg17803089,16032
7870,cg20770175,16032
7871,cg03030757,16033
7872,cg14290451,16034
7873,cg04315264,16035
7874,cg25830052,16041
7875,cg00862770,16047
7876,cg08636224,16050
7877,cg20789691,16054
7878,cg25994725,16057
7879,cg21712685,16059
7880,cg25107791,16060
7881,cg26823505,16061
7882,cg11529128,16062
7883,cg01693108,16063
7884,cg25324046,16064
7885,cg15674432,16066
7886,cg23807646,16067
7887,cg02412050,16068
7888,cg24991452,16069
7889,cg05859264,16072
7890,cg24155668,16073
7891,cg20811607,16079
7892,cg05216141,16080
7893,cg04289385,16081
7894,cg20951539,16082
7895,cg04286043,16084
7896,cg24170535,16085
7897,cg02964385,16086
7898,cg23670203,16087
7899,cg08027745,16089
7900,cg27394038,16090
7901,cg03714916,16099
7902,cg20852286,16100
7903,cg20854748,16101
7904,cg05759269,16101
7905,cg01306510,16102
7906,cg08179530,16103
7907,cg26222229,16115
7908,cg20598389,16116
7909,cg16239406,16120
7910,cg15512851,16121
7911,cg02123547,16127
7912,cg21769943,16128
7913,cg02187357,16130
7914,cg14414819,16131
7915,cg01907837,16132
7916,cg06777581,16133
7917,cg11649001,16134
7918,cg20888907,16134
7919,cg24822446,16142
7920,cg26824091,16144
7921,cg15933546,16146
7922,cg20903926,16146
7923,cg20904010,16147
7924,cg09867835,16147
7925,cg25014318,16149
7926,cg08851943,16150
7927,cg20909686,16151
7928,cg26287783,16151
7929,cg02128567,16154
7930,cg08315770,16156
7931,cg02611419,16157
7932,cg20918903,16159
7933,cg14948436,16159
7934,cg01669948,16160
7935,cg18191162,16162
7936,cg07336230,16163
7937,cg14135551,16166
7938,cg01985396,16167
7939,cg25366404,16169
7940,cg03422350,16170
7941,cg22346765,16180
7942,cg08709276,16181
7943,cg22375610,16182
7944,cg22788223,16183
7945,cg01564343,16184
7946,cg04454050,16185
7947,cg20095587,16186
7948,cg01980222,16187
7949,cg26928682,16189
7950,cg20969242,16195
7951,cg06196379,16198
7952,cg03442064,16206
7953,cg02914379,16208
7954,cg05345286,16209
7955,cg03446863,16216
7956,cg12855851,16218
7957,cg06381133,16219
7958,cg07967643,16220
7959,cg27563210,16222
7960,cg21003606,16223
7961,cg08011328,16225
7962,cg07964539,16226
7963,cg21017752,16232
7964,cg02091100,16232
7965,cg21690892,16233
7966,cg02762689,16234
7967,cg21023114,16241
7968,cg19839588,16243
7969,cg07191600,16244
7970,cg21029904,16245
7971,cg19448829,16246
7972,cg21032203,16248
7973,cg21032583,16249
7974,cg15169162,16250
7975,cg21033494,16250
7976,cg11276280,16252
7977,cg03383661,16253
7978,cg14378057,16256
7979,cg15679095,16257
7980,cg22909962,16259
7981,cg11898695,16262
7982,cg10862848,16267
7983,cg23696834,16268
7984,cg24101359,16269
7985,cg14338887,16270
7986,cg10056627,16271
7987,cg24751129,16272
7988,cg01125463,16274
7989,cg03790207,16275
7990,cg20164558,16276
7991,cg22004151,16277
7992,cg07076342,16279
7993,cg13397365,16280
7994,cg05107152,16282
7995,cg07099407,16283
7996,cg21068152,16283
7997,cg08747889,16284
7998,cg21663580,16285
7999,cg22232206,16289
8000,cg19595170,16290
8001,cg14839932,16291
8002,cg16041611,16293
8003,cg00984602,16294
8004,cg18878034,16298
8005,cg21092324,16298
8006,cg13260333,16300
8007,cg21094669,16302
8008,cg16465769,16303
8009,cg13097407,16304
8010,cg11378686,16305
8011,cg11928635,16306
8012,cg25545088,16307
8013,cg24908499,16308
8014,cg24236938,16309
8015,cg00229387,16311
8016,cg17102807,16312
8017,cg07805833,16313
8018,cg19506903,16314
8019,cg07857181,16315
8020,cg14465910,16318
8021,cg01344171,16319
8022,cg25824330,16321
8023,cg16666115,16322
8024,cg08826863,16324
8025,cg10519140,16333
8026,cg01993576,16334
8027,cg00651216,16337
8028,cg21151355,16342
8029,cg00775197,16342
8030,cg24014661,16343
8031,cg22970435,16345
8032,cg05010967,16346
8033,cg13184442,16347
8034,cg21165219,16347
8035,cg01500567,16348
8036,cg01946401,16355
8037,cg11806749,16356
8038,cg05112986,16357
8039,cg21179457,16360
8040,cg21187265,16369
8041,cg21548414,16370
8042,cg04006554,16372
8043,cg19799744,16373
8044,cg17142149,16375
8045,cg11574612,16379
8046,cg19557537,16380
8047,cg18630040,16382
8048,cg20980592,16383
8049,cg16019620,16384
8050,cg14045072,16385
8051,cg22464186,16386
8052,cg11848539,16387
8053,cg17021265,16389
8054,cg21434440,16390
8055,cg18841952,16391
8056,cg23613030,16392
8057,cg10568944,16396
8058,cg21222430,16397
8059,cg25786862,16397
8060,cg05829479,16399
8061,cg26081162,16400
8062,cg19862344,16401
8063,cg04595372,16404
8064,cg21229859,16405
8065,cg08942800,16406
8066,cg06403553,16410
8067,cg09299388,16412
8068,cg04201526,16413
8069,cg15435730,16414
8070,cg21240812,16415
8071,cg09871043,16424
8072,cg18885346,16425
8073,cg27168844,16426
8074,cg04063348,16427
8075,cg27638713,16428
8076,cg21255605,16430
8077,cg24323031,16431
8078,cg02567144,16432
8079,cg12963312,16435
8080,cg22248011,16436
8081,cg25923856,16437
8082,cg02075593,16438
8083,cg04340502,16439
8084,cg00162401,16442
8085,cg05402265,16443
8086,cg06616147,16444
8087,cg20967220,16447
8088,cg21272774,16449
8089,cg21195414,16450
8090,cg00024396,16451
8091,cg08302713,16452
8092,cg12013321,16453
8093,cg21908116,16458
8094,cg21281001,16459
8095,cg13281868,16461
8096,cg21284880,16462
8097,cg12397274,16463
8098,cg27090087,16464
8099,cg21289015,16465
8100,cg13948987,16467
8101,cg21298523,16473
8102,cg21299958,16474
8103,cg21304187,16481
8104,cg04452713,16481
8105,cg21829265,16484
8106,cg21306218,16484
8107,cg22984616,16485
8108,cg10497569,16486
8109,cg26430450,16487
8110,cg27293353,16488
8111,cg21312090,16491
8112,cg21321735,16495
8113,cg02217159,16501
8114,cg24500683,16503
8115,cg21872129,16505
8116,cg12368241,16506
8117,cg10244047,16508
8118,cg10796979,16512
8119,cg06638966,16513
8120,cg06321883,16514
8121,cg14579051,16518
8122,cg26568669,16521
8123,cg07413497,16522
8124,cg21365602,16523
8125,cg04086834,16525
8126,cg22716127,16526
8127,cg23429696,16528
8128,cg18403396,16530
8129,cg15045441,16532
8130,cg25141674,16533
8131,cg15717808,16538
8132,cg24687051,16539
8133,cg17188169,16544
8134,cg09527362,16547
8135,cg26201579,16548
8136,cg07740989,16549
8137,cg01536980,16550
8138,cg00648153,16555
8139,cg25537962,16558
8140,cg26780404,16560
8141,cg08009622,16561
8142,cg10541994,16564
8143,cg21418052,16566
8144,cg10447080,16567
8145,cg06062132,16569
8146,cg04555836,16570
8147,cg17055145,16571
8148,cg25763788,16573
8149,cg08614481,16574
8150,cg21607066,16575
8151,cg06848288,16576
8152,cg22058458,16578
8153,cg13176979,16579
8154,cg26679231,16580
8155,cg03080985,16581
8156,cg19439399,16582
8157,cg22244118,16584
8158,cg02966329,16585
8159,cg11654737,16586
8160,cg15256539,16587
8161,cg12864853,16596
8162,cg27472295,16597
8163,cg25383093,16598
8164,cg15185804,16599
8165,cg24204740,16600
8166,cg04887278,16601
8167,cg06836736,16604
8168,cg24881834,16605
8169,cg15269863,16606
8170,cg23822915,16612
8171,cg26130726,16613
8172,cg21361470,16614
8173,cg26384034,16615
8174,cg11763112,16616
8175,cg22264946,16617
8176,cg17488985,16624
8177,cg17966619,16625
8178,cg24284910,16628
8179,cg09404334,16629
8180,cg04026012,16631
8181,cg04278702,16632
8182,cg11990309,16634
8183,cg22884082,16638
8184,cg26132665,16639
8185,cg17341703,16640
8186,cg10919329,16641
8187,cg07868688,16642
8188,cg06598631,16643
8189,cg08836024,16644
8190,cg02486845,16645
8191,cg13334277,16647
8192,cg24276445,16648
8193,cg23276695,16649
8194,cg05263682,16651
8195,cg14076411,16652
8196,cg00333528,16659
8197,cg13903548,16661
8198,cg06913228,16663
8199,cg16124337,16664
8200,cg19187185,16667
8201,cg21264329,16668
8202,cg20011833,16669
8203,cg16900022,16671
8204,cg21546057,16671
8205,cg25887294,16672
8206,cg08947964,16673
8207,cg25217765,16674
8208,cg21549904,16677
8209,cg07914959,16680
8210,cg18654873,16682
8211,cg01087382,16683
8212,cg00044245,16685
8213,cg20884697,16687
8214,cg01837719,16689
8215,cg24028122,16693
8216,cg23978322,16694
8217,cg09766383,16696
8218,cg26174752,16697
8219,cg09591663,16698
8220,cg16823105,16700
8221,cg21578207,16701
8222,cg15981265,16701
8223,cg23858074,16702
8224,cg03108701,16703
8225,cg14823162,16706
8226,cg22026853,16707
8227,cg23269225,16709
8228,cg21616088,16710
8229,cg16665103,16711
8230,cg24831427,16712
8231,cg08096038,16713
8232,cg12216205,16714
8233,cg06667091,16715
8234,cg20134215,16719
8235,cg12865837,16727
8236,cg21610516,16731
8237,cg21613754,16734
8238,cg10869069,16741
8239,cg03664139,16742
8240,cg16009558,16743
8241,cg26316946,16745
8242,cg22313025,16748
8243,cg21626086,16750
8244,cg20624391,16754
8245,cg05874450,16756
8246,cg24273512,16757
8247,cg21639968,16759
8248,cg20612615,16759
8249,cg06218044,16760
8250,cg21642649,16762
8251,cg19464016,16776
8252,cg17965230,16777
8253,cg21665774,16784
8254,cg16950012,16786
8255,cg09354267,16787
8256,cg21667943,16787
8257,cg25263140,16789
8258,cg24194539,16790
8259,cg21678388,16792
8260,cg04145477,16794
8261,cg15971505,16795
8262,cg04464559,16796
8263,cg07395788,16797
8264,cg21684385,16798
8265,cg02937102,16801
8266,cg02790471,16802
8267,cg05642698,16803
8268,cg21688707,16804
8269,cg01320361,16804
8270,cg21690806,16805
8271,cg04650786,16805
8272,cg21769969,16806
8273,cg21692936,16807
8274,cg03958979,16808
8275,cg19697981,16809
8276,cg08417687,16821
8277,cg00180012,16822
8278,cg21716693,16823
8279,cg00897329,16823
8280,cg14310890,16826
8281,cg02060698,16827
8282,cg12785675,16831
8283,cg00922727,16834
8284,cg01747191,16836
8285,cg08550724,16837
8286,cg01932459,16840
8287,cg10940099,16841
8288,cg23978557,16843
8289,cg23832061,16844
8290,cg21273098,16845
8291,cg23390397,16846
8292,cg05949660,16847
8293,cg01500097,16848
8294,cg21754343,16848
8295,cg12800028,16850
8296,cg26252167,16852
8297,cg05715287,16855
8298,cg11052068,16856
8299,cg22334665,16866
8300,cg18697049,16868
8301,cg23235603,16869
8302,cg04128563,16871
8303,cg05449607,16872
8304,cg18710383,16873
8305,cg21794225,16873
8306,cg05213296,16874
8307,cg21795497,16874
8308,cg10920427,16875
8309,cg15822346,16877
8310,cg07940485,16878
8311,cg07352586,16879
8312,cg19318326,16880
8313,cg14634336,16882
8314,cg25136687,16883
8315,cg26904406,16885
8316,cg23076086,16889
8317,cg20985014,16891
8318,cg10525372,16892
8319,cg21835622,16893
8320,cg05668720,16893
8321,cg08897388,16894
8322,cg14289461,16896
8323,cg19815376,16907
8324,cg18387216,16908
8325,cg00430287,16913
8326,cg00436301,16914
8327,cg07472159,16915
8328,cg21862373,16915
8329,cg03959219,16917
8330,cg13980473,16921
8331,cg09025324,16923
8332,cg21879981,16925
8333,cg23741330,16927
8334,cg03003256,16928
8335,cg00620629,16929
8336,cg12783573,16930
8337,cg09496393,16931
8338,cg06233473,16932
8339,cg25423576,16933
8340,cg21896452,16933
8341,cg20979799,16934
8342,cg03160135,16938
8343,cg21166999,16940
8344,cg23172864,16943
8345,cg11662098,16944
8346,cg21912241,16948
8347,cg15945754,16949
8348,cg04183425,16953
8349,cg13112336,16954
8350,cg00839802,16957
8351,cg21926138,16958
8352,cg05395196,16962
8353,cg12657853,16963
8354,cg20882852,16964
8355,cg24758027,16965
8356,cg18555555,16966
8357,cg14426525,16969
8358,cg21937169,16969
8359,cg09657265,16971
8360,cg02275989,16972
8361,cg14462830,16975
8362,cg21787291,16976
8363,cg21943652,16976
8364,cg20034100,16981
8365,cg24298280,16982
8366,cg21972430,16983
8367,cg08923450,16984
8368,cg01868782,16985
8369,cg12969407,16986
8370,cg03247626,16987
8371,cg07240721,16988
8372,cg25834568,16990
8373,cg09979256,16991
8374,cg03059528,16994
8375,cg21968169,16995
8376,cg22019980,16995
8377,cg12148919,17006
8378,cg15381769,17007
8379,cg20640433,17009
8380,cg18172186,17010
8381,cg25488021,17012
8382,cg21988465,17012
8383,cg02862362,17017
8384,cg14911472,17018
8385,cg03277112,17019
8386,cg20988616,17020
8387,cg05417985,17023
8388,cg24311382,17024
8389,cg15897310,17025
8390,cg07570142,17026
8391,cg13603171,17027
8392,cg17682309,17029
8393,cg23887102,17030
8394,cg09217923,17033
8395,cg00852964,17034
8396,cg02184413,17035
8397,cg10044101,17038
8398,cg17836145,17039
8399,cg24692716,17040
8400,cg12855988,17041
8401,cg21296676,17044
8402,cg07327468,17045
8403,cg20330472,17046
8404,cg20286200,17050
8405,cg22063056,17060
8406,cg26656135,17062
8407,cg22064451,17063
8408,cg24176563,17063
8409,cg01401376,17064
8410,cg01805282,17065
8411,cg22066521,17066
8412,cg10771262,17067
8413,cg26008464,17071
8414,cg22074467,17072
8415,cg09872934,17072
8416,cg22077101,17073
8417,cg03944089,17074
8418,cg22082462,17077
8419,cg22083798,17080
8420,cg03340261,17081
8421,cg24558204,17082
8422,cg22085335,17083
8423,cg18253802,17083
8424,cg11579069,17084
8425,cg02664205,17092
8426,cg23090824,17093
8427,cg22108175,17095
8428,cg17754980,17096
8429,cg12721546,17098
8430,cg10459515,17099
8431,cg20481343,17101
8432,cg19555986,17102
8433,cg13255096,17108
8434,cg15804973,17109
8435,cg11310692,17110
8436,cg03807235,17111
8437,cg22131691,17111
8438,cg04481779,17112
8439,cg22487322,17113
8440,cg03889226,17119
8441,cg06918467,17120
8442,cg06779945,17121
8443,cg14527802,17122
8444,cg08315187,17124
8445,cg22762180,17125
8446,cg01269048,17126
8447,cg19823847,17128
8448,cg10780112,17130
8449,cg17171485,17131
8450,cg22156632,17131
8451,cg06334093,17137
8452,cg27199523,17138
8453,cg18217172,17140
8454,cg12341414,17141
8455,cg11498188,17143
8456,cg24349555,17144
8457,cg22175764,17146
8458,cg12082568,17150
8459,cg08109815,17156
8460,cg17256157,17157
8461,cg10035272,17158
8462,cg25098095,17159
8463,cg11176095,17160
8464,cg04461802,17161
8465,cg22858308,17163
8466,cg22188495,17166
8467,cg15185286,17167
8468,cg08286169,17169
8469,cg18540871,17170
8470,cg00380464,17177
8471,cg25350411,17181
8472,cg07077459,17182
8473,cg22378065,17183
8474,cg00702231,17184
8475,cg12757684,17185
8476,cg22201387,17185
8477,cg22209624,17186
8478,cg08263357,17186
8479,cg17895149,17187
8480,cg22213042,17188
8481,cg14161241,17188
8482,cg22220722,17192
8483,cg17181653,17193
8484,cg09472953,17197
8485,cg12130692,17198
8486,cg25629118,17200
8487,cg13572545,17201
8488,cg25399367,17202
8489,cg13722123,17204
8490,cg06015218,17205
8491,cg20098887,17207
8492,cg14889768,17208
8493,cg23833452,17209
8494,cg22030890,17212
8495,cg04113075,17213
8496,cg01135200,17216
8497,cg05360265,17217
8498,cg22252999,17221
8499,cg09381701,17222
8500,cg25089231,17224
8501,cg21273029,17225
8502,cg09106817,17231
8503,cg01362183,17232
8504,cg25513133,17248
8505,cg27310686,17249
8506,cg15926557,17250
8507,cg24994350,17251
8508,cg11408517,17252
8509,cg25124223,17253
8510,cg22295573,17253
8511,cg26675382,17254
8512,cg02043083,17255
8513,cg09834205,17257
8514,cg12232274,17258
8515,cg22307908,17258
8516,cg12213910,17260
8517,cg19979896,17261
8518,cg03985136,17263
8519,cg22318304,17264
8520,cg07579404,17266
8521,cg18418460,17269
8522,cg18071006,17270
8523,cg20134151,17271
8524,cg14884741,17272
8525,cg20416179,17273
8526,cg22333868,17276
8527,cg12061236,17280
8528,cg01555431,17281
8529,cg01998682,17284
8530,cg14306534,17285
8531,cg00510787,17286
8532,cg10274830,17287
8533,cg22341104,17288
8534,cg20627916,17291
8535,cg00655307,17292
8536,cg11251858,17293
8537,cg20253551,17294
8538,cg22356117,17294
8539,cg02720618,17295
8540,cg22367970,17300
8541,cg22368307,17302
8542,cg26620959,17302
8543,cg27316956,17303
8544,cg08348900,17305
8545,cg25960313,17309
8546,cg12290002,17310
8547,cg07535879,17311
8548,cg24317255,17315
8549,cg22380033,17316
8550,cg23651356,17318
8551,cg14262937,17320
8552,cg22719623,17321
8553,cg19963522,17322
8554,cg19690214,17324
8555,cg10601168,17326
8556,cg20919556,17327
8557,cg12897370,17329
8558,cg09837169,17332
8559,cg20925955,17333
8560,cg17306637,17340
8561,cg22409383,17342
8562,cg16035531,17342
8563,cg21792737,17343
8564,cg21765730,17345
8565,cg22432367,17352
8566,cg00502442,17360
8567,cg26845300,17373
8568,cg15824056,17376
8569,cg06659073,17384
8570,cg22467567,17385
8571,cg19483159,17389
8572,cg04185037,17396
8573,cg20291674,17397
8574,cg01313949,17399
8575,cg11456838,17400
8576,cg21366535,17401
8577,cg13126790,17408
8578,cg10002977,17411
8579,cg24909975,17412
8580,cg05879334,17413
8581,cg08142684,17414
8582,cg04794901,17415
8583,cg10634217,17416
8584,cg06479512,17417
8585,cg24100167,17418
8586,cg08784110,17419
8587,cg00230368,17421
8588,cg27292431,17425
8589,cg19561774,17426
8590,cg25313204,17428
8591,cg22511947,17428
8592,cg07074571,17439
8593,cg15832436,17441
8594,cg21926612,17442
8595,cg24816866,17443
8596,cg22546318,17446
8597,cg09339301,17447
8598,cg22552168,17448
8599,cg05799317,17449
8600,cg22560190,17453
8601,cg17188046,17460
8602,cg22572159,17461
8603,cg05089968,17464
8604,cg11638880,17467
8605,cg14947494,17469
8606,cg22580905,17473
8607,cg22601917,17483
8608,cg22605643,17487
8609,cg13217373,17488
8610,cg22606869,17489
8611,cg14839257,17490
8612,cg18247054,17491
8613,cg22609784,17492
8614,cg25395108,17492
8615,cg03365432,17493
8616,cg22610305,17493
8617,cg13615963,17500
8618,cg22182975,17501
8619,cg12588299,17502
8620,cg09682183,17503
8621,cg21970438,17504
8622,cg13325666,17508
8623,cg11251877,17510
8624,cg17001430,17511
8625,cg00350478,17513
8626,cg11612345,17522
8627,cg21652958,17530
8628,cg22667787,17532
8629,cg16740543,17536
8630,cg11442717,17537
8631,cg22267176,17539
8632,cg10865119,17541
8633,cg13891659,17542
8634,cg22680204,17542
8635,cg22680812,17543
8636,cg21168884,17543
8637,cg25372103,17553
8638,cg00474209,17554
8639,cg26200580,17556
8640,cg06893980,17560
8641,cg11250247,17561
8642,cg24710073,17562
8643,cg23350446,17563
8644,cg18651821,17564
8645,cg22476295,17573
8646,cg02683985,17574
8647,cg13577076,17598
8648,cg22764341,17600
8649,cg22972055,17605
8650,cg04220579,17606
8651,cg13634864,17614
8652,cg22778981,17615
8653,cg15914863,17616
8654,cg22025233,17617
8655,cg22800631,17630
8656,cg07433453,17632
8657,cg19426277,17633
8658,cg22805308,17634
8659,cg22807700,17638
8660,cg16127845,17641
8661,cg22814929,17645
8662,cg22825487,17653
8663,cg01820777,17660
8664,cg19778698,17664
8665,cg00411097,17666
8666,cg16040953,17667
8667,cg22857604,17681
8668,cg22874560,17692
8669,cg22874695,17693
8670,cg22880820,17698
8671,cg22902083,17710
8672,cg10857807,17711
8673,cg21060429,17712
8674,cg25802871,17713
8675,cg22909609,17716
8676,cg22679120,17716
8677,cg25533361,17718
8678,cg27459381,17721
8679,cg22925639,17728
8680,cg26627486,17731
8681,cg22933847,17734
8682,cg22940789,17741
8683,cg21685565,17766
8684,cg24743283,17767
8685,cg18321354,17774
8686,cg22994720,17786
8687,cg22995176,17788
8688,cg23001650,17791
8689,cg23018448,17801
8690,cg01870826,17802
8691,cg12838902,17806
8692,cg23032316,17809
8693,cg23033845,17811
8694,cg23036555,17816
8695,cg23043119,17820
8696,cg23045373,17822
8697,cg23175281,17827
8698,cg23261233,17828
8699,cg01104423,17838
8700,cg06666486,17839
8701,cg23074453,17844
8702,cg21939482,17846
8703,cg00784357,17847
8704,cg10451401,17848
8705,cg24000099,17851
8706,cg25909811,17853
8707,cg23088430,17855
8708,cg21212956,17856
8709,cg03930970,17857
8710,cg27508071,17858
8711,cg18428217,17859
8712,cg23091824,17860
8713,cg12592779,17863
8714,cg15240064,17864
8715,cg23095584,17865
8716,cg13109289,17866
8717,cg05434957,17870
8718,cg10798171,17871
8719,cg23112213,17876
8720,cg21053748,17880
8721,cg16837769,17881
8722,cg21597649,17884
8723,cg23126949,17886
8724,cg09259772,17887
8725,cg23128146,17888
8726,cg11279021,17889
8727,cg00003994,17890
8728,cg13047892,17891
8729,cg25533774,17894
8730,cg06363129,17895
8731,cg23141333,17896
8732,cg26144265,17897
8733,cg00884529,17898
8734,cg12567315,17899
8735,cg21201572,17901
8736,cg24426405,17902
8737,cg21041127,17904
8738,cg13676215,17910
8739,cg11166252,17911
8740,cg00911873,17912
8741,cg20498685,17918
8742,cg20052718,17921
8743,cg24446548,17922
8744,cg00240432,17923
8745,cg22498251,17924
8746,cg25691167,17927
8747,cg11241627,17928
8748,cg21643191,17933
8749,cg05836145,17937
8750,cg20377955,17938
8751,cg27007358,17943
8752,cg20259398,17944
8753,cg13316191,17945
8754,cg23211240,17948
8755,cg01770232,17949
8756,cg15703690,17950
8757,cg23214267,17952
8758,cg24265806,17953
8759,cg12266024,17954
8760,cg02480835,17956
8761,cg03403539,17957
8762,cg22932819,17959
8763,cg17274742,17960
8764,cg23226134,17961
8765,cg01182585,17962
8766,cg23859078,17963
8767,cg23234154,17966
8768,cg06452064,17970
8769,cg00288562,17972
8770,cg19747852,17973
8771,cg04108240,17974
8772,cg23240961,17975
8773,cg25635316,17976
8774,cg08707078,17978
8775,cg14898779,17979
8776,cg25612145,17980
8777,cg23246978,17981
8778,cg12614105,17988
8779,cg13931228,17990
8780,cg04770504,17992
8781,cg24805239,17993
8782,cg19843429,17997
8783,cg08296824,17998
8784,cg14984920,17999
8785,cg12781218,18001
8786,cg26172108,18002
8787,cg23273333,18002
8788,cg02629312,18003
8789,cg23274244,18006
8790,cg14534464,18011
8791,cg23297477,18018
8792,cg19062098,18020
8793,cg13351698,18021
8794,cg23301687,18022
8795,cg10316381,18023
8796,cg23306832,18026
8797,cg21120786,18029
8798,cg01957330,18030
8799,cg12686016,18032
8800,cg03700462,18033
8801,cg26069745,18041
8802,cg23328404,18048
8803,cg23337754,18054
8804,cg25426743,18075
8805,cg04317399,18080
8806,cg23378495,18084
8807,cg24169822,18088
8808,cg02248486,18095
8809,cg23404467,18099
8810,cg12128839,18100
8811,cg23423382,18110
8812,cg23430664,18118
8813,cg04265576,18123
8814,cg23442323,18130
8815,cg23432345,18134
8816,cg23455614,18138
8817,cg01381846,18142
8818,cg01354473,18143
8819,cg27009703,18144
8820,cg26521404,18145
8821,cg07778029,18146
8822,cg23472215,18146
8823,cg23477967,18152
8824,cg17950095,18153
8825,cg15760840,18156
8826,cg10883303,18159
8827,cg06397837,18161
8828,cg23495733,18166
8829,cg18397523,18167
8830,cg27626299,18168
8831,cg08440125,18171
8832,cg03792199,18172
8833,cg11084020,18174
8834,cg00836605,18179
8835,cg26179948,18181
8836,cg10822172,18184
8837,cg23520347,18186
8838,cg23521069,18187
8839,cg23527067,18192
8840,cg24448259,18198
8841,cg11044163,18199
8842,cg21472642,18200
8843,cg11185569,18201
8844,cg04619381,18203
8845,cg12658982,18204
8846,cg10639440,18216
8847,cg03054529,18219
8848,cg23580945,18219
8849,cg23581186,18220
8850,cg11802692,18220
8851,cg01541443,18222
8852,cg08972170,18223
8853,cg23583739,18223
8854,cg23640092,18224
8855,cg10289912,18225
8856,cg16391151,18232
8857,cg15815016,18233
8858,cg23599843,18233
8859,cg05142115,18234
8860,cg23780937,18235
8861,cg04922810,18243
8862,cg18589624,18249
8863,cg04749372,18250
8864,cg27076139,18257
8865,cg26312920,18259
8866,cg11554507,18260
8867,cg23216015,18265
8868,cg01353448,18266
8869,cg00546491,18270
8870,cg14853515,18274
8871,cg06331674,18275
8872,cg07520158,18276
8873,cg17786776,18278
8874,cg08445039,18280
8875,cg09539271,18282
8876,cg09080746,18283
8877,cg10073723,18285
8878,cg17561435,18286
8879,cg14401837,18287
8880,cg13870866,18289
8881,cg02008154,18290
8882,cg08703595,18300
8883,cg06466797,18301
8884,cg04508286,18302
8885,cg12776163,18303
8886,cg23700778,18307
8887,cg18607470,18308
8888,cg23683201,18308
8889,cg25028542,18309
8890,cg18491230,18310
8891,cg14451276,18313
8892,cg23692497,18317
8893,cg24995381,18327
8894,cg15028436,18328
8895,cg12099032,18329
8896,cg19166347,18330
8897,cg20019546,18331
8898,cg08261094,18332
8899,cg10806140,18333
8900,cg27641018,18334
8901,cg04499325,18335
8902,cg00312919,18336
8903,cg00309056,18337
8904,cg23727583,18344
8905,cg23735442,18347
8906,cg23737768,18349
8907,cg10293925,18351
8908,cg08680731,18355
8909,cg26180557,18356
8910,cg04748010,18357
8911,cg21341271,18359
8912,cg08120190,18360
8913,cg09325711,18361
8914,cg20991801,18364
8915,cg08136893,18365
8916,cg22284975,18366
8917,cg11079619,18375
8918,cg16415646,18376
8919,cg09405612,18382
8920,cg22805517,18386
8921,cg22552684,18387
8922,cg04350646,18388
8923,cg17628717,18394
8924,cg21070087,18395
8925,cg23281417,18396
8926,cg21309049,18397
8927,cg23807009,18398
8928,cg00167504,18399
8929,cg11528101,18403
8930,cg21048501,18404
8931,cg15262984,18405
8932,cg23818978,18406
8933,cg15042385,18406
8934,cg23616741,18407
8935,cg06852744,18409
8936,cg13916931,18413
8937,cg21123509,18414
8938,cg01708964,18418
8939,cg23836174,18422
8940,cg07944811,18423
8941,cg15001372,18424
8942,cg18412613,18425
8943,cg23839680,18425
8944,cg11609344,18426
8945,cg05459203,18429
8946,cg17754680,18431
8947,cg05057057,18432
8948,cg14450506,18433
8949,cg23851011,18433
8950,cg22627950,18434
8951,cg12520111,18439
8952,cg24319545,18440
8953,cg00947019,18441
8954,cg23858360,18443
8955,cg22878324,18443
8956,cg22037919,18457
8957,cg00677811,18458
8958,cg23877831,18459
8959,cg11959821,18463
8960,cg19469297,18464
8961,cg16336120,18465
8962,cg07651242,18470
8963,cg23889093,18473
8964,cg27447599,18473
8965,cg05660795,18474
8966,cg04796162,18476
8967,cg08831744,18477
8968,cg23897067,18479
8969,cg24499411,18486
8970,cg12034229,18494
8971,cg14171882,18495
8972,cg23916751,18499
8973,cg04454951,18505
8974,cg23921699,18505
8975,cg00333226,18511
8976,cg27094076,18513
8977,cg27183007,18514
8978,cg18117847,18522
8979,cg06590610,18523
8980,cg05072008,18525
8981,cg04144768,18526
8982,cg03843951,18528
8983,cg09150232,18533
8984,cg08835688,18534
8985,cg12903171,18535
8986,cg24183958,18536
8987,cg06790324,18537
8988,cg24302095,18539
8989,cg15774495,18540
8990,cg26163537,18541
8991,cg15164958,18554
8992,cg03775422,18557
8993,cg03860890,18565
8994,cg24012708,18566
8995,cg14094960,18566
8996,cg24016044,18571
8997,cg01048931,18573
8998,cg08655844,18574
8999,cg24022301,18574
9000,cg08107767,18575
9001,cg24123124,18576
9002,cg27268717,18577
9003,cg12555334,18581
9004,cg05724065,18585
9005,cg19759064,18586
9006,cg21096502,18587
9007,cg24041453,18589
9008,cg12856392,18599
9009,cg27542948,18604
9010,cg18219226,18613
9011,cg12463550,18615
9012,cg24076830,18616
9013,cg15816080,18617
9014,cg16253412,18618
9015,cg15423613,18623
9016,cg24084891,18624
9017,cg14702264,18625
9018,cg16075384,18626
9019,cg01366419,18638
9020,cg24107665,18647
9021,cg11828089,18651
9022,cg18438300,18659
9023,cg20692569,18660
9024,cg14093368,18663
9025,cg15396310,18664
9026,cg05386606,18665
9027,cg02290509,18667
9028,cg22511633,18668
9029,cg24127989,18668
9030,cg07737781,18670
9031,cg22185378,18671
9032,cg04134859,18672
9033,cg26561611,18673
9034,cg18515291,18677
9035,cg14534967,18679
9036,cg24164563,18685
9037,cg03969997,18686
9038,cg05592398,18694
9039,cg05163588,18695
9040,cg00827369,18696
9041,cg12241125,18697
9042,cg24176037,18699
9043,cg03375002,18699
9044,cg03098361,18703
9045,cg00955230,18704
9046,cg24183484,18704
9047,cg08695830,18705
9048,cg21265783,18706
9049,cg24194775,18709
9050,cg14120784,18712
9051,cg05146762,18713
9052,cg12240237,18717
9053,cg25770411,18718
9054,cg02053171,18722
9055,cg03373857,18723
9056,cg25990230,18724
9057,cg24650353,18727
9058,cg05556717,18729
9059,cg12943082,18730
9060,cg20720686,18733
9061,cg11237883,18739
9062,cg06772202,18742
9063,cg24242519,18746
9064,cg01430430,18749
9065,cg18705067,18750
9066,cg27425193,18752
9067,cg24256211,18755
9068,cg12730381,18758
9069,cg06186973,18759
9070,cg09916572,18760
9071,cg09434995,18763
9072,cg19384697,18764
9073,cg26358246,18770
9074,cg05902852,18777
9075,cg27268486,18787
9076,cg18508525,18789
9077,cg19815904,18792
9078,cg11051843,18793
9079,cg08005849,18796
9080,cg04008901,18800
9081,cg06379754,18802
9082,cg08274234,18808
9083,cg18464137,18809
9084,cg05742308,18812
9085,cg14724613,18818
9086,cg27089973,18819
9087,cg19861697,18820
9088,cg24338843,18820
9089,cg10833091,18821
9090,cg11256279,18823
9091,cg16063666,18824
9092,cg14001567,18825
9093,cg15652797,18826
9094,cg13741326,18827
9095,cg05279864,18830
9096,cg04737046,18831
9097,cg18655915,18832
9098,cg24346429,18832
9099,cg01966465,18835
9100,cg15414833,18836
9101,cg22802739,18837
9102,cg05131524,18839
9103,cg08876591,18840
9104,cg02399455,18841
9105,cg00564163,18842
9106,cg11271605,18844
9107,cg27319898,18848
9108,cg24362726,18850
9109,cg27626102,18850
9110,cg09450020,18851
9111,cg07588113,18855
9112,cg23283875,18856
9113,cg11909310,18858
9114,cg14298726,18859
9115,cg18967846,18860
9116,cg02399449,18861
9117,cg15798153,18863
9118,cg21746887,18867
9119,cg24392274,18867
9120,cg24399106,18871
9121,cg17054360,18871
9122,cg23723933,18872
9123,cg16688376,18873
9124,cg24400943,18874
9125,cg24896109,18875
9126,cg24403722,18876
9127,cg14520511,18876
9128,cg08771429,18877
9129,cg00084687,18879
9130,cg24030425,18880
9131,cg24414383,18885
9132,cg24422489,18888
9133,cg11608424,18896
9134,cg21262854,18897
9135,cg27402949,18898
9136,cg23239396,18899
9137,cg22799321,18900
9138,cg23141855,18901
9139,cg23686014,18902
9140,cg24441911,18902
9141,cg14377593,18903
9142,cg22983529,18906
9143,cg24445405,18908
9144,cg02186966,18908
9145,cg18511007,18909
9146,cg25300386,18910
9147,cg21974766,18911
9148,cg11341528,18912
9149,cg07236943,18914
9150,cg23096644,18915
9151,cg25524350,18916
9152,cg19107595,18917
9153,cg08291000,18918
9154,cg16492735,18919
9155,cg06695761,18921
9156,cg03682823,18922
9157,cg18139769,18923
9158,cg21270593,18924
9159,cg06943865,18926
9160,cg24469803,18927
9161,cg01488147,18927
9162,cg19781251,18928
9163,cg15544721,18929
9164,cg11164400,18930
9165,cg16872560,18931
9166,cg19221959,18932
9167,cg24473385,18933
9168,cg09643313,18933
9169,cg07404485,18935
9170,cg24474182,18935
9171,cg10329418,18938
9172,cg24750391,18939
9173,cg23285573,18940
9174,cg09375488,18942
9175,cg11554605,18945
9176,cg22171829,18946
9177,cg04498739,18947
9178,cg10281478,18948
9179,cg10166697,18951
9180,cg08998967,18952
9181,cg15781316,18954
9182,cg24497270,18957
9183,cg24497877,18959
9184,cg12041387,18967
9185,cg00503840,18969
9186,cg20080624,18970
9187,cg13462129,18971
9188,cg27016494,18973
9189,cg18873386,18974
9190,cg11500797,18976
9191,cg24115040,18977
9192,cg06537230,18978
9193,cg16924616,18979
9194,cg13344740,18980
9195,cg11997899,18981
9196,cg00096922,18982
9197,cg01169726,18983
9198,cg24205633,18985
9199,cg20002248,18986
9200,cg14221171,18991
9201,cg14785449,18993
9202,cg23242017,18995
9203,cg05526376,18996
9204,cg14975238,18997
9205,cg07740640,18998
9206,cg14640481,19002
9207,cg20637800,19003
9208,cg00548268,19009
9209,cg24579667,19010
9210,cg03564506,19017
9211,cg16241648,19024
9212,cg10213821,19030
9213,cg02798801,19031
9214,cg26259610,19032
9215,cg24612772,19032
9216,cg10256052,19034
9217,cg00901683,19035
9218,cg03665605,19037
9219,cg05575043,19039
9220,cg08652404,19040
9221,cg20122491,19042
9222,cg13636404,19044
9223,cg26553682,19047
9224,cg06459378,19048
9225,cg23326197,19049
9226,cg24641737,19052
9227,cg01626227,19054
9228,cg12019109,19057
9229,cg26670626,19060
9230,cg12588476,19061
9231,cg24649713,19062
9232,cg24650229,19063
9233,cg00929606,19064
9234,cg03910901,19066
9235,cg24797830,19067
9236,cg14796007,19070
9237,cg26023204,19071
9238,cg26568722,19072
9239,cg24659201,19072
9240,cg24555656,19074
9241,cg10698222,19076
9242,cg17518962,19078
9243,cg18691434,19081
9244,cg04697562,19082
9245,cg13369981,19091
9246,cg11719452,19092
9247,cg24685926,19092
9248,cg12584718,19093
9249,cg18577494,19095
9250,cg15547534,19096
9251,cg08487374,19098
9252,cg00834958,19099
9253,cg08723608,19100
9254,cg08626653,19101
9255,cg10442358,19104
9256,cg21694349,19108
9257,cg26777475,19110
9258,cg24695828,19111
9259,cg02797569,19111
9260,cg26471020,19112
9261,cg10240853,19113
9262,cg10681065,19114
9263,cg08572611,19118
9264,cg14088161,19119
9265,cg11223864,19121
9266,cg22377237,19122
9267,cg25251635,19123
9268,cg04044561,19124
9269,cg17194182,19125
9270,cg08575537,19126
9271,cg11673969,19127
9272,cg27352136,19129
9273,cg05669210,19130
9274,cg01274660,19140
9275,cg08560942,19146
9276,cg17731261,19147
9277,cg16462075,19148
9278,cg24748786,19148
9279,cg00644033,19149
9280,cg07873488,19150
9281,cg01584473,19151
9282,cg02273392,19155
9283,cg27665659,19156
9284,cg08097755,19158
9285,cg04084157,19160
9286,cg22158923,19162
9287,cg27550442,19164
9288,cg19873785,19165
9289,cg24777710,19165
9290,cg18670235,19166
9291,cg25527547,19167
9292,cg02512860,19169
9293,cg07651914,19171
9294,cg24793265,19175
9295,cg05146205,19181
9296,cg02862153,19182
9297,cg24801210,19187
9298,cg24813212,19195
9299,cg24816455,19197
9300,cg16880396,19199
9301,cg05253159,19200
9302,cg24826867,19211
9303,cg02564523,19212
9304,cg09648233,19214
9305,cg02724472,19216
9306,cg22799850,19223
9307,cg21399198,19224
9308,cg09739907,19225
9309,cg04036714,19226
9310,cg05755837,19229
9311,cg07475247,19230
9312,cg13463367,19231
9313,cg09492887,19232
9314,cg17923358,19233
9315,cg07068616,19237
9316,cg18294158,19238
9317,cg24868525,19239
9318,cg10488185,19240
9319,cg24873414,19242
9320,cg00950418,19243
9321,cg24315860,19244
9322,cg07461582,19246
9323,cg24884084,19251
9324,cg09382850,19257
9325,cg03338959,19258
9326,cg24893837,19261
9327,cg08779777,19262
9328,cg21250978,19265
9329,cg19770955,19267
9330,cg23434459,19268
9331,cg24901474,19268
9332,cg26651830,19269
9333,cg24903794,19270
9334,cg03443922,19271
9335,cg04996020,19272
9336,cg22294577,19273
9337,cg10064162,19278
9338,cg24914244,19280
9339,cg17885062,19281
9340,cg20807701,19282
9341,cg09834162,19283
9342,cg09837977,19285
9343,cg02391387,19289
9344,cg16218254,19290
9345,cg12733079,19291
9346,cg24481633,19292
9347,cg20891917,19294
9348,cg05608188,19295
9349,cg13391638,19296
9350,cg24621354,19303
9351,cg00453193,19304
9352,cg26774312,19306
9353,cg17469978,19308
9354,cg07964538,19309
9355,cg18329349,19310
9356,cg27242945,19311
9357,cg04677163,19312
9358,cg22126032,19313
9359,cg14191360,19317
9360,cg25299676,19318
9361,cg24970539,19318
9362,cg13155059,19320
9363,cg07424155,19321
9364,cg05937182,19322
9365,cg24974599,19322
9366,cg01830294,19331
9367,cg24986868,19333
9368,cg09911342,19337
9369,cg25509184,19338
9370,cg27603796,19346
9371,cg21880328,19349
9372,cg16192029,19350
9373,cg13983870,19351
9374,cg12650011,19352
9375,cg11696575,19353
9376,cg25013058,19353
9377,cg24849648,19355
9378,cg04106190,19356
9379,cg25017250,19357
9380,cg25017304,19358
9381,cg10551759,19359
9382,cg14175438,19360
9383,cg25167643,19361
9384,cg06667406,19363
9385,cg22828602,19372
9386,cg25025866,19372
9387,cg12150401,19374
9388,cg22024657,19375
9389,cg12126248,19376
9390,cg15560337,19378
9391,cg05341115,19379
9392,cg22724153,19380
9393,cg23428445,19386
9394,cg26141626,19387
9395,cg02946850,19391
9396,cg09868882,19392
9397,cg09283635,19396
9398,cg08137040,19397
9399,cg25060020,19398
9400,cg14018807,19399
9401,cg08586737,19400
9402,cg12288726,19401
9403,cg15802323,19402
9404,cg08886154,19404
9405,cg00893242,19405
9406,cg00315936,19407
9407,cg27263448,19411
9408,cg21129531,19412
9409,cg25085950,19414
9410,cg15087147,19415
9411,cg12782180,19426
9412,cg19594666,19428
9413,cg25097676,19430
9414,cg25098644,19432
9415,cg08635249,19433
9416,cg11041966,19434
9417,cg25104030,19436
9418,cg15740366,19441
9419,cg26083396,19442
9420,cg05079794,19443
9421,cg11646757,19444
9422,cg25115460,19445
9423,cg15133363,19445
9424,cg10157098,19447
9425,cg07586911,19448
9426,cg23475963,19449
9427,cg05647526,19450
9428,cg21230435,19452
9429,cg25664034,19454
9430,cg02661879,19455
9431,cg17140815,19457
9432,cg26616347,19462
9433,cg25140571,19467
9434,cg22065500,19467
9435,cg11303670,19468
9436,cg09916853,19469
9437,cg04478795,19470
9438,cg15447479,19471
9439,cg16584911,19473
9440,cg20633959,19474
9441,cg02841933,19475
9442,cg25149927,19476
9443,cg13360404,19478
9444,cg05343453,19481
9445,cg24060938,19482
9446,cg25157874,19484
9447,cg00845900,19484
9448,cg01796223,19485
9449,cg11063110,19487
9450,cg25160554,19488
9451,cg15154229,19489
9452,cg25162921,19491
9453,cg14761227,19491
9454,cg13975369,19495
9455,cg05751159,19496
9456,cg02490034,19498
9457,cg08077673,19499
9458,cg15164103,19500
9459,cg17347253,19501
9460,cg25172835,19502
9461,cg07427065,19502
9462,cg25173010,19503
9463,cg13917504,19503
9464,cg26702875,19504
9465,cg06422910,19505
9466,cg27195917,19506
9467,cg21574752,19507
9468,cg11058932,19508
9469,cg02332073,19509
9470,cg04528819,19510
9471,cg25186143,19513
9472,cg25201980,19523
9473,cg19023700,19525
9474,cg16488098,19526
9475,cg24469977,19531
9476,cg06084117,19533
9477,cg07590705,19534
9478,cg19632026,19535
9479,cg20451802,19536
9480,cg10880863,19537
9481,cg25221625,19538
9482,cg10839521,19540
9483,cg25226247,19541
9484,cg14706178,19541
9485,cg13801416,19544
9486,cg22063653,19549
9487,cg02382666,19551
9488,cg24956866,19552
9489,cg14009688,19553
9490,cg13120814,19559
9491,cg06456031,19560
9492,cg04619859,19563
9493,cg18152517,19566
9494,cg11649846,19567
9495,cg06145308,19568
9496,cg07577263,19569
9497,cg02005755,19570
9498,cg00973677,19575
9499,cg00653387,19582
9500,cg11521965,19583
9501,cg25300941,19587
9502,cg08434234,19587
9503,cg25302370,19589
9504,cg06277657,19590
9505,cg25306927,19593
9506,cg09277575,19594
9507,cg20647137,19595
9508,cg25307902,19595
9509,cg10703331,19598
9510,cg26889928,19599
9511,cg05719902,19600
9512,cg02491878,19601
9513,cg26349773,19602
9514,cg25322008,19603
9515,cg18798750,19603
9516,cg24251035,19604
9517,cg07561400,19606
9518,cg08222662,19607
9519,cg18015677,19609
9520,cg05284724,19610
9521,cg07819926,19611
9522,cg22920873,19612
9523,cg25336579,19612
9524,cg18417464,19613
9525,cg02096656,19614
9526,cg25341032,19615
9527,cg11609154,19615
9528,cg17177336,19616
9529,cg25274750,19621
9530,cg24890286,19622
9531,cg14116596,19631
9532,cg24435704,19634
9533,cg08355944,19638
9534,cg15002187,19639
9535,cg13980308,19644
9536,cg12318316,19645
9537,cg23411876,19646
9538,cg25374854,19647
9539,cg17095753,19647
9540,cg23066879,19648
9541,cg11414046,19649
9542,cg14094063,19650
9543,cg07640820,19653
9544,cg25391023,19655
9545,cg26449836,19656
9546,cg24980583,19657
9547,cg12337114,19658
9548,cg01182873,19659
9549,cg17560179,19661
9550,cg18463686,19663
9551,cg18971054,19664
9552,cg14153740,19666
9553,cg25411534,19667
9554,cg12878228,19672
9555,cg25421002,19682
9556,cg27628312,19683
9557,cg24680924,19684
9558,cg02786019,19685
9559,cg16752583,19686
9560,cg14269477,19687
9561,cg13675849,19688
9562,cg22298208,19689
9563,cg10896774,19690
9564,cg17784922,19691
9565,cg26628847,19693
9566,cg15652212,19696
9567,cg08261841,19697
9568,cg09243021,19698
9569,cg03311036,19699
9570,cg26756862,19700
9571,cg00292971,19704
9572,cg25438054,19705
9573,cg03100196,19706
9574,cg25443975,19708
9575,cg18997129,19709
9576,cg02376703,19710
9577,cg15905634,19711
9578,cg19548738,19716
9579,cg16722118,19717
9580,cg19714749,19720
9581,cg07028533,19729
9582,cg16254309,19731
9583,cg25476145,19732
9584,cg25477181,19733
9585,cg25043279,19738
9586,cg25482967,19738
9587,cg26866014,19739
9588,cg06816161,19742
9589,cg10128868,19745
9590,cg10158711,19746
9591,cg26024206,19749
9592,cg10162464,19750
9593,cg06815817,19751
9594,cg22274662,19755
9595,cg02401978,19756
9596,cg08744726,19759
9597,cg02372712,19764
9598,cg23749760,19765
9599,cg25522312,19772
9600,cg07753583,19779
9601,cg21516287,19780
9602,cg12556325,19781
9603,cg04999691,19782
9604,cg17279839,19784
9605,cg02902770,19786
9606,cg21784940,19789
9607,cg01827098,19796
9608,cg00323915,19800
9609,cg12914657,19801
9610,cg22442090,19803
9611,cg26385222,19806
9612,cg02244695,19808
9613,cg08359956,19809
9614,cg03964111,19810
9615,cg07897701,19811
9616,cg13603551,19812
9617,cg25572812,19814
9618,cg19781133,19821
9619,cg25007250,19822
9620,cg03842617,19823
9621,cg25589890,19824
9622,cg20456055,19825
9623,cg25596297,19827
9624,cg25598083,19828
9625,cg03734783,19830
9626,cg11368578,19831
9627,cg09515778,19832
9628,cg01177956,19833
9629,cg16677885,19837
9630,cg00367438,19838
9631,cg26159905,19844
9632,cg07038617,19845
9633,cg14795305,19849
9634,cg24068372,19853
9635,cg19831077,19856
9636,cg21035142,19857
9637,cg22830895,19858
9638,cg03998173,19860
9639,cg25661781,19860
9640,cg21134096,19861
9641,cg05953394,19877
9642,cg25786436,19878
9643,cg11091262,19879
9644,cg25310567,19880
9645,cg15146720,19881
9646,cg23126915,19883
9647,cg10896886,19884
9648,cg26738880,19898
9649,cg06434470,19899
9650,cg25717844,19900
9651,cg15835825,19901
9652,cg17927917,19905
9653,cg20419410,19907
9654,cg21051046,19910
9655,cg11648289,19911
9656,cg00577464,19915
9657,cg25167838,19916
9658,cg07671603,19922
9659,cg13258700,19923
9660,cg07681084,19924
9661,cg17536848,19925
9662,cg20899053,19929
9663,cg20420433,19930
9664,cg00282683,19932
9665,cg25762395,19936
9666,cg11695266,19939
9667,cg25764464,19939
9668,cg13456653,19940
9669,cg25778479,19948
9670,cg05119831,19965
9671,cg18601426,19969
9672,cg25820693,19977
9673,cg18349835,19978
9674,cg09664442,19989
9675,cg20672744,19990
9676,cg25842356,20001
9677,cg25842633,20002
9678,cg23833896,20008
9679,cg21132577,20026
9680,cg25885771,20028
9681,cg22619018,20035
9682,cg01136458,20036
9683,cg25902460,20040
9684,cg24670715,20043
9685,cg24292612,20047
9686,cg19033555,20048
9687,cg19304352,20050
9688,cg15481539,20051
9689,cg04747619,20052
9690,cg25915982,20056
9691,cg25922239,20060
9692,cg15819853,20061
9693,cg07118638,20066
9694,cg25232934,20067
9695,cg24727203,20069
9696,cg01092561,20070
9697,cg25937832,20071
9698,cg07962051,20074
9699,cg04228628,20075
9700,cg18452600,20077
9701,cg04815626,20078
9702,cg01072821,20081
9703,cg04057858,20082
9704,cg25946952,20082
9705,cg24690731,20088
9706,cg25954162,20088
9707,cg11108432,20089
9708,cg25956985,20091
9709,cg11434468,20096
9710,cg24378421,20097
9711,cg20951726,20098
9712,cg15742700,20102
9713,cg18123948,20108
9714,cg14900471,20109
9715,cg25985103,20110
9716,cg21073927,20110
9717,cg25216696,20112
9718,cg24646414,20113
9719,cg09626984,20114
9720,cg11981599,20115
9721,cg20279283,20116
9722,cg01546563,20117
9723,cg17795240,20120
9724,cg26020513,20121
9725,cg14329976,20122
9726,cg15836394,20124
9727,cg22870256,20125
9728,cg18787975,20129
9729,cg23719367,20131
9730,cg26014197,20132
9731,cg14501253,20133
9732,cg05226008,20139
9733,cg00933411,20140
9734,cg12089439,20142
9735,cg16303562,20144
9736,cg24030449,20145
9737,cg26831415,20149
9738,cg13243377,20151
9739,cg17509872,20152
9740,cg26045205,20158
9741,cg04681849,20160
9742,cg26049501,20161
9743,cg10160407,20161
9744,cg06093279,20163
9745,cg22807551,20164
9746,cg11050116,20165
9747,cg17044611,20166
9748,cg13563405,20167
9749,cg04149472,20168
9750,cg26057752,20168
9751,cg21363706,20169
9752,cg14494313,20170
9753,cg12639234,20171
9754,cg08040428,20174
9755,cg24056567,20175
9756,cg22708914,20177
9757,cg09537031,20178
9758,cg26079992,20181
9759,cg26082838,20184
9760,cg15379858,20185
9761,cg17834443,20187
9762,cg17823320,20188
9763,cg22441882,20190
9764,cg01952458,20191
9765,cg11856918,20192
9766,cg26093687,20195
9767,cg08385610,20195
9768,cg09950370,20201
9769,cg19201477,20207
9770,cg17168535,20208
9771,cg26401870,20210
9772,cg10194829,20211
9773,cg26124016,20219
9774,cg24471555,20226
9775,cg21154823,20227
9776,cg26045434,20228
9777,cg16256610,20231
9778,cg19738333,20232
9779,cg25552492,20233
9780,cg13958676,20234
9781,cg07242414,20237
9782,cg26104206,20239
9783,cg05947740,20240
9784,cg07059360,20241
9785,cg06333435,20242
9786,cg23431988,20244
9787,cg05254747,20246
9788,cg07837262,20247
9789,cg02640558,20248
9790,cg26149738,20249
9791,cg17142470,20250
9792,cg05698069,20252
9793,cg23696886,20253
9794,cg25811575,20270
9795,cg26174387,20273
9796,cg09476523,20277
9797,cg04447123,20278
9798,cg16861508,20282
9799,cg16175263,20284
9800,cg27090216,20285
9801,cg14015044,20286
9802,cg01407244,20287
9803,cg26197220,20287
9804,cg02938601,20288
9805,cg23051664,20289
9806,cg26199493,20290
9807,cg10964421,20290
9808,cg01031400,20291
9809,cg11947493,20292
9810,cg22783363,20293
9811,cg10245048,20294
9812,cg26530341,20295
9813,cg03664800,20303
9814,cg05365729,20304
9815,cg24430616,20307
9816,cg14755852,20308
9817,cg25944700,20309
9818,cg21481775,20311
9819,cg21428681,20312
9820,cg00410898,20323
9821,cg26235710,20325
9822,cg13059335,20326
9823,cg26240433,20329
9824,cg18267374,20333
9825,cg23290344,20334
9826,cg13266631,20345
9827,cg25192419,20346
9828,cg22502171,20347
9829,cg08110559,20348
9830,cg21305265,20349
9831,cg26266098,20349
9832,cg26267341,20351
9833,cg06403126,20354
9834,cg26279025,20357
9835,cg05232067,20357
9836,cg26282150,20358
9837,cg26284390,20359
9838,cg26286036,20361
9839,cg02154186,20362
9840,cg26289824,20364
9841,cg01214321,20364
9842,cg17963840,20368
9843,cg22461835,20369
9844,cg26294551,20369
9845,cg25762706,20371
9846,cg02130905,20373
9847,cg21099326,20375
9848,cg21443261,20376
9849,cg26304237,20377
9850,cg24081819,20379
9851,cg26315493,20380
9852,cg26323655,20385
9853,cg26331192,20387
9854,cg19549068,20389
9855,cg04929736,20390
9856,cg13351161,20391
9857,cg26847866,20392
9858,cg08773844,20393
9859,cg13467649,20394
9860,cg26261431,20395
9861,cg07634191,20397
9862,cg10171125,20398
9863,cg18249244,20399
9864,cg05026033,20400
9865,cg26353877,20401
9866,cg19391527,20402
9867,cg26354238,20402
9868,cg19139277,20405
9869,cg00987379,20406
9870,cg26357453,20407
9871,cg18508125,20409
9872,cg00815583,20410
9873,cg16729690,20411
9874,cg11710000,20412
9875,cg25557858,20413
9876,cg01124961,20414
9877,cg07267296,20415
9878,cg00459975,20416
9879,cg10220156,20421
9880,cg18875839,20422
9881,cg18070061,20425
9882,cg13983578,20426
9883,cg25751295,20427
9884,cg00355802,20428
9885,cg26390526,20436
9886,cg26391080,20437
9887,cg19691797,20440
9888,cg25358938,20441
9889,cg00177923,20442
9890,cg18986713,20443
9891,cg08887137,20444
9892,cg15319076,20445
9893,cg14658362,20447
9894,cg13490635,20448
9895,cg26411702,20453
9896,cg14871856,20453
9897,cg26413355,20454
9898,cg18356330,20454
9899,cg10301990,20455
9900,cg25948993,20456
9901,cg26910651,20457
9902,cg24698622,20458
9903,cg26422832,20459
9904,cg23610841,20463
9905,cg04833152,20464
9906,cg17457560,20471
9907,cg20349695,20472
9908,cg03594044,20473
9909,cg23663332,20474
9910,cg12674192,20475
9911,cg00792687,20476
9912,cg07516225,20477
9913,cg25781202,20479
9914,cg09904573,20480
9915,cg25738273,20481
9916,cg26465666,20483
9917,cg26471445,20488
9918,cg00297600,20491
9919,cg04553559,20497
9920,cg18379495,20498
9921,cg13612524,20499
9922,cg09478597,20500
9923,cg19149125,20502
9924,cg22838674,20503
9925,cg21533958,20504
9926,cg20011352,20505
9927,cg26500816,20507
9928,cg16313587,20510
9929,cg26519339,20520
9930,cg01386493,20520
9931,cg18350458,20521
9932,cg25500285,20522
9933,cg24318412,20523
9934,cg19515324,20524
9935,cg26523389,20525
9936,cg09793866,20528
9937,cg27087572,20529
9938,cg14726525,20530
9939,cg25510610,20531
9940,cg14336578,20532
9941,cg26530200,20532
9942,cg08722122,20534
9943,cg15791248,20535
9944,cg23843812,20537
9945,cg11653466,20538
9946,cg09990086,20546
9947,cg04017769,20547
9948,cg12535715,20552
9949,cg27258399,20554
9950,cg16652639,20556
9951,cg09662150,20557
9952,cg23566335,20562
9953,cg09314766,20563
9954,cg03716937,20564
9955,cg08465774,20565
9956,cg17939444,20567
9957,cg02388150,20572
9958,cg13398291,20573
9959,cg26590537,20573
9960,cg15839448,20574
9961,cg22418909,20575
9962,cg26596161,20576
9963,cg06166767,20579
9964,cg26605086,20579
9965,cg26606064,20580
9966,cg09915099,20582
9967,cg14435640,20583
9968,cg03380773,20585
9969,cg14958018,20586
9970,cg00176210,20591
9971,cg26984624,20593
9972,cg20966972,20599
9973,cg12468056,20600
9974,cg16060664,20602
9975,cg22038738,20604
9976,cg26626042,20604
9977,cg12091331,20605
9978,cg22960501,20607
9979,cg04223844,20608
9980,cg20264731,20609
9981,cg11415932,20610
9982,cg01762581,20611
9983,cg26637901,20613
9984,cg26643856,20615
9985,cg21209091,20617
9986,cg17910564,20618
9987,cg18381880,20619
9988,cg14408969,20624
9989,cg02641676,20625
9990,cg26651073,20626
9991,cg06840801,20627
9992,cg07906724,20632
9993,cg17145652,20634
9994,cg13414044,20635
9995,cg27043582,20636
9996,cg02617361,20638
9997,cg26665419,20638
9998,cg26666286,20639
9999,cg25861458,20641
10000,cg01402045,20642
10001,cg26677448,20647
10002,cg16241714,20652
10003,cg06734962,20653
10004,cg24792272,20654
10005,cg26682717,20654
10006,cg16104446,20655
10007,cg25612480,20656
10008,cg14473123,20657
10009,cg03167883,20667
10010,cg26706003,20668
10011,cg22836229,20671
10012,cg11868900,20673
10013,cg24593475,20674
10014,cg09881855,20675
10015,cg08896053,20679
10016,cg15585987,20680
10017,cg26729026,20683
10018,cg03835158,20685
10019,cg17162024,20691
10020,cg26021627,20693
10021,cg21991830,20694
10022,cg04229238,20695
10023,cg07629017,20696
10024,cg02115041,20697
10025,cg26753137,20698
10026,cg25990647,20699
10027,cg01281904,20701
10028,cg11050527,20702
10029,cg06557606,20703
10030,cg00582628,20705
10031,cg26764555,20711
10032,cg01677098,20715
10033,cg01334437,20716
10034,cg16129797,20718
10035,cg02919422,20722
10036,cg26783856,20730
10037,cg26789453,20735
10038,cg10453040,20736
10039,cg10485472,20737
10040,cg03973663,20738
10041,cg26792365,20741
10042,cg22411207,20741
10043,cg26794638,20743
10044,cg11321895,20749
10045,cg13208732,20750
10046,cg13573276,20751
10047,cg04598121,20756
10048,cg24645221,20759
10049,cg26815229,20760
10050,cg26817382,20761
10051,cg14234680,20762
10052,cg26369642,20766
10053,cg11550426,20768
10054,cg02103294,20769
10055,cg10196289,20771
10056,cg20239949,20772
10057,cg26840318,20780
10058,cg17176395,20781
10059,cg22915732,20786
10060,cg01405761,20787
10061,cg04333463,20791
10062,cg26850754,20791
10063,cg16050784,20792
10064,cg06619076,20793
10065,cg23687960,20799
10066,cg07448460,20800
10067,cg23602533,20801
10068,cg26869604,20802
10069,cg14817143,20803
10070,cg26873164,20806
10071,cg22766145,20808
10072,cg26887625,20810
10073,cg04418492,20812
10074,cg17347634,20815
10075,cg13398993,20816
10076,cg20587336,20817
10077,cg23619829,20818
10078,cg14299177,20819
10079,cg13760253,20824
10080,cg26911787,20827
10081,cg20329958,20828
10082,cg18640030,20829
10083,cg25352650,20831
10084,cg00905170,20832
10085,cg08090772,20837
10086,cg01988129,20840
10087,cg23704362,20842
10088,cg07595113,20848
10089,cg14285013,20849
10090,cg12790134,20850
10091,cg17045009,20851
10092,cg02569333,20853
10093,cg26974738,20862
10094,cg15754109,20863
10095,cg01086978,20867
10096,cg21750887,20871
10097,cg19250907,20872
10098,cg13652336,20873
10099,cg17747005,20874
10100,cg26990660,20877
10101,cg26991199,20878
10102,cg22199118,20887
10103,cg04845579,20891
10104,cg02283643,20892
10105,cg27015174,20893
10106,cg08419026,20893
10107,cg22083639,20894
10108,cg27016307,20895
10109,cg27016863,20897
10110,cg10457247,20898
10111,cg01295203,20903
10112,cg23239842,20907
10113,cg05868799,20908
10114,cg17127823,20910
10115,cg25974617,20911
10116,cg27038197,20911
10117,cg09378940,20914
10118,cg19632760,20915
10119,cg16793061,20916
10120,cg27043141,20917
10121,cg13043862,20917
10122,cg06269753,20921
10123,cg23710218,20925
10124,cg06493386,20928
10125,cg01610488,20929
10126,cg11754206,20932
10127,cg27069263,20933
10128,cg20890210,20933
10129,cg25396537,20934
10130,cg13554114,20935
10131,cg23104955,20936
10132,cg04703844,20937
10133,cg26464596,20938
10134,cg02584520,20941
10135,cg04004861,20942
10136,cg05751979,20944
10137,cg23526055,20945
10138,cg06334496,20946
10139,cg23732024,20948
10140,cg08949296,20949
10141,cg09304624,20951
10142,cg04893119,20952
10143,cg01410472,20953
10144,cg05624932,20954
10145,cg24512303,20956
10146,cg23087084,20960
10147,cg25202404,20961
10148,cg27140220,20962
10149,cg12803724,20963
10150,cg23538854,20965
10151,cg23512958,20966
10152,cg15576233,20970
10153,cg02595263,20971
10154,cg18459342,20973
10155,cg27124774,20976
10156,cg09935228,20976
10157,cg27132814,20978
10158,cg08551857,20979
10159,cg27138018,20979
10160,cg19904463,20981
10161,cg21649520,20982
10162,cg10062803,20983
10163,cg16746631,20986
10164,cg26258330,20988
10165,cg24229963,20989
10166,cg27147306,20989
10167,cg17029151,20990
10168,cg02471507,20991
10169,cg23324259,20992
10170,cg06027949,20993
10171,cg27158143,20994
10172,cg27164762,20999
10173,cg14830952,21000
10174,cg04950789,21001
10175,cg25142416,21005
10176,cg17191715,21006
10177,cg27170298,21006
10178,cg22289837,21007
10179,cg18674980,21008
10180,cg27180443,21011
10181,cg08872550,21011
10182,cg17788832,21012
10183,cg19587887,21014
10184,cg17711870,21015
10185,cg01244871,21016
10186,cg27190239,21017
10187,cg27190537,21018
10188,cg19078186,21018
10189,cg10473004,21019
10190,cg06757810,21023
10191,cg01587454,21024
10192,cg17703554,21025
10193,cg16852892,21026
10194,cg26756083,21027
10195,cg27196745,21027
10196,cg05604720,21030
10197,cg15054260,21031
10198,cg13153865,21033
10199,cg07084161,21034
10200,cg17724365,21035
10201,cg13277385,21036
10202,cg27210447,21037
10203,cg12402251,21039
10204,cg06281795,21041
10205,cg15170424,21043
10206,cg06688396,21044
10207,cg04458139,21045
10208,cg27226214,21046
10209,cg18888595,21046
10210,cg19007731,21053
10211,cg17471019,21061
10212,cg27360560,21062
10213,cg14346035,21065
10214,cg06543761,21066
10215,cg20987610,21068
10216,cg16208136,21070
10217,cg17943999,21071
10218,cg27091703,21072
10219,cg26350286,21075
10220,cg27265637,21076
10221,cg18565355,21076
10222,cg16328273,21078
10223,cg24434118,21080
10224,cg18059933,21081
10225,cg21197871,21083
10226,cg18317951,21086
10227,cg08605641,21087
10228,cg23862908,21089
10229,cg27285720,21091
10230,cg27287498,21094
10231,cg27294629,21101
10232,cg17889103,21102
10233,cg16177163,21104
10234,cg00317680,21105
10235,cg25070637,21106
10236,cg14538332,21107
10237,cg01892689,21108
10238,cg11536940,21109
10239,cg27305895,21109
10240,cg15747595,21112
10241,cg00186701,21115
10242,cg00265490,21116
10243,cg05237543,21117
10244,cg12424817,21118
10245,cg10039928,21120
10246,cg16202564,21122
10247,cg11713008,21125
10248,cg15399561,21126
10249,cg27329371,21127
10250,cg26804057,21127
10251,cg15264255,21129
10252,cg05373457,21134
10253,cg20673075,21136
10254,cg00420715,21144
10255,cg00155167,21145
10256,cg24267801,21146
10257,cg12125691,21147
10258,cg27363310,21147
10259,cg20769102,21152
10260,cg27170159,21153
10261,cg27376817,21154
10262,cg27537600,21154
10263,cg14358709,21156
10264,cg11906718,21157
10265,cg12548064,21160
10266,cg23737055,21161
10267,cg17199658,21163
10268,cg24546463,21164
10269,cg24812103,21165
10270,cg07981588,21168
10271,cg18282619,21170
10272,cg16124821,21171
10273,cg27398547,21172
10274,cg17084151,21179
10275,cg04230869,21183
10276,cg27417997,21185
10277,cg17769158,21187
10278,cg07065941,21188
10279,cg19352977,21193
10280,cg22925006,21197
10281,cg11318251,21199
10282,cg10918202,21201
10283,cg24115571,21204
10284,cg21975377,21205
10285,cg26952662,21207
10286,cg19188612,21208
10287,cg08657449,21213
10288,cg10303487,21216
10289,cg20774846,21219
10290,cg24098951,21220
10291,cg09531892,21221
10292,cg17176732,21232
10293,cg15603885,21233
10294,cg07005767,21234
10295,cg11745019,21235
10296,cg27486427,21235
10297,cg14070647,21237
10298,cg27489994,21237
10299,cg27497781,21244
10300,cg13700897,21245
10301,cg06987504,21246
10302,cg15484019,21248
10303,cg21721126,21249
10304,cg12991341,21252
10305,cg26989103,21255
10306,cg22268164,21256
10307,cg26021476,21257
10308,cg06084735,21258
10309,cg25824226,21259
10310,cg17452277,21260
10311,cg27519424,21262
10312,cg27525902,21267
10313,cg06821993,21267
10314,cg02735071,21276
10315,cg17256555,21278
10316,cg24971490,21279
10317,cg14729071,21281
10318,cg23338195,21283
10319,cg07459489,21284
10320,cg05160935,21285
10321,cg02422627,21286
10322,cg27554769,21287
10323,cg27557143,21292
10324,cg05040429,21300
10325,cg16659043,21301
10326,cg17293641,21302
10327,cg19620294,21303
10328,cg27041096,21305
10329,cg05755779,21306
10330,cg20379125,21310
10331,cg02511532,21313
10332,cg01780107,21314
10333,cg27588902,21314
10334,cg05365525,21316
10335,cg12051359,21317
10336,cg16907566,21319
10337,cg23196831,21321
10338,cg03521600,21322
10339,cg21051423,21323
10340,cg14992108,21327
10341,cg04719491,21331
10342,cg12254515,21338
10343,cg27121132,21339
10344,cg07109670,21340
10345,cg24833277,21342
10346,cg23067535,21344
10347,cg18956095,21346
10348,cg18604888,21347
10349,cg22721186,21348
10350,cg25406735,21351
10351,cg12508214,21352
10352,cg20283107,21359
10353,cg05412531,21361
10354,cg11172196,21364
10355,cg11044263,21365
10356,cg25375711,21367
10357,cg07561588,21369
10358,cg03813905,21370
10359,cg11719412,21371
10360,cg18939260,21375
10361,cg23968383,21377
10362,cg12738197,21378
10363,cg02226697,21379
10364,cg04618607,21380
10365,cg19437319,21384
10366,cg27089714,21385
10367,cg20379012,21386
10368,cg05440218,21387
10369,cg08715135,21394
10370,cg23179168,21407
10371,cg15312298,21408
10372,cg19972619,21412
10373,cg13052755,21416
10374,cg13784855,21418
10375,cg05316065,21439
10376,cg18152311,21443
10377,cg06307601,21444
10378,cg00077877,21451
10379,cg00659129,21452
10380,cg13912117,21458
10381,cg23796040,21462
10382,cg27016990,21466
10383,cg18153124,21467
10384,cg13755023,21469
10385,cg27159719,21471
10386,cg20955688,21472
10387,cg27342122,21475
10388,cg23427666,21476
10389,cg02794695,21478
10390,cg03670238,21482
10391,cg22637941,21483
10392,cg07477160,21492
10393,cg02503970,21501
10394,cg25945374,21515
10395,cg19791277,21516
10396,cg06276653,21519
10397,cg15642035,21520
10398,cg03396229,21525
10399,cg17834752,21529
10400,cg01717150,21532
10401,cg17500329,21534
10402,cg23430634,21535
10403,cg12002314,21543
10404,cg16286776,21554
10405,cg01806808,21558
10406,cg11398680,21559
10407,cg24473633,21564
10408,cg18675600,21592
10409,cg21210789,21615
10410,cg24981018,21618
10411,cg18270343,21619
10412,cg23641264,21620
10413,cg20281815,21624
10414,cg13446199,21625
10415,cg08569678,21628
10416,cg26976437,21629
10417,cg10918419,21631
10418,cg10913563,21632
10419,cg20862496,21633
10420,cg07441143,21634
10421,cg04311964,21635
10422,cg18493182,21636
10423,cg24046110,21637
10424,cg23180489,21638
10425,cg05800321,21639
10426,cg07711097,21641
10427,cg00057593,21642
10428,cg06597861,21648
10429,cg07770222,21650
10430,cg24377133,21651
10431,cg24641352,21655
10432,cg03773789,21656
10433,cg16007680,21657
10434,cg25814686,21665
10435,cg12188860,21672
10436,cg24596472,21673
10437,cg03870862,21688
10438,cg15537850,21693
10439,cg10298205,21694
10440,cg22186533,21696
10441,cg14292823,21697
10442,cg23902550,21698
10443,cg26507094,21699
10444,cg15555727,21700
10445,cg00311768,21701
10446,cg19150884,21702
10447,cg24216294,21703
10448,cg11695358,21705
10449,cg22892110,21706
10450,cg01399317,21710
10451,cg20519035,21712
10452,cg08996502,21716
10453,cg17150465,21717
10454,cg01692572,21718
10455,cg20520888,21749
10456,cg02868338,21756
10457,cg25788012,21757
10458,cg08020051,21758
10459,cg20669525,21759
10460,cg26212924,21761
10461,cg22138278,21762
10462,cg08825571,21763
10463,cg07103819,21766
10464,cg15301700,21769
10465,cg16628918,21771
10466,cg21959619,21772
10467,cg26403198,21773
10468,cg03347966,21774
10469,cg18511989,21776
10470,cg09155025,21778
10471,cg11800672,21779
10472,cg02226871,21782
10473,cg05807444,21783
10474,cg15783027,21784
10475,cg04794268,21785
10476,cg11238505,21786
10477,cg11757293,21787
10478,cg04515567,21789
10479,cg05113558,21790
10480,cg12515371,21791
10481,cg22563697,21792
10482,cg15983520,21797
10483,cg11617144,21798
10484,cg03221776,21799
10485,cg03144357,21800
10486,cg21226234,21801
10487,cg15857475,21802
10488,cg21092687,21803
10489,cg26911140,21810
10490,cg11609366,21811
10491,cg12270520,21812
10492,cg27449959,21813
10493,cg13551243,21814
10494,cg20845050,21815
10495,cg26421123,21816
10496,cg13592003,21818
10497,cg10227731,21819
10498,cg07534467,21820
10499,cg08909157,21822
10500,cg26381783,21823
10501,cg25905812,21824
10502,cg26489108,21830
10503,cg12420104,21831
10504,cg00250430,21834
10505,cg11530960,21835
10506,cg21140292,21836
10507,cg05523047,21838
10508,cg03591594,21839
10509,cg21331335,21840
10510,cg26428825,21841
10511,cg24471894,21842
10512,cg21387302,21844
10513,cg04972545,21845
10514,cg09386615,21846
10515,cg24611631,21847
10516,cg13666340,21848
10517,cg06207460,21849
10518,cg25282780,21850
10519,cg11107205,21851
10520,cg11830061,21853
10521,cg07531356,21854
10522,cg12067261,21855
10523,cg01036173,21857
10524,cg02823866,21858
10525,cg19724470,21859
10526,cg14440664,21860
10527,cg07211259,21861
10528,cg08487038,21863
10529,cg20595300,21864
10530,cg11747771,21865
10531,cg17009433,21866
10532,cg00121158,21867
10533,cg13875807,21868
10534,cg25989745,21871
10535,cg18043828,21872
10536,cg03905144,21873
10537,cg22117143,21874
10538,cg09965258,21877
10539,cg01785060,21878
10540,cg04217218,21879
10541,cg01446692,21880
10542,cg22153116,21881
10543,cg11680158,21882
10544,cg16645539,21883
10545,cg26007077,21884
10546,cg08101172,21885
10547,cg01998146,21886
10548,cg21927363,21887
10549,cg17511416,21888
10550,cg24341129,21889
10551,cg17398595,21890
10552,cg17977409,21891
10553,cg16714091,21892
10554,cg00116234,21893
10555,cg22937320,21894
10556,cg18043195,21895
10557,cg25822709,21896
10558,cg17887537,21897
10559,cg07664183,21898
10560,cg06797533,21899
10561,cg02942159,21902
10562,cg16925486,21903
10563,cg12348970,21904
10564,cg09730361,21908
10565,cg00474004,21909
10566,cg23426587,21910
10567,cg00513467,21911
10568,cg12840719,21914
10569,cg03079681,21915
10570,cg00718440,21916
10571,cg19481686,21917
10572,cg08390209,21918
10573,cg19133618,21919
10574,cg02400248,21920
10575,cg07623294,21921
10576,cg25106814,21922
10577,cg27322545,21923
10578,cg19872814,21924
10579,cg04995717,21926
10580,cg09827833,21927
10581,cg22262168,21929
10582,cg23074747,21931
10583,cg11613875,21932
10584,cg15714041,21933
10585,cg00162643,21934
10586,cg06337239,21935
10587,cg19012475,21936
10588,cg10716607,21937
10589,cg18178963,21938
10590,cg16758041,21939
10591,cg11308840,21940
10592,cg23234510,21941
10593,cg10624768,21942
10594,cg19432894,21943
10595,cg24088229,21944
10596,cg14829378,21947
10597,cg05779272,21948
10598,cg00079056,21949
10599,cg04103317,21950
10600,cg23689916,21951
10601,cg16720880,21952
10602,cg21614231,21953
10603,cg21608116,21954
10604,cg20999934,21955
10605,cg13920529,21956
10606,cg26624914,21959
10607,cg03863549,21960
10608,cg19367388,21964
10609,cg08351143,21965
10610,cg23029491,21966
10611,cg21511069,21967
10612,cg22658985,21968
10613,cg14167017,21970
10614,cg04057106,21971
10615,cg19398446,21972
10616,cg15186584,21976
10617,cg05208153,21977
10618,cg08578641,21978
10619,cg10049968,21980
10620,cg13226172,21981
10621,cg12188560,21982
10622,cg10922163,21984
10623,cg07557424,21985
10624,cg22579849,21986
10625,cg06418184,21987
10626,cg10524192,21988
10627,cg21504624,21990
10628,cg03662459,21991
10629,cg09722555,21992
10630,cg15777570,21994
10631,cg08418332,21996
10632,cg23655719,21997
10633,cg27443224,21998
10634,cg05000446,22002
10635,cg03563403,22003
10636,cg05293216,22004
10637,cg04065065,22006
10638,cg04273556,22008
10639,cg01253107,22011
10640,cg03367667,22012
10641,cg24770649,22013
10642,cg19026306,22014
10643,cg07341907,22016
10644,cg02096633,22017
10645,cg15271616,22020
10646,cg09000510,22023
10647,cg18557145,22025
10648,cg12971694,22026
10649,cg15518883,22029
10650,cg11326613,22030
10651,cg05830416,22031
10652,cg19257550,22032
10653,cg20610181,22033
10654,cg00833393,22034
10655,cg05219900,22035
10656,cg12316147,22036
10657,cg12876594,22038
10658,cg26943001,22039
10659,cg04109220,22040
10660,cg01328164,22042
10661,cg21984310,22044
10662,cg03081134,22049
10663,cg12717594,22050
10664,cg06484397,22051
10665,cg20870362,22052
10666,cg15248035,22053
10667,cg26966384,22054
10668,cg05412136,22055
10669,cg24556026,22057
10670,cg06087537,22058
10671,cg01288067,22059
10672,cg10059959,22064
10673,cg10289190,22066
10674,cg26850145,22067
10675,cg04094160,22068
10676,cg11304734,22069
10677,cg16235034,22072
10678,cg18428373,22073
10679,cg04660234,22074
10680,cg26233529,22075
10681,cg22498840,22076
10682,cg03738959,22077
10683,cg08289932,22080
10684,cg25478603,22083
10685,cg22397447,22084
10686,cg24142106,22087
10687,cg21413251,22088
10688,cg21185421,22089
10689,cg07158339,22092
10690,cg23667933,22094
10691,cg18505908,22099
10692,cg15623573,22100
10693,cg26535072,22101
10694,cg13870494,22102
10695,cg11656547,22103
10696,cg21740204,22105
10697,cg26798786,22106
10698,cg20555507,22108
10699,cg16832407,22109
10700,cg14667033,22111
10701,cg00034039,22112
10702,cg01873645,22113
10703,cg18286698,22114
10704,cg08768421,22115
10705,cg23788167,22116
10706,cg19684883,22117
10707,cg01894895,22118
10708,cg14331163,22120
10709,cg07536920,22121
10710,cg16509045,22123
10711,cg22161874,22124
10712,cg03848555,22125
10713,cg02936468,22126
10714,cg18168989,22127
10715,cg08625022,22128
10716,cg25287375,22129
10717,cg07962315,22130
10718,cg08026144,22131
10719,cg16904306,22132
10720,cg13789236,22137
10721,cg13066542,22138
10722,cg09885086,22140
10723,cg19282250,22141
10724,cg11195662,22143
10725,cg19044630,22146
10726,cg13724288,22151
10727,cg25418831,22152
10728,cg17301902,22153
10729,cg09260830,22154
10730,cg06692957,22155
10731,cg12548454,22156
10732,cg18689253,22158
10733,cg10319505,22165
10734,cg00426963,22167
10735,cg12927772,22168
10736,cg02654291,22169
10737,cg22807823,22170
10738,cg01809579,22171
10739,cg06138027,22172
10740,cg22402007,22174
10741,cg09539438,22175
10742,cg23181138,22176
10743,cg10823546,22178
10744,cg18090228,22179
10745,cg24852661,22180
10746,cg13890487,22182
10747,cg03221676,22184
10748,cg05065037,22185
10749,cg25141720,22188
10750,cg14350002,22189
10751,cg08719486,22191
10752,cg13814950,22192
10753,cg22571217,22193
10754,cg19734228,22194
10755,cg24754277,22195
10756,cg17090012,22196
10757,cg11154542,22198
10758,cg15242570,22199
10759,cg16386080,22203
10760,cg25530169,22206
10761,cg14230685,22207
10762,cg00755043,22212
10763,cg20083676,22215
10764,cg00420568,22216
10765,cg03712708,22217
10766,cg05465755,22218
10767,cg20074048,22219
10768,cg01120307,22220
10769,cg21912567,22223
10770,cg09835543,22225
10771,cg16896647,22226
10772,cg07160163,22227
10773,cg02608019,22228
10774,cg14304761,22229
10775,cg10025443,22230
10776,cg23447996,22231
10777,cg11466908,22236
10778,cg03942271,22237
10779,cg15919045,22240
10780,cg25766046,22242
10781,cg10912268,22243
10782,cg07027685,22244
10783,cg26478992,22245
10784,cg24105685,22246
10785,cg21624883,22247
10786,cg08439468,22249
10787,cg05969697,22250
10788,cg09160477,22253
10789,cg26833602,22254
10790,cg09547190,22255
10791,cg21925493,22256
10792,cg10072995,22257
10793,cg17141902,22258
10794,cg16158807,22260
10795,cg20616414,22262
10796,cg08872483,22268
10797,cg21383720,22269
10798,cg09600829,22270
10799,cg09429111,22273
10800,cg15264273,22275
10801,cg22232859,22276
10802,cg12044689,22277
10803,cg20356482,22278
10804,cg26759551,22279
10805,cg26277709,22282
10806,cg25910443,22283
10807,cg06202984,22290
10808,cg04021421,22291
10809,cg21526212,22292
10810,cg11554937,22298
10811,cg14633704,22299
10812,cg15582789,22300
10813,cg12043807,22301
10814,cg19881177,22302
10815,cg08372326,22303
10816,cg15739944,22304
10817,cg23861715,22306
10818,cg13234643,22309
10819,cg10900550,22312
10820,cg25494064,22314
10821,cg14223444,22315
10822,cg14707431,22316
10823,cg06383088,22318
10824,cg07965714,22319
10825,cg15802898,22321
10826,cg16274148,22324
10827,cg08531821,22325
10828,cg27592318,22326
10829,cg12026394,22328
10830,cg25479216,22331
10831,cg01618660,22336
10832,cg21618439,22337
10833,cg23075568,22338
10834,cg02058918,22342
10835,cg05593325,22344
10836,cg01725199,22345
10837,cg20503329,22346
10838,cg19461644,22347
10839,cg15526708,22348
10840,cg07535475,22351
10841,cg25454755,22354
10842,cg21606237,22357
10843,cg03950009,22358
10844,cg08347423,22359
10845,cg01241375,22360
10846,cg16771596,22362
10847,cg19318511,22363
10848,cg22775000,22364
10849,cg15075170,22365
10850,cg02590345,22366
10851,cg16898420,22367
10852,cg00577167,22370
10853,cg26181372,22371
10854,cg06912252,22372
10855,cg02602411,22373
10856,cg15765694,22374
10857,cg18794577,22376
10858,cg07328495,22378
10859,cg20109151,22379
10860,cg17868994,22380
10861,cg21572316,22381
10862,cg05286874,22382
10863,cg19287114,22385
10864,cg10922622,22388
10865,cg16998207,22389
10866,cg23213170,22390
10867,cg24073022,22391
10868,cg06119575,22392
10869,cg04725234,22393
10870,cg03939688,22397
10871,cg07309102,22398
10872,cg19863405,22404
10873,cg00065385,22405
10874,cg07281640,22407
10875,cg11953824,22409
10876,cg25018881,22410
10877,cg15459742,22411
10878,cg19635712,22418
10879,cg12568776,22419
10880,cg26646980,22420
10881,cg10994430,22423
10882,cg06953995,22424
10883,cg15083233,22425
10884,cg07804122,22426
10885,cg26246296,22427
10886,cg15195276,22429
10887,cg14563260,22430
10888,cg09931793,22432
10889,cg08876665,22433
10890,cg23964386,22434
10891,cg22174355,22436
10892,cg06643227,22437
10893,cg13314167,22438
10894,cg05120715,22439
10895,cg04230060,22443
10896,cg08313788,22445
10897,cg04837322,22446
10898,cg16295988,22447
10899,cg10726357,22450
10900,cg17749443,22451
10901,cg03454353,22452
10902,cg05706061,22453
10903,cg06252382,22454
10904,cg11233228,22455
10905,cg18474135,22456
10906,cg00885506,22458
10907,cg03984733,22459
10908,cg02027010,22461
10909,cg14469290,22462
10910,cg00047469,22463
10911,cg27510871,22464
10912,cg01481976,22465
10913,cg16367027,22466
10914,cg19944367,22467
10915,cg26354398,22468
10916,cg06630567,22471
10917,cg25420952,22472
10918,cg02838492,22475
10919,cg17465304,22476
10920,cg09944147,22477
10921,cg19556572,22479
10922,cg23916845,22484
10923,cg12377712,22485
10924,cg17742155,22486
10925,cg20216130,22488
10926,cg10791260,22489
10927,cg27631256,22490
10928,cg24443250,22491
10929,cg09201327,22492
10930,cg04761824,22493
10931,cg08662074,22495
10932,cg02873524,22496
10933,cg00213714,22497
10934,cg00121640,22500
10935,cg02515422,22501
10936,cg05429895,22502
10937,cg25935911,22506
10938,cg12576700,22508
10939,cg16956268,22509
10940,cg21717724,22512
10941,cg09419670,22513
10942,cg15551881,22518
10943,cg02552945,22521
10944,cg01843018,22522
10945,cg21492378,22523
10946,cg11429632,22524
10947,cg17071957,22525
10948,cg07190485,22530
10949,cg18676053,22531
10950,cg05684891,22533
10951,cg07981910,22534
10952,cg27650175,22535
10953,cg13060154,22536
10954,cg24794433,22537
10955,cg08128768,22538
10956,cg00995152,22539
10957,cg11527279,22543
10958,cg07347725,22545
10959,cg25186211,22546
10960,cg01536400,22547
10961,cg22254104,22551
10962,cg00636639,22553
10963,cg05102817,22554
10964,cg10493166,22557
10965,cg12927153,22558
10966,cg14598387,22559
10967,cg16473288,22560
10968,cg09768944,22561
10969,cg14560064,22563
10970,cg01677177,22564
10971,cg17896097,22565
10972,cg15209169,22566
10973,cg04655481,22568
10974,cg04784315,22570
10975,cg21489873,22571
10976,cg07763768,22572
10977,cg02010852,22575
10978,cg12953249,22576
10979,cg18904346,22580
10980,cg21468416,22582
10981,cg08287471,22583
10982,cg25118574,22589
10983,cg16666160,22592
10984,cg00691625,22593
10985,cg08758850,22594
10986,cg08173535,22595
10987,cg18506679,22596
10988,cg20645649,22599
10989,cg03916787,22600
10990,cg12788471,22601
10991,cg11797883,22602
10992,cg09227136,22603
10993,cg03801144,22605
10994,cg00620024,22606
10995,cg03283569,22608
10996,cg01733783,22609
10997,cg09155852,22611
10998,cg11299964,22612
10999,cg04794505,22613
11000,cg09429153,22614
11001,cg18453621,22622
11002,cg16284292,22625
11003,cg08433538,22628
11004,cg18410627,22629
11005,cg11213150,22632
11006,cg09427311,22634
11007,cg20864636,22635
11008,cg00342530,22636
11009,cg11312566,22637
11010,cg03804985,22638
11011,cg18360149,22639
11012,cg09445097,22640
11013,cg24046474,22641
11014,cg05840553,22642
11015,cg15648905,22643
11016,cg10188131,22644
11017,cg00560119,22647
11018,cg21753834,22649
11019,cg24121001,22650
11020,cg22105022,22652
11021,cg24545967,22654
11022,cg26920757,22655
11023,cg22170618,22656
11024,cg07295092,22657
11025,cg24910675,22660
11026,cg05050341,22661
11027,cg09092161,22662
11028,cg11714502,22663
11029,cg04460372,22665
11030,cg05517711,22666
11031,cg04416752,22668
11032,cg25732252,22669
11033,cg10082841,22670
11034,cg06765514,22671
11035,cg09665592,22672
11036,cg23006204,22673
11037,cg02009694,22676
11038,cg02431687,22682
11039,cg09296212,22683
11040,cg16224854,22684
11041,cg10218959,22690
11042,cg24730207,22691
11043,cg01871963,22692
11044,cg22438810,22694
11045,cg02494117,22697
11046,cg13309018,22698
11047,cg13316424,22699
11048,cg05826823,22700
11049,cg13942909,22701
11050,cg22344641,22704
11051,cg19857538,22705
11052,cg14139633,22706
11053,cg11893323,22707
11054,cg11116440,22708
11055,cg27627570,22713
11056,cg13294509,22715
11057,cg11007123,22717
11058,cg03243895,22718
11059,cg01220033,22719
11060,cg16037142,22720
11061,cg11628487,22721
11062,cg11056832,22722
11063,cg19973884,22723
11064,cg23003832,22724
11065,cg05824762,22725
11066,cg17617223,22726
11067,cg27625732,22728
11068,cg00228799,22729
11069,cg04621255,22730
11070,cg00475955,22731
11071,cg15610792,22732
11072,cg13752043,22733
11073,cg12754854,22734
11074,cg13022129,22736
11075,cg27514224,22737
11076,cg25092540,22738
11077,cg13812587,22739
11078,cg06318164,22740
11079,cg09431062,22741
11080,cg11526405,22742
11081,cg00729541,22743
11082,cg01027739,22746
11083,cg11184091,22747
11084,cg25587233,22748
11085,cg04653308,22749
11086,cg26805528,22750
11087,cg18197998,22751
11088,cg15852879,22763
11089,cg16543294,22764
11090,cg02205739,22765
11091,cg26672426,22768
11092,cg17683775,22769
11093,cg14299800,22770
11094,cg21060854,22771
11095,cg11222041,22772
11096,cg02802055,22773
11097,cg23300897,22774
11098,cg17509612,22775
11099,cg24475171,22776
11100,cg25179291,22779
11101,cg23771929,22782
11102,cg05251000,22783
11103,cg12539975,22790
11104,cg09191327,22791
11105,cg14552982,22793
11106,cg16799583,22794
11107,cg00168082,22795
11108,cg18986964,22796
11109,cg03924115,22800
11110,cg03900284,22801
11111,cg23152772,22804
11112,cg13033853,22805
11113,cg26964989,22807
11114,cg26491484,22808
11115,cg25954354,22811
11116,cg03776060,22812
11117,cg09553448,22813
11118,cg17936488,22815
11119,cg12998491,22816
11120,cg03251857,22817
11121,cg18636641,22818
11122,cg04981414,22823
11123,cg12894126,22824
11124,cg07957491,22825
11125,cg07285276,22832
11126,cg26228569,22836
11127,cg08108641,22839
11128,cg09059635,22840
11129,cg14176475,22841
11130,cg12271587,22842
11131,cg25344672,22843
11132,cg04038932,22844
11133,cg12622986,22845
11134,cg20603424,22846
11135,cg10676060,22847
11136,cg24293567,22848
11137,cg19393006,22850
11138,cg01909921,22851
11139,cg09095562,22852
11140,cg20188282,22853
11141,cg03693099,22854
11142,cg06974755,22856
11143,cg16872071,22857
11144,cg01169778,22860
11145,cg18089000,22862
11146,cg11879188,22863
11147,cg07241568,22865
11148,cg15003434,22867
11149,cg20017995,22869
11150,cg01605984,22870
11151,cg25307641,22871
11152,cg01309153,22873
11153,cg22244122,22874
11154,cg16112945,22876
11155,cg14802951,22877
11156,cg19123107,22878
11157,cg10570177,22879
11158,cg25512587,22883
11159,cg25580018,22885
11160,cg14201417,22886
11161,cg25020204,22888
11162,cg21122774,22890
11163,cg11466485,22891
11164,cg04582843,22892
11165,cg13134662,22893
11166,cg04648440,22896
11167,cg25569582,22897
11168,cg03243700,22898
11169,cg10604703,22899
11170,cg09800519,22903
11171,cg16408394,22904
11172,cg01753595,22911
11173,cg26024843,22913
11174,cg26164184,22915
11175,cg11884243,22917
11176,cg06244417,22918
11177,cg08268099,22920
11178,cg27286999,22921
11179,cg17536532,22925
11180,cg15769409,22926
11181,cg21010262,22927
11182,cg22587514,22928
11183,cg12438037,22929
11184,cg23815000,22930
11185,cg01055695,22931
11186,cg20414506,22936
11187,cg09446127,22938
11188,cg15229026,22939
11189,cg12004206,22944
11190,cg22747092,22945
11191,cg20300246,22948
11192,cg14934821,22954
11193,cg04305913,22955
11194,cg02516189,22958
11195,cg20776317,22959
11196,cg24812167,22960
11197,cg08367703,22962
11198,cg15583058,22963
11199,cg18285951,22966
11200,cg13306784,22967
11201,cg02071439,22968
11202,cg20042228,22979
11203,cg16829154,22980
11204,cg08529852,22982
11205,cg25537774,22985
11206,cg15720535,22986
11207,cg07078114,22990
11208,cg26944151,22991
11209,cg11873854,22997
11210,cg14611112,22998
11211,cg16536450,23001
11212,cg21173623,23002
11213,cg06654447,23003
11214,cg05627103,23004
11215,cg17963089,23006
11216,cg16777839,23007
11217,cg06711560,23008
11218,cg15619125,23009
11219,cg25068445,23011
11220,cg14507042,23012
11221,cg15139737,23015
11222,cg02332492,23016
11223,cg00563932,23018
11224,cg11546621,23020
11225,cg01126560,23021
11226,cg16025584,23022
11227,cg02189785,23023
11228,cg15387123,23024
11229,cg25934198,23026
11230,cg21120249,23028
11231,cg13970341,23029
11232,cg15428653,23030
11233,cg26581729,23033
11234,cg17902858,23035
11235,cg17018517,23036
11236,cg15785720,23038
11237,cg12336877,23041
11238,cg03261004,23042
11239,cg22419075,23043
11240,cg07172280,23044
11241,cg03109047,23046
11242,cg19404582,23047
11243,cg27291231,23051
11244,cg03804500,23052
11245,cg10467681,23053
11246,cg06886022,23055
11247,cg22719586,23056
11248,cg26681123,23058
11249,cg21964481,23059
11250,cg03431064,23060
11251,cg02068676,23061
11252,cg00594118,23062
11253,cg13085976,23064
11254,cg07717632,23065
11255,cg03168296,23070
11256,cg04837071,23071
11257,cg22336401,23074
11258,cg17361154,23075
11259,cg07772309,23078
11260,cg06919956,23083
11261,cg15636365,23084
11262,cg17959722,23085
11263,cg15473904,23086
11264,cg16351184,23087
11265,cg12757143,23089
11266,cg19954739,23090
11267,cg25384157,23091
11268,cg26374101,23092
11269,cg02813021,23101
11270,cg14255089,23102
11271,cg00025991,23110
11272,cg04586563,23111
11273,cg10789261,23117
11274,cg11406340,23118
11275,cg08020381,23119
11276,cg27274028,23120
11277,cg00471562,23121
11278,cg04731091,23124
11279,cg05307923,23136
11280,cg14590817,23137
11281,cg08465862,23139
11282,cg10247268,23140
11283,cg26538214,23157
11284,cg25945303,23158
11285,cg26644395,23170
11286,cg13599477,23171
11287,cg24392574,23172
11288,cg21130124,23173
11289,cg02831294,23174
11290,cg25171089,23179
11291,cg03157149,23180
11292,cg08827391,23181
11293,cg03479974,23183
11294,cg17560720,23184
11295,cg08497766,23186
11296,cg09290866,23187
11297,cg11733245,23189
11298,cg26105232,23191
11299,cg00242839,23193
11300,cg02863237,23194
11301,cg21542094,23200
11302,cg14222233,23201
11303,cg11638200,23205
11304,cg12245996,23206
11305,cg06224510,23218
11306,cg03205208,23220
11307,cg00779924,23224
11308,cg04765277,23225
11309,cg06230736,23228
11310,cg20716064,23246
11311,cg03475172,23247
11312,cg23960723,23248
11313,cg24428042,23249
11314,cg13904771,23250
11315,cg03411288,23251
11316,cg04745698,23256
11317,cg14461963,23259
11318,cg18678121,23261
11319,cg02630694,23262
11320,cg06109724,23263
11321,cg26451923,23264
11322,cg24859228,23265
11323,cg22750254,23271
11324,cg20647888,23272
11325,cg27555776,23275
11326,cg13864877,23276
11327,cg13687831,23277
11328,cg01047414,23278
11329,cg11115427,23279
11330,cg17854497,23281
11331,cg23114594,23284
11332,cg14784653,23285
11333,cg26778908,23288
11334,cg05755354,23291
11335,cg25464840,23293
11336,cg02876062,23300
11337,cg03737135,23302
11338,cg10957200,23303
11339,cg26354413,23304
11340,cg12042678,23305
11341,cg07903860,23306
11342,cg27465849,23307
11343,cg04001802,23308
11344,cg23179321,23309
11345,cg13417824,23311
11346,cg18173454,23312
11347,cg04451988,23314
11348,cg16902509,23317
11349,cg05499853,23320
11350,cg15875120,23321
11351,cg17526300,23322
11352,cg07570421,23323
11353,cg11175310,23327
11354,cg10707565,23329
11355,cg15293750,23330
11356,cg19579782,23331
11357,cg12874092,23333
11358,cg08198102,23336
11359,cg23868119,23337
11360,cg18418503,23338
11361,cg26550234,23339
11362,cg18408326,23341
11363,cg08400019,23351
11364,cg05018361,23352
11365,cg16905311,23354
11366,cg13149307,23356
11367,cg12563178,23357
11368,cg18192417,23360
11369,cg24625388,23361
11370,cg03076324,23378
11371,cg15818800,23379
11372,cg10028071,23381
11373,cg21226861,23382
11374,cg13984351,23385
11375,cg13379871,23386
11376,cg25802093,23394
11377,cg06908778,23404
11378,cg23820285,23418
11379,cg26368842,23419
11380,cg11673092,23421
11381,cg11710969,23422
11382,cg17431739,23423
11383,cg17389519,23429
11384,cg09892390,23439
11385,cg04180868,23443
11386,cg24995798,23445
11387,cg08847038,23446
11388,cg08441170,23454
11389,cg04599297,23459
11390,cg17665193,23460
11391,cg23087130,23465
11392,cg17918201,23466
11393,cg24668150,23467
11394,cg17165760,23468
11395,cg04865575,23469
11396,cg01782320,23470
11397,cg21244397,23471
11398,cg03554914,23472
11399,cg04466253,23473
11400,cg15286905,23474
11401,cg06898923,23476
11402,cg14614211,23478
11403,cg02161900,23484
11404,cg08555772,23485
11405,cg17749384,23487
11406,cg16408970,23492
11407,cg18472228,23493
11408,cg23163471,23502
11409,cg03259469,23503
11410,cg26718574,23511
11411,cg25833031,23512
11412,cg01994328,23514
11413,cg24861272,23526
11414,cg09010998,23528
11415,cg26271255,23532
11416,cg08012454,23533
11417,cg01819863,23539
11418,cg01902747,23541
11419,cg12651014,23542
11420,cg13800022,23544
11421,cg15147545,23545
11422,cg07452799,23558
11423,cg23093462,23559
11424,cg13956671,23562
11425,cg06336792,23563
11426,cg09351894,23564
11427,cg23218877,23569
11428,cg23900225,23571
11429,cg00168942,23572
11430,cg12914362,23576
11431,cg19219503,23582
11432,cg03208093,23585
11433,cg24146166,23586
11434,cg03712239,23587
11435,cg05454446,23592
11436,cg05621401,23595
11437,cg04402875,23596
11438,cg17665608,23600
11439,cg27591196,23601
11440,cg07871503,23603
11441,cg12619162,23605
11442,cg15321211,23610
11443,cg04825431,23612
11444,cg26649005,23615
11445,cg14218343,23616
11446,cg18618334,23624
11447,cg00499822,23625
11448,cg13603099,23626
11449,cg17324128,23627
11450,cg04444771,23629
11451,cg00899659,23632
11452,cg18809289,23635
11453,cg13806670,23642
11454,cg22710329,23643
11455,cg14450605,23649
11456,cg24035962,23650
11457,cg17030820,23652
11458,cg07773116,23659
11459,cg05441133,23662
11460,cg21115977,23663
11461,cg24053375,23664
11462,cg17964955,23665
11463,cg10211252,23666
11464,cg20491707,23668
11465,cg06206628,23670
11466,cg05859842,23671
11467,cg19612574,23672
11468,cg25290938,23680
11469,cg20506783,23681
11470,cg02569613,23686
11471,cg08427977,23687
11472,cg08335125,23692
11473,cg01982597,23693
11474,cg14343062,23694
11475,cg01465325,23695
11476,cg12052765,23696
11477,cg18592174,23697
11478,cg11389172,23698
11479,cg14008883,23701
11480,cg06222851,23704
11481,cg24356544,23705
11482,cg03658471,23709
11483,cg03817621,23711
11484,cg23828595,23712
11485,cg09019938,23713
11486,cg06712026,23714
11487,cg18690395,23715
11488,cg12621514,23717
11489,cg07684796,23718
11490,cg27418851,23720
11491,cg03808835,23723
11492,cg20588045,23724
11493,cg21206959,23726
11494,cg18534872,23727
11495,cg24573310,23730
11496,cg06532493,23731
11497,cg06077733,23735
11498,cg14271908,23736
11499,cg25946758,23742
11500,cg13686115,23743
11501,cg10615091,23744
11502,cg22639768,23745
11503,cg15984822,23747
11504,cg07410075,23748
11505,cg22150335,23749
11506,cg12354377,23750
11507,cg27648946,23753
11508,cg13320683,23754
11509,cg16063112,23758
11510,cg09941381,23772
11511,cg25153340,23773
11512,cg01137532,23774
11513,cg15591678,23775
11514,cg23680936,23779
11515,cg19355190,23786
11516,cg21264207,23787
11517,cg01172656,23791
11518,cg22492966,23793
11519,cg12236045,23798
11520,cg09538287,23800
11521,cg00132141,23801
11522,cg12315959,23802
11523,cg19192316,23804
11524,cg03251249,23805
11525,cg06134936,23806
11526,cg03652343,23807
11527,cg00745735,23808
11528,cg00873937,23811
11529,cg20700904,23812
11530,cg15342384,23813
11531,cg18022926,23814
11532,cg14191109,23815
11533,cg08620470,23816
11534,cg21948169,23818
11535,cg19439331,23819
11536,cg22816171,23823
11537,cg24012157,23824
11538,cg17741291,23825
11539,cg15558658,23826
11540,cg27208307,23827
11541,cg17342283,23828
11542,cg23345864,23829
11543,cg21830413,23830
11544,cg13409216,23831
11545,cg05111829,23832
11546,cg11639651,23833
11547,cg16001913,23835
11548,cg06323290,23836
11549,cg15278682,23840
11550,cg26984805,23841
11551,cg08831594,23843
11552,cg12610070,23844
11553,cg06043042,23846
11554,cg13129046,23847
11555,cg22368262,23848
11556,cg23620639,23849
11557,cg17163751,23855
11558,cg14617642,23856
11559,cg26699283,23858
11560,cg02100629,23859
11561,cg11985856,23861
11562,cg12635664,23862
11563,cg11880892,23863
11564,cg15097876,23864
11565,cg09330643,23868
11566,cg12230010,23869
11567,cg04377282,23870
11568,cg09914304,23876
11569,cg02374486,23881
11570,cg02503850,23883
11571,cg19730092,23884
11572,cg10548978,23886
11573,cg01560871,23887
11574,cg05871136,23889
11575,cg18858343,23890
11576,cg19241744,23892
11577,cg01478450,23893
11578,cg24883276,23911
11579,cg04268405,23912
11580,cg19731268,23913
11581,cg10983208,23918
11582,cg01861509,23920
11583,cg06105085,23924
11584,cg22068473,23931
11585,cg27106233,23932
11586,cg03761560,23944
11587,cg11655691,23946
11588,cg01687711,23947
11589,cg23879147,23948
11590,cg05998983,23951
11591,cg21820890,23952
11592,cg02044879,23953
11593,cg20910436,23954
11594,cg21416602,23955
11595,cg15427656,23956
11596,cg07061913,23957
11597,cg20441175,23958
11598,cg02160826,23959
11599,cg25111781,23960
11600,cg13323474,23961
11601,cg04733302,23962
11602,cg04305134,23963
11603,cg16108132,23964
11604,cg08413366,23966
11605,cg08805338,23967
11606,cg16193203,23968
11607,cg21194776,23969
11608,cg18180783,23971
11609,cg27550918,23973
11610,cg07127957,23974
11611,cg19864851,23976
11612,cg02566518,23977
11613,cg23588893,23978
11614,cg11993300,23979
11615,cg16540259,23980
11616,cg17076921,23983
11617,cg06521280,23987
11618,cg25392935,23990
11619,cg05510041,23991
11620,cg05019661,23993
11621,cg25892434,23994
11622,cg20721467,24001
11623,cg08789630,24002
11624,cg04834572,24009
11625,cg09454892,24010
11626,cg25229706,24011
11627,cg02437376,24014
11628,cg03279443,24015
11629,cg02749825,24016
11630,cg08158570,24021
11631,cg17238009,24033
11632,cg04688368,24044
11633,cg17791617,24045
11634,cg24289167,24046
11635,cg10905918,24047
11636,cg14298951,24048
11637,cg09936762,24070
11638,cg09354331,24071
11639,cg23585575,24078
11640,cg27352063,24079
11641,cg25907916,24082
11642,cg03600318,24084
11643,cg08458487,24085
11644,cg20451369,24088
11645,cg02599225,24089
11646,cg03359508,24093
11647,cg24334983,24094
11648,cg19423196,24099
11649,cg18292394,24100
11650,cg12064929,24101
11651,cg17703212,24104
11652,cg01851208,24105
11653,cg20617956,24106
11654,cg15594133,24110
11655,cg08772206,24115
11656,cg04126866,24121
11657,cg01558777,24122
11658,cg26717133,24124
11659,cg16211684,24125
11660,cg17827767,24127
11661,cg17833578,24128
11662,cg13133883,24129
11663,cg24660086,24130
11664,cg23702568,24142
11665,cg09261262,24147
11666,cg08300860,24150
11667,cg12008118,24151
11668,cg06817917,24153
11669,cg17776353,24154
11670,cg19368582,24157
11671,cg22545356,24158
11672,cg05046097,24159
11673,cg21012874,24160
11674,cg12261786,24161
11675,cg04798796,24167
11676,cg01816336,24170
11677,cg13926569,24172
11678,cg23706422,24173
11679,cg24552431,24174
11680,cg01765473,24175
11681,cg21480743,24176
11682,cg01228636,24177
11683,cg04738091,24178
11684,cg21573601,24179
11685,cg20849549,24180
11686,cg16687447,24181
11687,cg00098162,24196
11688,cg11917694,24197
11689,cg17155596,24198
11690,cg26461637,24202
11691,cg23410627,24203
11692,cg18762485,24204
11693,cg18701598,24205
11694,cg06476606,24207
11695,cg09398185,24208
11696,cg06353720,24209
11697,cg15019617,24214
11698,cg22139878,24217
11699,cg05338155,24218
11700,cg09186006,24219
11701,cg12005098,24221
11702,cg09161592,24225
11703,cg14967972,24226
11704,cg20896197,24227
11705,cg06291867,24228
11706,cg26332534,24229
11707,cg08633154,24233
11708,cg00268338,24234
11709,cg23707493,24237
11710,cg14519036,24238
11711,cg15111734,24242
11712,cg04350610,24243
11713,cg18409845,24250
11714,cg00720072,24251
11715,cg22812892,24253
11716,cg08034216,24254
11717,cg16340918,24255
11718,cg25494789,24256
11719,cg09721427,24258
11720,cg26404725,24262
11721,cg20322977,24265
11722,cg14613832,24271
11723,cg19166875,24279
11724,cg02756614,24280
11725,cg24371383,24281
11726,cg12331389,24283
11727,cg12936747,24286
11728,cg04298323,24288
11729,cg19635695,24289
11730,cg00051979,24290
11731,cg01154537,24291
11732,cg09068993,24292
11733,cg07550278,24293
11734,cg10830758,24294
11735,cg00532335,24295
11736,cg11438755,24298
11737,cg01862366,24299
11738,cg09480837,24300
11739,cg23439277,24301
11740,cg08711724,24302
11741,cg07270175,24303
11742,cg07489134,24304
11743,cg06852652,24305
11744,cg12647587,24310
11745,cg20362772,24312
11746,cg06542614,24313
11747,cg21235838,24319
11748,cg12239750,24320
11749,cg05889321,24321
11750,cg13471990,24322
11751,cg04451770,24323
11752,cg22864416,24325
11753,cg16779976,24326
11754,cg06825166,24332
11755,cg10038087,24334
11756,cg02848777,24335
11757,cg10377211,24336
11758,cg23628240,24338
11759,cg06636246,24339
11760,cg14647515,24340
11761,cg07143898,24342
11762,cg08443351,24345
11763,cg15432938,24346
11764,cg10014190,24349
11765,cg02238747,24350
11766,cg23923462,24351
11767,cg21245135,24352
11768,cg23433532,24354
11769,cg13669465,24355
11770,cg09773756,24358
11771,cg17296078,24359
11772,cg02676865,24360
11773,cg13271963,24362
11774,cg13985639,24363
11775,cg15431576,24364
11776,cg24343515,24366
11777,cg19133903,24368
11778,cg25355803,24370
11779,cg24576735,24371
11780,cg09542745,24373
11781,cg09874752,24374
11782,cg05937453,24375
11783,cg04677227,24389
11784,cg03852570,24391
11785,cg13180809,24392
11786,cg20340596,24393
11787,cg20552296,24398
11788,cg03388193,24399
11789,cg15430659,24403
11790,cg07526069,24404
11791,cg06428195,24405
11792,cg13114389,24422
11793,cg14434255,24423
11794,cg17460846,24424
11795,cg09070492,24425
11796,cg09448875,24426
11797,cg17044311,24427
11798,cg05863612,24429
11799,cg02732134,24430
11800,cg15457079,24433
11801,cg16443939,24437
11802,cg06837731,24438
11803,cg05917963,24439
11804,cg11187508,24440
11805,cg20925178,24441
11806,cg18641050,24442
11807,cg26610808,24443
11808,cg10365880,24445
11809,cg00954566,24446
11810,cg23508052,24447
11811,cg26109803,24451
11812,cg20831708,24454
11813,cg26705561,24457
11814,cg10098216,24458
11815,cg01430807,24459
11816,cg14817542,24460
11817,cg15416233,24464
11818,cg26508537,24466
11819,cg08177017,24467
11820,cg26991946,24469
11821,cg05322019,24470
11822,cg19578398,24471
11823,cg25580076,24472
11824,cg13449372,24473
11825,cg04880063,24479
11826,cg23190203,24480
11827,cg07638935,24485
11828,cg15302379,24489
11829,cg11498156,24495
11830,cg03285457,24506
11831,cg19669439,24510
11832,cg13962355,24511
11833,cg00206052,24513
11834,cg18834029,24514
11835,cg16584573,24517
11836,cg16248277,24518
11837,cg24166097,24521
11838,cg22482381,24523
11839,cg08242493,24524
11840,cg25123470,24526
11841,cg06286028,24527
11842,cg02840794,24528
11843,cg27579745,24529
11844,cg11849692,24531
11845,cg10477754,24532
11846,cg20778294,24533
11847,cg17043101,24535
11848,cg00431050,24537
11849,cg18390025,24538
11850,cg22882178,24540
11851,cg26831968,24542
11852,cg23738770,24543
11853,cg25095612,24544
11854,cg13548361,24546
11855,cg02040734,24553
11856,cg01275830,24556
11857,cg03417317,24557
11858,cg25117362,24558
11859,cg26477793,24560
11860,cg09888137,24561
11861,cg10488141,24562
11862,cg15109571,24563
11863,cg00793774,24567
11864,cg14603406,24568
11865,cg15212440,24572
11866,cg10872209,24573
11867,cg18151487,24574
11868,cg15227982,24576
11869,cg09405083,24582
11870,cg05959392,24586
11871,cg25729957,24587
11872,cg24252723,24588
11873,cg00035347,24591
11874,cg23642747,24595
11875,cg17877656,24601
11876,cg27217148,24602
11877,cg20684973,24603
11878,cg01360325,24604
11879,cg07086898,24605
11880,cg05717160,24606
11881,cg18273501,24609
11882,cg09155001,24611
11883,cg02324920,24614
11884,cg27360003,24615
11885,cg23333420,24621
11886,cg25294646,24622
11887,cg00276797,24623
11888,cg22391400,24624
11889,cg13448625,24626
11890,cg13553455,24627
11891,cg26358059,24628
11892,cg25250998,24630
11893,cg03640944,24635
11894,cg11943820,24636
11895,cg09551147,24639
11896,cg16787600,24641
11897,cg09352789,24656
11898,cg17093267,24657
11899,cg13017345,24662
11900,cg09770154,24663
11901,cg21872391,24665
11902,cg08308257,24666
11903,cg25524473,24672
11904,cg06470552,24677
11905,cg11944393,24678
11906,cg24371157,24685
11907,cg21022395,24687
11908,cg09830278,24688
11909,cg16886188,24689
11910,cg26926521,24690
11911,cg12137206,24694
11912,cg24965984,24695
11913,cg13342558,24696
11914,cg13849691,24697
11915,cg21242004,24702
11916,cg18304674,24704
11917,cg14665389,24711
11918,cg18833140,24721
11919,cg26656452,24722
11920,cg04712892,24723
11921,cg11204562,24725
11922,cg04281204,24726
11923,cg02946754,24727
11924,cg13420923,24728
11925,cg14826456,24729
11926,cg00568128,24732
11927,cg27547703,24733
11928,cg13084429,24734
11929,cg05064181,24748
11930,cg17017278,24752
11931,cg26528713,24753
11932,cg23764381,24754
11933,cg04335339,24755
11934,cg23898073,24765
11935,cg12087643,24767
11936,cg11812202,24770
11937,cg27600794,24771
11938,cg11310496,24773
11939,cg16272420,24774
11940,cg17349199,24776
11941,cg07621046,24778
11942,cg25229305,24788
11943,cg07637239,24789
11944,cg00498305,24792
11945,cg00512279,24795
11946,cg19358493,24801
11947,cg03522063,24802
11948,cg10222574,24806
11949,cg22082243,24809
11950,cg24257768,24810
11951,cg15748507,24813
11952,cg14916079,24818
11953,cg15752043,24819
11954,cg21289924,24820
11955,cg04126427,24821
11956,cg18755204,24822
11957,cg23274030,24823
11958,cg17198722,24824
11959,cg10367730,24825
11960,cg27315279,24826
11961,cg23303782,24827
11962,cg04041960,24842
11963,cg19653161,24843
11964,cg23182539,24845
11965,cg08102619,24846
11966,cg03690162,24847
11967,cg18870413,24848
11968,cg27613076,24852
11969,cg24618244,24853
11970,cg25377358,24855
11971,cg21201659,24856
11972,cg02312170,24859
11973,cg17028039,24862
11974,cg09772154,24863
11975,cg05610379,24864
11976,cg07011445,24865
11977,cg11676599,24877
11978,cg25920792,24880
11979,cg27015047,24884
11980,cg16351002,24886
11981,cg03283421,24887
11982,cg09479906,24889
11983,cg09419900,24890
11984,cg23613177,24891
11985,cg03860051,24892
11986,cg04058169,24899
11987,cg23724447,24900
11988,cg07036530,24903
11989,cg02757432,24907
11990,cg09619146,24908
11991,cg03630088,24910
11992,cg25475443,24914
11993,cg16933922,24916
11994,cg03853151,24917
11995,cg02163937,24933
11996,cg19219920,24934
11997,cg26147480,24935
11998,cg09245378,24936
11999,cg04233664,24937
12000,cg03820909,24942
12001,cg24079455,24943
12002,cg20688340,24944
12003,cg07504718,24945
12004,cg27445265,24946
12005,cg11453347,24947
12006,cg19346193,24948
12007,cg06507244,24950
12008,cg12869240,24951
12009,cg11668923,24957
12010,cg13488201,24961
12011,cg00623593,24964
12012,cg13434852,24965
12013,cg13929328,24986
12014,cg14859417,24993
12015,cg24678429,24994
12016,cg17929627,25002
12017,cg02330106,25011
12018,cg25946389,25012
12019,cg12434587,25013
12020,cg19706602,25014
12021,cg26201213,25016
12022,cg24580056,25017
12023,cg20537325,25018
12024,cg00904483,25022
12025,cg10333959,25023
12026,cg02381948,25024
12027,cg20778669,25025
12028,cg07453748,25026
12029,cg19680672,25028
12030,cg03271907,25029
12031,cg16698623,25030
12032,cg06139836,25039
12033,cg17976829,25045
12034,cg10175795,25048
12035,cg03943081,25051
12036,cg26381263,25053
12037,cg21750602,25054
12038,cg22473973,25057
12039,cg21762589,25058
12040,cg06985415,25064
12041,cg07295678,25066
12042,cg12109455,25069
12043,cg06782692,25074
12044,cg22045288,25079
12045,cg12390946,25080
12046,cg08441806,25092
12047,cg09260089,25096
12048,cg06585108,25112
12049,cg11148307,25113
12050,cg01757745,25114
12051,cg03354772,25115
12052,cg21607649,25119
12053,cg19626078,25128
12054,cg12955583,25129
12055,cg03755123,25133
12056,cg09053680,25134
12057,cg22165685,25136
12058,cg16786703,25142
12059,cg15856055,25146
12060,cg17770886,25147
12061,cg05658858,25148
12062,cg07908874,25149
12063,cg21965997,25152
12064,cg10742801,25154
12065,cg12251804,25155
12066,cg14607011,25156
12067,cg00436603,25159
12068,cg13315147,25160
12069,cg10335112,25163
12070,cg16225091,25164
12071,cg06463913,25165
12072,cg05086873,25166
12073,cg07503829,25167
12074,cg23530288,25168
12075,cg09205751,25170
12076,cg08961832,25171
12077,cg09237521,25176
12078,cg08843492,25177
12079,cg22963452,25178
12080,cg24194132,25195
12081,cg16004226,25196
12082,cg08314660,25197
12083,cg23260799,25204
12084,cg15796682,25214
12085,cg06417962,25215
12086,cg06921282,25217
12087,cg27158867,25218
12088,cg00216758,25220
12089,cg16000888,25221
12090,cg14896003,25222
12091,cg16541031,25226
12092,cg00645579,25227
12093,cg05782292,25231
12094,cg06825142,25233
12095,cg16614500,25237
12096,cg19515518,25238
12097,cg26488636,25241
12098,cg15498283,25242
12099,cg23660999,25243
12100,cg09553358,25244
12101,cg23587532,25245
12102,cg02973416,25246
12103,cg10970251,25247
12104,cg00185839,25249
12105,cg20225915,25250
12106,cg03066138,25251
12107,cg24427660,25253
12108,cg22016649,25255
12109,cg22009923,25259
12110,cg22404646,25260
12111,cg03116740,25261
12112,cg11173246,25262
12113,cg07132517,25263
12114,cg03818682,25283
12115,cg22407504,25284
12116,cg03609102,25285
12117,cg13547299,25295
12118,cg22424444,25296
12119,cg14021073,25297
12120,cg21567332,25300
12121,cg16723180,25301
12122,cg02271621,25306
12123,cg23121547,25307
12124,cg04984200,25313
12125,cg24331162,25318
12126,cg26473272,25320
12127,cg14672680,25322
12128,cg25623459,25323
12129,cg01909245,25325
12130,cg26158194,25327
12131,cg19642007,25336
12132,cg04011872,25341
12133,cg11492040,25350
12134,cg06197492,25351
12135,cg10602543,25352
12136,cg23977670,25353
12137,cg11716026,25354
12138,cg22172494,25355
12139,cg26808784,25356
12140,cg25852472,25357
12141,cg15269875,25358
12142,cg21167159,25359
12143,cg17769238,25361
12144,cg02657360,25362
12145,cg02807948,25365
12146,cg22956483,25366
12147,cg02166532,25367
12148,cg20339650,25368
12149,cg13756879,25369
12150,cg25163476,25370
12151,cg13791131,25371
12152,cg25574024,25372
12153,cg21237591,25373
12154,cg10501065,25375
12155,cg04112019,25376
12156,cg20792294,25377
12157,cg12322132,25378
12158,cg16817891,25379
12159,cg11005826,25380
12160,cg13993218,25381
12161,cg25336198,25382
12162,cg03366382,25383
12163,cg05912121,25384
12164,cg08573687,25385
12165,cg06263495,25393
12166,cg20392764,25398
12167,cg17627559,25401
12168,cg02312751,25405
12169,cg11474811,25408
12170,cg07882535,25409
12171,cg19779211,25412
12172,cg05418487,25414
12173,cg12578166,25415
12174,cg04719766,25418
12175,cg17229197,25419
12176,cg06719391,25421
12177,cg27491887,25423
12178,cg26750319,25428
12179,cg20751395,25429
12180,cg27119222,25434
12181,cg06233503,25442
12182,cg17820828,25443
12183,cg16778148,25444
12184,cg26879282,25445
12185,cg16609872,25446
12186,cg19923326,25447
12187,cg05656180,25455
12188,cg13081704,25456
12189,cg04457979,25457
12190,cg09998591,25460
12191,cg10503232,25461
12192,cg03143849,25463
12193,cg23146358,25466
12194,cg04548378,25467
12195,cg20919799,25468
12196,cg23548479,25469
12197,cg17738133,25470
12198,cg25215340,25471
12199,cg21019522,25482
12200,cg16873863,25483
12201,cg24139421,25485
12202,cg24528523,25486
12203,cg02719634,25487
12204,cg08999895,25489
12205,cg22858288,25490
12206,cg04726200,25491
12207,cg19497444,25492
12208,cg23698969,25493
12209,cg19240938,25494
12210,cg18655584,25495
12211,cg12510502,25496
12212,cg14415214,25497
12213,cg01505590,25498
12214,cg26799802,25499
12215,cg01263716,25500
12216,cg11961618,25501
12217,cg24890446,25503
12218,cg22479947,25508
12219,cg08508325,25509
12220,cg12514506,25511
12221,cg07873128,25512
12222,cg23617121,25513
12223,cg12970008,25520
12224,cg20345446,25521
12225,cg12297221,25525
12226,cg25662535,25526
12227,cg26158980,25528
12228,cg07484827,25529
12229,cg21245372,25531
12230,cg21091629,25532
12231,cg02940164,25533
12232,cg09938079,25535
12233,cg17732521,25536
12234,cg01246405,25537
12235,cg06349174,25538
12236,cg18678763,25544
12237,cg04680304,25545
12238,cg13976366,25546
12239,cg09983885,25547
12240,cg12493906,25552
12241,cg06233985,25557
12242,cg01598642,25559
12243,cg08970694,25560
12244,cg06353345,25561
12245,cg01369413,25563
12246,cg13162577,25577
12247,cg20916483,25578
12248,cg19070899,25579
12249,cg13346411,25580
12250,cg18959478,25581
12251,cg18392783,25582
12252,cg05628549,25583
12253,cg16245261,25584
12254,cg20420254,25586
12255,cg20770311,25587
12256,cg19327844,25590
12257,cg05079045,25591
12258,cg19219366,25592
12259,cg04345475,25594
12260,cg25219333,25595
12261,cg24975769,25597
12262,cg25368651,25598
12263,cg16824731,25608
12264,cg24731756,25609
12265,cg27560292,25611
12266,cg23845773,25612
12267,cg06905862,25613
12268,cg24126851,25615
12269,cg03780486,25617
12270,cg05393484,25618
12271,cg03898365,25619
12272,cg17074212,25620
12273,cg08558873,25622
12274,cg22867063,25623
12275,cg02347487,25624
12276,cg08185661,25632
12277,cg22243733,25635
12278,cg06714705,25637
12279,cg03826976,25644
12280,cg20311730,25649
12281,cg26198776,25650
12282,cg15480475,25652
12283,cg05492113,25654
12284,cg08383315,25657
12285,cg11102794,25659
12286,cg08788717,25662
12287,cg02171008,25666
12288,cg08690721,25673
12289,cg00186954,25674
12290,cg09674867,25675
12291,cg01643624,25677
12292,cg18920846,25678
12293,cg14205126,25679
12294,cg17647744,25680
12295,cg01081263,25683
12296,cg19237879,25684
12297,cg09659887,25685
12298,cg05463705,25687
12299,cg14037413,25688
12300,cg16120811,25690
12301,cg15044073,25693
12302,cg22172230,25694
12303,cg12228707,25699
12304,cg12320306,25700
12305,cg08035082,25702
12306,cg24921089,25704
12307,cg05367858,25710
12308,cg15563382,25711
12309,cg18343862,25712
12310,cg03908676,25713
12311,cg24541550,25718
12312,cg24365867,25719
12313,cg00901652,25724
12314,cg03961189,25725
12315,cg20319405,25727
12316,cg23948874,25728
12317,cg18692596,25729
12318,cg22529861,25731
12319,cg05181279,25734
12320,cg13216057,25737
12321,cg25787984,25740
12322,cg12422683,25742
12323,cg26320696,25747
12324,cg19662708,25751
12325,cg19447966,25752
12326,cg13250711,25758
12327,cg06499652,25759
12328,cg14026971,25762
12329,cg09191626,25765
12330,cg02994974,25766
12331,cg21288099,25770
12332,cg03922337,25771
12333,cg00704909,25772
12334,cg23984059,25773
12335,cg03439703,25776
12336,cg05532892,25777
12337,cg14400631,25778
12338,cg11980188,25781
12339,cg09188980,25782
12340,cg14348532,25783
12341,cg06295856,25784
12342,cg09068492,25785
12343,cg22183706,25786
12344,cg26833169,25787
12345,cg10467022,25789
12346,cg06938878,25791
12347,cg22336633,25804
12348,cg11201229,25805
12349,cg12611860,25806
12350,cg00324733,25808
12351,cg05185584,25810
12352,cg14724364,25811
12353,cg11981631,25812
12354,cg13185308,25813
12355,cg24322623,25815
12356,cg07271264,25818
12357,cg16519321,25819
12358,cg18555440,25820
12359,cg18568653,25826
12360,cg09691574,25830
12361,cg01000094,25833
12362,cg27250927,25835
12363,cg13777411,25836
12364,cg01316516,25838
12365,cg20429911,25839
12366,cg08418111,25841
12367,cg07915343,25842
12368,cg01360768,25843
12369,cg13383490,25844
12370,cg17233601,25849
12371,cg19216731,25854
12372,cg14704941,25855
12373,cg25685640,25856
12374,cg25018329,25857
12375,cg08550026,25865
12376,cg23614979,25866
12377,cg15576195,25884
12378,cg06675341,25885
12379,cg11784785,25891
12380,cg20632573,25892
12381,cg17371081,25895
12382,cg20113732,25897
12383,cg06185738,25902
12384,cg03794550,25904
12385,cg03822011,25905
12386,cg00908551,25906
12387,cg00146096,25907
12388,cg02300906,25908
12389,cg03547797,25909
12390,cg06493930,25910
12391,cg03087937,25912
12392,cg16215361,25913
12393,cg05953243,25914
12394,cg04622802,25915
12395,cg20910746,25916
12396,cg01705458,25918
12397,cg15486645,25921
12398,cg13360150,25922
12399,cg27351358,25928
12400,cg18740800,25929
12401,cg14927277,25930
12402,cg15183083,25932
12403,cg03506489,25938
12404,cg27420123,25940
12405,cg09906309,25942
12406,cg12743894,25943
12407,cg06790862,25947
12408,cg23577242,25948
12409,cg07278207,25952
12410,cg11385473,25953
12411,cg10583382,25954
12412,cg05840031,25963
12413,cg25242557,25964
12414,cg12311132,25979
12415,cg25094569,25985
12416,cg13301003,25986
12417,cg04096767,25987
12418,cg12006284,25988
12419,cg16501028,25989
12420,cg04456238,25990
12421,cg05222924,25991
12422,cg06516124,25992
12423,cg25782229,25993
12424,cg12781568,25994
12425,cg01693350,25995
12426,cg15446391,25996
12427,cg22533573,25999
12428,cg16463460,26000
12429,cg22511262,26001
12430,cg16092786,26002
12431,cg25563456,26003
12432,cg15107670,26004
12433,cg22975913,26005
12434,cg19718882,26006
12435,cg25577842,26007
12436,cg25505610,26008
12437,cg14609458,26010
12438,cg19005368,26011
12439,cg13575604,26014
12440,cg18495563,26015
12441,cg19236745,26016
12442,cg25409040,26017
12443,cg05501357,26019
12444,cg25600606,26020
12445,cg07599644,26026
12446,cg06601473,26027
12447,cg20656116,26032
12448,cg24453664,26033
12449,cg27345286,26037
12450,cg09358725,26041
12451,cg03445474,26043
12452,cg16218377,26044
12453,cg06513075,26045
12454,cg19072037,26046
12455,cg01888411,26053
12456,cg20728639,26054
12457,cg20234170,26056
12458,cg06908474,26057
12459,cg01473816,26058
12460,cg12728032,26059
12461,cg13084525,26061
12462,cg18414381,26062
12463,cg25948180,26066
12464,cg07253191,26067
12465,cg24088639,26068
12466,cg20869710,26069
12467,cg20143092,26074
12468,cg08530414,26075
12469,cg17640322,26076
12470,cg01879488,26077
12471,cg08606356,26078
12472,cg18652941,26079
12473,cg09017174,26085
12474,cg08258650,26086
12475,cg14642338,26088
12476,cg00795268,26092
12477,cg02186948,26093
12478,cg08871189,26094
12479,cg02692952,26103
12480,cg23957424,26104
12481,cg11494699,26106
12482,cg10364182,26108
12483,cg20731798,26111
12484,cg23324787,26112
12485,cg27310234,26113
12486,cg13808561,26121
12487,cg26478074,26129
12488,cg27068170,26130
12489,cg22637507,26132
12490,cg20240860,26135
12491,cg02620470,26137
12492,cg23058901,26138
12493,cg14753432,26139
12494,cg15522957,26140
12495,cg19358442,26142
12496,cg04549333,26143
12497,cg14144305,26144
12498,cg11260848,26145
12499,cg07696033,26146
12500,cg25363445,26147
12501,cg08993172,26148
12502,cg00418150,26149
12503,cg15817236,26153
12504,cg04988423,26154
12505,cg13807496,26157
12506,cg27318318,26161
12507,cg22854223,26164
12508,cg06791867,26174
12509,cg09390792,26175
12510,cg10313633,26179
12511,cg09699159,26185
12512,cg20227165,26186
12513,cg15461516,26192
12514,cg17092062,26200
12515,cg10516359,26201
12516,cg24691578,26203
12517,cg03491478,26207
12518,cg03568064,26208
12519,cg16280313,26209
12520,cg06622725,26210
12521,cg18362489,26215
12522,cg18765542,26219
12523,cg24407308,26220
12524,cg18925548,26225
12525,cg00078194,26226
12526,cg00195561,26227
12527,cg11178136,26233
12528,cg07022885,26234
12529,cg05433460,26237
12530,cg15384392,26238
12531,cg14585160,26239
12532,cg00371195,26241
12533,cg20199333,26242
12534,cg04114315,26245
12535,cg26198807,26249
12536,cg21892409,26250
12537,cg17891278,26252
12538,cg04444006,26253
12539,cg19486271,26254
12540,cg26408937,26255
12541,cg05038053,26256
12542,cg00554250,26264
12543,cg26365553,26267
12544,cg21370143,26269
12545,cg06147863,26276
12546,cg10264187,26278
12547,cg23159857,26279
12548,cg08722104,26280
12549,cg09163021,26282
12550,cg24576270,26285
12551,cg25059436,26286
12552,cg21681756,26287
12553,cg19345165,26288
12554,cg25689955,26289
12555,cg11341028,26290
12556,cg18561362,26292
12557,cg05585544,26293
12558,cg17839278,26296
12559,cg21939221,26297
12560,cg02772367,26299
12561,cg00394658,26302
12562,cg06780358,26303
12563,cg06980460,26309
12564,cg25890048,26310
12565,cg26637069,26319
12566,cg25072179,26320
12567,cg24855780,26321
12568,cg22636253,26327
12569,cg01511567,26328
12570,cg26128441,26329
12571,cg24329717,26330
12572,cg24459209,26332
12573,cg15357945,26336
12574,cg23547429,26340
12575,cg19881895,26341
12576,cg24983959,26343
12577,cg07764959,26348
12578,cg26624118,26349
12579,cg23185657,26350
12580,cg02292024,26351
12581,cg05677402,26353
12582,cg23491309,26354
12583,cg09061733,26356
12584,cg12783776,26358
12585,cg13473383,26364
12586,cg27497687,26366
12587,cg01959848,26367
12588,cg20654468,26373
12589,cg23641267,26374
12590,cg26229648,26378
12591,cg21833459,26380
12592,cg22093158,26393
12593,cg10454268,26394
12594,cg24219638,26395
12595,cg06171787,26399
12596,cg18538812,26400
12597,cg26970800,26401
12598,cg20018806,26402
12599,cg00187686,26404
12600,cg17173423,26407
12601,cg22197708,26411
12602,cg10414946,26412
12603,cg03055440,26413
12604,cg04353769,26415
12605,cg18343292,26416
12606,cg17630127,26418
12607,cg06066303,26419
12608,cg13765961,26420
12609,cg06806711,26421
12610,cg07484450,26423
12611,cg17397420,26426
12612,cg07221454,26427
12613,cg23904249,26428
12614,cg02965078,26430
12615,cg25575359,26433
12616,cg00778920,26434
12617,cg03555909,26438
12618,cg07962043,26439
12619,cg15553522,26440
12620,cg21992250,26442
12621,cg26980692,26443
12622,cg07380416,26445
12623,cg09902130,26446
12624,cg24674703,26451
12625,cg16418684,26457
12626,cg21043754,26462
12627,cg03160637,26463
12628,cg03483654,26464
12629,cg25406518,26465
12630,cg18595258,26467
12631,cg06240542,26468
12632,cg03293770,26471
12633,cg13744070,26472
12634,cg18432384,26473
12635,cg02717866,26476
12636,cg02104644,26479
12637,cg14572111,26480
12638,cg04237003,26483
12639,cg22627427,26484
12640,cg14086033,26485
12641,cg02005336,26486
12642,cg22704775,26487
12643,cg18009798,26488
12644,cg11730100,26489
12645,cg03114244,26490
12646,cg03805684,26491
12647,cg27173322,26492
12648,cg09462826,26493
12649,cg06781209,26494
12650,cg07005513,26495
12651,cg18495298,26497
12652,cg20691408,26498
12653,cg15589156,26499
12654,cg18573251,26500
12655,cg21421501,26505
12656,cg24898753,26506
12657,cg01772980,26508
12658,cg10848367,26509
12659,cg14741922,26510
12660,cg19902569,26517
12661,cg19764555,26519
12662,cg25739003,26520
12663,cg20518716,26521
12664,cg21643860,26522
12665,cg22169418,26523
12666,cg19570317,26526
12667,cg09086761,26527
12668,cg07533529,26529
12669,cg13352306,26531
12670,cg11706746,26532
12671,cg22974215,26533
12672,cg11084035,26534
12673,cg14519525,26535
12674,cg00887101,26536
12675,cg02453653,26537
12676,cg21161651,26538
12677,cg23202409,26539
12678,cg17240496,26540
12679,cg22091798,26541
12680,cg15538427,26547
12681,cg25620220,26548
12682,cg08290212,26550
12683,cg07237830,26551
12684,cg20342105,26552
12685,cg05059825,26554
12686,cg24515202,26555
12687,cg02360776,26557
12688,cg02600515,26558
12689,cg23517677,26559
12690,cg21850239,26560
12691,cg11372696,26561
12692,cg22176017,26563
12693,cg15725808,26564
12694,cg18394496,26566
12695,cg19587401,26567
12696,cg00724662,26568
12697,cg15494980,26571
12698,cg21759080,26572
12699,cg24909445,26579
12700,cg00987015,26580
12701,cg13530039,26581
12702,cg12439773,26582
12703,cg12428447,26583
12704,cg00754253,26591
12705,cg11484576,26592
12706,cg25599242,26596
12707,cg00763889,26598
12708,cg03510310,26599
12709,cg13916322,26602
12710,cg08242020,26606
12711,cg13245912,26607
12712,cg06204948,26612
12713,cg23957915,26614
12714,cg08063013,26619
12715,cg19233923,26620
12716,cg15564267,26621
12717,cg21111471,26626
12718,cg21902346,26628
12719,cg01882150,26629
12720,cg19357918,26630
12721,cg05127380,26631
12722,cg14654385,26632
12723,cg24088438,26633
12724,cg06598256,26634
12725,cg20162599,26635
12726,cg06632528,26636
12727,cg15768270,26638
12728,cg25547939,26639
12729,cg18731789,26642
12730,cg13493559,26643
12731,cg13620770,26644
12732,cg07588779,26645
12733,cg00925229,26647
12734,cg25400358,26648
12735,cg13412615,26649
12736,cg01352108,26650
12737,cg03764506,26652
12738,cg17589175,26655
12739,cg24580001,26657
12740,cg00022866,26660
12741,cg22833292,26665
12742,cg09326702,26668
12743,cg07220939,26669
12744,cg16718678,26683
12745,cg25836271,26684
12746,cg14170423,26685
12747,cg26884581,26686
12748,cg03943509,26688
12749,cg11295902,26691
12750,cg04898797,26693
12751,cg10821722,26694
12752,cg16668394,26696
12753,cg09343150,26697
12754,cg17578903,26704
12755,cg01866521,26705
12756,cg23473849,26708
12757,cg04480914,26709
12758,cg20585500,26711
12759,cg03245641,26712
12760,cg17022914,26718
12761,cg19017420,26720
12762,cg03101664,26721
12763,cg02554810,26722
12764,cg15225105,26723
12765,cg20252016,26728
12766,cg13853761,26729
12767,cg02646854,26730
12768,cg20277416,26731
12769,cg16209630,26733
12770,cg26594445,26734
12771,cg19313758,26735
12772,cg26868799,26736
12773,cg00686623,26737
12774,cg05072951,26738
12775,cg17346115,26741
12776,cg04780126,26742
12777,cg01630869,26745
12778,cg09175724,26746
12779,cg26977045,26750
12780,cg02344238,26752
12781,cg12206093,26753
12782,cg22417398,26775
12783,cg08965235,26779
12784,cg16632280,26780
12785,cg12080812,26782
12786,cg22578610,26783
12787,cg24977709,26784
12788,cg22552669,26785
12789,cg13179915,26794
12790,cg21651436,26796
12791,cg15854296,26797
12792,cg25361844,26798
12793,cg26668713,26799
12794,cg18746357,26800
12795,cg04172043,26801
12796,cg18896539,26803
12797,cg20315951,26812
12798,cg03681481,26813
12799,cg19018097,26818
12800,cg02715140,26819
12801,cg04946535,26820
12802,cg15883761,26821
12803,cg02586730,26824
12804,cg04949741,26825
12805,cg03887787,26826
12806,cg26453990,26827
12807,cg05339305,26828
12808,cg12930602,26829
12809,cg18818531,26831
12810,cg16420888,26834
12811,cg13547237,26835
12812,cg19234089,26836
12813,cg06285486,26837
12814,cg09462587,26838
12815,cg04197135,26839
12816,cg15887846,26840
12817,cg22524514,26841
12818,cg14894216,26843
12819,cg21238818,26846
12820,cg16196602,26849
12821,cg01128603,26850
12822,cg01663295,26851
12823,cg25034557,26852
12824,cg26967875,26854
12825,cg20808145,26855
12826,cg19026260,26859
12827,cg05945622,26864
12828,cg05322222,26865
12829,cg11400333,26866
12830,cg14027234,26869
12831,cg00350296,26873
12832,cg05998426,26874
12833,cg14391855,26877
12834,cg24532669,26879
12835,cg19104072,26881
12836,cg13313036,26883
12837,cg17415721,26884
12838,cg02055483,26885
12839,cg22134325,26887
12840,cg10331048,26888
12841,cg24394865,26889
12842,cg27388792,26890
12843,cg27441551,26891
12844,cg18338293,26893
12845,cg08420085,26895
12846,cg04663194,26897
12847,cg08012287,26898
12848,cg06817264,26901
12849,cg05087948,26902
12850,cg27278802,26903
12851,cg11644586,26904
12852,cg24968786,26905
12853,cg18130076,26907
12854,cg17618092,26908
12855,cg13074965,26909
12856,cg09657311,26910
12857,cg14916213,26911
12858,cg03429582,26912
12859,cg18962105,26913
12860,cg23347400,26914
12861,cg04985144,26915
12862,cg20016416,26916
12863,cg02547138,26917
12864,cg20052411,26918
12865,cg12724357,26924
12866,cg03160508,26928
12867,cg12473775,26929
12868,cg14519515,26934
12869,cg23207985,26935
12870,cg19192120,26945
12871,cg22285621,26947
12872,cg09706243,26949
12873,cg03750407,26959
12874,cg13055001,26961
12875,cg09190408,26962
12876,cg11600161,26963
12877,cg23347911,26968
12878,cg05751148,26972
12879,cg20792833,26973
12880,cg09541468,26980
12881,cg15810744,26981
12882,cg00587613,26983
12883,cg21518947,26984
12884,cg21747271,26986
12885,cg06607866,26987
12886,cg00983899,26994
12887,cg18138484,26995
12888,cg05244766,26998
12889,cg02659086,26999
12890,cg04920951,27000
12891,cg09038676,27001
12892,cg11566244,27002
12893,cg22224704,27003
12894,cg09701102,27004
12895,cg06235429,27005
12896,cg19038228,27006
12897,cg13631259,27007
12898,cg26422060,27008
12899,cg25548825,27009
12900,cg06148175,27011
12901,cg15322932,27016
12902,cg07730301,27018
12903,cg24713080,27021
12904,cg08139833,27022
12905,cg21049762,27025
12906,cg24030630,27026
12907,cg27431247,27028
12908,cg27090024,27029
12909,cg27655905,27032
12910,cg10276576,27033
12911,cg05650764,27048
12912,cg17404081,27049
12913,cg08785534,27051
12914,cg04464446,27052
12915,cg04438497,27054
12916,cg09806934,27061
12917,cg19596755,27062
12918,cg26065952,27063
12919,cg10413342,27064
12920,cg22986999,27066
12921,cg22484980,27067
12922,cg10490196,27068
12923,cg00858899,27093
12924,cg10539418,27094
12925,cg08170622,27095
12926,cg25060573,27096
12927,cg09637363,27098
12928,cg16794682,27099
12929,cg06539449,27100
12930,cg13608094,27101
12931,cg12266049,27102
12932,cg04717045,27104
12933,cg00953256,27105
12934,cg02723533,27106
12935,cg11802013,27107
12936,cg07426960,27108
12937,cg21804822,27109
12938,cg26123414,27110
12939,cg15774153,27111
12940,cg26096837,27112
12941,cg20821095,27120
12942,cg22621736,27121
12943,cg17913068,27123
12944,cg06384026,27124
12945,cg18187335,27126
12946,cg15383392,27127
12947,cg10362475,27137
12948,cg04396791,27138
12949,cg02046017,27141
12950,cg19815589,27142
12951,cg10763288,27146
12952,cg07487535,27147
12953,cg20728496,27148
12954,cg07864189,27149
12955,cg10889792,27153
12956,cg26832211,27154
12957,cg26039806,27157
12958,cg05492270,27158
12959,cg26149678,27160
12960,cg16749930,27161
12961,cg23256971,27164
12962,cg10805667,27165
12963,cg17058777,27166
12964,cg07676849,27167
12965,cg25634666,27169
12966,cg26750747,27170
12967,cg03699566,27171
12968,cg11295113,27172
12969,cg08876932,27173
12970,cg20411654,27176
12971,cg05812599,27177
12972,cg22635155,27181
12973,cg23792978,27182
12974,cg18769818,27183
12975,cg00211661,27184
12976,cg21412748,27194
12977,cg10287137,27198
12978,cg04388983,27199
12979,cg15903837,27203
12980,cg06637774,27204
12981,cg24777762,27211
12982,cg19800926,27212
12983,cg02254407,27216
12984,cg25288155,27220
12985,cg10343901,27223
12986,cg25124030,27225
12987,cg18195628,27226
12988,cg07196761,27227
12989,cg20149998,27228
12990,cg04824341,27229
12991,cg19692710,27230
12992,cg05205664,27233
12993,cg19700658,27235
12994,cg07091552,27236
12995,cg26119740,27239
12996,cg23558650,27240
12997,cg02284889,27241
12998,cg00469635,27242
12999,cg21493666,27243
13000,cg07791997,27244
13001,cg05671350,27245
13002,cg25599211,27246
13003,cg09515805,27247
13004,cg23189044,27248
13005,cg02595219,27250
13006,cg27076799,27255
13007,cg08839620,27256
13008,cg08952029,27258
13009,cg10474368,27259
13010,cg17356532,27260
13011,cg18589858,27262
13012,cg27104271,27263
13013,cg12573766,27268
13014,cg16547529,27273
13015,cg12001148,27275
13016,cg24068708,27278
13017,cg16393207,27279
13018,cg27596068,27280
13019,cg10585962,27284
13020,cg12531542,27285
13021,cg27512828,27286
13022,cg03328804,27287
13023,cg21238457,27291
13024,cg20641660,27295
13025,cg15765532,27296
13026,cg20899321,27299
13027,cg13633560,27300
13028,cg04790829,27310
13029,cg17838626,27312
13030,cg22992570,27313
13031,cg16641915,27314
13032,cg17441778,27315
13033,cg26952188,27316
13034,cg13002506,27317
13035,cg14521746,27321
13036,cg02506426,27323
13037,cg24715106,27324
13038,cg02901159,27325
13039,cg15105081,27327
13040,cg25126052,27328
13041,cg17272843,27329
13042,cg17260124,27330
13043,cg16505204,27332
13044,cg18338296,27333
13045,cg16409869,27334
13046,cg03476370,27335
13047,cg15721424,27336
13048,cg04574442,27337
13049,cg23109191,27343
13050,cg06023257,27344
13051,cg27561006,27361
13052,cg09772827,27362
13053,cg07714534,27363
13054,cg21373526,27366
13055,cg06516650,27367
13056,cg15749322,27369
13057,cg19875047,27370
13058,cg19941758,27371
13059,cg16986720,27375
13060,cg17597195,27379
13061,cg16417437,27381
13062,cg06698742,27382
13063,cg19846131,27383
13064,cg02398725,27384
13065,cg14137939,27385
13066,cg24939733,27386
13067,cg15822411,27389
13068,cg01120308,27391
13069,cg00080012,27394
13070,cg15502446,27396
13071,cg17606683,27397
13072,cg16404106,27398
13073,cg25500444,27400
13074,cg07560096,27403
13075,cg09645888,27404
13076,cg23214764,27415
13077,cg17541922,27416
13078,cg18411891,27418
13079,cg21599792,27419
13080,cg01492649,27420
13081,cg01761409,27421
13082,cg00027674,27424
13083,cg16588061,27427
13084,cg11868029,27428
13085,cg11670211,27432
13086,cg17063929,27435
13087,cg05500015,27438
13088,cg21500966,27439
13089,cg24247865,27440
13090,cg15842276,27447
13091,cg17838516,27448
13092,cg00325491,27453
13093,cg04209631,27455
13094,cg26570233,27457
13095,cg21296602,27458
13096,cg03065661,27459
13097,cg18113787,27460
13098,cg00007981,27462
13099,cg22325703,27465
13100,cg27634151,27466
13101,cg20815063,27467
13102,cg00796728,27468
13103,cg12631737,27469
13104,cg20096208,27483
13105,cg11665588,27487
13106,cg04303269,27494
13107,cg06044117,27495
13108,cg07060572,27504
13109,cg04280758,27505
13110,cg01651364,27506
13111,cg03024246,27507
13112,cg10985320,27508
13113,cg06378107,27510
13114,cg23641145,27512
13115,cg11016563,27513
13116,cg07013734,27514
13117,cg19531130,27516
13118,cg00202702,27517
13119,cg20346726,27518
13120,cg01442799,27519
13121,cg06276114,27522
13122,cg14727952,27523
13123,cg25511807,27525
13124,cg26757793,27526
13125,cg01092036,27528
13126,cg00347729,27530
13127,cg16575408,27531
13128,cg16466334,27533
13129,cg22658979,27535
13130,cg18928687,27537
13131,cg11995303,27538
13132,cg07748540,27542
13133,cg08469834,27546
13134,cg14758526,27547
13135,cg19343464,27553
13136,cg22024876,27554
13137,cg23984434,27555
13138,cg21958798,27556
13139,cg09918512,27558
13140,cg17648241,27559
13141,cg10404950,27560
13142,cg12237269,27561
13143,cg17971003,27562
13144,cg18934103,27564
13145,cg04581377,27565
13146,cg08179907,27566
13147,cg05090725,27567
13148,cg00047050,27568
13149,cg24341800,27569
13150,cg01800843,27571
13151,cg03165700,27572
13152,cg22477592,27574
13153,cg24027342,27575
13154,cg02420102,27577
13155,cg13613532,27578
13156,cg13759143,27579
13157,cg21415698,27580
13158,cg24936630,27581
13159,cg23352579,27588
13160,cg01015879,27589
13161,cg26763524,27592
13162,cg13258606,27593
13163,cg20322876,27600
13164,cg23591869,27601
13165,cg10694914,27603
13166,cg03242880,27607
13167,cg01192900,27609
13168,cg10283277,27616
13169,cg10797910,27617
13170,cg22582569,27620
13171,cg17468440,27621
13172,cg10219037,27622
13173,cg15227610,27624
13174,cg13084335,27625
13175,cg13210534,27626
13176,cg05697249,27629
13177,cg17213552,27630
13178,cg00327185,27631
13179,cg07580827,27632
13180,cg11909865,27633
13181,cg06910048,27634
13182,cg14145762,27635
13183,cg14839898,27636
13184,cg17639290,27637
13185,cg03950669,27638
13186,cg11304234,27641
13187,cg02119229,27643
13188,cg25303383,27644
13189,cg04936930,27646
13190,cg20268522,27649
13191,cg13692433,27650
13192,cg12177743,27653
13193,cg12758687,27656
13194,cg21330703,27657
13195,cg05225390,27659
13196,cg01404197,27660
13197,cg06531741,27662
13198,cg24134767,27663
13199,cg25101936,27666
13200,cg09632136,27681
13201,cg14209518,27684
13202,cg17048483,27686
13203,cg24270244,27687
13204,cg15541315,27688
13205,cg16222698,27689
13206,cg02788102,27691
13207,cg10193817,27692
13208,cg06418878,27702
13209,cg05862431,27703
13210,cg20570279,27704
13211,cg02157083,27706
13212,cg25682080,27707
13213,cg15727249,27708
13214,cg05921324,27709
13215,cg04048249,27710
13216,cg20691580,27711
13217,cg19324627,27714
13218,cg03856801,27715
13219,cg03805364,27721
13220,cg06950730,27722
13221,cg24619694,27727
13222,cg12082129,27728
13223,cg15427448,27730
13224,cg16822189,27731
13225,cg19703610,27733
13226,cg13565215,27734
13227,cg10997248,27739
13228,cg25894551,27740
13229,cg13828839,27741
13230,cg26661481,27743
13231,cg17186803,27750
13232,cg27560864,27751
13233,cg13348944,27753
13234,cg07376232,27755
13235,cg06491116,27760
13236,cg20175449,27761
13237,cg18399703,27762
13238,cg15376097,27763
13239,cg08956138,27764
13240,cg24612198,27765
13241,cg07728874,27767
13242,cg24841244,27768
13243,cg07545925,27771
13244,cg15880738,27772
13245,cg09096950,27774
13246,cg12406460,27775
13247,cg23740844,27776
13248,cg04910299,27778
13249,cg13656360,27779
13250,cg23326785,27782
13251,cg20001829,27784
13252,cg24355174,27785
13253,cg16332060,27786
13254,cg04541078,27787
13255,cg06290096,27789
13256,cg11286122,27792
13257,cg25087423,27798
13258,cg16280667,27800
13259,cg11507178,27806
13260,cg20029201,27808
13261,cg00757070,27812
13262,cg11713029,27813
13263,cg18801806,27814
13264,cg22307649,27816
13265,cg24687335,27818
13266,cg17791936,27819
13267,cg21333964,27821
13268,cg09730017,27822
13269,cg07697569,27823
13270,cg01924993,27824
13271,cg26516941,27825
13272,cg02712845,27826
13273,cg25611931,27827
13274,cg02795624,27828
13275,cg11676109,27829
13276,cg03222066,27830
13277,cg04410834,27831
13278,cg26872475,27832
13279,cg09799714,27834
13280,cg22223602,27835
13281,cg03365354,27837
13282,cg21096399,27838
13283,cg09530763,27840
13284,cg20483374,27844
13285,cg19560971,27845
13286,cg27234090,27848
13287,cg13272258,27849
13288,cg21389884,27854
13289,cg23009046,27855
13290,cg11466837,27862
13291,cg12572278,27865
13292,cg18963330,27866
13293,cg19363546,27869
13294,cg04531254,27871
13295,cg26145103,27872
13296,cg23618830,27874
13297,cg18567470,27875
13298,cg06465194,27879
13299,cg13421924,27884
13300,cg13982661,27885
13301,cg10061117,27890
13302,cg16026550,27891
13303,cg10977115,27912
13304,cg22512531,27913
13305,cg03694261,27915
13306,cg19694491,27919
13307,cg19096475,27926
13308,cg13765785,27931
13309,cg15457899,27932
13310,cg10448528,27933
13311,cg05236037,27934
13312,cg21295467,27937
13313,cg14620221,27940
13314,cg16612699,27941
13315,cg03885639,27944
13316,cg08191915,27945
13317,cg13932624,27946
13318,cg20737712,27947
13319,cg10326447,27949
13320,cg21929875,27951
13321,cg02082342,27952
13322,cg18170080,27955
13323,cg20447773,27956
13324,cg10148841,27958
13325,cg06142324,27961
13326,cg13018903,27962
13327,cg10261191,27966
13328,cg19286604,27967
13329,cg08221207,27968
13330,cg05739825,27974
13331,cg00568792,27975
13332,cg06567423,27976
13333,cg03474731,27977
13334,cg00554702,27978
13335,cg07153965,27980
13336,cg10377274,27982
13337,cg07747336,27983
13338,cg25041439,27985
13339,cg17259265,27986
13340,cg12802819,27988
13341,cg19857537,27993
13342,cg20278498,27994
13343,cg25857886,27995
13344,cg07374928,27996
13345,cg01991383,27997
13346,cg13952892,27998
13347,cg26202340,27999
13348,cg14755009,28000
13349,cg19767249,28001
13350,cg03830408,28002
13351,cg01234063,28003
13352,cg08203715,28004
13353,cg14998713,28025
13354,cg11861730,28026
13355,cg17872757,28039
13356,cg05193832,28045
13357,cg14481339,28046
13358,cg11387131,28047
13359,cg26624134,28048
13360,cg19310430,28049
13361,cg15948326,28050
13362,cg25022327,28055
13363,cg01302245,28056
13364,cg08893585,28061
13365,cg26221631,28062
13366,cg21022435,28065
13367,cg13058581,28069
13368,cg00156216,28070
13369,cg24411312,28077
13370,cg10089145,28078
13371,cg01260219,28086
13372,cg13707395,28087
13373,cg02564733,28088
13374,cg13125510,28092
13375,cg16270990,28093
13376,cg02477931,28097
13377,cg25943276,28098
13378,cg20881910,28099
13379,cg11965370,28101
13380,cg03923934,28108
13381,cg25853078,28110
13382,cg24625128,28121
13383,cg01333619,28126
13384,cg26723847,28127
13385,cg09084200,28128
13386,cg23927367,28131
13387,cg25999867,28135
13388,cg19674669,28137
13389,cg11038843,28144
13390,cg20938359,28149
13391,cg03139377,28150
13392,cg20804101,28151
13393,cg15966757,28152
13394,cg07271268,28153
13395,cg11225935,28154
13396,cg19471399,28155
13397,cg11065385,28156
13398,cg05769161,28157
13399,cg20781967,28162
13400,cg00237010,28163
13401,cg20610545,28164
13402,cg12425673,28165
13403,cg15612927,28170
13404,cg10377764,28171
13405,cg08197201,28174
13406,cg17416608,28176
13407,cg22151768,28185
13408,cg27470406,28186
13409,cg24854010,28187
13410,cg24505122,28188
13411,cg16245844,28192
13412,cg20033731,28207
13413,cg25519930,28208
13414,cg18776056,28225
13415,cg22837289,28226
13416,cg07128330,28227
13417,cg00830029,28228
13418,cg05194726,28230
13419,cg09976774,28232
13420,cg18470891,28233
13421,cg22016818,28236
13422,cg21637033,28238
13423,cg02915837,28239
13424,cg16405575,28241
13425,cg00081935,28242
13426,cg21667836,28244
13427,cg23739862,28246
13428,cg14759043,28248
13429,cg08761447,28249
13430,cg10187932,28250
13431,cg25425078,28252
13432,cg00888007,28253
13433,cg26989531,28255
13434,cg02765328,28256
13435,cg17886028,28257
13436,cg12382902,28258
13437,cg16994506,28259
13438,cg08069899,28260
13439,cg13801381,28261
13440,cg17580045,28262
13441,cg05308484,28266
13442,cg18124330,28267
13443,cg23219570,28270
13444,cg14119236,28271
13445,cg01731341,28273
13446,cg21902327,28274
13447,cg26127679,28276
13448,cg16512727,28277
13449,cg06270401,28278
13450,cg09418321,28279
13451,cg04254119,28280
13452,cg18796520,28281
13453,cg16004800,28282
13454,cg13255190,28283
13455,cg14920334,28284
13456,cg03240509,28285
13457,cg26162582,28286
13458,cg08832227,28292
13459,cg20792062,28293
13460,cg02554564,28294
13461,cg04740359,28295
13462,cg27347104,28303
13463,cg08519905,28307
13464,cg11620873,28309
13465,cg12371177,28312
13466,cg25268678,28313
13467,cg00973286,28318
13468,cg26215727,28323
13469,cg15784615,28329
13470,cg11384427,28331
13471,cg22155248,28333
13472,cg20935106,28334
13473,cg25750404,28336
13474,cg04880762,28337
13475,cg16399745,28338
13476,cg00241355,28342
13477,cg20917484,28343
13478,cg00363813,28349
13479,cg01493517,28350
13480,cg16579101,28351
13481,cg12806521,28352
13482,cg00824109,28354
13483,cg15464148,28355
13484,cg25655096,28357
13485,cg25683185,28359
13486,cg00014837,28360
13487,cg03930474,28361
13488,cg01856985,28362
13489,cg15974062,28363
13490,cg18844850,28364
13491,cg23311549,28365
13492,cg20006825,28366
13493,cg26956535,28367
13494,cg01820374,28369
13495,cg22908581,28373
13496,cg17805404,28374
13497,cg18881269,28375
13498,cg23360251,28376
13499,cg05484458,28377
13500,cg11692021,28378
13501,cg15942562,28380
13502,cg07446572,28381
13503,cg24345793,28382
13504,cg07975813,28383
13505,cg03067226,28384
13506,cg01097940,28386
13507,cg24471268,28387
13508,cg15411984,28389
13509,cg17303299,28393
13510,cg22475430,28394
13511,cg01437411,28395
13512,cg26754448,28397
13513,cg21931212,28398
13514,cg22335340,28399
13515,cg04956511,28402
13516,cg16883533,28408
13517,cg05382730,28409
13518,cg10818781,28410
13519,cg05170326,28412
13520,cg26021103,28413
13521,cg13053396,28416
13522,cg16236875,28417
13523,cg15776355,28419
13524,cg01726775,28423
13525,cg22593785,28424
13526,cg15569340,28426
13527,cg10885645,28427
13528,cg12448934,28428
13529,cg07748017,28429
13530,cg13986618,28433
13531,cg26692016,28434
13532,cg16879115,28436
13533,cg15992730,28437
13534,cg22956254,28438
13535,cg22194129,28439
13536,cg20972214,28443
13537,cg10338338,28444
13538,cg12958836,28446
13539,cg08571203,28447
13540,cg23205183,28449
13541,cg01007201,28450
13542,cg02082571,28452
13543,cg15815843,28454
13544,cg03490200,28455
13545,cg27653134,28456
13546,cg09059548,28458
13547,cg12581035,28459
13548,cg26520371,28461
13549,cg14913610,28464
13550,cg01714932,28467
13551,cg12810837,28470
13552,cg17475456,28472
13553,cg24820250,28473
13554,cg20088913,28474
13555,cg03014680,28475
13556,cg11905488,28476
13557,cg20645058,28477
13558,cg17469479,28479
13559,cg20098659,28481
13560,cg13354523,28483
13561,cg07829804,28487
13562,cg25494227,28488
13563,cg26718420,28489
13564,cg11450001,28492
13565,cg21474838,28494
13566,cg20047055,28495
13567,cg10145725,28497
13568,cg24401912,28498
13569,cg00616129,28499
13570,cg06552050,28500
13571,cg03876622,28501
13572,cg08507270,28502
13573,cg20090497,28503
13574,cg12089169,28504
13575,cg08658594,28509
13576,cg12791554,28512
13577,cg22692158,28514
13578,cg15062795,28518
13579,cg01939597,28519
13580,cg24921858,28530
13581,cg18142353,28533
13582,cg19491035,28534
13583,cg18383069,28537
13584,cg06700265,28541
13585,cg14817848,28542
13586,cg09819033,28543
13587,cg00261552,28544
13588,cg14059963,28545
13589,cg01745510,28547
13590,cg04875709,28548
13591,cg26244225,28552
13592,cg02813863,28553
13593,cg06776256,28559
13594,cg08849126,28560
13595,cg23773532,28562
13596,cg04588079,28563
13597,cg26648592,28564
13598,cg08399444,28565
13599,cg08245487,28566
13600,cg14409083,28570
13601,cg04016326,28573
13602,cg13264741,28574
13603,cg18754342,28581
13604,cg02094237,28584
13605,cg02307482,28586
13606,cg14341030,28587
13607,cg22833175,28588
13608,cg20967028,28590
13609,cg04228042,28591
13610,cg13302154,28595
13611,cg14738823,28596
13612,cg13435792,28597
13613,cg19826026,28599
13614,cg09447105,28603
13615,cg19205533,28604
13616,cg03028472,28605
13617,cg06357925,28606
13618,cg10646402,28607
13619,cg09126273,28608
13620,cg09440289,28609
13621,cg09470640,28610
13622,cg24053587,28611
13623,cg11843304,28612
13624,cg19075838,28613
13625,cg09761310,28614
13626,cg01868559,28615
13627,cg11203041,28617
13628,cg19229991,28623
13629,cg25573386,28625
13630,cg15736336,28626
13631,cg13108328,28627
13632,cg23367478,28630
13633,cg04091078,28635
13634,cg18109798,28636
13635,cg20701850,28643
13636,cg06437004,28646
13637,cg03243946,28647
13638,cg01226811,28650
13639,cg02007844,28651
13640,cg16218424,28654
13641,cg26276530,28655
13642,cg24723331,28659
13643,cg00769520,28661
13644,cg03764352,28663
13645,cg24012034,28664
13646,cg14242042,28669
13647,cg10158080,28670
13648,cg10764357,28676
13649,cg07537523,28677
13650,cg03521113,28680
13651,cg10150530,28681
13652,cg18394848,28682
13653,cg00584022,28683
13654,cg02850821,28684
13655,cg08578305,28685
13656,cg11276198,28686
13657,cg10412312,28691
13658,cg22946876,28692
13659,cg07469792,28693
13660,cg03046445,28695
13661,cg19243777,28696
13662,cg24509668,28698
13663,cg25960567,28702
13664,cg03966406,28703
13665,cg02569086,28704
13666,cg24082826,28705
13667,cg27279652,28707
13668,cg09257092,28708
13669,cg20787196,28709
13670,cg05289701,28710
13671,cg17061853,28711
13672,cg20673611,28713
13673,cg13236637,28715
13674,cg01986577,28722
13675,cg13325261,28723
13676,cg01255349,28725
13677,cg06058319,28726
13678,cg03176585,28728
13679,cg07289581,28729
13680,cg01333011,28732
13681,cg21522988,28735
13682,cg20784775,28740
13683,cg25943131,28742
13684,cg19722847,28743
13685,cg21369988,28744
13686,cg11082575,28751
13687,cg02342494,28753
13688,cg08647727,28754
13689,cg09970396,28758
13690,cg21587861,28760
13691,cg27387222,28765
13692,cg20180148,28766
13693,cg01851399,28770
13694,cg23950724,28773
13695,cg20857455,28776
13696,cg22941086,28777
13697,cg00686022,28778
13698,cg04575343,28779
13699,cg01603095,28780
13700,cg27352992,28784
13701,cg15417244,28790
13702,cg14932684,28791
13703,cg18915211,28793
13704,cg08992050,28800
13705,cg27465569,28801
13706,cg18730023,28802
13707,cg16863447,28803
13708,cg09678228,28804
13709,cg14904464,28806
13710,cg06110728,28807
13711,cg24949344,28809
13712,cg23310538,28810
13713,cg12658552,28814
13714,cg17726022,28816
13715,cg16469386,28817
13716,cg23123694,28820
13717,cg10002103,28821
13718,cg15584813,28826
13719,cg07601320,28831
13720,cg13640200,28835
13721,cg03569637,28838
13722,cg05596756,28839
13723,cg18216249,28842
13724,cg15727320,28844
13725,cg09114799,28849
13726,cg24608308,28850
13727,cg12391174,28852
13728,cg08045757,28853
13729,cg15820955,28854
13730,cg27537561,28860
13731,cg06369854,28861
13732,cg25884854,28863
13733,cg01291404,28864
13734,cg19601035,28865
13735,cg12629083,28866
13736,cg23069305,28867
13737,cg10200408,28869
13738,cg22385764,28870
13739,cg00745543,28874
13740,cg00601486,28875
13741,cg05795313,28878
13742,cg15711744,28879
13743,cg12133004,28880
13744,cg14338548,28881
13745,cg01726767,28882
13746,cg22103585,28884
13747,cg22689690,28886
13748,cg00065408,28887
13749,cg24791546,28888
13750,cg05065690,28889
13751,cg24928378,28890
13752,cg27241190,28891
13753,cg08958015,28892
13754,cg02620769,28893
13755,cg21908259,28894
13756,cg15147435,28895
13757,cg16261965,28896
13758,cg10346242,28897
13759,cg05164634,28899
13760,cg22573917,28900
13761,cg21948783,28901
13762,cg11151811,28902
13763,cg22153481,28903
13764,cg13007988,28904
13765,cg14636377,28905
13766,cg18750407,28906
13767,cg03549571,28907
13768,cg14445076,28908
13769,cg05919661,28909
13770,cg17066382,28910
13771,cg14217534,28911
13772,cg21300561,28912
13773,cg24059075,28921
13774,cg25784394,28923
13775,cg27419217,28924
13776,cg17420360,28925
13777,cg07028869,28926
13778,cg19256236,28929
13779,cg20102673,28930
13780,cg06452647,28936
13781,cg15701622,28937
13782,cg02564061,28938
13783,cg08512940,28939
13784,cg13307384,28940
13785,cg05368762,28943
13786,cg19782075,28946
13787,cg27188703,28947
13788,cg25936385,28951
13789,cg12650635,28952
13790,cg07047653,28953
13791,cg19220825,28954
13792,cg23855989,28957
13793,cg11912049,28959
13794,cg06742978,28964
13795,cg18591973,28967
13796,cg07210490,28968
13797,cg25181284,28969
13798,cg24210717,28970
13799,cg17774305,28972
13800,cg01372605,28973
13801,cg00973334,28974
13802,cg16619240,28977
13803,cg12787624,28978
13804,cg26116103,28981
13805,cg24043307,28982
13806,cg18399183,28984
13807,cg21570220,28988
13808,cg16362133,28989
13809,cg01322897,28990
13810,cg02675652,28991
13811,cg04543012,28992
13812,cg20927059,28993
13813,cg22493172,28994
13814,cg25356214,28995
13815,cg21513385,28997
13816,cg10590292,28998
13817,cg21022247,28999
13818,cg27114026,29000
13819,cg05565537,29002
13820,cg11566199,29003
13821,cg14701410,29007
13822,cg13127386,29008
13823,cg19974223,29016
13824,cg10999429,29018
13825,cg23640701,29021
13826,cg05940536,29022
13827,cg00318865,29023
13828,cg22566906,29026
13829,cg04034767,29027
13830,cg05261299,29033
13831,cg03533058,29034
13832,cg09989134,29035
13833,cg23911972,29036
13834,cg24506604,29040
13835,cg11051139,29041
13836,cg07007400,29051
13837,cg09522147,29055
13838,cg15701111,29065
13839,cg04123507,29066
13840,cg16911220,29067
13841,cg16791508,29068
13842,cg06132342,29069
13843,cg21518208,29070
13844,cg24461814,29072
13845,cg18153060,29073
13846,cg24926042,29074
13847,cg13696887,29075
13848,cg20256783,29076
13849,cg17255302,29077
13850,cg16112157,29080
13851,cg11471401,29081
13852,cg04254916,29082
13853,cg23645091,29083
13854,cg23767977,29085
13855,cg20200335,29087
13856,cg13928961,29089
13857,cg07017706,29090
13858,cg16405957,29092
13859,cg00463848,29093
13860,cg10766289,29094
13861,cg17405586,29095
13862,cg18982568,29098
13863,cg20862119,29101
13864,cg11465372,29102
13865,cg17667972,29104
13866,cg12610744,29105
13867,cg23696712,29106
13868,cg11845202,29107
13869,cg07265310,29108
13870,cg20324165,29111
13871,cg01835489,29112
13872,cg17165266,29113
13873,cg10227191,29114
13874,cg11471666,29118
13875,cg06311778,29119
13876,cg15765896,29124
13877,cg08567916,29125
13878,cg01773854,29128
13879,cg12810190,29131
13880,cg08374799,29134
13881,cg22052955,29141
13882,cg12820608,29142
13883,cg12835684,29144
13884,cg27467734,29145
13885,cg13445358,29146
13886,cg03815350,29147
13887,cg10107186,29148
13888,cg05368089,29149
13889,cg00495415,29151
13890,cg13510262,29152
13891,cg18715299,29154
13892,cg17088290,29155
13893,cg02765045,29157
13894,cg08959992,29158
13895,cg14903309,29161
13896,cg01833398,29162
13897,cg14662756,29163
13898,cg01657380,29164
13899,cg18748332,29167
13900,cg08995424,29170
13901,cg10186308,29177
13902,cg16847051,29178
13903,cg20587394,29187
13904,cg19928450,29190
13905,cg05589246,29191
13906,cg22709192,29196
13907,cg07123069,29197
13908,cg08900043,29199
13909,cg26153631,29200
13910,cg26829131,29201
13911,cg25917510,29202
13912,cg05022306,29203
13913,cg21487207,29205
13914,cg10918927,29206
13915,cg10593493,29207
13916,cg00187380,29211
13917,cg15700739,29213
13918,cg24488435,29222
13919,cg12263485,29231
13920,cg05754589,29232
13921,cg11005091,29233
13922,cg23140706,29235
13923,cg09303642,29238
13924,cg27205791,29240
13925,cg12962778,29247
13926,cg09457245,29248
13927,cg16718891,29252
13928,cg04450876,29254
13929,cg20576002,29255
13930,cg17605084,29256
13931,cg16509569,29257
13932,cg13565157,29259
13933,cg01316819,29260
13934,cg17523380,29261
13935,cg10125195,29262
13936,cg07643942,29263
13937,cg13396068,29264
13938,cg17981339,29267
13939,cg27160701,29268
13940,cg02007463,29276
13941,cg16360444,29277
13942,cg08346269,29278
13943,cg02192520,29282
13944,cg17243643,29283
13945,cg01929065,29287
13946,cg27215108,29288
13947,cg00344358,29289
13948,cg15932716,29290
13949,cg14657159,29294
13950,cg16660717,29295
13951,cg11380624,29296
13952,cg13887370,29297
13953,cg18787783,29300
13954,cg13634319,29302
13955,cg22876908,29306
13956,cg09106999,29311
13957,cg00129774,29312
13958,cg09304040,29313
13959,cg24914860,29314
13960,cg04108502,29316
13961,cg24693620,29317
13962,cg21554249,29318
13963,cg06495347,29319
13964,cg25095951,29324
13965,cg07515662,29325
13966,cg19258882,29326
13967,cg03437318,29327
13968,cg09011597,29328
13969,cg05347567,29330
13970,cg11206763,29331
13971,cg21609430,29332
13972,cg23309825,29334
13973,cg07315445,29335
13974,cg16237595,29337
13975,cg05435853,29338
13976,cg22632663,29339
13977,cg08409225,29340
13978,cg17709466,29342
13979,cg25245322,29343
13980,cg11722639,29344
13981,cg22591065,29345
13982,cg02153528,29346
13983,cg00668685,29347
13984,cg09658438,29348
13985,cg10878896,29349
13986,cg15417900,29352
13987,cg15035273,29353
13988,cg26265187,29354
13989,cg00294382,29356
13990,cg05388361,29359
13991,cg00819696,29360
13992,cg16523471,29361
13993,cg12264551,29362
13994,cg20877313,29364
13995,cg14679587,29365
13996,cg23002907,29366
13997,cg07589355,29367
13998,cg25683012,29368
13999,cg14634319,29369
14000,cg17616707,29370
14001,cg07281688,29373
14002,cg20482364,29374
14003,cg04413986,29375
14004,cg24269846,29376
14005,cg19847271,29377
14006,cg21922731,29378
14007,cg13446622,29379
14008,cg19824441,29380
14009,cg24167841,29381
14010,cg09541248,29383
14011,cg01514487,29384
14012,cg23912823,29385
14013,cg17639059,29386
14014,cg20779414,29388
14015,cg02131399,29389
14016,cg26678313,29390
14017,cg11468462,29396
14018,cg09215553,29398
14019,cg23588553,29399
14020,cg25189085,29402
14021,cg14747072,29403
14022,cg00364814,29405
14023,cg08640498,29406
14024,cg03399971,29407
14025,cg22630748,29408
14026,cg20664201,29409
14027,cg21660687,29410
14028,cg24779015,29413
14029,cg24141135,29414
14030,cg14338062,29415
14031,cg02224164,29416
14032,cg15021531,29417
14033,cg17703658,29418
14034,cg25107978,29420
14035,cg27633903,29421
14036,cg19226593,29424
14037,cg18628483,29426
14038,cg04270799,29427
14039,cg25133016,29428
14040,cg05876918,29429
14041,cg11452221,29432
14042,cg02364642,29433
14043,cg12883767,29434
14044,cg24009736,29437
14045,cg09163317,29438
14046,cg14789804,29439
14047,cg22490255,29453
14048,cg09504352,29454
14049,cg04905829,29456
14050,cg18413900,29457
14051,cg13289561,29459
14052,cg04819539,29461
14053,cg06191990,29463
14054,cg19985911,29464
14055,cg06317209,29468
14056,cg02732509,29471
14057,cg11625946,29477
14058,cg11871280,29480
14059,cg15736338,29485
14060,cg06438300,29486
14061,cg12304441,29489
14062,cg12823748,29490
14063,cg18915437,29491
14064,cg21544377,29492
14065,cg14108394,29493
14066,cg25217357,29494
14067,cg21137706,29505
14068,cg19191401,29509
14069,cg07973246,29510
14070,cg04466273,29514
14071,cg21722680,29515
14072,cg07915282,29518
14073,cg21935292,29520
14074,cg00626466,29521
14075,cg19427610,29523
14076,cg20098478,29526
14077,cg11814446,29527
14078,cg07641524,29531
14079,cg20430063,29532
14080,cg20088964,29537
14081,cg03251079,29538
14082,cg10654016,29543
14083,cg14281160,29544
14084,cg20395892,29546
14085,cg07914866,29548
14086,cg09412715,29552
14087,cg24694549,29556
14088,cg09414535,29557
14089,cg16896371,29558
14090,cg04956790,29559
14091,cg21281799,29561
14092,cg26227465,29566
14093,cg25697314,29567
14094,cg08338368,29568
14095,cg26333641,29571
14096,cg23926526,29575
14097,cg21211608,29581
14098,cg07220442,29582
14099,cg10396470,29583
14100,cg08810582,29584
14101,cg15434599,29586
14102,cg02266731,29590
14103,cg20932053,29591
14104,cg23920917,29592
14105,cg19645103,29594
14106,cg24635866,29595
14107,cg17277939,29597
14108,cg07618900,29598
14109,cg23197881,29599
14110,cg10464585,29601
14111,cg16482226,29602
14112,cg10778619,29604
14113,cg17080277,29606
14114,cg03928182,29610
14115,cg15684563,29611
14116,cg13435381,29612
14117,cg24373760,29613
14118,cg11821147,29614
14119,cg16909364,29615
14120,cg04969878,29617
14121,cg24606773,29618
14122,cg23943801,29619
14123,cg01817029,29622
14124,cg18573383,29633
14125,cg11631518,29634
14126,cg02789485,29636
14127,cg20291222,29637
14128,cg15942481,29639
14129,cg03389111,29640
14130,cg26577178,29641
14131,cg02947222,29645
14132,cg10027114,29647
14133,cg26248486,29648
14134,cg23262918,29650
14135,cg17841529,29651
14136,cg04410862,29655
14137,cg20217872,29658
14138,cg09418283,29660
14139,cg00864867,29661
14140,cg24979630,29663
14141,cg09111484,29665
14142,cg22367264,29666
14143,cg26711820,29668
14144,cg26207503,29671
14145,cg05647859,29673
14146,cg00354572,29674
14147,cg01283289,29681
14148,cg00685836,29683
14149,cg24719984,29684
14150,cg14495243,29685
14151,cg13159566,29686
14152,cg17415555,29688
14153,cg14449051,29691
14154,cg03064067,29695
14155,cg14116122,29698
14156,cg02409351,29699
14157,cg08888956,29700
14158,cg04916911,29701
14159,cg18344063,29702
14160,cg07520161,29703
14161,cg07990939,29704
14162,cg25741452,29706
14163,cg18422443,29707
14164,cg26703664,29720
14165,cg18081750,29721
14166,cg16606638,29725
14167,cg16870320,29726
14168,cg10501629,29728
14169,cg24171152,29730
14170,cg11768416,29736
14171,cg10967280,29737
14172,cg04211745,29740
14173,cg09848198,29744
14174,cg06392241,29749
14175,cg11957880,29752
14176,cg20425293,29753
14177,cg15127806,29754
14178,cg24117442,29757
14179,cg08002996,29758
14180,cg19007602,29759
14181,cg01882179,29760
14182,cg07215749,29761
14183,cg12275348,29762
14184,cg11225410,29763
14185,cg04797323,29765
14186,cg11738543,29766
14187,cg23412850,29767
14188,cg04117338,29769
14189,cg07498421,29770
14190,cg22192762,29774
14191,cg02639007,29776
14192,cg07118243,29777
14193,cg01065920,29778
14194,cg22141781,29779
14195,cg19824362,29780
14196,cg16909124,29781
14197,cg23480499,29782
14198,cg19510484,29783
14199,cg03453449,29791
14200,cg04488758,29792
14201,cg16829450,29794
14202,cg07461318,29795
14203,cg18627852,29797
14204,cg05780616,29798
14205,cg25229172,29799
14206,cg20203596,29800
14207,cg07236190,29801
14208,cg27246571,29803
14209,cg26240353,29806
14210,cg15652120,29807
14211,cg12888961,29813
14212,cg17641104,29814
14213,cg18777554,29816
14214,cg07549630,29817
14215,cg23264519,29824
14216,cg17263089,29827
14217,cg11694641,29828
14218,cg07865790,29830
14219,cg14872956,29831
14220,cg00210842,29832
14221,cg13338132,29834
14222,cg09464487,29837
14223,cg02741744,29838
14224,cg25516544,29839
14225,cg02874605,29840
14226,cg06563300,29842
14227,cg06836849,29843
14228,cg15381313,29844
14229,cg23256150,29845
14230,cg16653538,29849
14231,cg16005224,29851
14232,cg05063104,29852
14233,cg10141715,29853
14234,cg20740029,29854
14235,cg05722918,29855
14236,cg16178491,29856
14237,cg12135976,29857
14238,cg22051763,29858
14239,cg05361811,29859
14240,cg08132767,29860
14241,cg20866788,29861
14242,cg12213457,29865
14243,cg12924262,29866
14244,cg01127428,29867
14245,cg06554542,29870
14246,cg00136105,29871
14247,cg08085165,29876
14248,cg02806658,29877
14249,cg05727959,29878
14250,cg03535648,29880
14251,cg01305421,29881
14252,cg15963417,29883
14253,cg24759821,29884
14254,cg20053158,29885
14255,cg15977278,29891
14256,cg06462291,29892
14257,cg16085042,29894
14258,cg22699062,29895
14259,cg11207379,29896
14260,cg03923277,29897
14261,cg21988041,29899
14262,cg18759110,29900
14263,cg25544551,29901
14264,cg10954182,29902
14265,cg21081852,29905
14266,cg21226225,29906
14267,cg27149093,29912
14268,cg23855818,29913
14269,cg01643284,29915
14270,cg14127958,29916
14271,cg21768899,29917
14272,cg26940261,29918
14273,cg23555120,29921
14274,cg25591867,29924
14275,cg09239756,29925
14276,cg02686769,29927
14277,cg07278624,29928
14278,cg24107581,29929
14279,cg24266542,29930
14280,cg01920232,29933
14281,cg12025941,29934
14282,cg26979339,29936
14283,cg04916200,29937
14284,cg26297688,29941
14285,cg06496078,29942
14286,cg24646513,29943
14287,cg10126874,29945
14288,cg03742214,29946
14289,cg15796941,29948
14290,cg08612037,29949
14291,cg25345738,29955
14292,cg04112431,29956
14293,cg25995916,29960
14294,cg06933965,29967
14295,cg24642516,29968
14296,cg09475324,29969
14297,cg16054422,29970
14298,cg03196745,29972
14299,cg20476877,29973
14300,cg22836470,29975
14301,cg16708012,29976
14302,cg24497819,29980
14303,cg01273150,29983
14304,cg11747499,29995
14305,cg22801690,29996
14306,cg22449795,29997
14307,cg01442833,30000
14308,cg22978941,30001
14309,cg03048535,30005
14310,cg27144395,30006
14311,cg26292028,30007
14312,cg07657776,30011
14313,cg20092036,30012
14314,cg14949649,30013
14315,cg08408988,30014
14316,cg02862835,30016
14317,cg14683036,30017
14318,cg01335367,30019
14319,cg02351381,30020
14320,cg19615059,30024
14321,cg13628514,30025
14322,cg07836370,30026
14323,cg09194650,30027
14324,cg10966500,30028
14325,cg09391966,30030
14326,cg09922115,30031
14327,cg12333095,30033
14328,cg09778734,30036
14329,cg13928594,30038
14330,cg04235146,30040
14331,cg18825539,30041
14332,cg04062907,30044
14333,cg20597908,30046
14334,cg19020694,30047
14335,cg21950493,30049
14336,cg11175477,30050
14337,cg00278366,30051
14338,cg01137198,30054
14339,cg03310453,30057
14340,cg24389359,30062
14341,cg00658626,30063
14342,cg24353217,30064
14343,cg17190608,30065
14344,cg09229912,30066
14345,cg10361696,30069
14346,cg24530795,30070
14347,cg03799530,30071
14348,cg21633208,30072
14349,cg12313568,30075
14350,cg16312916,30077
14351,cg19186356,30078
14352,cg10449070,30079
14353,cg08367026,30081
14354,cg22778180,30082
14355,cg00405070,30083
14356,cg19154173,30084
14357,cg10294200,30087
14358,cg01409734,30088
14359,cg13342120,30089
14360,cg24408511,30090
14361,cg13296563,30091
14362,cg17542835,30092
14363,cg22682953,30093
14364,cg01573562,30095
14365,cg20870559,30102
14366,cg15120925,30113
14367,cg02939139,30114
14368,cg09253125,30119
14369,cg13393195,30120
14370,cg07125991,30124
14371,cg15277108,30127
14372,cg05149586,30128
14373,cg26934034,30129
14374,cg06878726,30139
14375,cg08332868,30140
14376,cg21907579,30144
14377,cg10281002,30145
14378,cg10530281,30151
14379,cg00155485,30156
14380,cg12113819,30157
14381,cg00297584,30163
14382,cg20057066,30164
14383,cg19850406,30169
14384,cg03109701,30170
14385,cg16826718,30174
14386,cg21698790,30175
14387,cg18222235,30176
14388,cg24905739,30177
14389,cg22374901,30181
14390,cg26035463,30184
14391,cg08141806,30185
14392,cg03538436,30189
14393,cg21006686,30190
14394,cg05227963,30192
14395,cg18627459,30193
14396,cg26778807,30194
14397,cg06417225,30195
14398,cg00545573,30197
14399,cg00887547,30198
14400,cg22189286,30201
14401,cg07861564,30202
14402,cg11756837,30205
14403,cg05432118,30206
14404,cg06887167,30214
14405,cg25499017,30215
14406,cg13752005,30216
14407,cg11263296,30217
14408,cg11216616,30221
14409,cg12179044,30222
14410,cg01199721,30223
14411,cg05173789,30224
14412,cg17026456,30230
14413,cg16396488,30233
14414,cg02883161,30236
14415,cg06938406,30237
14416,cg25053891,30238
14417,cg08923060,30239
14418,cg27003827,30240
14419,cg03879294,30241
14420,cg20559561,30242
14421,cg07236358,30243
14422,cg25515063,30244
14423,cg00113951,30245
14424,cg21487067,30247
14425,cg01481441,30248
14426,cg27522780,30254
14427,cg01535453,30255
14428,cg17345480,30257
14429,cg06444781,30259
14430,cg16175725,30260
14431,cg19395441,30261
14432,cg24997562,30262
14433,cg23801057,30263
14434,cg07602200,30264
14435,cg19410364,30266
14436,cg19434066,30268
14437,cg01376672,30269
14438,cg03064241,30272
14439,cg09926889,30273
14440,cg09088508,30289
14441,cg02539714,30290
14442,cg11608114,30291
14443,cg12694870,30295
14444,cg21787206,30297
14445,cg02964389,30298
14446,cg01357263,30301
14447,cg05450995,30302
14448,cg04739485,30309
14449,cg27349244,30310
14450,cg19535609,30312
14451,cg27049761,30313
14452,cg24341177,30314
14453,cg00631230,30322
14454,cg09924998,30323
14455,cg02995130,30324
14456,cg24467291,30325
14457,cg11510269,30326
14458,cg22534509,30328
14459,cg05745851,30331
14460,cg20361540,30336
14461,cg24664957,30337
14462,cg11064206,30340
14463,cg03923464,30341
14464,cg08176694,30347
14465,cg06415153,30348
14466,cg07732037,30354
14467,cg16195804,30355
14468,cg14571620,30356
14469,cg04464465,30362
14470,cg24580526,30363
14471,cg04398275,30365
14472,cg03822159,30367
14473,cg01954353,30369
14474,cg14086122,30371
14475,cg18283554,30372
14476,cg22007326,30374
14477,cg06606198,30375
14478,cg01110312,30376
14479,cg21419475,30377
14480,cg00887700,30378
14481,cg04059714,30379
14482,cg17451138,30380
14483,cg04140754,30381
14484,cg26137794,30382
14485,cg19896347,30384
14486,cg26493932,30388
14487,cg02252918,30389
14488,cg25463779,30392
14489,cg21453309,30394
14490,cg22580512,30418
14491,cg22820108,30420
14492,cg02250992,30446
14493,cg02316718,30447
14494,cg00910168,30449
14495,cg04984513,30450
14496,cg03455874,30451
14497,cg03013422,30452
14498,cg09597465,30476
14499,cg19777783,30477
14500,cg16717225,30478
14501,cg03469054,30485
14502,cg13234863,30489
14503,cg23054883,30493
14504,cg13861644,30495
14505,cg27147004,30496
14506,cg09847584,30498
14507,cg24272907,30499
14508,cg07057831,30505
14509,cg08169325,30506
14510,cg02717046,30508
14511,cg06550629,30509
14512,cg26788215,30516
14513,cg23149053,30523
14514,cg24493940,30524
14515,cg18081313,30528
14516,cg02546521,30529
14517,cg09218130,30532
14518,cg11738011,30533
14519,cg24211742,30538
14520,cg18877514,30557
14521,cg02501984,30558
14522,cg00630583,30559
14523,cg17903544,30560
14524,cg20785344,30561
14525,cg02403232,30563
14526,cg17272491,30564
14527,cg17904068,30567
14528,cg21232015,30568
14529,cg02519218,30569
14530,cg20066677,30570
14531,cg24532476,30571
14532,cg22381955,30572
14533,cg26609691,30573
14534,cg17522601,30574
14535,cg13270853,30575
14536,cg21432513,30576
14537,cg00338702,30578
14538,cg19027571,30579
14539,cg23653008,30580
14540,cg27040423,30581
14541,cg04044684,30582
14542,cg23881971,30586
14543,cg11754676,30587
14544,cg03428000,30589
14545,cg27005181,30590
14546,cg14723014,30593
14547,cg20880234,30596
14548,cg26767761,30598
14549,cg15344726,30601
14550,cg12428416,30602
14551,cg02861781,30606
14552,cg03473518,30608
14553,cg22377389,30609
14554,cg18735146,30615
14555,cg16547450,30616
14556,cg26790132,30617
14557,cg24222435,30618
14558,cg05714479,30620
14559,cg12900467,30621
14560,cg02147791,30624
14561,cg25495394,30625
14562,cg07827038,30626
14563,cg00432979,30627
14564,cg13557178,30629
14565,cg02259997,30631
14566,cg00274399,30632
14567,cg07126559,30643
14568,cg25206802,30644
14569,cg01498098,30645
14570,cg00504595,30646
14571,cg12682367,30652
14572,cg03126490,30654
14573,cg00448720,30659
14574,cg09546332,30662
14575,cg02943497,30663
14576,cg24762359,30664
14577,cg13337662,30665
14578,cg17806989,30668
14579,cg16925970,30670
14580,cg22029275,30674
14581,cg08798523,30676
14582,cg15071391,30677
14583,cg20241335,30681
14584,cg18236477,30684
14585,cg12111714,30685
14586,cg17850880,30689
14587,cg22448677,30690
14588,cg13433272,30691
14589,cg17048363,30692
14590,cg07744166,30693
14591,cg09185773,30694
14592,cg22179082,30696
14593,cg26940725,30700
14594,cg27600136,30702
14595,cg06611744,30703
14596,cg17904786,30706
14597,cg21914262,30708
14598,cg21097640,30713
14599,cg02285477,30714
14600,cg26270746,30717
14601,cg26609631,30722
14602,cg26344532,30723
14603,cg17740399,30724
14604,cg01424107,30733
14605,cg02055963,30734
14606,cg24454143,30741
14607,cg10501128,30743
14608,cg01899253,30744
14609,cg00859193,30751
14610,cg24321030,30753
14611,cg02233559,30754
14612,cg09121849,30757
14613,cg14424530,30758
14614,cg11047295,30767
14615,cg09203961,30768
14616,cg04198824,30769
14617,cg18127732,30770
14618,cg08529529,30772
14619,cg11126134,30773
14620,cg24891133,30774
14621,cg10923408,30777
14622,cg06901392,30782
14623,cg12491368,30787
14624,cg00648883,30788
14625,cg16941656,30790
14626,cg12836863,30792
14627,cg27253386,30793
14628,cg11008571,30794
14629,cg15779381,30797
14630,cg12542281,30798
14631,cg26516764,30799
14632,cg23282559,30803
14633,cg12532500,30805
14634,cg19932177,30809
14635,cg24254120,30810
14636,cg05093686,30816
14637,cg12029639,30817
14638,cg17470143,30830
14639,cg25829729,30831
14640,cg26530497,30832
14641,cg18755783,30834
14642,cg22609576,30836
14643,cg13060997,30838
14644,cg12571423,30839
14645,cg18401406,30841
14646,cg17906786,30842
14647,cg00290028,30845
14648,cg15318532,30846
14649,cg16194715,30848
14650,cg27508002,30849
14651,cg02326931,30850
14652,cg01999787,30851
14653,cg19337295,30852
14654,cg22088594,30853
14655,cg01668383,30854
14656,cg21432954,30856
14657,cg21081971,30857
14658,cg21721865,30858
14659,cg07243519,30859
14660,cg05380910,30862
14661,cg03712843,30863
14662,cg22950347,30864
14663,cg17904815,30865
14664,cg08228917,30866
14665,cg21142158,30867
14666,cg26701198,30868
14667,cg05073845,30879
14668,cg26611683,30880
14669,cg15946545,30881
14670,cg10869376,30882
14671,cg15600342,30891
14672,cg24219962,30892
14673,cg09712527,30894
14674,cg05895453,30895
14675,cg02178898,30896
14676,cg22691736,30897
14677,cg20458981,30899
14678,cg13614181,30900
14679,cg24916177,30901
14680,cg14812492,30906
14681,cg10391629,30908
14682,cg17921034,30909
14683,cg24222324,30911
14684,cg07409200,30914
14685,cg14539231,30917
14686,cg22905097,30918
14687,cg11679069,30920
14688,cg00131557,30921
14689,cg00056767,30925
14690,cg22183626,30932
14691,cg22539738,30934
14692,cg09769679,30935
14693,cg10872447,30937
14694,cg02296128,30938
14695,cg21457147,30939
14696,cg04439215,30940
14697,cg19185384,30943
14698,cg27523951,30945
14699,cg15201599,30946
14700,cg16140179,30948
14701,cg12378831,30950
14702,cg08608800,30951
14703,cg14662172,30952
14704,cg17771150,30956
14705,cg04341806,30957
14706,cg00308665,30965
14707,cg02250787,30967
14708,cg10613440,30969
14709,cg18708106,30970
14710,cg11473104,30971
14711,cg12906740,30972
14712,cg19764399,30973
14713,cg24809640,30974
14714,cg04217178,30975
14715,cg13221796,30977
14716,cg08383063,30978
14717,cg24937706,30979
14718,cg10552385,30980
14719,cg17055959,30981
14720,cg01738359,30982
14721,cg27182551,30985
14722,cg13431205,30986
14723,cg00059930,30988
14724,cg21512370,30992
14725,cg16000832,30995
14726,cg25165199,30996
14727,cg18236297,31003
14728,cg16886259,31004
14729,cg07935568,31014
14730,cg02620013,31016
14731,cg18112431,31019
14732,cg17777592,31021
14733,cg15207619,31022
14734,cg18393014,31023
14735,cg07000831,31024
14736,cg02321871,31026
14737,cg15609273,31027
14738,cg09599653,31030
14739,cg11765205,31031
14740,cg24909737,31034
14741,cg20399252,31035
14742,cg03274654,31037
14743,cg05337966,31038
14744,cg09276355,31039
14745,cg22825979,31042
14746,cg27533013,31043
14747,cg26847093,31069
14748,cg07818646,31070
14749,cg24821554,31074
14750,cg16692277,31079
14751,cg18428563,31081
14752,cg02995295,31082
14753,cg05508048,31085
14754,cg00888561,31088
14755,cg05600717,31093
14756,cg12071073,31094
14757,cg00671161,31096
14758,cg05482722,31097
14759,cg24167928,31098
14760,cg27065979,31100
14761,cg16114640,31103
14762,cg02543879,31105
14763,cg17164340,31106
14764,cg10218426,31107
14765,cg03996465,31109
14766,cg00708598,31110
14767,cg22398616,31111
14768,cg20366906,31117
14769,cg10484958,31120
14770,cg10246520,31122
14771,cg12582008,31125
14772,cg13806135,31135
14773,cg24949049,31137
14774,cg01836044,31139
14775,cg15182360,31140
14776,cg02407785,31145
14777,cg25422943,31146
14778,cg20523861,31148
14779,cg20349377,31149
14780,cg09480162,31150
14781,cg02162950,31152
14782,cg12930920,31153
14783,cg09667226,31154
14784,cg12848131,31155
14785,cg11794728,31160
14786,cg07113600,31161
14787,cg25999486,31167
14788,cg07519011,31168
14789,cg00410419,31169
14790,cg04088650,31170
14791,cg16257685,31171
14792,cg22783258,31172
14793,cg22227965,31173
14794,cg12280407,31181
14795,cg15901783,31185
14796,cg09291628,31188
14797,cg08697285,31191
14798,cg03999420,31192
14799,cg08504583,31194
14800,cg12120741,31195
14801,cg03086857,31196
14802,cg23316360,31198
14803,cg15836660,31199
14804,cg24745738,31201
14805,cg15604467,31205
14806,cg18601293,31209
14807,cg21306212,31210
14808,cg07104706,31217
14809,cg25938646,31219
14810,cg09083627,31223
14811,cg07710481,31224
14812,cg25139619,31231
14813,cg25308542,31232
14814,cg09896445,31235
14815,cg16792800,31238
14816,cg05256043,31241
14817,cg23922914,31242
14818,cg09582042,31243
14819,cg06220521,31244
14820,cg19063972,31251
14821,cg15868151,31257
14822,cg24476569,31258
14823,cg08418978,31259
14824,cg06255524,31271
14825,cg19166626,31272
14826,cg25169784,31273
14827,cg00303548,31274
14828,cg17183991,31275
14829,cg00158308,31278
14830,cg23037133,31279
14831,cg25329939,31287
14832,cg06111305,31288
14833,cg25151295,31289
14834,cg00221494,31293
14835,cg25258291,31294
14836,cg11675413,31295
14837,cg23934633,31296
14838,cg00528967,31308
14839,cg10057295,31309
14840,cg10694152,31310
14841,cg04836038,31319
14842,cg02246968,31320
14843,cg02213716,31321
14844,cg03404502,31324
14845,cg08271519,31327
14846,cg20865068,31328
14847,cg02600430,31338
14848,cg16584172,31347
14849,cg24623271,31350
14850,cg23446109,31359
14851,cg02154956,31360
14852,cg02932669,31365
14853,cg03386869,31371
14854,cg06960698,31374
14855,cg06880557,31376
14856,cg22767079,31378
14857,cg18247638,31379
14858,cg08602689,31380
14859,cg06518779,31381
14860,cg13057891,31383
14861,cg22971191,31385
14862,cg24929737,31397
14863,cg08216792,31406
14864,cg09646392,31407
14865,cg09158314,31408
14866,cg14396117,31409
14867,cg18946226,31410
14868,cg14341579,31416
14869,cg25802424,31417
14870,cg15262516,31423
14871,cg27546237,31430
14872,cg12736438,31442
14873,cg23795623,31444
14874,cg15270851,31450
14875,cg13766096,31453
14876,cg04513422,31456
14877,cg22131172,31457
14878,cg04467034,31458
14879,cg06540715,31459
14880,cg16427670,31460
14881,cg06675478,31486
14882,cg21624282,31500
14883,cg15648315,31504
14884,cg03623878,31529
14885,cg11668844,31530
14886,cg24269657,31541
14887,cg26608199,31544
14888,cg21367957,31545
14889,cg09878269,31548
14890,cg25734864,31549
14891,cg04536998,31553
14892,cg10464775,31556
14893,cg24826645,31557
14894,cg15693736,31559
14895,cg03721967,31560
14896,cg00463202,31563
14897,cg14845091,31564
14898,cg09791681,31567
14899,cg18540305,31568
14900,cg18902203,31576
14901,cg05516537,31578
14902,cg06811800,31587
14903,cg09034896,31588
14904,cg04718414,31607
14905,cg07218880,31609
14906,cg10893437,31610
14907,cg13176285,31611
14908,cg11474075,31612
14909,cg20483016,31613
14910,cg24595957,31614
14911,cg15078479,31615
14912,cg15035713,31616
14913,cg16920242,31617
14914,cg22438324,31622
14915,cg21337430,31623
14916,cg16205058,31624
14917,cg17466535,31627
14918,cg14353162,31628
14919,cg23609821,31629
14920,cg20639263,31630
14921,cg07300408,31634
14922,cg00012199,31635
14923,cg25327013,31636
14924,cg22723026,31637
14925,cg09044738,31640
14926,cg06720660,31642
14927,cg10934032,31643
14928,cg05958352,31645
14929,cg13718960,31646
14930,cg07525077,31648
14931,cg24851490,31649
14932,cg02113971,31652
14933,cg15427567,31653
14934,cg05245515,31654
14935,cg05654163,31655
14936,cg14030359,31657
14937,cg18081258,31659
14938,cg14401454,31660
14939,cg18389810,31661
14940,cg00935388,31664
14941,cg16101572,31668
14942,cg01027805,31669
14943,cg18801292,31672
14944,cg00657582,31673
14945,cg00746083,31674
14946,cg02806093,31675
14947,cg13386234,31696
14948,cg10145369,31697
14949,cg26394737,31698
14950,cg19482581,31699
14951,cg20782689,31700
14952,cg16774604,31701
14953,cg19872681,31702
14954,cg18960218,31704
14955,cg13222081,31705
14956,cg00197641,31706
14957,cg10599444,31710
14958,cg18504358,31716
14959,cg25412384,31717
14960,cg23690380,31721
14961,cg11891504,31722
14962,cg26408003,31723
14963,cg17559711,31724
14964,cg27601516,31725
14965,cg03565081,31726
14966,cg14386691,31727
14967,cg04884122,31728
14968,cg24857117,31729
14969,cg03156547,31730
14970,cg03770548,31731
14971,cg25803423,31735
14972,cg02039171,31738
14973,cg15691199,31740
14974,cg26660414,31742
14975,cg25149155,31745
14976,cg05877109,31747
14977,cg11095315,31748
14978,cg04861271,31749
14979,cg01557297,31751
14980,cg19573166,31752
14981,cg17606785,31753
14982,cg07197059,31760
14983,cg14366598,31761
14984,cg07258507,31762
14985,cg10560038,31763
14986,cg00174500,31764
14987,cg14541311,31767
14988,cg21301148,31768
14989,cg02945646,31771
14990,cg25832796,31772
14991,cg02916816,31774
14992,cg06536578,31775
14993,cg24555600,31777
14994,cg01545079,31778
14995,cg26402828,31780
14996,cg15467148,31781
14997,cg26071823,31782
14998,cg23602684,31783
14999,cg25487438,31784
15000,cg22918700,31785
15001,cg06186808,31786
15002,cg25268718,31788
15003,cg07602026,31789
15004,cg21171130,31790
15005,cg23389061,31791
15006,cg23381116,31792
15007,cg21660424,31803
15008,cg11646704,31804
15009,cg05366401,31805
15010,cg13834500,31806
15011,cg25423111,31808
15012,cg15896447,31810
15013,cg07296772,31811
15014,cg16769376,31812
15015,cg25055403,31813
15016,cg18284523,31815
15017,cg17109273,31816
15018,cg08341924,31817
15019,cg00951770,31819
15020,cg09546345,31821
15021,cg10337819,31824
15022,cg15364618,31825
15023,cg13840968,31826
15024,cg25775449,31827
15025,cg16761581,31829
15026,cg12265829,31832
15027,cg20822579,31834
15028,cg10318258,31835
15029,cg13105904,31842
15030,cg24355048,31844
15031,cg24777950,31846
15032,cg02150910,31847
15033,cg08766149,31848
15034,cg03875678,31849
15035,cg18488855,31851
15036,cg02681442,31860
15037,cg10300684,31863
15038,cg08810065,31871
15039,cg24478145,31873
15040,cg05637892,31874
15041,cg10128164,31876
15042,cg13382714,31879
15043,cg00832517,31883
15044,cg20550520,31885
15045,cg24812523,31887
15046,cg14939652,31889
15047,cg11991859,31890
15048,cg05769169,31895
15049,cg21379309,31899
15050,cg24276491,31901
15051,cg18396865,31902
15052,cg17346022,31903
15053,cg26949796,31906
15054,cg25096582,31907
15055,cg07414384,31908
15056,cg15677132,31909
15057,cg18383160,31911
15058,cg24733384,31912
15059,cg25755261,31913
15060,cg22624926,31914
15061,cg02318426,31923
15062,cg05852416,31924
15063,cg07850604,31925
15064,cg11847459,31926
15065,cg21443584,31927
15066,cg12249575,31933
15067,cg12220493,31934
15068,cg17685628,31938
15069,cg26620157,31943
15070,cg24384676,31948
15071,cg18909638,31949
15072,cg10644361,31950
15073,cg11260422,31951
15074,cg03026462,31952
15075,cg21263122,31954
15076,cg27590397,31955
15077,cg14473145,31962
15078,cg18089145,31963
15079,cg15300989,31964
15080,cg12675800,31965
15081,cg04585992,31966
15082,cg06166863,31967
15083,cg20337385,31968
15084,cg24603941,31969
15085,cg13277939,31971
15086,cg21600563,31973
15087,cg13526007,31974
15088,cg04784672,31975
15089,cg20103550,31977
15090,cg22903365,31978
15091,cg01938354,31979
15092,cg21096966,31981
15093,cg00660989,31982
15094,cg23104823,31983
15095,cg03491181,31984
15096,cg15937081,31985
15097,cg04166304,31986
15098,cg02443089,31992
15099,cg13892015,31994
15100,cg11328875,31995
15101,cg11700584,31997
15102,cg04431133,31998
15103,cg14282941,31999
15104,cg14723799,32000
15105,cg17076012,32001
15106,cg15365950,32002
15107,cg25974764,32003
15108,cg19584823,32004
15109,cg27289104,32005
15110,cg04838107,32006
15111,cg23173032,32007
15112,cg24879595,32008
15113,cg14029663,32011
15114,cg06956646,32012
15115,cg26512148,32013
15116,cg26255649,32014
15117,cg15383574,32015
15118,cg15996947,32016
15119,cg16077929,32019
15120,cg17356181,32022
15121,cg03063797,32023
15122,cg18125479,32032
15123,cg22960284,32033
15124,cg03361068,32036
15125,cg17347389,32037
15126,cg16007185,32038
15127,cg22430790,32042
15128,cg20284440,32043
15129,cg25304860,32046
15130,cg01231779,32049
15131,cg22881914,32050
15132,cg24989962,32055
15133,cg09516965,32056
15134,cg06738602,32059
15135,cg25823578,32060
15136,cg05837075,32062
15137,cg08554114,32063
15138,cg01254459,32065
15139,cg26979012,32066
15140,cg03803589,32067
15141,cg12227762,32068
15142,cg11715903,32069
15143,cg17460095,32070
15144,cg22228205,32072
15145,cg18555117,32073
15146,cg14310034,32081
15147,cg24526899,32084
15148,cg03724882,32086
15149,cg10277781,32087
15150,cg27144162,32088
15151,cg09877136,32089
15152,cg21595737,32090
15153,cg14098132,32091
15154,cg12422968,32095
15155,cg01838317,32096
15156,cg08292050,32097
15157,cg02909042,32099
15158,cg19099850,32102
15159,cg17403875,32103
15160,cg25465634,32107
15161,cg16249711,32112
15162,cg16907514,32113
15163,cg24579896,32114
15164,cg14058432,32118
15165,cg21099488,32119
15166,cg00466544,32122
15167,cg01282432,32123
15168,cg15607672,32131
15169,cg14777972,32137
15170,cg17071536,32138
15171,cg19903229,32140
15172,cg15661409,32141
15173,cg12533010,32145
15174,cg12203852,32146
15175,cg08790491,32147
15176,cg23481748,32148
15177,cg02277509,32151
15178,cg10537269,32152
15179,cg14252569,32156
15180,cg26850503,32157
15181,cg19168631,32160
15182,cg07401901,32161
15183,cg22821834,32163
15184,cg14847688,32164
15185,cg23709121,32165
15186,cg25097436,32166
15187,cg24121436,32167
15188,cg01129459,32168
15189,cg08634539,32170
15190,cg23504707,32173
15191,cg14611174,32176
15192,cg19456540,32178
15193,cg02583151,32184
15194,cg12839593,32185
15195,cg06726207,32186
15196,cg03059018,32187
15197,cg12771281,32189
15198,cg13425637,32193
15199,cg02282237,32194
15200,cg07052387,32203
15201,cg26661257,32204
15202,cg15860839,32207
15203,cg18771300,32211
15204,cg16107553,32213
15205,cg05747424,32214
15206,cg08703971,32215
15207,cg26803566,32216
15208,cg20648149,32217
15209,cg02018101,32219
15210,cg11059483,32223
15211,cg16792632,32224
15212,cg06459066,32226
15213,cg26524899,32229
15214,cg22043361,32231
15215,cg11828669,32232
15216,cg13135121,32233
15217,cg01520924,32234
15218,cg03005055,32235
15219,cg16319578,32236
15220,cg27120999,32237
15221,cg24642523,32238
15222,cg12281657,32239
15223,cg04536575,32240
15224,cg20851097,32248
15225,cg09643186,32251
15226,cg20764656,32252
15227,cg19637116,32255
15228,cg10740670,32256
15229,cg13555543,32257
15230,cg25922353,32263
15231,cg10225525,32264
15232,cg01428678,32266
15233,cg08056903,32267
15234,cg18075299,32268
15235,cg07218192,32269
15236,cg02045085,32270
15237,cg20908993,32272
15238,cg00496170,32273
15239,cg17641252,32274
15240,cg20141916,32275
15241,cg10484450,32276
15242,cg25006823,32277
15243,cg12648263,32278
15244,cg12575181,32279
15245,cg20477070,32281
15246,cg00682653,32282
15247,cg04269351,32283
15248,cg11220635,32284
15249,cg23350274,32285
15250,cg22036233,32286
15251,cg21861211,32287
15252,cg09424925,32288
15253,cg01928902,32305
15254,cg15558971,32306
15255,cg25126812,32317
15256,cg07366967,32321
15257,cg05300132,32322
15258,cg05978187,32324
15259,cg11185452,32325
15260,cg18575221,32329
15261,cg14912575,32330
15262,cg27141427,32334
15263,cg08653874,32340
15264,cg05633152,32341
15265,cg03234661,32344
15266,cg10979891,32345
15267,cg15239123,32346
15268,cg05203877,32350
15269,cg14174099,32351
15270,cg13729392,32353
15271,cg26097271,32356
15272,cg07774222,32357
15273,cg10294797,32361
15274,cg16747567,32363
15275,cg18022322,32364
15276,cg02973883,32374
15277,cg16948979,32375
15278,cg07070694,32376
15279,cg25694542,32377
15280,cg11490446,32378
15281,cg20649047,32380
15282,cg11378052,32382
15283,cg23681213,32386
15284,cg09119665,32387
15285,cg03617367,32393
15286,cg23940655,32394
15287,cg15729423,32401
15288,cg02275830,32402
15289,cg21571665,32403
15290,cg12152256,32404
15291,cg15492104,32406
15292,cg12774845,32407
15293,cg09194436,32408
15294,cg12827555,32409
15295,cg11525285,32410
15296,cg15912427,32413
15297,cg07049929,32414
15298,cg22247240,32415
15299,cg21207436,32416
15300,cg08802167,32417
15301,cg06291595,32418
15302,cg04798158,32422
15303,cg13526689,32424
15304,cg09133026,32425
15305,cg05076631,32427
15306,cg12841020,32428
15307,cg23911465,32430
15308,cg20011974,32431
15309,cg24482053,32433
15310,cg23407670,32434
15311,cg19691267,32435
15312,cg14984307,32436
15313,cg17261830,32438
15314,cg18672421,32441
15315,cg15337055,32442
15316,cg17644867,32443
15317,cg22143352,32448
15318,cg20972553,32449
15319,cg09937039,32455
15320,cg23575320,32458
15321,cg04001333,32459
15322,cg09430689,32460
15323,cg08615333,32461
15324,cg03395898,32462
15325,cg14008119,32463
15326,cg04371779,32466
15327,cg14171478,32467
15328,cg07864297,32468
15329,cg26298099,32469
15330,cg01457080,32472
15331,cg24887211,32473
15332,cg08675585,32474
15333,cg07989514,32480
15334,cg23749163,32485
15335,cg16961092,32486
15336,cg15501381,32488
15337,cg14685339,32489
15338,cg11193041,32490
15339,cg15561986,32491
15340,cg17080180,32492
15341,cg13550877,32493
15342,cg17598875,32494
15343,cg19815139,32495
15344,cg07965823,32496
15345,cg06175025,32499
15346,cg27553433,32500
15347,cg15046735,32501
15348,cg20385229,32503
15349,cg21787280,32504
15350,cg13507326,32505
15351,cg17809798,32506
15352,cg12781395,32507
15353,cg24987170,32508
15354,cg08426384,32509
15355,cg16372520,32511
15356,cg00217795,32512
15357,cg07294774,32513
15358,cg07674153,32515
15359,cg09721659,32516
15360,cg17498523,32522
15361,cg02657438,32523
15362,cg10334928,32524
15363,cg10686044,32527
15364,cg12269343,32528
15365,cg26651233,32532
15366,cg17410236,32535
15367,cg24058132,32543
15368,cg17671157,32551
15369,cg10935723,32552
15370,cg02629761,32554
15371,cg14046757,32557
15372,cg00009407,32558
15373,cg11821536,32559
15374,cg23533073,32569
15375,cg24023606,32572
15376,cg14454278,32573
15377,cg02136132,32574
15378,cg25225073,32575
15379,cg02276686,32577
15380,cg11665562,32578
15381,cg00128654,32581
15382,cg03062665,32582
15383,cg20328328,32583
15384,cg02904235,32586
15385,cg03588357,32595
15386,cg26910205,32608
15387,cg24633648,32611
15388,cg25729068,32612
15389,cg24777065,32619
15390,cg14974772,32620
15391,cg06279414,32621
15392,cg06665984,32622
15393,cg09458170,32623
15394,cg02028524,32624
15395,cg24527001,32625
15396,cg12685200,32636
15397,cg02628202,32637
15398,cg25293251,32638
15399,cg18477315,32639
15400,cg16290737,32640
15401,cg01419788,32646
15402,cg16628119,32647
15403,cg11498740,32648
15404,cg12873941,32649
15405,cg15186869,32653
15406,cg11172299,32654
15407,cg16034652,32656
15408,cg12730424,32657
15409,cg06084557,32658
15410,cg00008493,32660
15411,cg20895877,32666
15412,cg08505473,32667
15413,cg19949550,32670
15414,cg03389164,32672
15415,cg24520070,32678
15416,cg19512848,32679
15417,cg22981461,32681
15418,cg18680021,32682
15419,cg26450769,32683
15420,cg00793648,32684
15421,cg12177001,32686
15422,cg20161089,32687
15423,cg18050213,32688
15424,cg10314752,32689
15425,cg05788638,32690
15426,cg10025865,32692
15427,cg02181506,32699
15428,cg24621042,32701
15429,cg05485062,32703
15430,cg19630689,32704
15431,cg19042947,32705
15432,cg08495878,32706
15433,cg25889160,32707
15434,cg16937611,32708
15435,cg06190732,32709
15436,cg17291001,32711
15437,cg20804555,32714
15438,cg19224837,32715
15439,cg02719245,32722
15440,cg27508821,32724
15441,cg21339926,32725
15442,cg10145926,32726
15443,cg01316071,32727
15444,cg16522484,32728
15445,cg04514469,32729
15446,cg11375079,32735
15447,cg27504299,32738
15448,cg13771579,32740
15449,cg14127336,32741
15450,cg13282837,32742
15451,cg24010952,32747
15452,cg10528989,32749
15453,cg17504464,32750
15454,cg02166313,32751
15455,cg10971750,32753
15456,cg06906435,32754
15457,cg24169915,32755
15458,cg02452985,32763
15459,cg27559343,32765
15460,cg05602615,32766
15461,cg06834875,32772
15462,cg02867079,32773
15463,cg01117627,32774
15464,cg02727423,32778
15465,cg03673687,32779
15466,cg18621299,32782
15467,cg17813891,32783
15468,cg00890257,32790
15469,cg08307816,32791
15470,cg20009671,32792
15471,cg22763181,32793
15472,cg25906332,32794
15473,cg19798224,32795
15474,cg00239071,32796
15475,cg25017837,32798
15476,cg19434303,32799
15477,cg13673514,32802
15478,cg05730092,32803
15479,cg06504820,32804
15480,cg17412258,32805
15481,cg09971646,32807
15482,cg16567044,32808
15483,cg09280976,32809
15484,cg25836301,32810
15485,cg05711886,32811
15486,cg15373285,32812
15487,cg15101633,32813
15488,cg04291079,32814
15489,cg04623955,32827
15490,cg14512008,32833
15491,cg11903096,32834
15492,cg14693893,32836
15493,cg07672479,32837
15494,cg10833014,32840
15495,cg04281268,32841
15496,cg07757386,32845
15497,cg18211447,32846
15498,cg22474507,32848
15499,cg16787352,32850
15500,cg05879919,32851
15501,cg09556292,32854
15502,cg08707819,32855
15503,cg24165760,32857
15504,cg06588247,32858
15505,cg09616556,32863
15506,cg01155039,32864
15507,cg08999486,32875
15508,cg01333131,32876
15509,cg03021690,32879
15510,cg20368904,32880
15511,cg22388943,32886
15512,cg00708642,32887
15513,cg15444978,32890
15514,cg18263030,32891
15515,cg05786809,32892
15516,cg04368716,32894
15517,cg15569512,32895
15518,cg23090046,32896
15519,cg13042487,32907
15520,cg10066332,32913
15521,cg12011267,32914
15522,cg05032550,32916
15523,cg08933517,32919
15524,cg00107187,32928
15525,cg03734874,32929
15526,cg22090592,32941
15527,cg02043070,32943
15528,cg19426827,32944
15529,cg14043411,32945
15530,cg02956093,32947
15531,cg12345724,32953
15532,cg05335315,32959
15533,cg27177839,32960
15534,cg00105253,32961
15535,cg21435394,32962
15536,cg23034818,32966
15537,cg22496859,32969
15538,cg16313343,32970
15539,cg20222911,32981
15540,cg03451296,32984
15541,cg17818900,32985
15542,cg04411625,32986
15543,cg18112005,32987
15544,cg13332088,32988
15545,cg23886551,32990
15546,cg22634689,32991
15547,cg24154474,33011
15548,cg09884077,33012
15549,cg17897236,33013
15550,cg15566783,33014
15551,cg22432269,33016
15552,cg15032239,33017
15553,cg25490410,33018
15554,cg16639637,33019
15555,cg16131766,33021
15556,cg23234999,33022
15557,cg04014889,33023
15558,cg02982734,33025
15559,cg21325760,33026
15560,cg12532169,33027
15561,cg13828758,33028
15562,cg18552939,33029
15563,cg01989224,33030
15564,cg27394486,33031
15565,cg11265941,33032
15566,cg19803984,33033
15567,cg26033681,33034
15568,cg25978208,33035
15569,cg02171545,33036
15570,cg02305723,33037
15571,cg18506672,33040
15572,cg02125271,33041
15573,cg22555495,33042
15574,cg11166999,33043
15575,cg26410550,33044
15576,cg07478122,33045
15577,cg10832166,33049
15578,cg18499731,33050
15579,cg02517489,33051
15580,cg12177023,33052
15581,cg18766912,33053
15582,cg12572011,33054
15583,cg23681243,33055
15584,cg00792740,33056
15585,cg05881762,33058
15586,cg12582965,33061
15587,cg20119871,33062
15588,cg19930802,33063
15589,cg14001035,33064
15590,cg17260954,33066
15591,cg10734665,33069
15592,cg19326876,33070
15593,cg08828036,33075
15594,cg26062856,33076
15595,cg15940569,33079
15596,cg24387380,33082
15597,cg08099701,33083
15598,cg27592112,33090
15599,cg24244000,33091
15600,cg12902039,33094
15601,cg11510839,33096
15602,cg20840847,33101
15603,cg00955451,33102
15604,cg21917349,33105
15605,cg17186444,33111
15606,cg01665633,33112
15607,cg13836627,33119
15608,cg19781053,33120
15609,cg01939479,33123
15610,cg14323928,33125
15611,cg18085517,33126
15612,cg19182048,33131
15613,cg12056618,33132
15614,cg04785227,33142
15615,cg20861607,33143
15616,cg15787039,33146
15617,cg18145505,33147
15618,cg21296230,33148
15619,cg03986968,33152
15620,cg08722720,33153
15621,cg22927134,33154
15622,cg27379417,33155
15623,cg12237946,33156
15624,cg18099844,33157
15625,cg21484964,33158
15626,cg05855071,33160
15627,cg19021732,33161
15628,cg14847483,33162
15629,cg05718625,33163
15630,cg12476968,33164
15631,cg06459327,33165
15632,cg12753858,33166
15633,cg21053529,33171
15634,cg26053864,33174
15635,cg06048973,33175
15636,cg18372353,33181
15637,cg02917381,33190
15638,cg23137807,33191
15639,cg03998348,33194
15640,cg05861661,33198
15641,cg10174687,33199
15642,cg06952236,33200
15643,cg20678353,33202
15644,cg21039679,33203
15645,cg19570574,33211
15646,cg04051458,33212
15647,cg22580173,33213
15648,cg05886626,33214
15649,cg22936016,33215
15650,cg17497271,33218
15651,cg15307268,33219
15652,cg08733315,33233
15653,cg07000551,33234
15654,cg20259534,33235
15655,cg14343107,33236
15656,cg06958211,33238
15657,cg16543027,33243
15658,cg02240622,33244
15659,cg16119128,33247
15660,cg13474734,33248
15661,cg06595693,33255
15662,cg08996748,33256
15663,cg06731484,33257
15664,cg23228048,33260
15665,cg07114024,33261
15666,cg14924091,33263
15667,cg14837165,33264
15668,cg17146877,33266
15669,cg05334239,33267
15670,cg18013830,33268
15671,cg20314325,33269
15672,cg21465754,33270
15673,cg04662451,33271
15674,cg05019152,33272
15675,cg17316750,33273
15676,cg23424268,33274
15677,cg09264112,33275
15678,cg08659539,33287
15679,cg03012280,33288
15680,cg15059511,33289
15681,cg04968426,33290
15682,cg23382741,33291
15683,cg26531804,33292
15684,cg04868764,33293
15685,cg12189880,33294
15686,cg26491425,33295
15687,cg02071305,33296
15688,cg03643709,33297
15689,cg26065841,33300
15690,cg05120641,33301
15691,cg06380007,33303
15692,cg08618113,33306
15693,cg11324740,33307
15694,cg18809151,33308
15695,cg07091958,33309
15696,cg12460541,33310
15697,cg01808706,33311
15698,cg27494383,33321
15699,cg07930578,33323
15700,cg18619831,33324
15701,cg01050433,33325
15702,cg06419771,33334
15703,cg14792155,33335
15704,cg15228639,33336
15705,cg25122941,33337
15706,cg27472032,33338
15707,cg26052367,33341
15708,cg04999036,33342
15709,cg23414431,33344
15710,cg19170321,33345
15711,cg06026755,33352
15712,cg02126638,33353
15713,cg24951114,33354
15714,cg03002480,33358
15715,cg12113132,33360
15716,cg09296044,33361
15717,cg18431127,33362
15718,cg12308275,33365
15719,cg27496506,33366
15720,cg26918442,33367
15721,cg21033855,33370
15722,cg12032620,33371
15723,cg09020461,33372
15724,cg08880153,33373
15725,cg23685580,33376
15726,cg23790767,33378
15727,cg03835332,33379
15728,cg24323434,33380
15729,cg24125648,33381
15730,cg00480356,33382
15731,cg03788666,33383
15732,cg16267059,33384
15733,cg17935677,33385
15734,cg18592307,33386
15735,cg16046465,33388
15736,cg03286783,33390
15737,cg27649764,33391
15738,cg24098302,33392
15739,cg22831263,33395
15740,cg06121469,33396
15741,cg08350173,33401
15742,cg03355298,33402
15743,cg10517312,33404
15744,cg05439368,33406
15745,cg20543571,33410
15746,cg06424894,33411
15747,cg26196700,33412
15748,cg00877887,33413
15749,cg04001842,33414
15750,cg11540997,33415
15751,cg15105703,33418
15752,cg10201668,33421
15753,cg21673646,33428
15754,cg20696985,33429
15755,cg19305227,33430
15756,cg01789267,33431
15757,cg22340747,33432
15758,cg21132104,33433
15759,cg09412782,33434
15760,cg08278554,33435
15761,cg08057475,33437
15762,cg07243932,33438
15763,cg08027001,33439
15764,cg03079549,33440
15765,cg09593286,33441
15766,cg17428950,33442
15767,cg19409156,33447
15768,cg01497576,33448
15769,cg20603888,33449
15770,cg14930674,33450
15771,cg18671950,33453
15772,cg16711185,33456
15773,cg27584171,33457
15774,cg14317651,33460
15775,cg23504246,33462
15776,cg25951582,33463
15777,cg25417405,33467
15778,cg13021384,33468
15779,cg16831889,33471
15780,cg22369818,33473
15781,cg19911362,33474
15782,cg01443067,33475
15783,cg11007423,33476
15784,cg15329467,33480
15785,cg14694011,33481
15786,cg07888040,33482
15787,cg13501507,33483
15788,cg26929536,33484
15789,cg22886089,33485
15790,cg16695354,33488
15791,cg05671018,33490
15792,cg00919857,33492
15793,cg19686152,33493
15794,cg16275172,33494
15795,cg17676096,33497
15796,cg00060762,33498
15797,cg00410576,33499
15798,cg10074949,33500
15799,cg22870280,33502
15800,cg00413066,33503
15801,cg14120436,33505
15802,cg19366178,33506
15803,cg23287547,33510
15804,cg05523085,33511
15805,cg23865067,33512
15806,cg25003924,33513
15807,cg15628498,33516
15808,cg18613421,33522
15809,cg03878377,33524
15810,cg08233088,33525
15811,cg15345126,33528
15812,cg10936230,33529
15813,cg27638672,33530
15814,cg03843852,33531
15815,cg05761032,33532
15816,cg16593081,33533
15817,cg08433095,33534
15818,cg19850348,33535
15819,cg23412777,33536
15820,cg09498379,33537
15821,cg05964373,33540
15822,cg14797887,33541
15823,cg00678539,33542
15824,cg23131007,33546
15825,cg12426141,33547
15826,cg05750321,33554
15827,cg07551659,33555
15828,cg07084709,33558
15829,cg00509616,33559
15830,cg03365437,33562
15831,cg11098259,33565
15832,cg11577097,33566
15833,cg16391792,33568
15834,cg01733599,33569
15835,cg22727416,33572
15836,cg05983247,33577
15837,cg03846288,33579
15838,cg06307422,33580
15839,cg17260725,33581
15840,cg07684353,33583
15841,cg23877385,33585
15842,cg06817269,33586
15843,cg24088751,33587
15844,cg19771482,33588
15845,cg22777952,33593
15846,cg08583049,33594
15847,cg09533293,33597
15848,cg08081036,33598
15849,cg13804457,33600
15850,cg13301933,33605
15851,cg27167601,33606
15852,cg12032009,33609
15853,cg16571399,33613
15854,cg00520135,33615
15855,cg07525445,33616
15856,cg00616135,33618
15857,cg25808839,33619
15858,cg17556578,33620
15859,cg23311628,33621
15860,cg17207590,33625
15861,cg04826883,33628
15862,cg18846362,33629
15863,cg01767116,33634
15864,cg13288195,33635
15865,cg26817573,33636
15866,cg23165541,33640
15867,cg14490250,33642
15868,cg25985437,33643
15869,cg04400030,33644
15870,cg01176271,33645
15871,cg00810473,33648
15872,cg09297361,33649
15873,cg00918794,33650
15874,cg16312647,33651
15875,cg01021485,33652
15876,cg02065795,33654
15877,cg19839691,33655
15878,cg09874600,33656
15879,cg19329389,33657
15880,cg07031532,33665
15881,cg02393447,33669
15882,cg11823654,33670
15883,cg25829226,33672
15884,cg03775123,33676
15885,cg01497527,33677
15886,cg24110916,33679
15887,cg16029760,33682
15888,cg09325101,33683
15889,cg10604168,33684
15890,cg03349935,33685
15891,cg25026754,33692
15892,cg05179880,33693
15893,cg02671806,33694
15894,cg04718342,33695
15895,cg23323879,33698
15896,cg22068038,33700
15897,cg11718315,33701
15898,cg16003238,33705
15899,cg07617246,33706
15900,cg27056853,33707
15901,cg06993413,33708
15902,cg16310262,33709
15903,cg22794078,33710
15904,cg16701105,33712
15905,cg26416466,33719
15906,cg12623088,33720
15907,cg15198335,33721
15908,cg22492020,33722
15909,cg14155397,33723
15910,cg20484306,33724
15911,cg13133148,33725
15912,cg11136251,33728
15913,cg12605747,33730
15914,cg15166050,33731
15915,cg25665697,33732
15916,cg21973276,33735
15917,cg14556189,33745
15918,cg22940988,33757
15919,cg12246527,33759
15920,cg11790217,33769
15921,cg06790275,33770
15922,cg05338167,33772
15923,cg09099177,33774
15924,cg14610746,33775
15925,cg06018072,33776
15926,cg25159539,33778
15927,cg14188232,33781
15928,cg19836283,33782
15929,cg08290628,33785
15930,cg20015855,33786
15931,cg06188683,33792
15932,cg09886641,33793
15933,cg24399529,33796
15934,cg00687674,33797
15935,cg20082641,33799
15936,cg13117105,33800
15937,cg08817171,33802
15938,cg05749577,33803
15939,cg09656405,33804
15940,cg24283842,33805
15941,cg13637733,33817
15942,cg08815652,33831
15943,cg08592761,33832
15944,cg03578041,33833
15945,cg05764376,33834
15946,cg15089487,33835
15947,cg04616566,33839
15948,cg14283939,33840
15949,cg07890954,33842
15950,cg18860847,33843
15951,cg02169446,33845
15952,cg16940801,33850
15953,cg18219418,33851
15954,cg02883230,33852
15955,cg21801378,33854
15956,cg16778903,33856
15957,cg13587740,33859
15958,cg27079104,33860
15959,cg07594478,33861
15960,cg19136717,33862
15961,cg25996835,33863
15962,cg01412445,33864
15963,cg19091474,33865
15964,cg24906202,33866
15965,cg04200765,33871
15966,cg23684521,33872
15967,cg24688248,33873
15968,cg00133909,33874
15969,cg00427635,33876
15970,cg14435807,33884
15971,cg03682712,33886
15972,cg00441382,33889
15973,cg05697231,33891
15974,cg26091142,33895
15975,cg17258195,33897
15976,cg11787522,33901
15977,cg00075967,33902
15978,cg06285340,33914
15979,cg17790333,33915
15980,cg14443380,33921
15981,cg14093936,33922
15982,cg00964109,33923
15983,cg02299279,33924
15984,cg01570086,33925
15985,cg19187486,33926
15986,cg08025786,33928
15987,cg19510604,33929
15988,cg22527415,33933
15989,cg22657536,33934
15990,cg10481417,33937
15991,cg20433014,33938
15992,cg19817399,33939
15993,cg26704579,33940
15994,cg04968473,33951
15995,cg09207718,33952
15996,cg12467191,33953
15997,cg24447890,33956
15998,cg22290566,33957
15999,cg10253484,33960
16000,cg13828047,33961
16001,cg04249030,33963
16002,cg12478809,33964
16003,cg16914151,33966
16004,cg09619786,33967
16005,cg11632617,33969
16006,cg10959933,33975
16007,cg23318804,33976
16008,cg14209569,33977
16009,cg12600197,33978
16010,cg12978308,33979
16011,cg15809230,33981
16012,cg20630655,33987
16013,cg25429010,33990
16014,cg02357725,33991
16015,cg14080001,33992
16016,cg27635271,33993
16017,cg21460582,33996
16018,cg23637791,33997
16019,cg00622552,33998
16020,cg09667582,33999
16021,cg23484278,34001
16022,cg27321979,34002
16023,cg21250577,34003
16024,cg09514589,34004
16025,cg02831604,34005
16026,cg20372689,34009
16027,cg16862838,34010
16028,cg12703269,34011
16029,cg26025891,34014
16030,cg05922972,34016
16031,cg21377793,34017
16032,cg08130265,34020
16033,cg22211866,34022
16034,cg11876919,34023
16035,cg20761322,34032
16036,cg26190136,34034
16037,cg21223368,34035
16038,cg27257408,34037
16039,cg27087809,34039
16040,cg07061145,34040
16041,cg23366752,34041
16042,cg25229015,34042
16043,cg15563993,34043
16044,cg16703647,34044
16045,cg11200929,34045
16046,cg24709471,34046
16047,cg19777470,34047
16048,cg20550118,34048
16049,cg22916109,34049
16050,cg26674929,34050
16051,cg08095532,34051
16052,cg22563815,34053
16053,cg04603031,34056
16054,cg27554782,34059
16055,cg21402071,34062
16056,cg23727043,34064
16057,cg14426682,34065
16058,cg03589001,34066
16059,cg07448499,34067
16060,cg08500346,34068
16061,cg16154416,34071
16062,cg15156078,34073
16063,cg06746101,34079
16064,cg02196730,34080
16065,cg23855392,34081
16066,cg24924631,34083
16067,cg07965839,34085
16068,cg05038121,34086
16069,cg07699440,34087
16070,cg20775959,34090
16071,cg17788682,34091
16072,cg20828084,34095
16073,cg24817430,34097
16074,cg01001286,34099
16075,cg00950621,34104
16076,cg27505538,34105
16077,cg01578341,34110
16078,cg13140464,34120
16079,cg08757531,34125
16080,cg16958189,34129
16081,cg17018527,34130
16082,cg14696396,34133
16083,cg15736165,34136
16084,cg10398682,34137
16085,cg19988449,34140
16086,cg07639720,34141
16087,cg18952647,34144
16088,cg27169020,34150
16089,cg22946150,34153
16090,cg11611600,34156
16091,cg01173291,34157
16092,cg21380294,34158
16093,cg17866455,34159
16094,cg06930095,34164
16095,cg05905876,34165
16096,cg23838179,34166
16097,cg14492347,34167
16098,cg07251857,34169
16099,cg12302621,34172
16100,cg02913089,34174
16101,cg05421555,34177
16102,cg24345138,34185
16103,cg00256166,34186
16104,cg26232187,34192
16105,cg14384532,34193
16106,cg15257765,34196
16107,cg03872267,34197
16108,cg26561254,34202
16109,cg04572898,34203
16110,cg08491125,34204
16111,cg02334775,34205
16112,cg18230771,34208
16113,cg08348496,34210
16114,cg03698393,34211
16115,cg27011042,34212
16116,cg25523753,34217
16117,cg21273125,34218
16118,cg10408410,34221
16119,cg05024638,34223
16120,cg22187094,34224
16121,cg24653181,34244
16122,cg10453365,34246
16123,cg03312532,34247
16124,cg01035422,34249
16125,cg24424381,34250
16126,cg17732044,34251
16127,cg01294695,34254
16128,cg01091565,34255
16129,cg05985767,34259
16130,cg13042288,34260
16131,cg01185080,34270
16132,cg11468711,34271
16133,cg05641961,34279
16134,cg23979923,34280
16135,cg07364638,34281
16136,cg10978402,34283
16137,cg07973395,34287
16138,cg01994513,34288
16139,cg23208881,34292
16140,cg26377677,34293
16141,cg24888049,34296
16142,cg18661868,34300
16143,cg12984356,34302
16144,cg09169633,34304
16145,cg08718071,34307
16146,cg27626899,34308
16147,cg11727029,34310
16148,cg08022502,34311
16149,cg12467864,34313
16150,cg22017387,34314
16151,cg25475171,34316
16152,cg24824266,34317
16153,cg17338403,34323
16154,cg08404227,34324
16155,cg05501584,34333
16156,cg17978274,34334
16157,cg25455753,34335
16158,cg06572974,34338
16159,cg04943986,34364
16160,cg08370996,34366
16161,cg02423618,34373
16162,cg01407341,34374
16163,cg09149294,34376
16164,cg05595345,34377
16165,cg14568338,34380
16166,cg22375192,34381
16167,cg05881135,34389
16168,cg21416022,34393
16169,cg26677874,34394
16170,cg23448096,34398
16171,cg12967560,34399
16172,cg08016383,34401
16173,cg10135717,34402
16174,cg25004981,34407
16175,cg23393291,34409
16176,cg16273788,34410
16177,cg19224278,34413
16178,cg23191950,34414
16179,cg26509022,34415
16180,cg19177941,34416
16181,cg21359747,34417
16182,cg27652350,34418
16183,cg19510698,34419
16184,cg03532957,34429
16185,cg03506799,34430
16186,cg00291877,34431
16187,cg07421682,34434
16188,cg13634678,34435
16189,cg17115258,34436
16190,cg14482322,34437
16191,cg02738763,34438
16192,cg11876012,34439
16193,cg14820573,34440
16194,cg14747225,34441
16195,cg16003913,34447
16196,cg24399405,34449
16197,cg21960110,34450
16198,cg17714030,34451
16199,cg07703401,34452
16200,cg01687051,34453
16201,cg07080946,34455
16202,cg26762198,34456
16203,cg12197254,34457
16204,cg27040030,34458
16205,cg03390211,34459
16206,cg21946698,34460
16207,cg01344518,34461
16208,cg27560922,34462
16209,cg15755548,34463
16210,cg25023245,34468
16211,cg15001381,34469
16212,cg12437481,34470
16213,cg10805676,34471
16214,cg01940867,34472
16215,cg16245339,34473
16216,cg19977912,34484
16217,cg24014020,34485
16218,cg03701222,34486
16219,cg10478221,34490
16220,cg05135288,34495
16221,cg18826520,34496
16222,cg02026235,34497
16223,cg09864712,34498
16224,cg17328659,34499
16225,cg01352882,34500
16226,cg09852871,34502
16227,cg27088655,34505
16228,cg01934790,34506
16229,cg11027330,34507
16230,cg16998213,34508
16231,cg00659953,34509
16232,cg09830866,34510
16233,cg16899442,34511
16234,cg10163825,34512
16235,cg16732880,34515
16236,cg17501569,34516
16237,cg06100324,34517
16238,cg12689475,34518
16239,cg14100184,34520
16240,cg21696393,34527
16241,cg24433189,34533
16242,cg25760229,34535
16243,cg10960946,34537
16244,cg16236759,34538
16245,cg26499611,34541
16246,cg18282543,34542
16247,cg18146152,34543
16248,cg16133244,34544
16249,cg01979004,34545
16250,cg08473533,34546
16251,cg26728422,34548
16252,cg11911951,34551
16253,cg04979725,34552
16254,cg17851105,34553
16255,cg01443630,34559
16256,cg17706173,34563
16257,cg11375102,34564
16258,cg06730286,34574
16259,cg25459778,34575
16260,cg06810647,34576
16261,cg06215939,34579
16262,cg01100784,34580
16263,cg00485296,34582
16264,cg19030554,34583
16265,cg19939627,34585
16266,cg01729862,34586
16267,cg03700218,34587
16268,cg07909527,34588
16269,cg01747665,34589
16270,cg05982504,34590
16271,cg16270890,34592
16272,cg23048366,34593
16273,cg25898500,34594
16274,cg14074117,34596
16275,cg25653103,34601
16276,cg13652556,34602
16277,cg01797043,34603
16278,cg00040873,34604
16279,cg18279742,34608
16280,cg23998987,34609
16281,cg00043004,34611
16282,cg15643724,34612
16283,cg26486663,34613
16284,cg08331960,34622
16285,cg10084993,34623
16286,cg19837824,34629
16287,cg05243909,34630
16288,cg02198582,34631
16289,cg20253700,34632
16290,cg27176536,34641
16291,cg24930915,34642
16292,cg09234872,34645
16293,cg04490516,34647
16294,cg11395975,34649
16295,cg25665528,34651
16296,cg01966105,34652
16297,cg09615982,34653
16298,cg24237576,34654
16299,cg12619509,34655
16300,cg05824432,34656
16301,cg20886062,34657
16302,cg06728335,34658
16303,cg02331561,34659
16304,cg06361108,34660
16305,cg06689536,34661
16306,cg05832487,34662
16307,cg22721827,34664
16308,cg22536398,34665
16309,cg05483509,34669
16310,cg09548179,34672
16311,cg14444710,34673
16312,cg01195053,34675
16313,cg12391048,34680
16314,cg20797766,34681
16315,cg06736444,34682
16316,cg07195622,34686
16317,cg06090630,34688
16318,cg07059052,34689
16319,cg19403023,34690
16320,cg22730830,34691
16321,cg26259865,34693
16322,cg10186456,34694
16323,cg18345369,34695
16324,cg19328294,34696
16325,cg02718531,34697
16326,cg12741488,34698
16327,cg02626929,34701
16328,cg20712430,34702
16329,cg22744680,34703
16330,cg02510853,34708
16331,cg07384961,34714
16332,cg15460516,34716
16333,cg21275690,34717
16334,cg24652919,34718
16335,cg01374047,34719
16336,cg02062650,34720
16337,cg20543416,34723
16338,cg23813257,34727
16339,cg18350391,34728
16340,cg13928306,34733
16341,cg05225996,34734
16342,cg01449415,34735
16343,cg19703826,34736
16344,cg07879977,34740
16345,cg26091688,34742
16346,cg00861635,34743
16347,cg07842062,34745
16348,cg21514871,34748
16349,cg11720778,34750
16350,cg00128560,34751
16351,cg24264578,34754
16352,cg14658900,34755
16353,cg24333473,34757
16354,cg14654875,34758
16355,cg04211818,34762
16356,cg06529761,34763
16357,cg10609615,34766
16358,cg15239579,34767
16359,cg03264209,34772
16360,cg03945800,34780
16361,cg10396357,34784
16362,cg01934797,34788
16363,cg15195353,34789
16364,cg09276451,34790
16365,cg12071544,34793
16366,cg19168338,34795
16367,cg00519627,34796
16368,cg07617560,34798
16369,cg14951292,34801
16370,cg21844038,34804
16371,cg05876083,34819
16372,cg22115808,34820
16373,cg09585834,34822
16374,cg16454349,34824
16375,cg05215575,34825
16376,cg15645784,34828
16377,cg01261535,34829
16378,cg15663121,34830
16379,cg23460697,34831
16380,cg12400881,34832
16381,cg02859934,34834
16382,cg13516796,34836
16383,cg03586879,34837
16384,cg19378133,34838
16385,cg20587543,34845
16386,cg15890111,34846
16387,cg05869585,34854
16388,cg00011459,34855
16389,cg04007936,34857
16390,cg14026602,34862
16391,cg12914014,34863
16392,cg12529801,34865
16393,cg20141013,34866
16394,cg25047001,34871
16395,cg21503093,34872
16396,cg00451635,34873
16397,cg26239233,34882
16398,cg01351032,34883
16399,cg23970785,34886
16400,cg10784813,34892
16401,cg06220235,34894
16402,cg01717706,34895
16403,cg26012103,34896
16404,cg00487159,34897
16405,cg11973052,34898
16406,cg06295404,34899
16407,cg26301908,34900
16408,cg07512345,34901
16409,cg21458041,34902
16410,cg12268344,34903
16411,cg24075743,34904
16412,cg09816471,34912
16413,cg14959707,34914
16414,cg26521448,34915
16415,cg22605342,34916
16416,cg21875234,34918
16417,cg15834294,34919
16418,cg18485955,34920
16419,cg13671818,34923
16420,cg10240083,34932
16421,cg14129103,34933
16422,cg24091698,34935
16423,cg18306327,34942
16424,cg04066242,34943
16425,cg03152385,34946
16426,cg07977490,34951
16427,cg22178085,34954
16428,cg22874960,34955
16429,cg08081725,34956
16430,cg17880199,34961
16431,cg06490162,34962
16432,cg17698643,34963
16433,cg17199483,34964
16434,cg21608192,34983
16435,cg21024145,34987
16436,cg17228833,34988
16437,cg11879577,34989
16438,cg21982518,34990
16439,cg12454725,34994
16440,cg23444894,34995
16441,cg09514038,34996
16442,cg25690265,34997
16443,cg01137737,34998
16444,cg24474998,34999
16445,cg13752949,35001
16446,cg16616769,35002
16447,cg21615663,35003
16448,cg12398332,35004
16449,cg20312475,35005
16450,cg12554476,35006
16451,cg19238840,35007
16452,cg07456201,35008
16453,cg04491443,35009
16454,cg11297236,35010
16455,cg04428453,35011
16456,cg10938486,35012
16457,cg16940935,35013
16458,cg10078415,35018
16459,cg21644826,35020
16460,cg15298545,35021
16461,cg07314549,35022
16462,cg06039624,35023
16463,cg15786879,35029
16464,cg10379112,35030
16465,cg25957124,35032
16466,cg00882451,35036
16467,cg19091641,35037
16468,cg08441546,35040
16469,cg11869721,35041
16470,cg02497428,35048
16471,cg18022344,35049
16472,cg24794992,35050
16473,cg13244707,35052
16474,cg11766698,35053
16475,cg27015931,35054
16476,cg15703512,35055
16477,cg27247832,35056
16478,cg09186685,35061
16479,cg19593572,35063
16480,cg00069261,35068
16481,cg20023231,35071
16482,cg19064258,35072
16483,cg21510697,35075
16484,cg26025944,35076
16485,cg13365761,35077
16486,cg00925717,35079
16487,cg26809911,35081
16488,cg27196102,35082
16489,cg09060849,35086
16490,cg02741249,35087
16491,cg23582919,35089
16492,cg21989500,35091
16493,cg04454391,35092
16494,cg02735133,35094
16495,cg26003813,35095
16496,cg06240124,35096
16497,cg21745164,35097
16498,cg15309006,35098
16499,cg24250393,35100
16500,cg04721098,35108
16501,cg17234150,35109
16502,cg16050957,35111
16503,cg27501380,35112
16504,cg14289511,35115
16505,cg05689121,35116
16506,cg05186188,35121
16507,cg24705286,35128
16508,cg05729093,35134
16509,cg03980304,35135
16510,cg02656594,35137
16511,cg19423311,35139
16512,cg09725013,35149
16513,cg02805028,35150
16514,cg22659426,35159
16515,cg06530118,35160
16516,cg17122311,35161
16517,cg25341726,35162
16518,cg05590982,35163
16519,cg15149645,35164
16520,cg14791831,35165
16521,cg18530748,35169
16522,cg12360373,35171
16523,cg22973038,35173
16524,cg04455064,35174
16525,cg11094938,35175
16526,cg00000292,35176
16527,cg14102807,35179
16528,cg23517548,35181
16529,cg11115702,35182
16530,cg23797100,35183
16531,cg11432797,35191
16532,cg25023941,35195
16533,cg23093496,35199
16534,cg26285698,35200
16535,cg12688670,35203
16536,cg04078251,35204
16537,cg27254601,35205
16538,cg05995267,35207
16539,cg19769182,35208
16540,cg22784047,35209
16541,cg00334507,35210
16542,cg23099347,35211
16543,cg04660698,35212
16544,cg10985987,35215
16545,cg24235633,35216
16546,cg13552869,35217
16547,cg02556718,35218
16548,cg20401945,35219
16549,cg01110846,35220
16550,cg08256260,35221
16551,cg10705951,35223
16552,cg09039698,35225
16553,cg02647545,35226
16554,cg17428423,35227
16555,cg13271951,35231
16556,cg16152813,35232
16557,cg21742836,35235
16558,cg11970301,35236
16559,cg23353982,35238
16560,cg14370448,35239
16561,cg03297731,35243
16562,cg13543096,35244
16563,cg08966293,35246
16564,cg03691812,35247
16565,cg06030619,35248
16566,cg05116896,35252
16567,cg19981839,35253
16568,cg11919694,35256
16569,cg25463428,35257
16570,cg00256074,35259
16571,cg19663795,35260
16572,cg19289461,35261
16573,cg16014085,35262
16574,cg17640201,35263
16575,cg02733650,35266
16576,cg07842593,35268
16577,cg14821083,35269
16578,cg14176836,35270
16579,cg26295990,35278
16580,cg13951948,35280
16581,cg09438266,35281
16582,cg10665018,35282
16583,cg00822607,35283
16584,cg01343729,35284
16585,cg23660191,35285
16586,cg27586455,35286
16587,cg03942436,35287
16588,cg11141013,35288
16589,cg03309050,35289
16590,cg17794261,35290
16591,cg10976172,35291
16592,cg05467106,35295
16593,cg15928446,35296
16594,cg14710524,35297
16595,cg23894003,35301
16596,cg03766965,35304
16597,cg13277179,35305
16598,cg15970621,35306
16599,cg14828965,35307
16600,cg13150441,35308
16601,cg22377963,35311
16602,cg17800442,35314
16603,cg03627896,35315
16604,cg08535091,35316
16605,cg18427589,35319
16606,cg22827290,35320
16607,cg24115627,35322
16608,cg10917602,35323
16609,cg26134665,35325
16610,cg25033993,35326
16611,cg14671453,35327
16612,cg07190917,35328
16613,cg26350691,35333
16614,cg08395706,35334
16615,cg18160978,35335
16616,cg09765256,35336
16617,cg22062239,35337
16618,cg25047102,35338
16619,cg15785580,35341
16620,cg26706070,35342
16621,cg13828871,35343
16622,cg19819891,35344
16623,cg13439730,35345
16624,cg17022635,35351
16625,cg11970458,35355
16626,cg15247144,35356
16627,cg05361373,35357
16628,cg09587549,35358
16629,cg15468095,35359
16630,cg12100791,35360
16631,cg13974531,35364
16632,cg15337006,35365
16633,cg11884546,35369
16634,cg26233914,35371
16635,cg02164442,35372
16636,cg13726463,35373
16637,cg24110063,35374
16638,cg10995380,35375
16639,cg23910243,35376
16640,cg13473336,35379
16641,cg27196129,35381
16642,cg14131445,35382
16643,cg14387505,35384
16644,cg02989940,35385
16645,cg22609068,35388
16646,cg13448401,35396
16647,cg25325612,35397
16648,cg13247990,35398
16649,cg26680127,35399
16650,cg18342900,35401
16651,cg18587271,35402
16652,cg24306924,35403
16653,cg18206040,35406
16654,cg21369679,35407
16655,cg02755525,35409
16656,cg23185402,35410
16657,cg24728447,35411
16658,cg12940073,35413
16659,cg22285897,35414
16660,cg20295000,35415
16661,cg10631471,35416
16662,cg02631622,35418
16663,cg10784785,35419
16664,cg15869642,35429
16665,cg13897627,35430
16666,cg24217877,35431
16667,cg07804582,35432
16668,cg24642468,35434
16669,cg02238504,35438
16670,cg09230646,35441
16671,cg21644628,35442
16672,cg13851211,35445
16673,cg23580000,35448
16674,cg17804302,35453
16675,cg06812033,35454
16676,cg27431150,35459
16677,cg27081230,35460
16678,cg26954174,35464
16679,cg02119982,35465
16680,cg20769774,35471
16681,cg22674717,35478
16682,cg02021817,35486
16683,cg13426503,35487
16684,cg10965432,35488
16685,cg24633242,35489
16686,cg17745122,35502
16687,cg24662961,35503
16688,cg05362516,35511
16689,cg05266781,35512
16690,cg12317456,35519
16691,cg14400118,35520
16692,cg01998785,35522
16693,cg10362591,35524
16694,cg04490714,35529
16695,cg23092086,35534
16696,cg21530453,35536
16697,cg11323230,35543
16698,cg22244418,35544
16699,cg25974870,35545
16700,cg03619472,35546
16701,cg02552572,35548
16702,cg01015871,35549
16703,cg16158681,35550
16704,cg22655224,35551
16705,cg17886959,35553
16706,cg01190915,35554
16707,cg15134649,35556
16708,cg20083730,35557
16709,cg09137696,35561
16710,cg00425710,35564
16711,cg06094150,35567
16712,cg17386181,35568
16713,cg23217005,35569
16714,cg00728317,35570
16715,cg26802333,35573
16716,cg15473868,35574
16717,cg10586756,35578
16718,cg21682826,35582
16719,cg26916607,35583
16720,cg12564453,35585
16721,cg04799664,35590
16722,cg17625032,35591
16723,cg08696890,35593
16724,cg03713346,35594
16725,cg06688848,35598
16726,cg00435408,35599
16727,cg22136326,35600
16728,cg23471482,35604
16729,cg05700681,35605
16730,cg20427865,35607
16731,cg15195412,35608
16732,cg07634706,35610
16733,cg19546781,35611
16734,cg27589921,35612
16735,cg15047833,35614
16736,cg20142224,35619
16737,cg26352374,35622
16738,cg20687462,35623
16739,cg25645462,35627
16740,cg04001668,35628
16741,cg09212468,35634
16742,cg15153383,35635
16743,cg01656750,35636
16744,cg16480209,35640
16745,cg10624445,35641
16746,cg13156121,35642
16747,cg26293512,35643
16748,cg03278960,35649
16749,cg16652241,35652
16750,cg18633178,35657
16751,cg25771195,35658
16752,cg24307225,35659
16753,cg15508020,35660
16754,cg17170504,35661
16755,cg05732130,35663
16756,cg00687686,35664
16757,cg13031432,35665
16758,cg19824325,35666
16759,cg21335942,35667
16760,cg04270274,35669
16761,cg23761196,35670
16762,cg11933375,35671
16763,cg06320982,35672
16764,cg14863484,35674
16765,cg13883681,35675
16766,cg11323198,35682
16767,cg27444994,35683
16768,cg12163490,35686
16769,cg10065825,35687
16770,cg08872742,35690
16771,cg19510999,35702
16772,cg10221501,35704
16773,cg01683883,35707
16774,cg13813391,35713
16775,cg11140307,35715
16776,cg18693704,35716
16777,cg09222791,35719
16778,cg12441964,35720
16779,cg20100381,35721
16780,cg12085044,35722
16781,cg11258532,35725
16782,cg16303453,35727
16783,cg02801598,35728
16784,cg11399527,35729
16785,cg14221831,35730
16786,cg14792480,35731
16787,cg26709950,35732
16788,cg19428417,35733
16789,cg21112925,35734
16790,cg03570976,35735
16791,cg26538442,35737
16792,cg09407859,35739
16793,cg13500388,35742
16794,cg06766367,35743
16795,cg07352600,35745
16796,cg01087710,35746
16797,cg01457653,35751
16798,cg11034861,35752
16799,cg12403575,35753
16800,cg01025842,35754
16801,cg06621126,35759
16802,cg05546038,35763
16803,cg00332745,35764
16804,cg04802221,35765
16805,cg21142272,35766
16806,cg17896249,35767
16807,cg25341653,35769
16808,cg19514469,35770
16809,cg27062617,35771
16810,cg13067215,35774
16811,cg18107072,35776
16812,cg11657615,35777
16813,cg08789908,35778
16814,cg20981893,35779
16815,cg19815928,35780
16816,cg15301525,35781
16817,cg04176254,35783
16818,cg06810461,35785
16819,cg04925864,35788
16820,cg02225847,35789
16821,cg23858565,35793
16822,cg01866162,35794
16823,cg10819446,35799
16824,cg15426734,35800
16825,cg26335299,35803
16826,cg06637893,35804
16827,cg12960248,35806
16828,cg00854637,35807
16829,cg04155026,35808
16830,cg13798289,35809
16831,cg12845249,35810
16832,cg25662680,35813
16833,cg12797788,35814
16834,cg17582250,35816
16835,cg13578400,35817
16836,cg10574499,35818
16837,cg21196187,35819
16838,cg10458876,35820
16839,cg04413148,35824
16840,cg13846555,35826
16841,cg26924825,35828
16842,cg01489608,35832
16843,cg06071083,35836
16844,cg23656386,35837
16845,cg23401756,35838
16846,cg21695020,35839
16847,cg10922280,35841
16848,cg09144422,35842
16849,cg11289251,35843
16850,cg06140118,35844
16851,cg17982504,35845
16852,cg24654547,35847
16853,cg21348691,35848
16854,cg06042828,35849
16855,cg18711066,35851
16856,cg20264732,35855
16857,cg21954346,35858
16858,cg19105690,35860
16859,cg21509097,35861
16860,cg22328890,35862
16861,cg21918026,35864
16862,cg11893236,35865
16863,cg27077685,35866
16864,cg22116290,35871
16865,cg23758485,35872
16866,cg15201635,35873
16867,cg19297232,35876
16868,cg17217677,35877
16869,cg19034028,35879
16870,cg17733331,35880
16871,cg17655614,35883
16872,cg11667754,35884
16873,cg11255163,35885
16874,cg23989635,35886
16875,cg12265604,35891
16876,cg03169715,35892
16877,cg04779191,35894
16878,cg08461397,35896
16879,cg00424946,35897
16880,cg18347238,35898
16881,cg21658946,35899
16882,cg23445511,35900
16883,cg11403598,35902
16884,cg20675440,35903
16885,cg16148454,35905
16886,cg18368125,35906
16887,cg09669099,35908
16888,cg03970351,35909
16889,cg05439318,35910
16890,cg22067472,35911
16891,cg26183662,35913
16892,cg10708675,35914
16893,cg19194454,35915
16894,cg09617747,35916
16895,cg11564268,35917
16896,cg04339860,35918
16897,cg19110355,35919
16898,cg09594067,35920
16899,cg16356516,35921
16900,cg25432323,35922
16901,cg09102714,35923
16902,cg14244577,35924
16903,cg10468369,35925
16904,cg11093356,35926
16905,cg05457411,35927
16906,cg13319139,35929
16907,cg00958517,35930
16908,cg09881917,35932
16909,cg15213605,35935
16910,cg22995106,35937
16911,cg12347740,35939
16912,cg08402568,35940
16913,cg05547993,35946
16914,cg27626318,35947
16915,cg20977864,35948
16916,cg09794131,35949
16917,cg20744809,35950
16918,cg10475433,35951
16919,cg27304754,35952
16920,cg16893574,35953
16921,cg07114894,35955
16922,cg11706111,35957
16923,cg07506795,35960
16924,cg00840403,35962
16925,cg22136365,35963
16926,cg19973135,35965
16927,cg15824968,35966
16928,cg03047098,35967
16929,cg19819571,35970
16930,cg22381196,35972
16931,cg07817698,35973
16932,cg06172871,35974
16933,cg23815491,35975
16934,cg20672044,35976
16935,cg09584711,35977
16936,cg22337624,35978
16937,cg16953064,35979
16938,cg21228284,35980
16939,cg09306186,35986
16940,cg05556210,35987
16941,cg10683939,35990
16942,cg17500962,35991
16943,cg07773642,35993
16944,cg21212066,35995
16945,cg10432620,35998
16946,cg20957193,35999
16947,cg03991512,36008
16948,cg24429836,36009
16949,cg03217964,36010
16950,cg18371284,36011
16951,cg16863382,36013
16952,cg21686987,36014
16953,cg15824705,36016
16954,cg19094438,36017
16955,cg27005053,36022
16956,cg17465219,36023
16957,cg02298612,36025
16958,cg13496066,36026
16959,cg13906548,36027
16960,cg13232900,36030
16961,cg05165580,36031
16962,cg24966460,36032
16963,cg06793062,36033
16964,cg18383391,36034
16965,cg03238797,36036
16966,cg20807545,36037
16967,cg21048669,36039
16968,cg04365980,36040
16969,cg16508857,36041
16970,cg06532176,36042
16971,cg14055374,36050
16972,cg10689889,36051
16973,cg00720137,36056
16974,cg17858663,36058
16975,cg20567721,36059
16976,cg01848594,36060
16977,cg15264808,36061
16978,cg10358212,36062
16979,cg24687764,36063
16980,cg01602416,36065
16981,cg22947000,36066
16982,cg17465631,36067
16983,cg05916783,36068
16984,cg11625451,36069
16985,cg20349625,36088
16986,cg21522797,36089
16987,cg20373326,36090
16988,cg19807685,36091
16989,cg08355340,36095
16990,cg16119274,36096
16991,cg08977371,36098
16992,cg08747377,36099
16993,cg00806490,36100
16994,cg13759328,36101
16995,cg19369556,36102
16996,cg16777782,36103
16997,cg19854301,36104
16998,cg02168291,36105
16999,cg15581500,36108
17000,cg05887405,36111
17001,cg03930357,36114
17002,cg04491089,36115
17003,cg08965527,36116
17004,cg19706682,36117
17005,cg20315643,36118
17006,cg12533335,36119
17007,cg17561452,36120
17008,cg07595943,36121
17009,cg25101056,36122
17010,cg18806980,36127
17011,cg22677246,36132
17012,cg13623690,36133
17013,cg23617760,36136
17014,cg07179770,36137
17015,cg01211097,36139
17016,cg20999813,36140
17017,cg07207789,36142
17018,cg23606079,36143
17019,cg01876612,36145
17020,cg07929310,36146
17021,cg24148044,36147
17022,cg23487586,36163
17023,cg13391235,36164
17024,cg16034046,36190
17025,cg23530850,36191
17026,cg19890739,36202
17027,cg09831311,36203
17028,cg06602857,36223
17029,cg24063470,36226
17030,cg05038209,36234
17031,cg10920957,36244
17032,cg23040064,36245
17033,cg24444408,36253
17034,cg03631076,36263
17035,cg08738269,36274
17036,cg20652640,36275
17037,cg21184011,36291
17038,cg23830326,36292
17039,cg26537639,36296
17040,cg19790294,36298
17041,cg21910663,36300
17042,cg23392782,36301
17043,cg01985852,36302
17044,cg16825643,36303
17045,cg17863168,36316
17046,cg10139614,36317
17047,cg08781448,36321
17048,cg00151607,36322
17049,cg13745346,36335
17050,cg11476254,36342
17051,cg03819692,36351
17052,cg00511475,36352
17053,cg15206445,36374
17054,cg04879696,36376
17055,cg23877786,36378
17056,cg07690018,36382
17057,cg15993402,36386
17058,cg26563737,36387
17059,cg04155793,36390
17060,cg12119029,36391
17061,cg18445047,36392
17062,cg27462160,36393
17063,cg02609749,36394
17064,cg19216839,36396
17065,cg01161216,36400
17066,cg14696348,36402
17067,cg16790239,36403
17068,cg15669092,36404
17069,cg13494498,36405
17070,cg16504670,36407
17071,cg25193494,36408
17072,cg13969584,36409
17073,cg13446235,36410
17074,cg27298262,36411
17075,cg04731384,36412
17076,cg03634997,36413
17077,cg02671171,36423
17078,cg04326040,36429
17079,cg06500079,36430
17080,cg10981541,36431
17081,cg10318443,36434
17082,cg08785922,36440
17083,cg19816938,36454
17084,cg11816577,36462
17085,cg18085206,36463
17086,cg06197006,36464
17087,cg00597076,36469
17088,cg19731122,36470
17089,cg20612559,36473
17090,cg11023442,36474
17091,cg20122476,36476
17092,cg11719157,36479
17093,cg00761755,36488
17094,cg11896345,36489
17095,cg11998307,36493
17096,cg19400725,36494
17097,cg04049033,36495
17098,cg05903609,36497
17099,cg04317366,36498
17100,cg00422913,36502
17101,cg11099291,36503
17102,cg04780454,36507
17103,cg25803583,36508
17104,cg24214470,36509
17105,cg22242539,36510
17106,cg09901733,36513
17107,cg04005701,36514
17108,cg11516377,36520
17109,cg25340056,36521
17110,cg13315690,36522
17111,cg17210604,36524
17112,cg19001794,36525
17113,cg01168201,36526
17114,cg12946690,36542
17115,cg21745320,36543
17116,cg25430696,36544
17117,cg21870662,36545
17118,cg18557086,36547
17119,cg10911877,36549
17120,cg26932976,36554
17121,cg17119387,36555
17122,cg27622610,36566
17123,cg06882926,36567
17124,cg16678925,36569
17125,cg25607161,36570
17126,cg26232558,36571
17127,cg14014613,36572
17128,cg14043602,36573
17129,cg05674036,36574
17130,cg14314889,36575
17131,cg07732644,36577
17132,cg02228185,36578
17133,cg05790038,36579
17134,cg10137010,36580
17135,cg25371182,36581
17136,cg25026013,36582
17137,cg12004730,36583
17138,cg13246592,36585
17139,cg03317245,36586
17140,cg19585196,36588
17141,cg21856603,36598
17142,cg20500126,36599
17143,cg23668631,36602
17144,cg01526089,36606
17145,cg26697117,36608
17146,cg15443822,36613
17147,cg01914242,36614
17148,cg01040062,36618
17149,cg12188482,36619
17150,cg05922057,36620
17151,cg07607921,36621
17152,cg21705120,36630
17153,cg01138020,36631
17154,cg18750756,36632
17155,cg23916158,36635
17156,cg21000021,36636
17157,cg04511534,36637
17158,cg22628873,36639
17159,cg03950654,36644
17160,cg23779331,36646
17161,cg18056600,36649
17162,cg19841506,36650
17163,cg19478743,36651
17164,cg18777448,36652
17165,cg21066636,36654
17166,cg08341874,36655
17167,cg24182328,36656
17168,cg20693880,36659
17169,cg23808301,36660
17170,cg16685860,36661
17171,cg01739167,36671
17172,cg11340260,36673
17173,cg25526759,36674
17174,cg14100578,36676
17175,cg14360897,36677
17176,cg04958703,36679
17177,cg06554928,36680
17178,cg17820591,36681
17179,cg13818368,36682
17180,cg07811750,36684
17181,cg25349574,36685
17182,cg19425528,36686
17183,cg09307264,36688
17184,cg04862249,36690
17185,cg24680602,36696
17186,cg09394600,36699
17187,cg18034329,36700
17188,cg11754343,36701
17189,cg17505757,36702
17190,cg02550200,36704
17191,cg26770882,36710
17192,cg14723032,36711
17193,cg22459930,36714
17194,cg26382071,36715
17195,cg07265622,36716
17196,cg26623286,36717
17197,cg16652063,36720
17198,cg22040627,36721
17199,cg23571857,36725
17200,cg27146152,36726
17201,cg13337865,36733
17202,cg03760483,36736
17203,cg08946332,36737
17204,cg09543792,36746
17205,cg24173049,36747
17206,cg15639045,36749
17207,cg18530716,36750
17208,cg21550483,36752
17209,cg12951282,36753
17210,cg26661623,36754
17211,cg08141989,36758
17212,cg09245073,36761
17213,cg24825722,36763
17214,cg21636577,36764
17215,cg12228229,36765
17216,cg02740128,36766
17217,cg25432997,36768
17218,cg14438174,36769
17219,cg25737491,36770
17220,cg23983449,36771
17221,cg07389922,36772
17222,cg21287330,36773
17223,cg11566939,36774
17224,cg11212609,36775
17225,cg25718402,36776
17226,cg09103232,36777
17227,cg00901493,36779
17228,cg00804048,36781
17229,cg24181591,36782
17230,cg10905613,36784
17231,cg11181795,36785
17232,cg25671438,36786
17233,cg18632631,36789
17234,cg25499099,36790
17235,cg15215114,36793
17236,cg03169180,36794
17237,cg15660077,36795
17238,cg27555365,36797
17239,cg14782678,36798
17240,cg13492227,36801
17241,cg04809787,36805
17242,cg22685463,36810
17243,cg23196133,36811
17244,cg15009813,36812
17245,cg00031162,36815
17246,cg17267493,36816
17247,cg10353436,36818
17248,cg05038977,36819
17249,cg00103783,36823
17250,cg01029592,36825
17251,cg13098960,36826
17252,cg26904212,36829
17253,cg05529097,36830
17254,cg10043101,36833
17255,cg06200013,36834
17256,cg22175811,36835
17257,cg15206330,36836
17258,cg06587969,36837
17259,cg01013324,36838
17260,cg11460029,36839
17261,cg23671708,36847
17262,cg03644378,36848
17263,cg21068030,36849
17264,cg03386903,36858
17265,cg14918082,36867
17266,cg25011395,36868
17267,cg01837574,36870
17268,cg14425294,36871
17269,cg25465406,36872
17270,cg12343777,36874
17271,cg15799267,36875
17272,cg03742272,36876
17273,cg00501366,36877
17274,cg00184893,36878
17275,cg10392768,36879
17276,cg16545079,36880
17277,cg08261666,36885
17278,cg02571905,36887
17279,cg13325529,36888
17280,cg19670317,36889
17281,cg05236474,36890
17282,cg11009596,36891
17283,cg12844497,36892
17284,cg06319579,36893
17285,cg26138224,36895
17286,cg15811235,36896
17287,cg11178443,36897
17288,cg07911673,36898
17289,cg09008187,36899
17290,cg12989650,36900
17291,cg19537511,36902
17292,cg26147338,36907
17293,cg14069619,36908
17294,cg04518106,36909
17295,cg05334253,36911
17296,cg06011292,36915
17297,cg01044722,36916
17298,cg06468695,36917
17299,cg22197033,36918
17300,cg21335556,36919
17301,cg13453139,36922
17302,cg09528351,36923
17303,cg17875156,36929
17304,cg25964007,36933
17305,cg04420907,36934
17306,cg01056568,36940
17307,cg20261915,36941
17308,cg04720358,36942
17309,cg24357161,36943
17310,cg13991233,36949
17311,cg23400451,36950
17312,cg00134787,36951
17313,cg06220958,36952
17314,cg18432105,36953
17315,cg19189291,36954
17316,cg03592161,36956
17317,cg12478185,36957
17318,cg25174591,36962
17319,cg14099017,36963
17320,cg12344605,36964
17321,cg21665000,36966
17322,cg04882759,36967
17323,cg26162695,36969
17324,cg08011170,36970
17325,cg07480567,36972
17326,cg13706352,36973
17327,cg22774127,36974
17328,cg17639046,36978
17329,cg00183916,36979
17330,cg03242666,36991
17331,cg08343834,36992
17332,cg26898336,36993
17333,cg02016419,36994
17334,cg07677850,37000
17335,cg03729431,37001
17336,cg24443925,37009
17337,cg02550358,37010
17338,cg05310071,37011
17339,cg06537829,37013
17340,cg11114344,37018
17341,cg08270477,37019
17342,cg18017908,37021
17343,cg02712165,37022
17344,cg03565323,37023
17345,cg00718748,37024
17346,cg10583632,37025
17347,cg24170090,37030
17348,cg02880176,37039
17349,cg25448636,37044
17350,cg22309826,37045
17351,cg13823791,37046
17352,cg25782563,37048
17353,cg06990298,37049
17354,cg12601987,37050
17355,cg27291501,37055
17356,cg15994159,37056
17357,cg03305230,37057
17358,cg23159296,37073
17359,cg14808739,37074
17360,cg06836338,37080
17361,cg16323498,37081
17362,cg23830037,37083
17363,cg20131685,37085
17364,cg15945417,37086
17365,cg12997958,37088
17366,cg18804206,37089
17367,cg26771272,37090
17368,cg21955402,37091
17369,cg24001070,37092
17370,cg25558099,37093
17371,cg16094520,37095
17372,cg15831452,37097
17373,cg27269917,37099
17374,cg21495715,37100
17375,cg17559549,37109
17376,cg12353516,37110
17377,cg09606564,37113
17378,cg13030582,37117
17379,cg15014549,37120
17380,cg17332016,37121
17381,cg22767735,37125
17382,cg09303043,37126
17383,cg22552966,37128
17384,cg22826936,37131
17385,cg12324629,37132
17386,cg02811755,37135
17387,cg11630242,37136
17388,cg07706067,37143
17389,cg18881501,37146
17390,cg05679521,37147
17391,cg19383689,37157
17392,cg08706258,37158
17393,cg07150830,37177
17394,cg02497175,37181
17395,cg19539519,37184
17396,cg25191725,37185
17397,cg21784498,37187
17398,cg01438829,37188
17399,cg18712119,37189
17400,cg00464269,37190
17401,cg27520502,37191
17402,cg04706338,37192
17403,cg21846903,37193
17404,cg23887396,37195
17405,cg11653858,37200
17406,cg10213812,37202
17407,cg10769011,37203
17408,cg27607639,37205
17409,cg14315198,37206
17410,cg14445437,37207
17411,cg26147132,37208
17412,cg06367117,37210
17413,cg00449941,37211
17414,cg08062469,37212
17415,cg22686523,37213
17416,cg09076584,37214
17417,cg20050012,37216
17418,cg11553177,37218
17419,cg13045611,37219
17420,cg19462352,37220
17421,cg05668853,37223
17422,cg21237418,37225
17423,cg19009921,37229
17424,cg25138936,37230
17425,cg07195577,37235
17426,cg26787505,37236
17427,cg12971338,37238
17428,cg02269221,37239
17429,cg06248182,37242
17430,cg21069922,37243
17431,cg13992856,37245
17432,cg17568035,37246
17433,cg22176097,37249
17434,cg10671802,37250
17435,cg12017007,37251
17436,cg13564075,37252
17437,cg06144905,37260
17438,cg22968401,37261
17439,cg13525683,37262
17440,cg25743584,37263
17441,cg13060405,37267
17442,cg00426498,37268
17443,cg13138279,37269
17444,cg22120948,37271
17445,cg05379350,37272
17446,cg11780934,37274
17447,cg02717570,37275
17448,cg26388152,37278
17449,cg06038133,37279
17450,cg01491540,37281
17451,cg17723549,37284
17452,cg25346576,37285
17453,cg07855056,37286
17454,cg05141870,37287
17455,cg22584138,37289
17456,cg05016953,37292
17457,cg07038887,37293
17458,cg02226939,37294
17459,cg07156669,37296
17460,cg08635242,37297
17461,cg24793470,37298
17462,cg18469326,37301
17463,cg22485810,37303
17464,cg05052633,37304
17465,cg22289810,37307
17466,cg19959519,37308
17467,cg13759778,37309
17468,cg23352695,37311
17469,cg04764624,37312
17470,cg10149836,37313
17471,cg16910379,37321
17472,cg12000587,37322
17473,cg18042079,37323
17474,cg21184495,37329
17475,cg16007628,37330
17476,cg08209724,37331
17477,cg06168050,37332
17478,cg09309269,37333
17479,cg13843603,37335
17480,cg04106785,37336
17481,cg07658718,37337
17482,cg12969595,37338
17483,cg26829529,37339
17484,cg11161417,37340
17485,cg21109025,37349
17486,cg11860203,37351
17487,cg08124722,37352
17488,cg24870391,37353
17489,cg27000831,37354
17490,cg01636591,37355
17491,cg02706575,37357
17492,cg24615251,37358
17493,cg20556988,37359
17494,cg17118262,37361
17495,cg06557358,37363
17496,cg18338311,37364
17497,cg09263755,37368
17498,cg24041995,37369
17499,cg01151686,37370
17500,cg03312124,37373
17501,cg02740947,37375
17502,cg16296356,37376
17503,cg09155905,37377
17504,cg17574251,37378
17505,cg03363175,37379
17506,cg26217633,37380
17507,cg13859324,37381
17508,cg25013053,37382
17509,cg08764758,37385
17510,cg18108623,37387
17511,cg19566405,37391
17512,cg21116410,37405
17513,cg07628086,37406
17514,cg23996241,37407
17515,cg20496643,37409
17516,cg02927346,37410
17517,cg00021527,37413
17518,cg15532088,37414
17519,cg10315334,37415
17520,cg12455187,37416
17521,cg16574065,37418
17522,cg06481786,37419
17523,cg16826286,37420
17524,cg23743114,37424
17525,cg26548883,37425
17526,cg24325790,37426
17527,cg08214029,37427
17528,cg14741666,37431
17529,cg16544272,37432
17530,cg19678067,37434
17531,cg11976048,37435
17532,cg00848397,37436
17533,cg07747970,37439
17534,cg22660578,37440
17535,cg11857445,37445
17536,cg20139214,37455
17537,cg02987163,37456
17538,cg09234474,37457
17539,cg02102644,37459
17540,cg07165793,37460
17541,cg02992647,37462
17542,cg02335804,37463
17543,cg12788467,37464
17544,cg17138359,37466
17545,cg04133652,37474
17546,cg01485645,37475
17547,cg20228512,37477
17548,cg04409945,37478
17549,cg13824734,37479
17550,cg22190090,37480
17551,cg18123596,37481
17552,cg12247247,37488
17553,cg18516268,37489
17554,cg02060988,37490
17555,cg24724583,37499
17556,cg14601284,37500
17557,cg13501999,37503
17558,cg20089715,37504
17559,cg17366325,37505
17560,cg17471928,37507
17561,cg21309147,37508
17562,cg05798972,37511
17563,cg12477119,37512
17564,cg10398950,37513
17565,cg11634198,37515
17566,cg01293647,37516
17567,cg00112517,37517
17568,cg08411435,37518
17569,cg14115004,37521
17570,cg23894539,37522
17571,cg10986043,37525
17572,cg01680823,37526
17573,cg12894984,37527
17574,cg11896923,37528
17575,cg09875273,37530
17576,cg24649641,37531
17577,cg23906291,37532
17578,cg10394385,37533
17579,cg26111030,37535
17580,cg11993754,37536
17581,cg16065186,37537
17582,cg27005179,37538
17583,cg16332577,37540
17584,cg19895197,37541
17585,cg03684977,37542
17586,cg17740645,37547
17587,cg13878456,37555
17588,cg05330360,37556
17589,cg12360886,37560
17590,cg10057218,37561
17591,cg01482279,37563
17592,cg19511844,37565
17593,cg21491028,37569
17594,cg23772500,37570
17595,cg03812679,37571
17596,cg21432842,37572
17597,cg14592065,37577
17598,cg13437593,37578
17599,cg07313155,37579
17600,cg09634802,37580
17601,cg22640452,37585
17602,cg26061772,37587
17603,cg06307169,37588
17604,cg25104511,37589
17605,cg09495351,37590
17606,cg23188547,37592
17607,cg19479366,37593
17608,cg03085312,37594
17609,cg00236832,37598
17610,cg03359285,37615
17611,cg09273772,37616
17612,cg00512374,37618
17613,cg08696192,37622
17614,cg08074477,37623
17615,cg17067993,37632
17616,cg13504059,37633
17617,cg25543676,37634
17618,cg08048656,37635
17619,cg23776012,37636
17620,cg24340657,37639
17621,cg22983092,37640
17622,cg18901980,37641
17623,cg10173723,37643
17624,cg16488522,37644
17625,cg22805632,37645
17626,cg02756698,37646
17627,cg25124433,37647
17628,cg00091693,37648
17629,cg06378617,37653
17630,cg09088193,37655
17631,cg15312323,37657
17632,cg20331177,37658
17633,cg00550617,37659
17634,cg16242770,37660
17635,cg26499286,37661
17636,cg02580606,37663
17637,cg06074920,37664
17638,cg00063144,37665
17639,cg22139563,37666
17640,cg23674788,37669
17641,cg08611714,37670
17642,cg09538582,37671
17643,cg00384537,37672
17644,cg04618528,37673
17645,cg02780988,37674
17646,cg11983245,37676
17647,cg16585619,37680
17648,cg10328573,37683
17649,cg02784874,37684
17650,cg17547537,37692
17651,cg05325699,37695
17652,cg10154926,37696
17653,cg13784792,37697
17654,cg17388484,37698
17655,cg01131735,37700
17656,cg14529146,37701
17657,cg21416237,37703
17658,cg14489649,37705
17659,cg05288569,37706
17660,cg25687894,37709
17661,cg23866755,37710
17662,cg24505527,37712
17663,cg21371335,37713
17664,cg06708560,37714
17665,cg10708793,37720
17666,cg16762195,37721
17667,cg08434547,37722
17668,cg04278905,37723
17669,cg02968557,37725
17670,cg17989572,37727
17671,cg22373112,37728
17672,cg20406482,37730
17673,cg19965511,37731
17674,cg05159732,37732
17675,cg13053608,37733
17676,cg08468689,37734
17677,cg04745805,37735
17678,cg05780311,37736
17679,cg03001305,37739
17680,cg16777510,37740
17681,cg18112163,37747
17682,cg20716209,37748
17683,cg13353683,37753
17684,cg14070162,37754
17685,cg07554030,37760
17686,cg25664725,37761
17687,cg25831111,37763
17688,cg08792314,37764
17689,cg20795913,37770
17690,cg20724073,37771
17691,cg12628062,37772
17692,cg17248183,37773
17693,cg05401645,37774
17694,cg14275779,37778
17695,cg09509673,37779
17696,cg15800421,37780
17697,cg06975499,37783
17698,cg27088844,37784
17699,cg19567046,37785
17700,cg20770803,37788
17701,cg22325715,37789
17702,cg16225441,37790
17703,cg03177084,37792
17704,cg18702234,37793
17705,cg19317715,37795
17706,cg09040752,37797
17707,cg21602160,37798
17708,cg15140807,37800
17709,cg26673195,37801
17710,cg11492403,37804
17711,cg07080007,37807
17712,cg12661964,37808
17713,cg08090640,37809
17714,cg21902119,37810
17715,cg05270634,37812
17716,cg07054526,37813
17717,cg19531713,37815
17718,cg10893007,37819
17719,cg04482110,37822
17720,cg25673373,37826
17721,cg23347958,37827
17722,cg10809441,37828
17723,cg24679082,37831
17724,cg08471713,37835
17725,cg22264436,37843
17726,cg16366323,37845
17727,cg24895052,37848
17728,cg24862483,37853
17729,cg13269964,37854
17730,cg03557733,37858
17731,cg21358381,37862
17732,cg00462994,37867
17733,cg04032226,37868
17734,cg09467501,37869
17735,cg26796190,37870
17736,cg24638647,37871
17737,cg12259256,37872
17738,cg24682149,37874
17739,cg18938150,37875
17740,cg22140675,37879
17741,cg06808983,37880
17742,cg25425074,37884
17743,cg02527529,37885
17744,cg26852159,37886
17745,cg21038703,37887
17746,cg15517965,37888
17747,cg24615044,37889
17748,cg10183248,37894
17749,cg27349746,37896
17750,cg03580247,37899
17751,cg21486954,37902
17752,cg13102585,37903
17753,cg03192551,37905
17754,cg07777378,37906
17755,cg11999384,37907
17756,cg17749520,37916
17757,cg25809905,37919
17758,cg21571937,37920
17759,cg02505689,37924
17760,cg06759215,37925
17761,cg06471905,37926
17762,cg06374075,37927
17763,cg19586576,37928
17764,cg20163288,37929
17765,cg20902737,37931
17766,cg15077637,37932
17767,cg21944455,37933
17768,cg13818573,37935
17769,cg16772514,37936
17770,cg21452443,37938
17771,cg00405568,37939
17772,cg09214551,37940
17773,cg03287877,37941
17774,cg04700814,37944
17775,cg12866859,37945
17776,cg00853068,37950
17777,cg04945541,37951
17778,cg15639951,37958
17779,cg19601328,37959
17780,cg08929103,37968
17781,cg04856689,37969
17782,cg23202277,37972
17783,cg02301815,37975
17784,cg19832721,37976
17785,cg07879727,37978
17786,cg00126034,37979
17787,cg23422659,37981
17788,cg13940405,37982
17789,cg05467167,37983
17790,cg08269321,37984
17791,cg08631151,37985
17792,cg05114625,37986
17793,cg05294455,37988
17794,cg17185639,37989
17795,cg17124509,37992
17796,cg19573464,37994
17797,cg24438655,37995
17798,cg26607785,37999
17799,cg20209009,38000
17800,cg23452458,38001
17801,cg12380854,38002
17802,cg08736146,38003
17803,cg06710522,38004
17804,cg24793903,38005
17805,cg27210136,38008
17806,cg23355492,38009
17807,cg14360917,38015
17808,cg02691091,38016
17809,cg00177698,38017
17810,cg10154655,38018
17811,cg10878307,38019
17812,cg06740897,38021
17813,cg03777405,38022
17814,cg11194725,38024
17815,cg12563480,38026
17816,cg08413153,38027
17817,cg05106502,38034
17818,cg12513481,38035
17819,cg07823492,38040
17820,cg17233506,38043
17821,cg25882366,38046
17822,cg09313705,38048
17823,cg12910797,38064
17824,cg25145670,38073
17825,cg08089301,38076
17826,cg04609859,38077
17827,cg02422694,38078
17828,cg21460081,38081
17829,cg01405107,38099
17830,cg16848873,38115
17831,cg18878432,38120
17832,cg06493080,38125
17833,cg09357097,38126
17834,cg15539420,38127
17835,cg25928579,38128
17836,cg12370791,38131
17837,cg13643585,38132
17838,cg12374721,38134
17839,cg01543654,38135
17840,cg21842478,38136
17841,cg15786837,38137
17842,cg08901867,38139
17843,cg08137716,38140
17844,cg04154812,38141
17845,cg07460665,38142
17846,cg11715999,38143
17847,cg26022315,38146
17848,cg20551517,38147
17849,cg13877465,38150
17850,cg06638433,38151
17851,cg20233029,38157
17852,cg17839611,38160
17853,cg21400896,38162
17854,cg19267846,38167
17855,cg22808175,38168
17856,cg22370370,38172
17857,cg13382694,38173
17858,cg20887455,38175
17859,cg18548413,38176
17860,cg17129388,38178
17861,cg00892798,38179
17862,cg06405206,38181
17863,cg01446983,38183
17864,cg06291334,38184
17865,cg09002774,38185
17866,cg23576473,38186
17867,cg19668255,38188
17868,cg13145440,38189
17869,cg18104321,38190
17870,cg12559031,38193
17871,cg01425405,38198
17872,cg10488476,38200
17873,cg14737977,38201
17874,cg02668984,38204
17875,cg21178548,38207
17876,cg20199629,38208
17877,cg04582295,38212
17878,cg07826255,38213
17879,cg01593886,38217
17880,cg01234133,38218
17881,cg07231132,38220
17882,cg25949363,38221
17883,cg05105913,38223
17884,cg09822907,38224
17885,cg20572838,38225
17886,cg07569756,38226
17887,cg18006085,38227
17888,cg14672994,38229
17889,cg02516388,38230
17890,cg06958829,38232
17891,cg01428361,38235
17892,cg02593766,38237
17893,cg24006361,38239
17894,cg15780578,38241
17895,cg05942574,38242
17896,cg18337803,38244
17897,cg11262815,38245
17898,cg18454685,38246
17899,cg27426707,38247
17900,cg27465858,38252
17901,cg07168556,38259
17902,cg06827038,38263
17903,cg14494812,38264
17904,cg09514188,38265
17905,cg15944762,38271
17906,cg23966705,38272
17907,cg04380669,38273
17908,cg01063524,38274
17909,cg25716740,38278
17910,cg27207041,38279
17911,cg17686885,38284
17912,cg27210390,38286
17913,cg23837897,38288
17914,cg04219321,38291
17915,cg15835232,38293
17916,cg01992081,38296
17917,cg14861570,38297
17918,cg19403377,38300
17919,cg08762247,38301
17920,cg12744185,38302
17921,cg21218636,38303
17922,cg15002214,38304
17923,cg05421673,38305
17924,cg27227786,38311
17925,cg20613151,38315
17926,cg20676542,38316
17927,cg01776246,38318
17928,cg21409722,38321
17929,cg10972821,38322
17930,cg05856931,38326
17931,cg20736065,38327
17932,cg18503387,38346
17933,cg06957329,38347
17934,cg15979932,38350
17935,cg22308759,38352
17936,cg19017193,38353
17937,cg10444350,38358
17938,cg07056057,38359
17939,cg12314510,38360
17940,cg07115820,38364
17941,cg09572685,38368
17942,cg12032049,38369
17943,cg24489015,38370
17944,cg09421562,38377
17945,cg04988978,38379
17946,cg22182666,38384
17947,cg12937434,38385
17948,cg14996805,38388
17949,cg24835159,38389
17950,cg04780629,38390
17951,cg07318658,38391
17952,cg20923575,38392
17953,cg16220183,38394
17954,cg19208681,38396
17955,cg02318535,38397
17956,cg19141563,38401
17957,cg17989037,38402
17958,cg24616461,38403
17959,cg16904599,38404
17960,cg18062196,38406
17961,cg11000221,38409
17962,cg13113656,38410
17963,cg08793459,38413
17964,cg27298559,38414
17965,cg25905459,38430
17966,cg27541374,38431
17967,cg07567107,38433
17968,cg13790571,38434
17969,cg18743730,38437
17970,cg04532952,38439
17971,cg23231873,38442
17972,cg00200063,38443
17973,cg17179099,38451
17974,cg14623313,38452
17975,cg06090421,38453
17976,cg03979162,38455
17977,cg10390922,38456
17978,cg12163132,38465
17979,cg13274713,38466
17980,cg07482936,38468
17981,cg20235051,38469
17982,cg03866607,38476
17983,cg18536148,38477
17984,cg17894008,38481
17985,cg12435611,38483
17986,cg05986149,38484
17987,cg07292816,38486
17988,cg14764661,38488
17989,cg24414089,38489
17990,cg09644722,38491
17991,cg21890738,38496
17992,cg14204735,38497
17993,cg02131967,38500
17994,cg13520327,38501
17995,cg27518692,38502
17996,cg17304878,38503
17997,cg14750190,38504
17998,cg26324973,38506
17999,cg20797699,38510
18000,cg16306381,38512
18001,cg06873352,38513
18002,cg20099806,38514
18003,cg20131968,38515
18004,cg05797656,38516
18005,cg22520471,38517
18006,cg10840864,38519
18007,cg07117700,38520
18008,cg07844572,38521
18009,cg11296363,38522
18010,cg02360836,38525
18011,cg12577610,38526
18012,cg02856727,38528
18013,cg07973967,38529
18014,cg13694749,38531
18015,cg07918509,38534
18016,cg10275770,38535
18017,cg11336428,38543
18018,cg18312782,38544
18019,cg01261503,38546
18020,cg01795697,38548
18021,cg04808672,38549
18022,cg24747122,38560
18023,cg15595739,38561
18024,cg05511685,38562
18025,cg14846293,38567
18026,cg02957086,38568
18027,cg19058765,38573
18028,cg00050312,38575
18029,cg06226384,38581
18030,cg22495124,38582
18031,cg26743024,38583
18032,cg09892203,38584
18033,cg24459563,38586
18034,cg05819268,38587
18035,cg08831701,38589
18036,cg26387998,38590
18037,cg27043427,38591
18038,cg13925920,38592
18039,cg04998282,38599
18040,cg27020281,38600
18041,cg14732136,38602
18042,cg08172935,38603
18043,cg14572485,38604
18044,cg11117707,38605
18045,cg00374717,38606
18046,cg15308737,38607
18047,cg13616221,38612
18048,cg21256649,38613
18049,cg13591701,38616
18050,cg01697732,38617
18051,cg21660392,38621
18052,cg11651717,38623
18053,cg06409153,38624
18054,cg04228573,38625
18055,cg02602864,38626
18056,cg26960719,38630
18057,cg19042062,38632
18058,cg25724441,38633
18059,cg02788090,38635
18060,cg06391468,38636
18061,cg25067197,38640
18062,cg24332433,38641
18063,cg18943599,38642
18064,cg21547708,38643
18065,cg15541230,38644
18066,cg23807559,38645
18067,cg22195268,38648
18068,cg12569173,38649
18069,cg05815893,38650
18070,cg11394644,38651
18071,cg23333306,38653
18072,cg09757107,38654
18073,cg25985778,38658
18074,cg19598544,38661
18075,cg07882831,38662
18076,cg11856697,38664
18077,cg24274272,38665
18078,cg03803009,38672
18079,cg07789083,38675
18080,cg06407137,38681
18081,cg14173969,38683
18082,cg04995095,38685
18083,cg22325823,38686
18084,cg12448933,38687
18085,cg15374234,38688
18086,cg21640749,38689
18087,cg21922841,38693
18088,cg06344807,38694
18089,cg06624832,38700
18090,cg00032227,38701
18091,cg09722397,38704
18092,cg09169283,38705
18093,cg24737900,38706
18094,cg09225321,38708
18095,cg06353318,38709
18096,cg27243140,38711
18097,cg14030083,38713
18098,cg13670595,38714
18099,cg11263584,38716
18100,cg03184439,38717
18101,cg00976054,38720
18102,cg13896604,38721
18103,cg27619475,38724
18104,cg09300114,38725
18105,cg03605339,38727
18106,cg12195695,38728
18107,cg10520594,38730
18108,cg13376158,38731
18109,cg17065601,38732
18110,cg22226765,38734
18111,cg26129916,38735
18112,cg19586645,38737
18113,cg20590849,38738
18114,cg00901704,38739
18115,cg08766742,38740
18116,cg09509576,38743
18117,cg04156850,38744
18118,cg16315923,38747
18119,cg04121983,38751
18120,cg27037648,38752
18121,cg21391660,38755
18122,cg15820189,38770
18123,cg03660451,38771
18124,cg23913400,38772
18125,cg10498963,38775
18126,cg26527984,38776
18127,cg06502868,38777
18128,cg15177359,38778
18129,cg22467534,38779
18130,cg15238200,38784
18131,cg11653266,38785
18132,cg12452675,38786
18133,cg16419345,38787
18134,cg07471052,38789
18135,cg14056306,38790
18136,cg14801726,38792
18137,cg21885995,38793
18138,cg26545162,38797
18139,cg02212737,38799
18140,cg21016177,38800
18141,cg01294702,38802
18142,cg23110832,38808
18143,cg14816748,38810
18144,cg12612336,38811
18145,cg17399352,38813
18146,cg07775675,38814
18147,cg14864603,38817
18148,cg09382492,38818
18149,cg17040807,38824
18150,cg21301440,38825
18151,cg21522303,38827
18152,cg15503752,38828
18153,cg13015534,38829
18154,cg07851243,38832
18155,cg08308286,38838
18156,cg26815021,38839
18157,cg07112210,38842
18158,cg00654814,38843
18159,cg04060163,38855
18160,cg25344639,38856
18161,cg04452095,38864
18162,cg03330678,38865
18163,cg00447208,38916
18164,cg19056418,38919
18165,cg04947157,38920
18166,cg16301617,38921
18167,cg15555014,38927
18168,cg18907029,38928
18169,cg20104688,38930
18170,cg22061523,38931
18171,cg27637521,38937
18172,cg15502888,38938
18173,cg23753610,38943
18174,cg08024766,38945
18175,cg03493069,38946
18176,cg06508934,38956
18177,cg23356993,38957
18178,cg11105610,38966
18179,cg21260850,38968
18180,cg01107741,38969
18181,cg08349573,38970
18182,cg24844534,38971
18183,cg22892904,38975
18184,cg07581365,38981
18185,cg04398978,38990
18186,cg19663942,39004
18187,cg24124977,39005
18188,cg20269976,39007
18189,cg06577463,39009
18190,cg06718696,39010
18191,cg14893129,39011
18192,cg08465510,39013
18193,cg24838010,39014
18194,cg07675682,39015
18195,cg05140736,39016
18196,cg21516384,39017
18197,cg09907395,39018
18198,cg15600835,39022
18199,cg12073949,39023
18200,cg19132701,39062
18201,cg19693015,39063
18202,cg14623518,39071
18203,cg05292376,39076
18204,cg13781408,39077
18205,cg05569220,39081
18206,cg26717786,39082
18207,cg07423906,39086
18208,cg00466249,39094
18209,cg06850526,39095
18210,cg15913671,39096
18211,cg21591452,39097
18212,cg17317962,39117
18213,cg19517525,39118
18214,cg20627106,39127
18215,cg00906183,39130
18216,cg12693135,39131
18217,cg22663117,39133
18218,cg15214092,39134
18219,cg04985146,39135
18220,cg23033866,39136
18221,cg09085639,39137
18222,cg17161537,39138
18223,cg07845392,39140
18224,cg10299667,39141
18225,cg17614750,39149
18226,cg15882999,39150
18227,cg23918047,39154
18228,cg02387854,39155
18229,cg01515426,39156
18230,cg03160815,39157
18231,cg23186643,39158
18232,cg21039822,39159
18233,cg21770145,39160
18234,cg02451362,39171
18235,cg19202384,39172
18236,cg25759517,39173
18237,cg24392479,39175
18238,cg10814135,39176
18239,cg10645943,39184
18240,cg17787710,39185
18241,cg03000846,39186
18242,cg20757526,39187
18243,cg04366367,39188
18244,cg16878652,39189
18245,cg23244421,39192
18246,cg03386722,39193
18247,cg21565972,39197
18248,cg08576197,39198
18249,cg02962602,39199
18250,cg18345635,39202
18251,cg14417329,39203
18252,cg19761273,39220
18253,cg02473123,39226
18254,cg02787991,39230
18255,cg10249734,39231
18256,cg27449489,39234
18257,cg10634115,39237
18258,cg12598178,39238
18259,cg24200059,39239
18260,cg08799191,39240
18261,cg08040471,39245
18262,cg00602891,39246
18263,cg01137065,39249
18264,cg18242682,39250
18265,cg14688272,39261
18266,cg23509064,39262
18267,cg04587829,39263
18268,cg21697134,39265
18269,cg27574244,39267
18270,cg05348272,39268
18271,cg06022562,39272
18272,cg27285599,39273
18273,cg26516954,39291
18274,cg14596431,39292
18275,cg02273078,39301
18276,cg27109971,39302
18277,cg15747133,39303
18278,cg19461621,39304
18279,cg26738010,39307
18280,cg06490951,39308
18281,cg11214889,39309
18282,cg23384185,39311
18283,cg18419020,39312
18284,cg06284244,39315
18285,cg26393983,39320
18286,cg06454226,39321
18287,cg14133708,39324
18288,cg09009111,39325
18289,cg18110535,39329
18290,cg12067287,39332
18291,cg21351102,39333
18292,cg21872393,39334
18293,cg14462626,39336
18294,cg13224710,39337
18295,cg20322862,39338
18296,cg15156844,39341
18297,cg04319097,39346
18298,cg05528918,39347
18299,cg00027083,39350
18300,cg17688525,39355
18301,cg07846220,39361
18302,cg14950072,39363
18303,cg07075930,39364
18304,cg01946574,39366
18305,cg05104081,39367
18306,cg07955887,39368
18307,cg17905198,39369
18308,cg22468803,39370
18309,cg23435746,39372
18310,cg06461769,39373
18311,cg03862540,39376
18312,cg17982102,39378
18313,cg04274487,39379
18314,cg05547500,39381
18315,cg09260564,39382
18316,cg03426225,39387
18317,cg14371329,39396
18318,cg09331011,39397
18319,cg02159896,39402
18320,cg00008713,39405
18321,cg19883905,39408
18322,cg20950011,39411
18323,cg07307078,39414
18324,cg03766998,39418
18325,cg24300924,39419
18326,cg12796229,39420
18327,cg02201963,39422
18328,cg11688990,39423
18329,cg04510262,39424
18330,cg14013604,39425
18331,cg18106189,39428
18332,cg04633384,39429
18333,cg09685104,39438
18334,cg00178790,39439
18335,cg12853521,39441
18336,cg11564670,39442
18337,cg00335286,39443
18338,cg09449490,39446
18339,cg22792432,39447
18340,cg26212229,39449
18341,cg12985418,39451
18342,cg25291907,39452
18343,cg19496782,39453
18344,cg10421192,39458
18345,cg21518938,39459
18346,cg02366059,39463
18347,cg01968530,39464
18348,cg21515243,39465
18349,cg07851278,39467
18350,cg12709412,39468
18351,cg18175410,39469
18352,cg07778080,39472
18353,cg09085198,39473
18354,cg14894144,39475
18355,cg21903324,39484
18356,cg15211655,39486
18357,cg19301632,39487
18358,cg22757447,39488
18359,cg25619607,39489
18360,cg13022174,39492
18361,cg16511708,39493
18362,cg10539808,39495
18363,cg00729275,39496
18364,cg15976539,39497
18365,cg22679003,39506
18366,cg09313439,39508
18367,cg15439862,39512
18368,cg11832722,39514
18369,cg00566759,39515
18370,cg18356799,39517
18371,cg04180953,39518
18372,cg08555924,39519
18373,cg14871544,39520
18374,cg04008843,39523
18375,cg08521225,39524
18376,cg07027513,39526
18377,cg02930996,39527
18378,cg24711626,39528
18379,cg14118546,39529
18380,cg27556566,39531
18381,cg01941619,39533
18382,cg11393453,39534
18383,cg06335814,39535
18384,cg05245861,39539
18385,cg18382305,39541
18386,cg06722216,39542
18387,cg18114671,39544
18388,cg22646528,39547
18389,cg07020962,39555
18390,cg16317961,39556
18391,cg12240824,39559
18392,cg25227148,39560
18393,cg03776551,39562
18394,cg04514981,39564
18395,cg27318281,39565
18396,cg05714729,39567
18397,cg09003876,39569
18398,cg25316898,39570
18399,cg02901122,39572
18400,cg08803129,39573
18401,cg20839219,39574
18402,cg19453250,39575
18403,cg19264123,39576
18404,cg08015253,39577
18405,cg25682559,39579
18406,cg12219753,39581
18407,cg23776217,39582
18408,cg24362401,39586
18409,cg12053284,39587
18410,cg16222762,39588
18411,cg27378216,39590
18412,cg00037763,39591
18413,cg17589341,39594
18414,cg26803305,39595
18415,cg01106788,39596
18416,cg10732834,39597
18417,cg20670302,39599
18418,cg21949781,39600
18419,cg22858861,39604
18420,cg17903316,39609
18421,cg19751300,39612
18422,cg24883732,39614
18423,cg20879768,39615
18424,cg02987051,39617
18425,cg03294491,39622
18426,cg18530324,39627
18427,cg25560840,39628
18428,cg13967780,39631
18429,cg12012699,39635
18430,cg12875426,39636
18431,cg19857457,39638
18432,cg21574400,39641
18433,cg03143333,39644
18434,cg20016845,39647
18435,cg01313966,39648
18436,cg26946769,39649
18437,cg18450227,39650
18438,cg27318546,39651
18439,cg19355919,39652
18440,cg06777274,39654
18441,cg11911418,39655
18442,cg26909431,39656
18443,cg10315128,39657
18444,cg13673779,39660
18445,cg18088775,39661
18446,cg25266232,39663
18447,cg23242898,39664
18448,cg04272086,39665
18449,cg25602457,39666
18450,cg18841634,39667
18451,cg00399483,39668
18452,cg01839464,39669
18453,cg22836370,39672
18454,cg02447314,39673
18455,cg08624068,39674
18456,cg18934187,39675
18457,cg00381076,39676
18458,cg09052983,39677
18459,cg22105582,39678
18460,cg07177852,39680
18461,cg12432709,39681
18462,cg08491964,39683
18463,cg06765434,39684
18464,cg09130402,39685
18465,cg04099673,39686
18466,cg07980804,39687
18467,cg09879099,39694
18468,cg02250594,39695
18469,cg14532644,39701
18470,cg05243804,39702
18471,cg25314216,39703
18472,cg25979644,39704
18473,cg18085435,39705
18474,cg15783800,39707
18475,cg17675150,39713
18476,cg12406559,39715
18477,cg09419116,39717
18478,cg17832162,39718
18479,cg01625242,39719
18480,cg23357981,39721
18481,cg19576304,39723
18482,cg08724563,39726
18483,cg13168374,39728
18484,cg17709676,39730
18485,cg22549408,39731
18486,cg13415207,39732
18487,cg02037013,39733
18488,cg18509435,39736
18489,cg19423014,39739
18490,cg07980518,39740
18491,cg07888234,39742
18492,cg01765461,39743
18493,cg08223235,39751
18494,cg12459502,39752
18495,cg25059899,39753
18496,cg23756272,39754
18497,cg17602451,39759
18498,cg09752703,39761
18499,cg03813215,39762
18500,cg08554462,39763
18501,cg14455307,39764
18502,cg05927017,39766
18503,cg05306176,39768
18504,cg23613305,39769
18505,cg05934874,39770
18506,cg13613748,39771
18507,cg20837735,39772
18508,cg08411049,39773
18509,cg15422147,39774
18510,cg00226904,39775
18511,cg07331725,39776
18512,cg06682185,39777
18513,cg23824713,39778
18514,cg11435943,39779
18515,cg03468463,39780
18516,cg01568736,39783
18517,cg17251713,39784
18518,cg24691255,39785
18519,cg23696618,39788
18520,cg27100123,39790
18521,cg00615915,39791
18522,cg10054857,39792
18523,cg01722450,39793
18524,cg04564030,39794
18525,cg05637351,39795
18526,cg05851163,39796
18527,cg25010118,39797
18528,cg15081561,39800
18529,cg13164537,39804
18530,cg20768743,39805
18531,cg21902544,39808
18532,cg27376271,39809
18533,cg26186727,39811
18534,cg21922574,39814
18535,cg27662877,39817
18536,cg23366119,39818
18537,cg01794711,39819
18538,cg22080282,39826
18539,cg08035942,39827
18540,cg01804844,39828
18541,cg22920417,39833
18542,cg21306775,39834
18543,cg15059932,39835
18544,cg06398181,39836
18545,cg20801056,39843
18546,cg12555907,39844
18547,cg12699371,39847
18548,cg15343119,39849
18549,cg10486998,39850
18550,cg04534765,39854
18551,cg00662556,39856
18552,cg16961218,39866
18553,cg10823157,39867
18554,cg06973760,39870
18555,cg05970790,39871
18556,cg09242772,39874
18557,cg01589580,39875
18558,cg17705056,39878
18559,cg09441152,39879
18560,cg19644162,39881
18561,cg04727522,39882
18562,cg20346096,39883
18563,cg23922708,39885
18564,cg00870662,39886
18565,cg02686662,39888
18566,cg27227797,39891
18567,cg18493147,39893
18568,cg12334759,39894
18569,cg14045283,39895
18570,cg26525091,39896
18571,cg27431859,39897
18572,cg18338021,39898
18573,cg01284619,39902
18574,cg17283268,39905
18575,cg19463518,39906
18576,cg18384168,39907
18577,cg22189019,39908
18578,cg03605761,39912
18579,cg23260026,39914
18580,cg10503234,39915
18581,cg07073964,39917
18582,cg00174901,39920
18583,cg17376813,39924
18584,cg02364038,39926
18585,cg25536300,39927
18586,cg15640375,39932
18587,cg17823175,39938
18588,cg00615241,39941
18589,cg07239938,39954
18590,cg20974196,39956
18591,cg07584959,39958
18592,cg21552947,39959
18593,cg09675889,39960
18594,cg18022193,39961
18595,cg12998614,39962
18596,cg09717545,39963
18597,cg18084554,39964
18598,cg25467603,39974
18599,cg20147100,39976
18600,cg23792364,39977
18601,cg10749413,39978
18602,cg05989429,39979
18603,cg18950617,39980
18604,cg18644543,39981
18605,cg04402021,39989
18606,cg12719235,39990
18607,cg18061485,39991
18608,cg17812013,39992
18609,cg06864275,40006
18610,cg14401897,40007
18611,cg14009312,40009
18612,cg21547976,40010
18613,cg23150219,40011
18614,cg26667975,40012
18615,cg00067471,40013
18616,cg07294734,40014
18617,cg13078388,40018
18618,cg18194038,40019
18619,cg13795840,40020
18620,cg11885098,40023
18621,cg23456306,40024
18622,cg09009259,40025
18623,cg10716163,40026
18624,cg20330296,40030
18625,cg17669700,40031
18626,cg00308133,40032
18627,cg05989054,40034
18628,cg17765461,40037
18629,cg13266292,40040
18630,cg15408407,40041
18631,cg11722531,40042
18632,cg18133957,40043
18633,cg26260201,40044
18634,cg22759185,40045
18635,cg02674804,40046
18636,cg04601137,40049
18637,cg05473871,40050
18638,cg26982998,40054
18639,cg03569412,40055
18640,cg04600406,40056
18641,cg11792664,40057
18642,cg11170796,40061
18643,cg05970437,40067
18644,cg14658285,40069
18645,cg26776924,40072
18646,cg24355006,40073
18647,cg21030400,40077
18648,cg06896207,40084
18649,cg19939660,40089
18650,cg02252907,40090
18651,cg03309721,40096
18652,cg15927263,40097
18653,cg22296149,40098
18654,cg16098170,40099
18655,cg00040861,40110
18656,cg05163057,40111
18657,cg06488678,40115
18658,cg20536369,40118
18659,cg03870261,40119
18660,cg14047244,40121
18661,cg08259617,40123
18662,cg27176392,40137
18663,cg08265265,40140
18664,cg09630437,40141
18665,cg05516832,40142
18666,cg16188243,40143
18667,cg06609049,40144
18668,cg14271499,40145
18669,cg12111697,40148
18670,cg12846567,40149
18671,cg19636861,40150
18672,cg25077752,40151
18673,cg26155152,40152
18674,cg21180599,40153
18675,cg08794763,40154
18676,cg07115558,40157
18677,cg13044136,40159
18678,cg20616836,40160
18679,cg13960192,40161
18680,cg26482939,40163
18681,cg20583073,40165
18682,cg17518965,40166
18683,cg26114571,40167
18684,cg26044825,40170
18685,cg23035555,40187
18686,cg25219047,40188
18687,cg13183539,40189
18688,cg04511195,40190
18689,cg12946225,40194
18690,cg09996240,40195
18691,cg15861540,40196
18692,cg09998229,40197
18693,cg12850636,40202
18694,cg20366831,40204
18695,cg15010067,40205
18696,cg25058957,40206
18697,cg24310246,40207
18698,cg09416313,40210
18699,cg13833831,40211
18700,cg03695693,40214
18701,cg03752885,40216
18702,cg18064655,40220
18703,cg16142977,40221
18704,cg13619768,40223
18705,cg10633491,40229
18706,cg10561472,40230
18707,cg13509147,40235
18708,cg23777956,40236
18709,cg09936839,40237
18710,cg19529363,40239
18711,cg16592658,40240
18712,cg26646370,40241
18713,cg18581445,40242
18714,cg14117297,40243
18715,cg20790056,40244
18716,cg20789620,40246
18717,cg25902889,40248
18718,cg05517572,40249
18719,cg25327247,40252
18720,cg24923526,40253
18721,cg24085258,40254
18722,cg24926276,40258
18723,cg08837884,40261
18724,cg10052840,40265
18725,cg12941931,40266
18726,cg09918674,40270
18727,cg04765929,40271
18728,cg04947578,40273
18729,cg21300318,40276
18730,cg04640886,40279
18731,cg02479575,40280
18732,cg26005082,40281
18733,cg26336164,40284
18734,cg26372557,40286
18735,cg19147390,40289
18736,cg12072803,40291
18737,cg09310112,40292
18738,cg27299588,40297
18739,cg16483916,40299
18740,cg04993257,40300
18741,cg16353836,40303
18742,cg06554069,40304
18743,cg17830754,40307
18744,cg22563182,40308
18745,cg09231514,40309
18746,cg17006282,40310
18747,cg09456329,40312
18748,cg14308452,40313
18749,cg13847113,40314
18750,cg07997737,40316
18751,cg14333565,40317
18752,cg05444024,40320
18753,cg17471102,40321
18754,cg09001777,40322
18755,cg21570818,40323
18756,cg18891387,40326
18757,cg01513611,40327
18758,cg16992787,40328
18759,cg08093278,40329
18760,cg14737613,40330
18761,cg07944287,40332
18762,cg18109231,40333
18763,cg08256781,40334
18764,cg00901766,40342
18765,cg25221254,40343
18766,cg12999109,40344
18767,cg17756392,40345
18768,cg12562500,40346
18769,cg05968233,40347
18770,cg13120519,40348
18771,cg10280342,40349
18772,cg25363317,40350
18773,cg03925809,40351
18774,cg23307264,40352
18775,cg00522316,40353
18776,cg13960126,40355
18777,cg03258472,40356
18778,cg15677294,40360
18779,cg01186777,40363
18780,cg24778383,40366
18781,cg23263923,40367
18782,cg04891836,40369
18783,cg05348870,40370
18784,cg04089739,40372
18785,cg17612991,40373
18786,cg02085507,40374
18787,cg05399707,40375
18788,cg15055101,40377
18789,cg01036779,40379
18790,cg26571739,40380
18791,cg13470920,40381
18792,cg22889448,40382
18793,cg10670077,40386
18794,cg19371795,40387
18795,cg27377450,40389
18796,cg17159537,40391
18797,cg16732901,40392
18798,cg23174481,40393
18799,cg23350087,40394
18800,cg06586599,40395
18801,cg21541083,40398
18802,cg20692181,40402
18803,cg22322184,40404
18804,cg18732541,40407
18805,cg12387247,40409
18806,cg16626670,40410
18807,cg01618851,40411
18808,cg21372914,40413
18809,cg07985359,40414
18810,cg14106632,40415
18811,cg21215336,40419
18812,cg17404605,40420
18813,cg24132694,40422
18814,cg24391122,40423
18815,cg04351979,40425
18816,cg00466492,40426
18817,cg05603623,40427
18818,cg04811526,40428
18819,cg16860587,40429
18820,cg19357849,40430
18821,cg21274570,40433
18822,cg21743830,40434
18823,cg20797216,40435
18824,cg14156381,40436
18825,cg05346899,40437
18826,cg23963136,40439
18827,cg21329628,40440
18828,cg09799873,40441
18829,cg03633120,40442
18830,cg06277481,40443
18831,cg20970875,40444
18832,cg16745616,40445
18833,cg02505409,40446
18834,cg02868306,40447
18835,cg08667721,40448
18836,cg17470637,40450
18837,cg07847428,40451
18838,cg17477756,40452
18839,cg19262019,40453
18840,cg17043366,40455
18841,cg27582235,40460
18842,cg16504798,40461
18843,cg20587168,40463
18844,cg18931750,40464
18845,cg15751406,40466
18846,cg13727946,40467
18847,cg05357320,40469
18848,cg06717231,40470
18849,cg05250458,40471
18850,cg09643544,40475
18851,cg07306197,40477
18852,cg21116314,40478
18853,cg04062391,40479
18854,cg05221167,40480
18855,cg12104707,40482
18856,cg21869532,40484
18857,cg24874111,40485
18858,cg18587364,40486
18859,cg27611665,40487
18860,cg03621406,40488
18861,cg23906760,40489
18862,cg17704839,40490
18863,cg22728790,40491
18864,cg02615157,40492
18865,cg00208967,40494
18866,cg17177699,40495
18867,cg19430430,40496
18868,cg25661884,40497
18869,cg07543883,40501
18870,cg12593411,40502
18871,cg12819826,40504
18872,cg13946500,40505
18873,cg07753644,40506
18874,cg18910313,40507
18875,cg25059792,40508
18876,cg24911803,40509
18877,cg17445987,40510
18878,cg04762346,40513
18879,cg06716436,40514
18880,cg02792677,40515
18881,cg04912278,40516
18882,cg22874046,40517
18883,cg08607082,40518
18884,cg03740216,40520
18885,cg21494776,40521
18886,cg11195002,40522
18887,cg11373429,40523
18888,cg00791249,40533
18889,cg14145194,40535
18890,cg06855803,40536
18891,cg18856252,40537
18892,cg08896629,40538
18893,cg21459710,40540
18894,cg01522721,40541
18895,cg01408558,40542
18896,cg03754063,40546
18897,cg25416372,40547
18898,cg23427565,40549
18899,cg11820497,40550
18900,cg06392426,40554
18901,cg00770279,40556
18902,cg03496289,40557
18903,cg21663431,40562
18904,cg27258787,40564
18905,cg01755369,40565
18906,cg10948777,40568
18907,cg17165284,40569
18908,cg15392792,40570
18909,cg07248407,40571
18910,cg05051316,40572
18911,cg20193288,40573
18912,cg18570262,40577
18913,cg19998328,40578
18914,cg04849025,40579
18915,cg24352736,40580
18916,cg17747332,40581
18917,cg12411068,40582
18918,cg05249393,40586
18919,cg23943360,40587
18920,cg02815516,40591
18921,cg21201109,40592
18922,cg05718253,40595
18923,cg00881370,40596
18924,cg17496921,40600
18925,cg20780953,40601
18926,cg07099627,40603
18927,cg07569069,40608
18928,cg12754733,40609
18929,cg26864028,40610
18930,cg24477567,40612
18931,cg02433671,40615
18932,cg00598858,40617
18933,cg25434223,40619
18934,cg10707300,40621
18935,cg25397562,40622
18936,cg15161055,40623
18937,cg21584983,40624
18938,cg12854483,40626
18939,cg23760945,40627
18940,cg07967308,40629
18941,cg21207418,40630
18942,cg03405173,40633
18943,cg23673107,40635
18944,cg19526626,40636
18945,cg17892556,40641
18946,cg17456704,40642
18947,cg04311606,40643
18948,cg02268424,40644
18949,cg24362016,40648
18950,cg03809891,40650
18951,cg11481720,40653
18952,cg12434258,40654
18953,cg20791841,40657
18954,cg03143365,40658
18955,cg00033773,40659
18956,cg13086467,40660
18957,cg19191883,40661
18958,cg25263559,40662
18959,cg21756353,40663
18960,cg17742874,40664
18961,cg05868316,40666
18962,cg07799434,40667
18963,cg12202913,40668
18964,cg03100752,40669
18965,cg20750215,40674
18966,cg19123863,40675
18967,cg00155609,40676
18968,cg03860466,40677
18969,cg05657090,40678
18970,cg24056562,40679
18971,cg08694544,40680
18972,cg00643392,40681
18973,cg20966551,40682
18974,cg13294594,40683
18975,cg15341340,40685
18976,cg07955356,40686
18977,cg11220060,40688
18978,cg26136776,40689
18979,cg19721215,40690
18980,cg08876470,40691
18981,cg27061366,40692
18982,cg11228872,40693
18983,cg01678893,40694
18984,cg23250700,40698
18985,cg11913104,40699
18986,cg18197795,40701
18987,cg15177917,40702
18988,cg16854606,40703
18989,cg03172991,40704
18990,cg15013019,40718
18991,cg04432009,40719
18992,cg02229516,40720
18993,cg03135127,40721
18994,cg24012887,40722
18995,cg22339744,40723
18996,cg17753124,40724
18997,cg11158440,40725
18998,cg22187630,40727
18999,cg15755406,40731
19000,cg16474696,40732
19001,cg20555481,40734
19002,cg09952620,40735
19003,cg21517055,40742
19004,cg03430067,40744
19005,cg07425555,40745
19006,cg00722300,40753
19007,cg03931808,40754
19008,cg19282782,40755
19009,cg07979357,40756
19010,cg12116020,40758
19011,cg14203758,40760
19012,cg01545242,40761
19013,cg20314660,40765
19014,cg06534172,40766
19015,cg19103609,40768
19016,cg00876704,40769
19017,cg27524460,40772
19018,cg13150596,40775
19019,cg14528319,40776
19020,cg12846938,40780
19021,cg17162271,40781
19022,cg22469141,40782
19023,cg13237829,40783
19024,cg23470272,40784
19025,cg02644301,40786
19026,cg10007692,40787
19027,cg11928366,40792
19028,cg07072643,40793
19029,cg15552238,40794
19030,cg15746620,40796
19031,cg23824815,40797
19032,cg24102360,40798
19033,cg11328541,40800
19034,cg06639544,40802
19035,cg04645174,40803
19036,cg19784470,40804
19037,cg03544379,40805
19038,cg06192619,40806
19039,cg16377872,40807
19040,cg02489552,40811
19041,cg09601629,40816
19042,cg01999333,40817
19043,cg03752087,40818
19044,cg00666746,40820
19045,cg04981492,40821
19046,cg09395833,40823
19047,cg06650786,40825
19048,cg05488632,40829
19049,cg02533173,40845
19050,cg08044694,40847
19051,cg21336547,40849
19052,cg21680717,40850
19053,cg17915429,40860
19054,cg07408456,40861
19055,cg14851685,40864
19056,cg16377880,40865
19057,cg12513379,40868
19058,cg13656062,40870
19059,cg05358291,40871
19060,cg26968812,40873
19061,cg16232979,40874
19062,cg03621001,40876
19063,cg06816063,40877
19064,cg09686308,40879
19065,cg09424896,40880
19066,cg17592812,40881
19067,cg23919568,40882
19068,cg23476955,40883
19069,cg26842024,40886
19070,cg17847607,40896
19071,cg10248733,40897
19072,cg21122529,40898
19073,cg23134169,40900
19074,cg24459023,40902
19075,cg25903122,40904
19076,cg16345226,40905
19077,cg22960185,40906
19078,cg03636183,40915
19079,cg00215066,40920
19080,cg01103836,40921
19081,cg01252496,40925
19082,cg25689649,40926
19083,cg25713309,40927
19084,cg16749578,40929
19085,cg06910100,40930
19086,cg21435336,40931
19087,cg08145177,40934
19088,cg04914305,40936
19089,cg19390148,40937
19090,cg16363586,40940
19091,cg01254505,40942
19092,cg02217814,40944
19093,cg14147105,40945
19094,cg16069910,40946
19095,cg10262425,40950
19096,cg06305609,40951
19097,cg03138405,40952
19098,cg22517351,40953
19099,cg23771661,40960
19100,cg03316864,40961
19101,cg06189133,40962
19102,cg18145683,40964
19103,cg25563642,40965
19104,cg21011830,40966
19105,cg01655355,40967
19106,cg20557202,40968
19107,cg07374145,40971
19108,cg23548920,40972
19109,cg14125250,40981
19110,cg13179983,40982
19111,cg01533387,40986
19112,cg00320243,40988
19113,cg26001336,40989
19114,cg17861230,40990
19115,cg13899108,40992
19116,cg17361641,40998
19117,cg15085805,41004
19118,cg21664310,41005
19119,cg00420929,41006
19120,cg10266068,41007
19121,cg16929104,41009
19122,cg08162780,41010
19123,cg10618882,41011
19124,cg08379517,41012
19125,cg01532080,41013
19126,cg09529667,41014
19127,cg19596204,41018
19128,cg09374949,41019
19129,cg17843759,41023
19130,cg23970523,41024
19131,cg10011232,41025
19132,cg26964415,41026
19133,cg06600447,41027
19134,cg24356797,41028
19135,cg25699533,41029
19136,cg10810921,41033
19137,cg11399100,41035
19138,cg07379574,41036
19139,cg12558519,41037
19140,cg05501721,41042
19141,cg12045676,41043
19142,cg09949775,41048
19143,cg15784332,41049
19144,cg24482234,41054
19145,cg10573763,41056
19146,cg16899036,41058
19147,cg25234963,41059
19148,cg08393006,41060
19149,cg20426860,41065
19150,cg13026483,41066
19151,cg17942096,41067
19152,cg02178774,41068
19153,cg09421020,41069
19154,cg13118849,41071
19155,cg06952310,41072
19156,cg14449575,41075
19157,cg21497439,41076
19158,cg07919162,41079
19159,cg09535168,41080
19160,cg11795262,41081
19161,cg03854071,41083
19162,cg21395782,41088
19163,cg10669058,41092
19164,cg10313673,41093
19165,cg23158811,41102
19166,cg12992720,41103
19167,cg10521852,41104
19168,cg14773282,41106
19169,cg13714039,41107
19170,cg20638426,41108
19171,cg08579995,41110
19172,cg22665276,41112
19173,cg12745769,41113
19174,cg02286642,41125
19175,cg00815440,41127
19176,cg21255626,41128
19177,cg17543123,41135
19178,cg07288394,41139
19179,cg20643362,41140
19180,cg23490074,41142
19181,cg18680834,41144
19182,cg03555203,41148
19183,cg08458170,41149
19184,cg08084415,41154
19185,cg22892237,41155
19186,cg11416386,41156
19187,cg20149493,41157
19188,cg24792749,41160
19189,cg16910767,41161
19190,cg24734575,41165
19191,cg18084798,41167
19192,cg02033116,41170
19193,cg22654935,41171
19194,cg26687173,41172
19195,cg07351267,41173
19196,cg08700306,41175
19197,cg00910067,41177
19198,cg02144298,41182
19199,cg07422345,41183
19200,cg15046693,41186
19201,cg01033160,41187
19202,cg06546607,41188
19203,cg24739326,41195
19204,cg13959523,41196
19205,cg00704310,41197
19206,cg13846796,41198
19207,cg10452522,41199
19208,cg26986236,41200
19209,cg26615712,41201
19210,cg26788107,41203
19211,cg03212129,41204
19212,cg22096513,41205
19213,cg25485128,41206
19214,cg24678320,41210
19215,cg02017041,41212
19216,cg24715735,41215
19217,cg06151964,41217
19218,cg02633817,41218
19219,cg00480115,41219
19220,cg12622273,41220
19221,cg17920197,41221
19222,cg27461196,41223
19223,cg17682828,41227
19224,cg22392666,41228
19225,cg11840540,41230
19226,cg16860694,41231
19227,cg15571154,41232
19228,cg24172553,41233
19229,cg15185001,41234
19230,cg19279529,41237
19231,cg02131995,41238
19232,cg17907567,41239
19233,cg14535518,41240
19234,cg05055150,41241
19235,cg15743985,41244
19236,cg03574571,41245
19237,cg06090864,41246
19238,cg03782727,41247
19239,cg21624359,41248
19240,cg03548857,41250
19241,cg15479752,41251
19242,cg05241571,41253
19243,cg10305797,41255
19244,cg02844051,41256
19245,cg10133777,41260
19246,cg27050793,41261
19247,cg23680518,41262
19248,cg25681177,41263
19249,cg01443452,41264
19250,cg00739120,41265
19251,cg06123346,41269
19252,cg04713352,41270
19253,cg03560090,41271
19254,cg15357518,41272
19255,cg12680071,41274
19256,cg22769406,41275
19257,cg13517968,41276
19258,cg22802439,41277
19259,cg12497692,41278
19260,cg08539991,41279
19261,cg24471867,41281
19262,cg25746138,41282
19263,cg16927606,41283
19264,cg07850221,41284
19265,cg03309967,41285
19266,cg03064400,41286
19267,cg04558861,41287
19268,cg23230018,41288
19269,cg24673765,41292
19270,cg15125472,41293
19271,cg02956481,41294
19272,cg15660498,41295
19273,cg03007010,41297
19274,cg27404050,41298
19275,cg27039606,41299
19276,cg22339278,41300
19277,cg09479015,41301
19278,cg11767711,41302
19279,cg19995014,41303
19280,cg24091474,41305
19281,cg20267005,41307
19282,cg20580177,41309
19283,cg15060813,41310
19284,cg18542098,41315
19285,cg21550442,41316
19286,cg17351385,41317
19287,cg22501393,41318
19288,cg06432655,41320
19289,cg00819362,41323
19290,cg13597949,41324
19291,cg26681081,41325
19292,cg09056317,41326
19293,cg11748006,41327
19294,cg21983579,41328
19295,cg24335895,41330
19296,cg11502800,41331
19297,cg02358804,41332
19298,cg25886284,41334
19299,cg15383087,41335
19300,cg13073894,41336
19301,cg09984370,41338
19302,cg22379207,41339
19303,cg04803153,41341
19304,cg27327588,41342
19305,cg10861017,41347
19306,cg10911660,41349
19307,cg03751813,41350
19308,cg03147990,41351
19309,cg18244915,41358
19310,cg21850254,41360
19311,cg02385791,41361
19312,cg27389185,41364
19313,cg03975694,41365
19314,cg06583518,41366
19315,cg17333479,41367
19316,cg25875213,41368
19317,cg04215480,41371
19318,cg12821045,41372
19319,cg05778847,41377
19320,cg12830694,41384
19321,cg13301014,41385
19322,cg15375239,41386
19323,cg07665060,41388
19324,cg00412772,41389
19325,cg01594262,41390
19326,cg15844609,41391
19327,cg24968336,41392
19328,cg08980578,41393
19329,cg18996334,41394
19330,cg22006386,41395
19331,cg05294095,41396
19332,cg18138552,41397
19333,cg26853640,41398
19334,cg15517609,41404
19335,cg05471297,41405
19336,cg15679651,41409
19337,cg00233307,41410
19338,cg14631703,41411
19339,cg19161333,41412
19340,cg03144206,41413
19341,cg24712395,41418
19342,cg15698196,41419
19343,cg03793778,41421
19344,cg16731016,41423
19345,cg06394229,41424
19346,cg02581667,41426
19347,cg24069559,41428
19348,cg16464322,41429
19349,cg23022999,41430
19350,cg12431401,41431
19351,cg27442349,41433
19352,cg11396509,41434
19353,cg22814247,41435
19354,cg21989094,41436
19355,cg08914916,41437
19356,cg08820801,41440
19357,cg24010336,41443
19358,cg02197293,41444
19359,cg24957950,41447
19360,cg07186707,41448
19361,cg10092957,41450
19362,cg19917856,41451
19363,cg27412902,41459
19364,cg05607401,41468
19365,cg11677722,41469
19366,cg03774732,41470
19367,cg23346960,41473
19368,cg17860186,41475
19369,cg23915008,41478
19370,cg11628034,41479
19371,cg22494492,41480
19372,cg03139057,41482
19373,cg21718857,41483
19374,cg07053469,41484
19375,cg25543604,41485
19376,cg04137116,41487
19377,cg05955224,41488
19378,cg14377791,41490
19379,cg18254848,41492
19380,cg07173760,41494
19381,cg10294836,41497
19382,cg18851831,41498
19383,cg17389295,41499
19384,cg24030627,41500
19385,cg19103704,41501
19386,cg25163134,41502
19387,cg25886875,41503
19388,cg09114441,41504
19389,cg14213992,41505
19390,cg26104204,41507
19391,cg14074431,41508
19392,cg00058938,41509
19393,cg09089053,41510
19394,cg27383956,41511
19395,cg00043080,41516
19396,cg17072268,41517
19397,cg12748926,41518
19398,cg20513206,41519
19399,cg07123548,41521
19400,cg21466821,41522
19401,cg26200585,41524
19402,cg22905968,41528
19403,cg21900416,41532
19404,cg01881255,41533
19405,cg19685976,41536
19406,cg09381003,41544
19407,cg25723866,41545
19408,cg13285447,41548
19409,cg16477324,41550
19410,cg08367223,41551
19411,cg03060925,41554
19412,cg25152942,41556
19413,cg24958765,41557
19414,cg13332130,41558
19415,cg22499964,41559
19416,cg22671726,41560
19417,cg10322876,41563
19418,cg11834681,41564
19419,cg11267879,41568
19420,cg17914753,41571
19421,cg14892768,41573
19422,cg13668129,41575
19423,cg23652526,41576
19424,cg20301340,41584
19425,cg20264534,41585
19426,cg01107031,41588
19427,cg16883145,41589
19428,cg02750754,41590
19429,cg12920798,41591
19430,cg01655341,41596
19431,cg20557104,41599
19432,cg19201019,41601
19433,cg21529807,41603
19434,cg07297178,41605
19435,cg15316334,41606
19436,cg21505334,41607
19437,cg23181133,41611
19438,cg15142488,41613
19439,cg23030090,41615
19440,cg05921699,41617
19441,cg03161839,41618
19442,cg23920441,41626
19443,cg07051960,41627
19444,cg09555879,41629
19445,cg11584690,41630
19446,cg11719283,41631
19447,cg21608489,41634
19448,cg22054191,41635
19449,cg26897054,41638
19450,cg24405636,41639
19451,cg13438673,41640
19452,cg04497885,41642
19453,cg18333807,41643
19454,cg05217755,41645
19455,cg16551326,41646
19456,cg19744952,41648
19457,cg02097636,41649
19458,cg18760752,41650
19459,cg02456292,41651
19460,cg13834567,41652
19461,cg15862544,41654
19462,cg03240745,41655
19463,cg11500727,41657
19464,cg14679230,41659
19465,cg15937958,41660
19466,cg19776453,41661
19467,cg06475327,41662
19468,cg25340403,41665
19469,cg01655123,41670
19470,cg15664905,41671
19471,cg22732515,41672
19472,cg16664233,41673
19473,cg25999015,41675
19474,cg01880404,41678
19475,cg15167433,41679
19476,cg07667595,41680
19477,cg10594105,41681
19478,cg12085660,41682
19479,cg22464423,41683
19480,cg06540636,41684
19481,cg26251865,41687
19482,cg25344367,41688
19483,cg04833845,41695
19484,cg12768605,41696
19485,cg00185103,41698
19486,cg03227078,41699
19487,cg27309253,41700
19488,cg14298780,41701
19489,cg18700516,41702
19490,cg06890553,41705
19491,cg03486540,41706
19492,cg18728325,41707
19493,cg03747695,41709
19494,cg24443885,41710
19495,cg27541515,41713
19496,cg15540054,41715
19497,cg10488637,41716
19498,cg22580353,41717
19499,cg16094954,41722
19500,cg12833720,41723
19501,cg03292149,41727
19502,cg22780475,41728
19503,cg21263196,41729
19504,cg08319238,41730
19505,cg08054038,41732
19506,cg02863842,41733
19507,cg21549639,41734
19508,cg12266551,41735
19509,cg14123992,41736
19510,cg08955609,41737
19511,cg11337525,41738
19512,cg27436184,41739
19513,cg13119609,41740
19514,cg02727285,41741
19515,cg24511869,41742
19516,cg25203561,41743
19517,cg19317638,41744
19518,cg00275232,41746
19519,cg18487515,41747
19520,cg17697457,41748
19521,cg10073875,41749
19522,cg00814580,41753
19523,cg07928695,41754
19524,cg13950558,41755
19525,cg14184817,41757
19526,cg21631754,41758
19527,cg15642326,41760
19528,cg19154438,41763
19529,cg20444256,41765
19530,cg16855440,41766
19531,cg03883348,41767
19532,cg06245154,41768
19533,cg03554552,41773
19534,cg03900104,41774
19535,cg07816442,41775
19536,cg15911500,41777
19537,cg20646490,41779
19538,cg04845144,41781
19539,cg03213216,41782
19540,cg00116838,41783
19541,cg16688911,41784
19542,cg11639397,41785
19543,cg10103111,41790
19544,cg16158874,41791
19545,cg16620032,41792
19546,cg03096975,41797
19547,cg25277950,41798
19548,cg03879902,41799
19549,cg09890046,41800
19550,cg04032871,41801
19551,cg24254206,41802
19552,cg03039172,41805
19553,cg20908204,41806
19554,cg10857774,41807
19555,cg05477027,41808
19556,cg06577658,41809
19557,cg02218324,41810
19558,cg27118825,41813
19559,cg21655693,41817
19560,cg05098732,41819
19561,cg17085299,41824
19562,cg21461100,41829
19563,cg10862535,41830
19564,cg07022477,41832
19565,cg02879662,41835
19566,cg03877802,41842
19567,cg10480741,41843
19568,cg15984661,41845
19569,cg11715966,41849
19570,cg17832674,41858
19571,cg11822964,41860
19572,cg21072025,41862
19573,cg08906015,41864
19574,cg06454084,41865
19575,cg14149007,41867
19576,cg18828334,41868
19577,cg10302026,41869
19578,cg14799446,41870
19579,cg00782174,41881
19580,cg02303361,41882
19581,cg23131950,41883
19582,cg23328124,41884
19583,cg09628601,41885
19584,cg16753336,41886
19585,cg14509125,41887
19586,cg07688933,41888
19587,cg16421285,41891
19588,cg06095560,41892
19589,cg11375475,41893
19590,cg11980435,41894
19591,cg00960702,41897
19592,cg02149446,41898
19593,cg02903525,41899
19594,cg15361750,41900
19595,cg10451565,41902
19596,cg21145624,41905
19597,cg07478208,41906
19598,cg22123464,41908
19599,cg22387994,41912
19600,cg13236854,41913
19601,cg04391540,41914
19602,cg22341310,41915
19603,cg26036443,41921
19604,cg12603043,41922
19605,cg19124998,41923
19606,cg03135598,41926
19607,cg14058998,41927
19608,cg19762747,41929
19609,cg21621114,41930
19610,cg08981777,41932
19611,cg09422355,41934
19612,cg14399447,41935
19613,cg15109207,41936
19614,cg09594841,41937
19615,cg13668397,41938
19616,cg26683005,41942
19617,cg24832140,41943
19618,cg18119529,41944
19619,cg03113824,41945
19620,cg11521325,41946
19621,cg07605143,41947
19622,cg01795122,41948
19623,cg06730468,41950
19624,cg18263177,41951
19625,cg10309835,41952
19626,cg18678185,41953
19627,cg11953334,41954
19628,cg01493303,41957
19629,cg07291563,41958
19630,cg19876838,41959
19631,cg02239082,41963
19632,cg00754617,41971
19633,cg15670863,41972
19634,cg18189063,41973
19635,cg23972869,41974
19636,cg06677660,41978
19637,cg24677780,41979
19638,cg07443954,41980
19639,cg19025034,41981
19640,cg01656853,41982
19641,cg15475323,41983
19642,cg27256309,41985
19643,cg23082877,41986
19644,cg26750002,41987
19645,cg10234985,41989
19646,cg08536841,41991
19647,cg14719352,41992
19648,cg13881341,41993
19649,cg16155702,41994
19650,cg17264470,41995
19651,cg23441208,41997
19652,cg15974053,41999
19653,cg26267310,42000
19654,cg06339706,42001
19655,cg00491839,42003
19656,cg24946408,42004
19657,cg18971671,42007
19658,cg00062776,42008
19659,cg07093661,42009
19660,cg14833160,42010
19661,cg15951107,42011
19662,cg14640682,42013
19663,cg05951993,42014
19664,cg20173259,42016
19665,cg11177404,42018
19666,cg01377911,42019
19667,cg25485913,42020
19668,cg26450866,42022
19669,cg08820821,42023
19670,cg05484920,42024
19671,cg00430945,42025
19672,cg12412075,42026
19673,cg01206970,42027
19674,cg25261908,42032
19675,cg26623224,42033
19676,cg10037005,42036
19677,cg15046675,42037
19678,cg16539981,42040
19679,cg15299463,42041
19680,cg05088512,42042
19681,cg21589115,42043
19682,cg14060828,42044
19683,cg07549194,42045
19684,cg13278334,42050
19685,cg25658980,42051
19686,cg08261177,42052
19687,cg01667384,42053
19688,cg22708853,42054
19689,cg07664027,42056
19690,cg26490839,42060
19691,cg15528736,42065
19692,cg03907174,42067
19693,cg04378886,42068
19694,cg14364739,42070
19695,cg05696092,42071
19696,cg21961766,42072
19697,cg04201347,42073
19698,cg17383958,42075
19699,cg12107692,42078
19700,cg09712606,42079
19701,cg14576628,42080
19702,cg20727114,42086
19703,cg05500074,42088
19704,cg10971790,42090
19705,cg02784848,42091
19706,cg15398448,42092
19707,cg19073614,42096
19708,cg09842540,42097
19709,cg11739626,42099
19710,cg23878206,42104
19711,cg17177829,42105
19712,cg04315771,42106
19713,cg07603484,42107
19714,cg03283694,42108
19715,cg24311282,42109
19716,cg24484103,42110
19717,cg09697795,42114
19718,cg17838026,42121
19719,cg27285056,42125
19720,cg00336605,42128
19721,cg21743569,42129
19722,cg19063397,42131
19723,cg16923271,42132
19724,cg03763616,42133
19725,cg15560112,42135
19726,cg09286787,42137
19727,cg13521229,42138
19728,cg19017177,42140
19729,cg12289045,42141
19730,cg24824840,42144
19731,cg20308817,42146
19732,cg13152535,42148
19733,cg15782391,42152
19734,cg09814877,42153
19735,cg09123444,42154
19736,cg14093125,42155
19737,cg26415633,42157
19738,cg26149550,42158
19739,cg04744379,42159
19740,cg17687962,42160
19741,cg15096123,42163
19742,cg10078829,42164
19743,cg27583102,42165
19744,cg04349727,42166
19745,cg18967533,42167
19746,cg06258834,42169
19747,cg19953406,42170
19748,cg19149785,42171
19749,cg25134071,42172
19750,cg09226684,42173
19751,cg09254939,42174
19752,cg11846956,42175
19753,cg13343486,42176
19754,cg11459714,42177
19755,cg21869055,42178
19756,cg11170179,42181
19757,cg19356189,42182
19758,cg09702010,42184
19759,cg15792367,42185
19760,cg23894058,42186
19761,cg24815853,42187
19762,cg26524263,42188
19763,cg05294243,42189
19764,cg12683641,42190
19765,cg05242523,42191
19766,cg10681137,42192
19767,cg15885734,42193
19768,cg01193293,42196
19769,cg11122968,42200
19770,cg10129493,42201
19771,cg21930712,42202
19772,cg04322978,42206
19773,cg05562817,42207
19774,cg10126923,42210
19775,cg12916723,42212
19776,cg01500140,42213
19777,cg17215680,42215
19778,cg18986165,42221
19779,cg16293105,42222
19780,cg17592734,42223
19781,cg15811427,42231
19782,cg24964368,42234
19783,cg16731240,42241
19784,cg22472290,42247
19785,cg01930621,42248
19786,cg06491924,42250
19787,cg14066280,42251
19788,cg25835225,42253
19789,cg15979098,42254
19790,cg08998501,42255
19791,cg13540795,42257
19792,cg02729352,42258
19793,cg04375683,42259
19794,cg15062535,42260
19795,cg07703337,42261
19796,cg12586262,42273
19797,cg03712038,42274
19798,cg10332700,42276
19799,cg24892510,42278
19800,cg18335068,42279
19801,cg16708981,42285
19802,cg24454579,42286
19803,cg16969623,42288
19804,cg25866075,42291
19805,cg05832051,42293
19806,cg19717326,42294
19807,cg04518808,42296
19808,cg26626089,42297
19809,cg13672791,42298
19810,cg04080057,42308
19811,cg11128808,42309
19812,cg12315311,42312
19813,cg14511156,42316
19814,cg21098323,42317
19815,cg07455279,42318
19816,cg09192760,42319
19817,cg06815666,42320
19818,cg13650689,42321
19819,cg26832879,42322
19820,cg04632683,42323
19821,cg19822214,42324
19822,cg21700070,42325
19823,cg08504905,42326
19824,cg24794758,42327
19825,cg01427567,42328
19826,cg25736482,42329
19827,cg23968678,42332
19828,cg24624841,42333
19829,cg10384134,42334
19830,cg19279346,42338
19831,cg20542190,42339
19832,cg06238491,42340
19833,cg13079099,42345
19834,cg03620376,42348
19835,cg09227563,42349
19836,cg03602500,42352
19837,cg25033144,42353
19838,cg05922591,42358
19839,cg05252264,42359
19840,cg14550066,42360
19841,cg12952132,42361
19842,cg14876043,42362
19843,cg18059223,42363
19844,cg27105123,42368
19845,cg02207610,42372
19846,cg26456957,42373
19847,cg07189381,42375
19848,cg18838701,42377
19849,cg03097995,42378
19850,cg20239740,42380
19851,cg10080004,42381
19852,cg11261264,42382
19853,cg07097098,42383
19854,cg01076838,42386
19855,cg17791766,42388
19856,cg04960951,42391
19857,cg11368509,42392
19858,cg16481281,42395
19859,cg17387916,42399
19860,cg02608292,42400
19861,cg13620808,42402
19862,cg00035623,42403
19863,cg22468123,42406
19864,cg13336167,42410
19865,cg15916628,42411
19866,cg26770281,42412
19867,cg20317180,42413
19868,cg16954928,42417
19869,cg00766729,42418
19870,cg15456206,42419
19871,cg12531003,42420
19872,cg26209676,42421
19873,cg00376639,42422
19874,cg12582959,42426
19875,cg04126816,42427
19876,cg08568987,42429
19877,cg13791658,42430
19878,cg08475088,42433
19879,cg14930706,42435
19880,cg22190114,42436
19881,cg05023116,42437
19882,cg06161930,42442
19883,cg11399891,42443
19884,cg01454134,42444
19885,cg23075286,42445
19886,cg07499806,42446
19887,cg01510051,42449
19888,cg26309134,42453
19889,cg16620731,42458
19890,cg12445208,42459
19891,cg05508084,42460
19892,cg03289872,42461
19893,cg24713204,42465
19894,cg23850212,42466
19895,cg04783231,42468
19896,cg09837943,42473
19897,cg16519742,42475
19898,cg06244906,42476
19899,cg17663463,42477
19900,cg19771589,42478
19901,cg02793099,42479
19902,cg01656470,42480
19903,cg27519373,42481
19904,cg07310951,42482
19905,cg20897667,42483
19906,cg22354595,42484
19907,cg19335327,42485
19908,cg14849423,42486
19909,cg02162069,42487
19910,cg19098268,42488
19911,cg18668753,42489
19912,cg16547341,42492
19913,cg07499372,42493
19914,cg16636110,42495
19915,cg20715764,42496
19916,cg08504049,42497
19917,cg23257840,42498
19918,cg11140785,42499
19919,cg17849956,42501
19920,cg07494047,42503
19921,cg02875404,42504
19922,cg16276070,42507
19923,cg21612046,42508
19924,cg01947224,42509
19925,cg23854009,42514
19926,cg08849574,42516
19927,cg27143938,42517
19928,cg05908775,42518
19929,cg27276456,42519
19930,cg01644850,42520
19931,cg18870712,42521
19932,cg21790626,42524
19933,cg08668790,42527
19934,cg19246110,42531
19935,cg12983442,42532
19936,cg20176532,42537
19937,cg02959669,42538
19938,cg27623214,42539
19939,cg02449608,42540
19940,cg12259537,42541
19941,cg21331821,42543
19942,cg16638540,42555
19943,cg06243556,42557
19944,cg18888520,42560
19945,cg12792011,42565
19946,cg22628694,42566
19947,cg00647741,42567
19948,cg10770529,42569
19949,cg21020710,42575
19950,cg22255355,42577
19951,cg25041148,42578
19952,cg22568540,42584
19953,cg06830426,42592
19954,cg12195135,42593
19955,cg01221484,42594
19956,cg27401095,42599
19957,cg23473726,42600
19958,cg11806389,42601
19959,cg16107172,42602
19960,cg23036025,42603
19961,cg16166399,42604
19962,cg05678175,42607
19963,cg14042128,42608
19964,cg17223189,42609
19965,cg08704884,42610
19966,cg10075436,42613
19967,cg16396417,42614
19968,cg08088390,42615
19969,cg01958189,42616
19970,cg20305726,42617
19971,cg24116886,42618
19972,cg00769470,42620
19973,cg02046532,42621
19974,cg18239253,42622
19975,cg23827867,42625
19976,cg08713365,42627
19977,cg07611334,42628
19978,cg07115304,42629
19979,cg12113932,42630
19980,cg20702327,42632
19981,cg25559100,42633
19982,cg22449114,42634
19983,cg24012925,42640
19984,cg22748452,42641
19985,cg22100821,42645
19986,cg01200060,42646
19987,cg01479232,42651
19988,cg04972979,42652
19989,cg20289911,42655
19990,cg26540515,42657
19991,cg03218374,42658
19992,cg10099900,42661
19993,cg20210637,42663
19994,cg07704144,42664
19995,cg16173067,42666
19996,cg04613791,42670
19997,cg10996143,42671
19998,cg19133883,42672
19999,cg25737664,42674
20000,cg17423978,42675
20001,cg25799433,42676
20002,cg09577651,42677
20003,cg11061975,42680
20004,cg19237753,42684
20005,cg14944362,42688
20006,cg21611708,42692
20007,cg23278885,42694
20008,cg17758721,42695
20009,cg05399553,42696
20010,cg07355551,42697
20011,cg07889201,42698
20012,cg03243506,42699
20013,cg19290962,42700
20014,cg26132853,42701
20015,cg01292265,42702
20016,cg23191772,42705
20017,cg19851137,42706
20018,cg06539804,42721
20019,cg01143454,42725
20020,cg00231920,42726
20021,cg07884474,42727
20022,cg00176879,42729
20023,cg03115886,42731
20024,cg04267184,42733
20025,cg07549715,42734
20026,cg26060255,42735
20027,cg07357256,42736
20028,cg26267561,42740
20029,cg26955850,42743
20030,cg25551168,42745
20031,cg16536918,42746
20032,cg22828804,42751
20033,cg00554173,42752
20034,cg18635110,42753
20035,cg08661003,42754
20036,cg17027046,42755
20037,cg02810773,42756
20038,cg04240200,42764
20039,cg02990033,42767
20040,cg06919203,42768
20041,cg14089692,42770
20042,cg22333888,42771
20043,cg09458237,42774
20044,cg15127733,42775
20045,cg11366015,42778
20046,cg14159818,42779
20047,cg24889744,42780
20048,cg11018904,42781
20049,cg17565490,42783
20050,cg16353413,42784
20051,cg08770869,42785
20052,cg03524627,42786
20053,cg09158909,42789
20054,cg24917645,42790
20055,cg09049660,42791
20056,cg10987882,42792
20057,cg15579370,42793
20058,cg26232005,42794
20059,cg11934695,42797
20060,cg01620308,42798
20061,cg15993674,42799
20062,cg16977257,42800
20063,cg09906458,42801
20064,cg16884569,42804
20065,cg12821724,42809
20066,cg27212099,42810
20067,cg25984124,42811
20068,cg02689825,42812
20069,cg04562739,42813
20070,cg15842884,42818
20071,cg07642638,42821
20072,cg23433607,42822
20073,cg27367554,42823
20074,cg02025407,42824
20075,cg06668073,42827
20076,cg09539538,42828
20077,cg01797527,42831
20078,cg25157408,42833
20079,cg04741821,42834
20080,cg23657409,42835
20081,cg07008386,42836
20082,cg09119967,42839
20083,cg01144286,42840
20084,cg12645220,42843
20085,cg12388309,42844
20086,cg06289589,42846
20087,cg27204739,42847
20088,cg16564824,42848
20089,cg23632840,42849
20090,cg16046951,42850
20091,cg23643330,42852
20092,cg24652271,42853
20093,cg14603345,42854
20094,cg14159894,42855
20095,cg25125453,42861
20096,cg21065990,42864
20097,cg03473294,42865
20098,cg14251536,42867
20099,cg23222573,42868
20100,cg23751724,42874
20101,cg23127998,42875
20102,cg23455897,42877
20103,cg18710985,42878
20104,cg24899750,42879
20105,cg11058696,42880
20106,cg21845297,42881
20107,cg16537367,42882
20108,cg05846716,42885
20109,cg23651728,42886
20110,cg26371206,42887
20111,cg22276571,42889
20112,cg02425732,42894
20113,cg02460349,42895
20114,cg03387497,42897
20115,cg15615135,42901
20116,cg09486567,42903
20117,cg17404915,42904
20118,cg22136753,42905
20119,cg14296147,42906
20120,cg26446827,42907
20121,cg14780914,42908
20122,cg19370515,42910
20123,cg22473095,42911
20124,cg15613982,42913
20125,cg22243844,42914
20126,cg07334912,42918
20127,cg20998885,42919
20128,cg01557989,42922
20129,cg00888479,42923
20130,cg17016000,42926
20131,cg08699435,42934
20132,cg08801329,42935
20133,cg20043466,42937
20134,cg11574758,42938
20135,cg27394046,42939
20136,cg26917625,42940
20137,cg17029168,42951
20138,cg23114866,42953
20139,cg20907471,42956
20140,cg07572341,42961
20141,cg10003443,42963
20142,cg17586860,42966
20143,cg10019507,42970
20144,cg24562819,42974
20145,cg19138960,42978
20146,cg21023001,42979
20147,cg09282338,42980
20148,cg08453968,42981
20149,cg26170257,42983
20150,cg18456149,42985
20151,cg03027037,42986
20152,cg06489008,42987
20153,cg17928268,42988
20154,cg23033024,42989
20155,cg15210427,42990
20156,cg24076399,42992
20157,cg10938286,42993
20158,cg24122922,42994
20159,cg16098981,42995
20160,cg11804789,43000
20161,cg09971811,43001
20162,cg15988792,43004
20163,cg06151165,43007
20164,cg23097006,43009
20165,cg16208271,43013
20166,cg06269001,43014
20167,cg06421707,43015
20168,cg18606310,43016
20169,cg19434221,43018
20170,cg09088834,43021
20171,cg17729667,43022
20172,cg07072140,43023
20173,cg20318748,43024
20174,cg22125922,43025
20175,cg15207953,43029
20176,cg03014957,43031
20177,cg20312687,43032
20178,cg18462653,43033
20179,cg26299767,43037
20180,cg12153542,43038
20181,cg02151301,43043
20182,cg25083781,43044
20183,cg11850311,43045
20184,cg03154513,43046
20185,cg27413508,43048
20186,cg09027725,43049
20187,cg16137862,43052
20188,cg00782854,43053
20189,cg16338822,43054
20190,cg21838233,43055
20191,cg18034859,43056
20192,cg19961522,43057
20193,cg19145398,43059
20194,cg27225570,43060
20195,cg03513363,43061
20196,cg10211877,43063
20197,cg24691461,43066
20198,cg03414321,43069
20199,cg08623947,43070
20200,cg11360718,43072
20201,cg27643859,43073
20202,cg25811820,43076
20203,cg18463417,43077
20204,cg01951308,43079
20205,cg09065199,43083
20206,cg10812811,43087
20207,cg01221637,43088
20208,cg17482740,43094
20209,cg16523653,43095
20210,cg05857825,43101
20211,cg08642068,43103
20212,cg10968815,43104
20213,cg02309431,43106
20214,cg18223379,43107
20215,cg26111757,43108
20216,cg21519900,43110
20217,cg24101873,43111
20218,cg11113534,43112
20219,cg01775265,43113
20220,cg11854007,43114
20221,cg01671881,43115
20222,cg11846968,43116
20223,cg01910481,43117
20224,cg12431699,43119
20225,cg27638597,43120
20226,cg14594876,43121
20227,cg06335889,43122
20228,cg21523528,43123
20229,cg20520365,43126
20230,cg27431396,43127
20231,cg10054127,43129
20232,cg15056412,43130
20233,cg14618681,43135
20234,cg24088408,43136
20235,cg27194921,43137
20236,cg25092328,43138
20237,cg16051027,43139
20238,cg08428707,43140
20239,cg24428760,43142
20240,cg03658707,43143
20241,cg13681935,43144
20242,cg05674199,43146
20243,cg27262488,43148
20244,cg16200844,43149
20245,cg13789523,43150
20246,cg14880655,43151
20247,cg11920519,43152
20248,cg14181391,43155
20249,cg09891106,43156
20250,cg01483882,43157
20251,cg19794490,43158
20252,cg06425556,43159
20253,cg13514050,43163
20254,cg07148914,43164
20255,cg13368786,43165
20256,cg08743392,43166
20257,cg10035303,43169
20258,cg27477990,43172
20259,cg25461934,43174
20260,cg26806924,43175
20261,cg12785689,43176
20262,cg27270218,43177
20263,cg20526800,43178
20264,cg03547924,43181
20265,cg07378350,43182
20266,cg07327328,43183
20267,cg03424436,43184
20268,cg08308510,43185
20269,cg00340102,43186
20270,cg00350702,43187
20271,cg23713742,43189
20272,cg18497960,43191
20273,cg03572913,43192
20274,cg09926892,43194
20275,cg08013810,43195
20276,cg01470283,43196
20277,cg24158546,43197
20278,cg20993403,43199
20279,cg16016641,43201
20280,cg11649825,43202
20281,cg09276978,43204
20282,cg21671476,43208
20283,cg12556134,43210
20284,cg11449935,43211
20285,cg19562969,43212
20286,cg19230917,43213
20287,cg04759756,43214
20288,cg00714377,43215
20289,cg17675882,43216
20290,cg06499565,43217
20291,cg09351449,43218
20292,cg13021725,43219
20293,cg14898639,43220
20294,cg08624249,43221
20295,cg09128050,43224
20296,cg26843008,43227
20297,cg21570468,43228
20298,cg15627502,43229
20299,cg04459030,43232
20300,cg17049328,43233
20301,cg07719737,43234
20302,cg21449843,43235
20303,cg05498681,43238
20304,cg12862537,43242
20305,cg22298088,43243
20306,cg22510412,43244
20307,cg18433380,43245
20308,cg21588305,43246
20309,cg23566503,43247
20310,cg10642330,43248
20311,cg23594876,43252
20312,cg17974185,43256
20313,cg19438514,43257
20314,cg11599505,43258
20315,cg03792653,43259
20316,cg14424111,43260
20317,cg26746469,43261
20318,cg17083925,43262
20319,cg15494458,43264
20320,cg08254089,43265
20321,cg18979491,43266
20322,cg08351331,43267
20323,cg00495442,43269
20324,cg09113613,43270
20325,cg03532879,43271
20326,cg14271690,43272
20327,cg08535373,43274
20328,cg14374842,43280
20329,cg26826852,43281
20330,cg27377213,43282
20331,cg24834740,43285
20332,cg27552599,43288
20333,cg07955828,43289
20334,cg02497758,43294
20335,cg04119538,43295
20336,cg16376234,43296
20337,cg23761264,43299
20338,cg22294908,43301
20339,cg11668512,43302
20340,cg18938204,43308
20341,cg00273068,43310
20342,cg21545849,43313
20343,cg13168820,43315
20344,cg04541293,43318
20345,cg07440387,43321
20346,cg20091959,43322
20347,cg23626798,43323
20348,cg01071811,43324
20349,cg02611863,43325
20350,cg21685427,43326
20351,cg17463527,43327
20352,cg23843505,43328
20353,cg09604203,43329
20354,cg11398517,43330
20355,cg01623187,43331
20356,cg11319389,43332
20357,cg04369341,43338
20358,cg02551396,43342
20359,cg24442290,43343
20360,cg20925482,43344
20361,cg04448487,43345
20362,cg17810944,43347
20363,cg17692403,43349
20364,cg23834593,43351
20365,cg19717150,43352
20366,cg25750259,43354
20367,cg03812067,43356
20368,cg05932936,43357
20369,cg19525717,43358
20370,cg13240311,43359
20371,cg20622019,43360
20372,cg18704595,43361
20373,cg00240880,43362
20374,cg03562120,43365
20375,cg12063359,43366
20376,cg07064406,43367
20377,cg22799917,43368
20378,cg11454415,43369
20379,cg23481221,43370
20380,cg27194614,43372
20381,cg02344078,43373
20382,cg09628707,43375
20383,cg06288351,43376
20384,cg25718438,43377
20385,cg20485165,43378
20386,cg18241647,43379
20387,cg09462575,43381
20388,cg20015689,43383
20389,cg02311163,43385
20390,cg23889010,43386
20391,cg12966875,43390
20392,cg20747455,43393
20393,cg14448104,43394
20394,cg21835643,43395
20395,cg16757724,43396
20396,cg22188058,43398
20397,cg10876928,43399
20398,cg09882647,43400
20399,cg05451974,43401
20400,cg14226064,43402
20401,cg04109382,43403
20402,cg26634132,43408
20403,cg25799986,43410
20404,cg00980978,43411
20405,cg24765446,43412
20406,cg12547930,43413
20407,cg10379687,43414
20408,cg23765993,43415
20409,cg22021786,43416
20410,cg02605634,43417
20411,cg25133753,43418
20412,cg09874776,43420
20413,cg00690280,43421
20414,cg22988566,43422
20415,cg04940435,43423
20416,cg15419274,43424
20417,cg17240987,43425
20418,cg01517033,43426
20419,cg13736875,43427
20420,cg19222480,43428
20421,cg02810134,43432
20422,cg08201421,43433
20423,cg18285544,43435
20424,cg06425868,43436
20425,cg08101264,43438
20426,cg09781054,43439
20427,cg23271318,43440
20428,cg18422795,43442
20429,cg21023770,43443
20430,cg08260891,43444
20431,cg25241845,43447
20432,cg21762107,43448
20433,cg11191337,43453
20434,cg01993411,43455
20435,cg21218093,43460
20436,cg09378691,43461
20437,cg02310296,43462
20438,cg20925811,43463
20439,cg09015232,43465
20440,cg22752533,43466
20441,cg20116574,43470
20442,cg21601405,43472
20443,cg24101578,43473
20444,cg04640913,43474
20445,cg04506546,43478
20446,cg02413850,43479
20447,cg02547439,43482
20448,cg00576250,43484
20449,cg18468842,43493
20450,cg23026920,43494
20451,cg27610561,43496
20452,cg17550582,43497
20453,cg09306675,43498
20454,cg13699808,43502
20455,cg23662675,43503
20456,cg09560912,43505
20457,cg12128876,43506
20458,cg11979959,43507
20459,cg22084611,43508
20460,cg24364574,43510
20461,cg06838394,43513
20462,cg03522403,43516
20463,cg27161973,43517
20464,cg18677965,43518
20465,cg14736210,43524
20466,cg24507762,43525
20467,cg05932408,43526
20468,cg07612655,43527
20469,cg01924619,43531
20470,cg15488402,43532
20471,cg13210512,43533
20472,cg08794192,43534
20473,cg02046340,43535
20474,cg13310671,43536
20475,cg05403071,43537
20476,cg06926735,43541
20477,cg04296434,43543
20478,cg02828104,43544
20479,cg17371067,43546
20480,cg14915263,43552
20481,cg27214774,43555
20482,cg14823109,43558
20483,cg20028291,43559
20484,cg05279707,43560
20485,cg13216351,43561
20486,cg16332224,43563
20487,cg02305261,43566
20488,cg24924779,43567
20489,cg10226546,43573
20490,cg11086066,43574
20491,cg17409393,43579
20492,cg05851042,43580
20493,cg04542415,43587
20494,cg08899632,43588
20495,cg18917378,43596
20496,cg02604290,43598
20497,cg09260441,43600
20498,cg11822659,43603
20499,cg02501779,43605
20500,cg25993718,43608
20501,cg13588354,43610
20502,cg19226099,43612
20503,cg22732672,43615
20504,cg21772838,43616
20505,cg25912611,43617
20506,cg00831028,43620
20507,cg15536490,43623
20508,cg26516759,43627
20509,cg13888886,43630
20510,cg26645834,43631
20511,cg19734148,43632
20512,cg26453670,43635
20513,cg14264994,43637
20514,cg13904968,43638
20515,cg26912636,43645
20516,cg00138126,43646
20517,cg12813792,43648
20518,cg26029902,43654
20519,cg02635865,43655
20520,cg14546153,43657
20521,cg23418591,43658
20522,cg08783491,43659
20523,cg03076871,43660
20524,cg25268451,43664
20525,cg14597908,43665
20526,cg05558390,43666
20527,cg24975842,43667
20528,cg18619398,43668
20529,cg01355739,43669
20530,cg20582984,43670
20531,cg15160445,43672
20532,cg04457481,43673
20533,cg06324048,43674
20534,cg17414107,43676
20535,cg00943909,43677
20536,cg21625881,43679
20537,cg14203179,43680
20538,cg09437522,43681
20539,cg01565918,43682
20540,cg10011623,43683
20541,cg27027803,43685
20542,cg25983380,43686
20543,cg22885821,43687
20544,cg09598225,43688
20545,cg06044900,43689
20546,cg23679724,43691
20547,cg06385087,43692
20548,cg01663968,43693
20549,cg16179125,43694
20550,cg23265096,43695
20551,cg01623438,43697
20552,cg08304608,43700
20553,cg24457521,43702
20554,cg11595749,43703
20555,cg25574548,43705
20556,cg04048259,43707
20557,cg21163415,43709
20558,cg20357628,43710
20559,cg07347645,43716
20560,cg22214414,43717
20561,cg20707333,43718
20562,cg00400263,43719
20563,cg08966023,43720
20564,cg20895028,43721
20565,cg24607535,43722
20566,cg09076077,43723
20567,cg14236389,43725
20568,cg15534366,43728
20569,cg03503905,43734
20570,cg24738006,43738
20571,cg15580043,43739
20572,cg08833432,43740
20573,cg00611397,43742
20574,cg10605520,43744
20575,cg23656380,43746
20576,cg21459921,43747
20577,cg09831553,43748
20578,cg02603366,43749
20579,cg03035419,43750
20580,cg11154879,43751
20581,cg02537838,43752
20582,cg09923671,43754
20583,cg20822628,43756
20584,cg14519000,43757
20585,cg15749748,43758
20586,cg03777459,43769
20587,cg27447740,43770
20588,cg11682508,43771
20589,cg09210315,43773
20590,cg06479426,43774
20591,cg03567830,43777
20592,cg14871138,43778
20593,cg25826526,43779
20594,cg24999924,43780
20595,cg21387281,43781
20596,cg08525481,43782
20597,cg00837103,43783
20598,cg06497752,43784
20599,cg10729531,43786
20600,cg20969846,43789
20601,cg17364922,43801
20602,cg24092253,43802
20603,cg17237881,43803
20604,cg21944757,43807
20605,cg00318573,43810
20606,cg08912400,43811
20607,cg08003150,43817
20608,cg23582408,43820
20609,cg22463915,43821
20610,cg19470701,43823
20611,cg21484834,43824
20612,cg03330516,43831
20613,cg22442730,43832
20614,cg06661994,43833
20615,cg23352030,43835
20616,cg04300115,43837
20617,cg24674220,43842
20618,cg04757428,43844
20619,cg08291098,43845
20620,cg05358404,43846
20621,cg24549085,43847
20622,cg18611245,43852
20623,cg04078896,43853
20624,cg00177013,43854
20625,cg03873930,43855
20626,cg06653796,43858
20627,cg05276137,43865
20628,cg21291985,43871
20629,cg09868035,43872
20630,cg27272402,43873
20631,cg18488623,43875
20632,cg14448145,43880
20633,cg02047577,43883
20634,cg26760212,43885
20635,cg15568167,43886
20636,cg03224418,43887
20637,cg11037424,43888
20638,cg10271717,43889
20639,cg22940152,43892
20640,cg12379775,43894
20641,cg26825412,43898
20642,cg01293143,43902
20643,cg19242268,43903
20644,cg24516061,43908
20645,cg24513045,43909
20646,cg14436426,43910
20647,cg06255227,43912
20648,cg21628553,43913
20649,cg16772207,43915
20650,cg10071275,43916
20651,cg13218906,43917
20652,cg04820387,43918
20653,cg16606185,43922
20654,cg12003230,43924
20655,cg07494518,43926
20656,cg17400229,43929
20657,cg12205591,43931
20658,cg08538752,43934
20659,cg23322112,43937
20660,cg11429658,43938
20661,cg19714241,43939
20662,cg24847572,43940
20663,cg01141769,43943
20664,cg06114765,43944
20665,cg00744433,43946
20666,cg03167275,43947
20667,cg02532648,43948
20668,cg14380517,43949
20669,cg01284306,43950
20670,cg06076054,43951
20671,cg02920216,43952
20672,cg25864727,43957
20673,cg09809950,43959
20674,cg16069236,43960
20675,cg11344614,43961
20676,cg03382304,43962
20677,cg15842400,43963
20678,cg19891733,43965
20679,cg13169373,43966
20680,cg00472814,43970
20681,cg11189837,43971
20682,cg08190291,43973
20683,cg18895813,43974
20684,cg18001427,43976
20685,cg05406101,43977
20686,cg23772557,43978
20687,cg24568646,43979
20688,cg09143663,43983
20689,cg26635603,43984
20690,cg09542111,43986
20691,cg21816539,43987
20692,cg13792279,43988
20693,cg04052038,43990
20694,cg18822544,43991
20695,cg16431978,43993
20696,cg16812893,43995
20697,cg13139843,43996
20698,cg09828634,43997
20699,cg04297093,43998
20700,cg19306866,44000
20701,cg25388528,44002
20702,cg26565975,44003
20703,cg24423088,44004
20704,cg15853125,44008
20705,cg18841894,44009
20706,cg19948014,44010
20707,cg25048564,44012
20708,cg06510830,44013
20709,cg26289880,44014
20710,cg27544190,44016
20711,cg01274324,44017
20712,cg20857253,44018
20713,cg25505974,44019
20714,cg20644453,44020
20715,cg04047710,44021
20716,cg10217445,44024
20717,cg20000468,44033
20718,cg06665941,44034
20719,cg17506742,44035
20720,cg09885409,44037
20721,cg17356733,44038
20722,cg16803817,44039
20723,cg18043104,44040
20724,cg04383274,44041
20725,cg13319664,44042
20726,cg23882824,44043
20727,cg13617782,44044
20728,cg22407574,44046
20729,cg08701609,44047
20730,cg06502510,44048
20731,cg01465641,44049
20732,cg18665023,44052
20733,cg15249164,44053
20734,cg04409427,44059
20735,cg03801286,44061
20736,cg18074297,44065
20737,cg10722799,44066
20738,cg04915566,44081
20739,cg01962969,44085
20740,cg08632701,44088
20741,cg04454259,44090
20742,cg00673191,44091
20743,cg13552650,44093
20744,cg19624775,44094
20745,cg13854874,44095
20746,cg11099899,44096
20747,cg15310162,44097
20748,cg02672220,44100
20749,cg13694867,44104
20750,cg24523456,44108
20751,cg12564962,44109
20752,cg13460409,44113
20753,cg19207856,44115
20754,cg23361608,44116
20755,cg01262913,44117
20756,cg21407839,44119
20757,cg18779060,44120
20758,cg05380982,44122
20759,cg00544557,44125
20760,cg03993463,44126
20761,cg18248112,44127
20762,cg17274064,44133
20763,cg06958537,44138
20764,cg04486568,44139
20765,cg25077654,44144
20766,cg11890956,44145
20767,cg21203420,44146
20768,cg22982528,44147
20769,cg18829411,44149
20770,cg00171126,44150
20771,cg23704703,44156
20772,cg12064626,44158
20773,cg26709720,44161
20774,cg25906419,44169
20775,cg21553596,44170
20776,cg03158400,44171
20777,cg04828792,44172
20778,cg15925792,44176
20779,cg22152328,44177
20780,cg02613803,44179
20781,cg24901042,44180
20782,cg13520715,44181
20783,cg10198932,44183
20784,cg11719297,44186
20785,cg21241823,44195
20786,cg08009711,44196
20787,cg11064558,44199
20788,cg10569414,44200
20789,cg18963171,44201
20790,cg19766460,44202
20791,cg14982472,44206
20792,cg08663969,44207
20793,cg04806409,44215
20794,cg20488657,44216
20795,cg12456510,44218
20796,cg11158374,44219
20797,cg18729973,44220
20798,cg01214847,44222
20799,cg25608949,44223
20800,cg13578652,44224
20801,cg07034561,44227
20802,cg11772764,44228
20803,cg13265003,44229
20804,cg17398613,44230
20805,cg00516481,44232
20806,cg06722792,44233
20807,cg17329518,44234
20808,cg02533993,44235
20809,cg02507175,44236
20810,cg14204791,44237
20811,cg09622447,44239
20812,cg22633722,44240
20813,cg22730042,44241
20814,cg25023829,44245
20815,cg05965188,44246
20816,cg08871016,44247
20817,cg25791888,44248
20818,cg14522549,44249
20819,cg00546897,44253
20820,cg01605783,44254
20821,cg11166823,44256
20822,cg15321195,44257
20823,cg23513504,44259
20824,cg27076046,44269
20825,cg17356252,44270
20826,cg18876487,44273
20827,cg05129930,44276
20828,cg18027946,44277
20829,cg02513045,44278
20830,cg08191854,44279
20831,cg06812844,44280
20832,cg23089840,44284
20833,cg26632776,44285
20834,cg02579133,44286
20835,cg17778867,44287
20836,cg22991148,44289
20837,cg20576597,44290
20838,cg02699645,44291
20839,cg16698781,44292
20840,cg21053323,44294
20841,cg01419679,44297
20842,cg24167037,44300
20843,cg21968796,44306
20844,cg03622689,44308
20845,cg09676390,44314
20846,cg08222185,44315
20847,cg15094912,44319
20848,cg04595021,44320
20849,cg10719920,44321
20850,cg18466173,44322
20851,cg15725933,44327
20852,cg07658590,44328
20853,cg07685034,44331
20854,cg19835478,44333
20855,cg25020459,44334
20856,cg23473904,44337
20857,cg07747299,44338
20858,cg10296238,44339
20859,cg01245595,44340
20860,cg19830147,44341
20861,cg25737836,44342
20862,cg00499599,44343
20863,cg25110234,44346
20864,cg11407345,44347
20865,cg07152925,44349
20866,cg13271076,44351
20867,cg01731685,44356
20868,cg12373771,44357
20869,cg18137704,44358
20870,cg19837751,44360
20871,cg22815534,44361
20872,cg18003795,44363
20873,cg02555579,44368
20874,cg18003231,44369
20875,cg26506209,44370
20876,cg03887534,44371
20877,cg05566965,44373
20878,cg15104484,44375
20879,cg16281796,44376
20880,cg13401831,44377
20881,cg08715837,44378
20882,cg27281093,44380
20883,cg08205655,44381
20884,cg00812502,44385
20885,cg16621987,44386
20886,cg25759381,44387
20887,cg09343544,44389
20888,cg26599006,44391
20889,cg15837252,44393
20890,cg00747849,44394
20891,cg12167239,44395
20892,cg01632825,44396
20893,cg21311175,44398
20894,cg09685568,44399
20895,cg23957084,44400
20896,cg17881637,44401
20897,cg25841091,44404
20898,cg07633499,44405
20899,cg15188688,44406
20900,cg04463638,44409
20901,cg11450827,44410
20902,cg13477510,44412
20903,cg24783979,44413
20904,cg05726109,44415
20905,cg07359545,44417
20906,cg16722536,44419
20907,cg02887841,44420
20908,cg26646411,44424
20909,cg25990314,44425
20910,cg11539173,44426
20911,cg23268677,44428
20912,cg00107488,44429
20913,cg22377998,44436
20914,cg16535180,44437
20915,cg25166896,44438
20916,cg18251360,44439
20917,cg23216184,44440
20918,cg02763671,44441
20919,cg02630122,44442
20920,cg01985090,44443
20921,cg16756998,44445
20922,cg25650110,44446
20923,cg03475420,44449
20924,cg08557686,44450
20925,cg03308985,44451
20926,cg23748737,44452
20927,cg14785479,44454
20928,cg01657694,44455
20929,cg09958090,44456
20930,cg26608332,44457
20931,cg09788239,44458
20932,cg25785378,44459
20933,cg21642076,44462
20934,cg09634469,44463
20935,cg21244955,44465
20936,cg19669036,44466
20937,cg17239761,44467
20938,cg13720744,44468
20939,cg07331806,44470
20940,cg05139924,44472
20941,cg14835962,44474
20942,cg05442902,44475
20943,cg25421647,44476
20944,cg22262140,44477
20945,cg18604842,44478
20946,cg15477600,44479
20947,cg12228611,44484
20948,cg08293367,44485
20949,cg20295671,44486
20950,cg11265916,44487
20951,cg05546044,44489
20952,cg10081899,44492
20953,cg25371038,44493
20954,cg14242091,44494
20955,cg15121304,44495
20956,cg00013618,44496
20957,cg14844130,44499
20958,cg18441959,44500
20959,cg16184943,44501
20960,cg08088989,44502
20961,cg21604856,44503
20962,cg05208878,44504
20963,cg18593668,44505
20964,cg19764436,44506
20965,cg15572787,44507
20966,cg10575414,44508
20967,cg13894021,44509
20968,cg12406417,44512
20969,cg25555137,44513
20970,cg04435377,44514
20971,cg02415431,44515
20972,cg13253729,44516
20973,cg05266460,44517
20974,cg12620111,44519
20975,cg18440048,44520
20976,cg26574610,44521
20977,cg10756887,44522
20978,cg12279128,44523
20979,cg03290040,44524
20980,cg27532722,44526
20981,cg19906397,44528
20982,cg17976381,44529
20983,cg26133068,44530
20984,cg16993794,44531
20985,cg20377673,44533
20986,cg06534422,44534
20987,cg15061008,44536
20988,cg03599338,44537
20989,cg23349242,44538
20990,cg21949305,44544
20991,cg21584430,44545
20992,cg10613381,44547
20993,cg17647273,44552
20994,cg03550508,44555
20995,cg02774160,44556
20996,cg22764925,44557
20997,cg02401149,44564
20998,cg17504145,44565
20999,cg10490064,44566
21000,cg25013838,44568
21001,cg07654843,44569
21002,cg21353232,44570
21003,cg25468723,44571
21004,cg11792483,44573
21005,cg04626574,44578
21006,cg10927536,44579
21007,cg19831369,44580
21008,cg07924575,44581
21009,cg03531512,44582
21010,cg23365832,44584
21011,cg04541607,44585
21012,cg00757952,44587
21013,cg27269921,44590
21014,cg07849904,44591
21015,cg05352541,44593
21016,cg16189954,44594
21017,cg01875775,44595
21018,cg01407797,44596
21019,cg15103426,44597
21020,cg14013300,44598
21021,cg18940763,44599
21022,cg24929834,44603
21023,cg03665785,44604
21024,cg03198372,44606
21025,cg01791232,44607
21026,cg27416437,44610
21027,cg20633621,44614
21028,cg02293044,44615
21029,cg25635500,44618
21030,cg04329069,44619
21031,cg08693206,44620
21032,cg16042149,44621
21033,cg02994956,44622
21034,cg04483623,44625
21035,cg00136736,44626
21036,cg20319264,44627
21037,cg13797031,44628
21038,cg16293088,44629
21039,cg13671831,44630
21040,cg13240639,44635
21041,cg12352006,44636
21042,cg03538345,44638
21043,cg01468868,44639
21044,cg19539004,44640
21045,cg14519350,44641
21046,cg07498879,44643
21047,cg27060381,44646
21048,cg15630759,44647
21049,cg14859749,44648
21050,cg23665603,44649
21051,cg14452140,44650
21052,cg18294257,44653
21053,cg03214697,44654
21054,cg20436912,44655
21055,cg09022808,44657
21056,cg04030848,44658
21057,cg23568913,44659
21058,cg00059424,44660
21059,cg04081402,44662
21060,cg06330324,44664
21061,cg26233253,44665
21062,cg02278071,44666
21063,cg15425811,44670
21064,cg07894162,44673
21065,cg07006526,44674
21066,cg19630506,44675
21067,cg27324619,44679
21068,cg18053607,44681
21069,cg21274025,44682
21070,cg00727590,44686
21071,cg11672225,44688
21072,cg14086647,44690
21073,cg00518989,44691
21074,cg03065202,44695
21075,cg20988728,44696
21076,cg23154002,44701
21077,cg09189428,44702
21078,cg25545182,44703
21079,cg27378424,44704
21080,cg18688305,44706
21081,cg17599586,44710
21082,cg15823100,44711
21083,cg19035993,44713
21084,cg22478328,44715
21085,cg03814826,44716
21086,cg03962522,44717
21087,cg09547224,44718
21088,cg21578906,44722
21089,cg15175577,44724
21090,cg26431343,44725
21091,cg27195224,44726
21092,cg14789590,44727
21093,cg08878304,44728
21094,cg07071881,44729
21095,cg24080529,44730
21096,cg05260966,44731
21097,cg05288803,44732
21098,cg05670348,44735
21099,cg12526025,44736
21100,cg05531055,44739
21101,cg13788301,44740
21102,cg11458974,44741
21103,cg14733672,44742
21104,cg00199549,44743
21105,cg20162146,44744
21106,cg25959506,44745
21107,cg14473016,44746
21108,cg24820809,44749
21109,cg07009002,44751
21110,cg05976325,44752
21111,cg13351406,44753
21112,cg09432376,44754
21113,cg19853703,44755
21114,cg25488206,44757
21115,cg00615377,44758
21116,cg11835355,44765
21117,cg14337900,44770
21118,cg13810225,44771
21119,cg05475277,44773
21120,cg11603096,44774
21121,cg01151699,44776
21122,cg12924408,44777
21123,cg21341807,44778
21124,cg09863066,44779
21125,cg02978737,44780
21126,cg09624565,44781
21127,cg16356956,44786
21128,cg21209356,44787
21129,cg17699374,44788
21130,cg22088368,44790
21131,cg08727202,44791
21132,cg14850181,44792
21133,cg22229142,44793
21134,cg20011794,44794
21135,cg21271753,44796
21136,cg26757673,44797
21137,cg26143719,44802
21138,cg14297029,44804
21139,cg03389133,44805
21140,cg18265887,44806
21141,cg14072120,44807
21142,cg05259765,44809
21143,cg21736592,44810
21144,cg11201532,44814
21145,cg18452324,44815
21146,cg13797282,44816
21147,cg22506059,44817
21148,cg11081833,44821
21149,cg03835292,44822
21150,cg24480194,44824
21151,cg21458116,44825
21152,cg04790936,44827
21153,cg13474750,44828
21154,cg27611781,44829
21155,cg00292662,44830
21156,cg19853760,44836
21157,cg15473335,44837
21158,cg06521852,44838
21159,cg25404088,44839
21160,cg07141002,44840
21161,cg12598364,44842
21162,cg11368946,44843
21163,cg22975712,44846
21164,cg21402035,44847
21165,cg22031736,44848
21166,cg19070798,44849
21167,cg00565075,44850
21168,cg15853374,44851
21169,cg17601843,44852
21170,cg20982583,44854
21171,cg17567317,44855
21172,cg14127659,44856
21173,cg19257200,44859
21174,cg15780888,44862
21175,cg20439022,44865
21176,cg14014225,44866
21177,cg04280397,44867
21178,cg16070444,44875
21179,cg17603184,44876
21180,cg01346718,44880
21181,cg01441777,44883
21182,cg20674521,44886
21183,cg20074795,44889
21184,cg15641675,44890
21185,cg03640568,44891
21186,cg17380128,44892
21187,cg16959972,44894
21188,cg10423830,44895
21189,cg05845357,44896
21190,cg01206472,44897
21191,cg26380756,44899
21192,cg09964005,44900
21193,cg20652889,44902
21194,cg09783309,44904
21195,cg09299381,44905
21196,cg04134624,44908
21197,cg24649346,44909
21198,cg06229674,44912
21199,cg23124451,44916
21200,cg03804568,44917
21201,cg04419707,44925
21202,cg19713460,44926
21203,cg21053015,44927
21204,cg16442715,44933
21205,cg18399321,44938
21206,cg03972838,44941
21207,cg11826116,44944
21208,cg25556101,44949
21209,cg13785207,44950
21210,cg08245789,44954
21211,cg03840259,44958
21212,cg03954858,44962
21213,cg21771250,44963
21214,cg13430425,44969
21215,cg21422622,44972
21216,cg04316770,44973
21217,cg26608032,44977
21218,cg06594008,44978
21219,cg06264060,44979
21220,cg21342728,44980
21221,cg23013931,44981
21222,cg15275890,44982
21223,cg03614664,44983
21224,cg14789928,44984
21225,cg00500400,44986
21226,cg03427564,44987
21227,cg06235991,44990
21228,cg25094927,44993
21229,cg19961382,44994
21230,cg01849789,44996
21231,cg21712678,44997
21232,cg04137037,44999
21233,cg11777321,45000
21234,cg19448990,45002
21235,cg05593780,45004
21236,cg02738086,45005
21237,cg18174542,45006
21238,cg25447894,45007
21239,cg00256281,45008
21240,cg02169098,45009
21241,cg15801967,45011
21242,cg24823993,45012
21243,cg25937494,45014
21244,cg07746918,45015
21245,cg11932564,45021
21246,cg09869042,45024
21247,cg25459323,45026
21248,cg04283938,45027
21249,cg08431931,45028
21250,cg11851098,45030
21251,cg27187881,45031
21252,cg04733989,45032
21253,cg07811498,45033
21254,cg20641580,45034
21255,cg10840135,45035
21256,cg11221132,45036
21257,cg20051177,45037
21258,cg14532519,45038
21259,cg17568996,45041
21260,cg03855656,45045
21261,cg12078929,45046
21262,cg08157579,45047
21263,cg10864501,45048
21264,cg23325242,45052
21265,cg20727362,45053
21266,cg09744051,45054
21267,cg07393322,45055
21268,cg10648908,45057
21269,cg00079563,45058
21270,cg01557667,45061
21271,cg09047884,45062
21272,cg01892528,45063
21273,cg26453588,45066
21274,cg08954856,45068
21275,cg10432177,45069
21276,cg25018755,45070
21277,cg15820809,45071
21278,cg17179881,45072
21279,cg17846100,45075
21280,cg14078309,45076
21281,cg00343092,45078
21282,cg06405090,45080
21283,cg06110365,45081
21284,cg26219051,45082
21285,cg15612436,45085
21286,cg02261346,45086
21287,cg15819171,45087
21288,cg27501458,45090
21289,cg04755031,45091
21290,cg03118854,45092
21291,cg23653187,45094
21292,cg13184872,45095
21293,cg05709923,45096
21294,cg12712746,45097
21295,cg18883209,45098
21296,cg26861460,45102
21297,cg19863740,45103
21298,cg23240895,45109
21299,cg06849477,45111
21300,cg09954385,45114
21301,cg13757640,45115
21302,cg01775414,45119
21303,cg05064352,45120
21304,cg11221513,45124
21305,cg24104611,45125
21306,cg11529250,45126
21307,cg06575572,45128
21308,cg13438834,45129
21309,cg18180155,45132
21310,cg23503501,45133
21311,cg15143643,45135
21312,cg04337944,45138
21313,cg10226744,45140
21314,cg15507817,45142
21315,cg21104946,45143
21316,cg26394940,45152
21317,cg13269407,45155
21318,cg04329382,45170
21319,cg07546360,45174
21320,cg09829176,45181
21321,cg04280480,45182
21322,cg11377136,45183
21323,cg08315277,45184
21324,cg06041363,45185
21325,cg27118809,45186
21326,cg22396353,45192
21327,cg18954434,45193
21328,cg06268694,45198
21329,cg15879316,45200
21330,cg24041977,45205
21331,cg05698090,45206
21332,cg13346032,45207
21333,cg15149938,45222
21334,cg00209066,45228
21335,cg15316289,45234
21336,cg12932195,45236
21337,cg05861567,45245
21338,cg17169998,45246
21339,cg18638931,45248
21340,cg05070690,45251
21341,cg01606998,45252
21342,cg11896271,45253
21343,cg18205517,45257
21344,cg19890858,45258
21345,cg21028326,45260
21346,cg01120165,45262
21347,cg04586023,45263
21348,cg15134628,45264
21349,cg21974239,45265
21350,cg00164898,45267
21351,cg17122244,45273
21352,cg01513661,45274
21353,cg13686042,45277
21354,cg15764655,45278
21355,cg24867501,45279
21356,cg25152348,45281
21357,cg24856732,45282
21358,cg15018760,45283
21359,cg17285325,45287
21360,cg18533225,45296
21361,cg00983520,45300
21362,cg08890043,45301
21363,cg02756845,45302
21364,cg00083937,45303
21365,cg02181494,45306
21366,cg05615487,45310
21367,cg22122449,45311
