_timestamp,trainer/global_step,_step,lr-AdamW/pg1,lr-AdamW/pg2,_runtime,train/beta_values_mse_loss_step,epoch,train/beta_values_mae_step,train/loss_step,train/beta_values_mse_step,train/beta_values_pcc_step,validation/beta_values_pcc,validation/loss,validation/beta_values_mse,validation/beta_values_mae,validation/beta_values_mse_loss,train/beta_values_mse_loss_epoch,train/loss_epoch,train/beta_values_pcc_epoch,train/beta_values_mse_epoch,train/beta_values_mae_epoch,test/beta_values_pcc,test/beta_values_mse,test/beta_values_mae,test/beta_values_mse_loss,test/loss
1770640741.3617785,9,0,4.4999999999999996e-05,4.4999999999999996e-05,25.916941244,,,,,,,,,,,,,,,,,,,,,
1770640741.5287318,9,1,4.4999999999999996e-05,4.4999999999999996e-05,26.083823374,,,,,,,,,,,,,,,,,,,,,
1770640741.696804,9,2,4.4999999999999996e-05,4.4999999999999996e-05,26.251824806,,,,,,,,,,,,,,,,,,,,,
1770640741.864927,9,3,4.4999999999999996e-05,4.4999999999999996e-05,26.419819227,,,,,,,,,,,,,,,,,,,,,
1770640742.0145578,9,4,,,26.568377879,0.2741909325122833,0.0,0.4330325126647949,0.2741909325122833,0.2741925120353699,0.07487475872039795,,,,,,,,,,,,,,,
1770640748.0270257,19,5,9.5e-05,9.5e-05,32.581881706,,,,,,,,,,,,,,,,,,,,,
1770640748.192825,19,6,9.5e-05,9.5e-05,32.747817344,,,,,,,,,,,,,,,,,,,,,
1770640748.359018,19,7,9.5e-05,9.5e-05,32.913820244,,,,,,,,,,,,,,,,,,,,,
1770640748.52537,19,8,9.5e-05,9.5e-05,33.080814212,,,,,,,,,,,,,,,,,,,,,
1770640748.673916,19,9,,,33.227765579,0.1303035467863083,0.0,0.3073478937149048,0.1303035467863083,0.13030372560024261,0.4572645425796509,,,,,,,,,,,,,,,
1770640754.674463,29,10,0.000145,0.000145,39.228443046,,,,,,,,,,,,,,,,,,,,,
1770640754.8414993,29,11,0.000145,0.000145,39.395411566,,,,,,,,,,,,,,,,,,,,,
1770640755.0088017,29,12,0.000145,0.000145,39.56388638,,,,,,,,,,,,,,,,,,,,,
1770640755.175269,29,13,0.000145,0.000145,39.730836092,,,,,,,,,,,,,,,,,,,,,
1770640755.3239412,29,14,,,39.877811895,0.04886231943964958,0.0,0.17897669970989227,0.04886231943964958,0.048862531781196594,0.7595163583755493,,,,,,,,,,,,,,,
1770640761.3487716,39,15,0.00019500000000000002,0.00019500000000000002,45.902747537,,,,,,,,,,,,,,,,,,,,,
1770640761.5165708,39,16,0.00019500000000000002,0.00019500000000000002,46.071849983,,,,,,,,,,,,,,,,,,,,,
1770640761.6837418,39,17,0.00019500000000000002,0.00019500000000000002,46.238820466,,,,,,,,,,,,,,,,,,,,,
1770640761.851131,39,18,0.00019500000000000002,0.00019500000000000002,46.406822249,,,,,,,,,,,,,,,,,,,,,
1770640762.0000622,39,19,,,46.553932194,0.029218195006251335,0.0,0.12924805283546448,0.029218195006251335,0.029218126088380814,0.8734003305435181,,,,,,,,,,,,,,,
1770640766.473213,42,20,,,51.026967122,,0.0,,,,,0.9258831739425659,0.023321956396102905,0.023321842774748802,0.10195866227149963,0.023321956396102905,,,,,,,,,,
1770640768.1222355,42,21,,,52.676298394,,0.0,,,,,,,,,,0.15790164470672607,0.15790164470672607,,,,,,,,
1770640772.1590376,49,22,0.000245,0.000245,56.713043588,,,,,,,,,,,,,,,,,,,,,
1770640772.3268812,49,23,0.000245,0.000245,56.881889139,,,,,,,,,,,,,,,,,,,,,
1770640772.4943485,49,24,0.000245,0.000245,57.049832133,,,,,,,,,,,,,,,,,,,,,
1770640772.661815,49,25,0.000245,0.000245,57.216819682,,,,,,,,,,,,,,,,,,,,,
1770640772.8104618,49,26,,,57.364276608,0.020428461953997612,1.0,0.1094917505979538,0.020428461953997612,0.020428715273737907,0.9208711385726929,,,,,,,,,,,,,,,
1770640778.8479266,59,27,0.000295,0.000295,63.40288381,,,,,,,,,,,,,,,,,,,,,
1770640779.0153127,59,28,0.000295,0.000295,63.569282113,,,,,,,,,,,,,,,,,,,,,
1770640779.1830018,59,29,0.000295,0.000295,63.739927678,,,,,,,,,,,,,,,,,,,,,
1770640779.3501647,59,30,0.000295,0.000295,63.905842044,,,,,,,,,,,,,,,,,,,,,
1770640779.498175,59,31,,,64.051949753,0.01951037533581257,1.0,0.10339552164077759,0.01951037533581257,0.01951104775071144,0.9177228212356567,,,,,,,,,,,,,,,
1770640785.5553849,69,32,0.000345,0.000345,70.110885957,,,,,,,,,,,,,,,,,,,,,
1770640785.7226434,69,33,0.000345,0.000345,70.277817782,,,,,,,,,,,,,,,,,,,,,
1770640785.8900812,69,34,0.000345,0.000345,70.44582317,,,,,,,,,,,,,,,,,,,,,
1770640786.0573266,69,35,0.000345,0.000345,70.612817098,,,,,,,,,,,,,,,,,,,,,
1770640786.2055075,69,36,,,70.759349215,0.02198903262615204,1.0,0.10556361079216003,0.02198903262615204,0.021988332271575928,0.8984721302986145,,,,,,,,,,,,,,,
1770640792.245794,79,37,0.000395,0.000395,76.800863023,,,,,,,,,,,,,,,,,,,,,
1770640792.4127667,79,38,0.000395,0.000395,76.967820247,,,,,,,,,,,,,,,,,,,,,
1770640792.5776072,79,39,0.000395,0.000395,77.132820019,,,,,,,,,,,,,,,,,,,,,
1770640792.7453053,79,40,0.000395,0.000395,77.299818865,,,,,,,,,,,,,,,,,,,,,
1770640792.893737,79,41,,,77.447598055,0.018519099801778793,1.0,0.09852819889783859,0.018519099801778793,0.018519116565585136,0.9166367650032043,,,,,,,,,,,,,,,
1770640799.2019527,85,42,,,83.755828093,,1.0,,,,,0.9373036623001099,0.015907790511846542,0.01590767316520214,0.07368160784244537,0.015907790511846542,,,,,,,,,,
1770640800.796546,85,43,,,85.350514758,,1.0,,,,,,,,,,0.02218598872423172,0.02218598872423172,0.3463388979434967,0.15790286660194397,0.28980979323387146,,,,,
1770640802.8316119,89,44,0.00044500000000000003,0.00044500000000000003,87.386904098,,,,,,,,,,,,,,,,,,,,,
1770640802.9996734,89,45,0.00044500000000000003,0.00044500000000000003,87.553650194,,,,,,,,,,,,,,,,,,,,,
1770640803.168023,89,46,0.00044500000000000003,0.00044500000000000003,87.721994891,,,,,,,,,,,,,,,,,,,,,
1770640803.335762,89,47,0.00044500000000000003,0.00044500000000000003,87.890903406,,,,,,,,,,,,,,,,,,,,,
1770640803.4847324,89,48,,,88.038602456,0.01774347387254238,2.0,0.09442257136106491,0.01774347387254238,0.017744367942214012,0.9221078753471375,,,,,,,,,,,,,,,
1770640809.5446308,99,49,0.000495,0.000495,94.098681494,,,,,,,,,,,,,,,,,,,,,
1770640809.7119622,99,50,0.000495,0.000495,94.268918104,,,,,,,,,,,,,,,,,,,,,
1770640809.8799274,99,51,0.000495,0.000495,94.434861825,,,,,,,,,,,,,,,,,,,,,
1770640810.0480993,99,52,0.000495,0.000495,94.602821584,,,,,,,,,,,,,,,,,,,,,
1770640810.196578,99,53,,,94.75043179,0.014481151476502419,2.0,0.08876024931669235,0.014481151476502419,0.01448117196559906,0.9377423524856567,,,,,,,,,,,,,,,
1770640816.254314,109,54,0.0004996484375,0.0004996484375,100.809912762,,,,,,,,,,,,,,,,,,,,,
1770640816.4214168,109,55,0.0004996484375,0.0004996484375,100.976827281,,,,,,,,,,,,,,,,,,,,,
1770640816.5892503,109,56,0.0004996484375,0.0004996484375,101.144820731,,,,,,,,,,,,,,,,,,,,,
1770640816.7568557,109,57,0.0004996484375,0.0004996484375,101.311818405,,,,,,,,,,,,,,,,,,,,,
1770640816.9050853,109,58,,,101.458923933,0.017071308568120003,2.0,0.09074938297271729,0.017071308568120003,0.01707080937922001,0.9253275394439697,,,,,,,,,,,,,,,
1770640822.9709547,119,59,0.0004992578125,0.0004992578125,107.524958601,,,,,,,,,,,,,,,,,,,,,
1770640823.138456,119,60,0.0004992578125,0.0004992578125,107.693827526,,,,,,,,,,,,,,,,,,,,,
1770640823.3059182,119,61,0.0004992578125,0.0004992578125,107.860816177,,,,,,,,,,,,,,,,,,,,,
1770640823.4739835,119,62,0.0004992578125,0.0004992578125,108.027810966,,,,,,,,,,,,,,,,,,,,,
1770640823.6222734,119,63,,,108.176114835,0.017083419486880302,2.0,0.08945964276790619,0.017083419486880302,0.01708391308784485,0.9229410886764526,,,,,,,,,,,,,,,
1770640831.9531746,128,64,,,116.507113919,,2.0,,,,,0.9378363490104675,0.015925340354442596,0.015925206243991852,0.07214828580617905,0.015925340354442596,,,,,,,,,,
1770640833.5971203,128,65,,,118.151029355,,2.0,,,,,,,,,,0.018628742545843124,0.018628742545843124,0.9017260074615479,0.02218610979616642,0.10629130154848099,,,,,
1770640833.6230476,129,66,0.0004988671875,0.0004988671875,118.177825122,,,,,,,,,,,,,,,,,,,,,
1770640833.7914426,129,67,0.0004988671875,0.0004988671875,118.34531136,,,,,,,,,,,,,,,,,,,,,
1770640833.9597623,129,68,0.0004988671875,0.0004988671875,118.514818975,,,,,,,,,,,,,,,,,,,,,
1770640834.1239045,129,69,0.0004988671875,0.0004988671875,118.679823805,,,,,,,,,,,,,,,,,,,,,
1770640834.2726917,129,70,,,118.82654136,0.02393520623445511,3.0,0.09879596531391144,0.02393520623445511,0.023934684693813324,0.8938177227973938,,,,,,,,,,,,,,,
1770640840.3482306,139,71,0.0004984765625,0.0004984765625,124.90389328,,,,,,,,,,,,,,,,,,,,,
1770640840.5126078,139,72,0.0004984765625,0.0004984765625,125.067845379,,,,,,,,,,,,,,,,,,,,,
1770640840.6785643,139,73,0.0004984765625,0.0004984765625,125.23386943,,,,,,,,,,,,,,,,,,,,,
1770640840.8440735,139,74,0.0004984765625,0.0004984765625,125.399870236,,,,,,,,,,,,,,,,,,,,,
1770640840.991763,139,75,,,125.545650073,0.02660958282649517,3.0,0.10249409079551697,0.02660958282649517,0.026608414947986603,0.879939079284668,,,,,,,,,,,,,,,
1770640846.9510396,149,76,0.0004980859375,0.0004980859375,131.507023319,,,,,,,,,,,,,,,,,,,,,
1770640847.1178434,149,77,0.0004980859375,0.0004980859375,131.673914523,,,,,,,,,,,,,,,,,,,,,
1770640847.284161,149,78,0.0004980859375,0.0004980859375,131.839901879,,,,,,,,,,,,,,,,,,,,,
1770640847.4482589,149,79,0.0004980859375,0.0004980859375,132.003878354,,,,,,,,,,,,,,,,,,,,,
1770640847.5949247,149,80,,,132.148869526,0.017638258635997772,3.0,0.08795342594385147,0.017638258635997772,0.017637982964515686,0.9211528301239014,,,,,,,,,,,,,,,
1770640853.6416671,159,81,0.0004976953125,0.0004976953125,138.195628043,,,,,,,,,,,,,,,,,,,,,
1770640853.8061614,159,82,0.0004976953125,0.0004976953125,138.361879476,,,,,,,,,,,,,,,,,,,,,
1770640853.9718184,159,83,0.0004976953125,0.0004976953125,138.526864696,,,,,,,,,,,,,,,,,,,,,
1770640854.1366072,159,84,0.0004976953125,0.0004976953125,138.690411936,,,,,,,,,,,,,,,,,,,,,
1770640854.284197,159,85,,,138.838082263,0.027770545333623886,3.0,0.10192951560020447,0.027770545333623886,0.027770766988396645,0.8777819871902466,,,,,,,,,,,,,,,
1770640860.2460997,169,86,0.0004973046875,0.0004973046875,144.800044104,,,,,,,,,,,,,,,,,,,,,
1770640860.4120965,169,87,0.0004973046875,0.0004973046875,144.967899186,,,,,,,,,,,,,,,,,,,,,
1770640860.5774126,169,88,0.0004973046875,0.0004973046875,145.132874822,,,,,,,,,,,,,,,,,,,,,
1770640860.7421143,169,89,0.0004973046875,0.0004973046875,145.297870668,,,,,,,,,,,,,,,,,,,,,
1770640860.8899097,169,90,,,145.443694631,0.022434696555137634,3.0,0.09394299983978271,0.022434696555137634,0.022434651851654053,0.8998153805732727,,,,,,,,,,,,,,,
1770640864.3828344,171,91,,,148.936582825,,3.0,,,,,0.9378147125244141,0.015547806397080421,0.01554775144904852,0.07405824959278107,0.015547806397080421,,,,,,,,,,
1770640866.0007527,171,92,,,150.554779401,,3.0,,,,,,,,,,0.017541084438562393,0.017541084438562393,0.9165279269218445,0.01862882450222969,0.09391319751739502,,,,,
1770640870.7121105,179,93,0.0004969140625,0.0004969140625,155.266139553,,,,,,,,,,,,,,,,,,,,,
1770640870.8779433,179,94,0.0004969140625,0.0004969140625,155.432884517,,,,,,,,,,,,,,,,,,,,,
1770640871.0465512,179,95,0.0004969140625,0.0004969140625,155.601928936,,,,,,,,,,,,,,,,,,,,,
1770640871.212529,179,96,0.0004969140625,0.0004969140625,155.76786176,,,,,,,,,,,,,,,,,,,,,
1770640871.360257,179,97,,,155.914145223,0.01750168576836586,4.0,0.0880766212940216,0.01750168576836586,0.017500296235084534,0.9197076559066772,,,,,,,,,,,,,,,
1770640877.3998342,189,98,0.0004965234375,0.0004965234375,161.955051518,,,,,,,,,,,,,,,,,,,,,
1770640877.5689304,189,99,0.0004965234375,0.0004965234375,162.122810365,,,,,,,,,,,,,,,,,,,,,
1770640877.7356348,189,100,0.0004965234375,0.0004965234375,162.289466566,,,,,,,,,,,,,,,,,,,,,
1770640877.9038386,189,101,0.0004965234375,0.0004965234375,162.457734058,,,,,,,,,,,,,,,,,,,,,
1770640878.0516999,189,102,,,162.605516543,0.01581164076924324,4.0,0.08324168622493744,0.01581164076924324,0.015810856595635414,0.9298573136329651,,,,,,,,,,,,,,,
1770640884.098469,199,103,0.0004961328125,0.0004961328125,168.654003928,,,,,,,,,,,,,,,,,,,,,
1770640884.2670796,199,104,0.0004961328125,0.0004961328125,168.822906543,,,,,,,,,,,,,,,,,,,,,
1770640884.4328558,199,105,0.0004961328125,0.0004961328125,168.988866558,,,,,,,,,,,,,,,,,,,,,
1770640884.6007361,199,106,0.0004961328125,0.0004961328125,169.15585608,,,,,,,,,,,,,,,,,,,,,
1770640884.748477,199,107,,,169.302493485,0.016416363418102264,4.0,0.08468572050333023,0.016416363418102264,0.016417434439063072,0.9283981919288635,,,,,,,,,,,,,,,
1770640890.6882594,209,108,0.0004957421875,0.0004957421875,175.243903118,,,,,,,,,,,,,,,,,,,,,
1770640890.8524666,209,109,0.0004957421875,0.0004957421875,175.407854735,,,,,,,,,,,,,,,,,,,,,
1770640891.0164928,209,110,0.0004957421875,0.0004957421875,175.571850049,,,,,,,,,,,,,,,,,,,,,
1770640891.180698,209,111,0.0004957421875,0.0004957421875,175.735842808,,,,,,,,,,,,,,,,,,,,,
1770640891.3280492,209,112,,,175.881880522,0.020466342568397522,4.0,0.08989319205284119,0.020466342568397522,0.020465396344661713,0.9057399034500122,,,,,,,,,,,,,,,
1770640896.8335705,214,113,,,181.387934756,,4.0,,,,,0.937812089920044,0.015991484746336937,0.015991363674402237,0.07523662596940994,0.015991484746336937,,,,,,,,,,
1770640896.8355596,214,114,,,181.389255911,,4.0,,,,,,,,,,0.016963524743914604,0.016963524743914604,0.9215131998062134,0.01754119247198105,0.08905359357595444,,,,,
1770640899.4808848,219,115,0.0004953515625,0.0004953515625,184.034790107,,,,,,,,,,,,,,,,,,,,,
1770640899.6449144,219,116,0.0004953515625,0.0004953515625,184.200875851,,,,,,,,,,,,,,,,,,,,,
1770640899.8093274,219,117,0.0004953515625,0.0004953515625,184.364846738,,,,,,,,,,,,,,,,,,,,,
1770640899.9735994,219,118,0.0004953515625,0.0004953515625,184.528843863,,,,,,,,,,,,,,,,,,,,,
1770640900.1203463,219,119,,,184.674174876,0.01735858991742134,5.0,0.08542461693286896,0.01735858991742134,0.017357267439365387,0.9219237565994263,,,,,,,,,,,,,,,
1770640906.04351,229,120,0.0004949609375,0.0004949609375,190.598887213,,,,,,,,,,,,,,,,,,,,,
1770640906.207896,229,121,0.0004949609375,0.0004949609375,190.763844922,,,,,,,,,,,,,,,,,,,,,
1770640906.371982,229,122,0.0004949609375,0.0004949609375,190.927842719,,,,,,,,,,,,,,,,,,,,,
1770640906.5363588,229,123,0.0004949609375,0.0004949609375,191.09184334,,,,,,,,,,,,,,,,,,,,,
1770640906.683346,229,124,,,191.237181233,0.015862498432397842,5.0,0.0847066193819046,0.015862498432397842,0.015862375497817993,0.9318951368331909,,,,,,,,,,,,,,,
1770640912.6124096,239,125,0.0004945703125,0.0004945703125,197.166350435,,,,,,,,,,,,,,,,,,,,,
1770640912.7767446,239,126,0.0004945703125,0.0004945703125,197.331865101,,,,,,,,,,,,,,,,,,,,,
1770640912.9413087,239,127,0.0004945703125,0.0004945703125,197.496847708,,,,,,,,,,,,,,,,,,,,,
1770640913.1051085,239,128,0.0004945703125,0.0004945703125,197.660843632,,,,,,,,,,,,,,,,,,,,,
1770640913.252175,239,129,,,197.805957017,0.01852940395474434,5.0,0.08650906383991241,0.01852940395474434,0.018531687557697296,0.9161076545715332,,,,,,,,,,,,,,,
1770640919.1742136,249,130,0.0004941796875,0.0004941796875,203.728094055,,,,,,,,,,,,,,,,,,,,,
1770640919.338514,249,131,0.0004941796875,0.0004941796875,203.892337711,,,,,,,,,,,,,,,,,,,,,
1770640919.5028431,249,132,0.0004941796875,0.0004941796875,204.058867062,,,,,,,,,,,,,,,,,,,,,
1770640919.6675231,249,133,0.0004941796875,0.0004941796875,204.222860943,,,,,,,,,,,,,,,,,,,,,
1770640919.8148742,249,134,,,204.368742812,0.0111809391528368,5.0,0.07506710290908813,0.0111809391528368,0.011180966161191463,0.9525660872459412,,,,,,,,,,,,,,,
1770640927.228097,257,135,,,211.781823293,,5.0,,,,,0.9378511309623718,0.016511470079421997,0.016511403024196625,0.0729421079158783,0.016511470079421997,,,,,,,,,,
1770640927.2295969,257,136,,,211.783329576,,5.0,,,,,,,,,,0.016645118594169617,0.016645118594169617,0.92420893907547,0.016963619738817215,0.08621852099895477,,,,,
1770640927.9061458,259,137,0.0004937890625,0.0004937890625,212.460050988,,,,,,,,,,,,,,,,,,,,,
1770640928.070861,259,138,0.0004937890625,0.0004937890625,212.624682337,,,,,,,,,,,,,,,,,,,,,
1770640928.235134,259,139,0.0004937890625,0.0004937890625,212.790859789,,,,,,,,,,,,,,,,,,,,,
1770640928.3993711,259,140,0.0004937890625,0.0004937890625,212.954841211,,,,,,,,,,,,,,,,,,,,,
1770640928.5464487,259,141,,,213.100294597,0.018663477152585983,6.0,0.08629164844751358,0.018663477152585983,0.018664825707674026,0.9149665832519531,,,,,,,,,,,,,,,
1770640934.4739726,269,142,0.0004933984375,0.0004933984375,219.027908253,,,,,,,,,,,,,,,,,,,,,
1770640934.6386557,269,143,0.0004933984375,0.0004933984375,219.193862629,,,,,,,,,,,,,,,,,,,,,
1770640934.803089,269,144,0.0004933984375,0.0004933984375,219.358844024,,,,,,,,,,,,,,,,,,,,,
1770640934.9671392,269,145,0.0004933984375,0.0004933984375,219.522856162,,,,,,,,,,,,,,,,,,,,,
1770640935.1140285,269,146,,,219.667841075,0.015072443522512913,6.0,0.08228097856044769,0.015072443522512913,0.01507179718464613,0.9346110224723816,,,,,,,,,,,,,,,
1770640941.0395055,279,147,0.0004930078125,0.0004930078125,225.594902991,,,,,,,,,,,,,,,,,,,,,
1770640941.2037742,279,148,0.0004930078125,0.0004930078125,225.758933187,,,,,,,,,,,,,,,,,,,,,
1770640941.3680358,279,149,0.0004930078125,0.0004930078125,225.921879063,,,,,,,,,,,,,,,,,,,,,
1770640941.5323584,279,150,0.0004930078125,0.0004930078125,226.087871497,,,,,,,,,,,,,,,,,,,,,
1770640941.679345,279,151,,,226.233188899,0.01228504627943039,6.0,0.07680625468492508,0.01228504627943039,0.012285133823752403,0.9475510716438293,,,,,,,,,,,,,,,
1770640947.6044986,289,152,0.0004926171875,0.0004926171875,232.159877354,,,,,,,,,,,,,,,,,,,,,
1770640947.7688022,289,153,0.0004926171875,0.0004926171875,232.324849165,,,,,,,,,,,,,,,,,,,,,
1770640947.9334779,289,154,0.0004926171875,0.0004926171875,232.48883924,,,,,,,,,,,,,,,,,,,,,
1770640948.097667,289,155,0.0004926171875,0.0004926171875,232.651836183,,,,,,,,,,,,,,,,,,,,,
1770640948.244321,289,156,,,232.798170513,0.017092524096369743,6.0,0.08604047447443008,0.017092524096369743,0.0170935969799757,0.9252767562866211,,,,,,,,,,,,,,,
1770640954.1677673,299,157,0.0004922265625,0.0004922265625,238.721698219,,,,,,,,,,,,,,,,,,,,,
1770640954.332312,299,158,0.0004922265625,0.0004922265625,238.887864925,,,,,,,,,,,,,,,,,,,,,
1770640954.4967332,299,159,0.0004922265625,0.0004922265625,239.051847108,,,,,,,,,,,,,,,,,,,,,
1770640954.6609428,299,160,0.0004922265625,0.0004922265625,239.216838678,,,,,,,,,,,,,,,,,,,,,
1770640954.8081827,299,161,,,239.362006465,0.015390902757644653,6.0,0.08254574984312057,0.015390902757644653,0.015390954911708832,0.9315207004547119,,,,,,,,,,,,,,,
1770640957.630186,300,162,,,242.183933961,,6.0,,,,,0.938296377658844,0.01577206514775753,0.01577192358672619,0.08038132637739182,0.01577206514775753,,,,,,,,,,
1770640959.143524,300,163,,,243.697526632,,6.0,,,,,,,,,,0.016368232667446136,0.016368232667446136,0.9256934523582458,0.01664518192410469,0.08444663882255554,,,,,
1770640964.5639966,309,164,0.0004918359375,0.0004918359375,249.119024189,,,,,,,,,,,,,,,,,,,,,
1770640964.7341113,309,165,0.0004918359375,0.0004918359375,249.287988707,,,,,,,,,,,,,,,,,,,,,
1770640964.902252,309,166,0.0004918359375,0.0004918359375,249.45611072,,,,,,,,,,,,,,,,,,,,,
1770640965.0720477,309,167,0.0004918359375,0.0004918359375,249.625936133,,,,,,,,,,,,,,,,,,,,,
1770640965.2202044,309,168,,,249.77415233,0.02078094892203808,7.0,0.08946159482002258,0.02078094892203808,0.02078120969235897,0.905458927154541,,,,,,,,,,,,,,,
1770640971.3098004,319,169,0.0004914453125,0.0004914453125,255.865014646,,,,,,,,,,,,,,,,,,,,,
1770640971.480114,319,170,0.0004914453125,0.0004914453125,256.033996321,,,,,,,,,,,,,,,,,,,,,
1770640971.6491568,319,171,0.0004914453125,0.0004914453125,256.203993681,,,,,,,,,,,,,,,,,,,,,
1770640971.8190954,319,172,0.0004914453125,0.0004914453125,256.374899597,,,,,,,,,,,,,,,,,,,,,
1770640971.967077,319,173,,,256.52102333,0.019079649820923805,7.0,0.08703471720218658,0.019079649820923805,0.01908140629529953,0.9115092754364014,,,,,,,,,,,,,,,
1770640978.0509183,329,174,0.0004910546875,0.0004910546875,262.60493892,,,,,,,,,,,,,,,,,,,,,
1770640978.2165284,329,175,0.0004910546875,0.0004910546875,262.771895672,,,,,,,,,,,,,,,,,,,,,
1770640978.3868055,329,176,0.0004910546875,0.0004910546875,262.940688733,,,,,,,,,,,,,,,,,,,,,
1770640978.5567312,329,177,0.0004910546875,0.0004910546875,263.111884034,,,,,,,,,,,,,,,,,,,,,
1770640978.704565,329,178,,,263.258507588,0.010250546969473362,7.0,0.07132131606340408,0.010250546969473362,0.010250631719827652,0.955666720867157,,,,,,,,,,,,,,,
1770640984.790939,339,179,0.0004906640625,0.0004906640625,269.346890219,,,,,,,,,,,,,,,,,,,,,
1770640984.9601078,339,180,0.0004906640625,0.0004906640625,269.513982705,,,,,,,,,,,,,,,,,,,,,
1770640985.1291804,339,181,0.0004906640625,0.0004906640625,269.684856622,,,,,,,,,,,,,,,,,,,,,
1770640985.2941632,339,182,0.0004906640625,0.0004906640625,269.849848533,,,,,,,,,,,,,,,,,,,,,
1770640985.4417908,339,183,,,269.995818926,0.014307329431176186,7.0,0.08001037687063217,0.014307329431176186,0.014308159239590168,0.9379191994667053,,,,,,,,,,,,,,,
1770640990.377853,343,184,,,274.931699421,,7.0,,,,,0.9382660984992981,0.016884325072169304,0.01688426546752453,0.07568079978227615,0.016884325072169304,,,,,,,,,,
1770640990.3795316,343,185,,,274.933199775,,7.0,,,,,,,,,,0.01609310694038868,0.01609310694038868,0.9269481301307678,0.016368351876735687,0.08318598568439484,,,,,
1770640993.7699168,349,186,0.0004902734375,0.0004902734375,278.324908519,,,,,,,,,,,,,,,,,,,,,
1770640993.9395902,349,187,0.0004902734375,0.0004902734375,278.494904447,,,,,,,,,,,,,,,,,,,,,
1770640994.109607,349,188,0.0004902734375,0.0004902734375,278.664872303,,,,,,,,,,,,,,,,,,,,,
1770640994.2787864,349,189,0.0004902734375,0.0004902734375,278.833877383,,,,,,,,,,,,,,,,,,,,,
1770640994.4269307,349,190,,,278.980758665,0.012966189533472061,8.0,0.07870492339134216,0.012966189533472061,0.012966320849955082,0.9462625980377197,,,,,,,,,,,,,,,
1770641000.5355022,359,191,0.0004898828125,0.0004898828125,285.090883831,,,,,,,,,,,,,,,,,,,,,
1770641000.7041478,359,192,0.0004898828125,0.0004898828125,285.259869061,,,,,,,,,,,,,,,,,,,,,
1770641000.8726344,359,193,0.0004898828125,0.0004898828125,285.427876912,,,,,,,,,,,,,,,,,,,,,
1770641001.0422568,359,194,0.0004898828125,0.0004898828125,285.597875605,,,,,,,,,,,,,,,,,,,,,
1770641001.1900544,359,195,,,285.743967941,0.013428895734250546,8.0,0.07734912633895874,0.013428895734250546,0.013428152538836002,0.9419496655464172,,,,,,,,,,,,,,,
1770641007.2924259,369,196,0.0004894921875,0.0004894921875,291.84801145,,,,,,,,,,,,,,,,,,,,,
1770641007.4648395,369,197,0.0004894921875,0.0004894921875,292.019903647,,,,,,,,,,,,,,,,,,,,,
1770641007.634123,369,198,0.0004894921875,0.0004894921875,292.188901496,,,,,,,,,,,,,,,,,,,,,
1770641007.8035877,369,199,0.0004894921875,0.0004894921875,292.358871085,,,,,,,,,,,,,,,,,,,,,
1770641007.9515448,369,200,,,292.505420187,0.01570446789264679,8.0,0.07955987006425858,0.01570446789264679,0.015704404562711716,0.9281280040740967,,,,,,,,,,,,,,,
1770641014.0469832,379,201,0.0004891015625,0.0004891015625,298.60090627,,,,,,,,,,,,,,,,,,,,,
1770641014.2152169,379,202,0.0004891015625,0.0004891015625,298.770910471,,,,,,,,,,,,,,,,,,,,,
1770641014.384519,379,203,0.0004891015625,0.0004891015625,298.939856502,,,,,,,,,,,,,,,,,,,,,
1770641014.5535123,379,204,0.0004891015625,0.0004891015625,299.108858527,,,,,,,,,,,,,,,,,,,,,
1770641014.701067,379,205,,,299.255051584,0.02073540724813938,8.0,0.08625099807977676,0.02073540724813938,0.020734090358018875,0.908927321434021,,,,,,,,,,,,,,,
1770641021.682288,386,206,,,306.236107098,,8.0,,,,,0.9378751516342163,0.01581439934670925,0.01581430435180664,0.07187391072511673,0.01581439934670925,,,,,,,,,,
1770641023.2907,386,207,,,307.844749439,,8.0,,,,,,,,,,0.01584066078066826,0.01584066078066826,0.9281996488571167,0.016093196347355843,0.0817386731505394,,,,,
1770641024.6689012,389,208,0.0004887109375,0.0004887109375,309.225009914,,,,,,,,,,,,,,,,,,,,,
1770641024.84129,389,209,0.0004887109375,0.0004887109375,309.396888591,,,,,,,,,,,,,,,,,,,,,
1770641025.0095844,389,210,0.0004887109375,0.0004887109375,309.563424621,,,,,,,,,,,,,,,,,,,,,
1770641025.179743,389,211,0.0004887109375,0.0004887109375,309.734846412,,,,,,,,,,,,,,,,,,,,,
1770641025.3277059,389,212,,,309.881709917,0.023542022332549095,9.0,0.09157131612300873,0.023542022332549095,0.02354205586016178,0.8940173387527466,,,,,,,,,,,,,,,
1770641031.4344475,399,213,0.0004883203125,0.0004883203125,315.989886735,,,,,,,,,,,,,,,,,,,,,
1770641031.6045961,399,214,0.0004883203125,0.0004883203125,316.159898407,,,,,,,,,,,,,,,,,,,,,
1770641031.7751613,399,215,0.0004883203125,0.0004883203125,316.330878765,,,,,,,,,,,,,,,,,,,,,
1770641031.943337,399,216,0.0004883203125,0.0004883203125,316.49888278,,,,,,,,,,,,,,,,,,,,,
1770641032.0911942,399,217,,,316.645127445,0.01361681055277586,9.0,0.0764845460653305,0.01361681055277586,0.013616027310490608,0.9408338665962219,,,,,,,,,,,,,,,
1770641038.187108,409,218,0.0004879296875,0.0004879296875,322.743006383,,,,,,,,,,,,,,,,,,,,,
1770641038.358947,409,219,0.0004879296875,0.0004879296875,322.913903355,,,,,,,,,,,,,,,,,,,,,
1770641038.5292237,409,220,0.0004879296875,0.0004879296875,323.083872883,,,,,,,,,,,,,,,,,,,,,
1770641038.698433,409,221,0.0004879296875,0.0004879296875,323.253896974,,,,,,,,,,,,,,,,,,,,,
1770641038.8463502,409,222,,,323.400278465,0.01246879156678915,9.0,0.07598800212144852,0.01246879156678915,0.012467960827052593,0.9473153948783875,,,,,,,,,,,,,,,
1770641044.950649,419,223,0.0004875390625,0.0004875390625,329.505902598,,,,,,,,,,,,,,,,,,,,,
1770641045.1211224,419,224,0.0004875390625,0.0004875390625,329.676868273,,,,,,,,,,,,,,,,,,,,,
1770641045.2908025,419,225,0.0004875390625,0.0004875390625,329.844662904,,,,,,,,,,,,,,,,,,,,,
1770641045.4786043,419,226,0.0004875390625,0.0004875390625,330.033837787,,,,,,,,,,,,,,,,,,,,,
1770641045.6265054,419,227,,,330.180418186,0.013760657049715519,9.0,0.07638601958751678,0.013760657049715519,0.01375983003526926,0.9402554631233215,,,,,,,,,,,,,,,
1770641051.728158,429,228,0.0004871484375,0.0004871484375,336.283905629,,,,,,,,,,,,,,,,,,,,,
1770641051.8965304,429,229,0.0004871484375,0.0004871484375,336.451876175,,,,,,,,,,,,,,,,,,,,,
1770641052.0660799,429,230,0.0004871484375,0.0004871484375,336.621869319,,,,,,,,,,,,,,,,,,,,,
1770641052.219639,429,231,0.0004871484375,0.0004871484375,336.775871359,,,,,,,,,,,,,,,,,,,,,
1770641052.2794256,429,232,,,336.833324455,0.011972589418292046,9.0,0.07319099456071854,0.011972589418292046,0.011972392909228802,0.9473696351051331,,,,,,,,,,,,,,,
1770641054.6376514,429,233,,,339.191397435,,9.0,,,,,0.9378965497016907,0.017293157055974007,0.017293086275458336,0.08571141213178635,0.017293157055974007,,,,,,,,,,
1770641054.639145,429,234,,,339.192822596,,9.0,,,,,,,,,,0.015682652592658997,0.015682652592658997,0.9293440580368042,0.015840766951441765,0.08016723394393921,,,,,
1770641060.733814,439,235,0.0004867578125,0.0004867578125,345.288887207,,,,,,,,,,,,,,,,,,,,,
1770641060.9013782,439,236,0.0004867578125,0.0004867578125,345.456863101,,,,,,,,,,,,,,,,,,,,,
1770641061.069561,439,237,0.0004867578125,0.0004867578125,345.624888899,,,,,,,,,,,,,,,,,,,,,
1770641061.2379084,439,238,0.0004867578125,0.0004867578125,345.792858964,,,,,,,,,,,,,,,,,,,,,
1770641061.385553,439,239,,,345.939454416,0.01662704534828663,10.0,0.0789298415184021,0.01662704534828663,0.016626516357064247,0.9262118935585022,,,,,,,,,,,,,,,
1770641067.4437323,449,240,0.00048636718750000004,0.00048636718750000004,351.99902539,,,,,,,,,,,,,,,,,,,,,
1770641067.6139987,449,241,0.00048636718750000004,0.00048636718750000004,352.168896571,,,,,,,,,,,,,,,,,,,,,
1770641067.7823114,449,242,0.00048636718750000004,0.00048636718750000004,352.336200755,,,,,,,,,,,,,,,,,,,,,
1770641067.9507678,449,243,0.00048636718750000004,0.00048636718750000004,352.50588142,,,,,,,,,,,,,,,,,,,,,
1770641068.098477,449,244,,,352.65235614,0.016666239127516747,10.0,0.0795840322971344,0.016666239127516747,0.016666455194354057,0.924476146697998,,,,,,,,,,,,,,,
1770641074.1546416,459,245,0.00048597656249999997,0.00048597656249999997,358.710020159,,,,,,,,,,,,,,,,,,,,,
1770641074.324312,459,246,0.00048597656249999997,0.00048597656249999997,358.879908806,,,,,,,,,,,,,,,,,,,,,
1770641074.492402,459,247,0.00048597656249999997,0.00048597656249999997,359.047870168,,,,,,,,,,,,,,,,,,,,,
1770641074.6907892,459,248,0.00048597656249999997,0.00048597656249999997,359.245935247,,,,,,,,,,,,,,,,,,,,,
1770641074.8386374,459,249,,,359.392574174,0.012920533306896687,10.0,0.0744149312376976,0.012920533306896687,0.012920946814119816,0.9446502923965454,,,,,,,,,,,,,,,
1770641080.893562,469,250,0.0004855859375,0.0004855859375,365.448902336,,,,,,,,,,,,,,,,,,,,,
1770641081.0624535,469,251,0.0004855859375,0.0004855859375,365.616451819,,,,,,,,,,,,,,,,,,,,,
1770641081.2302547,469,252,0.0004855859375,0.0004855859375,365.784131878,,,,,,,,,,,,,,,,,,,,,
1770641081.3981512,469,253,0.0004855859375,0.0004855859375,365.95204055,,,,,,,,,,,,,,,,,,,,,
1770641081.5459805,469,254,,,366.099863547,0.013323725201189518,10.0,0.07407201826572418,0.013323725201189518,0.01332353986799717,0.9425365924835205,,,,,,,,,,,,,,,
1770641085.8029745,472,255,,,370.356878477,,10.0,,,,,0.9377198815345764,0.016348673030734062,0.01634860411286354,0.07623271644115448,0.016348673030734062,,,,,,,,,,
1770641085.8048024,472,256,,,370.358510509,,10.0,,,,,,,,,,0.015590721741318703,0.015590721741318703,0.9300592541694641,0.015682736411690712,0.07962633669376373,,,,,
1770641089.8519394,479,257,0.0004851953125,0.0004851953125,374.408012126,,,,,,,,,,,,,,,,,,,,,
1770641090.0225248,479,258,0.0004851953125,0.0004851953125,374.576387971,,,,,,,,,,,,,,,,,,,,,
1770641090.1899898,479,259,0.0004851953125,0.0004851953125,374.745890838,,,,,,,,,,,,,,,,,,,,,
1770641090.3579876,479,260,0.0004851953125,0.0004851953125,374.91388522,,,,,,,,,,,,,,,,,,,,,
1770641090.5055413,479,261,,,375.059377404,0.011071562767028809,11.0,0.07493353635072708,0.011071562767028809,0.011071623302996159,0.9560113549232483,,,,,,,,,,,,,,,
1770641096.5520663,489,262,0.0004848046875,0.0004848046875,381.10791393,,,,,,,,,,,,,,,,,,,,,
1770641096.7172325,489,263,0.0004848046875,0.0004848046875,381.272848143,,,,,,,,,,,,,,,,,,,,,
1770641096.8816,489,264,0.0004848046875,0.0004848046875,381.436849666,,,,,,,,,,,,,,,,,,,,,
1770641097.0463398,489,265,0.0004848046875,0.0004848046875,381.601842448,,,,,,,,,,,,,,,,,,,,,
1770641097.1933317,489,266,,,381.747171797,0.011254736222326756,11.0,0.07341966032981873,0.011254736222326756,0.011254748329520226,0.9525986909866333,,,,,,,,,,,,,,,
1770641103.1313088,499,267,0.00048441406250000004,0.00048441406250000004,387.685258736,,,,,,,,,,,,,,,,,,,,,
1770641103.2958221,499,268,0.00048441406250000004,0.00048441406250000004,387.851853905,,,,,,,,,,,,,,,,,,,,,
1770641103.4602883,499,269,0.00048441406250000004,0.00048441406250000004,388.015840825,,,,,,,,,,,,,,,,,,,,,
1770641103.624854,499,270,0.00048441406250000004,0.00048441406250000004,388.180840327,,,,,,,,,,,,,,,,,,,,,
1770641103.7720315,499,271,,,388.32585246,0.015646565705537796,11.0,0.07846967875957489,0.015646565705537796,0.015646303072571754,0.9322737455368042,,,,,,,,,,,,,,,
1770641109.7077305,509,272,0.00048402343749999997,0.00048402343749999997,394.261625342,,,,,,,,,,,,,,,,,,,,,
1770641109.8728335,509,273,0.00048402343749999997,0.00048402343749999997,394.4288587,,,,,,,,,,,,,,,,,,,,,
1770641110.0373266,509,274,0.00048402343749999997,0.00048402343749999997,394.592841134,,,,,,,,,,,,,,,,,,,,,
1770641110.2014601,509,275,0.00048402343749999997,0.00048402343749999997,394.756845,,,,,,,,,,,,,,,,,,,,,
1770641110.3483455,509,276,,,394.90214835,0.014212824404239655,11.0,0.07450319081544876,0.014212824404239655,0.01421261951327324,0.9386351704597473,,,,,,,,,,,,,,,
1770641116.6639218,515,277,,,401.21773098,,11.0,,,,,0.9382534027099609,0.0158054418861866,0.0158053170889616,0.07800880819559097,0.0158054418861866,,,,,,,,,,
1770641118.439955,515,278,,,402.994046189,,11.0,,,,,,,,,,0.015628233551979065,0.015628233551979065,0.9305142760276794,0.015590805560350418,0.07873403280973434,,,,,
1770641120.492783,519,279,0.0004836328125,0.0004836328125,405.048854911,,,,,,,,,,,,,,,,,,,,,
1770641120.6572526,519,280,0.0004836328125,0.0004836328125,405.212842903,,,,,,,,,,,,,,,,,,,,,
1770641120.821356,519,281,0.0004836328125,0.0004836328125,405.376836404,,,,,,,,,,,,,,,,,,,,,
1770641120.985653,519,282,0.0004836328125,0.0004836328125,405.540839849,,,,,,,,,,,,,,,,,,,,,
1770641121.1324496,519,283,,,405.686281588,0.018822237849235535,12.0,0.08154228329658508,0.018822237849235535,0.018822580575942993,0.9158177375793457,,,,,,,,,,,,,,,
1770641127.059687,529,284,0.0004832421875,0.0004832421875,411.614896986,,,,,,,,,,,,,,,,,,,,,
1770641127.2238567,529,285,0.0004832421875,0.0004832421875,411.77984498,,,,,,,,,,,,,,,,,,,,,
1770641127.38828,529,286,0.0004832421875,0.0004832421875,411.943841325,,,,,,,,,,,,,,,,,,,,,
1770641127.5527213,529,287,0.0004832421875,0.0004832421875,412.107836829,,,,,,,,,,,,,,,,,,,,,
1770641127.699672,529,288,,,412.253535944,0.0183098167181015,12.0,0.08403357118368149,0.0183098167181015,0.018310533836483955,0.91738361120224,,,,,,,,,,,,,,,
1770641133.6248531,539,289,0.0004828515625,0.0004828515625,418.178787358,,,,,,,,,,,,,,,,,,,,,
1770641133.7893107,539,290,0.0004828515625,0.0004828515625,418.343105907,,,,,,,,,,,,,,,,,,,,,
1770641133.954032,539,291,0.0004828515625,0.0004828515625,418.509855868,,,,,,,,,,,,,,,,,,,,,
1770641134.1184745,539,292,0.0004828515625,0.0004828515625,418.673874236,,,,,,,,,,,,,,,,,,,,,
1770641134.2654305,539,293,,,418.819200902,0.018312392756342888,12.0,0.08413087576627731,0.018312392756342888,0.01831231079995632,0.9196135401725769,,,,,,,,,,,,,,,
1770641140.1884952,549,294,0.00048246093750000003,0.00048246093750000003,424.742420333,,,,,,,,,,,,,,,,,,,,,
1770641140.3528202,549,295,0.00048246093750000003,0.00048246093750000003,424.90886061,,,,,,,,,,,,,,,,,,,,,
1770641140.5171874,549,296,0.00048246093750000003,0.00048246093750000003,425.072851456,,,,,,,,,,,,,,,,,,,,,
1770641140.6818924,549,297,0.00048246093750000003,0.00048246093750000003,425.236841902,,,,,,,,,,,,,,,,,,,,,
1770641140.8285275,549,298,,,425.382317521,0.015473409555852413,12.0,0.07624892890453339,0.015473409555852413,0.01547343097627163,0.9312562346458435,,,,,,,,,,,,,,,
1770641148.8927388,558,299,,,433.446475884,,12.0,,,,,0.9381066560745239,0.015572276897728443,0.01557218562811613,0.07829038053750992,0.015572276897728443,,,,,,,,,,
1770641150.7737904,558,300,,,435.327854378,,12.0,,,,,,,,,,0.01542965229600668,0.01542965229600668,0.9303398132324219,0.015628330409526825,0.07898934930562973,,,,,
1770641150.802575,559,301,0.0004820703125,0.0004820703125,435.356380315,,,,,,,,,,,,,,,,,,,,,
1770641150.9675024,559,302,0.0004820703125,0.0004820703125,435.521311745,,,,,,,,,,,,,,,,,,,,,
1770641151.1320727,559,303,0.0004820703125,0.0004820703125,435.687844149,,,,,,,,,,,,,,,,,,,,,
1770641151.2971177,559,304,0.0004820703125,0.0004820703125,435.851849828,,,,,,,,,,,,,,,,,,,,,
1770641151.4442148,559,305,,,435.997964728,0.01726209931075573,13.0,0.08307262510061264,0.01726209931075573,0.017261222004890442,0.9251883625984192,,,,,,,,,,,,,,,
1770641157.3675992,569,306,0.0004816796875,0.0004816796875,441.921549087,,,,,,,,,,,,,,,,,,,,,
1770641157.5317655,569,307,0.0004816796875,0.0004816796875,442.085595147,,,,,,,,,,,,,,,,,,,,,
1770641157.6960716,569,308,0.0004816796875,0.0004816796875,442.251862383,,,,,,,,,,,,,,,,,,,,,
1770641157.860424,569,309,0.0004816796875,0.0004816796875,442.415841622,,,,,,,,,,,,,,,,,,,,,
1770641158.0071955,569,310,,,442.560966044,0.013845033943653107,13.0,0.07877969741821289,0.013845033943653107,0.013845780864357948,0.9420661926269531,,,,,,,,,,,,,,,
1770641163.9318385,579,311,0.0004812890625,0.0004812890625,448.487925754,,,,,,,,,,,,,,,,,,,,,
1770641164.0957937,579,312,0.0004812890625,0.0004812890625,448.651841919,,,,,,,,,,,,,,,,,,,,,
1770641164.2598777,579,313,0.0004812890625,0.0004812890625,448.815838764,,,,,,,,,,,,,,,,,,,,,
1770641164.4241598,579,314,0.0004812890625,0.0004812890625,448.979834718,,,,,,,,,,,,,,,,,,,,,
1770641164.5711248,579,315,,,449.124948394,0.016052236780524254,13.0,0.07893605530261993,0.016052236780524254,0.01605304516851902,0.928553581237793,,,,,,,,,,,,,,,
1770641170.4948149,589,316,0.0004808984375,0.0004808984375,455.050889664,,,,,,,,,,,,,,,,,,,,,
1770641170.658815,589,317,0.0004808984375,0.0004808984375,455.214840651,,,,,,,,,,,,,,,,,,,,,
1770641170.82306,589,318,0.0004808984375,0.0004808984375,455.378838377,,,,,,,,,,,,,,,,,,,,,
1770641170.987093,589,319,0.0004808984375,0.0004808984375,455.542835053,,,,,,,,,,,,,,,,,,,,,
1770641171.1340935,589,320,,,455.687910911,0.012536021880805492,13.0,0.07299553602933884,0.012536021880805492,0.012536312453448772,0.9457666873931885,,,,,,,,,,,,,,,
1770641177.0585737,599,321,0.00048050781250000003,0.00048050781250000003,461.61252679,,,,,,,,,,,,,,,,,,,,,
1770641177.222837,599,322,0.00048050781250000003,0.00048050781250000003,461.776671248,,,,,,,,,,,,,,,,,,,,,
1770641177.3870313,599,323,0.00048050781250000003,0.00048050781250000003,461.940855585,,,,,,,,,,,,,,,,,,,,,
1770641177.5515814,599,324,0.00048050781250000003,0.00048050781250000003,462.106861388,,,,,,,,,,,,,,,,,,,,,
1770641177.6986701,599,325,,,462.252525371,0.015059887431561947,13.0,0.07744495570659637,0.015059887431561947,0.015059794299304485,0.9320323467254639,,,,,,,,,,,,,,,
1770641181.1777105,601,326,,,465.731537626,,13.0,,,,,0.9383480548858643,0.016400177031755447,0.016400054097175598,0.07659801840782166,0.016400177031755447,,,,,,,,,,
1770641181.1792064,601,327,,,465.732903508,,13.0,,,,,,,,,,0.015426164492964745,0.015426164492964745,0.9312003254890442,0.015429750084877014,0.07775149494409561,,,,,
1770641185.7953334,609,328,0.0004801171875,0.0004801171875,470.34926995,,,,,,,,,,,,,,,,,,,,,
1770641185.9598048,609,329,0.0004801171875,0.0004801171875,470.515860693,,,,,,,,,,,,,,,,,,,,,
1770641186.1239023,609,330,0.0004801171875,0.0004801171875,470.679837788,,,,,,,,,,,,,,,,,,,,,
1770641186.2884357,609,331,0.0004801171875,0.0004801171875,470.843855856,,,,,,,,,,,,,,,,,,,,,
1770641186.435391,609,332,,,470.989256603,0.015343193896114826,14.0,0.0762806087732315,0.015343193896114826,0.015343992039561272,0.931983470916748,,,,,,,,,,,,,,,
1770641192.6123552,619,333,0.0004797265625,0.0004797265625,477.166298251,,,,,,,,,,,,,,,,,,,,,
1770641192.777381,619,334,0.0004797265625,0.0004797265625,477.331215319,,,,,,,,,,,,,,,,,,,,,
1770641192.9418433,619,335,0.0004797265625,0.0004797265625,477.497866191,,,,,,,,,,,,,,,,,,,,,
1770641193.1060517,619,336,0.0004797265625,0.0004797265625,477.66183876,,,,,,,,,,,,,,,,,,,,,
1770641193.2528663,619,337,,,477.80669561,0.017557552084326744,14.0,0.07857131958007812,0.017557552084326744,0.017558645457029343,0.9215224385261536,,,,,,,,,,,,,,,
1770641199.1942694,629,338,0.0004793359375,0.0004793359375,483.749868689,,,,,,,,,,,,,,,,,,,,,
1770641199.3584177,629,339,0.0004793359375,0.0004793359375,483.913853145,,,,,,,,,,,,,,,,,,,,,
1770641199.522656,629,340,0.0004793359375,0.0004793359375,484.077837572,,,,,,,,,,,,,,,,,,,,,
1770641199.6870325,629,341,0.0004793359375,0.0004793359375,484.242850734,,,,,,,,,,,,,,,,,,,,,
1770641199.8337774,629,342,,,484.387589287,0.01403843890875578,14.0,0.07616007328033447,0.01403843890875578,0.014038008637726307,0.9383648633956909,,,,,,,,,,,,,,,
1770641205.772389,639,343,0.0004789453125,0.0004789453125,490.327880305,,,,,,,,,,,,,,,,,,,,,
1770641205.9373128,639,344,0.0004789453125,0.0004789453125,490.491083178,,,,,,,,,,,,,,,,,,,,,
1770641206.101767,639,345,0.0004789453125,0.0004789453125,490.656837353,,,,,,,,,,,,,,,,,,,,,
1770641206.266249,639,346,0.0004789453125,0.0004789453125,490.821838398,,,,,,,,,,,,,,,,,,,,,
1770641206.413417,639,347,,,490.967291383,0.012124569155275822,14.0,0.07059746980667114,0.012124569155275822,0.012123854830861092,0.9473809599876404,,,,,,,,,,,,,,,
1770641211.8775215,644,348,,,496.431288638,,14.0,,,,,0.9382955431938171,0.015085999853909016,0.015085922554135323,0.07377848029136658,0.015085999853909016,,,,,,,,,,
1770641213.7884915,644,349,,,498.342568094,,14.0,,,,,,,,,,0.015234014019370079,0.015234014019370079,0.9313058853149414,0.01542624644935131,0.07775397598743439,,,,,
1770641216.445743,649,350,0.00047855468750000003,0.00047855468750000003,500.999693253,,,,,,,,,,,,,,,,,,,,,
1770641216.6103544,649,351,0.00047855468750000003,0.00047855468750000003,501.165866809,,,,,,,,,,,,,,,,,,,,,
1770641216.7753036,649,352,0.00047855468750000003,0.00047855468750000003,501.330842745,,,,,,,,,,,,,,,,,,,,,
1770641216.940082,649,353,0.00047855468750000003,0.00047855468750000003,501.495855407,,,,,,,,,,,,,,,,,,,,,
1770641217.086908,649,354,,,501.64066806,0.013597912155091763,15.0,0.07303548604249954,0.013597912155091763,0.013597115874290466,0.9393526911735535,,,,,,,,,,,,,,,
1770641223.0226712,659,355,0.0004781640625,0.0004781640625,507.576619198,,,,,,,,,,,,,,,,,,,,,
1770641223.1874857,659,356,0.0004781640625,0.0004781640625,507.742868247,,,,,,,,,,,,,,,,,,,,,
1770641223.351784,659,357,0.0004781640625,0.0004781640625,507.907857884,,,,,,,,,,,,,,,,,,,,,
1770641223.51594,659,358,0.0004781640625,0.0004781640625,508.071845716,,,,,,,,,,,,,,,,,,,,,
1770641223.662689,659,359,,,508.216463166,0.018886271864175797,15.0,0.0828239843249321,0.018886271864175797,0.018887300044298172,0.9169946908950806,,,,,,,,,,,,,,,
1770641229.5989738,669,360,0.0004777734375,0.0004777734375,514.152886203,,,,,,,,,,,,,,,,,,,,,
1770641229.7639217,669,361,0.0004777734375,0.0004777734375,514.31778213,,,,,,,,,,,,,,,,,,,,,
1770641229.928304,669,362,0.0004777734375,0.0004777734375,514.482124624,,,,,,,,,,,,,,,,,,,,,
1770641230.0926034,669,363,0.0004777734375,0.0004777734375,514.64642146,,,,,,,,,,,,,,,,,,,,,
1770641230.239595,669,364,,,514.793360469,0.015112725086510181,15.0,0.07881710678339005,0.015112725086510181,0.015112748369574547,0.9360751509666443,,,,,,,,,,,,,,,
1770641236.1698225,679,365,0.0004773828125,0.0004773828125,520.723788739,,,,,,,,,,,,,,,,,,,,,
1770641236.3342266,679,366,0.0004773828125,0.0004773828125,520.889902395,,,,,,,,,,,,,,,,,,,,,
1770641236.498565,679,367,0.0004773828125,0.0004773828125,521.053823386,,,,,,,,,,,,,,,,,,,,,
1770641236.6626801,679,368,0.0004773828125,0.0004773828125,521.217825069,,,,,,,,,,,,,,,,,,,,,
1770641236.8094919,679,369,,,521.363413939,0.016351928934454918,15.0,0.08180613070726395,0.016351928934454918,0.01635362021625042,0.9291554689407349,,,,,,,,,,,,,,,
1770641244.2497404,687,370,,,528.80350885,,15.0,,,,,0.9379759430885315,0.016537904739379883,0.01653781346976757,0.07599083334207535,0.016537904739379883,,,,,,,,,,
1770641244.2512584,687,371,,,528.804927161,,15.0,,,,,,,,,,0.015384498052299023,0.015384498052299023,0.9322113990783691,0.01523409690707922,0.07671079784631729,,,,,
1770641244.9295986,689,372,0.0004769921875,0.0004769921875,529.483516219,,,,,,,,,,,,,,,,,,,,,
1770641245.0947282,689,373,0.0004769921875,0.0004769921875,529.650867825,,,,,,,,,,,,,,,,,,,,,
1770641245.2595332,689,374,0.0004769921875,0.0004769921875,529.814849327,,,,,,,,,,,,,,,,,,,,,
1770641245.4242263,689,375,0.0004769921875,0.0004769921875,529.979842089,,,,,,,,,,,,,,,,,,,,,
1770641245.570807,689,376,,,530.124615223,0.010303088463842869,16.0,0.06759011000394821,0.010303088463842869,0.010303102433681488,0.9560648202896118,,,,,,,,,,,,,,,
1770641251.5074553,699,377,0.00047660156250000003,0.00047660156250000003,536.062885625,,,,,,,,,,,,,,,,,,,,,
1770641251.6717107,699,378,0.00047660156250000003,0.00047660156250000003,536.227844796,,,,,,,,,,,,,,,,,,,,,
1770641251.836024,699,379,0.00047660156250000003,0.00047660156250000003,536.391851797,,,,,,,,,,,,,,,,,,,,,
1770641252.0009394,699,380,0.00047660156250000003,0.00047660156250000003,536.556842806,,,,,,,,,,,,,,,,,,,,,
1770641252.1477392,699,381,,,536.701585645,0.01307501457631588,16.0,0.0725381150841713,0.01307501457631588,0.013074886985123158,0.9428720474243164,,,,,,,,,,,,,,,
1770641258.087181,709,382,0.0004762109375,0.0004762109375,542.641125774,,,,,,,,,,,,,,,,,,,,,
1770641258.2516067,709,383,0.0004762109375,0.0004762109375,542.805447077,,,,,,,,,,,,,,,,,,,,,
1770641258.416421,709,384,0.0004762109375,0.0004762109375,542.9718584,,,,,,,,,,,,,,,,,,,,,
1770641258.5809183,709,385,0.0004762109375,0.0004762109375,543.136838503,,,,,,,,,,,,,,,,,,,,,
1770641258.7276824,709,386,,,543.281523144,0.015769222751259804,16.0,0.07745558768510818,0.015769222751259804,0.01576944813132286,0.9298117756843567,,,,,,,,,,,,,,,
1770641264.6620214,719,387,0.0004758203125,0.0004758203125,549.217903647,,,,,,,,,,,,,,,,,,,,,
1770641264.8268738,719,388,0.0004758203125,0.0004758203125,549.380660739,,,,,,,,,,,,,,,,,,,,,
1770641264.9915333,719,389,0.0004758203125,0.0004758203125,549.546836368,,,,,,,,,,,,,,,,,,,,,
1770641265.1560163,719,390,0.0004758203125,0.0004758203125,549.711838915,,,,,,,,,,,,,,,,,,,,,
1770641265.3027132,719,391,,,549.856548573,0.01303852815181017,16.0,0.07287923991680145,0.01303852815181017,0.013039576821029186,0.9422146081924438,,,,,,,,,,,,,,,
1770641271.236087,729,392,0.0004754296875,0.0004754296875,555.791863195,,,,,,,,,,,,,,,,,,,,,
1770641271.4003851,729,393,0.0004754296875,0.0004754296875,555.955838157,,,,,,,,,,,,,,,,,,,,,
1770641271.5648258,729,394,0.0004754296875,0.0004754296875,556.120843798,,,,,,,,,,,,,,,,,,,,,
1770641271.7294827,729,395,0.0004754296875,0.0004754296875,556.284837859,,,,,,,,,,,,,,,,,,,,,
1770641271.8764477,729,396,,,556.430312457,0.01147096324712038,16.0,0.06978194415569305,0.01147096324712038,0.011471112258732319,0.9496767520904541,,,,,,,,,,,,,,,
1770641274.7009974,730,397,,,559.254684094,,16.0,,,,,0.9379772543907166,0.016279857605695724,0.016279742121696472,0.07852445542812347,0.016279857605695724,,,,,,,,,,
1770641274.7024367,730,398,,,559.25610633,,16.0,,,,,,,,,,0.015168783254921436,0.015168783254921436,0.9314478635787964,0.015384597703814507,0.07772058248519897,,,,,
1770641279.976794,739,399,0.0004750390625,0.0004750390625,564.530684335,,,,,,,,,,,,,,,,,,,,,
1770641280.1414738,739,400,0.0004750390625,0.0004750390625,564.696859333,,,,,,,,,,,,,,,,,,,,,
1770641280.3056903,739,401,0.0004750390625,0.0004750390625,564.860840915,,,,,,,,,,,,,,,,,,,,,
1770641280.4698508,739,402,0.0004750390625,0.0004750390625,565.025854488,,,,,,,,,,,,,,,,,,,,,
1770641280.6166728,739,403,,,565.170507272,0.018334945663809776,17.0,0.08193597197532654,0.018334945663809776,0.018334904685616493,0.9187531471252441,,,,,,,,,,,,,,,
1770641286.5447352,749,404,0.0004746484375,0.0004746484375,571.098660544,,,,,,,,,,,,,,,,,,,,,
1770641286.7091131,749,405,0.0004746484375,0.0004746484375,571.264861711,,,,,,,,,,,,,,,,,,,,,
1770641286.8737428,749,406,0.0004746484375,0.0004746484375,571.429839199,,,,,,,,,,,,,,,,,,,,,
1770641287.0386653,749,407,0.0004746484375,0.0004746484375,571.593836265,,,,,,,,,,,,,,,,,,,,,
1770641287.1856325,749,408,,,571.739493077,0.015474583953619003,17.0,0.07490935176610947,0.015474583953619003,0.015475614927709103,0.9304425120353699,,,,,,,,,,,,,,,
1770641293.1139624,759,409,0.0004742578125,0.0004742578125,577.669881837,,,,,,,,,,,,,,,,,,,,,
1770641293.2780077,759,410,0.0004742578125,0.0004742578125,577.833842007,,,,,,,,,,,,,,,,,,,,,
1770641293.4425476,759,411,0.0004742578125,0.0004742578125,577.997858022,,,,,,,,,,,,,,,,,,,,,
1770641293.606735,759,412,0.0004742578125,0.0004742578125,578.162832646,,,,,,,,,,,,,,,,,,,,,
1770641293.753684,759,413,,,578.307500572,0.014728334732353687,17.0,0.0771692618727684,0.014728334732353687,0.014728695154190063,0.9339125752449036,,,,,,,,,,,,,,,
1770641299.673182,769,414,0.0004738671875,0.0004738671875,584.228875821,,,,,,,,,,,,,,,,,,,,,
1770641299.837197,769,415,0.0004738671875,0.0004738671875,584.391020694,,,,,,,,,,,,,,,,,,,,,
1770641300.0015802,769,416,0.0004738671875,0.0004738671875,584.556853007,,,,,,,,,,,,,,,,,,,,,
1770641300.1661508,769,417,0.0004738671875,0.0004738671875,584.721840901,,,,,,,,,,,,,,,,,,,,,
1770641300.3133268,769,418,,,584.867146595,0.013320527039468288,17.0,0.07293273508548737,0.013320527039468288,0.013321067206561565,0.9397096037864685,,,,,,,,,,,,,,,
1770641305.1040218,773,419,,,589.657846692,,17.0,,,,,0.9386566877365112,0.016601771116256714,0.016601677983999252,0.07660200446844101,0.016601771116256714,,,,,,,,,,
1770641305.105515,773,420,,,589.659184612,,17.0,,,,,,,,,,0.01525756437331438,0.01525756437331438,0.9324336647987366,0.015168865211308002,0.07631488889455795,,,,,
1770641308.411627,779,421,0.0004734765625,0.0004734765625,592.965569564,,,,,,,,,,,,,,,,,,,,,
1770641308.5765228,779,422,0.0004734765625,0.0004734765625,593.131854497,,,,,,,,,,,,,,,,,,,,,
1770641308.740977,779,423,0.0004734765625,0.0004734765625,593.296841731,,,,,,,,,,,,,,,,,,,,,
1770641308.9052422,779,424,0.0004734765625,0.0004734765625,593.460838526,,,,,,,,,,,,,,,,,,,,,
1770641309.0519927,779,425,,,593.605810729,0.013891452923417091,18.0,0.07479801774024963,0.013891452923417091,0.01389199960976839,0.9361882209777832,,,,,,,,,,,,,,,
1770641314.986711,789,426,0.0004730859375,0.0004730859375,599.540638819,,,,,,,,,,,,,,,,,,,,,
1770641315.151268,789,427,0.0004730859375,0.0004730859375,599.706878144,,,,,,,,,,,,,,,,,,,,,
1770641315.3159442,789,428,0.0004730859375,0.0004730859375,599.871838366,,,,,,,,,,,,,,,,,,,,,
1770641315.4813662,789,429,0.0004730859375,0.0004730859375,600.036834984,,,,,,,,,,,,,,,,,,,,,
1770641315.628477,789,430,,,600.182286437,0.02201274037361145,18.0,0.08359429985284805,0.02201274037361145,0.022013593465089798,0.9031057953834534,,,,,,,,,,,,,,,
1770641321.5673625,799,431,0.0004726953125,0.0004726953125,606.122897926,,,,,,,,,,,,,,,,,,,,,
1770641321.7323747,799,432,0.0004726953125,0.0004726953125,606.287846521,,,,,,,,,,,,,,,,,,,,,
1770641321.8972366,799,433,0.0004726953125,0.0004726953125,606.452835216,,,,,,,,,,,,,,,,,,,,,
1770641322.0618,799,434,0.0004726953125,0.0004726953125,606.6178361,,,,,,,,,,,,,,,,,,,,,
1770641322.2087085,799,435,,,606.762523425,0.014096571132540703,18.0,0.07335156947374344,0.014096571132540703,0.014096562750637531,0.9372170567512512,,,,,,,,,,,,,,,
1770641328.1451151,809,436,0.0004723046875,0.0004723046875,612.699080653,,,,,,,,,,,,,,,,,,,,,
1770641328.3096912,809,437,0.0004723046875,0.0004723046875,612.863523458,,,,,,,,,,,,,,,,,,,,,
1770641328.474718,809,438,0.0004723046875,0.0004723046875,613.029862783,,,,,,,,,,,,,,,,,,,,,
1770641328.6391797,809,439,0.0004723046875,0.0004723046875,613.194840161,,,,,,,,,,,,,,,,,,,,,
1770641328.7863772,809,440,,,613.340340708,0.020828427746891975,18.0,0.08818040788173676,0.020828427746891975,0.020828979089856148,0.9025041460990906,,,,,,,,,,,,,,,
1770641335.5951238,816,441,,,620.148849728,,18.0,,,,,0.9381042122840881,0.017041055485606194,0.017040973529219627,0.08763767033815384,0.017041055485606194,,,,,,,,,,
1770641335.5965662,816,442,,,620.150228219,,18.0,,,,,,,,,,0.015262267552316189,0.015262267552316189,0.9320312738418579,0.015257641673088074,0.07686901092529297,,,,,
1770641336.9478705,819,443,0.0004719140625,0.0004719140625,621.501835935,,,,,,,,,,,,,,,,,,,,,
1770641337.1142938,819,444,0.0004719140625,0.0004719140625,621.668198455,,,,,,,,,,,,,,,,,,,,,
1770641337.2808745,819,445,0.0004719140625,0.0004719140625,621.835863712,,,,,,,,,,,,,,,,,,,,,
1770641337.4470177,819,446,0.0004719140625,0.0004719140625,622.002850509,,,,,,,,,,,,,,,,,,,,,
1770641337.594022,819,447,,,622.147910684,0.011631526052951813,19.0,0.07489333301782608,0.011631526052951813,0.011631675064563751,0.9513905048370361,,,,,,,,,,,,,,,
1770641343.5637662,829,448,0.0004715234375,0.0004715234375,628.117708933,,,,,,,,,,,,,,,,,,,,,
1770641343.7284987,829,449,0.0004715234375,0.0004715234375,628.283871912,,,,,,,,,,,,,,,,,,,,,
1770641343.8934543,829,450,0.0004715234375,0.0004715234375,628.448851244,,,,,,,,,,,,,,,,,,,,,
1770641344.0580688,829,451,0.0004715234375,0.0004715234375,628.613828863,,,,,,,,,,,,,,,,,,,,,
1770641344.204936,829,452,,,628.758780375,0.015005349181592464,19.0,0.07621912658214569,0.015005349181592464,0.01500467024743557,0.935183584690094,,,,,,,,,,,,,,,
1770641350.1390274,839,453,0.00047113281250000003,0.00047113281250000003,634.69295971,,,,,,,,,,,,,,,,,,,,,
1770641350.3037071,839,454,0.00047113281250000003,0.00047113281250000003,634.857529245,,,,,,,,,,,,,,,,,,,,,
1770641350.4680936,839,455,0.00047113281250000003,0.00047113281250000003,635.023850533,,,,,,,,,,,,,,,,,,,,,
1770641350.6323578,839,456,0.00047113281250000003,0.00047113281250000003,635.187840368,,,,,,,,,,,,,,,,,,,,,
1770641350.7790804,839,457,,,635.332928705,0.019179794937372208,19.0,0.08025481551885605,0.019179794937372208,0.019179033115506172,0.9160617589950562,,,,,,,,,,,,,,,
1770641356.7118537,849,458,0.0004707421875,0.0004707421875,641.265780876,,,,,,,,,,,,,,,,,,,,,
1770641356.8766265,849,459,0.0004707421875,0.0004707421875,641.430468469,,,,,,,,,,,,,,,,,,,,,
1770641357.0413861,849,460,0.0004707421875,0.0004707421875,641.596852191,,,,,,,,,,,,,,,,,,,,,
1770641357.2057967,849,461,0.0004707421875,0.0004707421875,641.761840285,,,,,,,,,,,,,,,,,,,,,
1770641357.3525977,849,462,,,641.906452247,0.023678220808506012,19.0,0.086170993745327,0.023678220808506012,0.023679055273532867,0.8947702050209045,,,,,,,,,,,,,,,
1770641363.2882514,859,463,0.0004703515625,0.0004703515625,647.842189433,,,,,,,,,,,,,,,,,,,,,
1770641363.4528098,859,464,0.0004703515625,0.0004703515625,648.007858691,,,,,,,,,,,,,,,,,,,,,
1770641363.61719,859,465,0.0004703515625,0.0004703515625,648.17284358,,,,,,,,,,,,,,,,,,,,,
1770641363.7698138,859,466,0.0004703515625,0.0004703515625,648.326821804,,,,,,,,,,,,,,,,,,,,,
1770641363.8286135,859,467,,,648.38239122,0.01052186917513609,19.0,0.07318298518657684,0.01052186917513609,0.010521805845201015,0.9580738544464111,,,,,,,,,,,,,,,
1770641366.0937772,859,468,,,650.647486852,,19.0,,,,,0.9385112524032593,0.015144899487495422,0.01514482218772173,0.07080449908971786,0.015144899487495422,,,,,,,,,,
1770641367.654076,859,469,,,652.208088075,,19.0,,,,,,,,,,0.015136515721678734,0.015136515721678734,0.9320233464241028,0.015262335538864136,0.07699084281921387,,,,,
1770641373.5966978,869,470,0.0004699609375,0.0004699609375,658.150636033,,,,,,,,,,,,,,,,,,,,,
1770641373.761572,869,471,0.0004699609375,0.0004699609375,658.315414993,,,,,,,,,,,,,,,,,,,,,
1770641373.925976,869,472,0.0004699609375,0.0004699609375,658.479804779,,,,,,,,,,,,,,,,,,,,,
1770641374.090399,869,473,0.0004699609375,0.0004699609375,658.645845595,,,,,,,,,,,,,,,,,,,,,
1770641374.2371862,869,474,,,658.790992851,0.01098855584859848,20.0,0.06952880322933197,0.01098855584859848,0.010988614521920681,0.9520888924598694,,,,,,,,,,,,,,,
1770641380.167961,879,475,0.0004695703125,0.0004695703125,664.723893916,,,,,,,,,,,,,,,,,,,,,
1770641380.3319612,879,476,0.0004695703125,0.0004695703125,664.887847386,,,,,,,,,,,,,,,,,,,,,
1770641380.4965217,879,477,0.0004695703125,0.0004695703125,665.051855628,,,,,,,,,,,,,,,,,,,,,
1770641380.6606872,879,478,0.0004695703125,0.0004695703125,665.216834209,,,,,,,,,,,,,,,,,,,,,
1770641380.8073502,879,479,,,665.361202945,0.019336190074682236,20.0,0.08165593445301056,0.019336190074682236,0.019336489960551262,0.9161768555641174,,,,,,,,,,,,,,,
1770641386.7370515,889,480,0.00046917968750000003,0.00046917968750000003,671.290995649,,,,,,,,,,,,,,,,,,,,,
1770641386.9018652,889,481,0.00046917968750000003,0.00046917968750000003,671.457861485,,,,,,,,,,,,,,,,,,,,,
1770641387.0665064,889,482,0.00046917968750000003,0.00046917968750000003,671.621844559,,,,,,,,,,,,,,,,,,,,,
1770641387.2306056,889,483,0.00046917968750000003,0.00046917968750000003,671.785836808,,,,,,,,,,,,,,,,,,,,,
1770641387.3773031,889,484,,,671.93112775,0.013920734636485577,20.0,0.07446996122598648,0.013920734636485577,0.013921511359512806,0.939509391784668,,,,,,,,,,,,,,,
1770641393.3063133,899,485,0.0004687890625,0.0004687890625,677.860254894,,,,,,,,,,,,,,,,,,,,,
1770641393.4706275,899,486,0.0004687890625,0.0004687890625,678.025860807,,,,,,,,,,,,,,,,,,,,,
1770641393.635101,899,487,0.0004687890625,0.0004687890625,678.190850073,,,,,,,,,,,,,,,,,,,,,
1770641393.7996492,899,488,0.0004687890625,0.0004687890625,678.354839127,,,,,,,,,,,,,,,,,,,,,
1770641393.9463296,899,489,,,678.500175517,0.0192014928907156,20.0,0.08482590317726135,0.0192014928907156,0.019199909642338753,0.9125920534133911,,,,,,,,,,,,,,,
1770641398.0783548,902,490,,,682.632129927,,20.0,,,,,0.9385946989059448,0.01676313579082489,0.016763031482696533,0.08563109487295151,0.01676313579082489,,,,,,,,,,
1770641398.0797825,902,491,,,682.633451172,,20.0,,,,,,,,,,0.01514403335750103,0.01514403335750103,0.9326172471046448,0.015136603266000748,0.07621738314628601,,,,,
1770641402.045984,909,492,0.0004683984375,0.0004683984375,686.599949925,,,,,,,,,,,,,,,,,,,,,
1770641402.2104645,909,493,0.0004683984375,0.0004683984375,686.765838503,,,,,,,,,,,,,,,,,,,,,
1770641402.3751485,909,494,0.0004683984375,0.0004683984375,686.930900809,,,,,,,,,,,,,,,,,,,,,
1770641402.5396082,909,495,0.0004683984375,0.0004683984375,687.094828711,,,,,,,,,,,,,,,,,,,,,
1770641402.6863406,909,496,,,687.240194235,0.01002633199095726,21.0,0.06633290648460388,0.01002633199095726,0.010026204399764538,0.9558351039886475,,,,,,,,,,,,,,,
1770641408.6237524,919,497,0.0004680078125,0.0004680078125,693.177700117,,,,,,,,,,,,,,,,,,,,,
1770641408.7882826,919,498,0.0004680078125,0.0004680078125,693.343859191,,,,,,,,,,,,,,,,,,,,,
1770641408.9525392,919,499,0.0004680078125,0.0004680078125,693.507840583,,,,,,,,,,,,,,,,,,,,,
1770641409.11721,919,500,0.0004680078125,0.0004680078125,693.670989003,,,,,,,,,,,,,,,,,,,,,
1770641409.2641916,919,501,,,693.817980671,0.018868854269385338,21.0,0.08212678879499435,0.018868854269385338,0.018868740648031235,0.9148855209350586,,,,,,,,,,,,,,,
1770641415.193734,929,502,0.0004676171875,0.0004676171875,699.749878257,,,,,,,,,,,,,,,,,,,,,
1770641415.3580663,929,503,0.0004676171875,0.0004676171875,699.913844967,,,,,,,,,,,,,,,,,,,,,
1770641415.5223062,929,504,0.0004676171875,0.0004676171875,700.07785391,,,,,,,,,,,,,,,,,,,,,
1770641415.6865337,929,505,0.0004676171875,0.0004676171875,700.241841061,,,,,,,,,,,,,,,,,,,,,
1770641415.8332946,929,506,,,700.387110441,0.016453037038445473,21.0,0.07776449620723724,0.016453037038445473,0.01645113155245781,0.9294601082801819,,,,,,,,,,,,,,,
1770641421.764734,939,507,0.00046722656250000003,0.00046722656250000003,706.318667242,,,,,,,,,,,,,,,,,,,,,
1770641421.9289758,939,508,0.00046722656250000003,0.00046722656250000003,706.48276397,,,,,,,,,,,,,,,,,,,,,
1770641422.0931296,939,509,0.00046722656250000003,0.00046722656250000003,706.646904564,,,,,,,,,,,,,,,,,,,,,
1770641422.2574418,939,510,0.00046722656250000003,0.00046722656250000003,706.811213241,,,,,,,,,,,,,,,,,,,,,
1770641422.4042797,939,511,,,706.958098798,0.016876861453056335,21.0,0.07935421913862228,0.016876861453056335,0.016876472160220146,0.9229531288146973,,,,,,,,,,,,,,,
1770641428.5137427,945,512,,,713.067626881,,21.0,,,,,0.9384301900863647,0.01650233566761017,0.016502225771546364,0.08559275418519974,0.01650233566761017,,,,,,,,,,
1770641428.5153027,945,513,,,713.068972362,,21.0,,,,,,,,,,0.015109284780919552,0.015109284780919552,0.932581901550293,0.015144111588597298,0.07620315998792648,,,,,
1770641430.5080786,949,514,0.0004668359375,0.0004668359375,715.062016747,,,,,,,,,,,,,,,,,,,,,
1770641430.6732385,949,515,0.0004668359375,0.0004668359375,715.227039677,,,,,,,,,,,,,,,,,,,,,
1770641430.8375223,949,516,0.0004668359375,0.0004668359375,715.392846734,,,,,,,,,,,,,,,,,,,,,
1770641431.0015578,949,517,0.0004668359375,0.0004668359375,715.556838185,,,,,,,,,,,,,,,,,,,,,
1770641431.1483693,949,518,,,715.702227564,0.015131846070289612,22.0,0.07573185861110687,0.015131846070289612,0.015131082385778427,0.9332241415977478,,,,,,,,,,,,,,,
1770641437.080956,959,519,0.0004664453125,0.0004664453125,721.634896023,,,,,,,,,,,,,,,,,,,,,
1770641437.2452693,959,520,0.0004664453125,0.0004664453125,721.800867006,,,,,,,,,,,,,,,,,,,,,
1770641437.4098828,959,521,0.0004664453125,0.0004664453125,721.965846972,,,,,,,,,,,,,,,,,,,,,
1770641437.5745692,959,522,0.0004664453125,0.0004664453125,722.129837471,,,,,,,,,,,,,,,,,,,,,
1770641437.7213032,959,523,,,722.275143405,0.022040951997041702,22.0,0.08575938642024994,0.022040951997041702,0.02203991636633873,0.8991162180900574,,,,,,,,,,,,,,,
1770641443.6480029,969,524,0.0004660546875,0.0004660546875,728.201946396,,,,,,,,,,,,,,,,,,,,,
1770641443.8122976,969,525,0.0004660546875,0.0004660546875,728.367855507,,,,,,,,,,,,,,,,,,,,,
1770641443.976526,969,526,0.0004660546875,0.0004660546875,728.531842621,,,,,,,,,,,,,,,,,,,,,
1770641444.1414073,969,527,0.0004660546875,0.0004660546875,728.69683801,,,,,,,,,,,,,,,,,,,,,
1770641444.2881534,969,528,,,728.842033558,0.02171691320836544,22.0,0.0875934511423111,0.02171691320836544,0.021719055250287056,0.9005033373832703,,,,,,,,,,,,,,,
1770641450.2138567,979,529,0.0004656640625,0.0004656640625,734.767784663,,,,,,,,,,,,,,,,,,,,,
1770641450.3779938,979,530,0.0004656640625,0.0004656640625,734.933858281,,,,,,,,,,,,,,,,,,,,,
1770641450.54383,979,531,0.0004656640625,0.0004656640625,735.099838138,,,,,,,,,,,,,,,,,,,,,
1770641450.7082293,979,532,0.0004656640625,0.0004656640625,735.262947223,,,,,,,,,,,,,,,,,,,,,
1770641450.8550699,979,533,,,735.408961131,0.01625686138868332,22.0,0.07620979100465775,0.01625686138868332,0.01625664345920086,0.9279080629348755,,,,,,,,,,,,,,,
1770641458.9260073,988,534,,,743.479756458,,22.0,,,,,0.9390273094177246,0.017535561695694923,0.017535515129566193,0.08553308993577957,0.017535561695694923,,,,,,,,,,
1770641458.9276063,988,535,,,743.481295269,,22.0,,,,,,,,,,0.015060776844620705,0.015060776844620705,0.932719349861145,0.015109370462596416,0.07611654698848724,,,,,
1770641458.9485724,989,536,0.00046527343750000003,0.00046527343750000003,743.50229372,,,,,,,,,,,,,,,,,,,,,
1770641459.1138027,989,537,0.00046527343750000003,0.00046527343750000003,743.66758339,,,,,,,,,,,,,,,,,,,,,
1770641459.2784753,989,538,0.00046527343750000003,0.00046527343750000003,743.833841135,,,,,,,,,,,,,,,,,,,,,
1770641459.4427674,989,539,0.00046527343750000003,0.00046527343750000003,743.998841712,,,,,,,,,,,,,,,,,,,,,
1770641459.5896087,989,540,,,744.143422697,0.022116169333457947,23.0,0.08415315300226212,0.022116169333457947,0.02211771532893181,0.9009753465652466,,,,,,,,,,,,,,,
1770641465.525278,999,541,0.0004648828125,0.0004648828125,750.080860483,,,,,,,,,,,,,,,,,,,,,
1770641465.6898766,999,542,0.0004648828125,0.0004648828125,750.245839497,,,,,,,,,,,,,,,,,,,,,
1770641465.854861,999,543,0.0004648828125,0.0004648828125,750.410856739,,,,,,,,,,,,,,,,,,,,,
1770641466.0193033,999,544,0.0004648828125,0.0004648828125,750.574851685,,,,,,,,,,,,,,,,,,,,,
1770641466.1662567,999,545,,,750.720074645,0.015044037252664566,23.0,0.07556915283203125,0.015044037252664566,0.015043176710605621,0.9326862096786499,,,,,,,,,,,,,,,
1770641472.1034398,1009,546,0.0004644921875,0.0004644921875,756.658878255,,,,,,,,,,,,,,,,,,,,,
1770641472.2682245,1009,547,0.0004644921875,0.0004644921875,756.823845752,,,,,,,,,,,,,,,,,,,,,
1770641472.4326127,1009,548,0.0004644921875,0.0004644921875,756.98783521,,,,,,,,,,,,,,,,,,,,,
1770641472.5975258,1009,549,0.0004644921875,0.0004644921875,757.152834685,,,,,,,,,,,,,,,,,,,,,
1770641472.7443004,1009,550,,,757.29805458,0.008245880715548992,23.0,0.06290923058986664,0.008245880715548992,0.008245830424129963,0.9649448990821838,,,,,,,,,,,,,,,
1770641478.676126,1019,551,0.0004641015625,0.0004641015625,763.230079171,,,,,,,,,,,,,,,,,,,,,
1770641478.8411627,1019,552,0.0004641015625,0.0004641015625,763.39686512,,,,,,,,,,,,,,,,,,,,,
1770641479.0062346,1019,553,0.0004641015625,0.0004641015625,763.561831465,,,,,,,,,,,,,,,,,,,,,
1770641479.171043,1019,554,0.0004641015625,0.0004641015625,763.726831742,,,,,,,,,,,,,,,,,,,,,
1770641479.3180945,1019,555,,,763.871916444,0.012021004222333431,23.0,0.07719317078590393,0.012021004222333431,0.012021064758300781,0.9511707425117493,,,,,,,,,,,,,,,
1770641485.2840781,1029,556,0.0004637109375,0.0004637109375,769.838005935,,,,,,,,,,,,,,,,,,,,,
1770641485.4487953,1029,557,0.0004637109375,0.0004637109375,770.002605079,,,,,,,,,,,,,,,,,,,,,
1770641485.6131654,1029,558,0.0004637109375,0.0004637109375,770.168840621,,,,,,,,,,,,,,,,,,,,,
1770641485.7778862,1029,559,0.0004637109375,0.0004637109375,770.333838353,,,,,,,,,,,,,,,,,,,,,
1770641485.9249933,1029,560,,,770.478826421,0.019874585792422295,23.0,0.0836220383644104,0.019874585792422295,0.01987336203455925,0.9129522442817688,,,,,,,,,,,,,,,
1770641489.4115548,1031,561,,,773.965363025,,23.0,,,,,0.9402704834938049,0.021218877285718918,0.021218810230493546,0.10177717357873917,0.021218877285718918,,,,,,,,,,
1770641489.413026,1031,562,,,773.966692863,,23.0,,,,,,,,,,0.015012260526418686,0.015012260526418686,0.9329267740249634,0.015060868114233017,0.07591164112091064,,,,,
1770641494.037792,1039,563,0.00046332031250000003,0.00046332031250000003,778.592900246,,,,,,,,,,,,,,,,,,,,,
1770641494.2023733,1039,564,0.00046332031250000003,0.00046332031250000003,778.757850728,,,,,,,,,,,,,,,,,,,,,
1770641494.367087,1039,565,0.00046332031250000003,0.00046332031250000003,778.922836853,,,,,,,,,,,,,,,,,,,,,
1770641494.531873,1039,566,0.00046332031250000003,0.00046332031250000003,779.087845022,,,,,,,,,,,,,,,,,,,,,
1770641494.6785722,1039,567,,,779.232374721,0.009912541136145592,24.0,0.0673559382557869,0.009912541136145592,0.00991254486143589,0.9572488069534302,,,,,,,,,,,,,,,
1770641500.6213913,1049,568,0.0004629296875,0.0004629296875,785.175331993,,,,,,,,,,,,,,,,,,,,,
1770641500.7864003,1049,569,0.0004629296875,0.0004629296875,785.340232821,,,,,,,,,,,,,,,,,,,,,
1770641500.9509041,1049,570,0.0004629296875,0.0004629296875,785.506850387,,,,,,,,,,,,,,,,,,,,,
1770641501.115583,1049,571,0.0004629296875,0.0004629296875,785.670839895,,,,,,,,,,,,,,,,,,,,,
1770641501.2624042,1049,572,,,785.816199831,0.016717758029699326,24.0,0.08277347683906555,0.016717758029699326,0.016719408333301544,0.9301720261573792,,,,,,,,,,,,,,,
1770641507.196147,1059,573,0.0004625390625,0.0004625390625,791.75007822,,,,,,,,,,,,,,,,,,,,,
1770641507.3611069,1059,574,0.0004625390625,0.0004625390625,791.916870469,,,,,,,,,,,,,,,,,,,,,
1770641507.5255759,1059,575,0.0004625390625,0.0004625390625,792.080840307,,,,,,,,,,,,,,,,,,,,,
1770641507.6897762,1059,576,0.0004625390625,0.0004625390625,792.243579057,,,,,,,,,,,,,,,,,,,,,
1770641507.8370492,1059,577,,,792.391020129,0.014828815124928951,24.0,0.07915107905864716,0.014828815124928951,0.01482850220054388,0.9354379177093506,,,,,,,,,,,,,,,
1770641513.778865,1069,578,0.0004621484375,0.0004621484375,798.334891331,,,,,,,,,,,,,,,,,,,,,
1770641513.943602,1069,579,0.0004621484375,0.0004621484375,798.498844906,,,,,,,,,,,,,,,,,,,,,
1770641514.1085074,1069,580,0.0004621484375,0.0004621484375,798.663851091,,,,,,,,,,,,,,,,,,,,,
1770641514.272944,1069,581,0.0004621484375,0.0004621484375,798.828836095,,,,,,,,,,,,,,,,,,,,,
1770641514.4200115,1069,582,,,798.973846787,0.016372276470065117,24.0,0.07897321879863739,0.016372276470065117,0.016372499987483025,0.9264870882034302,,,,,,,,,,,,,,,
1770641519.8751373,1074,583,,,804.428883674,,24.0,,,,,0.9495443105697632,0.013922818936407566,0.013922933489084244,0.08067059516906738,0.013922818936407566,,,,,,,,,,
1770641521.5781708,1074,584,,,806.132170777,,24.0,,,,,,,,,,0.013565381057560444,0.013565381057560444,0.9331823587417603,0.015012345276772976,0.07623010873794556,,,,,
1770641524.2365398,1079,585,0.0004617578125,0.0004617578125,808.790474574,,,,,,,,,,,,,,,,,,,,,
1770641524.4012241,1079,586,0.0004617578125,0.0004617578125,808.956870357,,,,,,,,,,,,,,,,,,,,,
1770641524.565831,1079,587,0.0004617578125,0.0004617578125,809.121852567,,,,,,,,,,,,,,,,,,,,,
1770641524.730543,1079,588,0.0004617578125,0.0004617578125,809.285849226,,,,,,,,,,,,,,,,,,,,,
1770641524.8771973,1079,589,,,809.430945246,0.01564207673072815,25.0,0.07823093980550766,0.01564207673072815,0.0156424380838871,0.9315441846847534,,,,,,,,,,,,,,,
1770641530.8088367,1089,590,0.0004613671875,0.0004613671875,815.364888133,,,,,,,,,,,,,,,,,,,,,
1770641530.9728382,1089,591,0.0004613671875,0.0004613671875,815.528838644,,,,,,,,,,,,,,,,,,,,,
1770641531.1368744,1089,592,0.0004613671875,0.0004613671875,815.692856916,,,,,,,,,,,,,,,,,,,,,
1770641531.3013973,1089,593,0.0004613671875,0.0004613671875,815.856835288,,,,,,,,,,,,,,,,,,,,,
1770641531.4481857,1089,594,,,816.002019079,0.011034165509045124,25.0,0.06624765694141388,0.011034165509045124,0.0110341627150774,0.9525750875473022,,,,,,,,,,,,,,,
1770641537.3772833,1099,595,0.0004609765625,0.0004609765625,821.931212957,,,,,,,,,,,,,,,,,,,,,
1770641537.5418036,1099,596,0.0004609765625,0.0004609765625,822.097861219,,,,,,,,,,,,,,,,,,,,,
1770641537.706851,1099,597,0.0004609765625,0.0004609765625,822.262835207,,,,,,,,,,,,,,,,,,,,,
1770641537.8710625,1099,598,0.0004609765625,0.0004609765625,822.426834741,,,,,,,,,,,,,,,,,,,,,
1770641538.0178957,1099,599,,,822.571646394,0.012092308141291142,25.0,0.07018660753965378,0.012092308141291142,0.012092611752450466,0.946946382522583,,,,,,,,,,,,,,,
1770641543.9483232,1109,600,0.0004605859375,0.0004605859375,828.502267868,,,,,,,,,,,,,,,,,,,,,
1770641544.1130834,1109,601,0.0004605859375,0.0004605859375,828.666866903,,,,,,,,,,,,,,,,,,,,,
1770641544.2777438,1109,602,0.0004605859375,0.0004605859375,828.833855516,,,,,,,,,,,,,,,,,,,,,
1770641544.4420383,1109,603,0.0004605859375,0.0004605859375,828.995790389,,,,,,,,,,,,,,,,,,,,,
1770641544.5889347,1109,604,,,829.142751761,0.011831921525299549,25.0,0.06899110972881317,0.011831921525299549,0.011831737123429775,0.9471971988677979,,,,,,,,,,,,,,,
1770641552.0059552,1117,605,,,836.559696748,,25.0,,,,,0.9573930501937866,0.01342676766216755,0.013426830060780048,0.08360230177640915,0.01342676766216755,,,,,,,,,,
1770641553.7311864,1117,606,,,838.285280797,,25.0,,,,,,,,,,0.011942030861973763,0.011942030861973763,0.9398382902145386,0.013565466739237309,0.07413601875305176,,,,,
1770641554.4164975,1119,607,0.0004601953125,0.0004601953125,838.970444131,,,,,,,,,,,,,,,,,,,,,
1770641554.581537,1119,608,0.0004601953125,0.0004601953125,839.136858643,,,,,,,,,,,,,,,,,,,,,
1770641554.7463553,1119,609,0.0004601953125,0.0004601953125,839.301843437,,,,,,,,,,,,,,,,,,,,,
1770641554.9111397,1119,610,0.0004601953125,0.0004601953125,839.466850975,,,,,,,,,,,,,,,,,,,,,
1770641555.057847,1119,611,,,839.611678762,0.009504811838269234,26.0,0.06321025639772415,0.009504811838269234,0.009504874236881733,0.9585206508636475,,,,,,,,,,,,,,,
1770641560.991113,1129,612,0.0004598046875,0.0004598046875,845.54688393,,,,,,,,,,,,,,,,,,,,,
1770641561.1555057,1129,613,0.0004598046875,0.0004598046875,845.710842463,,,,,,,,,,,,,,,,,,,,,
1770641561.3198977,1129,614,0.0004598046875,0.0004598046875,845.875844633,,,,,,,,,,,,,,,,,,,,,
1770641561.4840357,1129,615,0.0004598046875,0.0004598046875,846.03983964,,,,,,,,,,,,,,,,,,,,,
1770641561.630752,1129,616,,,846.184604443,0.010862790048122406,26.0,0.0691651850938797,0.010862790048122406,0.010862973518669605,0.953029990196228,,,,,,,,,,,,,,,
1770641567.5590441,1139,617,0.0004594140625,0.0004594140625,852.11298971,,,,,,,,,,,,,,,,,,,,,
1770641567.7236686,1139,618,0.0004594140625,0.0004594140625,852.278866855,,,,,,,,,,,,,,,,,,,,,
1770641567.8883827,1139,619,0.0004594140625,0.0004594140625,852.443841253,,,,,,,,,,,,,,,,,,,,,
1770641568.0526972,1139,620,0.0004594140625,0.0004594140625,852.607845565,,,,,,,,,,,,,,,,,,,,,
1770641568.1996198,1139,621,,,852.753465913,0.011801661923527718,26.0,0.070673868060112,0.011801661923527718,0.011801729910075665,0.9454707503318787,,,,,,,,,,,,,,,
1770641574.1346056,1149,622,0.0004590234375,0.0004590234375,858.688411166,,,,,,,,,,,,,,,,,,,,,
1770641574.2991357,1149,623,0.0004590234375,0.0004590234375,858.854859318,,,,,,,,,,,,,,,,,,,,,
1770641574.4636738,1149,624,0.0004590234375,0.0004590234375,859.018845853,,,,,,,,,,,,,,,,,,,,,
1770641574.6280925,1149,625,0.0004590234375,0.0004590234375,859.183850127,,,,,,,,,,,,,,,,,,,,,
1770641574.7751644,1149,626,,,859.328973248,0.010047100484371185,26.0,0.06962799280881882,0.010047100484371185,0.010047214105725288,0.9555287957191467,,,,,,,,,,,,,,,
1770641580.7068977,1159,627,0.0004586328125,0.0004586328125,865.2608469,,,,,,,,,,,,,,,,,,,,,
1770641580.8712475,1159,628,0.0004586328125,0.0004586328125,865.426869864,,,,,,,,,,,,,,,,,,,,,
1770641581.0356362,1159,629,0.0004586328125,0.0004586328125,865.590839013,,,,,,,,,,,,,,,,,,,,,
1770641581.199767,1159,630,0.0004586328125,0.0004586328125,865.755840873,,,,,,,,,,,,,,,,,,,,,
1770641581.346612,1159,631,,,865.900434569,0.010525626130402088,26.0,0.06942056864500046,0.010525626130402088,0.010525671765208244,0.9534595012664795,,,,,,,,,,,,,,,
1770641584.1661086,1160,632,,,868.719855653,,26.0,,,,,0.9658834338188171,0.010884816758334637,0.010884868912398815,0.07669691741466522,0.010884816758334637,,,,,,,,,,
1770641585.893919,1160,633,,,870.447911429,,26.0,,,,,,,,,,0.01001626718789339,0.01001626718789339,0.9471959471702576,0.011942076496779919,0.07044717669487,,,,,
1770641591.1825738,1169,634,0.00045824218750000004,0.00045824218750000004,875.737889281,,,,,,,,,,,,,,,,,,,,,
1770641591.3472378,1169,635,0.00045824218750000004,0.00045824218750000004,875.90284359,,,,,,,,,,,,,,,,,,,,,
1770641591.5117207,1169,636,0.00045824218750000004,0.00045824218750000004,876.066849194,,,,,,,,,,,,,,,,,,,,,
1770641591.6763701,1169,637,0.00045824218750000004,0.00045824218750000004,876.23183521,,,,,,,,,,,,,,,,,,,,,
1770641591.8232484,1169,638,,,876.377090861,0.007745762821286917,27.0,0.05968470498919487,0.007745762821286917,0.0077457670122385025,0.9664217233657837,,,,,,,,,,,,,,,
1770641597.7553048,1179,639,0.0004578515625,0.0004578515625,882.309248928,,,,,,,,,,,,,,,,,,,,,
1770641597.9200213,1179,640,0.0004578515625,0.0004578515625,882.475866215,,,,,,,,,,,,,,,,,,,,,
1770641598.08448,1179,641,0.0004578515625,0.0004578515625,882.639842865,,,,,,,,,,,,,,,,,,,,,
1770641598.2484894,1179,642,0.0004578515625,0.0004578515625,882.803858925,,,,,,,,,,,,,,,,,,,,,
1770641598.395252,1179,643,,,882.949073704,0.00892693642526865,27.0,0.06328994780778885,0.00892693642526865,0.0089269382879138,0.9617912769317627,,,,,,,,,,,,,,,
1770641604.3340287,1189,644,0.0004574609375,0.0004574609375,888.887911568,,,,,,,,,,,,,,,,,,,,,
1770641604.499094,1189,645,0.0004574609375,0.0004574609375,889.052932958,,,,,,,,,,,,,,,,,,,,,
1770641604.6643288,1189,646,0.0004574609375,0.0004574609375,889.219858448,,,,,,,,,,,,,,,,,,,,,
1770641604.8294704,1189,647,0.0004574609375,0.0004574609375,889.384837694,,,,,,,,,,,,,,,,,,,,,
1770641604.9763687,1189,648,,,889.530217201,0.009393036365509033,27.0,0.0633532851934433,0.009393036365509033,0.009393070824444294,0.9586529731750488,,,,,,,,,,,,,,,
1770641610.913924,1199,649,0.0004570703125,0.0004570703125,895.469886056,,,,,,,,,,,,,,,,,,,,,
1770641611.0783381,1199,650,0.0004570703125,0.0004570703125,895.633839752,,,,,,,,,,,,,,,,,,,,,
1770641611.2430336,1199,651,0.0004570703125,0.0004570703125,895.798228832,,,,,,,,,,,,,,,,,,,,,
1770641611.4107676,1199,652,0.0004570703125,0.0004570703125,895.965843978,,,,,,,,,,,,,,,,,,,,,
1770641611.5580482,1199,653,,,896.111849825,0.008207370527088642,27.0,0.06192576885223389,0.008207370527088642,0.008207454346120358,0.9637349843978882,,,,,,,,,,,,,,,
1770641616.3759196,1203,654,,,900.92966682,,27.0,,,,,0.969428300857544,0.010919539257884026,0.010919569060206413,0.07638215273618698,0.010919539257884026,,,,,,,,,,
1770641617.9715548,1203,655,,,902.525588359,,27.0,,,,,,,,,,0.008758790791034698,0.008758790791034698,0.9559509754180908,0.010016310028731823,0.06588655710220337,,,,,
1770641621.2923284,1209,656,0.0004566796875,0.0004566796875,905.846283458,,,,,,,,,,,,,,,,,,,,,
1770641621.4576526,1209,657,0.0004566796875,0.0004566796875,906.012855667,,,,,,,,,,,,,,,,,,,,,
1770641621.6226728,1209,658,0.0004566796875,0.0004566796875,906.177846441,,,,,,,,,,,,,,,,,,,,,
1770641621.7877655,1209,659,0.0004566796875,0.0004566796875,906.34284078,,,,,,,,,,,,,,,,,,,,,
1770641621.934743,1209,660,,,906.488580358,0.007273092400282621,28.0,0.05782540515065193,0.007273092400282621,0.007273079827427864,0.9679700136184692,,,,,,,,,,,,,,,
1770641627.8775413,1219,661,0.00045628906250000004,0.00045628906250000004,912.431482097,,,,,,,,,,,,,,,,,,,,,
1770641628.0426836,1219,662,0.00045628906250000004,0.00045628906250000004,912.597857872,,,,,,,,,,,,,,,,,,,,,
1770641628.207343,1219,663,0.00045628906250000004,0.00045628906250000004,912.762841004,,,,,,,,,,,,,,,,,,,,,
1770641628.3720937,1219,664,0.00045628906250000004,0.00045628906250000004,912.927840822,,,,,,,,,,,,,,,,,,,,,
1770641628.518855,1219,665,,,913.072630182,0.00831195805221796,28.0,0.061323247849941254,0.00831195805221796,0.008311960846185684,0.9635609984397888,,,,,,,,,,,,,,,
1770641634.465291,1229,666,0.0004558984375,0.0004558984375,919.019206103,,,,,,,,,,,,,,,,,,,,,
1770641634.6299143,1229,667,0.0004558984375,0.0004558984375,919.185860286,,,,,,,,,,,,,,,,,,,,,
1770641634.7952158,1229,668,0.0004558984375,0.0004558984375,919.35084462,,,,,,,,,,,,,,,,,,,,,
1770641634.9600518,1229,669,0.0004558984375,0.0004558984375,919.515840913,,,,,,,,,,,,,,,,,,,,,
1770641635.1068723,1229,670,,,919.660703593,0.00668534217402339,28.0,0.055242035537958145,0.00668534217402339,0.006685393862426281,0.971635639667511,,,,,,,,,,,,,,,
1770641641.0505726,1239,671,0.0004555078125,0.0004555078125,925.60450506,,,,,,,,,,,,,,,,,,,,,
1770641641.2158346,1239,672,0.0004555078125,0.0004555078125,925.769670547,,,,,,,,,,,,,,,,,,,,,
1770641641.3807282,1239,673,0.0004555078125,0.0004555078125,925.935868023,,,,,,,,,,,,,,,,,,,,,
1770641641.5456781,1239,674,0.0004555078125,0.0004555078125,926.100840991,,,,,,,,,,,,,,,,,,,,,
1770641641.6929884,1239,675,,,926.246878737,0.00856791902333498,28.0,0.06129565089941025,0.00856791902333498,0.008567935787141323,0.9623252153396606,,,,,,,,,,,,,,,
1770641648.4686446,1246,676,,,933.022349104,,28.0,,,,,0.9737828969955444,0.009050041437149048,0.009050067514181137,0.06806027144193649,0.009050041437149048,,,,,,,,,,
1770641650.1590643,1246,677,,,934.713083991,,28.0,,,,,,,,,,0.0078049153089523315,0.0078049153089523315,0.9615691900253296,0.00875882338732481,0.062207017093896866,,,,,
1770641651.5050309,1249,678,0.0004551171875,0.0004551171875,936.058974485,,,,,,,,,,,,,,,,,,,,,
1770641651.6696503,1249,679,0.0004551171875,0.0004551171875,936.223464477,,,,,,,,,,,,,,,,,,,,,
1770641651.8346412,1249,680,0.0004551171875,0.0004551171875,936.388464154,,,,,,,,,,,,,,,,,,,,,
1770641651.999052,1249,681,0.0004551171875,0.0004551171875,936.554865497,,,,,,,,,,,,,,,,,,,,,
1770641652.1457717,1249,682,,,936.699614197,0.007609372027218342,29.0,0.05857963487505913,0.007609372027218342,0.007609481457620859,0.966757595539093,,,,,,,,,,,,,,,
1770641658.0858498,1259,683,0.0004547265625,0.0004547265625,942.639784808,,,,,,,,,,,,,,,,,,,,,
1770641658.250671,1259,684,0.0004547265625,0.0004547265625,942.80450797,,,,,,,,,,,,,,,,,,,,,
1770641658.4154313,1259,685,0.0004547265625,0.0004547265625,942.97086049,,,,,,,,,,,,,,,,,,,,,
1770641658.5804543,1259,686,0.0004547265625,0.0004547265625,943.135839246,,,,,,,,,,,,,,,,,,,,,
1770641658.7277336,1259,687,,,943.281595179,0.006920782849192619,29.0,0.05661610886454582,0.006920782849192619,0.006920847110450268,0.9694373607635498,,,,,,,,,,,,,,,
1770641664.6708562,1269,688,0.00045433593750000004,0.00045433593750000004,949.224775083,,,,,,,,,,,,,,,,,,,,,
1770641664.8355587,1269,689,0.00045433593750000004,0.00045433593750000004,949.390857197,,,,,,,,,,,,,,,,,,,,,
1770641665.0016398,1269,690,0.00045433593750000004,0.00045433593750000004,949.55687928,,,,,,,,,,,,,,,,,,,,,
1770641665.1665554,1269,691,0.00045433593750000004,0.00045433593750000004,949.721842443,,,,,,,,,,,,,,,,,,,,,
1770641665.3134544,1269,692,,,949.867246718,0.007973454892635345,29.0,0.05972006916999817,0.007973454892635345,0.007973438128829002,0.9656342267990112,,,,,,,,,,,,,,,
1770641671.2866242,1279,693,0.0004539453125,0.0004539453125,955.840560998,,,,,,,,,,,,,,,,,,,,,
1770641671.451913,1279,694,0.0004539453125,0.0004539453125,956.006886247,,,,,,,,,,,,,,,,,,,,,
1770641671.6238215,1279,695,0.0004539453125,0.0004539453125,956.17888648,,,,,,,,,,,,,,,,,,,,,
1770641671.791904,1279,696,0.0004539453125,0.0004539453125,956.347853607,,,,,,,,,,,,,,,,,,,,,
1770641671.939224,1279,697,,,956.493022909,0.007661035284399986,29.0,0.05747801810503006,0.007661035284399986,0.007661114446818829,0.9666712880134583,,,,,,,,,,,,,,,
1770641677.9087787,1289,698,0.0004535546875,0.0004535546875,962.46275365,,,,,,,,,,,,,,,,,,,,,
1770641678.074003,1289,699,0.0004535546875,0.0004535546875,962.629881204,,,,,,,,,,,,,,,,,,,,,
1770641678.238868,1289,700,0.0004535546875,0.0004535546875,962.794833361,,,,,,,,,,,,,,,,,,,,,
1770641678.3910835,1289,701,0.0004535546875,0.0004535546875,962.947828297,,,,,,,,,,,,,,,,,,,,,
1770641678.4497943,1289,702,,,963.003570054,0.006790283601731062,29.0,0.05375295132398605,0.006790283601731062,0.0067901830188930035,0.9696857929229736,,,,,,,,,,,,,,,
1770641680.7274415,1289,703,,,965.281170597,,29.0,,,,,0.9753971695899963,0.009029063396155834,0.009029090404510498,0.07187950611114502,0.009029063396155834,,,,,,,,,,
1770641682.2890623,1289,704,,,966.843085193,,29.0,,,,,,,,,,0.007146227639168501,0.007146227639168501,0.9658253192901611,0.007804935798048973,0.05899006873369217,,,,,
1770641688.2547722,1299,705,0.0004531640625,0.0004531640625,972.808722711,,,,,,,,,,,,,,,,,,,,,
1770641688.4205413,1299,706,0.0004531640625,0.0004531640625,972.975861692,,,,,,,,,,,,,,,,,,,,,
1770641688.5856638,1299,707,0.0004531640625,0.0004531640625,973.140845597,,,,,,,,,,,,,,,,,,,,,
1770641688.7511096,1299,708,0.0004531640625,0.0004531640625,973.306855112,,,,,,,,,,,,,,,,,,,,,
1770641688.8981452,1299,709,,,973.4519423,0.005842572543770075,30.0,0.051613979041576385,0.005842572543770075,0.005842605605721474,0.9747874140739441,,,,,,,,,,,,,,,
1770641694.8495905,1309,710,0.0004527734375,0.0004527734375,979.404896319,,,,,,,,,,,,,,,,,,,,,
1770641695.0147586,1309,711,0.0004527734375,0.0004527734375,979.568582915,,,,,,,,,,,,,,,,,,,,,
1770641695.1795225,1309,712,0.0004527734375,0.0004527734375,979.73485861,,,,,,,,,,,,,,,,,,,,,
1770641695.3449125,1309,713,0.0004527734375,0.0004527734375,979.900840844,,,,,,,,,,,,,,,,,,,,,
1770641695.4919455,1309,714,,,980.04568697,0.006865085102617741,30.0,0.05688788369297981,0.006865085102617741,0.006865070201456547,0.9710584282875061,,,,,,,,,,,,,,,
1770641701.4412136,1319,715,0.00045238281250000004,0.00045238281250000004,985.995147755,,,,,,,,,,,,,,,,,,,,,
1770641701.6065657,1319,716,0.00045238281250000004,0.00045238281250000004,986.160392832,,,,,,,,,,,,,,,,,,,,,
1770641701.7722456,1319,717,0.00045238281250000004,0.00045238281250000004,986.326082056,,,,,,,,,,,,,,,,,,,,,
1770641701.9373693,1319,718,0.00045238281250000004,0.00045238281250000004,986.491203778,,,,,,,,,,,,,,,,,,,,,
1770641702.0848455,1319,719,,,986.638627346,0.005923092365264893,30.0,0.05232888460159302,0.005923092365264893,0.005923127289861441,0.9741576313972473,,,,,,,,,,,,,,,
1770641708.0404494,1329,720,0.0004519921875,0.0004519921875,992.594373364,,,,,,,,,,,,,,,,,,,,,
1770641708.2058465,1329,721,0.0004519921875,0.0004519921875,992.759678081,,,,,,,,,,,,,,,,,,,,,
1770641708.3712142,1329,722,0.0004519921875,0.0004519921875,992.926868961,,,,,,,,,,,,,,,,,,,,,
1770641708.536551,1329,723,0.0004519921875,0.0004519921875,993.091843341,,,,,,,,,,,,,,,,,,,,,
1770641708.6832962,1329,724,,,993.237208187,0.006359398365020752,30.0,0.05436203256249428,0.006359398365020752,0.006359369959682226,0.9725273251533508,,,,,,,,,,,,,,,
1770641712.837275,1332,725,,,997.390986045,,30.0,,,,,0.9765557646751404,0.008321166038513184,0.008321184664964676,0.06765726953744888,0.008321166038513184,,,,,,,,,,
1770641714.4131536,1332,726,,,998.967127765,,30.0,,,,,,,,,,0.006734003778547049,0.006734003778547049,0.9687869548797607,0.0071462467312812805,0.05650793015956879,,,,,
1770641718.395753,1339,727,0.0004516015625,0.0004516015625,1002.9496769,,,,,,,,,,,,,,,,,,,,,
1770641718.5608814,1339,728,0.0004516015625,0.0004516015625,1003.116850654,,,,,,,,,,,,,,,,,,,,,
1770641718.7262309,1339,729,0.0004516015625,0.0004516015625,1003.281846196,,,,,,,,,,,,,,,,,,,,,
1770641718.8913848,1339,730,0.0004516015625,0.0004516015625,1003.446857062,,,,,,,,,,,,,,,,,,,,,
1770641719.0385165,1339,731,,,1003.592271993,0.007320332806557417,31.0,0.05682428926229477,0.007320332806557417,0.00732033047825098,0.967745840549469,,,,,,,,,,,,,,,
1770641724.981691,1349,732,0.0004512109375,0.0004512109375,1009.53560901,,,,,,,,,,,,,,,,,,,,,
1770641725.1466815,1349,733,0.0004512109375,0.0004512109375,1009.701862442,,,,,,,,,,,,,,,,,,,,,
1770641725.3117762,1349,734,0.0004512109375,0.0004512109375,1009.86685485,,,,,,,,,,,,,,,,,,,,,
1770641725.4770792,1349,735,0.0004512109375,0.0004512109375,1010.030896589,,,,,,,,,,,,,,,,,,,,,
1770641725.6239223,1349,736,,,1010.177744122,0.006541690789163113,31.0,0.05508498474955559,0.006541690789163113,0.006541625130921602,0.9718727469444275,,,,,,,,,,,,,,,
1770641731.5671575,1359,737,0.0004508203125,0.0004508203125,1016.122900896,,,,,,,,,,,,,,,,,,,,,
1770641731.7320318,1359,738,0.0004508203125,0.0004508203125,1016.287844741,,,,,,,,,,,,,,,,,,,,,
1770641731.8967466,1359,739,0.0004508203125,0.0004508203125,1016.451854773,,,,,,,,,,,,,,,,,,,,,
1770641732.0611289,1359,740,0.0004508203125,0.0004508203125,1016.6168467,,,,,,,,,,,,,,,,,,,,,
1770641732.2084062,1359,741,,,1016.762148071,0.0076142530888319016,31.0,0.057055942714214325,0.0076142530888319016,0.007614301051944494,0.967812716960907,,,,,,,,,,,,,,,
1770641738.1746435,1369,742,0.00045042968750000004,0.00045042968750000004,1022.72857084,,,,,,,,,,,,,,,,,,,,,
1770641738.3392987,1369,743,0.00045042968750000004,0.00045042968750000004,1022.894868228,,,,,,,,,,,,,,,,,,,,,
1770641738.504188,1369,744,0.00045042968750000004,0.00045042968750000004,1023.058927174,,,,,,,,,,,,,,,,,,,,,
1770641738.6684227,1369,745,0.00045042968750000004,0.00045042968750000004,1023.223818981,,,,,,,,,,,,,,,,,,,,,
1770641738.815406,1369,746,,,1023.36925235,0.005718773230910301,31.0,0.051580075174570084,0.005718773230910301,0.0057187206111848354,0.9760535955429077,,,,,,,,,,,,,,,
1770641744.92425,1375,747,,,1029.477996327,,31.0,,,,,0.977664053440094,0.008801791816949844,0.00880181323736906,0.06839518994092941,0.008801791816949844,,,,,,,,,,
1770641746.417127,1375,748,,,1030.971172382,,31.0,,,,,,,,,,0.006316431798040867,0.006316431798040867,0.9706140756607056,0.006734022870659828,0.054882537573575974,,,,,
1770641748.4365995,1379,749,0.00045003906249999997,0.00045003906249999997,1032.990524803,,,,,,,,,,,,,,,,,,,,,
1770641748.601177,1379,750,0.00045003906249999997,0.00045003906249999997,1033.156869823,,,,,,,,,,,,,,,,,,,,,
1770641748.766167,1379,751,0.00045003906249999997,0.00045003906249999997,1033.321846657,,,,,,,,,,,,,,,,,,,,,
1770641748.9309707,1379,752,0.00045003906249999997,0.00045003906249999997,1033.486852175,,,,,,,,,,,,,,,,,,,,,
1770641749.0781353,1379,753,,,1033.631984382,0.005466754548251629,32.0,0.05004310980439186,0.005466754548251629,0.005466730799525976,0.976784348487854,,,,,,,,,,,,,,,
1770641755.0299256,1389,754,0.0004496484375,0.0004496484375,1039.58388132,,,,,,,,,,,,,,,,,,,,,
1770641755.195185,1389,755,0.0004496484375,0.0004496484375,1039.75086509,,,,,,,,,,,,,,,,,,,,,
1770641755.3594394,1389,756,0.0004496484375,0.0004496484375,1039.914843795,,,,,,,,,,,,,,,,,,,,,
1770641755.524607,1389,757,0.0004496484375,0.0004496484375,1040.079847029,,,,,,,,,,,,,,,,,,,,,
1770641755.6719384,1389,758,,,1040.225713169,0.0063098641112446785,32.0,0.0523638017475605,0.0063098641112446785,0.006309854798018932,0.9714891910552979,,,,,,,,,,,,,,,
1770641761.625838,1399,759,0.0004492578125,0.0004492578125,1046.182008867,,,,,,,,,,,,,,,,,,,,,
1770641761.7930655,1399,760,0.0004492578125,0.0004492578125,1046.346848626,,,,,,,,,,,,,,,,,,,,,
1770641761.9584346,1399,761,0.0004492578125,0.0004492578125,1046.513817303,,,,,,,,,,,,,,,,,,,,,
1770641762.1229088,1399,762,0.0004492578125,0.0004492578125,1046.678819045,,,,,,,,,,,,,,,,,,,,,
1770641762.269956,1399,763,,,1046.823905623,0.005624786484986544,32.0,0.051234688609838486,0.005624786484986544,0.0056247529573738575,0.9760003685951233,,,,,,,,,,,,,,,
1770641768.2271838,1409,764,0.0004488671875,0.0004488671875,1052.781169078,,,,,,,,,,,,,,,,,,,,,
1770641768.3927107,1409,765,0.0004488671875,0.0004488671875,1052.946573966,,,,,,,,,,,,,,,,,,,,,
1770641768.5591173,1409,766,0.0004488671875,0.0004488671875,1053.114894533,,,,,,,,,,,,,,,,,,,,,
1770641768.725299,1409,767,0.0004488671875,0.0004488671875,1053.280842186,,,,,,,,,,,,,,,,,,,,,
1770641768.872894,1409,768,,,1053.426770709,0.006130952388048172,32.0,0.05288594216108322,0.006130952388048172,0.006130962632596493,0.9736076593399048,,,,,,,,,,,,,,,
1770641776.9751284,1418,769,,,1061.528920813,,32.0,,,,,0.9792872071266174,0.007593029178678989,0.007593049202114344,0.06295150518417358,0.007593029178678989,,,,,,,,,,
1770641778.5631938,1418,770,,,1063.11726509,,32.0,,,,,,,,,,0.006043977104127407,0.006043977104127407,0.9724469184875488,0.006316434592008591,0.05314744636416435,,,,,
1770641778.5924077,1419,771,0.00044847656250000004,0.00044847656250000004,1063.146922818,,,,,,,,,,,,,,,,,,,,,
1770641778.7581322,1419,772,0.00044847656250000004,0.00044847656250000004,1063.311894175,,,,,,,,,,,,,,,,,,,,,
1770641778.9227598,1419,773,0.00044847656250000004,0.00044847656250000004,1063.476509156,,,,,,,,,,,,,,,,,,,,,
1770641779.0874865,1419,774,0.00044847656250000004,0.00044847656250000004,1063.642894967,,,,,,,,,,,,,,,,,,,,,
1770641779.2359004,1419,775,,,1063.789710973,0.005582381039857864,33.0,0.05079081654548645,0.005582381039857864,0.0055823312141001225,0.9751846194267273,,,,,,,,,,,,,,,
1770641785.1754763,1429,776,0.00044808593749999997,0.00044808593749999997,1069.730874213,,,,,,,,,,,,,,,,,,,,,
1770641785.3397691,1429,777,0.00044808593749999997,0.00044808593749999997,1069.895823737,,,,,,,,,,,,,,,,,,,,,
1770641785.5041893,1429,778,0.00044808593749999997,0.00044808593749999997,1070.059815272,,,,,,,,,,,,,,,,,,,,,
1770641785.6687655,1429,779,0.00044808593749999997,0.00044808593749999997,1070.222500435,,,,,,,,,,,,,,,,,,,,,
1770641785.8156385,1429,780,,,1070.369545265,0.00631317961961031,33.0,0.054195720702409744,0.00631317961961031,0.006313251797109842,0.9741029739379883,,,,,,,,,,,,,,,
1770641791.752438,1439,781,0.0004476953125,0.0004476953125,1076.306374968,,,,,,,,,,,,,,,,,,,,,
1770641791.9175618,1439,782,0.0004476953125,0.0004476953125,1076.472871605,,,,,,,,,,,,,,,,,,,,,
1770641792.081948,1439,783,0.0004476953125,0.0004476953125,1076.635805322,,,,,,,,,,,,,,,,,,,,,
1770641792.2466965,1439,784,0.0004476953125,0.0004476953125,1076.800473914,,,,,,,,,,,,,,,,,,,,,
1770641792.3937566,1439,785,,,1076.94768273,0.00605664262548089,33.0,0.052910055965185165,0.00605664262548089,0.006056633312255144,0.9737440943717957,,,,,,,,,,,,,,,
1770641798.3320258,1449,786,0.0004473046875,0.0004473046875,1082.888084031,,,,,,,,,,,,,,,,,,,,,
1770641798.4982722,1449,787,0.0004473046875,0.0004473046875,1083.052029537,,,,,,,,,,,,,,,,,,,,,
1770641798.6627815,1449,788,0.0004473046875,0.0004473046875,1083.21652546,,,,,,,,,,,,,,,,,,,,,
1770641798.8272176,1449,789,0.0004473046875,0.0004473046875,1083.380961252,,,,,,,,,,,,,,,,,,,,,
1770641798.9743025,1449,790,,,1083.528200034,0.007270232308655977,33.0,0.056370340287685394,0.007270232308655977,0.0072701433673501015,0.9679981470108032,,,,,,,,,,,,,,,
1770641804.9144385,1459,791,0.0004469140625,0.0004469140625,1089.46988804,,,,,,,,,,,,,,,,,,,,,
1770641805.0796514,1459,792,0.0004469140625,0.0004469140625,1089.63482795,,,,,,,,,,,,,,,,,,,,,
1770641805.2443285,1459,793,0.0004469140625,0.0004469140625,1089.799819157,,,,,,,,,,,,,,,,,,,,,
1770641805.4089139,1459,794,0.0004469140625,0.0004469140625,1089.964816553,,,,,,,,,,,,,,,,,,,,,
1770641805.5556324,1459,795,,,1090.109542931,0.005019755102694035,33.0,0.04681956768035889,0.005019755102694035,0.00501984590664506,0.9779394268989563,,,,,,,,,,,,,,,
1770641809.0370975,1461,796,,,1093.590920152,,33.0,,,,,0.980276882648468,0.007277390453964472,0.007277406752109528,0.06337065994739532,0.007277390453964472,,,,,,,,,,
1770641810.5788856,1461,797,,,1095.132878798,,33.0,,,,,,,,,,0.005800750572234392,0.005800750572234392,0.9736557602882385,0.0060439822264015675,0.05201084539294243,,,,,
1770641815.2058456,1469,798,0.00044652343750000003,0.00044652343750000003,1099.761885321,,,,,,,,,,,,,,,,,,,,,
1770641815.370289,1469,799,0.00044652343750000003,0.00044652343750000003,1099.92584583,,,,,,,,,,,,,,,,,,,,,
1770641815.5348098,1469,800,0.00044652343750000003,0.00044652343750000003,1100.090843076,,,,,,,,,,,,,,,,,,,,,
1770641815.6991892,1469,801,0.00044652343750000003,0.00044652343750000003,1100.254836955,,,,,,,,,,,,,,,,,,,,,
1770641815.8460715,1469,802,,,1100.399972267,0.006006943061947823,34.0,0.05055247247219086,0.006006943061947823,0.006006902549415827,0.9731730818748474,,,,,,,,,,,,,,,
1770641821.7758613,1479,803,0.00044613281249999997,0.00044613281249999997,1106.329791333,,,,,,,,,,,,,,,,,,,,,
1770641821.9401114,1479,804,0.00044613281249999997,0.00044613281249999997,1106.495858336,,,,,,,,,,,,,,,,,,,,,
1770641822.1046054,1479,805,0.00044613281249999997,0.00044613281249999997,1106.658426213,,,,,,,,,,,,,,,,,,,,,
1770641822.2687976,1479,806,0.00044613281249999997,0.00044613281249999997,1106.824863883,,,,,,,,,,,,,,,,,,,,,
1770641822.4157994,1479,807,,,1106.96962277,0.004762697499245405,34.0,0.04676615819334984,0.004762697499245405,0.004762719385325909,0.9794674515724182,,,,,,,,,,,,,,,
1770641828.348345,1489,808,0.0004457421875,0.0004457421875,1112.902280752,,,,,,,,,,,,,,,,,,,,,
1770641828.513042,1489,809,0.0004457421875,0.0004457421875,1113.068851783,,,,,,,,,,,,,,,,,,,,,
1770641828.6777043,1489,810,0.0004457421875,0.0004457421875,1113.23284424,,,,,,,,,,,,,,,,,,,,,
1770641828.842499,1489,811,0.0004457421875,0.0004457421875,1113.397840014,,,,,,,,,,,,,,,,,,,,,
1770641828.9897408,1489,812,,,1113.543587866,0.004984882660210133,34.0,0.04818015918135643,0.004984882660210133,0.0049848309718072414,0.9782620072364807,,,,,,,,,,,,,,,
1770641834.9223537,1499,813,0.00044535156250000006,0.00044535156250000006,1119.47788273,,,,,,,,,,,,,,,,,,,,,
1770641835.0868902,1499,814,0.00044535156250000006,0.00044535156250000006,1119.642819065,,,,,,,,,,,,,,,,,,,,,
1770641835.251577,1499,815,0.00044535156250000006,0.00044535156250000006,1119.806818072,,,,,,,,,,,,,,,,,,,,,
1770641835.4161754,1499,816,0.00044535156250000006,0.00044535156250000006,1119.969924578,,,,,,,,,,,,,,,,,,,,,
1770641835.5629838,1499,817,,,1120.116912924,0.004765287507325411,34.0,0.04747353866696358,0.004765287507325411,0.0047653005458414555,0.9794700741767883,,,,,,,,,,,,,,,
1770641841.009248,1504,818,,,1125.563003858,,34.0,,,,,0.9815114736557007,0.006637340411543846,0.006637347396463156,0.06078663840889931,0.006637340411543846,,,,,,,,,,
1770641842.5879395,1504,819,,,1127.141909995,,34.0,,,,,,,,,,0.0055339522659778595,0.0055339522659778595,0.9747244119644165,0.005800752900540829,0.050856221467256546,,,,,
1770641845.2504058,1509,820,0.0004449609375,0.0004449609375,1129.804329069,,,,,,,,,,,,,,,,,,,,,
1770641845.4151933,1509,821,0.0004449609375,0.0004449609375,1129.970870445,,,,,,,,,,,,,,,,,,,,,
1770641845.5797477,1509,822,0.0004449609375,0.0004449609375,1130.13351677,,,,,,,,,,,,,,,,,,,,,
1770641845.7443323,1509,823,0.0004449609375,0.0004449609375,1130.299860359,,,,,,,,,,,,,,,,,,,,,
1770641845.891461,1509,824,,,1130.445266308,0.005230752285569906,35.0,0.049321580678224564,0.005230752285569906,0.005230759736150503,0.9772758483886719,,,,,,,,,,,,,,,
1770641851.8290172,1519,825,0.00044457031250000003,0.00044457031250000003,1136.382946374,,,,,,,,,,,,,,,,,,,,,
1770641851.9938855,1519,826,0.00044457031250000003,0.00044457031250000003,1136.549858347,,,,,,,,,,,,,,,,,,,,,
1770641852.1587956,1519,827,0.00044457031250000003,0.00044457031250000003,1136.714846239,,,,,,,,,,,,,,,,,,,,,
1770641852.3237221,1519,828,0.00044457031250000003,0.00044457031250000003,1136.878840249,,,,,,,,,,,,,,,,,,,,,
1770641852.470635,1519,829,,,1137.024432558,0.005519443657249212,35.0,0.04963177815079689,0.005519443657249212,0.00551944226026535,0.9765512943267822,,,,,,,,,,,,,,,
1770641858.4705997,1529,830,0.00044417968749999997,0.00044417968749999997,1143.02458832,,,,,,,,,,,,,,,,,,,,,
1770641858.6355329,1529,831,0.00044417968749999997,0.00044417968749999997,1143.190871839,,,,,,,,,,,,,,,,,,,,,
1770641858.8002808,1529,832,0.00044417968749999997,0.00044417968749999997,1143.355844108,,,,,,,,,,,,,,,,,,,,,
1770641858.9651997,1529,833,0.00044417968749999997,0.00044417968749999997,1143.520844359,,,,,,,,,,,,,,,,,,,,,
1770641859.11242,1529,834,,,1143.6661586,0.00573956361040473,35.0,0.05068154260516167,0.00573956361040473,0.005739585496485233,0.9743310809135437,,,,,,,,,,,,,,,
1770641865.1220322,1539,835,0.0004437890625,0.0004437890625,1149.675993995,,,,,,,,,,,,,,,,,,,,,
1770641865.287506,1539,836,0.0004437890625,0.0004437890625,1149.842873879,,,,,,,,,,,,,,,,,,,,,
1770641865.4526236,1539,837,0.0004437890625,0.0004437890625,1150.007850595,,,,,,,,,,,,,,,,,,,,,
1770641865.617981,1539,838,0.0004437890625,0.0004437890625,1150.171942742,,,,,,,,,,,,,,,,,,,,,
1770641865.7653267,1539,839,,,1150.319283748,0.004825023468583822,35.0,0.04615128040313721,0.004825023468583822,0.004825004376471043,0.9794307947158813,,,,,,,,,,,,,,,
1770641873.1958523,1547,840,,,1157.749613331,,35.0,,,,,0.981916606426239,0.006526848301291466,0.006526857148855925,0.060109835118055344,0.006526848301291466,,,,,,,,,,
1770641874.7107413,1547,841,,,1159.264769055,,35.0,,,,,,,,,,0.005382136441767216,0.005382136441767216,0.9758919477462769,0.005533962044864893,0.04963544383645058,,,,,
1770641875.3998284,1549,842,0.00044339843750000005,0.00044339843750000005,1159.953753736,,,,,,,,,,,,,,,,,,,,,
1770641875.5642505,1549,843,0.00044339843750000005,0.00044339843750000005,1160.119864575,,,,,,,,,,,,,,,,,,,,,
1770641875.7283375,1549,844,0.00044339843750000005,0.00044339843750000005,1160.283840959,,,,,,,,,,,,,,,,,,,,,
1770641875.8925922,1549,845,0.00044339843750000005,0.00044339843750000005,1160.447843992,,,,,,,,,,,,,,,,,,,,,
1770641876.0397658,1549,846,,,1160.593597293,0.004098386503756046,36.0,0.043382372707128525,0.004098386503756046,0.004098369739949703,0.9824838042259216,,,,,,,,,,,,,,,
1770641881.9830499,1559,847,0.0004430078125,0.0004430078125,1166.536986899,,,,,,,,,,,,,,,,,,,,,
1770641882.1477149,1559,848,0.0004430078125,0.0004430078125,1166.702863267,,,,,,,,,,,,,,,,,,,,,
1770641882.3122854,1559,849,0.0004430078125,0.0004430078125,1166.867867975,,,,,,,,,,,,,,,,,,,,,
1770641882.4764144,1559,850,0.0004430078125,0.0004430078125,1167.031860292,,,,,,,,,,,,,,,,,,,,,
1770641882.6231034,1559,851,,,1167.176936346,0.0050808521918952465,36.0,0.04710233956575394,0.0050808521918952465,0.00508079444989562,0.9780498743057251,,,,,,,,,,,,,,,
1770641888.5559545,1569,852,0.00044261718750000003,0.00044261718750000003,1173.109899974,,,,,,,,,,,,,,,,,,,,,
1770641888.7205174,1569,853,0.00044261718750000003,0.00044261718750000003,1173.275867559,,,,,,,,,,,,,,,,,,,,,
1770641888.8852034,1569,854,0.00044261718750000003,0.00044261718750000003,1173.44085445,,,,,,,,,,,,,,,,,,,,,
1770641889.0499187,1569,855,0.00044261718750000003,0.00044261718750000003,1173.605842233,,,,,,,,,,,,,,,,,,,,,
1770641889.1968315,1569,856,,,1173.750677866,0.004261455032974482,36.0,0.04453710839152336,0.004261455032974482,0.004261431749910116,0.9819965958595276,,,,,,,,,,,,,,,
1770641895.129398,1579,857,0.00044222656249999997,0.00044222656249999997,1179.683262918,,,,,,,,,,,,,,,,,,,,,
1770641895.2938335,1579,858,0.00044222656249999997,0.00044222656249999997,1179.849850063,,,,,,,,,,,,,,,,,,,,,
1770641895.4586203,1579,859,0.00044222656249999997,0.00044222656249999997,1180.013843973,,,,,,,,,,,,,,,,,,,,,
1770641895.6232767,1579,860,0.00044222656249999997,0.00044222656249999997,1180.178839548,,,,,,,,,,,,,,,,,,,,,
1770641895.7700706,1579,861,,,1180.323891836,0.006139643490314484,36.0,0.049831654876470566,0.006139643490314484,0.006139774341136217,0.9726212024688721,,,,,,,,,,,,,,,
1770641901.7095428,1589,862,0.0004418359375,0.0004418359375,1186.263448694,,,,,,,,,,,,,,,,,,,,,
1770641901.874984,1589,863,0.0004418359375,0.0004418359375,1186.430856121,,,,,,,,,,,,,,,,,,,,,
1770641902.0399985,1589,864,0.0004418359375,0.0004418359375,1186.59584166,,,,,,,,,,,,,,,,,,,,,
1770641902.2048066,1589,865,0.0004418359375,0.0004418359375,1186.76084086,,,,,,,,,,,,,,,,,,,,,
1770641902.3518476,1589,866,,,1186.905612758,0.005588960368186235,36.0,0.049951739609241486,0.005588960368186235,0.005588965490460396,0.9756069779396057,,,,,,,,,,,,,,,
1770641905.1762903,1590,867,,,1189.73001347,,36.0,,,,,0.9823947548866272,0.006803037598729134,0.006803037598729134,0.05949804186820984,0.006803037598729134,,,,,,,,,,
1770641906.7659128,1590,868,,,1191.319975442,,36.0,,,,,,,,,,0.00514123635366559,0.00514123635366559,0.9765644669532776,0.005382135044783354,0.04889174923300743,,,,,
1770641912.0531158,1599,869,0.00044144531250000005,0.00044144531250000005,1196.60704321,,,,,,,,,,,,,,,,,,,,,
1770641912.218076,1599,870,0.00044144531250000005,0.00044144531250000005,1196.773873251,,,,,,,,,,,,,,,,,,,,,
1770641912.3828294,1599,871,0.00044144531250000005,0.00044144531250000005,1196.938840433,,,,,,,,,,,,,,,,,,,,,
1770641912.547155,1599,872,0.00044144531250000005,0.00044144531250000005,1197.102842475,,,,,,,,,,,,,,,,,,,,,
1770641912.6943285,1599,873,,,1197.248139561,0.004063835367560387,37.0,0.042874954640865326,0.004063835367560387,0.004063768777996302,0.9826195240020752,,,,,,,,,,,,,,,
1770641918.632156,1609,874,0.0004410546875,0.0004410546875,1203.186087219,,,,,,,,,,,,,,,,,,,,,
1770641918.7972267,1609,875,0.0004410546875,0.0004410546875,1203.352868195,,,,,,,,,,,,,,,,,,,,,
1770641918.9615662,1609,876,0.0004410546875,0.0004410546875,1203.516848816,,,,,,,,,,,,,,,,,,,,,
1770641919.1261091,1609,877,0.0004410546875,0.0004410546875,1203.679885198,,,,,,,,,,,,,,,,,,,,,
1770641919.2733138,1609,878,,,1203.827048978,0.004446764942258596,37.0,0.045197200030088425,0.004446764942258596,0.004446749575436115,0.9813369512557983,,,,,,,,,,,,,,,
1770641925.2100637,1619,879,0.00044066406250000003,0.00044066406250000003,1209.764003747,,,,,,,,,,,,,,,,,,,,,
1770641925.3744547,1619,880,0.00044066406250000003,0.00044066406250000003,1209.92985703,,,,,,,,,,,,,,,,,,,,,
1770641925.5388699,1619,881,0.00044066406250000003,0.00044066406250000003,1210.094848499,,,,,,,,,,,,,,,,,,,,,
1770641925.7035096,1619,882,0.00044066406250000003,0.00044066406250000003,1210.25884264,,,,,,,,,,,,,,,,,,,,,
1770641925.8503823,1619,883,,,1210.404217453,0.00544438511133194,37.0,0.048861682415008545,0.00544438511133194,0.005444362759590149,0.975949227809906,,,,,,,,,,,,,,,
1770641931.7889974,1629,884,0.00044027343749999996,0.00044027343749999996,1216.342910395,,,,,,,,,,,,,,,,,,,,,
1770641931.9536016,1629,885,0.00044027343749999996,0.00044027343749999996,1216.508856668,,,,,,,,,,,,,,,,,,,,,
1770641932.1183188,1629,886,0.00044027343749999996,0.00044027343749999996,1216.673845784,,,,,,,,,,,,,,,,,,,,,
1770641932.282565,1629,887,0.00044027343749999996,0.00044027343749999996,1216.837842959,,,,,,,,,,,,,,,,,,,,,
1770641932.4292822,1629,888,,,1216.983100015,0.004602688830345869,37.0,0.04544438049197197,0.004602688830345869,0.004602681379765272,0.9795808792114258,,,,,,,,,,,,,,,
1770641937.2237432,1633,889,,,1221.777467172,,37.0,,,,,0.983305037021637,0.006364790257066488,0.006364802829921246,0.06068563088774681,0.006364790257066488,,,,,,,,,,
1770641938.7391975,1633,890,,,1223.293250466,,37.0,,,,,,,,,,0.005016491282731295,0.005016491282731295,0.9776380062103271,0.005141237750649452,0.04768542945384979,,,,,
1770641942.0555687,1639,891,0.0004398828125,0.0004398828125,1226.609506968,,,,,,,,,,,,,,,,,,,,,
1770641942.2203584,1639,892,0.0004398828125,0.0004398828125,1226.775865481,,,,,,,,,,,,,,,,,,,,,
1770641942.3852184,1639,893,0.0004398828125,0.0004398828125,1226.940847736,,,,,,,,,,,,,,,,,,,,,
1770641942.5496368,1639,894,0.0004398828125,0.0004398828125,1227.104838912,,,,,,,,,,,,,,,,,,,,,
1770641942.696612,1639,895,,,1227.250438693,0.004803562071174383,38.0,0.04571732506155968,0.004803562071174383,0.0048035853542387486,0.9791544675827026,,,,,,,,,,,,,,,
1770641948.632803,1649,896,0.00043949218750000005,0.00043949218750000005,1233.186783346,,,,,,,,,,,,,,,,,,,,,
1770641948.7977912,1649,897,0.00043949218750000005,0.00043949218750000005,1233.351606963,,,,,,,,,,,,,,,,,,,,,
1770641948.9621649,1649,898,0.00043949218750000005,0.00043949218750000005,1233.51785561,,,,,,,,,,,,,,,,,,,,,
1770641949.1266265,1649,899,0.00043949218750000005,0.00043949218750000005,1233.680387395,,,,,,,,,,,,,,,,,,,,,
1770641949.2737842,1649,900,,,1233.827574861,0.005032428540289402,38.0,0.04720025137066841,0.005032428540289402,0.00503233028575778,0.9781646728515625,,,,,,,,,,,,,,,
1770641955.2085445,1659,901,0.0004391015625,0.0004391015625,1239.763928119,,,,,,,,,,,,,,,,,,,,,
1770641955.3726804,1659,902,0.0004391015625,0.0004391015625,1239.927840688,,,,,,,,,,,,,,,,,,,,,
1770641955.5369413,1659,903,0.0004391015625,0.0004391015625,1240.09283465,,,,,,,,,,,,,,,,,,,,,
1770641955.7011468,1659,904,0.0004391015625,0.0004391015625,1240.256825997,,,,,,,,,,,,,,,,,,,,,
1770641955.8479176,1659,905,,,1240.401719427,0.0038546938449144363,38.0,0.041918136179447174,0.0038546938449144363,0.0038547127041965723,0.9841081500053406,,,,,,,,,,,,,,,
1770641961.7831693,1669,906,0.00043871093750000003,0.00043871093750000003,1246.337083603,,,,,,,,,,,,,,,,,,,,,
1770641961.9479752,1669,907,0.00043871093750000003,0.00043871093750000003,1246.503865291,,,,,,,,,,,,,,,,,,,,,
1770641962.1126761,1669,908,0.00043871093750000003,0.00043871093750000003,1246.667842727,,,,,,,,,,,,,,,,,,,,,
1770641962.277122,1669,909,0.00043871093750000003,0.00043871093750000003,1246.832844231,,,,,,,,,,,,,,,,,,,,,
1770641962.423839,1669,910,,,1246.977645133,0.004264961462467909,38.0,0.04483523592352867,0.004264961462467909,0.00426496984437108,0.9825482368469238,,,,,,,,,,,,,,,
1770641969.1976092,1676,911,,,1253.75134356,,38.0,,,,,0.9833710193634033,0.0066203102469444275,0.006620309315621853,0.05981334298849106,0.0066203102469444275,,,,,,,,,,
1770641970.6912165,1676,912,,,1255.245178479,,38.0,,,,,,,,,,0.004813450388610363,0.004813450388610363,0.9781785011291504,0.00501648522913456,0.04714547097682953,,,,,
1770641972.0340602,1679,913,0.00043832031249999996,0.00043832031249999996,1256.588012023,,,,,,,,,,,,,,,,,,,,,
1770641972.1991272,1679,914,0.00043832031249999996,0.00043832031249999996,1256.753925948,,,,,,,,,,,,,,,,,,,,,
1770641972.363379,1679,915,0.00043832031249999996,0.00043832031249999996,1256.9172616,,,,,,,,,,,,,,,,,,,,,
1770641972.5277114,1679,916,0.00043832031249999996,0.00043832031249999996,1257.081495482,,,,,,,,,,,,,,,,,,,,,
1770641972.6749496,1679,917,,,1257.228725001,0.004795372020453215,39.0,0.046598974615335464,0.004795372020453215,0.004795364569872618,0.979417085647583,,,,,,,,,,,,,,,
1770641978.618217,1689,918,0.0004379296875,0.0004379296875,1263.174152329,,,,,,,,,,,,,,,,,,,,,
1770641978.7851248,1689,919,0.0004379296875,0.0004379296875,1263.338887504,,,,,,,,,,,,,,,,,,,,,
1770641978.9499354,1689,920,0.0004379296875,0.0004379296875,1263.503679654,,,,,,,,,,,,,,,,,,,,,
1770641979.1160614,1689,921,0.0004379296875,0.0004379296875,1263.671854715,,,,,,,,,,,,,,,,,,,,,
1770641979.263124,1689,922,,,1263.816940064,0.005348351784050465,39.0,0.048014961183071136,0.005348351784050465,0.00534844258800149,0.9774367213249207,,,,,,,,,,,,,,,
1770641985.1991801,1699,923,0.00043753906250000005,0.00043753906250000005,1269.754892577,,,,,,,,,,,,,,,,,,,,,
1770641985.3639927,1699,924,0.00043753906250000005,0.00043753906250000005,1269.919845919,,,,,,,,,,,,,,,,,,,,,
1770641985.5282893,1699,925,0.00043753906250000005,0.00043753906250000005,1270.083843606,,,,,,,,,,,,,,,,,,,,,
1770641985.6928792,1699,926,0.00043753906250000005,0.00043753906250000005,1270.248855927,,,,,,,,,,,,,,,,,,,,,
1770641985.8398848,1699,927,,,1270.393673954,0.005144706927239895,39.0,0.045981861650943756,0.005144706927239895,0.005144749768078327,0.9788699150085449,,,,,,,,,,,,,,,
1770641991.8695185,1709,928,0.0004371484375,0.0004371484375,1276.424901967,,,,,,,,,,,,,,,,,,,,,
1770641992.0346045,1709,929,0.0004371484375,0.0004371484375,1276.589861989,,,,,,,,,,,,,,,,,,,,,
1770641992.2031353,1709,930,0.0004371484375,0.0004371484375,1276.758882901,,,,,,,,,,,,,,,,,,,,,
1770641992.3715262,1709,931,0.0004371484375,0.0004371484375,1276.926864212,,,,,,,,,,,,,,,,,,,,,
1770641992.5185637,1709,932,,,1277.072479096,0.003958074375987053,39.0,0.043066345155239105,0.003958074375987053,0.003958054352551699,0.9835034012794495,,,,,,,,,,,,,,,
1770641998.5956194,1719,933,0.0004367578125,0.0004367578125,1283.14954256,,,,,,,,,,,,,,,,,,,,,
1770641998.7660484,1719,934,0.0004367578125,0.0004367578125,1283.320904989,,,,,,,,,,,,,,,,,,,,,
1770641998.9351397,1719,935,0.0004367578125,0.0004367578125,1283.490867576,,,,,,,,,,,,,,,,,,,,,
1770641999.0882955,1719,936,0.0004367578125,0.0004367578125,1283.644831852,,,,,,,,,,,,,,,,,,,,,
1770641999.147342,1719,937,,,1283.701077136,0.004411790519952774,39.0,0.04230569675564766,0.004411790519952774,0.004411610309034586,0.9811518788337708,,,,,,,,,,,,,,,
1770642001.4455929,1719,938,,,1285.999283996,,39.0,,,,,0.9840056896209717,0.006039102096110582,0.006039105821400881,0.05798952654004097,0.006039102096110582,,,,,,,,,,
1770642003.3147113,1719,939,,,1287.868695442,,39.0,,,,,,,,,,0.0047120084054768085,0.0047120084054768085,0.9790630340576172,0.0048134527169167995,0.04604479297995567,,,,,
1770642009.3753078,1729,940,0.00043636718749999996,0.00043636718749999996,1293.92922799,,,,,,,,,,,,,,,,,,,,,
1770642009.5404382,1729,941,0.00043636718749999996,0.00043636718749999996,1294.095873735,,,,,,,,,,,,,,,,,,,,,
1770642009.7049947,1729,942,0.00043636718749999996,0.00043636718749999996,1294.260842981,,,,,,,,,,,,,,,,,,,,,
1770642009.869374,1729,943,0.00043636718749999996,0.00043636718749999996,1294.42484192,,,,,,,,,,,,,,,,,,,,,
1770642010.0163915,1729,944,,,1294.570201481,0.0038526610005646944,40.0,0.0402204766869545,0.0038526610005646944,0.0038526919670403004,0.983756959438324,,,,,,,,,,,,,,,
1770642015.9527197,1739,945,0.0004359765625,0.0004359765625,1300.506681526,,,,,,,,,,,,,,,,,,,,,
1770642016.1176245,1739,946,0.0004359765625,0.0004359765625,1300.672892207,,,,,,,,,,,,,,,,,,,,,
1770642016.282286,1739,947,0.0004359765625,0.0004359765625,1300.837829325,,,,,,,,,,,,,,,,,,,,,
1770642016.4472466,1739,948,0.0004359765625,0.0004359765625,1301.002820134,,,,,,,,,,,,,,,,,,,,,
1770642016.594437,1739,949,,,1301.148317522,0.005335119552910328,40.0,0.04870178923010826,0.005335119552910328,0.005335154943168163,0.976606011390686,,,,,,,,,,,,,,,
1770642022.5796232,1749,950,0.00043558593750000005,0.00043558593750000005,1307.133559574,,,,,,,,,,,,,,,,,,,,,
1770642022.7461236,1749,951,0.00043558593750000005,0.00043558593750000005,1307.300010065,,,,,,,,,,,,,,,,,,,,,
1770642022.9149685,1749,952,0.00043558593750000005,0.00043558593750000005,1307.470893264,,,,,,,,,,,,,,,,,,,,,
1770642023.0818715,1749,953,0.00043558593750000005,0.00043558593750000005,1307.636859949,,,,,,,,,,,,,,,,,,,,,
1770642023.2288864,1749,954,,,1307.782760964,0.0036050924099981785,40.0,0.04112286493182182,0.0036050924099981785,0.003605055855587125,0.9842370748519897,,,,,,,,,,,,,,,
1770642029.2030265,1759,955,0.0004351953125,0.0004351953125,1313.756904567,,,,,,,,,,,,,,,,,,,,,
1770642029.3678277,1759,956,0.0004351953125,0.0004351953125,1313.923869932,,,,,,,,,,,,,,,,,,,,,
1770642029.5330973,1759,957,0.0004351953125,0.0004351953125,1314.088839309,,,,,,,,,,,,,,,,,,,,,
1770642029.6982934,1759,958,0.0004351953125,0.0004351953125,1314.253845261,,,,,,,,,,,,,,,,,,,,,
1770642029.8454113,1759,959,,,1314.399286885,0.005212354473769665,40.0,0.04737243056297302,0.005212354473769665,0.005212337244302034,0.9760720133781433,,,,,,,,,,,,,,,
1770642033.9881349,1762,960,,,1318.541831548,,40.0,,,,,0.9843365550041199,0.005989356432110071,0.005989357829093933,0.057503726333379745,0.005989356432110071,,,,,,,,,,
1770642035.6984034,1762,961,,,1320.252391952,,40.0,,,,,,,,,,0.00457016471773386,0.00457016471773386,0.9795211553573608,0.004712006542831659,0.0455198660492897,,,,,
1770642039.6804862,1769,962,0.0004348046875,0.0004348046875,1324.235893592,,,,,,,,,,,,,,,,,,,,,
1770642039.846431,1769,963,0.0004348046875,0.0004348046875,1324.401867347,,,,,,,,,,,,,,,,,,,,,
1770642040.013528,1769,964,0.0004348046875,0.0004348046875,1324.568851871,,,,,,,,,,,,,,,,,,,,,
1770642040.1783724,1769,965,0.0004348046875,0.0004348046875,1324.73385587,,,,,,,,,,,,,,,,,,,,,
1770642040.3254247,1769,966,,,1324.879198255,0.004114783369004726,41.0,0.04183036461472511,0.004114783369004726,0.0041148425079882145,0.9818779826164246,,,,,,,,,,,,,,,
1770642046.3093047,1779,967,0.00043441406249999996,0.00043441406249999996,1330.864917113,,,,,,,,,,,,,,,,,,,,,
1770642046.475198,1779,968,0.00043441406249999996,0.00043441406249999996,1331.030826041,,,,,,,,,,,,,,,,,,,,,
1770642046.6418252,1779,969,0.00043441406249999996,0.00043441406249999996,1331.196874559,,,,,,,,,,,,,,,,,,,,,
1770642046.8080246,1779,970,0.00043441406249999996,0.00043441406249999996,1331.363862478,,,,,,,,,,,,,,,,,,,,,
1770642046.9557388,1779,971,,,1331.509562551,0.004472986329346895,41.0,0.045116815716028214,0.004472986329346895,0.0044729746878147125,0.981335461139679,,,,,,,,,,,,,,,
1770642052.93478,1789,972,0.0004340234375,0.0004340234375,1337.488717703,,,,,,,,,,,,,,,,,,,,,
1770642053.1002662,1789,973,0.0004340234375,0.0004340234375,1337.655873233,,,,,,,,,,,,,,,,,,,,,
1770642053.2653768,1789,974,0.0004340234375,0.0004340234375,1337.820847768,,,,,,,,,,,,,,,,,,,,,
1770642053.431374,1789,975,0.0004340234375,0.0004340234375,1337.986843957,,,,,,,,,,,,,,,,,,,,,
1770642053.5788212,1789,976,,,1338.132701888,0.004270078148692846,41.0,0.04343309998512268,0.004270078148692846,0.004270058125257492,0.981762170791626,,,,,,,,,,,,,,,
1770642059.5414793,1799,977,0.00043363281250000004,0.00043363281250000004,1344.096895578,,,,,,,,,,,,,,,,,,,,,
1770642059.7059278,1799,978,0.00043363281250000004,0.00043363281250000004,1344.261844395,,,,,,,,,,,,,,,,,,,,,
1770642059.870802,1799,979,0.00043363281250000004,0.00043363281250000004,1344.426853662,,,,,,,,,,,,,,,,,,,,,
1770642060.0360122,1799,980,0.00043363281250000004,0.00043363281250000004,1344.591859964,,,,,,,,,,,,,,,,,,,,,
1770642060.1836064,1799,981,,,1344.73738904,0.004186255857348442,41.0,0.043268680572509766,0.004186255857348442,0.004186234902590513,0.9818127751350403,,,,,,,,,,,,,,,
1770642066.3136716,1805,982,,,1350.867368027,,41.0,,,,,0.9849451184272766,0.0058079976588487625,0.005807997193187475,0.05729592964053154,0.0058079976588487625,,,,,,,,,,
1770642067.8271744,1805,983,,,1352.381222447,,41.0,,,,,,,,,,0.00447348365560174,0.00447348365560174,0.9801490902900696,0.004570155870169401,0.04469487816095352,,,,,
1770642069.832798,1809,984,0.0004332421875,0.0004332421875,1354.386713385,,,,,,,,,,,,,,,,,,,,,
1770642069.997562,1809,985,0.0004332421875,0.0004332421875,1354.55285989,,,,,,,,,,,,,,,,,,,,,
1770642070.1625316,1809,986,0.0004332421875,0.0004332421875,1354.717858261,,,,,,,,,,,,,,,,,,,,,
1770642070.3276873,1809,987,0.0004332421875,0.0004332421875,1354.882847337,,,,,,,,,,,,,,,,,,,,,
1770642070.4750888,1809,988,,,1355.028837276,0.00405921833589673,42.0,0.0430661216378212,0.00405921833589673,0.00405922532081604,0.9827274680137634,,,,,,,,,,,,,,,
1770642076.440137,1819,989,0.0004328515625,0.0004328515625,1360.994091297,,,,,,,,,,,,,,,,,,,,,
1770642076.6081254,1819,990,0.0004328515625,0.0004328515625,1361.162046379,,,,,,,,,,,,,,,,,,,,,
1770642076.7731955,1819,991,0.0004328515625,0.0004328515625,1361.327019502,,,,,,,,,,,,,,,,,,,,,
1770642076.9382517,1819,992,0.0004328515625,0.0004328515625,1361.4938337,,,,,,,,,,,,,,,,,,,,,
1770642077.0855644,1819,993,,,1361.639333342,0.005918745417147875,42.0,0.04960399866104126,0.005918745417147875,0.005918565671890974,0.9741960167884827,,,,,,,,,,,,,,,
1770642083.1914809,1829,994,0.0004324609375,0.0004324609375,1367.745437644,,,,,,,,,,,,,,,,,,,,,
1770642083.3628316,1829,995,0.0004324609375,0.0004324609375,1367.917852545,,,,,,,,,,,,,,,,,,,,,
1770642083.534584,1829,996,0.0004324609375,0.0004324609375,1368.089832944,,,,,,,,,,,,,,,,,,,,,
1770642083.6993842,1829,997,0.0004324609375,0.0004324609375,1368.254819397,,,,,,,,,,,,,,,,,,,,,
1770642083.8468912,1829,998,,,1368.400682124,0.003403064562007785,42.0,0.039615582674741745,0.003403064562007785,0.0034030061215162277,0.985920250415802,,,,,,,,,,,,,,,
1770642090.0568948,1839,999,0.0004320703125,0.0004320703125,1374.610766586,,,,,,,,,,,,,,,,,,,,,
1770642090.2290163,1839,1000,0.0004320703125,0.0004320703125,1374.783823491,,,,,,,,,,,,,,,,,,,,,
1770642090.4028265,1839,1001,0.0004320703125,0.0004320703125,1374.956818614,,,,,,,,,,,,,,,,,,,,,
1770642090.5758934,1839,1002,0.0004320703125,0.0004320703125,1375.130823734,,,,,,,,,,,,,,,,,,,,,
1770642090.724565,1839,1003,,,1375.278375048,0.0040390267968177795,42.0,0.041863638907670975,0.0040390267968177795,0.004038991406559944,0.9822108745574951,,,,,,,,,,,,,,,
1770642099.3680077,1848,1004,,,1383.921742012,,42.0,,,,,0.9849997758865356,0.006387967150658369,0.006387971807271242,0.05865183472633362,0.006387967150658369,,,,,,,,,,
1770642099.369572,1848,1005,,,1383.923270788,,42.0,,,,,,,,,,0.00441186036914587,0.00441186036914587,0.9805460572242737,0.004473479930311441,0.04421352222561836,,,,,
1770642099.3938706,1849,1006,0.00043167968750000004,0.00043167968750000004,1383.948829319,,,,,,,,,,,,,,,,,,,,,
1770642099.5658252,1849,1007,0.00043167968750000004,0.00043167968750000004,1384.120818712,,,,,,,,,,,,,,,,,,,,,
1770642099.7378576,1849,1008,0.00043167968750000004,0.00043167968750000004,1384.291645047,,,,,,,,,,,,,,,,,,,,,
1770642099.9030523,1849,1009,0.00043167968750000004,0.00043167968750000004,1384.45881509,,,,,,,,,,,,,,,,,,,,,
1770642100.0513906,1849,1010,,,1384.605277979,0.006480176001787186,43.0,0.04995902255177498,0.006480176001787186,0.0064801727421581745,0.9708124995231628,,,,,,,,,,,,,,,
1770642106.2703013,1859,1011,0.0004312890625,0.0004312890625,1390.82416491,,,,,,,,,,,,,,,,,,,,,
1770642106.4423335,1859,1012,0.0004312890625,0.0004312890625,1390.996315354,,,,,,,,,,,,,,,,,,,,,
1770642106.6148398,1859,1013,0.0004312890625,0.0004312890625,1391.169835075,,,,,,,,,,,,,,,,,,,,,
1770642106.7878718,1859,1014,0.0004312890625,0.0004312890625,1391.342822807,,,,,,,,,,,,,,,,,,,,,
1770642106.936556,1859,1015,,,1391.49040003,0.004312323871999979,43.0,0.0443919338285923,0.004312323871999979,0.0043122898787260056,0.9812031984329224,,,,,,,,,,,,,,,
1770642113.1710331,1869,1016,0.0004308984375,0.0004308984375,1397.725047797,,,,,,,,,,,,,,,,,,,,,
1770642113.3448896,1869,1017,0.0004308984375,0.0004308984375,1397.899851066,,,,,,,,,,,,,,,,,,,,,
1770642113.518666,1869,1018,0.0004308984375,0.0004308984375,1398.072497636,,,,,,,,,,,,,,,,,,,,,
1770642113.6912527,1869,1019,0.0004308984375,0.0004308984375,1398.245823355,,,,,,,,,,,,,,,,,,,,,
1770642113.8400853,1869,1020,,,1398.393906789,0.004496950190514326,43.0,0.044819705188274384,0.004496950190514326,0.004496950190514326,0.9799572825431824,,,,,,,,,,,,,,,
1770642120.076122,1879,1021,0.0004305078125,0.0004305078125,1404.63009931,,,,,,,,,,,,,,,,,,,,,
1770642120.2487235,1879,1022,0.0004305078125,0.0004305078125,1404.803837028,,,,,,,,,,,,,,,,,,,,,
1770642120.4225068,1879,1023,0.0004305078125,0.0004305078125,1404.97635178,,,,,,,,,,,,,,,,,,,,,
1770642120.5939963,1879,1024,0.0004305078125,0.0004305078125,1405.148824168,,,,,,,,,,,,,,,,,,,,,
1770642120.7429953,1879,1025,,,1405.296831397,0.003621322801336646,43.0,0.04120803624391556,0.003621322801336646,0.003621349111199379,0.9841635823249817,,,,,,,,,,,,,,,
1770642126.9656768,1889,1026,0.0004301171875,0.0004301171875,1411.519563362,,,,,,,,,,,,,,,,,,,,,
1770642127.1379337,1889,1027,0.0004301171875,0.0004301171875,1411.692820268,,,,,,,,,,,,,,,,,,,,,
1770642127.309864,1889,1028,0.0004301171875,0.0004301171875,1411.864822941,,,,,,,,,,,,,,,,,,,,,
1770642127.4826467,1889,1029,0.0004301171875,0.0004301171875,1412.037849922,,,,,,,,,,,,,,,,,,,,,
1770642127.6317816,1889,1030,,,1412.185592754,0.004099573940038681,43.0,0.04152435436844826,0.004099573940038681,0.004099524114280939,0.9826467633247375,,,,,,,,,,,,,,,
1770642131.4382656,1891,1031,,,1415.992017935,,43.0,,,,,0.9852422475814819,0.005424873437732458,0.005424875300377607,0.05381770431995392,0.005424873437732458,,,,,,,,,,
1770642132.9528553,1891,1032,,,1417.506751723,,43.0,,,,,,,,,,0.004296390805393457,0.004296390805393457,0.9808465838432312,0.004411855712532997,0.04384096711874008,,,,,
1770642137.8098788,1899,1033,0.00042972656250000004,0.00042972656250000004,1422.363841623,,,,,,,,,,,,,,,,,,,,,
1770642137.976635,1899,1034,0.00042972656250000004,0.00042972656250000004,1422.530509512,,,,,,,,,,,,,,,,,,,,,
1770642138.151559,1899,1035,0.00042972656250000004,0.00042972656250000004,1422.705480273,,,,,,,,,,,,,,,,,,,,,
1770642138.3247273,1899,1036,0.00042972656250000004,0.00042972656250000004,1422.879851073,,,,,,,,,,,,,,,,,,,,,
1770642138.4731534,1899,1037,,,1423.026974765,0.0036336311604827642,44.0,0.04089922830462456,0.0036336311604827642,0.0036336020566523075,0.9842088222503662,,,,,,,,,,,,,,,
1770642144.710323,1909,1038,0.0004293359375,0.0004293359375,1429.264828732,,,,,,,,,,,,,,,,,,,,,
1770642144.8838043,1909,1039,0.0004293359375,0.0004293359375,1429.437646809,,,,,,,,,,,,,,,,,,,,,
1770642145.055816,1909,1040,0.0004293359375,0.0004293359375,1429.61081965,,,,,,,,,,,,,,,,,,,,,
1770642145.2286112,1909,1041,0.0004293359375,0.0004293359375,1429.783817427,,,,,,,,,,,,,,,,,,,,,
1770642145.3770986,1909,1042,,,1429.930913077,0.0034295308869332075,44.0,0.039033956825733185,0.0034295308869332075,0.0034295138902962208,0.9857521653175354,,,,,,,,,,,,,,,
1770642151.606448,1919,1043,0.0004289453125,0.0004289453125,1436.161870147,,,,,,,,,,,,,,,,,,,,,
1770642151.7792292,1919,1044,0.0004289453125,0.0004289453125,1436.333029934,,,,,,,,,,,,,,,,,,,,,
1770642151.9533284,1919,1045,0.0004289453125,0.0004289453125,1436.507120693,,,,,,,,,,,,,,,,,,,,,
1770642152.1255875,1919,1046,0.0004289453125,0.0004289453125,1436.679371178,,,,,,,,,,,,,,,,,,,,,
1770642152.2742178,1919,1047,,,1436.828108745,0.004533236380666494,44.0,0.044159870594739914,0.004533236380666494,0.004533257335424423,0.9807021617889404,,,,,,,,,,,,,,,
1770642158.5070329,1929,1048,0.0004285546875,0.0004285546875,1443.060980945,,,,,,,,,,,,,,,,,,,,,
1770642158.6798897,1929,1049,0.0004285546875,0.0004285546875,1443.233874586,,,,,,,,,,,,,,,,,,,,,
1770642158.85387,1929,1050,0.0004285546875,0.0004285546875,1443.40884083,,,,,,,,,,,,,,,,,,,,,
1770642159.027954,1929,1051,0.0004285546875,0.0004285546875,1443.582824989,,,,,,,,,,,,,,,,,,,,,
1770642159.176667,1929,1052,,,1443.730480751,0.0032709187362343073,44.0,0.038233522325754166,0.0032709187362343073,0.003270877990871668,0.9859273433685303,,,,,,,,,,,,,,,
1770642165.0901694,1934,1053,,,1449.643964144,,44.0,,,,,0.9854113459587097,0.005683933850377798,0.005683945957571268,0.05580846965312958,0.005683933850377798,,,,,,,,,,
1770642166.6550276,1934,1054,,,1451.208913584,,44.0,,,,,,,,,,0.0041920458897948265,0.0041920458897948265,0.9813442826271057,0.004296389874070883,0.043116167187690735,,,,,
1770642169.4284785,1939,1055,0.0004281640625,0.0004281640625,1453.982466681,,,,,,,,,,,,,,,,,,,,,
1770642169.601774,1939,1056,0.0004281640625,0.0004281640625,1454.155726573,,,,,,,,,,,,,,,,,,,,,
1770642169.7765243,1939,1057,0.0004281640625,0.0004281640625,1454.330431795,,,,,,,,,,,,,,,,,,,,,
1770642169.948645,1939,1058,0.0004281640625,0.0004281640625,1454.50247576,,,,,,,,,,,,,,,,,,,,,
1770642170.0972767,1939,1059,,,1454.651119856,0.0035908727440983057,45.0,0.040151141583919525,0.0035908727440983057,0.0035908680874854326,0.9845713973045349,,,,,,,,,,,,,,,
1770642176.3310065,1949,1060,0.00042777343750000004,0.00042777343750000004,1460.885834822,,,,,,,,,,,,,,,,,,,,,
1770642176.5026705,1949,1061,0.00042777343750000004,0.00042777343750000004,1461.057819127,,,,,,,,,,,,,,,,,,,,,
1770642176.6756918,1949,1062,0.00042777343750000004,0.00042777343750000004,1461.230828332,,,,,,,,,,,,,,,,,,,,,
1770642176.8497183,1949,1063,0.00042777343750000004,0.00042777343750000004,1461.404816898,,,,,,,,,,,,,,,,,,,,,
1770642176.9983616,1949,1064,,,1461.552208033,0.0038806567899882793,45.0,0.04157230630517006,0.0038806567899882793,0.003880623495206237,0.9834368228912354,,,,,,,,,,,,,,,
1770642183.2354388,1959,1065,0.0004273828125,0.0004273828125,1467.789388404,,,,,,,,,,,,,,,,,,,,,
1770642183.4061818,1959,1066,0.0004273828125,0.0004273828125,1467.961838539,,,,,,,,,,,,,,,,,,,,,
1770642183.5781631,1959,1067,0.0004273828125,0.0004273828125,1468.132154339,,,,,,,,,,,,,,,,,,,,,
1770642183.751269,1959,1068,0.0004273828125,0.0004273828125,1468.305828523,,,,,,,,,,,,,,,,,,,,,
1770642183.8999772,1959,1069,,,1468.453824235,0.0046193259768188,45.0,0.04363846406340599,0.0046193259768188,0.004619280807673931,0.9804057478904724,,,,,,,,,,,,,,,
1770642190.1352355,1969,1070,0.0004269921875,0.0004269921875,1474.68923406,,,,,,,,,,,,,,,,,,,,,
1770642190.3072588,1969,1071,0.0004269921875,0.0004269921875,1474.86283879,,,,,,,,,,,,,,,,,,,,,
1770642190.480515,1969,1072,0.0004269921875,0.0004269921875,1475.035817149,,,,,,,,,,,,,,,,,,,,,
1770642190.65479,1969,1073,0.0004269921875,0.0004269921875,1475.208619853,,,,,,,,,,,,,,,,,,,,,
1770642190.8033297,1969,1074,,,1475.357134616,0.003339220769703388,45.0,0.03893354535102844,0.003339220769703388,0.0033392300829291344,0.9854177832603455,,,,,,,,,,,,,,,
1770642198.7510338,1977,1075,,,1483.304761045,,45.0,,,,,0.9856888055801392,0.006147158797830343,0.006147170439362526,0.058293215930461884,0.006147158797830343,,,,,,,,,,
1770642198.7525628,1977,1076,,,1483.306283482,,45.0,,,,,,,,,,0.004085378721356392,0.004085378721356392,0.9817959070205688,0.00419203843921423,0.042596228420734406,,,,,
1770642199.4728606,1979,1077,0.0004266015625,0.0004266015625,1484.026863537,,,,,,,,,,,,,,,,,,,,,
1770642199.6488786,1979,1078,0.0004266015625,0.0004266015625,1484.202857446,,,,,,,,,,,,,,,,,,,,,
1770642199.8218248,1979,1079,0.0004266015625,0.0004266015625,1484.376835576,,,,,,,,,,,,,,,,,,,,,
1770642199.987733,1979,1080,0.0004266015625,0.0004266015625,1484.542824226,,,,,,,,,,,,,,,,,,,,,
1770642200.1367133,1979,1081,,,1484.690527009,0.003884925041347742,46.0,0.04056479409337044,0.003884925041347742,0.0038848724216222763,0.9833204746246338,,,,,,,,,,,,,,,
1770642206.3748333,1989,1082,0.0004262109375,0.0004262109375,1490.928861263,,,,,,,,,,,,,,,,,,,,,
1770642206.546894,1989,1083,0.0004262109375,0.0004262109375,1491.101852091,,,,,,,,,,,,,,,,,,,,,
1770642206.7191901,1989,1084,0.0004262109375,0.0004262109375,1491.273823207,,,,,,,,,,,,,,,,,,,,,
1770642206.8910034,1989,1085,0.0004262109375,0.0004262109375,1491.445824679,,,,,,,,,,,,,,,,,,,,,
1770642207.0398223,1989,1086,,,1491.593668453,0.00407924922183156,46.0,0.04186372086405754,0.00407924922183156,0.0040792799554765224,0.982112467288971,,,,,,,,,,,,,,,
1770642213.2685773,1999,1087,0.00042582031250000004,0.00042582031250000004,1497.822998896,,,,,,,,,,,,,,,,,,,,,
1770642213.4416223,1999,1088,0.00042582031250000004,0.00042582031250000004,1497.996819019,,,,,,,,,,,,,,,,,,,,,
1770642213.6142805,1999,1089,0.00042582031250000004,0.00042582031250000004,1498.168824928,,,,,,,,,,,,,,,,,,,,,
1770642213.786363,1999,1090,0.00042582031250000004,0.00042582031250000004,1498.340174771,,,,,,,,,,,,,,,,,,,,,
1770642213.9348066,1999,1091,,,1498.488657415,0.0037506730295717716,46.0,0.040899135172367096,0.0037506730295717716,0.003750674892216921,0.9842526316642761,,,,,,,,,,,,,,,
1770642220.1679547,2009,1092,0.00042542968749999997,0.00042542968749999997,1504.722008891,,,,,,,,,,,,,,,,,,,,,
1770642220.3407652,2009,1093,0.00042542968749999997,0.00042542968749999997,1504.895830817,,,,,,,,,,,,,,,,,,,,,
1770642220.5129118,2009,1094,0.00042542968749999997,0.00042542968749999997,1505.0678331,,,,,,,,,,,,,,,,,,,,,
1770642220.679316,2009,1095,0.00042542968749999997,0.00042542968749999997,1505.234823665,,,,,,,,,,,,,,,,,,,,,
1770642220.8273783,2009,1096,,,1505.381227326,0.003276193281635642,46.0,0.03808267414569855,0.003276193281635642,0.003276203293353319,0.9856604933738708,,,,,,,,,,,,,,,
1770642227.0665293,2019,1097,0.0004250390625,0.0004250390625,1511.62189172,,,,,,,,,,,,,,,,,,,,,
1770642227.2393525,2019,1098,0.0004250390625,0.0004250390625,1511.793820552,,,,,,,,,,,,,,,,,,,,,
1770642227.413627,2019,1099,0.0004250390625,0.0004250390625,1511.967458032,,,,,,,,,,,,,,,,,,,,,
1770642227.5857673,2019,1100,0.0004250390625,0.0004250390625,1512.140831424,,,,,,,,,,,,,,,,,,,,,
1770642227.7344809,2019,1101,,,1512.288335238,0.0034797312691807747,46.0,0.038876090198755264,0.0034797312691807747,0.003479685867205262,0.9852724671363831,,,,,,,,,,,,,,,
1770642230.853004,2020,1102,,,1515.406745694,,46.0,,,,,0.9866197109222412,0.004896007943898439,0.004896005615592003,0.05170562118291855,0.004896007943898439,,,,,,,,,,
1770642232.3733613,2020,1103,,,1516.927338213,,46.0,,,,,,,,,,0.00397036736831069,0.00397036736831069,0.9822696447372437,0.004085374530404806,0.04186536744236946,,,,,
1770642237.8789854,2029,1104,0.0004246484375,0.0004246484375,1522.432935333,,,,,,,,,,,,,,,,,,,,,
1770642238.051525,2029,1105,0.0004246484375,0.0004246484375,1522.606832362,,,,,,,,,,,,,,,,,,,,,
1770642238.2235785,2029,1106,0.0004246484375,0.0004246484375,1522.777820812,,,,,,,,,,,,,,,,,,,,,
1770642238.396005,2029,1107,0.0004246484375,0.0004246484375,1522.950824179,,,,,,,,,,,,,,,,,,,,,
1770642238.544931,2029,1108,,,1523.098781895,0.004128144588321447,47.0,0.041992850601673126,0.004128144588321447,0.004128142725676298,0.9828435182571411,,,,,,,,,,,,,,,
1770642244.7947063,2039,1109,0.0004242578125,0.0004242578125,1529.348684242,,,,,,,,,,,,,,,,,,,,,
1770642244.9686918,2039,1110,0.0004242578125,0.0004242578125,1529.522603505,,,,,,,,,,,,,,,,,,,,,
1770642245.1418908,2039,1111,0.0004242578125,0.0004242578125,1529.696869689,,,,,,,,,,,,,,,,,,,,,
1770642245.3163445,2039,1112,0.0004242578125,0.0004242578125,1529.870190262,,,,,,,,,,,,,,,,,,,,,
1770642245.4650497,2039,1113,,,1530.018864775,0.003991317935287952,47.0,0.04092688113451004,0.003991317935287952,0.003991310950368643,0.9828887581825256,,,,,,,,,,,,,,,
1770642251.691125,2049,1114,0.00042386718750000004,0.00042386718750000004,1536.245061697,,,,,,,,,,,,,,,,,,,,,
1770642251.8633437,2049,1115,0.00042386718750000004,0.00042386718750000004,1536.417313575,,,,,,,,,,,,,,,,,,,,,
1770642252.0355792,2049,1116,0.00042386718750000004,0.00042386718750000004,1536.590844205,,,,,,,,,,,,,,,,,,,,,
1770642252.2084906,2049,1117,0.00042386718750000004,0.00042386718750000004,1536.763828022,,,,,,,,,,,,,,,,,,,,,
1770642252.3573716,2049,1118,,,1536.911212187,0.00394617673009634,47.0,0.041614923626184464,0.00394617673009634,0.003946203272789717,0.9834840893745422,,,,,,,,,,,,,,,
1770642258.592041,2059,1119,0.00042347656249999997,0.00042347656249999997,1543.1468681,,,,,,,,,,,,,,,,,,,,,
1770642258.7634575,2059,1120,0.00042347656249999997,0.00042347656249999997,1543.318818445,,,,,,,,,,,,,,,,,,,,,
1770642258.9395933,2059,1121,0.00042347656249999997,0.00042347656249999997,1543.493815568,,,,,,,,,,,,,,,,,,,,,
1770642259.1100268,2059,1122,0.00042347656249999997,0.00042347656249999997,1543.663948483,,,,,,,,,,,,,,,,,,,,,
1770642259.2577913,2059,1123,,,1543.811577816,0.004427230916917324,47.0,0.043021310120821,0.004427230916917324,0.004427235573530197,0.9800337553024292,,,,,,,,,,,,,,,
1770642264.4355938,2063,1124,,,1548.989330553,,47.0,,,,,0.9866850972175598,0.005174827296286821,0.0051748245023190975,0.05275806784629822,0.005174827296286821,,,,,,,,,,
1770642266.1498528,2063,1125,,,1550.703818404,,47.0,,,,,,,,,,0.003895029192790389,0.003895029192790389,0.9827671647071838,0.003970365040004253,0.041246503591537476,,,,,
1770642269.6384075,2069,1126,0.0004230859375,0.0004230859375,1554.192820371,,,,,,,,,,,,,,,,,,,,,
1770642269.8100562,2069,1127,0.0004230859375,0.0004230859375,1554.364827762,,,,,,,,,,,,,,,,,,,,,
1770642269.9827716,2069,1128,0.0004230859375,0.0004230859375,1554.537819101,,,,,,,,,,,,,,,,,,,,,
1770642270.1568658,2069,1129,0.0004230859375,0.0004230859375,1554.710833465,,,,,,,,,,,,,,,,,,,,,
1770642270.305703,2069,1130,,,1554.859549621,0.003953665029257536,48.0,0.04173442721366882,0.003953665029257536,0.003953649662435055,0.9825828075408936,,,,,,,,,,,,,,,
1770642276.5153682,2079,1131,0.0004226953125,0.0004226953125,1561.070844739,,,,,,,,,,,,,,,,,,,,,
1770642276.6886685,2079,1132,0.0004226953125,0.0004226953125,1561.242822696,,,,,,,,,,,,,,,,,,,,,
1770642276.860898,2079,1133,0.0004226953125,0.0004226953125,1561.415812854,,,,,,,,,,,,,,,,,,,,,
1770642277.0336425,2079,1134,0.0004226953125,0.0004226953125,1561.588819406,,,,,,,,,,,,,,,,,,,,,
1770642277.1821504,2079,1135,,,1561.73598362,0.00425356300547719,48.0,0.040668785572052,0.00425356300547719,0.004253549966961145,0.9818863272666931,,,,,,,,,,,,,,,
1770642283.4315467,2089,1136,0.0004223046875,0.0004223046875,1567.987828221,,,,,,,,,,,,,,,,,,,,,
1770642283.6055107,2089,1137,0.0004223046875,0.0004223046875,1568.160816696,,,,,,,,,,,,,,,,,,,,,
1770642283.780554,2089,1138,0.0004223046875,0.0004223046875,1568.334393805,,,,,,,,,,,,,,,,,,,,,
1770642283.9522974,2089,1139,0.0004223046875,0.0004223046875,1568.507827219,,,,,,,,,,,,,,,,,,,,,
1770642284.100475,2089,1140,,,1568.654254236,0.004283415153622627,48.0,0.043003540486097336,0.004283415153622627,0.004283421207219362,0.9816662073135376,,,,,,,,,,,,,,,
1770642290.3381627,2099,1141,0.00042191406250000003,0.00042191406250000003,1574.892161654,,,,,,,,,,,,,,,,,,,,,
1770642290.511306,2099,1142,0.00042191406250000003,0.00042191406250000003,1575.06584934,,,,,,,,,,,,,,,,,,,,,
1770642290.6847255,2099,1143,0.00042191406250000003,0.00042191406250000003,1575.238564074,,,,,,,,,,,,,,,,,,,,,
1770642290.8565438,2099,1144,0.00042191406250000003,0.00042191406250000003,1575.411831097,,,,,,,,,,,,,,,,,,,,,
1770642291.0051649,2099,1145,,,1575.5590143,0.0039620595052838326,48.0,0.04060590639710426,0.0039620595052838326,0.003962064627557993,0.9831176996231079,,,,,,,,,,,,,,,
1770642298.2395291,2106,1146,,,1582.793247999,,48.0,,,,,0.9865817427635193,0.00508370203897357,0.005083710420876741,0.0507252998650074,0.00508370203897357,,,,,,,,,,
1770642299.9241745,2106,1147,,,1584.478104294,,48.0,,,,,,,,,,0.003858132753521204,0.003858132753521204,0.9831004738807678,0.0038950257003307343,0.040820714086294174,,,,,
1770642301.327735,2109,1148,0.00042152343749999997,0.00042152343749999997,1585.881722453,,,,,,,,,,,,,,,,,,,,,
1770642301.5011868,2109,1149,0.00042152343749999997,0.00042152343749999997,1586.055134654,,,,,,,,,,,,,,,,,,,,,
1770642301.6751542,2109,1150,0.00042152343749999997,0.00042152343749999997,1586.229835031,,,,,,,,,,,,,,,,,,,,,
1770642301.8474143,2109,1151,0.00042152343749999997,0.00042152343749999997,1586.401385547,,,,,,,,,,,,,,,,,,,,,
1770642301.9964113,2109,1152,,,1586.553916422,0.003366416785866022,49.0,0.038546960800886154,0.003366416785866022,0.0033664649818092585,0.9852555394172668,,,,,,,,,,,,,,,
1770642308.236424,2119,1153,0.0004211328125,0.0004211328125,1592.791846863,,,,,,,,,,,,,,,,,,,,,
1770642308.4104311,2119,1154,0.0004211328125,0.0004211328125,1592.964818783,,,,,,,,,,,,,,,,,,,,,
1770642308.582424,2119,1155,0.0004211328125,0.0004211328125,1593.137818616,,,,,,,,,,,,,,,,,,,,,
1770642308.7570305,2119,1156,0.0004211328125,0.0004211328125,1593.311813252,,,,,,,,,,,,,,,,,,,,,
1770642308.9059412,2119,1157,,,1593.45978481,0.004585592076182365,49.0,0.04472396522760391,0.004585592076182365,0.004585572984069586,0.9800370931625366,,,,,,,,,,,,,,,
1770642315.138879,2129,1158,0.0004207421875,0.0004207421875,1599.693835706,,,,,,,,,,,,,,,,,,,,,
1770642315.3101985,2129,1159,0.0004207421875,0.0004207421875,1599.865815596,,,,,,,,,,,,,,,,,,,,,
1770642315.4827151,2129,1160,0.0004207421875,0.0004207421875,1600.03782465,,,,,,,,,,,,,,,,,,,,,
1770642315.6565664,2129,1161,0.0004207421875,0.0004207421875,1600.210396129,,,,,,,,,,,,,,,,,,,,,
1770642315.8055384,2129,1162,,,1600.359403433,0.003296696813777089,49.0,0.03772582486271858,0.003296696813777089,0.0032966595608741045,0.985721230506897,,,,,,,,,,,,,,,
1770642322.021966,2139,1163,0.0004203515625,0.0004203515625,1606.575926873,,,,,,,,,,,,,,,,,,,,,
1770642322.1979625,2139,1164,0.0004203515625,0.0004203515625,1606.751833943,,,,,,,,,,,,,,,,,,,,,
1770642322.3710124,2139,1165,0.0004203515625,0.0004203515625,1606.925821649,,,,,,,,,,,,,,,,,,,,,
1770642322.5453572,2139,1166,0.0004203515625,0.0004203515625,1607.099817137,,,,,,,,,,,,,,,,,,,,,
1770642322.6944013,2139,1167,,,1607.248197219,0.00344202877022326,49.0,0.03841031342744827,0.00344202877022326,0.0034420513547956944,0.9847095608711243,,,,,,,,,,,,,,,
1770642328.943226,2149,1168,0.00041996093750000003,0.00041996093750000003,1613.4972004,,,,,,,,,,,,,,,,,,,,,
1770642329.1175334,2149,1169,0.00041996093750000003,0.00041996093750000003,1613.671519544,,,,,,,,,,,,,,,,,,,,,
1770642329.2902088,2149,1170,0.00041996093750000003,0.00041996093750000003,1613.844828601,,,,,,,,,,,,,,,,,,,,,
1770642329.4460576,2149,1171,0.00041996093750000003,0.00041996093750000003,1614.002827962,,,,,,,,,,,,,,,,,,,,,
1770642329.5065231,2149,1172,,,1614.060345308,0.005312053486704826,49.0,0.042450517416000366,0.005312053486704826,0.005312205292284489,0.9767051935195923,,,,,,,,,,,,,,,
1770642332.0192907,2149,1173,,,1616.573016636,,49.0,,,,,0.9873020648956299,0.004689689725637436,0.0046896860003471375,0.048527371138334274,0.004689689725637436,,,,,,,,,,
1770642333.7008228,2149,1174,,,1618.254737936,,49.0,,,,,,,,,,0.0037198474165052176,0.0037198474165052176,0.9832780361175537,0.003858122741803527,0.040669579058885574,,,,,
1770642339.940474,2159,1175,0.0004195703125,0.0004195703125,1624.494447311,,,,,,,,,,,,,,,,,,,,,
1770642340.1133802,2159,1176,0.0004195703125,0.0004195703125,1624.667330209,,,,,,,,,,,,,,,,,,,,,
1770642340.2856524,2159,1177,0.0004195703125,0.0004195703125,1624.840839517,,,,,,,,,,,,,,,,,,,,,
1770642340.459071,2159,1178,0.0004195703125,0.0004195703125,1625.013820892,,,,,,,,,,,,,,,,,,,,,
1770642340.6078238,2159,1179,,,1625.161665399,0.0035621856804937124,50.0,0.03902144357562065,0.0035621856804937124,0.003562232479453087,0.9847764372825623,,,,,,,,,,,,,,,
1770642346.836701,2169,1180,0.0004191796875,0.0004191796875,1631.391880946,,,,,,,,,,,,,,,,,,,,,
1770642347.0102017,2169,1181,0.0004191796875,0.0004191796875,1631.564820068,,,,,,,,,,,,,,,,,,,,,
1770642347.1830907,2169,1182,0.0004191796875,0.0004191796875,1631.737826541,,,,,,,,,,,,,,,,,,,,,
1770642347.357454,2169,1183,0.0004191796875,0.0004191796875,1631.911823591,,,,,,,,,,,,,,,,,,,,,
1770642347.5058458,2169,1184,,,1632.059682771,0.00453209038823843,50.0,0.04373960196971893,0.00453209038823843,0.0045321169309318066,0.9802919030189514,,,,,,,,,,,,,,,
1770642353.737649,2179,1185,0.0004187890625,0.0004187890625,1638.292824927,,,,,,,,,,,,,,,,,,,,,
1770642353.910857,2179,1186,0.0004187890625,0.0004187890625,1638.4658183,,,,,,,,,,,,,,,,,,,,,
1770642354.0824873,2179,1187,0.0004187890625,0.0004187890625,1638.636478268,,,,,,,,,,,,,,,,,,,,,
1770642354.2485833,2179,1188,0.0004187890625,0.0004187890625,1638.802395182,,,,,,,,,,,,,,,,,,,,,
1770642354.3972702,2179,1189,,,1638.951176436,0.003868676256388426,50.0,0.04157046601176262,0.003868676256388426,0.003868678817525506,0.9827979207038879,,,,,,,,,,,,,,,
1770642360.6402662,2189,1190,0.0004183984375,0.0004183984375,1645.194265377,,,,,,,,,,,,,,,,,,,,,
1770642360.8138027,2189,1191,0.0004183984375,0.0004183984375,1645.367716448,,,,,,,,,,,,,,,,,,,,,
1770642360.9862719,2189,1192,0.0004183984375,0.0004183984375,1645.541856253,,,,,,,,,,,,,,,,,,,,,
1770642361.15889,2189,1193,0.0004183984375,0.0004183984375,1645.713823565,,,,,,,,,,,,,,,,,,,,,
1770642361.3074977,2189,1194,,,1645.861317385,0.005074135027825832,50.0,0.042461615055799484,0.005074135027825832,0.005074102431535721,0.9780771136283875,,,,,,,,,,,,,,,
1770642365.8244562,2192,1195,,,1650.378165292,,50.0,,,,,0.9871482849121094,0.004513656720519066,0.004513647872954607,0.0488879568874836,0.004513656720519066,,,,,,,,,,
1770642367.4192355,2192,1196,,,1651.973143158,,50.0,,,,,,,,,,0.0036351487506181,0.0036351487506181,0.9838593602180481,0.0037198332138359547,0.03967823088169098,,,,,
1770642371.5828328,2199,1197,0.00041800781250000003,0.00041800781250000003,1656.139934586,,,,,,,,,,,,,,,,,,,,,
1770642371.7587152,2199,1198,0.00041800781250000003,0.00041800781250000003,1656.313818367,,,,,,,,,,,,,,,,,,,,,
1770642371.9324896,2199,1199,0.00041800781250000003,0.00041800781250000003,1656.486328134,,,,,,,,,,,,,,,,,,,,,
1770642372.1047454,2199,1200,0.00041800781250000003,0.00041800781250000003,1656.659827608,,,,,,,,,,,,,,,,,,,,,
1770642372.2531836,2199,1201,,,1656.807004222,0.0031017414294183254,51.0,0.037831731140613556,0.0031017414294183254,0.003101728390902281,0.986587405204773,,,,,,,,,,,,,,,
1770642378.476418,2209,1202,0.0004176171875,0.0004176171875,1663.030251926,,,,,,,,,,,,,,,,,,,,,
1770642378.650427,2209,1203,0.0004176171875,0.0004176171875,1663.204818392,,,,,,,,,,,,,,,,,,,,,
1770642378.8232167,2209,1204,0.0004176171875,0.0004176171875,1663.377816823,,,,,,,,,,,,,,,,,,,,,
1770642378.9949234,2209,1205,0.0004176171875,0.0004176171875,1663.549815082,,,,,,,,,,,,,,,,,,,,,
1770642379.143546,2209,1206,,,1663.697423525,0.002957236021757126,51.0,0.03633233159780502,0.002957236021757126,0.0029572031926363707,0.9873029589653015,,,,,,,,,,,,,,,
1770642385.3677552,2219,1207,0.0004172265625,0.0004172265625,1669.921740007,,,,,,,,,,,,,,,,,,,,,
1770642385.541528,2219,1208,0.0004172265625,0.0004172265625,1670.095831771,,,,,,,,,,,,,,,,,,,,,
1770642385.712734,2219,1209,0.0004172265625,0.0004172265625,1670.267825392,,,,,,,,,,,,,,,,,,,,,
1770642385.8774538,2219,1210,0.0004172265625,0.0004172265625,1670.432816626,,,,,,,,,,,,,,,,,,,,,
1770642386.0261052,2219,1211,,,1670.579965398,0.004271287005394697,51.0,0.040911346673965454,0.004271287005394697,0.004271268378943205,0.9812116622924805,,,,,,,,,,,,,,,
1770642392.243335,2229,1212,0.0004168359375,0.0004168359375,1676.797304402,,,,,,,,,,,,,,,,,,,,,
1770642392.4151778,2229,1213,0.0004168359375,0.0004168359375,1676.969094448,,,,,,,,,,,,,,,,,,,,,
1770642392.5883815,2229,1214,0.0004168359375,0.0004168359375,1677.142254402,,,,,,,,,,,,,,,,,,,,,
1770642392.7609656,2229,1215,0.0004168359375,0.0004168359375,1677.315825604,,,,,,,,,,,,,,,,,,,,,
1770642392.9099147,2229,1216,,,1677.463733036,0.003558624070137739,51.0,0.03866482526063919,0.003558624070137739,0.003558587282896042,0.9853094220161438,,,,,,,,,,,,,,,
1770642399.444128,2235,1217,,,1683.997905739,,51.0,,,,,0.9875687956809998,0.0043398672714829445,0.004339867737144232,0.04820602014660835,0.0043398672714829445,,,,,,,,,,
1770642401.0869513,2235,1218,,,1685.640969289,,51.0,,,,,,,,,,0.0036248979158699512,0.0036248979158699512,0.984241783618927,0.0036351331509649754,0.039067592471838,,,,,
1770642403.2717524,2239,1219,0.0004164453125,0.0004164453125,1687.827016275,,,,,,,,,,,,,,,,,,,,,
1770642403.4418225,2239,1220,0.0004164453125,0.0004164453125,1687.996920729,,,,,,,,,,,,,,,,,,,,,
1770642403.6124816,2239,1221,0.0004164453125,0.0004164453125,1688.167861359,,,,,,,,,,,,,,,,,,,,,
1770642403.7816458,2239,1222,0.0004164453125,0.0004164453125,1688.33685813,,,,,,,,,,,,,,,,,,,,,
1770642403.92946,2239,1223,,,1688.483351658,0.0039101471193134785,52.0,0.04166237637400627,0.0039101471193134785,0.003910120576620102,0.9831085205078125,,,,,,,,,,,,,,,
1770642409.963575,2249,1224,0.00041605468750000003,0.00041605468750000003,1694.517486308,,,,,,,,,,,,,,,,,,,,,
1770642410.1275792,2249,1225,0.00041605468750000003,0.00041605468750000003,1694.68139729,,,,,,,,,,,,,,,,,,,,,
1770642410.2917926,2249,1226,0.00041605468750000003,0.00041605468750000003,1694.847864661,,,,,,,,,,,,,,,,,,,,,
1770642410.4562805,2249,1227,0.00041605468750000003,0.00041605468750000003,1695.011830404,,,,,,,,,,,,,,,,,,,,,
1770642410.6034443,2249,1228,,,1695.157294466,0.003537186188623309,52.0,0.03841404989361763,0.003537186188623309,0.003537172917276621,0.9850099682807922,,,,,,,,,,,,,,,
1770642416.517844,2259,1229,0.0004156640625,0.0004156640625,1701.071770138,,,,,,,,,,,,,,,,,,,,,
1770642416.682036,2259,1230,0.0004156640625,0.0004156640625,1701.235886328,,,,,,,,,,,,,,,,,,,,,
1770642416.846927,2259,1231,0.0004156640625,0.0004156640625,1701.40073687,,,,,,,,,,,,,,,,,,,,,
1770642417.010977,2259,1232,0.0004156640625,0.0004156640625,1701.566858883,,,,,,,,,,,,,,,,,,,,,
1770642417.158037,2259,1233,,,1701.711850224,0.003349793143570423,52.0,0.036936528980731964,0.003349793143570423,0.003349750069901347,0.9855896830558777,,,,,,,,,,,,,,,
1770642423.0734203,2269,1234,0.0004152734375,0.0004152734375,1707.627348014,,,,,,,,,,,,,,,,,,,,,
1770642423.2377884,2269,1235,0.0004152734375,0.0004152734375,1707.793866492,,,,,,,,,,,,,,,,,,,,,
1770642423.4016194,2269,1236,0.0004152734375,0.0004152734375,1707.955426823,,,,,,,,,,,,,,,,,,,,,
1770642423.5659175,2269,1237,0.0004152734375,0.0004152734375,1708.119706358,,,,,,,,,,,,,,,,,,,,,
1770642423.7130387,2269,1238,,,1708.266838525,0.0028607782442122698,52.0,0.03572908788919449,0.0028607782442122698,0.0028607407584786415,0.9880123138427734,,,,,,,,,,,,,,,
1770642431.7614098,2278,1239,,,1716.315201423,,52.0,,,,,0.9879216551780701,0.004077047109603882,0.004077035468071699,0.043992023915052414,0.004077047109603882,,,,,,,,,,
1770642433.306493,2278,1240,,,1717.860558671,,52.0,,,,,,,,,,0.0035366136580705643,0.0035366136580705643,0.9842876195907593,0.0036248876713216305,0.038979362696409225,,,,,
1770642433.3361616,2279,1241,0.0004148828125,0.0004148828125,1717.889965703,,,,,,,,,,,,,,,,,,,,,
1770642433.5012558,2279,1242,0.0004148828125,0.0004148828125,1718.05505867,,,,,,,,,,,,,,,,,,,,,
1770642433.6657135,2279,1243,0.0004148828125,0.0004148828125,1718.220864998,,,,,,,,,,,,,,,,,,,,,
1770642433.8292918,2279,1244,0.0004148828125,0.0004148828125,1718.384854087,,,,,,,,,,,,,,,,,,,,,
1770642433.9759972,2279,1245,,,1718.529848554,0.0030818788800388575,53.0,0.03619853034615517,0.0030818788800388575,0.00308188796043396,0.9864955544471741,,,,,,,,,,,,,,,
1770642439.8873615,2289,1246,0.0004144921875,0.0004144921875,1724.441276707,,,,,,,,,,,,,,,,,,,,,
1770642440.0513616,2289,1247,0.0004144921875,0.0004144921875,1724.606856415,,,,,,,,,,,,,,,,,,,,,
1770642440.2155304,2289,1248,0.0004144921875,0.0004144921875,1724.770857071,,,,,,,,,,,,,,,,,,,,,
1770642440.3793392,2289,1249,0.0004144921875,0.0004144921875,1724.934835584,,,,,,,,,,,,,,,,,,,,,
1770642440.5264664,2289,1250,,,1725.080277103,0.0029781016055494547,53.0,0.036245763301849365,0.0029781016055494547,0.0029781139455735683,0.9872964024543762,,,,,,,,,,,,,,,
1770642446.4406195,2299,1251,0.00041410156250000003,0.00041410156250000003,1730.998577892,,,,,,,,,,,,,,,,,,,,,
1770642446.6077435,2299,1252,0.00041410156250000003,0.00041410156250000003,1731.16387135,,,,,,,,,,,,,,,,,,,,,
1770642446.7721794,2299,1253,0.00041410156250000003,0.00041410156250000003,1731.327591555,,,,,,,,,,,,,,,,,,,,,
1770642446.9361002,2299,1254,0.00041410156250000003,0.00041410156250000003,1731.491865091,,,,,,,,,,,,,,,,,,,,,
1770642447.082777,2299,1255,,,1731.636600899,0.0037964237853884697,53.0,0.03986445441842079,0.0037964237853884697,0.003796387230977416,0.983492910861969,,,,,,,,,,,,,,,
1770642452.9965909,2309,1256,0.0004137109375,0.0004137109375,1737.550510144,,,,,,,,,,,,,,,,,,,,,
1770642453.1608336,2309,1257,0.0004137109375,0.0004137109375,1737.714668798,,,,,,,,,,,,,,,,,,,,,
1770642453.3249927,2309,1258,0.0004137109375,0.0004137109375,1737.880867356,,,,,,,,,,,,,,,,,,,,,
1770642453.4891493,2309,1259,0.0004137109375,0.0004137109375,1738.044848472,,,,,,,,,,,,,,,,,,,,,
1770642453.6362598,2309,1260,,,1738.190127747,0.004018072038888931,53.0,0.04081227630376816,0.004018072038888931,0.004018010105937719,0.9829533100128174,,,,,,,,,,,,,,,
1770642459.5487645,2319,1261,0.0004133203125,0.0004133203125,1744.102659215,,,,,,,,,,,,,,,,,,,,,
1770642459.712419,2319,1262,0.0004133203125,0.0004133203125,1744.26785693,,,,,,,,,,,,,,,,,,,,,
1770642459.8767219,2319,1263,0.0004133203125,0.0004133203125,1744.432853442,,,,,,,,,,,,,,,,,,,,,
1770642460.041353,2319,1264,0.0004133203125,0.0004133203125,1744.596842721,,,,,,,,,,,,,,,,,,,,,
1770642460.1881337,2319,1265,,,1744.741909577,0.003336872672662139,53.0,0.038600556552410126,0.003336872672662139,0.0033368489239364862,0.9856849908828735,,,,,,,,,,,,,,,
1770642463.6564624,2321,1266,,,1748.210192526,,53.0,,,,,0.9879758358001709,0.004284118767827749,0.004284110851585865,0.04509717598557472,0.004284118767827749,,,,,,,,,,
1770642465.322111,2321,1267,,,1749.876149611,,53.0,,,,,,,,,,0.0035103922709822655,0.0035103922709822655,0.9846766591072083,0.0035366045776754618,0.038533784449100494,,,,,
1770642469.9404566,2329,1268,0.0004129296875,0.0004129296875,1754.495885236,,,,,,,,,,,,,,,,,,,,,
1770642470.1042078,2329,1269,0.0004129296875,0.0004129296875,1754.659865421,,,,,,,,,,,,,,,,,,,,,
1770642470.2682285,2329,1270,0.0004129296875,0.0004129296875,1754.823836493,,,,,,,,,,,,,,,,,,,,,
1770642470.4323907,2329,1271,0.0004129296875,0.0004129296875,1754.987847365,,,,,,,,,,,,,,,,,,,,,
1770642470.5798554,2329,1272,,,1755.133601694,0.0026947788428515196,54.0,0.033918917179107666,0.0026947788428515196,0.0026947427541017532,0.9888765215873718,,,,,,,,,,,,,,,
1770642476.4912794,2339,1273,0.0004125390625,0.0004125390625,1761.04520906,,,,,,,,,,,,,,,,,,,,,
1770642476.6551456,2339,1274,0.0004125390625,0.0004125390625,1761.210908258,,,,,,,,,,,,,,,,,,,,,
1770642476.8188758,2339,1275,0.0004125390625,0.0004125390625,1761.374852269,,,,,,,,,,,,,,,,,,,,,
1770642476.9828496,2339,1276,0.0004125390625,0.0004125390625,1761.538853537,,,,,,,,,,,,,,,,,,,,,
1770642477.1297824,2339,1277,,,1761.683627783,0.002530885860323906,54.0,0.03265770897269249,0.002530885860323906,0.0025308921467512846,0.9895502924919128,,,,,,,,,,,,,,,
1770642483.0425754,2349,1278,0.0004121484375,0.0004121484375,1767.59653867,,,,,,,,,,,,,,,,,,,,,
1770642483.2076347,2349,1279,0.0004121484375,0.0004121484375,1767.762856317,,,,,,,,,,,,,,,,,,,,,
1770642483.3716774,2349,1280,0.0004121484375,0.0004121484375,1767.926846207,,,,,,,,,,,,,,,,,,,,,
1770642483.535446,2349,1281,0.0004121484375,0.0004121484375,1768.09083808,,,,,,,,,,,,,,,,,,,,,
1770642483.6820352,2349,1282,,,1768.235810965,0.003365432843565941,54.0,0.03726733848452568,0.003365432843565941,0.0033654591534286737,0.9858070611953735,,,,,,,,,,,,,,,
1770642489.5966702,2359,1283,0.0004117578125,0.0004117578125,1774.150574617,,,,,,,,,,,,,,,,,,,,,
1770642489.7606373,2359,1284,0.0004117578125,0.0004117578125,1774.314454252,,,,,,,,,,,,,,,,,,,,,
1770642489.924433,2359,1285,0.0004117578125,0.0004117578125,1774.478207507,,,,,,,,,,,,,,,,,,,,,
1770642490.0884278,2359,1286,0.0004117578125,0.0004117578125,1774.643846555,,,,,,,,,,,,,,,,,,,,,
1770642490.235589,2359,1287,,,1774.789460673,0.00313979247584939,54.0,0.037463199347257614,0.00313979247584939,0.003139791777357459,0.9868566393852234,,,,,,,,,,,,,,,
1770642495.6700573,2364,1288,,,1780.223846688,,54.0,,,,,0.9884200096130371,0.0035237246192991734,0.0035237115807831287,0.04220103099942207,0.0035237246192991734,,,,,,,,,,
1770642497.1387007,2364,1289,,,1781.692718683,,54.0,,,,,,,,,,0.003408988006412983,0.003408988006412983,0.9847789406776428,0.0035103801637887955,0.03844992071390152,,,,,
1770642499.7903295,2369,1290,0.0004113671875,0.0004113671875,1784.344240306,,,,,,,,,,,,,,,,,,,,,
1770642499.9541216,2369,1291,0.0004113671875,0.0004113671875,1784.509862218,,,,,,,,,,,,,,,,,,,,,
1770642500.118113,2369,1292,0.0004113671875,0.0004113671875,1784.673844067,,,,,,,,,,,,,,,,,,,,,
1770642500.2819114,2369,1293,0.0004113671875,0.0004113671875,1784.837839345,,,,,,,,,,,,,,,,,,,,,
1770642500.4291577,2369,1294,,,1784.982987664,0.0033101842273026705,55.0,0.036982204765081406,0.0033101842273026705,0.003310204017907381,0.9850911498069763,,,,,,,,,,,,,,,
1770642506.3451798,2379,1295,0.0004109765625,0.0004109765625,1790.899110202,,,,,,,,,,,,,,,,,,,,,
1770642506.5092552,2379,1296,0.0004109765625,0.0004109765625,1791.063077332,,,,,,,,,,,,,,,,,,,,,
1770642506.6731002,2379,1297,0.0004109765625,0.0004109765625,1791.2288662,,,,,,,,,,,,,,,,,,,,,
1770642506.8370855,2379,1298,0.0004109765625,0.0004109765625,1791.392851237,,,,,,,,,,,,,,,,,,,,,
1770642506.984171,2379,1299,,,1791.538024546,0.003615353722125292,55.0,0.040153868496418,0.003615353722125292,0.003615322755649686,0.9841126203536987,,,,,,,,,,,,,,,
1770642512.894856,2389,1300,0.0004105859375,0.0004105859375,1797.448768255,,,,,,,,,,,,,,,,,,,,,
1770642513.0592046,2389,1301,0.0004105859375,0.0004105859375,1797.614866778,,,,,,,,,,,,,,,,,,,,,
1770642513.2233052,2389,1302,0.0004105859375,0.0004105859375,1797.778837363,,,,,,,,,,,,,,,,,,,,,
1770642513.3866115,2389,1303,0.0004105859375,0.0004105859375,1797.941866544,,,,,,,,,,,,,,,,,,,,,
1770642513.5339696,2389,1304,,,1798.087818803,0.0031291304621845484,55.0,0.03661886975169182,0.0031291304621845484,0.0031291418708860874,0.9866098761558533,,,,,,,,,,,,,,,
1770642519.4459004,2399,1305,0.0004101953125,0.0004101953125,1804.001860024,,,,,,,,,,,,,,,,,,,,,
1770642519.6097775,2399,1306,0.0004101953125,0.0004101953125,1804.165838501,,,,,,,,,,,,,,,,,,,,,
1770642519.7735982,2399,1307,0.0004101953125,0.0004101953125,1804.328837356,,,,,,,,,,,,,,,,,,,,,
1770642519.9376369,2399,1308,0.0004101953125,0.0004101953125,1804.492842813,,,,,,,,,,,,,,,,,,,,,
1770642520.0848684,2399,1309,,,1804.638645999,0.003988762851804495,55.0,0.0406612865626812,0.003988762851804495,0.0039887987077236176,0.9828121066093445,,,,,,,,,,,,,,,
1770642527.5083892,2407,1310,,,1812.062150255,,55.0,,,,,0.9876802563667297,0.0037819072604179382,0.003781901439651847,0.043239958584308624,0.0037819072604179382,,,,,,,,,,
1770642529.1489685,2407,1311,,,1813.702950451,,55.0,,,,,,,,,,0.003405328607186675,0.003405328607186675,0.9852196574211121,0.0034089796245098114,0.0376192182302475,,,,,
1770642529.8514585,2409,1312,0.0004098046875,0.0004098046875,1814.407007252,,,,,,,,,,,,,,,,,,,,,
1770642530.021427,2409,1313,0.0004098046875,0.0004098046875,1814.575280082,,,,,,,,,,,,,,,,,,,,,
1770642530.190784,2409,1314,0.0004098046875,0.0004098046875,1814.744662539,,,,,,,,,,,,,,,,,,,,,
1770642530.3609247,2409,1315,0.0004098046875,0.0004098046875,1814.916897503,,,,,,,,,,,,,,,,,,,,,
1770642530.5086465,2409,1316,,,1815.062549922,0.0025497993919998407,56.0,0.03377257287502289,0.0025497993919998407,0.0025497982278466225,0.9887637495994568,,,,,,,,,,,,,,,
1770642536.5451872,2419,1317,0.0004094140625,0.0004094140625,1821.099121158,,,,,,,,,,,,,,,,,,,,,
1770642536.7096868,2419,1318,0.0004094140625,0.0004094140625,1821.264870125,,,,,,,,,,,,,,,,,,,,,
1770642536.8738744,2419,1319,0.0004094140625,0.0004094140625,1821.427653626,,,,,,,,,,,,,,,,,,,,,
1770642537.0373728,2419,1320,0.0004094140625,0.0004094140625,1821.592849543,,,,,,,,,,,,,,,,,,,,,
1770642537.1839616,2419,1321,,,1821.737748099,0.0028059931937605143,56.0,0.03467671200633049,0.0028059931937605143,0.0028059883043169975,0.9883766174316406,,,,,,,,,,,,,,,
1770642543.096623,2429,1322,0.0004090234375,0.0004090234375,1827.650540472,,,,,,,,,,,,,,,,,,,,,
1770642543.2611327,2429,1323,0.0004090234375,0.0004090234375,1827.816877713,,,,,,,,,,,,,,,,,,,,,
1770642543.42512,2429,1324,0.0004090234375,0.0004090234375,1827.980858514,,,,,,,,,,,,,,,,,,,,,
1770642543.5890827,2429,1325,0.0004090234375,0.0004090234375,1828.144842679,,,,,,,,,,,,,,,,,,,,,
1770642543.7367327,2429,1326,,,1828.290597702,0.002942071994766593,56.0,0.03617094084620476,0.002942071994766593,0.002942086197435856,0.9868595004081726,,,,,,,,,,,,,,,
1770642549.6517096,2439,1327,0.00040863281250000003,0.00040863281250000003,1834.205600944,,,,,,,,,,,,,,,,,,,,,
1770642549.8157089,2439,1328,0.00040863281250000003,0.00040863281250000003,1834.369538179,,,,,,,,,,,,,,,,,,,,,
1770642549.9795387,2439,1329,0.00040863281250000003,0.00040863281250000003,1834.53330678,,,,,,,,,,,,,,,,,,,,,
1770642550.1431584,2439,1330,0.00040863281250000003,0.00040863281250000003,1834.698869648,,,,,,,,,,,,,,,,,,,,,
1770642550.290372,2439,1331,,,1834.844305191,0.0028352183289825916,56.0,0.03369596228003502,0.0028352183289825916,0.0028351976070553064,0.9876232147216797,,,,,,,,,,,,,,,
1770642556.2092798,2449,1332,0.0004082421875,0.0004082421875,1840.763201,,,,,,,,,,,,,,,,,,,,,
1770642556.373071,2449,1333,0.0004082421875,0.0004082421875,1840.928856066,,,,,,,,,,,,,,,,,,,,,
1770642556.5373392,2449,1334,0.0004082421875,0.0004082421875,1841.092846671,,,,,,,,,,,,,,,,,,,,,
1770642556.7039745,2449,1335,0.0004082421875,0.0004082421875,1841.259849912,,,,,,,,,,,,,,,,,,,,,
1770642556.8513384,2449,1336,,,1841.405181098,0.0031014271080493927,56.0,0.03650777414441109,0.0031014271080493927,0.0031014224514365196,0.9867421984672546,,,,,,,,,,,,,,,
1770642559.6696253,2450,1337,,,1844.223332208,,56.0,,,,,0.9887444972991943,0.003526031970977783,0.003526015905663371,0.0404440313577652,0.003526031970977783,,,,,,,,,,
1770642561.2050269,2450,1338,,,1845.759077386,,56.0,,,,,,,,,,0.0032859300263226032,0.0032859300263226032,0.9852274656295776,0.0034053155686706305,0.03762971982359886,,,,,
1770642566.4874377,2459,1339,0.0004078515625,0.0004078515625,1851.041365816,,,,,,,,,,,,,,,,,,,,,
1770642566.6511467,2459,1340,0.0004078515625,0.0004078515625,1851.204975999,,,,,,,,,,,,,,,,,,,,,
1770642566.8159513,2459,1341,0.0004078515625,0.0004078515625,1851.371859851,,,,,,,,,,,,,,,,,,,,,
1770642566.9806018,2459,1342,0.0004078515625,0.0004078515625,1851.534908651,,,,,,,,,,,,,,,,,,,,,
1770642567.127797,2459,1343,,,1851.681620381,0.00350255542434752,57.0,0.03798307105898857,0.00350255542434752,0.0035025940742343664,0.9849236607551575,,,,,,,,,,,,,,,
1770642573.0453696,2469,1344,0.0004074609375,0.0004074609375,1857.60088739,,,,,,,,,,,,,,,,,,,,,
1770642573.2094686,2469,1345,0.0004074609375,0.0004074609375,1857.764850874,,,,,,,,,,,,,,,,,,,,,
1770642573.3734593,2469,1346,0.0004074609375,0.0004074609375,1857.928858124,,,,,,,,,,,,,,,,,,,,,
1770642573.5375977,2469,1347,0.0004074609375,0.0004074609375,1858.092835879,,,,,,,,,,,,,,,,,,,,,
1770642573.6846905,2469,1348,,,1858.238498613,0.0035383219365030527,57.0,0.03906752169132233,0.0035383219365030527,0.003538340562954545,0.9847142696380615,,,,,,,,,,,,,,,
1770642579.6051753,2479,1349,0.0004070703125,0.0004070703125,1864.159021998,,,,,,,,,,,,,,,,,,,,,
1770642579.7690704,2479,1350,0.0004070703125,0.0004070703125,1864.324844234,,,,,,,,,,,,,,,,,,,,,
1770642579.9333973,2479,1351,0.0004070703125,0.0004070703125,1864.488843212,,,,,,,,,,,,,,,,,,,,,
1770642580.0974295,2479,1352,0.0004070703125,0.0004070703125,1864.652848999,,,,,,,,,,,,,,,,,,,,,
1770642580.24471,2479,1353,,,1864.798520806,0.0027870829217135906,57.0,0.03446817398071289,0.0027870829217135906,0.0027870635967701674,0.9885954260826111,,,,,,,,,,,,,,,
1770642586.1655822,2489,1354,0.00040667968750000003,0.00040667968750000003,1870.719509567,,,,,,,,,,,,,,,,,,,,,
1770642586.3295934,2489,1355,0.00040667968750000003,0.00040667968750000003,1870.884858012,,,,,,,,,,,,,,,,,,,,,
1770642586.4933784,2489,1356,0.00040667968750000003,0.00040667968750000003,1871.048843219,,,,,,,,,,,,,,,,,,,,,
1770642586.6579518,2489,1357,0.00040667968750000003,0.00040667968750000003,1871.213857231,,,,,,,,,,,,,,,,,,,,,
1770642586.804917,2489,1358,,,1871.358676497,0.0030294277239590883,57.0,0.03566563129425049,0.0030294277239590883,0.0030293709132820368,0.9868196249008179,,,,,,,,,,,,,,,
1770642591.6330912,2493,1359,,,1876.186788918,,57.0,,,,,0.9888644814491272,0.0035471287555992603,0.003547112690284848,0.040393732488155365,0.0035471287555992603,,,,,,,,,,
1770642593.1972191,2493,1360,,,1877.751254009,,57.0,,,,,,,,,,0.0032395601738244295,0.0032395601738244295,0.9857568740844727,0.0032859172206372023,0.036857787519693375,,,,,
1770642596.6091285,2499,1361,0.0004062890625,0.0004062890625,1881.163066241,,,,,,,,,,,,,,,,,,,,,
1770642596.776699,2499,1362,0.0004062890625,0.0004062890625,1881.331880804,,,,,,,,,,,,,,,,,,,,,
1770642596.9472413,2499,1363,0.0004062890625,0.0004062890625,1881.502868963,,,,,,,,,,,,,,,,,,,,,
1770642597.1172843,2499,1364,0.0004062890625,0.0004062890625,1881.672885553,,,,,,,,,,,,,,,,,,,,,
1770642597.2649264,2499,1365,,,1881.818845032,0.0027580028399825096,58.0,0.03506001457571983,0.0027580028399825096,0.0027579814195632935,0.988051176071167,,,,,,,,,,,,,,,
1770642603.380109,2509,1366,0.0004058984375,0.0004058984375,1887.934026153,,,,,,,,,,,,,,,,,,,,,
1770642603.5488763,2509,1367,0.0004058984375,0.0004058984375,1888.103896443,,,,,,,,,,,,,,,,,,,,,
1770642603.718578,2509,1368,0.0004058984375,0.0004058984375,1888.273873372,,,,,,,,,,,,,,,,,,,,,
1770642603.889723,2509,1369,0.0004058984375,0.0004058984375,1888.44490002,,,,,,,,,,,,,,,,,,,,,
1770642604.037362,2509,1370,,,1888.591288534,0.002856833627447486,58.0,0.034183308482170105,0.002856833627447486,0.0028568420093506575,0.9871715307235718,,,,,,,,,,,,,,,
1770642610.1677022,2519,1371,0.0004055078125,0.0004055078125,1894.723006531,,,,,,,,,,,,,,,,,,,,,
1770642610.3401303,2519,1372,0.0004055078125,0.0004055078125,1894.894909095,,,,,,,,,,,,,,,,,,,,,
1770642610.5062509,2519,1373,0.0004055078125,0.0004055078125,1895.06186865,,,,,,,,,,,,,,,,,,,,,
1770642610.6775105,2519,1374,0.0004055078125,0.0004055078125,1895.231367341,,,,,,,,,,,,,,,,,,,,,
1770642610.8252747,2519,1375,,,1895.379197602,0.0028061913326382637,58.0,0.03442559391260147,0.0028061913326382637,0.002806175034493208,0.9881646037101746,,,,,,,,,,,,,,,
1770642616.9411125,2529,1376,0.0004051171875,0.0004051171875,1901.496886205,,,,,,,,,,,,,,,,,,,,,
1770642617.108842,2529,1377,0.0004051171875,0.0004051171875,1901.66386586,,,,,,,,,,,,,,,,,,,,,
1770642617.2801971,2529,1378,0.0004051171875,0.0004051171875,1901.834043842,,,,,,,,,,,,,,,,,,,,,
1770642617.4497035,2529,1379,0.0004051171875,0.0004051171875,1902.00485805,,,,,,,,,,,,,,,,,,,,,
1770642617.5973403,2529,1380,,,1902.151336289,0.002806901466101408,58.0,0.0346134677529335,0.002806901466101408,0.0028068572282791138,0.9879851937294006,,,,,,,,,,,,,,,
1770642624.5713544,2536,1381,,,1909.125070384,,58.0,,,,,0.988783061504364,0.0038381265476346016,0.0038381146732717752,0.041654299944639206,0.0038381265476346016,,,,,,,,,,
1770642624.5728302,2536,1382,,,1909.12648551,,58.0,,,,,,,,,,0.0031713037751615047,0.0031713037751615047,0.9859721064567566,0.0032395527232438326,0.036497242748737335,,,,,
1770642625.9454172,2539,1383,0.00040472656250000003,0.00040472656250000003,1910.500985012,,,,,,,,,,,,,,,,,,,,,
1770642626.1159263,2539,1384,0.00040472656250000003,0.00040472656250000003,1910.669778343,,,,,,,,,,,,,,,,,,,,,
1770642626.2863822,2539,1385,0.00040472656250000003,0.00040472656250000003,1910.840262014,,,,,,,,,,,,,,,,,,,,,
1770642626.457443,2539,1386,0.00040472656250000003,0.00040472656250000003,1911.011307369,,,,,,,,,,,,,,,,,,,,,
1770642626.605268,2539,1387,,,1911.159134895,0.0029076216742396355,59.0,0.035145584493875504,0.0029076216742396355,0.0029076258651912212,0.9876481890678406,,,,,,,,,,,,,,,
1770642632.531686,2549,1388,0.0004043359375,0.0004043359375,1917.085604391,,,,,,,,,,,,,,,,,,,,,
1770642632.6957865,2549,1389,0.0004043359375,0.0004043359375,1917.25185391,,,,,,,,,,,,,,,,,,,,,
1770642632.8595936,2549,1390,0.0004043359375,0.0004043359375,1917.414837961,,,,,,,,,,,,,,,,,,,,,
1770642633.023268,2549,1391,0.0004043359375,0.0004043359375,1917.578843858,,,,,,,,,,,,,,,,,,,,,
1770642633.17009,2549,1392,,,1917.723949344,0.0027224861551076174,59.0,0.03489545360207558,0.0027224861551076174,0.002722448669373989,0.9882553815841675,,,,,,,,,,,,,,,
1770642639.0853586,2559,1393,0.0004039453125,0.0004039453125,1923.639122553,,,,,,,,,,,,,,,,,,,,,
1770642639.2492037,2559,1394,0.0004039453125,0.0004039453125,1923.804857458,,,,,,,,,,,,,,,,,,,,,
1770642639.4138086,2559,1395,0.0004039453125,0.0004039453125,1923.969842296,,,,,,,,,,,,,,,,,,,,,
1770642639.5778828,2559,1396,0.0004039453125,0.0004039453125,1924.133841032,,,,,,,,,,,,,,,,,,,,,
1770642639.7248085,2559,1397,,,1924.278611133,0.0028803604654967785,59.0,0.03426890820264816,0.0028803604654967785,0.0028803700115531683,0.9874852895736694,,,,,,,,,,,,,,,
1770642645.6387367,2569,1398,0.0004035546875,0.0004035546875,1930.192655874,,,,,,,,,,,,,,,,,,,,,
1770642645.8031166,2569,1399,0.0004035546875,0.0004035546875,1930.356943414,,,,,,,,,,,,,,,,,,,,,
1770642645.9671695,2569,1400,0.0004035546875,0.0004035546875,1930.522857698,,,,,,,,,,,,,,,,,,,,,
1770642646.1309235,2569,1401,0.0004035546875,0.0004035546875,1930.68467108,,,,,,,,,,,,,,,,,,,,,
1770642646.2778952,2569,1402,,,1930.831732856,0.003159317886456847,59.0,0.03638934716582298,0.003159317886456847,0.003159301122650504,0.986142635345459,,,,,,,,,,,,,,,
1770642652.1933424,2579,1403,0.0004031640625,0.0004031640625,1936.747256205,,,,,,,,,,,,,,,,,,,,,
1770642652.3570828,2579,1404,0.0004031640625,0.0004031640625,1936.910870693,,,,,,,,,,,,,,,,,,,,,
1770642652.5208886,2579,1405,0.0004031640625,0.0004031640625,1937.076845228,,,,,,,,,,,,,,,,,,,,,
1770642652.673774,2579,1406,0.0004031640625,0.0004031640625,1937.230836737,,,,,,,,,,,,,,,,,,,,,
1770642652.7326071,2579,1407,,,1937.286369935,0.003656599437817931,59.0,0.03893675282597542,0.003656599437817931,0.0036565945483744144,0.9843699336051941,,,,,,,,,,,,,,,
1770642654.985932,2579,1408,,,1939.539671232,,59.0,,,,,0.9889816045761108,0.0037376806139945984,0.003737666178494692,0.04180087521672249,0.0037376806139945984,,,,,,,,,,
1770642654.987349,2579,1409,,,1939.541018206,,59.0,,,,,,,,,,0.0031379228457808495,0.0031379228457808495,0.9862566590309143,0.0031712884083390236,0.03600601479411125,,,,,
1770642660.905059,2589,1410,0.00040277343750000003,0.00040277343750000003,1945.458975369,,,,,,,,,,,,,,,,,,,,,
1770642661.0693085,2589,1411,0.00040277343750000003,0.00040277343750000003,1945.623119483,,,,,,,,,,,,,,,,,,,,,
1770642661.2336879,2589,1412,0.00040277343750000003,0.00040277343750000003,1945.788863031,,,,,,,,,,,,,,,,,,,,,
1770642661.3978,2589,1413,0.00040277343750000003,0.00040277343750000003,1945.953842901,,,,,,,,,,,,,,,,,,,,,
1770642661.5448241,2589,1414,,,1946.098673874,0.0028091988060623407,60.0,0.03458213806152344,0.0028091988060623407,0.0028091801796108484,0.9883812069892883,,,,,,,,,,,,,,,
1770642667.4598856,2599,1415,0.0004023828125,0.0004023828125,1952.013821723,,,,,,,,,,,,,,,,,,,,,
1770642667.6243086,2599,1416,0.0004023828125,0.0004023828125,1952.179852562,,,,,,,,,,,,,,,,,,,,,
1770642667.7882872,2599,1417,0.0004023828125,0.0004023828125,1952.343842755,,,,,,,,,,,,,,,,,,,,,
1770642667.9521036,2599,1418,0.0004023828125,0.0004023828125,1952.507836593,,,,,,,,,,,,,,,,,,,,,
1770642668.098984,2599,1419,,,1952.652854948,0.003025440499186516,60.0,0.03637238219380379,0.003025440499186516,0.0030254556331783533,0.9869910478591919,,,,,,,,,,,,,,,
1770642674.0144334,2609,1420,0.0004019921875,0.0004019921875,1958.568349474,,,,,,,,,,,,,,,,,,,,,
1770642674.1784687,2609,1421,0.0004019921875,0.0004019921875,1958.733863988,,,,,,,,,,,,,,,,,,,,,
1770642674.3424404,2609,1422,0.0004019921875,0.0004019921875,1958.897849293,,,,,,,,,,,,,,,,,,,,,
1770642674.5062025,2609,1423,0.0004019921875,0.0004019921875,1959.061837113,,,,,,,,,,,,,,,,,,,,,
1770642674.6534424,2609,1424,,,1959.207233535,0.0026004533283412457,60.0,0.03395392745733261,0.0026004533283412457,0.002600432140752673,0.9892725348472595,,,,,,,,,,,,,,,
1770642680.5723383,2619,1425,0.0004016015625,0.0004016015625,1965.12620938,,,,,,,,,,,,,,,,,,,,,
1770642680.7364762,2619,1426,0.0004016015625,0.0004016015625,1965.29028437,,,,,,,,,,,,,,,,,,,,,
1770642680.9004896,2619,1427,0.0004016015625,0.0004016015625,1965.455853355,,,,,,,,,,,,,,,,,,,,,
1770642681.0643651,2619,1428,0.0004016015625,0.0004016015625,1965.619841956,,,,,,,,,,,,,,,,,,,,,
1770642681.211433,2619,1429,,,1965.765255794,0.0034130746498703957,60.0,0.03743179142475128,0.0034130746498703957,0.0034130162093788385,0.98499995470047,,,,,,,,,,,,,,,
1770642685.343638,2622,1430,,,1969.897380314,,60.0,,,,,0.9891006946563721,0.003271979046985507,0.0032719571609050035,0.037582073360681534,0.003271979046985507,,,,,,,,,,
1770642686.9304955,2622,1431,,,1971.484511113,,60.0,,,,,,,,,,0.0031022829934954643,0.0031022829934954643,0.986404538154602,0.0031379072461277246,0.035801637917757034,,,,,
1770642690.8913016,2629,1432,0.0004012109375,0.0004012109375,1975.445216335,,,,,,,,,,,,,,,,,,,,,
1770642691.0553808,2629,1433,0.0004012109375,0.0004012109375,1975.609193658,,,,,,,,,,,,,,,,,,,,,
1770642691.2195652,2629,1434,0.0004012109375,0.0004012109375,1975.774864616,,,,,,,,,,,,,,,,,,,,,
1770642691.3839147,2629,1435,0.0004012109375,0.0004012109375,1975.937710619,,,,,,,,,,,,,,,,,,,,,
1770642691.531109,2629,1436,,,1976.084981539,0.0035014483146369457,61.0,0.03797215595841408,0.0035014483146369457,0.0035014089662581682,0.9855558276176453,,,,,,,,,,,,,,,
1770642697.4453945,2639,1437,0.0004008203125,0.0004008203125,1981.999317875,,,,,,,,,,,,,,,,,,,,,
1770642697.6099546,2639,1438,0.0004008203125,0.0004008203125,1982.165866281,,,,,,,,,,,,,,,,,,,,,
1770642697.7743397,2639,1439,0.0004008203125,0.0004008203125,1982.329843124,,,,,,,,,,,,,,,,,,,,,
1770642697.93779,2639,1440,0.0004008203125,0.0004008203125,1982.493853677,,,,,,,,,,,,,,,,,,,,,
1770642698.084963,2639,1441,,,1982.638822477,0.003316371003165841,61.0,0.03694194182753563,0.003316371003165841,0.003316357498988509,0.9857494831085205,,,,,,,,,,,,,,,
1770642704.00103,2649,1442,0.0004004296875,0.0004004296875,1988.554955891,,,,,,,,,,,,,,,,,,,,,
1770642704.1653814,2649,1443,0.0004004296875,0.0004004296875,1988.720863835,,,,,,,,,,,,,,,,,,,,,
1770642704.3293264,2649,1444,0.0004004296875,0.0004004296875,1988.884840126,,,,,,,,,,,,,,,,,,,,,
1770642704.4930584,2649,1445,0.0004004296875,0.0004004296875,1989.048839543,,,,,,,,,,,,,,,,,,,,,
1770642704.6402016,2649,1446,,,1989.194018288,0.003215862438082695,61.0,0.03589467331767082,0.003215862438082695,0.003215873148292303,0.9862100481987,,,,,,,,,,,,,,,
1770642710.5702832,2659,1447,0.0004000390625,0.0004000390625,1995.124183594,,,,,,,,,,,,,,,,,,,,,
1770642710.7347379,2659,1448,0.0004000390625,0.0004000390625,1995.289856645,,,,,,,,,,,,,,,,,,,,,
1770642710.8991475,2659,1449,0.0004000390625,0.0004000390625,1995.454844066,,,,,,,,,,,,,,,,,,,,,
1770642711.0630486,2659,1450,0.0004000390625,0.0004000390625,1995.618840057,,,,,,,,,,,,,,,,,,,,,
1770642711.2099774,2659,1451,,,1995.763812683,0.0030417756643146276,61.0,0.034926943480968475,0.0030417756643146276,0.0030417877715080976,0.9868829250335693,,,,,,,,,,,,,,,
1770642717.294832,2665,1452,,,2001.848618209,,61.0,,,,,0.9893710613250732,0.0034188309218734503,0.0034188132267445326,0.039022572338581085,0.0034188309218734503,,,,,,,,,,
1770642718.9521015,2665,1453,,,2003.506126719,,61.0,,,,,,,,,,0.0030495848041027784,0.0030495848041027784,0.9865721464157104,0.0031022720504552126,0.0358547605574131,,,,,
1770642720.9467638,2669,1454,0.0003996484375,0.0003996484375,2005.500692633,,,,,,,,,,,,,,,,,,,,,
1770642721.1109128,2669,1455,0.0003996484375,0.0003996484375,2005.666865114,,,,,,,,,,,,,,,,,,,,,
1770642721.2750227,2669,1456,0.0003996484375,0.0003996484375,2005.830834325,,,,,,,,,,,,,,,,,,,,,
1770642721.4391477,2669,1457,0.0003996484375,0.0003996484375,2005.994842374,,,,,,,,,,,,,,,,,,,,,
1770642721.5859642,2669,1458,,,2006.139764904,0.0037985662929713726,62.0,0.037848860025405884,0.0037985662929713726,0.0037985818926244974,0.9830778241157532,,,,,,,,,,,,,,,
1770642727.5016098,2679,1459,0.0003992578125,0.0003992578125,2012.055528632,,,,,,,,,,,,,,,,,,,,,
1770642727.6655917,2679,1460,0.0003992578125,0.0003992578125,2012.219407647,,,,,,,,,,,,,,,,,,,,,
1770642727.8302274,2679,1461,0.0003992578125,0.0003992578125,2012.384867208,,,,,,,,,,,,,,,,,,,,,
1770642727.9942038,2679,1462,0.0003992578125,0.0003992578125,2012.549837212,,,,,,,,,,,,,,,,,,,,,
1770642728.1408367,2679,1463,,,2012.694693402,0.0031412008684128523,62.0,0.03655152767896652,0.0031412008684128523,0.003141220659017563,0.985956072807312,,,,,,,,,,,,,,,
1770642734.0536697,2689,1464,0.0003988671875,0.0003988671875,2018.607594296,,,,,,,,,,,,,,,,,,,,,
1770642734.217812,2689,1465,0.0003988671875,0.0003988671875,2018.773847068,,,,,,,,,,,,,,,,,,,,,
1770642734.3824184,2689,1466,0.0003988671875,0.0003988671875,2018.93784377,,,,,,,,,,,,,,,,,,,,,
1770642734.5463324,2689,1467,0.0003988671875,0.0003988671875,2019.101835715,,,,,,,,,,,,,,,,,,,,,
1770642734.6933956,2689,1468,,,2019.247210334,0.0039857421070337296,62.0,0.03508501499891281,0.0039857421070337296,0.0039856918156147,0.9837299585342407,,,,,,,,,,,,,,,
1770642740.6066644,2699,1469,0.0003984765625,0.0003984765625,2025.160536133,,,,,,,,,,,,,,,,,,,,,
1770642740.7716236,2699,1470,0.0003984765625,0.0003984765625,2025.32595357,,,,,,,,,,,,,,,,,,,,,
1770642740.9351063,2699,1471,0.0003984765625,0.0003984765625,2025.490854951,,,,,,,,,,,,,,,,,,,,,
1770642741.0987728,2699,1472,0.0003984765625,0.0003984765625,2025.654885474,,,,,,,,,,,,,,,,,,,,,
1770642741.245474,2699,1473,,,2025.799347752,0.0027573229745030403,62.0,0.03368037939071655,0.0027573229745030403,0.002757331356406212,0.9878346920013428,,,,,,,,,,,,,,,
1770642749.2945,2708,1474,,,2033.848319875,,62.0,,,,,0.9894604682922363,0.003184810047969222,0.003184787230566144,0.03771916776895523,0.003184810047969222,,,,,,,,,,
1770642750.8500636,2708,1475,,,2035.404077814,,62.0,,,,,,,,,,0.0029778829775750637,0.0029778829775750637,0.9868018627166748,0.003049571067094803,0.03539646044373512,,,,,
1770642750.8794427,2709,1476,0.0003980859375,0.0003980859375,2035.433261608,,,,,,,,,,,,,,,,,,,,,
1770642751.0438745,2709,1477,0.0003980859375,0.0003980859375,2035.59766493,,,,,,,,,,,,,,,,,,,,,
1770642751.209178,2709,1478,0.0003980859375,0.0003980859375,2035.76384979,,,,,,,,,,,,,,,,,,,,,
1770642751.3728144,2709,1479,0.0003980859375,0.0003980859375,2035.928834246,,,,,,,,,,,,,,,,,,,,,
1770642751.5197875,2709,1480,,,2036.073650777,0.002124747494235635,63.0,0.02999103255569935,0.002124747494235635,0.0021247246768325567,0.9913175106048584,,,,,,,,,,,,,,,
1770642757.4361153,2719,1481,0.0003976953125,0.0003976953125,2041.990055525,,,,,,,,,,,,,,,,,,,,,
1770642757.6005156,2719,1482,0.0003976953125,0.0003976953125,2042.155861896,,,,,,,,,,,,,,,,,,,,,
1770642757.7648828,2719,1483,0.0003976953125,0.0003976953125,2042.32084454,,,,,,,,,,,,,,,,,,,,,
1770642757.9282622,2719,1484,0.0003976953125,0.0003976953125,2042.482048515,,,,,,,,,,,,,,,,,,,,,
1770642758.0750568,2719,1485,,,2042.628923819,0.003046915167942643,63.0,0.035479456186294556,0.003046915167942643,0.0030469070188701153,0.9864720702171326,,,,,,,,,,,,,,,
1770642763.989121,2729,1486,0.0003973046875,0.0003973046875,2048.544893361,,,,,,,,,,,,,,,,,,,,,
1770642764.152939,2729,1487,0.0003973046875,0.0003973046875,2048.708844604,,,,,,,,,,,,,,,,,,,,,
1770642764.317163,2729,1488,0.0003973046875,0.0003973046875,2048.872835687,,,,,,,,,,,,,,,,,,,,,
1770642764.48112,2729,1489,0.0003973046875,0.0003973046875,2049.036847121,,,,,,,,,,,,,,,,,,,,,
1770642764.627838,2729,1490,,,2049.181593676,0.003052349900826812,63.0,0.03539768233895302,0.003052349900826812,0.003052328247576952,0.9872123003005981,,,,,,,,,,,,,,,
1770642770.550929,2739,1491,0.0003969140625,0.0003969140625,2055.104803845,,,,,,,,,,,,,,,,,,,,,
1770642770.7155557,2739,1492,0.0003969140625,0.0003969140625,2055.269385436,,,,,,,,,,,,,,,,,,,,,
1770642770.8799715,2739,1493,0.0003969140625,0.0003969140625,2055.435860892,,,,,,,,,,,,,,,,,,,,,
1770642771.0437744,2739,1494,0.0003969140625,0.0003969140625,2055.599841499,,,,,,,,,,,,,,,,,,,,,
1770642771.1906128,2739,1495,,,2055.744450057,0.002471659332513809,63.0,0.031408268958330154,0.002471659332513809,0.0024716586340218782,0.9901788830757141,,,,,,,,,,,,,,,
1770642777.108495,2749,1496,0.0003965234375,0.0003965234375,2061.662412729,,,,,,,,,,,,,,,,,,,,,
1770642777.2727418,2749,1497,0.0003965234375,0.0003965234375,2061.828855265,,,,,,,,,,,,,,,,,,,,,
1770642777.4362433,2749,1498,0.0003965234375,0.0003965234375,2061.991841588,,,,,,,,,,,,,,,,,,,,,
1770642777.600984,2749,1499,0.0003965234375,0.0003965234375,2062.156843671,,,,,,,,,,,,,,,,,,,,,
1770642777.7480175,2749,1500,,,2062.301838819,0.0026537426747381687,63.0,0.03373757004737854,0.0026537426747381687,0.002653717529028654,0.9886249899864197,,,,,,,,,,,,,,,
1770642781.2142043,2751,1501,,,2065.767937289,,63.0,,,,,0.9896016120910645,0.0031730588525533676,0.0031730406917631626,0.037334688007831573,0.0031730588525533676,,,,,,,,,,
1770642782.8947423,2751,1502,,,2067.448754296,,63.0,,,,,,,,,,0.0029834466986358166,0.0029834466986358166,0.9871053695678711,0.0029778725001960993,0.0348435640335083,,,,,
1770642787.5122275,2759,1503,0.0003961328125,0.0003961328125,2072.066163333,,,,,,,,,,,,,,,,,,,,,
1770642787.6769538,2759,1504,0.0003961328125,0.0003961328125,2072.232872159,,,,,,,,,,,,,,,,,,,,,
1770642787.8412333,2759,1505,0.0003961328125,0.0003961328125,2072.396867669,,,,,,,,,,,,,,,,,,,,,
1770642788.004884,2759,1506,0.0003961328125,0.0003961328125,2072.560842517,,,,,,,,,,,,,,,,,,,,,
1770642788.152155,2759,1507,,,2072.706024827,0.002961796475574374,64.0,0.03521855175495148,0.002961796475574374,0.0029617950785905123,0.9875731468200684,,,,,,,,,,,,,,,
1770642794.0706956,2769,1508,0.00039574218750000004,0.00039574218750000004,2078.624607643,,,,,,,,,,,,,,,,,,,,,
1770642794.234525,2769,1509,0.00039574218750000004,0.00039574218750000004,2078.78833528,,,,,,,,,,,,,,,,,,,,,
1770642794.3988137,2769,1510,0.00039574218750000004,0.00039574218750000004,2078.952608517,,,,,,,,,,,,,,,,,,,,,
1770642794.563139,2769,1511,0.00039574218750000004,0.00039574218750000004,2079.118847237,,,,,,,,,,,,,,,,,,,,,
1770642794.710331,2769,1512,,,2079.264179182,0.0031536929309368134,64.0,0.03617732599377632,0.0031536929309368134,0.0031536812894046307,0.9865570068359375,,,,,,,,,,,,,,,
1770642800.626744,2779,1513,0.0003953515625,0.0003953515625,2085.180619867,,,,,,,,,,,,,,,,,,,,,
1770642800.7916853,2779,1514,0.0003953515625,0.0003953515625,2085.346865547,,,,,,,,,,,,,,,,,,,,,
1770642800.9554613,2779,1515,0.0003953515625,0.0003953515625,2085.50920642,,,,,,,,,,,,,,,,,,,,,
1770642801.1194785,2779,1516,0.0003953515625,0.0003953515625,2085.674843907,,,,,,,,,,,,,,,,,,,,,
1770642801.2663472,2779,1517,,,2085.820181169,0.0034255515784025192,64.0,0.03613676875829697,0.0034255515784025192,0.0034254875499755144,0.98478764295578,,,,,,,,,,,,,,,
1770642807.1841853,2789,1518,0.0003949609375,0.0003949609375,2091.738103147,,,,,,,,,,,,,,,,,,,,,
1770642807.3483343,2789,1519,0.0003949609375,0.0003949609375,2091.902149202,,,,,,,,,,,,,,,,,,,,,
1770642807.512728,2789,1520,0.0003949609375,0.0003949609375,2092.068859341,,,,,,,,,,,,,,,,,,,,,
1770642807.6769598,2789,1521,0.0003949609375,0.0003949609375,2092.230756106,,,,,,,,,,,,,,,,,,,,,
1770642807.8240364,2789,1522,,,2092.37786435,0.002453153720125556,64.0,0.032179635018110275,0.002453153720125556,0.002453105989843607,0.9893726110458374,,,,,,,,,,,,,,,
1770642813.253046,2794,1523,,,2097.806770591,,64.0,,,,,0.9898414611816406,0.0030001234263181686,0.0030001061968505383,0.03776460886001587,0.0030001234263181686,,,,,,,,,,
1770642814.8338702,2794,1524,,,2099.387889242,,64.0,,,,,,,,,,0.002906228881329298,0.002906228881329298,0.9870852828025818,0.002983435522764921,0.03491737321019173,,,,,
1770642817.5779746,2799,1525,0.0003945703125,0.0003945703125,2102.131919852,,,,,,,,,,,,,,,,,,,,,
1770642817.7472796,2799,1526,0.0003945703125,0.0003945703125,2102.302908119,,,,,,,,,,,,,,,,,,,,,
1770642817.9173317,2799,1527,0.0003945703125,0.0003945703125,2102.471171912,,,,,,,,,,,,,,,,,,,,,
1770642818.087939,2799,1528,0.0003945703125,0.0003945703125,2102.642869494,,,,,,,,,,,,,,,,,,,,,
1770642818.2359686,2799,1529,,,2102.789892209,0.0027193843852728605,65.0,0.03297765180468559,0.0027193843852728605,0.0027193755377084017,0.9888045787811279,,,,,,,,,,,,,,,
1770642824.4078922,2809,1530,0.0003941796875,0.0003941796875,2108.961804631,,,,,,,,,,,,,,,,,,,,,
1770642824.5781937,2809,1531,0.0003941796875,0.0003941796875,2109.132900339,,,,,,,,,,,,,,,,,,,,,
1770642824.7487729,2809,1532,0.0003941796875,0.0003941796875,2109.30391143,,,,,,,,,,,,,,,,,,,,,
1770642824.9197094,2809,1533,0.0003941796875,0.0003941796875,2109.474882861,,,,,,,,,,,,,,,,,,,,,
1770642825.0676363,2809,1534,,,2109.621567578,0.002793241059407592,65.0,0.03406280279159546,0.002793241059407592,0.00279321800917387,0.9881684184074402,,,,,,,,,,,,,,,
1770642831.2026112,2819,1535,0.00039378906250000004,0.00039378906250000004,2115.756552518,,,,,,,,,,,,,,,,,,,,,
1770642831.3730335,2819,1536,0.00039378906250000004,0.00039378906250000004,2115.92788408,,,,,,,,,,,,,,,,,,,,,
1770642831.542746,2819,1537,0.00039378906250000004,0.00039378906250000004,2116.097874688,,,,,,,,,,,,,,,,,,,,,
1770642831.7147171,2819,1538,0.00039378906250000004,0.00039378906250000004,2116.269874705,,,,,,,,,,,,,,,,,,,,,
1770642831.8625548,2819,1539,,,2116.416417699,0.0028777606785297394,65.0,0.03521474823355675,0.0028777606785297394,0.0028777511324733496,0.9879016280174255,,,,,,,,,,,,,,,
1770642837.8009937,2829,1540,0.0003933984375,0.0003933984375,2122.356895267,,,,,,,,,,,,,,,,,,,,,
1770642837.9656892,2829,1541,0.0003933984375,0.0003933984375,2122.51950251,,,,,,,,,,,,,,,,,,,,,
1770642838.1301947,2829,1542,0.0003933984375,0.0003933984375,2122.685859648,,,,,,,,,,,,,,,,,,,,,
1770642838.294662,2829,1543,0.0003933984375,0.0003933984375,2122.849848216,,,,,,,,,,,,,,,,,,,,,
1770642838.4415278,2829,1544,,,2122.995353981,0.0021984009072184563,65.0,0.030739663168787956,0.0021984009072184563,0.002198382280766964,0.9902869462966919,,,,,,,,,,,,,,,
1770642845.8542309,2837,1545,,,2130.407962494,,65.0,,,,,0.9894137382507324,0.00314646540209651,0.0031464521307498217,0.036793094128370285,0.00314646540209651,,,,,,,,,,
1770642847.4334192,2837,1546,,,2131.987478262,,65.0,,,,,,,,,,0.0029036535415798426,0.0029036535415798426,0.9874241948127747,0.0029062186367809772,0.03431981801986694,,,,,
1770642848.119225,2839,1547,0.0003930078125,0.0003930078125,2132.674894512,,,,,,,,,,,,,,,,,,,,,
1770642848.2835972,2839,1548,0.0003930078125,0.0003930078125,2132.837842858,,,,,,,,,,,,,,,,,,,,,
1770642848.4478164,2839,1549,0.0003930078125,0.0003930078125,2133.0038505,,,,,,,,,,,,,,,,,,,,,
1770642848.6118858,2839,1550,0.0003930078125,0.0003930078125,2133.167836584,,,,,,,,,,,,,,,,,,,,,
1770642848.7593613,2839,1551,,,2133.313214077,0.003204864915460348,66.0,0.03608502075076103,0.003204864915460348,0.0032048674765974283,0.9866208434104919,,,,,,,,,,,,,,,
1770642854.68723,2849,1552,0.0003926171875,0.0003926171875,2139.24114796,,,,,,,,,,,,,,,,,,,,,
1770642854.8517046,2849,1553,0.0003926171875,0.0003926171875,2139.407864968,,,,,,,,,,,,,,,,,,,,,
1770642855.015895,2849,1554,0.0003926171875,0.0003926171875,2139.571840637,,,,,,,,,,,,,,,,,,,,,
1770642855.1804152,2849,1555,0.0003926171875,0.0003926171875,2139.735838008,,,,,,,,,,,,,,,,,,,,,
1770642855.3272073,2849,1556,,,2139.880987268,0.002497631823644042,66.0,0.032432716339826584,0.002497631823644042,0.0024976294953376055,0.9885773658752441,,,,,,,,,,,,,,,
1770642861.2520242,2859,1557,0.0003922265625,0.0003922265625,2145.805935391,,,,,,,,,,,,,,,,,,,,,
1770642861.4164674,2859,1558,0.0003922265625,0.0003922265625,2145.971862302,,,,,,,,,,,,,,,,,,,,,
1770642861.580746,2859,1559,0.0003922265625,0.0003922265625,2146.134557897,,,,,,,,,,,,,,,,,,,,,
1770642861.7455509,2859,1560,0.0003922265625,0.0003922265625,2146.299329933,,,,,,,,,,,,,,,,,,,,,
1770642861.8927522,2859,1561,,,2146.44658741,0.002891736337915063,66.0,0.035443052649497986,0.002891736337915063,0.0028916907031089067,0.9878710508346558,,,,,,,,,,,,,,,
1770642867.8155394,2869,1562,0.00039183593750000004,0.00039183593750000004,2152.369464218,,,,,,,,,,,,,,,,,,,,,
1770642867.9799788,2869,1563,0.00039183593750000004,0.00039183593750000004,2152.535854275,,,,,,,,,,,,,,,,,,,,,
1770642868.1443675,2869,1564,0.00039183593750000004,0.00039183593750000004,2152.698168447,,,,,,,,,,,,,,,,,,,,,
1770642868.3091137,2869,1565,0.00039183593750000004,0.00039183593750000004,2152.864863432,,,,,,,,,,,,,,,,,,,,,
1770642868.4559748,2869,1566,,,2153.009715615,0.0020725028589367867,66.0,0.028621971607208252,0.0020725028589367867,0.002072486560791731,0.9909064173698425,,,,,,,,,,,,,,,
1770642874.378086,2879,1567,0.0003914453125,0.0003914453125,2158.931989264,,,,,,,,,,,,,,,,,,,,,
1770642874.5426955,2879,1568,0.0003914453125,0.0003914453125,2159.098859172,,,,,,,,,,,,,,,,,,,,,
1770642874.7074492,2879,1569,0.0003914453125,0.0003914453125,2159.262845847,,,,,,,,,,,,,,,,,,,,,
1770642874.871374,2879,1570,0.0003914453125,0.0003914453125,2159.426834886,,,,,,,,,,,,,,,,,,,,,
1770642875.018043,2879,1571,,,2159.5718743,0.002785633085295558,66.0,0.03342001140117645,0.002785633085295558,0.0027855965308845043,0.9884313941001892,,,,,,,,,,,,,,,
1770642877.8343446,2880,1572,,,2162.388172692,,66.0,,,,,0.9900763034820557,0.002896132180467248,0.002896113321185112,0.03454742953181267,0.002896132180467248,,,,,,,,,,
1770642879.3867188,2880,1573,,,2163.940674614,,66.0,,,,,,,,,,0.0028498899191617966,0.0028498899191617966,0.9874202609062195,0.0029036409687250853,0.03422649949789047,,,,,
1770642884.856179,2889,1574,0.0003910546875,0.0003910546875,2169.41202679,,,,,,,,,,,,,,,,,,,,,
1770642885.0281718,2889,1575,0.0003910546875,0.0003910546875,2169.583906656,,,,,,,,,,,,,,,,,,,,,
1770642885.1965654,2889,1576,0.0003910546875,0.0003910546875,2169.750398396,,,,,,,,,,,,,,,,,,,,,
1770642885.3674984,2889,1577,0.0003910546875,0.0003910546875,2169.922846836,,,,,,,,,,,,,,,,,,,,,
1770642885.515688,2889,1578,,,2170.069627727,0.0023121354170143604,67.0,0.031564861536026,0.0023121354170143604,0.002312097232788801,0.9899129867553711,,,,,,,,,,,,,,,
1770642891.646955,2899,1579,0.0003906640625,0.0003906640625,2176.200874994,,,,,,,,,,,,,,,,,,,,,
1770642891.8114603,2899,1580,0.0003906640625,0.0003906640625,2176.366870527,,,,,,,,,,,,,,,,,,,,,
1770642891.9754007,2899,1581,0.0003906640625,0.0003906640625,2176.530842971,,,,,,,,,,,,,,,,,,,,,
1770642892.1394684,2899,1582,0.0003906640625,0.0003906640625,2176.693220348,,,,,,,,,,,,,,,,,,,,,
1770642892.2867289,2899,1583,,,2176.840574299,0.002525965915992856,67.0,0.033183202147483826,0.002525965915992856,0.0025259621907025576,0.9890326857566833,,,,,,,,,,,,,,,
1770642898.2041113,2909,1584,0.0003902734375,0.0003902734375,2182.758037891,,,,,,,,,,,,,,,,,,,,,
1770642898.368395,2909,1585,0.0003902734375,0.0003902734375,2182.923862418,,,,,,,,,,,,,,,,,,,,,
1770642898.5322852,2909,1586,0.0003902734375,0.0003902734375,2183.087848372,,,,,,,,,,,,,,,,,,,,,
1770642898.6968238,2909,1587,0.0003902734375,0.0003902734375,2183.252851274,,,,,,,,,,,,,,,,,,,,,
1770642898.8439486,2909,1588,,,2183.397764518,0.002337163081392646,67.0,0.03176908195018768,0.002337163081392646,0.0023371477145701647,0.9900568127632141,,,,,,,,,,,,,,,
1770642904.7645442,2919,1589,0.00038988281250000004,0.00038988281250000004,2189.319897193,,,,,,,,,,,,,,,,,,,,,
1770642904.9289057,2919,1590,0.00038988281250000004,0.00038988281250000004,2189.48484359,,,,,,,,,,,,,,,,,,,,,
1770642905.0930624,2919,1591,0.00038988281250000004,0.00038988281250000004,2189.648847381,,,,,,,,,,,,,,,,,,,,,
1770642905.257415,2919,1592,0.00038988281250000004,0.00038988281250000004,2189.812840635,,,,,,,,,,,,,,,,,,,,,
1770642905.4045975,2919,1593,,,2189.958428603,0.0029978568200021982,67.0,0.03534071519970894,0.0029978568200021982,0.002997853560373187,0.9869519472122192,,,,,,,,,,,,,,,
1770642910.1812022,2923,1594,,,2194.734930131,,67.0,,,,,0.9900946021080017,0.0031358134001493454,0.003135794075205922,0.03704094514250755,0.0031358134001493454,,,,,,,,,,
1770642911.7585275,2923,1595,,,2196.312544075,,67.0,,,,,,,,,,0.0027960441075265408,0.0027960441075265408,0.9876561760902405,0.002849878976121545,0.03399546816945076,,,,,
1770642915.068567,2929,1596,0.0003894921875,0.0003894921875,2199.62251008,,,,,,,,,,,,,,,,,,,,,
1770642915.232877,2929,1597,0.0003894921875,0.0003894921875,2199.788859165,,,,,,,,,,,,,,,,,,,,,
1770642915.3970218,2929,1598,0.0003894921875,0.0003894921875,2199.95284608,,,,,,,,,,,,,,,,,,,,,
1770642915.5611928,2929,1599,0.0003894921875,0.0003894921875,2200.116841427,,,,,,,,,,,,,,,,,,,,,
1770642915.7083,2929,1600,,,2200.262051998,0.002587092574685812,68.0,0.03245522826910019,0.002587092574685812,0.002587073016911745,0.9887627959251404,,,,,,,,,,,,,,,
1770642921.6295815,2939,1601,0.0003891015625,0.0003891015625,2206.183487429,,,,,,,,,,,,,,,,,,,,,
1770642921.7936394,2939,1602,0.0003891015625,0.0003891015625,2206.347469497,,,,,,,,,,,,,,,,,,,,,
1770642921.9580579,2939,1603,0.0003891015625,0.0003891015625,2206.513863198,,,,,,,,,,,,,,,,,,,,,
1770642922.1221263,2939,1604,0.0003891015625,0.0003891015625,2206.677837664,,,,,,,,,,,,,,,,,,,,,
1770642922.2691643,2939,1605,,,2206.822996267,0.0023557073436677456,68.0,0.031084803864359856,0.0023557073436677456,0.0023556777741760015,0.9900931119918823,,,,,,,,,,,,,,,
1770642928.1943738,2949,1606,0.0003887109375,0.0003887109375,2212.74988524,,,,,,,,,,,,,,,,,,,,,
1770642928.3583288,2949,1607,0.0003887109375,0.0003887109375,2212.913845765,,,,,,,,,,,,,,,,,,,,,
1770642928.5225449,2949,1608,0.0003887109375,0.0003887109375,2213.077836165,,,,,,,,,,,,,,,,,,,,,
1770642928.6865613,2949,1609,0.0003887109375,0.0003887109375,2213.241853816,,,,,,,,,,,,,,,,,,,,,
1770642928.8340042,2949,1610,,,2213.387856928,0.005201859399676323,68.0,0.042196691036224365,0.005201859399676323,0.005201836582273245,0.9776790142059326,,,,,,,,,,,,,,,
1770642934.7581978,2959,1611,0.0003883203125,0.0003883203125,2219.313886807,,,,,,,,,,,,,,,,,,,,,
1770642934.9226737,2959,1612,0.0003883203125,0.0003883203125,2219.477846611,,,,,,,,,,,,,,,,,,,,,
1770642935.0866966,2959,1613,0.0003883203125,0.0003883203125,2219.642845987,,,,,,,,,,,,,,,,,,,,,
1770642935.2507532,2959,1614,0.0003883203125,0.0003883203125,2219.806836778,,,,,,,,,,,,,,,,,,,,,
1770642935.3978739,2959,1615,,,2219.951690613,0.0023097882512956858,68.0,0.031216580420732498,0.0023097882512956858,0.0023097596131265163,0.9902085065841675,,,,,,,,,,,,,,,
1770642942.1451874,2966,1616,,,2226.69895054,,68.0,,,,,0.9900016784667969,0.002736857393756509,0.0027368408627808094,0.033291708678007126,0.002736857393756509,,,,,,,,,,
1770642943.8465536,2966,1617,,,2228.400584459,,68.0,,,,,,,,,,0.002780438167974353,0.002780438167974353,0.9879001975059509,0.0027960289735347033,0.033516108989715576,,,,,
1770642945.1882172,2969,1618,0.00038792968750000004,0.00038792968750000004,2229.742145845,,,,,,,,,,,,,,,,,,,,,
1770642945.3522604,2969,1619,0.00038792968750000004,0.00038792968750000004,2229.907861728,,,,,,,,,,,,,,,,,,,,,
1770642945.5163116,2969,1620,0.00038792968750000004,0.00038792968750000004,2230.071837225,,,,,,,,,,,,,,,,,,,,,
1770642945.6808977,2969,1621,0.00038792968750000004,0.00038792968750000004,2230.236841148,,,,,,,,,,,,,,,,,,,,,
1770642945.82794,2969,1622,,,2230.381754632,0.0022554676979780197,69.0,0.031201297417283058,0.0022554676979780197,0.0022554362658411264,0.9912665486335754,,,,,,,,,,,,,,,
1770642951.7528238,2979,1623,0.00038753906249999997,0.00038753906249999997,2236.306782709,,,,,,,,,,,,,,,,,,,,,
1770642951.917004,2979,1624,0.00038753906249999997,0.00038753906249999997,2236.472866365,,,,,,,,,,,,,,,,,,,,,
1770642952.0814116,2979,1625,0.00038753906249999997,0.00038753906249999997,2236.636836865,,,,,,,,,,,,,,,,,,,,,
1770642952.2455266,2979,1626,0.00038753906249999997,0.00038753906249999997,2236.80083775,,,,,,,,,,,,,,,,,,,,,
1770642952.3925788,2979,1627,,,2236.946429964,0.002240230329334736,69.0,0.03145641088485718,0.002240230329334736,0.0022402112372219563,0.9904258251190186,,,,,,,,,,,,,,,
1770642958.307919,2989,1628,0.0003871484375,0.0003871484375,2242.863903527,,,,,,,,,,,,,,,,,,,,,
1770642958.4718988,2989,1629,0.0003871484375,0.0003871484375,2243.027884823,,,,,,,,,,,,,,,,,,,,,
1770642958.6363988,2989,1630,0.0003871484375,0.0003871484375,2243.191824406,,,,,,,,,,,,,,,,,,,,,
1770642958.8015037,2989,1631,0.0003871484375,0.0003871484375,2243.356893497,,,,,,,,,,,,,,,,,,,,,
1770642958.9487221,2989,1632,,,2243.502614965,0.0036395264323800802,69.0,0.037579987198114395,0.0036395264323800802,0.0036394153721630573,0.9839692711830139,,,,,,,,,,,,,,,
1770642964.8658307,2999,1633,0.0003867578125,0.0003867578125,2249.419754864,,,,,,,,,,,,,,,,,,,,,
1770642965.0299137,2999,1634,0.0003867578125,0.0003867578125,2249.585890207,,,,,,,,,,,,,,,,,,,,,
1770642965.1941001,2999,1635,0.0003867578125,0.0003867578125,2249.749855619,,,,,,,,,,,,,,,,,,,,,
1770642965.3580587,2999,1636,0.0003867578125,0.0003867578125,2249.913841832,,,,,,,,,,,,,,,,,,,,,
1770642965.5049574,2999,1637,,,2250.058789337,0.002601890591904521,69.0,0.03209156543016434,0.002601890591904521,0.00260191154666245,0.989412248134613,,,,,,,,,,,,,,,
1770642971.4220514,3009,1638,0.0003863671875,0.0003863671875,2255.977881967,,,,,,,,,,,,,,,,,,,,,
1770642971.5862627,3009,1639,0.0003863671875,0.0003863671875,2256.140159804,,,,,,,,,,,,,,,,,,,,,
1770642971.751088,3009,1640,0.0003863671875,0.0003863671875,2256.304950095,,,,,,,,,,,,,,,,,,,,,
1770642971.9039059,3009,1641,0.0003863671875,0.0003863671875,2256.457833205,,,,,,,,,,,,,,,,,,,,,
1770642971.9631448,3009,1642,,,2256.517026492,0.0035430656280368567,69.0,0.03749220445752144,0.0035430656280368567,0.003542952938005328,0.9837810397148132,,,,,,,,,,,,,,,
1770642974.2156549,3009,1643,,,2258.769428567,,69.0,,,,,0.9899678230285645,0.00275179254822433,0.0027517741546034813,0.03479056805372238,0.00275179254822433,,,,,,,,,,
1770642975.8772016,3009,1644,,,2260.431296338,,69.0,,,,,,,,,,0.002765409415587783,0.002765409415587783,0.987959086894989,0.0027804234996438026,0.03363551199436188,,,,,
1770642981.8143616,3019,1645,0.00038597656250000003,0.00038597656250000003,2266.368304324,,,,,,,,,,,,,,,,,,,,,
1770642981.978836,3019,1646,0.00038597656250000003,0.00038597656250000003,2266.532665631,,,,,,,,,,,,,,,,,,,,,
1770642982.1432743,3019,1647,0.00038597656250000003,0.00038597656250000003,2266.697079357,,,,,,,,,,,,,,,,,,,,,
1770642982.3073356,3019,1648,0.00038597656250000003,0.00038597656250000003,2266.861148986,,,,,,,,,,,,,,,,,,,,,
1770642982.4545107,3019,1649,,,2267.008354213,0.0024805483408272266,70.0,0.03251570463180542,0.0024805483408272266,0.002480511087924242,0.9896122217178345,,,,,,,,,,,,,,,
1770642988.380356,3029,1650,0.00038558593749999997,0.00038558593749999997,2272.934284291,,,,,,,,,,,,,,,,,,,,,
1770642988.5448272,3029,1651,0.00038558593749999997,0.00038558593749999997,2273.098633219,,,,,,,,,,,,,,,,,,,,,
1770642988.709234,3029,1652,0.00038558593749999997,0.00038558593749999997,2273.264852277,,,,,,,,,,,,,,,,,,,,,
1770642988.8735926,3029,1653,0.00038558593749999997,0.00038558593749999997,2273.427902324,,,,,,,,,,,,,,,,,,,,,
1770642989.020194,3029,1654,,,2273.573916271,0.0021652746945619583,70.0,0.030295073986053467,0.0021652746945619583,0.002165254671126604,0.9910279512405396,,,,,,,,,,,,,,,
1770642994.9466565,3039,1655,0.0003851953125,0.0003851953125,2279.501897789,,,,,,,,,,,,,,,,,,,,,
1770642995.1109903,3039,1656,0.0003851953125,0.0003851953125,2279.666844505,,,,,,,,,,,,,,,,,,,,,
1770642995.2751875,3039,1657,0.0003851953125,0.0003851953125,2279.830842135,,,,,,,,,,,,,,,,,,,,,
1770642995.4390278,3039,1658,0.0003851953125,0.0003851953125,2279.994839455,,,,,,,,,,,,,,,,,,,,,
1770642995.5862432,3039,1659,,,2280.140020721,0.0021897212136536837,70.0,0.03098784200847149,0.0021897212136536837,0.0021897130645811558,0.9913022518157959,,,,,,,,,,,,,,,
1770643001.5125034,3049,1660,0.0003848046875,0.0003848046875,2286.066424566,,,,,,,,,,,,,,,,,,,,,
1770643001.6774263,3049,1661,0.0003848046875,0.0003848046875,2286.232857695,,,,,,,,,,,,,,,,,,,,,
1770643001.8418481,3049,1662,0.0003848046875,0.0003848046875,2286.397839284,,,,,,,,,,,,,,,,,,,,,
1770643002.0062559,3049,1663,0.0003848046875,0.0003848046875,2286.561843464,,,,,,,,,,,,,,,,,,,,,
1770643002.1532676,3049,1664,,,2286.707052943,0.002516967011615634,70.0,0.03188147768378258,0.002516967011615634,0.0025169076398015022,0.9899173974990845,,,,,,,,,,,,,,,
1770643006.2893653,3052,1665,,,2290.843144611,,70.0,,,,,0.9901825785636902,0.0032824771478772163,0.00328245060518384,0.037420619279146194,0.0032824771478772163,,,,,,,,,,
1770643006.2908225,3052,1666,,,2290.844476983,,70.0,,,,,,,,,,0.0027409056201577187,0.0027409056201577187,0.9880321025848389,0.0027653956785798073,0.033450569957494736,,,,,
1770643010.2485611,3059,1667,0.0003844140625,0.0003844140625,2294.803887511,,,,,,,,,,,,,,,,,,,,,
1770643010.412505,3059,1668,0.0003844140625,0.0003844140625,2294.966280259,,,,,,,,,,,,,,,,,,,,,
1770643010.5785205,3059,1669,0.0003844140625,0.0003844140625,2295.133839031,,,,,,,,,,,,,,,,,,,,,
1770643010.7431793,3059,1670,0.0003844140625,0.0003844140625,2295.298840239,,,,,,,,,,,,,,,,,,,,,
1770643010.8902175,3059,1671,,,2295.444006332,0.0033896551467478275,71.0,0.03685533255338669,0.0033896551467478275,0.003389642806723714,0.984994649887085,,,,,,,,,,,,,,,
1770643016.833756,3069,1672,0.00038402343750000003,0.00038402343750000003,2301.387659329,,,,,,,,,,,,,,,,,,,,,
1770643016.9980273,3069,1673,0.00038402343750000003,0.00038402343750000003,2301.553870235,,,,,,,,,,,,,,,,,,,,,
1770643017.1623716,3069,1674,0.00038402343750000003,0.00038402343750000003,2301.716172478,,,,,,,,,,,,,,,,,,,,,
1770643017.326997,3069,1675,0.00038402343750000003,0.00038402343750000003,2301.882855894,,,,,,,,,,,,,,,,,,,,,
1770643017.4742663,3069,1676,,,2302.028047625,0.0022335974499583244,71.0,0.031139979138970375,0.0022335974499583244,0.002233595820143819,0.9901724457740784,,,,,,,,,,,,,,,
1770643023.3968894,3079,1677,0.00038363281249999997,0.00038363281249999997,2307.950831641,,,,,,,,,,,,,,,,,,,,,
1770643023.561234,3079,1678,0.00038363281249999997,0.00038363281249999997,2308.115077845,,,,,,,,,,,,,,,,,,,,,
1770643023.725867,3079,1679,0.00038363281249999997,0.00038363281249999997,2308.279692112,,,,,,,,,,,,,,,,,,,,,
1770643023.8903475,3079,1680,0.00038363281249999997,0.00038363281249999997,2308.444160779,,,,,,,,,,,,,,,,,,,,,
1770643024.0374749,3079,1681,,,2308.59126182,0.0028618171345442533,71.0,0.034551724791526794,0.0028618171345442533,0.0028617889620363712,0.9873967170715332,,,,,,,,,,,,,,,
1770643029.9633648,3089,1682,0.0003832421875,0.0003832421875,2314.517259663,,,,,,,,,,,,,,,,,,,,,
1770643030.1277113,3089,1683,0.0003832421875,0.0003832421875,2314.681527128,,,,,,,,,,,,,,,,,,,,,
1770643030.292185,3089,1684,0.0003832421875,0.0003832421875,2314.847860388,,,,,,,,,,,,,,,,,,,,,
1770643030.4562235,3089,1685,0.0003832421875,0.0003832421875,2315.011841373,,,,,,,,,,,,,,,,,,,,,
1770643030.6030226,3089,1686,,,2315.156888877,0.0031464239582419395,71.0,0.03502904996275902,0.0031464239582419395,0.0031463750638067722,0.9859020113945007,,,,,,,,,,,,,,,
1770643036.6936953,3095,1687,,,2321.24743193,,71.0,,,,,0.9904407858848572,0.0027604252099990845,0.0027604075148701668,0.03322509303689003,0.0027604252099990845,,,,,,,,,,
1770643038.2141416,3095,1688,,,2322.768235675,,71.0,,,,,,,,,,0.0026846458204090595,0.0026846458204090595,0.9881432056427002,0.002740895841270685,0.03330755978822708,,,,,
1770643040.2110157,3099,1689,0.00038285156250000005,0.00038285156250000005,2324.76689752,,,,,,,,,,,,,,,,,,,,,
1770643040.3753781,3099,1690,0.00038285156250000005,0.00038285156250000005,2324.930840658,,,,,,,,,,,,,,,,,,,,,
1770643040.5404782,3099,1691,0.00038285156250000005,0.00038285156250000005,2325.09583793,,,,,,,,,,,,,,,,,,,,,
1770643040.70457,3099,1692,0.00038285156250000005,0.00038285156250000005,2325.258328485,,,,,,,,,,,,,,,,,,,,,
1770643040.8515182,3099,1693,,,2325.405341113,0.0021526291966438293,72.0,0.030109355226159096,0.0021526291966438293,0.0021526047494262457,0.9903614521026611,,,,,,,,,,,,,,,
1770643046.7772262,3109,1694,0.0003824609375,0.0003824609375,2331.331144967,,,,,,,,,,,,,,,,,,,,,
1770643046.9417577,3109,1695,0.0003824609375,0.0003824609375,2331.497864638,,,,,,,,,,,,,,,,,,,,,
1770643047.1063995,3109,1696,0.0003824609375,0.0003824609375,2331.660199829,,,,,,,,,,,,,,,,,,,,,
1770643047.2706742,3109,1697,0.0003824609375,0.0003824609375,2331.826851817,,,,,,,,,,,,,,,,,,,,,
1770643047.4175627,3109,1698,,,2331.971366481,0.003813883289694786,72.0,0.03538816049695015,0.003813883289694786,0.003813851624727249,0.9831334352493286,,,,,,,,,,,,,,,
1770643053.3418868,3119,1699,0.00038207031250000003,0.00038207031250000003,2337.895813074,,,,,,,,,,,,,,,,,,,,,
1770643053.5064163,3119,1700,0.00038207031250000003,0.00038207031250000003,2338.060256163,,,,,,,,,,,,,,,,,,,,,
1770643053.671342,3119,1701,0.00038207031250000003,0.00038207031250000003,2338.226872167,,,,,,,,,,,,,,,,,,,,,
1770643053.8355796,3119,1702,0.00038207031250000003,0.00038207031250000003,2338.390840823,,,,,,,,,,,,,,,,,,,,,
1770643053.9826245,3119,1703,,,2338.536491244,0.0019687432795763016,72.0,0.028760509565472603,0.0019687432795763016,0.0019687397871166468,0.9918415546417236,,,,,,,,,,,,,,,
1770643059.910481,3129,1704,0.00038167968749999997,0.00038167968749999997,2344.46438244,,,,,,,,,,,,,,,,,,,,,
1770643060.0747952,3129,1705,0.00038167968749999997,0.00038167968749999997,2344.630854568,,,,,,,,,,,,,,,,,,,,,
1770643060.2389596,3129,1706,0.00038167968749999997,0.00038167968749999997,2344.794842383,,,,,,,,,,,,,,,,,,,,,
1770643060.4031258,3129,1707,0.00038167968749999997,0.00038167968749999997,2344.958838891,,,,,,,,,,,,,,,,,,,,,
1770643060.55025,3129,1708,,,2345.104066115,0.002560640685260296,72.0,0.032703857868909836,0.002560640685260296,0.002560623222962022,0.989041268825531,,,,,,,,,,,,,,,
1770643068.6159086,3138,1709,,,2353.169676122,,72.0,,,,,0.9903210401535034,0.002744027879089117,0.0027440122794359922,0.033576399087905884,0.002744027879089117,,,,,,,,,,
1770643070.2991302,3138,1710,,,2354.853157641,,72.0,,,,,,,,,,0.0026663511525839567,0.0026663511525839567,0.9883705973625183,0.002684632781893015,0.03288238123059273,,,,,
1770643070.3284533,3139,1711,0.0003812890625,0.0003812890625,2354.882293011,,,,,,,,,,,,,,,,,,,,,
1770643070.4944117,3139,1712,0.0003812890625,0.0003812890625,2355.049839242,,,,,,,,,,,,,,,,,,,,,
1770643070.6596763,3139,1713,0.0003812890625,0.0003812890625,2355.214857245,,,,,,,,,,,,,,,,,,,,,
1770643070.82444,3139,1714,0.0003812890625,0.0003812890625,2355.379841006,,,,,,,,,,,,,,,,,,,,,
1770643070.9712813,3139,1715,,,2355.525070815,0.0021917212288826704,73.0,0.030263012275099754,0.0021917212288826704,0.0021917338017374277,0.9905260801315308,,,,,,,,,,,,,,,
1770643076.8942554,3149,1716,0.00038089843750000005,0.00038089843750000005,2361.44817448,,,,,,,,,,,,,,,,,,,,,
1770643077.058389,3149,1717,0.00038089843750000005,0.00038089843750000005,2361.613865474,,,,,,,,,,,,,,,,,,,,,
1770643077.222675,3149,1718,0.00038089843750000005,0.00038089843750000005,2361.777840249,,,,,,,,,,,,,,,,,,,,,
1770643077.3868616,3149,1719,0.00038089843750000005,0.00038089843750000005,2361.942838612,,,,,,,,,,,,,,,,,,,,,
1770643077.5339255,3149,1720,,,2362.087740438,0.0023152336943894625,73.0,0.031376730650663376,0.0023152336943894625,0.002315221354365349,0.9889681339263916,,,,,,,,,,,,,,,
1770643083.4580958,3159,1721,0.0003805078125,0.0003805078125,2368.012031475,,,,,,,,,,,,,,,,,,,,,
1770643083.6226223,3159,1722,0.0003805078125,0.0003805078125,2368.176444629,,,,,,,,,,,,,,,,,,,,,
1770643083.7874682,3159,1723,0.0003805078125,0.0003805078125,2368.341294058,,,,,,,,,,,,,,,,,,,,,
1770643083.9516203,3159,1724,0.0003805078125,0.0003805078125,2368.506859133,,,,,,,,,,,,,,,,,,,,,
1770643084.098301,3159,1725,,,2368.65214167,0.0022625706624239683,73.0,0.031021658331155777,0.0022625706624239683,0.0022625622805207968,0.9901095032691956,,,,,,,,,,,,,,,
1770643090.018435,3169,1726,0.00038011718750000003,0.00038011718750000003,2374.57234323,,,,,,,,,,,,,,,,,,,,,
1770643090.1829138,3169,1727,0.00038011718750000003,0.00038011718750000003,2374.738868607,,,,,,,,,,,,,,,,,,,,,
1770643090.346698,3169,1728,0.00038011718750000003,0.00038011718750000003,2374.902837473,,,,,,,,,,,,,,,,,,,,,
1770643090.5108967,3169,1729,0.00038011718750000003,0.00038011718750000003,2375.066837025,,,,,,,,,,,,,,,,,,,,,
1770643090.6577728,3169,1730,,,2375.211519161,0.0034330948255956173,73.0,0.0362149216234684,0.0034330948255956173,0.0034330703783780336,0.9854918122291565,,,,,,,,,,,,,,,
1770643096.5742173,3179,1731,0.00037972656249999996,0.00037972656249999996,2381.128090503,,,,,,,,,,,,,,,,,,,,,
1770643096.7380908,3179,1732,0.00037972656249999996,0.00037972656249999996,2381.293858703,,,,,,,,,,,,,,,,,,,,,
1770643096.9021327,3179,1733,0.00037972656249999996,0.00037972656249999996,2381.457839727,,,,,,,,,,,,,,,,,,,,,
1770643097.0656886,3179,1734,0.00037972656249999996,0.00037972656249999996,2381.621841752,,,,,,,,,,,,,,,,,,,,,
1770643097.2126856,3179,1735,,,2381.766538189,0.0023931539617478848,73.0,0.030942978337407112,0.0023931539617478848,0.0023931427858769894,0.9896159172058105,,,,,,,,,,,,,,,
1770643100.680719,3181,1736,,,2385.234458271,,73.0,,,,,0.9904582500457764,0.0027776288334280252,0.002777612768113613,0.034439023584127426,0.0027776288334280252,,,,,,,,,,
1770643100.6821718,3181,1737,,,2385.235836291,,73.0,,,,,,,,,,0.0026269261725246906,0.0026269261725246906,0.9884658455848694,0.0026663378812372684,0.03282323479652405,,,,,
1770643105.2904704,3189,1738,0.0003793359375,0.0003793359375,2389.844379055,,,,,,,,,,,,,,,,,,,,,
1770643105.4544525,3189,1739,0.0003793359375,0.0003793359375,2390.008282453,,,,,,,,,,,,,,,,,,,,,
1770643105.6185098,3189,1740,0.0003793359375,0.0003793359375,2390.173858113,,,,,,,,,,,,,,,,,,,,,
1770643105.7829142,3189,1741,0.0003793359375,0.0003793359375,2390.338850517,,,,,,,,,,,,,,,,,,,,,
1770643105.9299126,3189,1742,,,2390.483755537,0.002089975168928504,74.0,0.029985833913087845,0.002089975168928504,0.002089959569275379,0.9910120368003845,,,,,,,,,,,,,,,
1770643111.8518848,3199,1743,0.00037894531250000005,0.00037894531250000005,2396.405810343,,,,,,,,,,,,,,,,,,,,,
1770643112.0170693,3199,1744,0.00037894531250000005,0.00037894531250000005,2396.57286813,,,,,,,,,,,,,,,,,,,,,
1770643112.1817622,3199,1745,0.00037894531250000005,0.00037894531250000005,2396.737841215,,,,,,,,,,,,,,,,,,,,,
1770643112.3458035,3199,1746,0.00037894531250000005,0.00037894531250000005,2396.90184257,,,,,,,,,,,,,,,,,,,,,
1770643112.492844,3199,1747,,,2397.046691686,0.0025799106806516647,74.0,0.03198347985744476,0.0025799106806516647,0.0025798706337809563,0.9884347319602966,,,,,,,,,,,,,,,
1770643118.4124029,3209,1748,0.0003785546875,0.0003785546875,2402.966358551,,,,,,,,,,,,,,,,,,,,,
1770643118.576467,3209,1749,0.0003785546875,0.0003785546875,2403.131861702,,,,,,,,,,,,,,,,,,,,,
1770643118.7407784,3209,1750,0.0003785546875,0.0003785546875,2403.29683648,,,,,,,,,,,,,,,,,,,,,
1770643118.905138,3209,1751,0.0003785546875,0.0003785546875,2403.460853047,,,,,,,,,,,,,,,,,,,,,
1770643119.0521977,3209,1752,,,2403.605919599,0.0032036122865974903,74.0,0.034595128148794174,0.0032036122865974903,0.003203608561307192,0.9859973192214966,,,,,,,,,,,,,,,
1770643124.9750648,3219,1753,0.00037816406250000003,0.00037816406250000003,2409.530893847,,,,,,,,,,,,,,,,,,,,,
1770643125.1394403,3219,1754,0.00037816406250000003,0.00037816406250000003,2409.694844065,,,,,,,,,,,,,,,,,,,,,
1770643125.303591,3219,1755,0.00037816406250000003,0.00037816406250000003,2409.858840362,,,,,,,,,,,,,,,,,,,,,
1770643125.4676068,3219,1756,0.00037816406250000003,0.00037816406250000003,2410.021371827,,,,,,,,,,,,,,,,,,,,,
1770643125.614747,3219,1757,,,2410.168597013,0.003437754465267062,74.0,0.03408562391996384,0.003437754465267062,0.0034377197735011578,0.9855397343635559,,,,,,,,,,,,,,,
1770643131.0508475,3224,1758,,,2415.604603958,,74.0,,,,,0.9905445575714111,0.002511479426175356,0.0025114601012319326,0.03142450004816055,0.002511479426175356,,,,,,,,,,
1770643132.8635929,3224,1759,,,2417.417652541,,74.0,,,,,,,,,,0.002626765053719282,0.002626765053719282,0.9886299967765808,0.002626909641548991,0.032392386347055435,,,,,
1770643135.5168912,3229,1760,0.00037777343749999996,0.00037777343749999996,2420.070821811,,,,,,,,,,,,,,,,,,,,,
1770643135.6810174,3229,1761,0.00037777343749999996,0.00037777343749999996,2420.234858308,,,,,,,,,,,,,,,,,,,,,
1770643135.845526,3229,1762,0.00037777343749999996,0.00037777343749999996,2420.400875401,,,,,,,,,,,,,,,,,,,,,
1770643136.0095537,3229,1763,0.00037777343749999996,0.00037777343749999996,2420.56484608,,,,,,,,,,,,,,,,,,,,,
1770643136.1565907,3229,1764,,,2420.710448497,0.0023593944497406483,75.0,0.03142625093460083,0.0023593944497406483,0.00235935696400702,0.9900127053260803,,,,,,,,,,,,,,,
1770643142.0739994,3239,1765,0.0003773828125,0.0003773828125,2426.627929639,,,,,,,,,,,,,,,,,,,,,
1770643142.2378266,3239,1766,0.0003773828125,0.0003773828125,2426.791650642,,,,,,,,,,,,,,,,,,,,,
1770643142.4018445,3239,1767,0.0003773828125,0.0003773828125,2426.955653398,,,,,,,,,,,,,,,,,,,,,
1770643142.5656047,3239,1768,0.0003773828125,0.0003773828125,2427.120863178,,,,,,,,,,,,,,,,,,,,,
1770643142.712542,3239,1769,,,2427.266405866,0.0021557018626481295,75.0,0.03026885911822319,0.0021557018626481295,0.0021557065192610025,0.991222083568573,,,,,,,,,,,,,,,
1770643148.63518,3249,1770,0.00037699218750000005,0.00037699218750000005,2433.189105567,,,,,,,,,,,,,,,,,,,,,
1770643148.7999372,3249,1771,0.00037699218750000005,0.00037699218750000005,2433.35377833,,,,,,,,,,,,,,,,,,,,,
1770643148.9639611,3249,1772,0.00037699218750000005,0.00037699218750000005,2433.519857597,,,,,,,,,,,,,,,,,,,,,
1770643149.129043,3249,1773,0.00037699218750000005,0.00037699218750000005,2433.68484322,,,,,,,,,,,,,,,,,,,,,
1770643149.2757354,3249,1774,,,2433.829557503,0.0025570050347596407,75.0,0.03274441137909889,0.0025570050347596407,0.002556959167122841,0.9887332320213318,,,,,,,,,,,,,,,
1770643155.1937885,3259,1775,0.0003766015625,0.0003766015625,2439.749891366,,,,,,,,,,,,,,,,,,,,,
1770643155.3577764,3259,1776,0.0003766015625,0.0003766015625,2439.911542899,,,,,,,,,,,,,,,,,,,,,
1770643155.5218303,3259,1777,0.0003766015625,0.0003766015625,2440.077838811,,,,,,,,,,,,,,,,,,,,,
1770643155.6859787,3259,1778,0.0003766015625,0.0003766015625,2440.241836881,,,,,,,,,,,,,,,,,,,,,
1770643155.8333945,3259,1779,,,2440.387245016,0.0021894925739616156,75.0,0.03085804358124733,0.0021894925739616156,0.002189468825235963,0.9908204674720764,,,,,,,,,,,,,,,
1770643163.2343566,3267,1780,,,2447.788118718,,75.0,,,,,0.990781843662262,0.002567273797467351,0.00256725144572556,0.03177380561828613,0.002567273797467351,,,,,,,,,,
1770643164.7247097,3267,1781,,,2449.278718044,,75.0,,,,,,,,,,0.002586066722869873,0.002586066722869873,0.9886354207992554,0.0026267534121870995,0.03257729858160019,,,,,
1770643165.4105713,3269,1782,0.0003762109375,0.0003762109375,2449.964485572,,,,,,,,,,,,,,,,,,,,,
1770643165.5762758,3269,1783,0.0003762109375,0.0003762109375,2450.130118558,,,,,,,,,,,,,,,,,,,,,
1770643165.7409887,3269,1784,0.0003762109375,0.0003762109375,2450.297874223,,,,,,,,,,,,,,,,,,,,,
1770643165.9053004,3269,1785,0.0003762109375,0.0003762109375,2450.460854563,,,,,,,,,,,,,,,,,,,,,
1770643166.052095,3269,1786,,,2450.605913724,0.002396623371168971,76.0,0.030999742448329926,0.002396623371168971,0.00239661056548357,0.9901760816574097,,,,,,,,,,,,,,,
1770643171.9748182,3279,1787,0.00037582031249999996,0.00037582031249999996,2456.528747858,,,,,,,,,,,,,,,,,,,,,
1770643172.138996,3279,1788,0.00037582031249999996,0.00037582031249999996,2456.694860294,,,,,,,,,,,,,,,,,,,,,
1770643172.3031657,3279,1789,0.00037582031249999996,0.00037582031249999996,2456.85884314,,,,,,,,,,,,,,,,,,,,,
1770643172.4675395,3279,1790,0.00037582031249999996,0.00037582031249999996,2457.022839907,,,,,,,,,,,,,,,,,,,,,
1770643172.6147811,3279,1791,,,2457.168580492,0.002697966992855072,76.0,0.0332585871219635,0.002697966992855072,0.0026979383546859026,0.9884383082389832,,,,,,,,,,,,,,,
1770643178.5391107,3289,1792,0.0003754296875,0.0003754296875,2463.093030171,,,,,,,,,,,,,,,,,,,,,
1770643178.704167,3289,1793,0.0003754296875,0.0003754296875,2463.258024928,,,,,,,,,,,,,,,,,,,,,
1770643178.8683765,3289,1794,0.0003754296875,0.0003754296875,2463.423867098,,,,,,,,,,,,,,,,,,,,,
1770643179.0328455,3289,1795,0.0003754296875,0.0003754296875,2463.588821003,,,,,,,,,,,,,,,,,,,,,
1770643179.1797752,3289,1796,,,2463.73350481,0.0028381808660924435,76.0,0.03365516662597656,0.0028381808660924435,0.002838186686858535,0.9876704812049866,,,,,,,,,,,,,,,
1770643185.0999358,3299,1797,0.00037503906250000005,0.00037503906250000005,2469.655888432,,,,,,,,,,,,,,,,,,,,,
1770643185.264,3299,1798,0.00037503906250000005,0.00037503906250000005,2469.819843416,,,,,,,,,,,,,,,,,,,,,
1770643185.4282124,3299,1799,0.00037503906250000005,0.00037503906250000005,2469.983860013,,,,,,,,,,,,,,,,,,,,,
1770643185.5927076,3299,1800,0.00037503906250000005,0.00037503906250000005,2470.148843122,,,,,,,,,,,,,,,,,,,,,
1770643185.7399836,3299,1801,,,2470.293816043,0.0031204111874103546,76.0,0.03524874523282051,0.0031204111874103546,0.003120359033346176,0.9865614771842957,,,,,,,,,,,,,,,
1770643191.667082,3309,1802,0.0003746484375,0.0003746484375,2476.222915644,,,,,,,,,,,,,,,,,,,,,
1770643191.8313308,3309,1803,0.0003746484375,0.0003746484375,2476.386855245,,,,,,,,,,,,,,,,,,,,,
1770643191.995675,3309,1804,0.0003746484375,0.0003746484375,2476.550846303,,,,,,,,,,,,,,,,,,,,,
1770643192.1601477,3309,1805,0.0003746484375,0.0003746484375,2476.715848391,,,,,,,,,,,,,,,,,,,,,
1770643192.3075387,3309,1806,,,2476.861364699,0.002992988098412752,76.0,0.03308156132698059,0.002992988098412752,0.0029930591117590666,0.987113356590271,,,,,,,,,,,,,,,
1770643195.1220398,3310,1807,,,2479.675807262,,76.0,,,,,0.9907382726669312,0.0026821165811270475,0.0026821026112884283,0.033140599727630615,0.0026821165811270475,,,,,,,,,,
1770643196.683095,3310,1808,,,2481.237153662,,76.0,,,,,,,,,,0.0025763337034732103,0.0025763337034732103,0.9888133406639099,0.00258604995906353,0.03214840218424797,,,,,
1770643201.9546444,3319,1809,0.0003742578125,0.0003742578125,2486.509891959,,,,,,,,,,,,,,,,,,,,,
1770643202.1183865,3319,1810,0.0003742578125,0.0003742578125,2486.67384466,,,,,,,,,,,,,,,,,,,,,
1770643202.2824972,3319,1811,0.0003742578125,0.0003742578125,2486.837840065,,,,,,,,,,,,,,,,,,,,,
1770643202.446683,3319,1812,0.0003742578125,0.0003742578125,2487.00284064,,,,,,,,,,,,,,,,,,,,,
1770643202.5935419,3319,1813,,,2487.147363354,0.0026248078793287277,77.0,0.03177475556731224,0.0026248078793287277,0.002624786226078868,0.9890210628509521,,,,,,,,,,,,,,,
1770643208.5122092,3329,1814,0.00037386718749999996,0.00037386718749999996,2493.067882235,,,,,,,,,,,,,,,,,,,,,
1770643208.676346,3329,1815,0.00037386718749999996,0.00037386718749999996,2493.231842678,,,,,,,,,,,,,,,,,,,,,
1770643208.8410423,3329,1816,0.00037386718749999996,0.00037386718749999996,2493.396856503,,,,,,,,,,,,,,,,,,,,,
1770643209.005083,3329,1817,0.00037386718749999996,0.00037386718749999996,2493.560838607,,,,,,,,,,,,,,,,,,,,,
1770643209.1521618,3329,1818,,,2493.705935214,0.002473952015861869,77.0,0.030424848198890686,0.002473952015861869,0.002473915694281459,0.9890261888504028,,,,,,,,,,,,,,,
1770643215.0684385,3339,1819,0.0003734765625,0.0003734765625,2499.622370547,,,,,,,,,,,,,,,,,,,,,
1770643215.2324452,3339,1820,0.0003734765625,0.0003734765625,2499.787860427,,,,,,,,,,,,,,,,,,,,,
1770643215.3967483,3339,1821,0.0003734765625,0.0003734765625,2499.952845619,,,,,,,,,,,,,,,,,,,,,
1770643215.5610316,3339,1822,0.0003734765625,0.0003734765625,2500.116844088,,,,,,,,,,,,,,,,,,,,,
1770643215.708018,3339,1823,,,2500.261879523,0.0025968910194933414,77.0,0.03374093025922775,0.0025968910194933414,0.0025968614500015974,0.9896249175071716,,,,,,,,,,,,,,,
1770643221.6285856,3349,1824,0.00037308593750000005,0.00037308593750000005,2506.182487613,,,,,,,,,,,,,,,,,,,,,
1770643221.7928326,3349,1825,0.00037308593750000005,0.00037308593750000005,2506.34889395,,,,,,,,,,,,,,,,,,,,,
1770643221.9568114,3349,1826,0.00037308593750000005,0.00037308593750000005,2506.512842625,,,,,,,,,,,,,,,,,,,,,
1770643222.1206913,3349,1827,0.00037308593750000005,0.00037308593750000005,2506.676839171,,,,,,,,,,,,,,,,,,,,,
1770643222.2678316,3349,1828,,,2506.821628105,0.002562957350164652,77.0,0.03193807974457741,0.002562957350164652,0.002562988083809614,0.9888370633125305,,,,,,,,,,,,,,,
1770643227.045181,3353,1829,,,2511.598921804,,77.0,,,,,0.9905752539634705,0.0026408880949020386,0.0026408738922327757,0.032366249710321426,0.0026408880949020386,,,,,,,,,,
1770643228.7334123,3353,1830,,,2513.28744474,,77.0,,,,,,,,,,0.002542726695537567,0.002542726695537567,0.9888491034507751,0.002576319267973304,0.03208396956324577,,,,,
1770643232.0438156,3359,1831,0.0003726953125,0.0003726953125,2516.597714382,,,,,,,,,,,,,,,,,,,,,
1770643232.208059,3359,1832,0.0003726953125,0.0003726953125,2516.763857073,,,,,,,,,,,,,,,,,,,,,
1770643232.371926,3359,1833,0.0003726953125,0.0003726953125,2516.925706483,,,,,,,,,,,,,,,,,,,,,
1770643232.536046,3359,1834,0.0003726953125,0.0003726953125,2517.091849194,,,,,,,,,,,,,,,,,,,,,
1770643232.6829703,3359,1835,,,2517.236893592,0.0026271138340234756,78.0,0.03267447650432587,0.0026271138340234756,0.002627132460474968,0.989159345626831,,,,,,,,,,,,,,,
1770643238.6065364,3369,1836,0.0003723046875,0.0003723046875,2523.160454903,,,,,,,,,,,,,,,,,,,,,
1770643238.7713974,3369,1837,0.0003723046875,0.0003723046875,2523.325232914,,,,,,,,,,,,,,,,,,,,,
1770643238.9353733,3369,1838,0.0003723046875,0.0003723046875,2523.49086659,,,,,,,,,,,,,,,,,,,,,
1770643239.09996,3369,1839,0.0003723046875,0.0003723046875,2523.655838091,,,,,,,,,,,,,,,,,,,,,
1770643239.2469912,3369,1840,,,2523.800825283,0.0024022331926971674,78.0,0.03228253498673439,0.0024022331926971674,0.0024022147990763187,0.9898928999900818,,,,,,,,,,,,,,,
1770643245.1668005,3379,1841,0.00037191406249999996,0.00037191406249999996,2529.72288792,,,,,,,,,,,,,,,,,,,,,
1770643245.3307903,3379,1842,0.00037191406249999996,0.00037191406249999996,2529.886844776,,,,,,,,,,,,,,,,,,,,,
1770643245.4951775,3379,1843,0.00037191406249999996,0.00037191406249999996,2530.050836285,,,,,,,,,,,,,,,,,,,,,
1770643245.6597857,3379,1844,0.00037191406249999996,0.00037191406249999996,2530.215839924,,,,,,,,,,,,,,,,,,,,,
1770643245.8067925,3379,1845,,,2530.360617721,0.0028373391833156347,78.0,0.03360253572463989,0.0028373391833156347,0.002837314736098051,0.9875009059906006,,,,,,,,,,,,,,,
1770643251.7341962,3389,1846,0.0003715234375,0.0003715234375,2536.289881376,,,,,,,,,,,,,,,,,,,,,
1770643251.8989758,3389,1847,0.0003715234375,0.0003715234375,2536.454846377,,,,,,,,,,,,,,,,,,,,,
1770643252.0632741,3389,1848,0.0003715234375,0.0003715234375,2536.617033925,,,,,,,,,,,,,,,,,,,,,
1770643252.2274144,3389,1849,0.0003715234375,0.0003715234375,2536.782836785,,,,,,,,,,,,,,,,,,,,,
1770643252.3745463,3389,1850,,,2536.92831838,0.0023201764561235905,78.0,0.03065928816795349,0.0023201764561235905,0.0023201568983495235,0.9901073575019836,,,,,,,,,,,,,,,
1770643259.1318393,3396,1851,,,2543.685561328,,78.0,,,,,0.9910699129104614,0.002470667939633131,0.0024706481490284204,0.03195314481854439,0.002470667939633131,,,,,,,,,,
1770643260.7903469,3396,1852,,,2545.344390072,,78.0,,,,,,,,,,0.002552298828959465,0.002552298828959465,0.9889994859695435,0.002542709931731224,0.03187471255660057,,,,,
1770643262.1291306,3399,1853,0.00037113281250000004,0.00037113281250000004,2546.683064672,,,,,,,,,,,,,,,,,,,,,
1770643262.293236,3399,1854,0.00037113281250000004,0.00037113281250000004,2546.848862144,,,,,,,,,,,,,,,,,,,,,
1770643262.456693,3399,1855,0.00037113281250000004,0.00037113281250000004,2547.010485794,,,,,,,,,,,,,,,,,,,,,
1770643262.6207194,3399,1856,0.00037113281250000004,0.00037113281250000004,2547.176845291,,,,,,,,,,,,,,,,,,,,,
1770643262.7677898,3399,1857,,,2547.321612122,0.0020775648299604654,79.0,0.029826542362570763,0.0020775648299604654,0.0020775320008397102,0.9907123446464539,,,,,,,,,,,,,,,
1770643268.6934564,3409,1858,0.0003707421875,0.0003707421875,2553.247382982,,,,,,,,,,,,,,,,,,,,,
1770643268.8579907,3409,1859,0.0003707421875,0.0003707421875,2553.413861537,,,,,,,,,,,,,,,,,,,,,
1770643269.0304885,3409,1860,0.0003707421875,0.0003707421875,2553.584180173,,,,,,,,,,,,,,,,,,,,,
1770643269.1949863,3409,1861,0.0003707421875,0.0003707421875,2553.75083961,,,,,,,,,,,,,,,,,,,,,
1770643269.3420396,3409,1862,,,2553.895880252,0.0032702188473194838,79.0,0.037659093737602234,0.0032702188473194838,0.003270186483860016,0.9865365028381348,,,,,,,,,,,,,,,
1770643275.260606,3419,1863,0.0003703515625,0.0003703515625,2559.815890233,,,,,,,,,,,,,,,,,,,,,
1770643275.4243422,3419,1864,0.0003703515625,0.0003703515625,2559.979846489,,,,,,,,,,,,,,,,,,,,,
1770643275.588581,3419,1865,0.0003703515625,0.0003703515625,2560.143837837,,,,,,,,,,,,,,,,,,,,,
1770643275.7533665,3419,1866,0.0003703515625,0.0003703515625,2560.308843438,,,,,,,,,,,,,,,,,,,,,
1770643275.9002953,3419,1867,,,2560.454122609,0.0024785383138805628,79.0,0.032023247331380844,0.0024785383138805628,0.0024784833658486605,0.9888578653335571,,,,,,,,,,,,,,,
1770643281.8253934,3429,1868,0.0003699609375,0.0003699609375,2566.380930813,,,,,,,,,,,,,,,,,,,,,
1770643281.9895225,3429,1869,0.0003699609375,0.0003699609375,2566.544863693,,,,,,,,,,,,,,,,,,,,,
1770643282.1535761,3429,1870,0.0003699609375,0.0003699609375,2566.707369458,,,,,,,,,,,,,,,,,,,,,
1770643282.3179154,3429,1871,0.0003699609375,0.0003699609375,2566.873845269,,,,,,,,,,,,,,,,,,,,,
1770643282.4649453,3429,1872,,,2567.01877158,0.00309005263261497,79.0,0.03414506837725639,0.00309005263261497,0.003090012352913618,0.9869219064712524,,,,,,,,,,,,,,,
1770643288.3843203,3439,1873,0.0003695703125,0.0003695703125,2572.939888149,,,,,,,,,,,,,,,,,,,,,
1770643288.548421,3439,1874,0.0003695703125,0.0003695703125,2573.103840298,,,,,,,,,,,,,,,,,,,,,
1770643288.712797,3439,1875,0.0003695703125,0.0003695703125,2573.268847372,,,,,,,,,,,,,,,,,,,,,
1770643288.8653467,3439,1876,0.0003695703125,0.0003695703125,2573.421826092,,,,,,,,,,,,,,,,,,,,,
1770643288.9240525,3439,1877,,,2573.477837476,0.003100193804129958,79.0,0.03412521630525589,0.003100193804129958,0.0031002587638795376,0.9869378209114075,,,,,,,,,,,,,,,
1770643291.179264,3439,1878,,,2575.733019803,,79.0,,,,,0.9909289479255676,0.002445447724312544,0.002445429563522339,0.0312931127846241,0.002445447724312544,,,,,,,,,,
1770643293.0179398,3439,1879,,,2577.571958501,,79.0,,,,,,,,,,0.002486968645825982,0.002486968645825982,0.9889550805091858,0.002552283927798271,0.031981274485588074,,,,,
1770643298.9505153,3449,1880,0.00036917968750000004,0.00036917968750000004,2583.504442487,,,,,,,,,,,,,,,,,,,,,
1770643299.11592,3449,1881,0.00036917968750000004,0.00036917968750000004,2583.671838911,,,,,,,,,,,,,,,,,,,,,
1770643299.279787,3449,1882,0.00036917968750000004,0.00036917968750000004,2583.835857871,,,,,,,,,,,,,,,,,,,,,
1770643299.4439068,3449,1883,0.00036917968750000004,0.00036917968750000004,2583.999845453,,,,,,,,,,,,,,,,,,,,,
1770643299.591043,3449,1884,,,2584.144897632,0.0021344416309148073,80.0,0.029485780745744705,0.0021344416309148073,0.0021344206761568785,0.9911364912986755,,,,,,,,,,,,,,,
1770643305.5101979,3459,1885,0.0003687890625,0.0003687890625,2590.065889137,,,,,,,,,,,,,,,,,,,,,
1770643305.6745298,3459,1886,0.0003687890625,0.0003687890625,2590.229853003,,,,,,,,,,,,,,,,,,,,,
1770643305.8384316,3459,1887,0.0003687890625,0.0003687890625,2590.393837941,,,,,,,,,,,,,,,,,,,,,
1770643306.0029683,3459,1888,0.0003687890625,0.0003687890625,2590.558843022,,,,,,,,,,,,,,,,,,,,,
1770643306.1498682,3459,1889,,,2590.70370118,0.0022140152286738157,80.0,0.030002035200595856,0.0022140152286738157,0.0022139973007142544,0.9904112815856934,,,,,,,,,,,,,,,
1770643312.0719554,3469,1890,0.0003683984375,0.0003683984375,2596.627881073,,,,,,,,,,,,,,,,,,,,,
1770643312.23635,3469,1891,0.0003683984375,0.0003683984375,2596.791844018,,,,,,,,,,,,,,,,,,,,,
1770643312.4007108,3469,1892,0.0003683984375,0.0003683984375,2596.956837031,,,,,,,,,,,,,,,,,,,,,
1770643312.5653274,3469,1893,0.0003683984375,0.0003683984375,2597.120840797,,,,,,,,,,,,,,,,,,,,,
1770643312.7128637,3469,1894,,,2597.266700309,0.0031496912706643343,80.0,0.03588281199336052,0.0031496912706643343,0.0031496891751885414,0.9862792491912842,,,,,,,,,,,,,,,
1770643318.6322725,3479,1895,0.0003680078125,0.0003680078125,2603.186193147,,,,,,,,,,,,,,,,,,,,,
1770643318.7971966,3479,1896,0.0003680078125,0.0003680078125,2603.352860115,,,,,,,,,,,,,,,,,,,,,
1770643318.9616382,3479,1897,0.0003680078125,0.0003680078125,2603.516855198,,,,,,,,,,,,,,,,,,,,,
1770643319.1258073,3479,1898,0.0003680078125,0.0003680078125,2603.681831045,,,,,,,,,,,,,,,,,,,,,
1770643319.2727463,3479,1899,,,2603.826558717,0.0021336120553314686,80.0,0.02995939552783966,0.0021336120553314686,0.002133595058694482,0.9910786747932434,,,,,,,,,,,,,,,
1770643323.3907099,3482,1900,,,2607.944454018,,80.0,,,,,0.9911282062530518,0.0024884005542844534,0.002488382626324892,0.03261677175760269,0.0024884005542844534,,,,,,,,,,
1770643325.0860581,3482,1901,,,2609.640074158,,80.0,,,,,,,,,,0.0024692898150533438,0.0024692898150533438,0.9892431497573853,0.0024869542103260756,0.031589165329933167,,,,,
1770643329.0528502,3489,1902,0.0003676171875,0.0003676171875,2613.606617192,,,,,,,,,,,,,,,,,,,,,
1770643329.2169087,3489,1903,0.0003676171875,0.0003676171875,2613.772848976,,,,,,,,,,,,,,,,,,,,,
1770643329.3812406,3489,1904,0.0003676171875,0.0003676171875,2613.936843358,,,,,,,,,,,,,,,,,,,,,
1770643329.5452428,3489,1905,0.0003676171875,0.0003676171875,2614.100839483,,,,,,,,,,,,,,,,,,,,,
1770643329.6925268,3489,1906,,,2614.246271583,0.00215134653262794,81.0,0.029078692197799683,0.00215134653262794,0.002151334658265114,0.991212785243988,,,,,,,,,,,,,,,
1770643335.6120548,3499,1907,0.00036722656250000004,0.00036722656250000004,2620.167883659,,,,,,,,,,,,,,,,,,,,,
1770643335.7765565,3499,1908,0.00036722656250000004,0.00036722656250000004,2620.331849017,,,,,,,,,,,,,,,,,,,,,
1770643335.9401126,3499,1909,0.00036722656250000004,0.00036722656250000004,2620.495843359,,,,,,,,,,,,,,,,,,,,,
1770643336.1041605,3499,1910,0.00036722656250000004,0.00036722656250000004,2620.659839664,,,,,,,,,,,,,,,,,,,,,
1770643336.2512887,3499,1911,,,2620.805115579,0.004084774758666754,81.0,0.036453235894441605,0.004084774758666754,0.0040847803466022015,0.9829164743423462,,,,,,,,,,,,,,,
1770643342.1746879,3509,1912,0.0003668359375,0.0003668359375,2626.72861587,,,,,,,,,,,,,,,,,,,,,
1770643342.3394005,3509,1913,0.0003668359375,0.0003668359375,2626.89322097,,,,,,,,,,,,,,,,,,,,,
1770643342.5039306,3509,1914,0.0003668359375,0.0003668359375,2627.059853876,,,,,,,,,,,,,,,,,,,,,
1770643342.6682165,3509,1915,0.0003668359375,0.0003668359375,2627.223842169,,,,,,,,,,,,,,,,,,,,,
1770643342.8155243,3509,1916,,,2627.369370353,0.002361222868785262,81.0,0.03156914934515953,0.002361222868785262,0.002361234277486801,0.990142285823822,,,,,,,,,,,,,,,
1770643348.733914,3519,1917,0.0003664453125,0.0003664453125,2633.2878584,,,,,,,,,,,,,,,,,,,,,
1770643348.8988206,3519,1918,0.0003664453125,0.0003664453125,2633.454874823,,,,,,,,,,,,,,,,,,,,,
1770643349.0632339,3519,1919,0.0003664453125,0.0003664453125,2633.618836225,,,,,,,,,,,,,,,,,,,,,
1770643349.2271338,3519,1920,0.0003664453125,0.0003664453125,2633.782844257,,,,,,,,,,,,,,,,,,,,,
1770643349.374278,3519,1921,,,2633.92809872,0.002295417943969369,81.0,0.0302021075040102,0.002295417943969369,0.0022953960578888655,0.9904940724372864,,,,,,,,,,,,,,,
1770643355.5107384,3525,1922,,,2640.064494709,,81.0,,,,,0.9911262392997742,0.0023505885619670153,0.002350571798160672,0.030447473749518394,0.0023505885619670153,,,,,,,,,,
1770643357.238397,3525,1923,,,2641.792483183,,81.0,,,,,,,,,,0.002430523745715618,0.002430523745715618,0.989315390586853,0.0024692732840776443,0.03145796060562134,,,,,
1770643359.2380042,3529,1924,0.0003660546875,0.0003660546875,2643.791883186,,,,,,,,,,,,,,,,,,,,,
1770643359.4027827,3529,1925,0.0003660546875,0.0003660546875,2643.958857796,,,,,,,,,,,,,,,,,,,,,
1770643359.5669074,3529,1926,0.0003660546875,0.0003660546875,2644.122842073,,,,,,,,,,,,,,,,,,,,,
1770643359.7312121,3529,1927,0.0003660546875,0.0003660546875,2644.285021076,,,,,,,,,,,,,,,,,,,,,
1770643359.8782732,3529,1928,,,2644.432132169,0.0023995235096663237,82.0,0.03043166920542717,0.0023995235096663237,0.002399482298642397,0.9897626638412476,,,,,,,,,,,,,,,
1770643365.8081977,3539,1929,0.0003656640625,0.0003656640625,2650.363888788,,,,,,,,,,,,,,,,,,,,,
1770643365.9724886,3539,1930,0.0003656640625,0.0003656640625,2650.527847766,,,,,,,,,,,,,,,,,,,,,
1770643366.1365135,3539,1931,0.0003656640625,0.0003656640625,2650.691842488,,,,,,,,,,,,,,,,,,,,,
1770643366.3009682,3539,1932,0.0003656640625,0.0003656640625,2650.856843091,,,,,,,,,,,,,,,,,,,,,
1770643366.448091,3539,1933,,,2651.001879226,0.0028509993571788073,82.0,0.0327434279024601,0.0028509993571788073,0.0028509912081062794,0.9874090552330017,,,,,,,,,,,,,,,
1770643372.3725078,3549,1934,0.00036527343750000004,0.00036527343750000004,2656.927889858,,,,,,,,,,,,,,,,,,,,,
1770643372.5367134,3549,1935,0.00036527343750000004,0.00036527343750000004,2657.090489444,,,,,,,,,,,,,,,,,,,,,
1770643372.7008514,3549,1936,0.00036527343750000004,0.00036527343750000004,2657.256847668,,,,,,,,,,,,,,,,,,,,,
1770643372.8650253,3549,1937,0.00036527343750000004,0.00036527343750000004,2657.420837572,,,,,,,,,,,,,,,,,,,,,
1770643373.0120363,3549,1938,,,2657.565826135,0.0021528778597712517,82.0,0.030448392033576965,0.0021528778597712517,0.002152863424271345,0.9908390045166016,,,,,,,,,,,,,,,
1770643378.9353387,3559,1939,0.00036488281249999997,0.00036488281249999997,2663.489265351,,,,,,,,,,,,,,,,,,,,,
1770643379.099716,3559,1940,0.00036488281249999997,0.00036488281249999997,2663.655837496,,,,,,,,,,,,,,,,,,,,,
1770643379.2636392,3559,1941,0.00036488281249999997,0.00036488281249999997,2663.818909321,,,,,,,,,,,,,,,,,,,,,
1770643379.4277713,3559,1942,0.00036488281249999997,0.00036488281249999997,2663.983836745,,,,,,,,,,,,,,,,,,,,,
1770643379.5748417,3559,1943,,,2664.128584316,0.002092924900352955,82.0,0.030079953372478485,0.002092924900352955,0.0020928920712321997,0.9914299845695496,,,,,,,,,,,,,,,
1770643387.6423838,3568,1944,,,2672.196104059,,82.0,,,,,0.9910157918930054,0.002432432724162936,0.002432413399219513,0.030821407213807106,0.002432432724162936,,,,,,,,,,
1770643389.2470067,3568,1945,,,2673.800843284,,82.0,,,,,,,,,,0.002423621015623212,0.002423621015623212,0.9894942045211792,0.0024305095430463552,0.031077882274985313,,,,,
1770643389.2758105,3569,1946,0.0003644921875,0.0003644921875,2673.829580254,,,,,,,,,,,,,,,,,,,,,
1770643389.4407773,3569,1947,0.0003644921875,0.0003644921875,2673.99459584,,,,,,,,,,,,,,,,,,,,,
1770643389.6056392,3569,1948,0.0003644921875,0.0003644921875,2674.159471275,,,,,,,,,,,,,,,,,,,,,
1770643389.770608,3569,1949,0.0003644921875,0.0003644921875,2674.324429815,,,,,,,,,,,,,,,,,,,,,
1770643389.9179196,3569,1950,,,2674.47169547,0.002629584865644574,83.0,0.03238139674067497,0.002629584865644574,0.002629566239193082,0.9889289736747742,,,,,,,,,,,,,,,
1770643395.8534906,3579,1951,0.0003641015625,0.0003641015625,2680.407415323,,,,,,,,,,,,,,,,,,,,,
1770643396.0181065,3579,1952,0.0003641015625,0.0003641015625,2680.57386244,,,,,,,,,,,,,,,,,,,,,
1770643396.1821322,3579,1953,0.0003641015625,0.0003641015625,2680.73784313,,,,,,,,,,,,,,,,,,,,,
1770643396.346393,3579,1954,0.0003641015625,0.0003641015625,2680.901852244,,,,,,,,,,,,,,,,,,,,,
1770643396.4936934,3579,1955,,,2681.047537573,0.0023286615032702684,83.0,0.032447051256895065,0.0023286615032702684,0.0023286635987460613,0.9900327920913696,,,,,,,,,,,,,,,
1770643402.4208667,3589,1956,0.0003637109375,0.0003637109375,2686.976872921,,,,,,,,,,,,,,,,,,,,,
1770643402.584705,3589,1957,0.0003637109375,0.0003637109375,2687.140842835,,,,,,,,,,,,,,,,,,,,,
1770643402.7487457,3589,1958,0.0003637109375,0.0003637109375,2687.302562649,,,,,,,,,,,,,,,,,,,,,
1770643402.913052,3589,1959,0.0003637109375,0.0003637109375,2687.468860221,,,,,,,,,,,,,,,,,,,,,
1770643403.0597992,3589,1960,,,2687.613628312,0.0022415011189877987,83.0,0.030895015224814415,0.0022415011189877987,0.0022414776030927896,0.9909082651138306,,,,,,,,,,,,,,,
1770643408.984775,3599,1961,0.00036332031250000004,0.00036332031250000004,2693.538701563,,,,,,,,,,,,,,,,,,,,,
1770643409.1492264,3599,1962,0.00036332031250000004,0.00036332031250000004,2693.702983256,,,,,,,,,,,,,,,,,,,,,
1770643409.3131576,3599,1963,0.00036332031250000004,0.00036332031250000004,2693.868852284,,,,,,,,,,,,,,,,,,,,,
1770643409.4776497,3599,1964,0.00036332031250000004,0.00036332031250000004,2694.032846044,,,,,,,,,,,,,,,,,,,,,
1770643409.6246743,3599,1965,,,2694.178527938,0.0019339544232934713,83.0,0.029047975316643715,0.0019339544232934713,0.0019339540740475059,0.9920259118080139,,,,,,,,,,,,,,,
1770643415.550193,3609,1966,0.00036292968749999997,0.00036292968749999997,2700.104077452,,,,,,,,,,,,,,,,,,,,,
1770643415.7146642,3609,1967,0.00036292968749999997,0.00036292968749999997,2700.269861552,,,,,,,,,,,,,,,,,,,,,
1770643415.8786416,3609,1968,0.00036292968749999997,0.00036292968749999997,2700.433860611,,,,,,,,,,,,,,,,,,,,,
1770643416.0430024,3609,1969,0.00036292968749999997,0.00036292968749999997,2700.598840232,,,,,,,,,,,,,,,,,,,,,
1770643416.190197,3609,1970,,,2700.744063047,0.0023043344262987375,83.0,0.029900969937443733,0.0023043344262987375,0.002304347464814782,0.9898760914802551,,,,,,,,,,,,,,,
1770643419.6600847,3611,1971,,,2704.213900119,,83.0,,,,,0.9911335706710815,0.002335154917091131,0.002335144206881523,0.030244063585996628,0.002335154917091131,,,,,,,,,,
1770643421.3098712,3611,1972,,,2705.863939549,,83.0,,,,,,,,,,0.002473985543474555,0.002473985543474555,0.9895137548446655,0.0024236044846475124,0.03103860281407833,,,,,
1770643425.934349,3619,1973,0.0003625390625,0.0003625390625,2710.488292908,,,,,,,,,,,,,,,,,,,,,
1770643426.0988228,3619,1974,0.0003625390625,0.0003625390625,2710.652692017,,,,,,,,,,,,,,,,,,,,,
1770643426.2631073,3619,1975,0.0003625390625,0.0003625390625,2710.818882968,,,,,,,,,,,,,,,,,,,,,
1770643426.42728,3619,1976,0.0003625390625,0.0003625390625,2710.982841215,,,,,,,,,,,,,,,,,,,,,
1770643426.5741882,3619,1977,,,2711.128062948,0.0025415217969566584,84.0,0.031724948436021805,0.0025415217969566584,0.002541495952755213,0.9891529679298401,,,,,,,,,,,,,,,
1770643432.5097146,3629,1978,0.0003621484375,0.0003621484375,2717.063629107,,,,,,,,,,,,,,,,,,,,,
1770643432.6745222,3629,1979,0.0003621484375,0.0003621484375,2717.228369629,,,,,,,,,,,,,,,,,,,,,
1770643432.8393633,3629,1980,0.0003621484375,0.0003621484375,2717.394868493,,,,,,,,,,,,,,,,,,,,,
1770643433.0037532,3629,1981,0.0003621484375,0.0003621484375,2717.559843127,,,,,,,,,,,,,,,,,,,,,
1770643433.1509206,3629,1982,,,2717.704781584,0.003709159791469574,84.0,0.03502563759684563,0.003709159791469574,0.0037091660778969526,0.9839963316917419,,,,,,,,,,,,,,,
1770643439.0775783,3639,1983,0.0003617578125,0.0003617578125,2723.631359665,,,,,,,,,,,,,,,,,,,,,
1770643439.2418873,3639,1984,0.0003617578125,0.0003617578125,2723.795668188,,,,,,,,,,,,,,,,,,,,,
1770643439.4062638,3639,1985,0.0003617578125,0.0003617578125,2723.961842935,,,,,,,,,,,,,,,,,,,,,
1770643439.5706117,3639,1986,0.0003617578125,0.0003617578125,2724.125838398,,,,,,,,,,,,,,,,,,,,,
1770643439.7176065,3639,1987,,,2724.271436325,0.0025904045905917883,84.0,0.03263857588171959,0.0025904045905917883,0.0025903801433742046,0.988906979560852,,,,,,,,,,,,,,,
1770643445.6510453,3649,1988,0.00036136718750000003,0.00036136718750000003,2730.204984898,,,,,,,,,,,,,,,,,,,,,
1770643445.8155932,3649,1989,0.00036136718750000003,0.00036136718750000003,2730.370870691,,,,,,,,,,,,,,,,,,,,,
1770643445.9803364,3649,1990,0.00036136718750000003,0.00036136718750000003,2730.535859075,,,,,,,,,,,,,,,,,,,,,
1770643446.1445143,3649,1991,0.00036136718750000003,0.00036136718750000003,2730.699846205,,,,,,,,,,,,,,,,,,,,,
1770643446.2916968,3649,1992,,,2730.845518465,0.0020539129618555307,84.0,0.029468294233083725,0.0020539129618555307,0.002053885953500867,0.9910286664962769,,,,,,,,,,,,,,,
1770643451.7328565,3654,1993,,,2736.286619235,,84.0,,,,,0.9913386702537537,0.0024080604780465364,0.002408038591966033,0.031385377049446106,0.0024080604780465364,,,,,,,,,,
1770643453.3960822,3654,1994,,,2737.950105157,,84.0,,,,,,,,,,0.0023794465232640505,0.0023794465232640505,0.9892927408218384,0.0024739692453294992,0.03154820203781128,,,,,
1770643456.0484874,3659,1995,0.00036097656249999997,0.00036097656249999997,2740.602405036,,,,,,,,,,,,,,,,,,,,,
1770643456.213066,3659,1996,0.00036097656249999997,0.00036097656249999997,2740.76885697,,,,,,,,,,,,,,,,,,,,,
1770643456.3772697,3659,1997,0.00036097656249999997,0.00036097656249999997,2740.931070294,,,,,,,,,,,,,,,,,,,,,
1770643456.541522,3659,1998,0.00036097656249999997,0.00036097656249999997,2741.096851961,,,,,,,,,,,,,,,,,,,,,
1770643456.6886544,3659,1999,,,2741.242464741,0.002970876405015588,85.0,0.03374001011252403,0.002970876405015588,0.0029708973597735167,0.9866845607757568,,,,,,,,,,,,,,,
1770643462.6117573,3669,2000,0.0003605859375,0.0003605859375,2747.165648513,,,,,,,,,,,,,,,,,,,,,
1770643462.7765386,3669,2001,0.0003605859375,0.0003605859375,2747.331872153,,,,,,,,,,,,,,,,,,,,,
1770643462.9402888,3669,2002,0.0003605859375,0.0003605859375,2747.495851171,,,,,,,,,,,,,,,,,,,,,
1770643463.1042955,3669,2003,0.0003605859375,0.0003605859375,2747.659842106,,,,,,,,,,,,,,,,,,,,,
1770643463.2513752,3669,2004,,,2747.805208877,0.0021319747902452946,85.0,0.02918732911348343,0.0021319747902452946,0.002131976652890444,0.9913205504417419,,,,,,,,,,,,,,,
1770643469.175902,3679,2005,0.0003601953125,0.0003601953125,2753.729720272,,,,,,,,,,,,,,,,,,,,,
1770643469.340518,3679,2006,0.0003601953125,0.0003601953125,2753.895853927,,,,,,,,,,,,,,,,,,,,,
1770643469.505289,3679,2007,0.0003601953125,0.0003601953125,2754.060845566,,,,,,,,,,,,,,,,,,,,,
1770643469.669659,3679,2008,0.0003601953125,0.0003601953125,2754.224840067,,,,,,,,,,,,,,,,,,,,,
1770643469.816693,3679,2009,,,2754.37046178,0.0026133658830076456,85.0,0.032340846955776215,0.0026133658830076456,0.002613333286717534,0.9888915419578552,,,,,,,,,,,,,,,
1770643475.7421825,3689,2010,0.0003598046875,0.0003598046875,2760.296085925,,,,,,,,,,,,,,,,,,,,,
1770643475.9068062,3689,2011,0.0003598046875,0.0003598046875,2760.46062958,,,,,,,,,,,,,,,,,,,,,
1770643476.0710158,3689,2012,0.0003598046875,0.0003598046875,2760.626869655,,,,,,,,,,,,,,,,,,,,,
1770643476.2350962,3689,2013,0.0003598046875,0.0003598046875,2760.790836154,,,,,,,,,,,,,,,,,,,,,
1770643476.3822646,3689,2014,,,2760.936131267,0.0023946615401655436,85.0,0.031964194029569626,0.0023946615401655436,0.0023946580477058887,0.9910357594490051,,,,,,,,,,,,,,,
1770643483.7911053,3697,2015,,,2768.34493079,,85.0,,,,,0.9911795258522034,0.0022993846796453,0.0022993716411292553,0.02993437647819519,0.0022993846796453,,,,,,,,,,
1770643485.854021,3697,2016,,,2770.408058086,,85.0,,,,,,,,,,0.0023819273337721825,0.0023819273337721825,0.9897025227546692,0.0023794297594577074,0.030749814584851265,,,,,
1770643486.5411658,3699,2017,0.00035941406250000003,0.00035941406250000003,2771.095092033,,,,,,,,,,,,,,,,,,,,,
1770643486.7056835,3699,2018,0.00035941406250000003,0.00035941406250000003,2771.26086082,,,,,,,,,,,,,,,,,,,,,
1770643486.8699112,3699,2019,0.00035941406250000003,0.00035941406250000003,2771.425849013,,,,,,,,,,,,,,,,,,,,,
1770643487.0342326,3699,2020,0.00035941406250000003,0.00035941406250000003,2771.589848712,,,,,,,,,,,,,,,,,,,,,
1770643487.1815624,3699,2021,,,2771.735390024,0.0023156465031206608,86.0,0.030562298372387886,0.0023156465031206608,0.002315649762749672,0.990704357624054,,,,,,,,,,,,,,,
1770643493.1108396,3709,2022,0.00035902343749999997,0.00035902343749999997,2777.664771248,,,,,,,,,,,,,,,,,,,,,
1770643493.2754765,3709,2023,0.00035902343749999997,0.00035902343749999997,2777.829314163,,,,,,,,,,,,,,,,,,,,,
1770643493.439499,3709,2024,0.00035902343749999997,0.00035902343749999997,2777.994866935,,,,,,,,,,,,,,,,,,,,,
1770643493.6037445,3709,2025,0.00035902343749999997,0.00035902343749999997,2778.157507631,,,,,,,,,,,,,,,,,,,,,
1770643493.7511072,3709,2026,,,2778.304961397,0.0037826974876224995,86.0,0.03478090465068817,0.0037826974876224995,0.0037826434709131718,0.9837788343429565,,,,,,,,,,,,,,,
1770643499.6762176,3719,2027,0.0003586328125,0.0003586328125,2784.230122307,,,,,,,,,,,,,,,,,,,,,
1770643499.8410137,3719,2028,0.0003586328125,0.0003586328125,2784.39687355,,,,,,,,,,,,,,,,,,,,,
1770643500.005133,3719,2029,0.0003586328125,0.0003586328125,2784.560839808,,,,,,,,,,,,,,,,,,,,,
1770643500.1695392,3719,2030,0.0003586328125,0.0003586328125,2784.72484193,,,,,,,,,,,,,,,,,,,,,
1770643500.3165734,3719,2031,,,2784.87032859,0.0024319137446582317,86.0,0.03187057003378868,0.0024319137446582317,0.0024319207295775414,0.9894723296165466,,,,,,,,,,,,,,,
1770643506.2430792,3729,2032,0.0003582421875,0.0003582421875,2790.7969617,,,,,,,,,,,,,,,,,,,,,
1770643506.4072769,3729,2033,0.0003582421875,0.0003582421875,2790.962863156,,,,,,,,,,,,,,,,,,,,,
1770643506.5721776,3729,2034,0.0003582421875,0.0003582421875,2791.127857509,,,,,,,,,,,,,,,,,,,,,
1770643506.7370594,3729,2035,0.0003582421875,0.0003582421875,2791.292841005,,,,,,,,,,,,,,,,,,,,,
1770643506.884366,3729,2036,,,2791.43819134,0.002398664830252528,86.0,0.031655170023441315,0.002398664830252528,0.002398652723059058,0.9906313419342041,,,,,,,,,,,,,,,
1770643512.8132818,3739,2037,0.0003578515625,0.0003578515625,2797.367209972,,,,,,,,,,,,,,,,,,,,,
1770643512.977934,3739,2038,0.0003578515625,0.0003578515625,2797.533870499,,,,,,,,,,,,,,,,,,,,,
1770643513.1429014,3739,2039,0.0003578515625,0.0003578515625,2797.698848477,,,,,,,,,,,,,,,,,,,,,
1770643513.3071487,3739,2040,0.0003578515625,0.0003578515625,2797.862843829,,,,,,,,,,,,,,,,,,,,,
1770643513.4544954,3739,2041,,,2798.008294935,0.0021809025201946497,86.0,0.029676996171474457,0.0021809025201946497,0.002180878072977066,0.9908164143562317,,,,,,,,,,,,,,,
1770643516.2737198,3740,2042,,,2800.827416734,,86.0,,,,,0.9913342595100403,0.002286637667566538,0.002286622067913413,0.029871856793761253,0.002286637667566538,,,,,,,,,,
1770643518.076901,3740,2043,,,2802.63092544,,86.0,,,,,,,,,,0.0023674843832850456,0.0023674843832850456,0.9897056221961975,0.002381910104304552,0.03085421584546566,,,,,
1770643523.3619788,3749,2044,0.00035746093750000003,0.00035746093750000003,2807.915918137,,,,,,,,,,,,,,,,,,,,,
1770643523.5258982,3749,2045,0.00035746093750000003,0.00035746093750000003,2808.081867915,,,,,,,,,,,,,,,,,,,,,
1770643523.6904738,3749,2046,0.00035746093750000003,0.00035746093750000003,2808.245843647,,,,,,,,,,,,,,,,,,,,,
1770643523.8552713,3749,2047,0.00035746093750000003,0.00035746093750000003,2808.410863588,,,,,,,,,,,,,,,,,,,,,
1770643524.0024524,3749,2048,,,2808.556286322,0.0021041289437562227,87.0,0.02942430041730404,0.0021041289437562227,0.0021041282452642918,0.9910317063331604,,,,,,,,,,,,,,,
1770643529.9257474,3759,2049,0.0003570703125,0.0003570703125,2814.4818923,,,,,,,,,,,,,,,,,,,,,
1770643530.0900476,3759,2050,0.0003570703125,0.0003570703125,2814.645841933,,,,,,,,,,,,,,,,,,,,,
1770643530.2540255,3759,2051,0.0003570703125,0.0003570703125,2814.809844976,,,,,,,,,,,,,,,,,,,,,
1770643530.4182868,3759,2052,0.0003570703125,0.0003570703125,2814.973850913,,,,,,,,,,,,,,,,,,,,,
1770643530.5652165,3759,2053,,,2815.119067587,0.002072465606033802,87.0,0.029635345563292503,0.002072465606033802,0.0020724565256386995,0.991396963596344,,,,,,,,,,,,,,,
1770643536.493576,3769,2054,0.0003566796875,0.0003566796875,2821.047530907,,,,,,,,,,,,,,,,,,,,,
1770643536.658609,3769,2055,0.0003566796875,0.0003566796875,2821.213873144,,,,,,,,,,,,,,,,,,,,,
1770643536.8235743,3769,2056,0.0003566796875,0.0003566796875,2821.378848008,,,,,,,,,,,,,,,,,,,,,
1770643536.9873788,3769,2057,0.0003566796875,0.0003566796875,2821.542846804,,,,,,,,,,,,,,,,,,,,,
1770643537.134206,3769,2058,,,2821.688018982,0.0017114056972786784,87.0,0.027038635686039925,0.0017114056972786784,0.0017113836947828531,0.9923943877220154,,,,,,,,,,,,,,,
1770643543.0564592,3779,2059,0.0003562890625,0.0003562890625,2827.610358097,,,,,,,,,,,,,,,,,,,,,
1770643543.2208712,3779,2060,0.0003562890625,0.0003562890625,2827.776861817,,,,,,,,,,,,,,,,,,,,,
1770643543.3849988,3779,2061,0.0003562890625,0.0003562890625,2827.940843858,,,,,,,,,,,,,,,,,,,,,
1770643543.5492654,3779,2062,0.0003562890625,0.0003562890625,2828.104852459,,,,,,,,,,,,,,,,,,,,,
1770643543.6962724,3779,2063,,,2828.250094602,0.001957584172487259,87.0,0.028582371771335602,0.001957584172487259,0.001957553206011653,0.9918492436408997,,,,,,,,,,,,,,,
1770643548.4761415,3783,2064,,,2833.029888153,,87.0,,,,,0.9914494156837463,0.0024842896964401007,0.0024842703714966774,0.0320894680917263,0.0024842896964401007,,,,,,,,,,
1770643548.4775884,3783,2065,,,2833.031255568,,87.0,,,,,,,,,,0.0023199503775686026,0.0023199503775686026,0.9897617101669312,0.00236747064627707,0.030780918896198273,,,,,
1770643551.7788215,3789,2066,0.0003558984375,0.0003558984375,2836.334884406,,,,,,,,,,,,,,,,,,,,,
1770643551.9430094,3789,2067,0.0003558984375,0.0003558984375,2836.498853238,,,,,,,,,,,,,,,,,,,,,
1770643552.1071105,3789,2068,0.0003558984375,0.0003558984375,2836.662839896,,,,,,,,,,,,,,,,,,,,,
1770643552.2710457,3789,2069,0.0003558984375,0.0003558984375,2836.826841516,,,,,,,,,,,,,,,,,,,,,
1770643552.4182866,3789,2070,,,2836.972130609,0.0021479094866663218,88.0,0.029041144996881485,0.0021479094866663218,0.0021478973794728518,0.990615963935852,,,,,,,,,,,,,,,
1770643558.3388023,3799,2071,0.00035550781250000003,0.00035550781250000003,2842.894886525,,,,,,,,,,,,,,,,,,,,,
1770643558.5031245,3799,2072,0.00035550781250000003,0.00035550781250000003,2843.056945757,,,,,,,,,,,,,,,,,,,,,
1770643558.6684022,3799,2073,0.00035550781250000003,0.00035550781250000003,2843.223869409,,,,,,,,,,,,,,,,,,,,,
1770643558.8328059,3799,2074,0.00035550781250000003,0.00035550781250000003,2843.388848958,,,,,,,,,,,,,,,,,,,,,
1770643558.9801254,3799,2075,,,2843.533972723,0.0021328877191990614,88.0,0.030058279633522034,0.0021328877191990614,0.002132863039150834,0.9902963638305664,,,,,,,,,,,,,,,
1770643564.9086144,3809,2076,0.0003551171875,0.0003551171875,2849.462548423,,,,,,,,,,,,,,,,,,,,,
1770643565.0730267,3809,2077,0.0003551171875,0.0003551171875,2849.628878335,,,,,,,,,,,,,,,,,,,,,
1770643565.2376716,3809,2078,0.0003551171875,0.0003551171875,2849.792849422,,,,,,,,,,,,,,,,,,,,,
1770643565.40262,3809,2079,0.0003551171875,0.0003551171875,2849.957845438,,,,,,,,,,,,,,,,,,,,,
1770643565.5496912,3809,2080,,,2850.103563848,0.002948421984910965,88.0,0.03240193426609039,0.002948421984910965,0.0029484019614756107,0.9876343607902527,,,,,,,,,,,,,,,
1770643571.4775107,3819,2081,0.0003547265625,0.0003547265625,2856.03144435,,,,,,,,,,,,,,,,,,,,,
1770643571.641807,3819,2082,0.0003547265625,0.0003547265625,2856.197867141,,,,,,,,,,,,,,,,,,,,,
1770643571.8063924,3819,2083,0.0003547265625,0.0003547265625,2856.361849384,,,,,,,,,,,,,,,,,,,,,
1770643571.9709702,3819,2084,0.0003547265625,0.0003547265625,2856.526841414,,,,,,,,,,,,,,,,,,,,,
1770643572.1181831,3819,2085,,,2856.672060243,0.003053021151572466,88.0,0.03375421464443207,0.003053021151572466,0.003053051419556141,0.9864397048950195,,,,,,,,,,,,,,,
1770643578.874002,3826,2086,,,2863.427758925,,88.0,,,,,0.9915949702262878,0.0024377943482249975,0.002437771065160632,0.03177114948630333,0.0024377943482249975,,,,,,,,,,
1770643578.8754752,3826,2087,,,2863.429150347,,88.0,,,,,,,,,,0.0022897657472640276,0.0022897657472640276,0.9899677038192749,0.002319940133020282,0.030257510021328926,,,,,
1770643580.2100072,3829,2088,0.0003543359375,0.0003543359375,2864.763932176,,,,,,,,,,,,,,,,,,,,,
1770643580.3749578,3829,2089,0.0003543359375,0.0003543359375,2864.928788472,,,,,,,,,,,,,,,,,,,,,
1770643580.5410874,3829,2090,0.0003543359375,0.0003543359375,2865.096849606,,,,,,,,,,,,,,,,,,,,,
1770643580.7055008,3829,2091,0.0003543359375,0.0003543359375,2865.260841533,,,,,,,,,,,,,,,,,,,,,
1770643580.8524876,3829,2092,,,2865.406330958,0.0023108767345547676,89.0,0.030990522354841232,0.0023108767345547676,0.0023108557797968388,0.990430474281311,,,,,,,,,,,,,,,
1770643586.7821496,3839,2093,0.0003539453125,0.0003539453125,2871.337878635,,,,,,,,,,,,,,,,,,,,,
1770643586.946687,3839,2094,0.0003539453125,0.0003539453125,2871.502842453,,,,,,,,,,,,,,,,,,,,,
1770643587.1111357,3839,2095,0.0003539453125,0.0003539453125,2871.666838305,,,,,,,,,,,,,,,,,,,,,
1770643587.2751672,3839,2096,0.0003539453125,0.0003539453125,2871.830844293,,,,,,,,,,,,,,,,,,,,,
1770643587.4222727,3839,2097,,,2871.976101889,0.0020823420491069555,89.0,0.02969297580420971,0.0020823420491069555,0.0020823285449296236,0.9910078048706055,,,,,,,,,,,,,,,
1770643593.3517156,3849,2098,0.00035355468750000003,0.00035355468750000003,2877.90564165,,,,,,,,,,,,,,,,,,,,,
1770643593.5163932,3849,2099,0.00035355468750000003,0.00035355468750000003,2878.070220319,,,,,,,,,,,,,,,,,,,,,
1770643593.6812959,3849,2100,0.00035355468750000003,0.00035355468750000003,2878.235114742,,,,,,,,,,,,,,,,,,,,,
1770643593.846118,3849,2101,0.00035355468750000003,0.00035355468750000003,2878.40186163,,,,,,,,,,,,,,,,,,,,,
1770643593.9930332,3849,2102,,,2878.546877753,0.002038500737398863,89.0,0.029023613780736923,0.002038500737398863,0.0020385177340358496,0.9914605021476746,,,,,,,,,,,,,,,
1770643599.9229958,3859,2103,0.0003531640625,0.0003531640625,2884.476940643,,,,,,,,,,,,,,,,,,,,,
1770643600.0874603,3859,2104,0.0003531640625,0.0003531640625,2884.642849221,,,,,,,,,,,,,,,,,,,,,
1770643600.2517831,3859,2105,0.0003531640625,0.0003531640625,2884.80788103,,,,,,,,,,,,,,,,,,,,,
1770643600.416275,3859,2106,0.0003531640625,0.0003531640625,2884.971855641,,,,,,,,,,,,,,,,,,,,,
1770643600.563415,3859,2107,,,2885.117193086,0.0019433716079220176,89.0,0.028943553566932678,0.0019433716079220176,0.001943369978107512,0.9915124773979187,,,,,,,,,,,,,,,
1770643606.4917693,3869,2108,0.0003527734375,0.0003527734375,2891.045698127,,,,,,,,,,,,,,,,,,,,,
1770643606.6566343,3869,2109,0.0003527734375,0.0003527734375,2891.210451939,,,,,,,,,,,,,,,,,,,,,
1770643606.8213625,3869,2110,0.0003527734375,0.0003527734375,2891.376846086,,,,,,,,,,,,,,,,,,,,,
1770643606.97388,3869,2111,0.0003527734375,0.0003527734375,2891.527959464,,,,,,,,,,,,,,,,,,,,,
1770643607.0329242,3869,2112,,,2891.586756155,0.0020048695150762796,89.0,0.028832098469138145,0.0020048695150762796,0.0020048615988343954,0.9910168051719666,,,,,,,,,,,,,,,
1770643609.2998977,3869,2113,,,2893.853652023,,89.0,,,,,0.9914695620536804,0.0022751407232135534,0.0022751162759959698,0.030407505109906197,0.0022751407232135534,,,,,,,,,,
1770643611.004089,3869,2114,,,2895.558056927,,89.0,,,,,,,,,,0.0023285734932869673,0.0023285734932869673,0.9900917410850525,0.0022897503804415464,0.030023055151104927,,,,,
1770643616.9523852,3879,2115,0.0003523828125,0.0003523828125,2901.506312585,,,,,,,,,,,,,,,,,,,,,
1770643617.1167393,3879,2116,0.0003523828125,0.0003523828125,2901.672868064,,,,,,,,,,,,,,,,,,,,,
1770643617.2808475,3879,2117,0.0003523828125,0.0003523828125,2901.836849374,,,,,,,,,,,,,,,,,,,,,
1770643617.4454029,3879,2118,0.0003523828125,0.0003523828125,2902.000838686,,,,,,,,,,,,,,,,,,,,,
1770643617.5922432,3879,2119,,,2902.146059997,0.0020224738400429487,90.0,0.028346005827188492,0.0020224738400429487,0.0020224826876074076,0.9916173815727234,,,,,,,,,,,,,,,
1770643623.5082774,3889,2120,0.0003519921875,0.0003519921875,2908.062201344,,,,,,,,,,,,,,,,,,,,,
1770643623.6727667,3889,2121,0.0003519921875,0.0003519921875,2908.226600832,,,,,,,,,,,,,,,,,,,,,
1770643623.8374114,3889,2122,0.0003519921875,0.0003519921875,2908.392858544,,,,,,,,,,,,,,,,,,,,,
1770643624.0018687,3889,2123,0.0003519921875,0.0003519921875,2908.557840408,,,,,,,,,,,,,,,,,,,,,
1770643624.1488447,3889,2124,,,2908.702698062,0.0035803900100290775,90.0,0.03420224040746689,0.0035803900100290775,0.003580361371859908,0.9840856194496155,,,,,,,,,,,,,,,
1770643630.067117,3899,2125,0.0003516015625,0.0003516015625,2914.621038547,,,,,,,,,,,,,,,,,,,,,
1770643630.2311637,3899,2126,0.0003516015625,0.0003516015625,2914.786866653,,,,,,,,,,,,,,,,,,,,,
1770643630.395861,3899,2127,0.0003516015625,0.0003516015625,2914.951855116,,,,,,,,,,,,,,,,,,,,,
1770643630.560032,3899,2128,0.0003516015625,0.0003516015625,2915.115843456,,,,,,,,,,,,,,,,,,,,,
1770643630.706929,3899,2129,,,2915.260758366,0.0024566634092479944,90.0,0.03079923428595066,0.0024566634092479944,0.0024566459469497204,0.9893548488616943,,,,,,,,,,,,,,,
1770643636.6243598,3909,2130,0.0003512109375,0.0003512109375,2921.178283469,,,,,,,,,,,,,,,,,,,,,
1770643636.788433,3909,2131,0.0003512109375,0.0003512109375,2921.343866436,,,,,,,,,,,,,,,,,,,,,
1770643636.9523664,3909,2132,0.0003512109375,0.0003512109375,2921.507846403,,,,,,,,,,,,,,,,,,,,,
1770643637.1164286,3909,2133,0.0003512109375,0.0003512109375,2921.671840321,,,,,,,,,,,,,,,,,,,,,
1770643637.2630918,3909,2134,,,2921.816893559,0.0021924495231360197,90.0,0.02993927337229252,0.0021924495231360197,0.0021924281027168036,0.990550696849823,,,,,,,,,,,,,,,
1770643641.389005,3912,2135,,,2925.942787436,,90.0,,,,,0.991663932800293,0.0020803390070796013,0.002080323174595833,0.027942340821027756,0.0020803390070796013,,,,,,,,,,
1770643643.0277941,3912,2136,,,2927.581834076,,90.0,,,,,,,,,,0.0022687881719321012,0.0022687881719321012,0.9899254441261292,0.002328555565327406,0.03045831061899662,,,,,
1770643646.9945214,3919,2137,0.0003508203125,0.0003508203125,2931.548440175,,,,,,,,,,,,,,,,,,,,,
1770643647.1590257,3919,2138,0.0003508203125,0.0003508203125,2931.712852261,,,,,,,,,,,,,,,,,,,,,
1770643647.3233101,3919,2139,0.0003508203125,0.0003508203125,2931.878864403,,,,,,,,,,,,,,,,,,,,,
1770643647.487457,3919,2140,0.0003508203125,0.0003508203125,2932.042843829,,,,,,,,,,,,,,,,,,,,,
1770643647.634404,3919,2141,,,2932.188228294,0.002486548153683543,91.0,0.03171096369624138,0.002486548153683543,0.002486524637788534,0.9897797703742981,,,,,,,,,,,,,,,
1770643653.5568693,3929,2142,0.0003504296875,0.0003504296875,2938.110784841,,,,,,,,,,,,,,,,,,,,,
1770643653.7217393,3929,2143,0.0003504296875,0.0003504296875,2938.276866798,,,,,,,,,,,,,,,,,,,,,
1770643653.8863416,3929,2144,0.0003504296875,0.0003504296875,2938.441844624,,,,,,,,,,,,,,,,,,,,,
1770643654.0507748,3929,2145,0.0003504296875,0.0003504296875,2938.606857193,,,,,,,,,,,,,,,,,,,,,
1770643654.1976614,3929,2146,,,2938.751485672,0.0020165424793958664,91.0,0.028913674876093864,0.0020165424793958664,0.0020165354944765568,0.9918050765991211,,,,,,,,,,,,,,,
1770643660.119696,3939,2147,0.0003500390625,0.0003500390625,2944.673604463,,,,,,,,,,,,,,,,,,,,,
1770643660.2838416,3939,2148,0.0003500390625,0.0003500390625,2944.837676789,,,,,,,,,,,,,,,,,,,,,
1770643660.4480348,3939,2149,0.0003500390625,0.0003500390625,2945.0038685,,,,,,,,,,,,,,,,,,,,,
1770643660.6121223,3939,2150,0.0003500390625,0.0003500390625,2945.167842588,,,,,,,,,,,,,,,,,,,,,
1770643660.7594242,3939,2151,,,2945.313274394,0.002196304965764284,91.0,0.030400197952985764,0.002196304965764284,0.0021962763275951147,0.9907503128051758,,,,,,,,,,,,,,,
1770643666.6786475,3949,2152,0.0003496484375,0.0003496484375,2951.232586118,,,,,,,,,,,,,,,,,,,,,
1770643666.8427734,3949,2153,0.0003496484375,0.0003496484375,2951.398870298,,,,,,,,,,,,,,,,,,,,,
1770643667.0070279,3949,2154,0.0003496484375,0.0003496484375,2951.562845958,,,,,,,,,,,,,,,,,,,,,
1770643667.170979,3949,2155,0.0003496484375,0.0003496484375,2951.726840837,,,,,,,,,,,,,,,,,,,,,
1770643667.3181143,3949,2156,,,2951.871953904,0.0020439806394279003,91.0,0.02937888540327549,0.0020439806394279003,0.0020439554937183857,0.9914411306381226,,,,,,,,,,,,,,,
1770643673.408726,3955,2157,,,2957.962498299,,91.0,,,,,0.9916331768035889,0.0023841997608542442,0.0023841816000640392,0.03085085190832615,0.0023841997608542442,,,,,,,,,,
1770643673.410191,3955,2158,,,2957.963854077,,91.0,,,,,,,,,,0.0022516141179949045,0.0022516141179949045,0.9901880621910095,0.002268774202093482,0.029958585277199745,,,,,
1770643675.4016647,3959,2159,0.0003492578125,0.0003492578125,2959.955581599,,,,,,,,,,,,,,,,,,,,,
1770643675.5658438,3959,2160,0.0003492578125,0.0003492578125,2960.121863165,,,,,,,,,,,,,,,,,,,,,
1770643675.7308667,3959,2161,0.0003492578125,0.0003492578125,2960.286854441,,,,,,,,,,,,,,,,,,,,,
1770643675.895625,3959,2162,0.0003492578125,0.0003492578125,2960.450846045,,,,,,,,,,,,,,,,,,,,,
1770643676.042625,3959,2163,,,2960.596455558,0.002415792550891638,92.0,0.030748149380087852,0.002415792550891638,0.0024157774168998003,0.9889231324195862,,,,,,,,,,,,,,,
1770643681.9730291,3969,2164,0.0003488671875,0.0003488671875,2966.526949133,,,,,,,,,,,,,,,,,,,,,
1770643682.137893,3969,2165,0.0003488671875,0.0003488671875,2966.691725727,,,,,,,,,,,,,,,,,,,,,
1770643682.3027248,3969,2166,0.0003488671875,0.0003488671875,2966.858875888,,,,,,,,,,,,,,,,,,,,,
1770643682.4676068,3969,2167,0.0003488671875,0.0003488671875,2967.022845047,,,,,,,,,,,,,,,,,,,,,
1770643682.6145957,3969,2168,,,2967.168463744,0.002082469640299678,92.0,0.02982281893491745,0.002082469640299678,0.002082439139485359,0.9917051196098328,,,,,,,,,,,,,,,
1770643688.5416567,3979,2169,0.0003484765625,0.0003484765625,2973.095571453,,,,,,,,,,,,,,,,,,,,,
1770643688.7059932,3979,2170,0.0003484765625,0.0003484765625,2973.259806983,,,,,,,,,,,,,,,,,,,,,
1770643688.8700218,3979,2171,0.0003484765625,0.0003484765625,2973.425849609,,,,,,,,,,,,,,,,,,,,,
1770643689.0349152,3979,2172,0.0003484765625,0.0003484765625,2973.590828216,,,,,,,,,,,,,,,,,,,,,
1770643689.1816432,3979,2173,,,2973.735424956,0.0026162269059568644,92.0,0.030532408505678177,0.0026162269059568644,0.0026162047870457172,0.988872230052948,,,,,,,,,,,,,,,
1770643695.102905,3989,2174,0.0003480859375,0.0003480859375,2979.658893958,,,,,,,,,,,,,,,,,,,,,
1770643695.2672818,3989,2175,0.0003480859375,0.0003480859375,2979.822856237,,,,,,,,,,,,,,,,,,,,,
1770643695.4316182,3989,2176,0.0003480859375,0.0003480859375,2979.986839748,,,,,,,,,,,,,,,,,,,,,
1770643695.595245,3989,2177,0.0003480859375,0.0003480859375,2980.150841817,,,,,,,,,,,,,,,,,,,,,
1770643695.742201,3989,2178,,,2980.295985429,0.0018777544610202312,92.0,0.028417395427823067,0.0018777544610202312,0.001877755275927484,0.9925285577774048,,,,,,,,,,,,,,,
1770643703.8058023,3998,2179,,,2988.359581351,,92.0,,,,,0.9917338490486145,0.0022556381300091743,0.0022556190378963947,0.03166456148028374,0.0022556381300091743,,,,,,,,,,
1770643705.5514414,3998,2180,,,2990.105454267,,92.0,,,,,,,,,,0.0022366258781403303,0.0022366258781403303,0.990269124507904,0.002251598285511136,0.029944216832518578,,,,,
1770643705.5812058,3999,2181,0.0003476953125,0.0003476953125,2990.135035011,,,,,,,,,,,,,,,,,,,,,
1770643705.74662,3999,2182,0.0003476953125,0.0003476953125,2990.301847904,,,,,,,,,,,,,,,,,,,,,
1770643705.9113114,3999,2183,0.0003476953125,0.0003476953125,2990.4651164,,,,,,,,,,,,,,,,,,,,,
1770643706.0756316,3999,2184,0.0003476953125,0.0003476953125,2990.630867007,,,,,,,,,,,,,,,,,,,,,
1770643706.2229881,3999,2185,,,2990.776811903,0.0021116461139172316,93.0,0.029006896540522575,0.0021116461139172316,0.0021116414573043585,0.9916712045669556,,,,,,,,,,,,,,,
1770643712.1412616,4009,2186,0.0003473046875,0.0003473046875,2996.695150555,,,,,,,,,,,,,,,,,,,,,
1770643712.3055778,4009,2187,0.0003473046875,0.0003473046875,2996.859397722,,,,,,,,,,,,,,,,,,,,,
1770643712.4704256,4009,2188,0.0003473046875,0.0003473046875,2997.025864094,,,,,,,,,,,,,,,,,,,,,
1770643712.634887,4009,2189,0.0003473046875,0.0003473046875,2997.19084281,,,,,,,,,,,,,,,,,,,,,
1770643712.7821083,4009,2190,,,2997.335971409,0.002114740666002035,93.0,0.031244665384292603,0.002114740666002035,0.0021147290244698524,0.9925525784492493,,,,,,,,,,,,,,,
1770643718.710473,4019,2191,0.0003469140625,0.0003469140625,3003.264449785,,,,,,,,,,,,,,,,,,,,,
1770643718.8747292,4019,2192,0.0003469140625,0.0003469140625,3003.428575049,,,,,,,,,,,,,,,,,,,,,
1770643719.040352,4019,2193,0.0003469140625,0.0003469140625,3003.595829355,,,,,,,,,,,,,,,,,,,,,
1770643719.2048826,4019,2194,0.0003469140625,0.0003469140625,3003.760839038,,,,,,,,,,,,,,,,,,,,,
1770643719.3520856,4019,2195,,,3003.905921177,0.0025551936123520136,93.0,0.034987881779670715,0.0025551936123520136,0.0025551971048116684,0.989218533039093,,,,,,,,,,,,,,,
1770643725.2763393,4029,2196,0.0003465234375,0.0003465234375,3009.831903624,,,,,,,,,,,,,,,,,,,,,
1770643725.4401755,4029,2197,0.0003465234375,0.0003465234375,3009.995848936,,,,,,,,,,,,,,,,,,,,,
1770643725.6043308,4029,2198,0.0003465234375,0.0003465234375,3010.159844234,,,,,,,,,,,,,,,,,,,,,
1770643725.7691588,4029,2199,0.0003465234375,0.0003465234375,3010.324861167,,,,,,,,,,,,,,,,,,,,,
1770643725.9160738,4029,2200,,,3010.469824397,0.0021017275284975767,93.0,0.030398862436413765,0.0021017275284975767,0.0021017270628362894,0.9912115931510925,,,,,,,,,,,,,,,
1770643731.8404768,4039,2201,0.00034613281250000003,0.00034613281250000003,3016.394332131,,,,,,,,,,,,,,,,,,,,,
1770643732.0043156,4039,2202,0.00034613281250000003,0.00034613281250000003,3016.559846852,,,,,,,,,,,,,,,,,,,,,
1770643732.1686587,4039,2203,0.00034613281250000003,0.00034613281250000003,3016.724858858,,,,,,,,,,,,,,,,,,,,,
1770643732.3327224,4039,2204,0.00034613281250000003,0.00034613281250000003,3016.888840044,,,,,,,,,,,,,,,,,,,,,
1770643732.4798663,4039,2205,,,3017.033730284,0.0024735068436712027,93.0,0.031190361827611923,0.0024735068436712027,0.002473509171977639,0.9894631505012512,,,,,,,,,,,,,,,
1770643735.9512594,4041,2206,,,3020.504988331,,93.0,,,,,0.991390585899353,0.0024983303155750036,0.002498309826478362,0.034909240901470184,0.0024983303155750036,,,,,,,,,,
1770643735.952718,4041,2207,,,3020.506390098,,93.0,,,,,,,,,,0.0024280280340462923,0.0024280280340462923,0.9903331995010376,0.0022366130724549294,0.029689759016036987,,,,,
1770643740.5644417,4049,2208,0.0003457421875,0.0003457421875,3025.118370313,,,,,,,,,,,,,,,,,,,,,
1770643740.7285857,4049,2209,0.0003457421875,0.0003457421875,3025.282408335,,,,,,,,,,,,,,,,,,,,,
1770643740.8928008,4049,2210,0.0003457421875,0.0003457421875,3025.448864831,,,,,,,,,,,,,,,,,,,,,
1770643741.0570211,4049,2211,0.0003457421875,0.0003457421875,3025.612845847,,,,,,,,,,,,,,,,,,,,,
1770643741.2040238,4049,2212,,,3025.757871921,0.0021181192714720964,94.0,0.028703708201646805,0.0021181192714720964,0.002118086675181985,0.9910980463027954,,,,,,,,,,,,,,,
1770643747.125407,4059,2213,0.0003453515625,0.0003453515625,3031.679326639,,,,,,,,,,,,,,,,,,,,,
1770643747.289876,4059,2214,0.0003453515625,0.0003453515625,3031.845864788,,,,,,,,,,,,,,,,,,,,,
1770643747.4537444,4059,2215,0.0003453515625,0.0003453515625,3032.009855408,,,,,,,,,,,,,,,,,,,,,
1770643747.6178195,4059,2216,0.0003453515625,0.0003453515625,3032.173844125,,,,,,,,,,,,,,,,,,,,,
1770643747.7650013,4059,2217,,,3032.318858151,0.0018142301123589277,94.0,0.026837358251214027,0.0018142301123589277,0.0018142116023227572,0.9925441741943359,,,,,,,,,,,,,,,
1770643753.6839507,4069,2218,0.0003449609375,0.0003449609375,3038.237898342,,,,,,,,,,,,,,,,,,,,,
1770643753.8484015,4069,2219,0.0003449609375,0.0003449609375,3038.403869339,,,,,,,,,,,,,,,,,,,,,
1770643754.0128913,4069,2220,0.0003449609375,0.0003449609375,3038.56664986,,,,,,,,,,,,,,,,,,,,,
1770643754.1768067,4069,2221,0.0003449609375,0.0003449609375,3038.732839485,,,,,,,,,,,,,,,,,,,,,
1770643754.3238697,4069,2222,,,3038.877665097,0.0022378298453986645,94.0,0.03021594136953354,0.0022378298453986645,0.002237837528809905,0.9903271198272705,,,,,,,,,,,,,,,
1770643760.2454069,4079,2223,0.0003445703125,0.0003445703125,3044.799320702,,,,,,,,,,,,,,,,,,,,,
1770643760.4093642,4079,2224,0.0003445703125,0.0003445703125,3044.963194717,,,,,,,,,,,,,,,,,,,,,
1770643760.575349,4079,2225,0.0003445703125,0.0003445703125,3045.130847912,,,,,,,,,,,,,,,,,,,,,
1770643760.7394538,4079,2226,0.0003445703125,0.0003445703125,3045.294835647,,,,,,,,,,,,,,,,,,,,,
1770643760.8866649,4079,2227,,,3045.440526489,0.0020319372415542603,94.0,0.02899436466395855,0.0020319372415542603,0.002031926531344652,0.9917430281639099,,,,,,,,,,,,,,,
1770643766.3268037,4084,2228,,,3050.880523952,,94.0,,,,,0.9917812943458557,0.0021135250572115183,0.0021135059650987387,0.02889118529856205,0.0021135250572115183,,,,,,,,,,
1770643767.939358,4084,2229,,,3052.493428139,,94.0,,,,,,,,,,0.00231593637727201,0.00231593637727201,0.989501416683197,0.0024280110374093056,0.031528349965810776,,,,,
1770643770.594795,4089,2230,0.00034417968750000003,0.00034417968750000003,3055.148717776,,,,,,,,,,,,,,,,,,,,,
1770643770.759116,4089,2231,0.00034417968750000003,0.00034417968750000003,3055.31485341,,,,,,,,,,,,,,,,,,,,,
1770643770.9231455,4089,2232,0.00034417968750000003,0.00034417968750000003,3055.478841325,,,,,,,,,,,,,,,,,,,,,
1770643771.087559,4089,2233,0.00034417968750000003,0.00034417968750000003,3055.642845815,,,,,,,,,,,,,,,,,,,,,
1770643771.234515,4089,2234,,,3055.788304248,0.0023237464483827353,95.0,0.029506748542189598,0.0023237464483827353,0.0023237315472215414,0.9891990423202515,,,,,,,,,,,,,,,
1770643777.1607502,4099,2235,0.0003437890625,0.0003437890625,3061.714676064,,,,,,,,,,,,,,,,,,,,,
1770643777.325084,4099,2236,0.0003437890625,0.0003437890625,3061.880865559,,,,,,,,,,,,,,,,,,,,,
1770643777.4893181,4099,2237,0.0003437890625,0.0003437890625,3062.043078405,,,,,,,,,,,,,,,,,,,,,
1770643777.6533556,4099,2238,0.0003437890625,0.0003437890625,3062.208849331,,,,,,,,,,,,,,,,,,,,,
1770643777.8004875,4099,2239,,,3062.354278569,0.002700428944081068,95.0,0.031896356493234634,0.002700428944081068,0.00270042079500854,0.9884953498840332,,,,,,,,,,,,,,,
1770643783.7208364,4109,2240,0.0003433984375,0.0003433984375,3068.27476985,,,,,,,,,,,,,,,,,,,,,
1770643783.8851945,4109,2241,0.0003433984375,0.0003433984375,3068.440876148,,,,,,,,,,,,,,,,,,,,,
1770643784.049438,4109,2242,0.0003433984375,0.0003433984375,3068.604843402,,,,,,,,,,,,,,,,,,,,,
1770643784.2133474,4109,2243,0.0003433984375,0.0003433984375,3068.767095818,,,,,,,,,,,,,,,,,,,,,
1770643784.360341,4109,2244,,,3068.914124321,0.0022336263209581375,95.0,0.02973910979926586,0.0022336263209581375,0.002233618637546897,0.9899166822433472,,,,,,,,,,,,,,,
1770643790.282711,4119,2245,0.0003430078125,0.0003430078125,3074.836625215,,,,,,,,,,,,,,,,,,,,,
1770643790.4470313,4119,2246,0.0003430078125,0.0003430078125,3075.003117904,,,,,,,,,,,,,,,,,,,,,
1770643790.6126208,4119,2247,0.0003430078125,0.0003430078125,3075.167839602,,,,,,,,,,,,,,,,,,,,,
1770643790.7771983,4119,2248,0.0003430078125,0.0003430078125,3075.332842041,,,,,,,,,,,,,,,,,,,,,
1770643790.9242465,4119,2249,,,3075.477996988,0.0020487389992922544,95.0,0.02924901433289051,0.0020487389992922544,0.0020487087313085794,0.9919235706329346,,,,,,,,,,,,,,,
1770643798.329446,4127,2250,,,3082.883201464,,95.0,,,,,0.9919561743736267,0.002019624225795269,0.0020196132827550173,0.0277399979531765,0.002019624225795269,,,,,,,,,,
1770643799.8927083,4127,2251,,,3084.446733468,,95.0,,,,,,,,,,0.002212386578321457,0.002212386578321457,0.9899876117706299,0.002315917983651161,0.030438926070928574,,,,,
1770643800.578822,4129,2252,0.0003426171875,0.0003426171875,3085.132742526,,,,,,,,,,,,,,,,,,,,,
1770643800.7434297,4129,2253,0.0003426171875,0.0003426171875,3085.297270352,,,,,,,,,,,,,,,,,,,,,
1770643800.9077744,4129,2254,0.0003426171875,0.0003426171875,3085.461597656,,,,,,,,,,,,,,,,,,,,,
1770643801.0725017,4129,2255,0.0003426171875,0.0003426171875,3085.626322478,,,,,,,,,,,,,,,,,,,,,
1770643801.2197986,4129,2256,,,3085.773580105,0.002009379444643855,96.0,0.028649121522903442,0.002009379444643855,0.0020093743223696947,0.9905099272727966,,,,,,,,,,,,,,,
1770643807.1474843,4139,2257,0.00034222656250000003,0.00034222656250000003,3091.702891958,,,,,,,,,,,,,,,,,,,,,
1770643807.3117251,4139,2258,0.00034222656250000003,0.00034222656250000003,3091.867851653,,,,,,,,,,,,,,,,,,,,,
1770643807.4765084,4139,2259,0.00034222656250000003,0.00034222656250000003,3092.030308556,,,,,,,,,,,,,,,,,,,,,
1770643807.6409314,4139,2260,0.00034222656250000003,0.00034222656250000003,3092.196859783,,,,,,,,,,,,,,,,,,,,,
1770643807.7879415,4139,2261,,,3092.341791814,0.002619548002257943,96.0,0.031584061682224274,0.002619548002257943,0.002619504928588867,0.9892629981040955,,,,,,,,,,,,,,,
1770643813.714575,4149,2262,0.0003418359375,0.0003418359375,3098.268507357,,,,,,,,,,,,,,,,,,,,,
1770643813.8793917,4149,2263,0.0003418359375,0.0003418359375,3098.433234372,,,,,,,,,,,,,,,,,,,,,
1770643814.0442865,4149,2264,0.0003418359375,0.0003418359375,3098.599860301,,,,,,,,,,,,,,,,,,,,,
1770643814.2085521,4149,2265,0.0003418359375,0.0003418359375,3098.763841124,,,,,,,,,,,,,,,,,,,,,
1770643814.3558917,4149,2266,,,3098.909681981,0.0021475839894264936,96.0,0.029762739315629005,0.0021475839894264936,0.002147544175386429,0.9907484650611877,,,,,,,,,,,,,,,
1770643820.2845042,4159,2267,0.0003414453125,0.0003414453125,3104.838433438,,,,,,,,,,,,,,,,,,,,,
1770643820.4491599,4159,2268,0.0003414453125,0.0003414453125,3105.00483525,,,,,,,,,,,,,,,,,,,,,
1770643820.6144407,4159,2269,0.0003414453125,0.0003414453125,3105.168250834,,,,,,,,,,,,,,,,,,,,,
1770643820.7791588,4159,2270,0.0003414453125,0.0003414453125,3105.334857003,,,,,,,,,,,,,,,,,,,,,
1770643820.9265223,4159,2271,,,3105.480350037,0.001936399145051837,96.0,0.02769060805439949,0.001936399145051837,0.0019363972824066877,0.9915733337402344,,,,,,,,,,,,,,,
1770643826.856136,4169,2272,0.0003410546875,0.0003410546875,3111.410066837,,,,,,,,,,,,,,,,,,,,,
1770643827.0210314,4169,2273,0.0003410546875,0.0003410546875,3111.576859617,,,,,,,,,,,,,,,,,,,,,
1770643827.1855085,4169,2274,0.0003410546875,0.0003410546875,3111.740837556,,,,,,,,,,,,,,,,,,,,,
1770643827.3501465,4169,2275,0.0003410546875,0.0003410546875,3111.905836348,,,,,,,,,,,,,,,,,,,,,
1770643827.4971395,4169,2276,,,3112.050973677,0.0023372266441583633,96.0,0.03019152395427227,0.0023372266441583633,0.0023372163996100426,0.9891420602798462,,,,,,,,,,,,,,,
1770643830.3220685,4170,2277,,,3114.87580687,,96.0,,,,,0.9919620156288147,0.0020407557021826506,0.002040738705545664,0.028388744220137596,0.0020407557021826506,,,,,,,,,,
1770643831.876773,4170,2278,,,3116.430817167,,96.0,,,,,,,,,,0.0021778345108032227,0.0021778345108032227,0.9904374480247498,0.002212369116023183,0.029537804424762726,,,,,
1770643837.163661,4179,2279,0.0003406640625,0.0003406640625,3121.717523144,,,,,,,,,,,,,,,,,,,,,
1770643837.3274884,4179,2280,0.0003406640625,0.0003406640625,3121.882865894,,,,,,,,,,,,,,,,,,,,,
1770643837.4917474,4179,2281,0.0003406640625,0.0003406640625,3122.047843896,,,,,,,,,,,,,,,,,,,,,
1770643837.6563065,4179,2282,0.0003406640625,0.0003406640625,3122.211861584,,,,,,,,,,,,,,,,,,,,,
1770643837.8032808,4179,2283,,,3122.357131842,0.0015685874968767166,97.0,0.025953616946935654,0.0015685874968767166,0.001568572479300201,0.9933406710624695,,,,,,,,,,,,,,,
1770643843.727344,4189,2284,0.0003402734375,0.0003402734375,3128.281265984,,,,,,,,,,,,,,,,,,,,,
1770643843.8916686,4189,2285,0.0003402734375,0.0003402734375,3128.446873221,,,,,,,,,,,,,,,,,,,,,
1770643844.056194,4189,2286,0.0003402734375,0.0003402734375,3128.611841377,,,,,,,,,,,,,,,,,,,,,
1770643844.2199628,4189,2287,0.0003402734375,0.0003402734375,3128.775843582,,,,,,,,,,,,,,,,,,,,,
1770643844.3670387,4189,2288,,,3128.92086785,0.002621944760903716,97.0,0.03264005854725838,0.002621944760903716,0.002621938707306981,0.9889450073242188,,,,,,,,,,,,,,,
1770643850.2901878,4199,2289,0.0003398828125,0.0003398828125,3134.844102683,,,,,,,,,,,,,,,,,,,,,
1770643850.4547374,4199,2290,0.0003398828125,0.0003398828125,3135.009836139,,,,,,,,,,,,,,,,,,,,,
1770643850.6198137,4199,2291,0.0003398828125,0.0003398828125,3135.175839071,,,,,,,,,,,,,,,,,,,,,
1770643850.784117,4199,2292,0.0003398828125,0.0003398828125,3135.339835196,,,,,,,,,,,,,,,,,,,,,
1770643850.9311626,4199,2293,,,3135.484978534,0.001924592419527471,97.0,0.027526650577783585,0.001924592419527471,0.0019245691364631057,0.991966187953949,,,,,,,,,,,,,,,
1770643856.8542726,4209,2294,0.0003394921875,0.0003394921875,3141.408189684,,,,,,,,,,,,,,,,,,,,,
1770643857.0184479,4209,2295,0.0003394921875,0.0003394921875,3141.573858223,,,,,,,,,,,,,,,,,,,,,
1770643857.1826982,4209,2296,0.0003394921875,0.0003394921875,3141.737841108,,,,,,,,,,,,,,,,,,,,,
1770643857.34674,4209,2297,0.0003394921875,0.0003394921875,3141.902841923,,,,,,,,,,,,,,,,,,,,,
1770643857.4940035,4209,2298,,,3142.047836607,0.002114437986165285,97.0,0.027943560853600502,0.002114437986165285,0.002114415168762207,0.9905405044555664,,,,,,,,,,,,,,,
1770643862.2778163,4213,2299,,,3146.831568763,,97.0,,,,,0.9919016361236572,0.002044936642050743,0.002044922672212124,0.02802474983036518,0.002044936642050743,,,,,,,,,,
1770643864.04452,4213,2300,,,3148.598533953,,97.0,,,,,,,,,,0.0021477974951267242,0.0021477974951267242,0.9905917048454285,0.002177818212658167,0.02927819825708866,,,,,
1770643867.3560824,4219,2301,0.0003391015625,0.0003391015625,3151.909992641,,,,,,,,,,,,,,,,,,,,,
1770643867.5200527,4219,2302,0.0003391015625,0.0003391015625,3152.073844098,,,,,,,,,,,,,,,,,,,,,
1770643867.684178,4219,2303,0.0003391015625,0.0003391015625,3152.239847099,,,,,,,,,,,,,,,,,,,,,
1770643867.848977,4219,2304,0.0003391015625,0.0003391015625,3152.404837668,,,,,,,,,,,,,,,,,,,,,
1770643867.995969,4219,2305,,,3152.549902758,0.0019785838667303324,98.0,0.028075069189071655,0.0019785838667303324,0.0019785568583756685,0.9918467402458191,,,,,,,,,,,,,,,
1770643873.92193,4229,2306,0.0003387109375,0.0003387109375,3158.47586829,,,,,,,,,,,,,,,,,,,,,
1770643874.0856605,4229,2307,0.0003387109375,0.0003387109375,3158.639493817,,,,,,,,,,,,,,,,,,,,,
1770643874.2496712,4229,2308,0.0003387109375,0.0003387109375,3158.803489031,,,,,,,,,,,,,,,,,,,,,
1770643874.4137197,4229,2309,0.0003387109375,0.0003387109375,3158.968859381,,,,,,,,,,,,,,,,,,,,,
1770643874.5607266,4229,2310,,,3159.114575268,0.003025819081813097,98.0,0.03234792500734329,0.003025819081813097,0.003025798359885812,0.9873382449150085,,,,,,,,,,,,,,,
1770643880.485149,4239,2311,0.0003383203125,0.0003383203125,3165.039046367,,,,,,,,,,,,,,,,,,,,,
1770643880.6492476,4239,2312,0.0003383203125,0.0003383203125,3165.203084805,,,,,,,,,,,,,,,,,,,,,
1770643880.8142488,4239,2313,0.0003383203125,0.0003383203125,3165.369861509,,,,,,,,,,,,,,,,,,,,,
1770643880.9786608,4239,2314,0.0003383203125,0.0003383203125,3165.533841409,,,,,,,,,,,,,,,,,,,,,
1770643881.1258414,4239,2315,,,3165.679696184,0.002060207072645426,98.0,0.02999037690460682,0.002060207072645426,0.002060202183201909,0.991767168045044,,,,,,,,,,,,,,,
1770643887.0500557,4249,2316,0.0003379296875,0.0003379296875,3171.60589248,,,,,,,,,,,,,,,,,,,,,
1770643887.2142308,4249,2317,0.0003379296875,0.0003379296875,3171.768007707,,,,,,,,,,,,,,,,,,,,,
1770643887.3787198,4249,2318,0.0003379296875,0.0003379296875,3171.934860985,,,,,,,,,,,,,,,,,,,,,
1770643887.5427744,4249,2319,0.0003379296875,0.0003379296875,3172.098843189,,,,,,,,,,,,,,,,,,,,,
1770643887.6901064,4249,2320,,,3172.243907847,0.0019155737245455384,98.0,0.02795647829771042,0.0019155737245455384,0.0019155287882313132,0.9921027421951294,,,,,,,,,,,,,,,
1770643894.4418764,4256,2321,,,3178.995591542,,98.0,,,,,0.9919031858444214,0.0020562387071549892,0.00205622217617929,0.028088917955756187,0.0020562387071549892,,,,,,,,,,
1770643894.4432929,4256,2322,,,3178.996977816,,98.0,,,,,,,,,,0.002159786643460393,0.002159786643460393,0.9907201528549194,0.0021477830596268177,0.02897711843252182,,,,,
1770643895.7782707,4259,2323,0.0003375390625,0.0003375390625,3180.332178897,,,,,,,,,,,,,,,,,,,,,
1770643895.9424903,4259,2324,0.0003375390625,0.0003375390625,3180.496284165,,,,,,,,,,,,,,,,,,,,,
1770643896.1066086,4259,2325,0.0003375390625,0.0003375390625,3180.661839232,,,,,,,,,,,,,,,,,,,,,
1770643896.2706783,4259,2326,0.0003375390625,0.0003375390625,3180.826844433,,,,,,,,,,,,,,,,,,,,,
1770643896.4177523,4259,2327,,,3180.971564283,0.001986097078770399,99.0,0.02858901210129261,0.001986097078770399,0.0019860670436173677,0.9919161200523376,,,,,,,,,,,,,,,
1770643902.342277,4269,2328,0.0003371484375,0.0003371484375,3186.896198544,,,,,,,,,,,,,,,,,,,,,
1770643902.5064423,4269,2329,0.0003371484375,0.0003371484375,3187.06186598,,,,,,,,,,,,,,,,,,,,,
1770643902.670897,4269,2330,0.0003371484375,0.0003371484375,3187.226843859,,,,,,,,,,,,,,,,,,,,,
1770643902.8347933,4269,2331,0.0003371484375,0.0003371484375,3187.390841565,,,,,,,,,,,,,,,,,,,,,
1770643902.9818017,4269,2332,,,3187.535593182,0.0018393294885754585,99.0,0.027452165260910988,0.0018393294885754585,0.001839292119257152,0.9924882054328918,,,,,,,,,,,,,,,
1770643908.9042156,4279,2333,0.0003367578125,0.0003367578125,3193.458144055,,,,,,,,,,,,,,,,,,,,,
1770643909.0687137,4279,2334,0.0003367578125,0.0003367578125,3193.624843722,,,,,,,,,,,,,,,,,,,,,
1770643909.2332907,4279,2335,0.0003367578125,0.0003367578125,3193.788837432,,,,,,,,,,,,,,,,,,,,,
1770643909.3975825,4279,2336,0.0003367578125,0.0003367578125,3193.952843481,,,,,,,,,,,,,,,,,,,,,
1770643909.5447707,4279,2337,,,3194.098580829,0.002271458739414811,99.0,0.029909277334809303,0.002271458739414811,0.0022714638616889715,0.990302562713623,,,,,,,,,,,,,,,
1770643915.4678051,4289,2338,0.0003363671875,0.0003363671875,3200.021725037,,,,,,,,,,,,,,,,,,,,,
1770643915.6321833,4289,2339,0.0003363671875,0.0003363671875,3200.187859495,,,,,,,,,,,,,,,,,,,,,
1770643915.797076,4289,2340,0.0003363671875,0.0003363671875,3200.350968685,,,,,,,,,,,,,,,,,,,,,
1770643915.9617417,4289,2341,0.0003363671875,0.0003363671875,3200.515597529,,,,,,,,,,,,,,,,,,,,,
1770643916.1090055,4289,2342,,,3200.662934883,0.002511783270165324,99.0,0.0314219705760479,0.002511783270165324,0.0025117250625044107,0.9888142347335815,,,,,,,,,,,,,,,
1770643922.0353427,4299,2343,0.0003359765625,0.0003359765625,3206.58926318,,,,,,,,,,,,,,,,,,,,,
1770643922.1995294,4299,2344,0.0003359765625,0.0003359765625,3206.753364241,,,,,,,,,,,,,,,,,,,,,
1770643922.364171,4299,2345,0.0003359765625,0.0003359765625,3206.919865049,,,,,,,,,,,,,,,,,,,,,
1770643922.5170538,4299,2346,0.0003359765625,0.0003359765625,3207.070948823,,,,,,,,,,,,,,,,,,,,,
1770643922.576626,4299,2347,,,3207.130465012,0.0014874758198857307,99.0,0.023940661922097206,0.0014874758198857307,0.0014874975895509124,0.9942124485969543,,,,,,,,,,,,,,,
1770643924.8338108,4299,2348,,,3209.387516844,,99.0,,,,,0.9919819235801697,0.0019878437742590904,0.0019878314342349768,0.028436705470085144,0.0019878437742590904,,,,,,,,,,
1770643926.4209445,4299,2349,,,3210.974955737,,99.0,,,,,,,,,,0.0021416684612631798,0.0021416684612631798,0.9906654357910156,0.0021597673185169697,0.029164904728531837,,,,,
1770643932.354191,4309,2350,0.0003355859375,0.0003355859375,3216.908114461,,,,,,,,,,,,,,,,,,,,,
1770643932.5188322,4309,2351,0.0003355859375,0.0003355859375,3217.072664736,,,,,,,,,,,,,,,,,,,,,
1770643932.6835947,4309,2352,0.0003355859375,0.0003355859375,3217.238868648,,,,,,,,,,,,,,,,,,,,,
1770643932.8483157,4309,2353,0.0003355859375,0.0003355859375,3217.402130407,,,,,,,,,,,,,,,,,,,,,
1770643932.9954576,4309,2354,,,3217.549330033,0.002167070982977748,100.0,0.03023502416908741,0.002167070982977748,0.002167054219171405,0.9912899732589722,,,,,,,,,,,,,,,
1770643938.9151301,4319,2355,0.0003351953125,0.0003351953125,3223.469059373,,,,,,,,,,,,,,,,,,,,,
1770643939.079801,4319,2356,0.0003351953125,0.0003351953125,3223.635843597,,,,,,,,,,,,,,,,,,,,,
1770643939.2438827,4319,2357,0.0003351953125,0.0003351953125,3223.799852559,,,,,,,,,,,,,,,,,,,,,
1770643939.4079936,4319,2358,0.0003351953125,0.0003351953125,3223.963839748,,,,,,,,,,,,,,,,,,,,,
1770643939.5552645,4319,2359,,,3224.109089232,0.0025621261447668076,100.0,0.031428493559360504,0.0025621261447668076,0.0025621382519602776,0.9894160628318787,,,,,,,,,,,,,,,
1770643945.4794726,4329,2360,0.0003348046875,0.0003348046875,3230.033399942,,,,,,,,,,,,,,,,,,,,,
1770643945.6436584,4329,2361,0.0003348046875,0.0003348046875,3230.197495785,,,,,,,,,,,,,,,,,,,,,
1770643945.808578,4329,2362,0.0003348046875,0.0003348046875,3230.363864994,,,,,,,,,,,,,,,,,,,,,
1770643945.9730995,4329,2363,0.0003348046875,0.0003348046875,3230.528843333,,,,,,,,,,,,,,,,,,,,,
1770643946.1202438,4329,2364,,,3230.674095542,0.0024045256432145834,100.0,0.02938125841319561,0.0024045256432145834,0.0024044730234891176,0.9894385933876038,,,,,,,,,,,,,,,
1770643952.0451787,4339,2365,0.0003344140625,0.0003344140625,3236.599111926,,,,,,,,,,,,,,,,,,,,,
1770643952.2093093,4339,2366,0.0003344140625,0.0003344140625,3236.763105995,,,,,,,,,,,,,,,,,,,,,
1770643952.373664,4339,2367,0.0003344140625,0.0003344140625,3236.92884706,,,,,,,,,,,,,,,,,,,,,
1770643952.537538,4339,2368,0.0003344140625,0.0003344140625,3237.092842601,,,,,,,,,,,,,,,,,,,,,
1770643952.684328,4339,2369,,,3237.2381682,0.0018379810499027371,100.0,0.02751380205154419,0.0018379810499027371,0.0018379545072093606,0.9924706220626831,,,,,,,,,,,,,,,
1770643956.8110917,4342,2370,,,3241.364808643,,100.0,,,,,0.9918934106826782,0.002194484695792198,0.0021944623440504074,0.029018206521868706,0.002194484695792198,,,,,,,,,,
1770643956.8125181,4342,2371,,,3241.366226064,,100.0,,,,,,,,,,0.002160710981115699,0.002160710981115699,0.9907451272010803,0.0021416533272713423,0.029088906943798065,,,,,
1770643960.8221686,4349,2372,0.0003340234375,0.0003340234375,3245.376984953,,,,,,,,,,,,,,,,,,,,,
1770643960.9875362,4349,2373,0.0003340234375,0.0003340234375,3245.541322278,,,,,,,,,,,,,,,,,,,,,
1770643961.1519778,4349,2374,0.0003340234375,0.0003340234375,3245.705767125,,,,,,,,,,,,,,,,,,,,,
1770643961.3162293,4349,2375,0.0003340234375,0.0003340234375,3245.869989997,,,,,,,,,,,,,,,,,,,,,
1770643961.463274,4349,2376,,,3246.017019287,0.001914117019623518,101.0,0.02816436067223549,0.001914117019623518,0.0019141052616760135,0.9916814565658569,,,,,,,,,,,,,,,
1770643967.387455,4359,2377,0.0003336328125,0.0003336328125,3251.941377666,,,,,,,,,,,,,,,,,,,,,
1770643967.5517404,4359,2378,0.0003336328125,0.0003336328125,3252.105540678,,,,,,,,,,,,,,,,,,,,,
1770643967.7164972,4359,2379,0.0003336328125,0.0003336328125,3252.271866382,,,,,,,,,,,,,,,,,,,,,
1770643967.8808966,4359,2380,0.0003336328125,0.0003336328125,3252.436842657,,,,,,,,,,,,,,,,,,,,,
1770643968.0280669,4359,2381,,,3252.58183871,0.001914284541271627,101.0,0.028539633378386497,0.001914284541271627,0.001914269756525755,0.9921239614486694,,,,,,,,,,,,,,,
1770643973.953783,4369,2382,0.00033324218750000004,0.00033324218750000004,3258.507711158,,,,,,,,,,,,,,,,,,,,,
1770643974.1192014,4369,2383,0.00033324218750000004,0.00033324218750000004,3258.674846798,,,,,,,,,,,,,,,,,,,,,
1770643974.2832694,4369,2384,0.00033324218750000004,0.00033324218750000004,3258.838841919,,,,,,,,,,,,,,,,,,,,,
1770643974.4474258,4369,2385,0.00033324218750000004,0.00033324218750000004,3259.002837409,,,,,,,,,,,,,,,,,,,,,
1770643974.5943115,4369,2386,,,3259.148087524,0.002107217675074935,101.0,0.02883620373904705,0.002107217675074935,0.002107209526002407,0.9913040399551392,,,,,,,,,,,,,,,
1770643980.5161004,4379,2387,0.0003328515625,0.0003328515625,3265.071879218,,,,,,,,,,,,,,,,,,,,,
1770643980.680571,4379,2388,0.0003328515625,0.0003328515625,3265.235866165,,,,,,,,,,,,,,,,,,,,,
1770643980.8447251,4379,2389,0.0003328515625,0.0003328515625,3265.400843722,,,,,,,,,,,,,,,,,,,,,
1770643981.0089264,4379,2390,0.0003328515625,0.0003328515625,3265.564867886,,,,,,,,,,,,,,,,,,,,,
1770643981.1560097,4379,2391,,,3265.709779311,0.0020096690859645605,101.0,0.028487462550401688,0.0020096690859645605,0.002009644638746977,0.9913325905799866,,,,,,,,,,,,,,,
1770643987.24705,4385,2392,,,3271.800773889,,101.0,,,,,0.9921523928642273,0.0022369904909282923,0.0022369720973074436,0.029816528782248497,0.0022369904909282923,,,,,,,,,,
1770643987.248507,4385,2393,,,3271.802183869,,101.0,,,,,,,,,,0.0021281414665281773,0.0021281414665281773,0.9906616806983948,0.002160692121833563,0.029277052730321884,,,,,
1770643989.2358139,4389,2394,0.0003324609375,0.0003324609375,3273.791861767,,,,,,,,,,,,,,,,,,,,,
1770643989.4002364,4389,2395,0.0003324609375,0.0003324609375,3273.955845139,,,,,,,,,,,,,,,,,,,,,
1770643989.5640397,4389,2396,0.0003324609375,0.0003324609375,3274.119843774,,,,,,,,,,,,,,,,,,,,,
1770643989.7278607,4389,2397,0.0003324609375,0.0003324609375,3274.283837802,,,,,,,,,,,,,,,,,,,,,
1770643989.875256,4389,2398,,,3274.429032353,0.0019235055660828948,102.0,0.027105117216706276,0.0019235055660828948,0.0019235092913731933,0.991904616355896,,,,,,,,,,,,,,,
1770643995.7994964,4399,2399,0.0003320703125,0.0003320703125,3280.353416301,,,,,,,,,,,,,,,,,,,,,
1770643995.9637096,4399,2400,0.0003320703125,0.0003320703125,3280.519864769,,,,,,,,,,,,,,,,,,,,,
1770643996.1281927,4399,2401,0.0003320703125,0.0003320703125,3280.683841751,,,,,,,,,,,,,,,,,,,,,
1770643996.2928674,4399,2402,0.0003320703125,0.0003320703125,3280.848836202,,,,,,,,,,,,,,,,,,,,,
1770643996.4400601,4399,2403,,,3280.993855429,0.0024265707470476627,102.0,0.03037940338253975,0.0024265707470476627,0.0024265721440315247,0.989527702331543,,,,,,,,,,,,,,,
1770644002.3677068,4409,2404,0.0003316796875,0.0003316796875,3286.922869871,,,,,,,,,,,,,,,,,,,,,
1770644002.5318856,4409,2405,0.0003316796875,0.0003316796875,3287.087847257,,,,,,,,,,,,,,,,,,,,,
1770644002.6959376,4409,2406,0.0003316796875,0.0003316796875,3287.251843287,,,,,,,,,,,,,,,,,,,,,
1770644002.8602114,4409,2407,0.0003316796875,0.0003316796875,3287.415838347,,,,,,,,,,,,,,,,,,,,,
1770644003.0072803,4409,2408,,,3287.561066818,0.002394581912085414,102.0,0.030226385220885277,0.002394581912085414,0.0023945642169564962,0.9899433851242065,,,,,,,,,,,,,,,
1770644008.9366407,4419,2409,0.00033128906250000004,0.00033128906250000004,3293.490569437,,,,,,,,,,,,,,,,,,,,,
1770644009.1018164,4419,2410,0.00033128906250000004,0.00033128906250000004,3293.657837545,,,,,,,,,,,,,,,,,,,,,
1770644009.2659144,4419,2411,0.00033128906250000004,0.00033128906250000004,3293.821835128,,,,,,,,,,,,,,,,,,,,,
1770644009.4304025,4419,2412,0.00033128906250000004,0.00033128906250000004,3293.985836006,,,,,,,,,,,,,,,,,,,,,
1770644009.577309,4419,2413,,,3294.131056425,0.00196294067427516,102.0,0.028280533850193024,0.00196294067427516,0.0019629369489848614,0.9912617802619934,,,,,,,,,,,,,,,
1770644017.642856,4428,2414,,,3302.19663178,,102.0,,,,,0.9922323822975159,0.0019252225756645203,0.001925203949213028,0.027048176154494286,0.0019252225756645203,,,,,,,,,,
1770644019.3707106,4428,2415,,,3303.924541949,,102.0,,,,,,,,,,0.0020873555913567543,0.0020873555913567543,0.990801990032196,0.0021281244698911905,0.02902395837008953,,,,,
1770644019.4007435,4429,2416,0.0003308984375,0.0003308984375,3303.954509313,,,,,,,,,,,,,,,,,,,,,
1770644019.5665383,4429,2417,0.0003308984375,0.0003308984375,3304.120344367,,,,,,,,,,,,,,,,,,,,,
1770644019.7316687,4429,2418,0.0003308984375,0.0003308984375,3304.285488803,,,,,,,,,,,,,,,,,,,,,
1770644019.896199,4429,2419,0.0003308984375,0.0003308984375,3304.451863759,,,,,,,,,,,,,,,,,,,,,
1770644020.0437984,4429,2420,,,3304.59758429,0.0019569583237171173,103.0,0.028137393295764923,0.0019569583237171173,0.0019569694995880127,0.9913682341575623,,,,,,,,,,,,,,,
1770644025.9731092,4439,2421,0.0003305078125,0.0003305078125,3310.527044337,,,,,,,,,,,,,,,,,,,,,
1770644026.1378493,4439,2422,0.0003305078125,0.0003305078125,3310.691693108,,,,,,,,,,,,,,,,,,,,,
1770644026.3023794,4439,2423,0.0003305078125,0.0003305078125,3310.856201799,,,,,,,,,,,,,,,,,,,,,
1770644026.4668255,4439,2424,0.0003305078125,0.0003305078125,3311.020632352,,,,,,,,,,,,,,,,,,,,,
1770644026.6139176,4439,2425,,,3311.167696602,0.002001330954954028,103.0,0.02729903906583786,0.002001330954954028,0.002001296728849411,0.9913241863250732,,,,,,,,,,,,,,,
1770644032.5565228,4449,2426,0.0003301171875,0.0003301171875,3317.110461982,,,,,,,,,,,,,,,,,,,,,
1770644032.7218437,4449,2427,0.0003301171875,0.0003301171875,3317.275688992,,,,,,,,,,,,,,,,,,,,,
1770644032.88698,4449,2428,0.0003301171875,0.0003301171875,3317.442865162,,,,,,,,,,,,,,,,,,,,,
1770644033.051582,4449,2429,0.0003301171875,0.0003301171875,3317.605341658,,,,,,,,,,,,,,,,,,,,,
1770644033.1988997,4449,2430,,,3317.75276665,0.0018652137368917465,103.0,0.027262231335043907,0.0018652137368917465,0.0018652064027264714,0.9917723536491394,,,,,,,,,,,,,,,
1770644039.1344936,4459,2431,0.0003297265625,0.0003297265625,3323.688287334,,,,,,,,,,,,,,,,,,,,,
1770644039.299273,4459,2432,0.0003297265625,0.0003297265625,3323.854861438,,,,,,,,,,,,,,,,,,,,,
1770644039.463858,4459,2433,0.0003297265625,0.0003297265625,3324.019844321,,,,,,,,,,,,,,,,,,,,,
1770644039.627998,4459,2434,0.0003297265625,0.0003297265625,3324.183841513,,,,,,,,,,,,,,,,,,,,,
1770644039.775661,4459,2435,,,3324.329477626,0.002412736415863037,103.0,0.029803676530718803,0.002412736415863037,0.0024127548094838858,0.9892268776893616,,,,,,,,,,,,,,,
1770644045.7125874,4469,2436,0.00032933593750000004,0.00032933593750000004,3330.266541884,,,,,,,,,,,,,,,,,,,,,
1770644045.8777144,4469,2437,0.00032933593750000004,0.00032933593750000004,3330.431553259,,,,,,,,,,,,,,,,,,,,,
1770644046.0424147,4469,2438,0.00032933593750000004,0.00032933593750000004,3330.597860913,,,,,,,,,,,,,,,,,,,,,
1770644046.2069898,4469,2439,0.00032933593750000004,0.00032933593750000004,3330.76284622,,,,,,,,,,,,,,,,,,,,,
1770644046.3540926,4469,2440,,,3330.907981941,0.002178766531869769,103.0,0.030831309035420418,0.002178766531869769,0.002178746974095702,0.9907457232475281,,,,,,,,,,,,,,,
1770644049.8355103,4471,2441,,,3334.38929622,,103.0,,,,,0.9921008348464966,0.0022431618999689817,0.0022431425750255585,0.02969919890165329,0.0022431618999689817,,,,,,,,,,
1770644049.8369787,4471,2442,,,3334.390636845,,103.0,,,,,,,,,,0.002074377378448844,0.002074377378448844,0.9909838438034058,0.0020873388275504112,0.028661085292696953,,,,,
1770644054.457616,4479,2443,0.0003289453125,0.0003289453125,3339.011541779,,,,,,,,,,,,,,,,,,,,,
1770644054.622545,4479,2444,0.0003289453125,0.0003289453125,3339.177864946,,,,,,,,,,,,,,,,,,,,,
1770644054.7870603,4479,2445,0.0003289453125,0.0003289453125,3339.342856321,,,,,,,,,,,,,,,,,,,,,
1770644054.9519203,4479,2446,0.0003289453125,0.0003289453125,3339.507842489,,,,,,,,,,,,,,,,,,,,,
1770644055.0990083,4479,2447,,,3339.652849526,0.0024198389146476984,104.0,0.03113165684044361,0.0024198389146476984,0.0024198046885430813,0.9895598292350769,,,,,,,,,,,,,,,
1770644061.0334985,4489,2448,0.0003285546875,0.0003285546875,3345.587418257,,,,,,,,,,,,,,,,,,,,,
1770644061.1980486,4489,2449,0.0003285546875,0.0003285546875,3345.751879935,,,,,,,,,,,,,,,,,,,,,
1770644061.3634562,4489,2450,0.0003285546875,0.0003285546875,3345.918849574,,,,,,,,,,,,,,,,,,,,,
1770644061.5277545,4489,2451,0.0003285546875,0.0003285546875,3346.083843092,,,,,,,,,,,,,,,,,,,,,
1770644061.6751368,4489,2452,,,3346.22898341,0.0023145892191678286,104.0,0.030799061059951782,0.0023145892191678286,0.002314576879143715,0.9901863932609558,,,,,,,,,,,,,,,
1770644067.6093698,4499,2453,0.0003281640625,0.0003281640625,3352.163299975,,,,,,,,,,,,,,,,,,,,,
1770644067.7742589,4499,2454,0.0003281640625,0.0003281640625,3352.329864935,,,,,,,,,,,,,,,,,,,,,
1770644067.938381,4499,2455,0.0003281640625,0.0003281640625,3352.493848335,,,,,,,,,,,,,,,,,,,,,
1770644068.1029916,4499,2456,0.0003281640625,0.0003281640625,3352.658837396,,,,,,,,,,,,,,,,,,,,,
1770644068.2499576,4499,2457,,,3352.803758254,0.0018914088141173124,104.0,0.028006520122289658,0.0018914088141173124,0.001891393563710153,0.9914673566818237,,,,,,,,,,,,,,,
1770644074.1834803,4509,2458,0.0003277734375,0.0003277734375,3358.737418285,,,,,,,,,,,,,,,,,,,,,
1770644074.3476868,4509,2459,0.0003277734375,0.0003277734375,3358.901517048,,,,,,,,,,,,,,,,,,,,,
1770644074.5124245,4509,2460,0.0003277734375,0.0003277734375,3359.067868618,,,,,,,,,,,,,,,,,,,,,
1770644074.6767657,4509,2461,0.0003277734375,0.0003277734375,3359.232840303,,,,,,,,,,,,,,,,,,,,,
1770644074.8238826,4509,2462,,,3359.377752857,0.002212108112871647,104.0,0.02947738952934742,0.002212108112871647,0.0022120492067188025,0.9907710552215576,,,,,,,,,,,,,,,
1770644080.443169,4514,2463,,,3364.99693609,,104.0,,,,,0.9922410845756531,0.0020155415404587984,0.002015521051362157,0.027771323919296265,0.0020155415404587984,,,,,,,,,,
1770644082.171174,4514,2464,,,3366.725258089,,104.0,,,,,,,,,,0.002107960171997547,0.002107960171997547,0.9910406470298767,0.0020743648055940866,0.028504619374871254,,,,,
1770644084.9563234,4519,2465,0.00032738281250000004,0.00032738281250000004,3369.51032805,,,,,,,,,,,,,,,,,,,,,
1770644085.1303227,4519,2466,0.00032738281250000004,0.00032738281250000004,3369.684834155,,,,,,,,,,,,,,,,,,,,,
1770644085.3026206,4519,2467,0.00032738281250000004,0.00032738281250000004,3369.857825014,,,,,,,,,,,,,,,,,,,,,
1770644085.467312,4519,2468,0.00032738281250000004,0.00032738281250000004,3370.022825542,,,,,,,,,,,,,,,,,,,,,
1770644085.6159127,4519,2469,,,3370.169751333,0.0018368528690189123,105.0,0.028152359649538994,0.0018368528690189123,0.001836851704865694,0.9919925928115845,,,,,,,,,,,,,,,
1770644091.792376,4529,2470,0.00032699218749999997,0.00032699218749999997,3376.346302891,,,,,,,,,,,,,,,,,,,,,
1770644091.9568264,4529,2471,0.00032699218749999997,0.00032699218749999997,3376.512865637,,,,,,,,,,,,,,,,,,,,,
1770644092.1213381,4529,2472,0.00032699218749999997,0.00032699218749999997,3376.676841785,,,,,,,,,,,,,,,,,,,,,
1770644092.2853491,4529,2473,0.00032699218749999997,0.00032699218749999997,3376.840838785,,,,,,,,,,,,,,,,,,,,,
1770644092.4323933,4529,2474,,,3376.986145812,0.0022738976404070854,105.0,0.0297962985932827,0.0022738976404070854,0.002273889258503914,0.98991858959198,,,,,,,,,,,,,,,
1770644098.358793,4539,2475,0.0003266015625,0.0003266015625,3382.914890772,,,,,,,,,,,,,,,,,,,,,
1770644098.5231757,4539,2476,0.0003266015625,0.0003266015625,3383.078860019,,,,,,,,,,,,,,,,,,,,,
1770644098.6880336,4539,2477,0.0003266015625,0.0003266015625,3383.243853697,,,,,,,,,,,,,,,,,,,,,
1770644098.8525424,4539,2478,0.0003266015625,0.0003266015625,3383.406306916,,,,,,,,,,,,,,,,,,,,,
1770644098.9996982,4539,2479,,,3383.553503523,0.0020487734582275152,105.0,0.02868998423218727,0.0020487734582275152,0.00204877438955009,0.991299033164978,,,,,,,,,,,,,,,
1770644104.929985,4549,2480,0.0003262109375,0.0003262109375,3389.483903464,,,,,,,,,,,,,,,,,,,,,
1770644105.0942812,4549,2481,0.0003262109375,0.0003262109375,3389.649869623,,,,,,,,,,,,,,,,,,,,,
1770644105.2582633,4549,2482,0.0003262109375,0.0003262109375,3389.813837829,,,,,,,,,,,,,,,,,,,,,
1770644105.4224105,4549,2483,0.0003262109375,0.0003262109375,3389.977841969,,,,,,,,,,,,,,,,,,,,,
1770644105.5694702,4549,2484,,,3390.123234524,0.0025759348645806313,105.0,0.03173995018005371,0.0025759348645806313,0.002575909486040473,0.9892313480377197,,,,,,,,,,,,,,,
1770644112.9894867,4557,2485,,,3397.543230487,,105.0,,,,,0.9922429919242859,0.002046080306172371,0.0020460609812289476,0.02872038632631302,0.002046080306172371,,,,,,,,,,
1770644112.9909277,4557,2486,,,3397.544608147,,105.0,,,,,,,,,,0.0020613339729607105,0.0020613339729607105,0.9908881187438965,0.002107942709699273,0.02877451293170452,,,,,
1770644113.66894,4559,2487,0.0003258203125,0.0003258203125,3398.2228549,,,,,,,,,,,,,,,,,,,,,
1770644113.833326,4559,2488,0.0003258203125,0.0003258203125,3398.388859607,,,,,,,,,,,,,,,,,,,,,
1770644113.9977045,4559,2489,0.0003258203125,0.0003258203125,3398.551506266,,,,,,,,,,,,,,,,,,,,,
1770644114.1621537,4559,2490,0.0003258203125,0.0003258203125,3398.715964188,,,,,,,,,,,,,,,,,,,,,
1770644114.3095024,4559,2491,,,3398.863373965,0.002341619925573468,106.0,0.030024854466319084,0.002341619925573468,0.0023416324984282255,0.9898867011070251,,,,,,,,,,,,,,,
1770644120.2441792,4569,2492,0.00032542968750000004,0.00032542968750000004,3404.798091651,,,,,,,,,,,,,,,,,,,,,
1770644120.4089303,4569,2493,0.00032542968750000004,0.00032542968750000004,3404.964868177,,,,,,,,,,,,,,,,,,,,,
1770644120.57485,4569,2494,0.00032542968750000004,0.00032542968750000004,3405.130844822,,,,,,,,,,,,,,,,,,,,,
1770644120.7394025,4569,2495,0.00032542968750000004,0.00032542968750000004,3405.294838776,,,,,,,,,,,,,,,,,,,,,
1770644120.8862672,4569,2496,,,3405.440107986,0.002386620733886957,106.0,0.030893350020051003,0.002386620733886957,0.0023866186384111643,0.9897741675376892,,,,,,,,,,,,,,,
1770644126.8151176,4579,2497,0.00032503906249999997,0.00032503906249999997,3411.369041891,,,,,,,,,,,,,,,,,,,,,
1770644126.9791632,4579,2498,0.00032503906249999997,0.00032503906249999997,3411.534871474,,,,,,,,,,,,,,,,,,,,,
1770644127.1434197,4579,2499,0.00032503906249999997,0.00032503906249999997,3411.698845909,,,,,,,,,,,,,,,,,,,,,
1770644127.3084064,4579,2500,0.00032503906249999997,0.00032503906249999997,3411.862936638,,,,,,,,,,,,,,,,,,,,,
1770644127.4556746,4579,2501,,,3412.009554335,0.001687140204012394,106.0,0.026733793318271637,0.001687140204012394,0.0016871298430487514,0.9929643273353577,,,,,,,,,,,,,,,
1770644133.3891528,4589,2502,0.0003246484375,0.0003246484375,3417.943087326,,,,,,,,,,,,,,,,,,,,,
1770644133.553591,4589,2503,0.0003246484375,0.0003246484375,3418.108866754,,,,,,,,,,,,,,,,,,,,,
1770644133.7180278,4589,2504,0.0003246484375,0.0003246484375,3418.273846279,,,,,,,,,,,,,,,,,,,,,
1770644133.8824098,4589,2505,0.0003246484375,0.0003246484375,3418.437849587,,,,,,,,,,,,,,,,,,,,,
1770644134.0293996,4589,2506,,,3418.583235342,0.0022010658867657185,106.0,0.02795940823853016,0.0022010658867657185,0.002201015828177333,0.9908525347709656,,,,,,,,,,,,,,,
1770644139.9627628,4599,2507,0.0003242578125,0.0003242578125,3424.516669378,,,,,,,,,,,,,,,,,,,,,
1770644140.1293294,4599,2508,0.0003242578125,0.0003242578125,3424.684905027,,,,,,,,,,,,,,,,,,,,,
1770644140.2937338,4599,2509,0.0003242578125,0.0003242578125,3424.849843441,,,,,,,,,,,,,,,,,,,,,
1770644140.458804,4599,2510,0.0003242578125,0.0003242578125,3425.014846201,,,,,,,,,,,,,,,,,,,,,
1770644140.6062014,4599,2511,,,3425.16006871,0.00210141041316092,106.0,0.0283454991877079,0.00210141041316092,0.00210136198438704,0.9905306100845337,,,,,,,,,,,,,,,
1770644143.4230766,4600,2512,,,3427.976836357,,106.0,,,,,0.9923573732376099,0.001954070758074522,0.0019540549255907536,0.028518525883555412,0.001954070758074522,,,,,,,,,,
1770644145.2180529,4600,2513,,,3429.772092774,,106.0,,,,,,,,,,0.002044457010924816,0.002044457010924816,0.9910909533500671,0.0020613172091543674,0.028379065915942192,,,,,
1770644150.5074015,4609,2514,0.0003238671875,0.0003238671875,3435.061266535,,,,,,,,,,,,,,,,,,,,,
1770644150.6722882,4609,2515,0.0003238671875,0.0003238671875,3435.226115003,,,,,,,,,,,,,,,,,,,,,
1770644150.837377,4609,2516,0.0003238671875,0.0003238671875,3435.392868534,,,,,,,,,,,,,,,,,,,,,
1770644151.0013537,4609,2517,0.0003238671875,0.0003238671875,3435.556841176,,,,,,,,,,,,,,,,,,,,,
1770644151.1483936,4609,2518,,,3435.70224711,0.002326106885448098,107.0,0.03128337487578392,0.002326106885448098,0.00232607196085155,0.9901930093765259,,,,,,,,,,,,,,,
1770644157.083771,4619,2519,0.00032347656250000003,0.00032347656250000003,3441.637698171,,,,,,,,,,,,,,,,,,,,,
1770644157.248025,4619,2520,0.00032347656250000003,0.00032347656250000003,3441.803869998,,,,,,,,,,,,,,,,,,,,,
1770644157.4121594,4619,2521,0.00032347656250000003,0.00032347656250000003,3441.967841067,,,,,,,,,,,,,,,,,,,,,
1770644157.5763822,4619,2522,0.00032347656250000003,0.00032347656250000003,3442.131840478,,,,,,,,,,,,,,,,,,,,,
1770644157.723889,4619,2523,,,3442.277643559,0.0017495077336207032,107.0,0.02762160822749138,0.0017495077336207032,0.0017494751373305917,0.9930611252784729,,,,,,,,,,,,,,,
1770644163.6558514,4629,2524,0.00032308593749999997,0.00032308593749999997,3448.209777608,,,,,,,,,,,,,,,,,,,,,
1770644163.8208668,4629,2525,0.00032308593749999997,0.00032308593749999997,3448.376869648,,,,,,,,,,,,,,,,,,,,,
1770644163.9854484,4629,2526,0.00032308593749999997,0.00032308593749999997,3448.539343176,,,,,,,,,,,,,,,,,,,,,
1770644164.1500328,4629,2527,0.00032308593749999997,0.00032308593749999997,3448.703863991,,,,,,,,,,,,,,,,,,,,,
1770644164.2973125,4629,2528,,,3448.851366166,0.0022073518484830856,107.0,0.03010147251188755,0.0022073518484830856,0.0022073565050959587,0.9904786944389343,,,,,,,,,,,,,,,
1770644170.2321434,4639,2529,0.0003226953125,0.0003226953125,3454.787884518,,,,,,,,,,,,,,,,,,,,,
1770644170.3967483,4639,2530,0.0003226953125,0.0003226953125,3454.952846707,,,,,,,,,,,,,,,,,,,,,
1770644170.560971,4639,2531,0.0003226953125,0.0003226953125,3455.11684073,,,,,,,,,,,,,,,,,,,,,
1770644170.7256522,4639,2532,0.0003226953125,0.0003226953125,3455.280857387,,,,,,,,,,,,,,,,,,,,,
1770644170.8731477,4639,2533,,,3455.426967709,0.002526249038055539,107.0,0.03126253932714462,0.002526249038055539,0.0025262092240154743,0.9886951446533203,,,,,,,,,,,,,,,
1770644175.6653922,4643,2534,,,3460.219121426,,107.0,,,,,0.9923907518386841,0.001892881584353745,0.0018928640056401491,0.02708025649189949,0.001892881584353745,,,,,,,,,,
1770644177.3802443,4643,2535,,,3461.934225651,,107.0,,,,,,,,,,0.0020580983255058527,0.0020580983255058527,0.9911624193191528,0.002044437453150749,0.028309186920523643,,,,,
1770644180.6960902,4649,2536,0.0003223046875,0.0003223046875,3465.24998864,,,,,,,,,,,,,,,,,,,,,
1770644180.8610387,4649,2537,0.0003223046875,0.0003223046875,3465.414897418,,,,,,,,,,,,,,,,,,,,,
1770644181.0262372,4649,2538,0.0003223046875,0.0003223046875,3465.581878801,,,,,,,,,,,,,,,,,,,,,
1770644181.1902273,4649,2539,0.0003223046875,0.0003223046875,3465.745838652,,,,,,,,,,,,,,,,,,,,,
1770644181.3371828,4649,2540,,,3465.891040669,0.002175146946683526,108.0,0.029355216771364212,0.002175146946683526,0.0021751211024820805,0.9905203580856323,,,,,,,,,,,,,,,
1770644187.26973,4659,2541,0.0003219140625,0.0003219140625,3471.823661857,,,,,,,,,,,,,,,,,,,,,
1770644187.4343178,4659,2542,0.0003219140625,0.0003219140625,3471.989861115,,,,,,,,,,,,,,,,,,,,,
1770644187.5988815,4659,2543,0.0003219140625,0.0003219140625,3472.154842882,,,,,,,,,,,,,,,,,,,,,
1770644187.7633505,4659,2544,0.0003219140625,0.0003219140625,3472.318839078,,,,,,,,,,,,,,,,,,,,,
1770644187.9107704,4659,2545,,,3472.464595628,0.0023032589815557003,108.0,0.03067644126713276,0.0023032589815557003,0.00230326852761209,0.9903254508972168,,,,,,,,,,,,,,,
1770644193.84586,4669,2546,0.00032152343750000003,0.00032152343750000003,3478.399784249,,,,,,,,,,,,,,,,,,,,,
1770644194.010309,4669,2547,0.00032152343750000003,0.00032152343750000003,3478.564145143,,,,,,,,,,,,,,,,,,,,,
1770644194.1748903,4669,2548,0.00032152343750000003,0.00032152343750000003,3478.73087026,,,,,,,,,,,,,,,,,,,,,
1770644194.3392637,4669,2549,0.00032152343750000003,0.00032152343750000003,3478.894839335,,,,,,,,,,,,,,,,,,,,,
1770644194.486188,4669,2550,,,3479.040037867,0.0016917677130550146,108.0,0.027189651504158974,0.0016917677130550146,0.0016917390748858452,0.993216335773468,,,,,,,,,,,,,,,
1770644200.4189382,4679,2551,0.00032113281249999997,0.00032113281249999997,3484.972867966,,,,,,,,,,,,,,,,,,,,,
1770644200.583473,4679,2552,0.00032113281249999997,0.00032113281249999997,3485.13887252,,,,,,,,,,,,,,,,,,,,,
1770644200.7484555,4679,2553,0.00032113281249999997,0.00032113281249999997,3485.302928385,,,,,,,,,,,,,,,,,,,,,
1770644200.9133298,4679,2554,0.00032113281249999997,0.00032113281249999997,3485.468874441,,,,,,,,,,,,,,,,,,,,,
1770644201.0607846,4679,2555,,,3485.614597291,0.0021513851825147867,108.0,0.028996434062719345,0.0021513851825147867,0.002151370281353593,0.990200936794281,,,,,,,,,,,,,,,
1770644207.8246129,4686,2556,,,3492.378423256,,108.0,,,,,0.9924191832542419,0.0020424153190106153,0.0020423925016075373,0.028191333636641502,0.0020424153190106153,,,,,,,,,,
1770644207.8261704,4686,2557,,,3492.379853225,,108.0,,,,,,,,,,0.0020615628454834223,0.0020615628454834223,0.9911056756973267,0.002058080630376935,0.028479479253292084,,,,,
1770644209.163427,4689,2558,0.0003207421875,0.0003207421875,3493.717234192,,,,,,,,,,,,,,,,,,,,,
1770644209.3280196,4689,2559,0.0003207421875,0.0003207421875,3493.883869384,,,,,,,,,,,,,,,,,,,,,
1770644209.4922154,4689,2560,0.0003207421875,0.0003207421875,3494.047843827,,,,,,,,,,,,,,,,,,,,,
1770644209.6564157,4689,2561,0.0003207421875,0.0003207421875,3494.211836957,,,,,,,,,,,,,,,,,,,,,
1770644209.8034997,4689,2562,,,3494.357359285,0.0014375485479831696,109.0,0.02528059296309948,0.0014375485479831696,0.0014375323662534356,0.9939276576042175,,,,,,,,,,,,,,,
1770644215.7368577,4699,2563,0.00032035156250000005,0.00032035156250000005,3500.290779977,,,,,,,,,,,,,,,,,,,,,
1770644215.901424,4699,2564,0.00032035156250000005,0.00032035156250000005,3500.455268372,,,,,,,,,,,,,,,,,,,,,
1770644216.0659535,4699,2565,0.00032035156250000005,0.00032035156250000005,3500.621871105,,,,,,,,,,,,,,,,,,,,,
1770644216.2302077,4699,2566,0.00032035156250000005,0.00032035156250000005,3500.785841241,,,,,,,,,,,,,,,,,,,,,
1770644216.377191,4699,2567,,,3500.931064008,0.0022330014035105705,109.0,0.030101228505373,0.0022330014035105705,0.0022329736966639757,0.9908040761947632,,,,,,,,,,,,,,,
1770644222.3094594,4709,2568,0.0003199609375,0.0003199609375,3506.863386744,,,,,,,,,,,,,,,,,,,,,
1770644222.4745288,4709,2569,0.0003199609375,0.0003199609375,3507.029868865,,,,,,,,,,,,,,,,,,,,,
1770644222.6387985,4709,2570,0.0003199609375,0.0003199609375,3507.192564265,,,,,,,,,,,,,,,,,,,,,
1770644222.8033574,4709,2571,0.0003199609375,0.0003199609375,3507.358858083,,,,,,,,,,,,,,,,,,,,,
1770644222.9502707,4709,2572,,,3507.5041006,0.0017826969269663095,109.0,0.026662683114409447,0.0017826969269663095,0.0017826821422204375,0.9929591417312622,,,,,,,,,,,,,,,
1770644228.884725,4719,2573,0.00031957031250000003,0.00031957031250000003,3513.438695694,,,,,,,,,,,,,,,,,,,,,
1770644229.0503867,4719,2574,0.00031957031250000003,0.00031957031250000003,3513.605829515,,,,,,,,,,,,,,,,,,,,,
1770644229.214966,4719,2575,0.00031957031250000003,0.00031957031250000003,3513.770843169,,,,,,,,,,,,,,,,,,,,,
1770644229.379022,4719,2576,0.00031957031250000003,0.00031957031250000003,3513.934847436,,,,,,,,,,,,,,,,,,,,,
1770644229.5260549,4719,2577,,,3514.079897934,0.0027000524569302797,109.0,0.03149709105491638,0.0027000524569302797,0.0027000196278095245,0.9881773591041565,,,,,,,,,,,,,,,
1770644235.456139,4729,2578,0.00031917968749999996,0.00031917968749999996,3520.011895969,,,,,,,,,,,,,,,,,,,,,
1770644235.6203313,4729,2579,0.00031917968749999996,0.00031917968749999996,3520.175847857,,,,,,,,,,,,,,,,,,,,,
1770644235.7848377,4729,2580,0.00031917968749999996,0.00031917968749999996,3520.340838947,,,,,,,,,,,,,,,,,,,,,
1770644235.9380293,4729,2581,0.00031917968749999996,0.00031917968749999996,3520.494823493,,,,,,,,,,,,,,,,,,,,,
1770644235.9975584,4729,2582,,,3520.551356245,0.0026199882850050926,109.0,0.031254809349775314,0.0026199882850050926,0.002619923558086157,0.9888864159584045,,,,,,,,,,,,,,,
1770644238.2655725,4729,2583,,,3522.81935451,,109.0,,,,,0.9923607110977173,0.0018448405899107456,0.0018448270857334137,0.026791227981448174,0.0018448405899107456,,,,,,,,,,
1770644240.0421047,4729,2584,,,3524.596129932,,109.0,,,,,,,,,,0.002015810227021575,0.002015810227021575,0.991092324256897,0.00206154678016901,0.028548235073685646,,,,,
1770644245.9913814,4739,2585,0.0003187890625,0.0003187890625,3530.545302811,,,,,,,,,,,,,,,,,,,,,
1770644246.1561127,4739,2586,0.0003187890625,0.0003187890625,3530.711866334,,,,,,,,,,,,,,,,,,,,,
1770644246.3206527,4739,2587,0.0003187890625,0.0003187890625,3530.875839343,,,,,,,,,,,,,,,,,,,,,
1770644246.4847183,4739,2588,0.0003187890625,0.0003187890625,3531.040837343,,,,,,,,,,,,,,,,,,,,,
1770644246.6317563,4739,2589,,,3531.185561601,0.002044317312538624,110.0,0.02796987071633339,0.002044317312538624,0.0020443007815629244,0.991087794303894,,,,,,,,,,,,,,,
1770644252.5642772,4749,2590,0.00031839843750000005,0.00031839843750000005,3537.118199861,,,,,,,,,,,,,,,,,,,,,
1770644252.7291484,4749,2591,0.00031839843750000005,0.00031839843750000005,3537.284870625,,,,,,,,,,,,,,,,,,,,,
1770644252.8939857,4749,2592,0.00031839843750000005,0.00031839843750000005,3537.449848585,,,,,,,,,,,,,,,,,,,,,
1770644253.0587945,4749,2593,0.00031839843750000005,0.00031839843750000005,3537.614838483,,,,,,,,,,,,,,,,,,,,,
1770644253.205927,4749,2594,,,3537.759716591,0.003011150984093547,110.0,0.03287775069475174,0.003011150984093547,0.0030111295636743307,0.9875082969665527,,,,,,,,,,,,,,,
1770644259.1417503,4759,2595,0.0003180078125,0.0003180078125,3543.69551863,,,,,,,,,,,,,,,,,,,,,
1770644259.306172,4759,2596,0.0003180078125,0.0003180078125,3543.859988246,,,,,,,,,,,,,,,,,,,,,
1770644259.470953,4759,2597,0.0003180078125,0.0003180078125,3544.02685845,,,,,,,,,,,,,,,,,,,,,
1770644259.63517,4759,2598,0.0003180078125,0.0003180078125,3544.190846632,,,,,,,,,,,,,,,,,,,,,
1770644259.782217,4759,2599,,,3544.336014045,0.002314286772161722,110.0,0.029797464609146118,0.002314286772161722,0.0023142690770328045,0.9901760816574097,,,,,,,,,,,,,,,
1770644265.7143626,4769,2600,0.00031761718750000003,0.00031761718750000003,3550.269891295,,,,,,,,,,,,,,,,,,,,,
1770644265.8788965,4769,2601,0.00031761718750000003,0.00031761718750000003,3550.43484648,,,,,,,,,,,,,,,,,,,,,
1770644266.0432787,4769,2602,0.00031761718750000003,0.00031761718750000003,3550.59884026,,,,,,,,,,,,,,,,,,,,,
1770644266.207806,4769,2603,0.00031761718750000003,0.00031761718750000003,3550.763837138,,,,,,,,,,,,,,,,,,,,,
1770644266.354745,4769,2604,,,3550.908583929,0.0018573668785393238,110.0,0.027325766161084175,0.0018573668785393238,0.0018573612906038761,0.9919624328613281,,,,,,,,,,,,,,,
1770644270.488208,4772,2605,,,3555.041904646,,110.0,,,,,0.9924795031547546,0.0019658314995467663,0.001965812174603343,0.027104755863547325,0.0019658314995467663,,,,,,,,,,
1770644270.4896271,4772,2606,,,3555.043302186,,110.0,,,,,,,,,,0.0019837019499391317,0.0019837019499391317,0.9912861585617065,0.0020157962571829557,0.02814459055662155,,,,,
1770644274.4541538,4779,2607,0.00031722656249999996,0.00031722656249999996,3559.00803797,,,,,,,,,,,,,,,,,,,,,
1770644274.6184194,4779,2608,0.00031722656249999996,0.00031722656249999996,3559.173867479,,,,,,,,,,,,,,,,,,,,,
1770644274.7833276,4779,2609,0.00031722656249999996,0.00031722656249999996,3559.338847632,,,,,,,,,,,,,,,,,,,,,
1770644274.947889,4779,2610,0.00031722656249999996,0.00031722656249999996,3559.503839782,,,,,,,,,,,,,,,,,,,,,
1770644275.0949802,4779,2611,,,3559.648770549,0.0019175552297383547,111.0,0.02703617326915264,0.0019175552297383547,0.0019175105262547731,0.9917709231376648,,,,,,,,,,,,,,,
1770644281.0241258,4789,2612,0.0003168359375,0.0003168359375,3565.578011236,,,,,,,,,,,,,,,,,,,,,
1770644281.1885085,4789,2613,0.0003168359375,0.0003168359375,3565.742296764,,,,,,,,,,,,,,,,,,,,,
1770644281.352756,4789,2614,0.0003168359375,0.0003168359375,3565.908853926,,,,,,,,,,,,,,,,,,,,,
1770644281.5170212,4789,2615,0.0003168359375,0.0003168359375,3566.072845913,,,,,,,,,,,,,,,,,,,,,
1770644281.6638763,4789,2616,,,3566.217782039,0.0018513944232836366,111.0,0.026843475177884102,0.0018513944232836366,0.0018513731192797422,0.9919548630714417,,,,,,,,,,,,,,,
1770644287.5969155,4799,2617,0.00031644531250000005,0.00031644531250000005,3572.150864533,,,,,,,,,,,,,,,,,,,,,
1770644287.7613823,4799,2618,0.00031644531250000005,0.00031644531250000005,3572.316867673,,,,,,,,,,,,,,,,,,,,,
1770644287.9256122,4799,2619,0.00031644531250000005,0.00031644531250000005,3572.480898588,,,,,,,,,,,,,,,,,,,,,
1770644288.0895884,4799,2620,0.00031644531250000005,0.00031644531250000005,3572.644885207,,,,,,,,,,,,,,,,,,,,,
1770644288.2367332,4799,2621,,,3572.790627303,0.001729942741803825,111.0,0.027040863409638405,0.001729942741803825,0.0017299192259088159,0.9928030967712402,,,,,,,,,,,,,,,
1770644294.1713033,4809,2622,0.0003160546875,0.0003160546875,3578.726881599,,,,,,,,,,,,,,,,,,,,,
1770644294.335402,4809,2623,0.0003160546875,0.0003160546875,3578.890845333,,,,,,,,,,,,,,,,,,,,,
1770644294.4996023,4809,2624,0.0003160546875,0.0003160546875,3579.05483753,,,,,,,,,,,,,,,,,,,,,
1770644294.6638207,4809,2625,0.0003160546875,0.0003160546875,3579.219836871,,,,,,,,,,,,,,,,,,,,,
1770644294.8107674,4809,2626,,,3579.364544322,0.0018914033425971866,111.0,0.02758730575442314,0.0018914033425971866,0.0018913912354037166,0.9920835494995117,,,,,,,,,,,,,,,
1770644300.9178455,4815,2627,,,3585.471566042,,111.0,,,,,0.9925262928009033,0.0020786039531230927,0.002078586956486106,0.028781801462173462,0.0020786039531230927,,,,,,,,,,
1770644300.9192867,4815,2628,,,3585.472957313,,111.0,,,,,,,,,,0.0019864735659211874,0.0019864735659211874,0.9914319515228271,0.0019836884457618,0.027841297909617424,,,,,
1770644302.9116569,4819,2629,0.0003156640625,0.0003156640625,3587.465574535,,,,,,,,,,,,,,,,,,,,,
1770644303.0767243,4819,2630,0.0003156640625,0.0003156640625,3587.630551382,,,,,,,,,,,,,,,,,,,,,
1770644303.2418096,4819,2631,0.0003156640625,0.0003156640625,3587.797865962,,,,,,,,,,,,,,,,,,,,,
1770644303.4061725,4819,2632,0.0003156640625,0.0003156640625,3587.961848685,,,,,,,,,,,,,,,,,,,,,
1770644303.5531564,4819,2633,,,3588.107032882,0.0021621801424771547,112.0,0.02826961874961853,0.0021621801424771547,0.0021621889900416136,0.9904720783233643,,,,,,,,,,,,,,,
1770644309.4852865,4829,2634,0.00031527343749999996,0.00031527343749999996,3594.039169705,,,,,,,,,,,,,,,,,,,,,
1770644309.6499665,4829,2635,0.00031527343749999996,0.00031527343749999996,3594.205867257,,,,,,,,,,,,,,,,,,,,,
1770644309.8145304,4829,2636,0.00031527343749999996,0.00031527343749999996,3594.368325028,,,,,,,,,,,,,,,,,,,,,
1770644309.9790547,4829,2637,0.00031527343749999996,0.00031527343749999996,3594.534850051,,,,,,,,,,,,,,,,,,,,,
1770644310.126076,4829,2638,,,3594.679917683,0.0019921374041587114,112.0,0.028477055951952934,0.0019921374041587114,0.0019921192433685064,0.991471529006958,,,,,,,,,,,,,,,
1770644316.0584517,4839,2639,0.0003148828125,0.0003148828125,3600.612411696,,,,,,,,,,,,,,,,,,,,,
1770644316.2235923,4839,2640,0.0003148828125,0.0003148828125,3600.778853454,,,,,,,,,,,,,,,,,,,,,
1770644316.3879924,4839,2641,0.0003148828125,0.0003148828125,3600.94384991,,,,,,,,,,,,,,,,,,,,,
1770644316.5522597,4839,2642,0.0003148828125,0.0003148828125,3601.107840945,,,,,,,,,,,,,,,,,,,,,
1770644316.6991088,4839,2643,,,3601.252971181,0.002601864980533719,112.0,0.0309047382324934,0.002601864980533719,0.0026018600910902023,0.9884394407272339,,,,,,,,,,,,,,,
1770644322.6315598,4849,2644,0.00031449218750000005,0.00031449218750000005,3607.185482364,,,,,,,,,,,,,,,,,,,,,
1770644322.7962906,4849,2645,0.00031449218750000005,0.00031449218750000005,3607.351867977,,,,,,,,,,,,,,,,,,,,,
1770644322.9608977,4849,2646,0.00031449218750000005,0.00031449218750000005,3607.516841038,,,,,,,,,,,,,,,,,,,,,
1770644323.125172,4849,2647,0.00031449218750000005,0.00031449218750000005,3607.680841566,,,,,,,,,,,,,,,,,,,,,
1770644323.2719388,4849,2648,,,3607.825784851,0.0020833094604313374,112.0,0.02837669476866722,0.0020833094604313374,0.0020832957234233618,0.9912654757499695,,,,,,,,,,,,,,,
1770644331.353106,4858,2649,,,3615.906942058,,112.0,,,,,0.9926381707191467,0.0018908497877418995,0.001890835934318602,0.027275439351797104,0.0018908497877418995,,,,,,,,,,
1770644333.2234843,4858,2650,,,3617.777494033,,112.0,,,,,,,,,,0.0019722161814570427,0.0019722161814570427,0.991417646408081,0.001986456336453557,0.027832727879285812,,,,,
1770644333.2523496,4859,2651,0.0003141015625,0.0003141015625,3617.807865041,,,,,,,,,,,,,,,,,,,,,
1770644333.4173293,4859,2652,0.0003141015625,0.0003141015625,3617.972849359,,,,,,,,,,,,,,,,,,,,,
1770644333.5825784,4859,2653,0.0003141015625,0.0003141015625,3618.137835979,,,,,,,,,,,,,,,,,,,,,
1770644333.747153,4859,2654,0.0003141015625,0.0003141015625,3618.302846235,,,,,,,,,,,,,,,,,,,,,
1770644333.8937733,4859,2655,,,3618.447527376,0.0020129254553467035,113.0,0.027386879548430443,0.0020129254553467035,0.0020129114855080843,0.991047739982605,,,,,,,,,,,,,,,
1770644339.8225565,4869,2656,0.0003137109375,0.0003137109375,3624.376469668,,,,,,,,,,,,,,,,,,,,,
1770644339.9872143,4869,2657,0.0003137109375,0.0003137109375,3624.541048085,,,,,,,,,,,,,,,,,,,,,
1770644340.151627,4869,2658,0.0003137109375,0.0003137109375,3624.705447082,,,,,,,,,,,,,,,,,,,,,
1770644340.3159237,4869,2659,0.0003137109375,0.0003137109375,3624.869732949,,,,,,,,,,,,,,,,,,,,,
1770644340.4635804,4869,2660,,,3625.017350764,0.0025507621467113495,113.0,0.029766585677862167,0.0025507621467113495,0.002550754463300109,0.9893346428871155,,,,,,,,,,,,,,,
1770644346.3935084,4879,2661,0.00031332031249999996,0.00031332031249999996,3630.947412672,,,,,,,,,,,,,,,,,,,,,
1770644346.5579925,4879,2662,0.00031332031249999996,0.00031332031249999996,3631.11387448,,,,,,,,,,,,,,,,,,,,,
1770644346.7231328,4879,2663,0.00031332031249999996,0.00031332031249999996,3631.278845376,,,,,,,,,,,,,,,,,,,,,
1770644346.887604,4879,2664,0.00031332031249999996,0.00031332031249999996,3631.442837823,,,,,,,,,,,,,,,,,,,,,
1770644347.0347602,4879,2665,,,3631.588523924,0.0021826911251991987,113.0,0.027230996638536453,0.0021826911251991987,0.0021826704032719135,0.9904604554176331,,,,,,,,,,,,,,,
1770644353.0195682,4889,2666,0.0003129296875,0.0003129296875,3637.573490309,,,,,,,,,,,,,,,,,,,,,
1770644353.1847916,4889,2667,0.0003129296875,0.0003129296875,3637.740873551,,,,,,,,,,,,,,,,,,,,,
1770644353.3496213,4889,2668,0.0003129296875,0.0003129296875,3637.904850544,,,,,,,,,,,,,,,,,,,,,
1770644353.5139232,4889,2669,0.0003129296875,0.0003129296875,3638.069853318,,,,,,,,,,,,,,,,,,,,,
1770644353.661053,4889,2670,,,3638.21489481,0.0022476613521575928,113.0,0.02962394244968891,0.0022476613521575928,0.0022476795129477978,0.9900603890419006,,,,,,,,,,,,,,,
1770644359.5937598,4899,2671,0.00031253906250000005,0.00031253906250000005,3644.147674381,,,,,,,,,,,,,,,,,,,,,
1770644359.758402,4899,2672,0.00031253906250000005,0.00031253906250000005,3644.312245617,,,,,,,,,,,,,,,,,,,,,
1770644359.9225738,4899,2673,0.00031253906250000005,0.00031253906250000005,3644.477856715,,,,,,,,,,,,,,,,,,,,,
1770644360.0867991,4899,2674,0.00031253906250000005,0.00031253906250000005,3644.642841402,,,,,,,,,,,,,,,,,,,,,
1770644360.2337716,4899,2675,,,3644.787610535,0.0017911021132022142,113.0,0.026544462889432907,0.0017911021132022142,0.0017911040922626853,0.9920865893363953,,,,,,,,,,,,,,,
1770644363.775067,4901,2676,,,3648.328813019,,113.0,,,,,0.9925320148468018,0.0019232663325965405,0.0019232487538829446,0.027101797983050346,0.0019232663325965405,,,,,,,,,,
1770644363.776506,4901,2677,,,3648.330176308,,113.0,,,,,,,,,,0.0019536244217306376,0.0019536244217306376,0.991471529006958,0.0019721994176506996,0.027716586366295815,,,,,
1770644368.3984163,4909,2678,0.0003121484375,0.0003121484375,3652.952344673,,,,,,,,,,,,,,,,,,,,,
1770644368.563502,4909,2679,0.0003121484375,0.0003121484375,3653.117343611,,,,,,,,,,,,,,,,,,,,,
1770644368.7281322,4909,2680,0.0003121484375,0.0003121484375,3653.283867791,,,,,,,,,,,,,,,,,,,,,
1770644368.8930926,4909,2681,0.0003121484375,0.0003121484375,3653.448852028,,,,,,,,,,,,,,,,,,,,,
1770644369.040499,4909,2682,,,3653.594209925,0.0017260891618207097,114.0,0.02711387351155281,0.0017260891618207097,0.0017260650638490915,0.9931426048278809,,,,,,,,,,,,,,,
1770644374.9731798,4919,2683,0.0003117578125,0.0003117578125,3659.528895526,,,,,,,,,,,,,,,,,,,,,
1770644375.1380873,4919,2684,0.0003117578125,0.0003117578125,3659.693854454,,,,,,,,,,,,,,,,,,,,,
1770644375.3027952,4919,2685,0.0003117578125,0.0003117578125,3659.858840953,,,,,,,,,,,,,,,,,,,,,
1770644375.4677687,4919,2686,0.0003117578125,0.0003117578125,3660.023834573,,,,,,,,,,,,,,,,,,,,,
1770644375.6151075,4919,2687,,,3660.168961664,0.002172232838347554,114.0,0.02818925864994526,0.002172232838347554,0.0021722076926380396,0.9906212687492371,,,,,,,,,,,,,,,
1770644381.5514662,4929,2688,0.00031136718749999996,0.00031136718749999996,3666.105386152,,,,,,,,,,,,,,,,,,,,,
1770644381.7164443,4929,2689,0.00031136718749999996,0.00031136718749999996,3666.270288415,,,,,,,,,,,,,,,,,,,,,
1770644381.8818595,4929,2690,0.00031136718749999996,0.00031136718749999996,3666.437869073,,,,,,,,,,,,,,,,,,,,,
1770644382.046289,4929,2691,0.00031136718749999996,0.00031136718749999996,3666.600093341,,,,,,,,,,,,,,,,,,,,,
1770644382.1937382,4929,2692,,,3666.747563973,0.001623199786990881,114.0,0.02516244538128376,0.001623199786990881,0.0016231825575232506,0.9933185577392578,,,,,,,,,,,,,,,
1770644388.1281643,4939,2693,0.0003109765625,0.0003109765625,3672.682103773,,,,,,,,,,,,,,,,,,,,,
1770644388.2928631,4939,2694,0.0003109765625,0.0003109765625,3672.848871529,,,,,,,,,,,,,,,,,,,,,
1770644388.45738,4939,2695,0.0003109765625,0.0003109765625,3673.012843543,,,,,,,,,,,,,,,,,,,,,
1770644388.6222782,4939,2696,0.0003109765625,0.0003109765625,3673.177838946,,,,,,,,,,,,,,,,,,,,,
1770644388.769034,4939,2697,,,3673.322851474,0.0020275344140827656,114.0,0.02897237055003643,0.0020275344140827656,0.0020275390706956387,0.9913224577903748,,,,,,,,,,,,,,,
1770644394.2270894,4944,2698,,,3678.780851466,,114.0,,,,,0.9925262928009033,0.0018455320969223976,0.0018455164972692728,0.02681889943778515,0.0018455320969223976,,,,,,,,,,
1770644395.769673,4944,2699,,,3680.32369639,,114.0,,,,,,,,,,0.001997367711737752,0.001997367711737752,0.991559624671936,0.0019536090549081564,0.027529248967766762,,,,,
1770644398.431898,4949,2700,0.00031058593750000004,0.00031058593750000004,3682.985880579,,,,,,,,,,,,,,,,,,,,,
1770644398.5964968,4949,2701,0.00031058593750000004,0.00031058593750000004,3683.151885408,,,,,,,,,,,,,,,,,,,,,
1770644398.7612262,4949,2702,0.00031058593750000004,0.00031058593750000004,3683.316844586,,,,,,,,,,,,,,,,,,,,,
1770644398.9253268,4949,2703,0.00031058593750000004,0.00031058593750000004,3683.480839544,,,,,,,,,,,,,,,,,,,,,
1770644399.0723708,4949,2704,,,3683.626164891,0.0021425120066851377,115.0,0.029092663899064064,0.0021425120066851377,0.0021424945443868637,0.9910112023353577,,,,,,,,,,,,,,,
1770644404.9956028,4959,2705,0.0003101953125,0.0003101953125,3689.549550341,,,,,,,,,,,,,,,,,,,,,
1770644405.1600642,4959,2706,0.0003101953125,0.0003101953125,3689.715877444,,,,,,,,,,,,,,,,,,,,,
1770644405.324545,4959,2707,0.0003101953125,0.0003101953125,3689.878316203,,,,,,,,,,,,,,,,,,,,,
1770644405.490027,4959,2708,0.0003101953125,0.0003101953125,3690.045842109,,,,,,,,,,,,,,,,,,,,,
1770644405.6373281,4959,2709,,,3690.19114318,0.001907268655486405,115.0,0.02774263359606266,0.001907268655486405,0.0019072588765993714,0.9923011660575867,,,,,,,,,,,,,,,
1770644411.5662472,4969,2710,0.0003098046875,0.0003098046875,3696.120177523,,,,,,,,,,,,,,,,,,,,,
1770644411.7308352,4969,2711,0.0003098046875,0.0003098046875,3696.286861763,,,,,,,,,,,,,,,,,,,,,
1770644411.8952866,4969,2712,0.0003098046875,0.0003098046875,3696.450844844,,,,,,,,,,,,,,,,,,,,,
1770644412.0602286,4969,2713,0.0003098046875,0.0003098046875,3696.615838873,,,,,,,,,,,,,,,,,,,,,
1770644412.207363,4969,2714,,,3696.761185843,0.0016049137338995934,115.0,0.024952596053481102,0.0016049137338995934,0.0016049053519964218,0.9937971830368042,,,,,,,,,,,,,,,
1770644418.1354804,4979,2715,0.00030941406249999996,0.00030941406249999996,3702.689405816,,,,,,,,,,,,,,,,,,,,,
1770644418.2997391,4979,2716,0.00030941406249999996,0.00030941406249999996,3702.855871348,,,,,,,,,,,,,,,,,,,,,
1770644418.464018,4979,2717,0.00030941406249999996,0.00030941406249999996,3703.019844102,,,,,,,,,,,,,,,,,,,,,
1770644418.6283846,4979,2718,0.00030941406249999996,0.00030941406249999996,3703.183844438,,,,,,,,,,,,,,,,,,,,,
1770644418.7754116,4979,2719,,,3703.329231798,0.001752298092469573,115.0,0.02650066465139389,0.001752298092469573,0.0017522751586511731,0.9928138852119446,,,,,,,,,,,,,,,
1770644426.1964557,4987,2720,,,3710.75017614,,115.0,,,,,0.9925200343132019,0.002014241646975279,0.002014224184677005,0.0279703252017498,0.002014241646975279,,,,,,,,,,
1770644426.197888,4987,2721,,,3710.751570516,,115.0,,,,,,,,,,0.0019741251599043608,0.0019741251599043608,0.9913716912269592,0.001997350249439478,0.02795647457242012,,,,,
1770644426.8749237,4989,2722,0.0003090234375,0.0003090234375,3711.428834037,,,,,,,,,,,,,,,,,,,,,
1770644427.039128,4989,2723,0.0003090234375,0.0003090234375,3711.592959561,,,,,,,,,,,,,,,,,,,,,
1770644427.203446,4989,2724,0.0003090234375,0.0003090234375,3711.758862897,,,,,,,,,,,,,,,,,,,,,
1770644427.3678029,4989,2725,0.0003090234375,0.0003090234375,3711.923850256,,,,,,,,,,,,,,,,,,,,,
1770644427.514607,4989,2726,,,3712.068475761,0.0021046954207122326,116.0,0.02842704951763153,0.0021046954207122326,0.002104708459228277,0.9909974336624146,,,,,,,,,,,,,,,
1770644433.444156,4999,2727,0.00030863281250000004,0.00030863281250000004,3717.998087051,,,,,,,,,,,,,,,,,,,,,
1770644433.6089852,4999,2728,0.00030863281250000004,0.00030863281250000004,3718.164860765,,,,,,,,,,,,,,,,,,,,,
1770644433.7734187,4999,2729,0.00030863281250000004,0.00030863281250000004,3718.328839348,,,,,,,,,,,,,,,,,,,,,
1770644433.9374504,4999,2730,0.00030863281250000004,0.00030863281250000004,3718.492854176,,,,,,,,,,,,,,,,,,,,,
1770644434.0844321,4999,2731,,,3718.638252272,0.0018897335976362228,116.0,0.026958897709846497,0.0018897335976362228,0.0018896986730396748,0.9923080205917358,,,,,,,,,,,,,,,
1770644440.0156703,5009,2732,0.0003082421875,0.0003082421875,3724.57089339,,,,,,,,,,,,,,,,,,,,,
1770644440.1804245,5009,2733,0.0003082421875,0.0003082421875,3724.735842612,,,,,,,,,,,,,,,,,,,,,
1770644440.3452096,5009,2734,0.0003082421875,0.0003082421875,3724.90084302,,,,,,,,,,,,,,,,,,,,,
1770644440.5094037,5009,2735,0.0003082421875,0.0003082421875,3725.064836816,,,,,,,,,,,,,,,,,,,,,
1770644440.6564732,5009,2736,,,3725.210295693,0.0018875779351219535,116.0,0.02564993128180504,0.0018875779351219535,0.0018875538371503353,0.9926704168319702,,,,,,,,,,,,,,,
1770644446.5918505,5019,2737,0.0003078515625,0.0003078515625,3731.145783684,,,,,,,,,,,,,,,,,,,,,
1770644446.75682,5019,2738,0.0003078515625,0.0003078515625,3731.312864169,,,,,,,,,,,,,,,,,,,,,
1770644446.9210439,5019,2739,0.0003078515625,0.0003078515625,3731.474855825,,,,,,,,,,,,,,,,,,,,,
1770644447.0857248,5019,2740,0.0003078515625,0.0003078515625,3731.640883197,,,,,,,,,,,,,,,,,,,,,
1770644447.2325926,5019,2741,,,3731.786500953,0.0018778449157252908,116.0,0.0273286085575819,0.0018778449157252908,0.0018778224475681782,0.992091178894043,,,,,,,,,,,,,,,
1770644453.1672442,5029,2742,0.0003074609375,0.0003074609375,3737.721149887,,,,,,,,,,,,,,,,,,,,,
1770644453.3315136,5029,2743,0.0003074609375,0.0003074609375,3737.885323302,,,,,,,,,,,,,,,,,,,,,
1770644453.4956183,5029,2744,0.0003074609375,0.0003074609375,3738.050844904,,,,,,,,,,,,,,,,,,,,,
1770644453.660036,5029,2745,0.0003074609375,0.0003074609375,3738.215843589,,,,,,,,,,,,,,,,,,,,,
1770644453.8071299,5029,2746,,,3738.361046402,0.0016739403363317251,116.0,0.026320062577724457,0.0016739403363317251,0.0016739295097067952,0.9927951097488403,,,,,,,,,,,,,,,
1770644456.8027556,5030,2747,,,3741.356540626,,116.0,,,,,0.9925934672355652,0.0018154409481212497,0.0018154254648834467,0.02599424496293068,0.0018154409481212497,,,,,,,,,,
1770644458.4120805,5030,2748,,,3742.96605508,,116.0,,,,,,,,,,0.0019320097053423524,0.0019320097053423524,0.9914630055427551,0.0019741076976060867,0.02776290290057659,,,,,
1770644463.9560885,5039,2749,0.0003070703125,0.0003070703125,3748.510071197,,,,,,,,,,,,,,,,,,,,,
1770644464.1289618,5039,2750,0.0003070703125,0.0003070703125,3748.683825613,,,,,,,,,,,,,,,,,,,,,
1770644464.3005726,5039,2751,0.0003070703125,0.0003070703125,3748.855820053,,,,,,,,,,,,,,,,,,,,,
1770644464.474311,5039,2752,0.0003070703125,0.0003070703125,3749.028814226,,,,,,,,,,,,,,,,,,,,,
1770644464.623176,5039,2753,,,3749.17700636,0.001710198586806655,117.0,0.02632945030927658,0.001710198586806655,0.0017101970734074712,0.9927011132240295,,,,,,,,,,,,,,,
1770644470.8646235,5049,2754,0.00030667968750000004,0.00030667968750000004,3755.419874736,,,,,,,,,,,,,,,,,,,,,
1770644471.028603,5049,2755,0.00030667968750000004,0.00030667968750000004,3755.583855281,,,,,,,,,,,,,,,,,,,,,
1770644471.1931226,5049,2756,0.00030667968750000004,0.00030667968750000004,3755.748837431,,,,,,,,,,,,,,,,,,,,,
1770644471.3568285,5049,2757,0.00030667968750000004,0.00030667968750000004,3755.912838587,,,,,,,,,,,,,,,,,,,,,
1770644471.5039754,5049,2758,,,3756.057819816,0.002684602979570627,117.0,0.029882127419114113,0.002684602979570627,0.0026845468673855066,0.9882224798202515,,,,,,,,,,,,,,,
1770644477.4260972,5059,2759,0.0003062890625,0.0003062890625,3761.98002209,,,,,,,,,,,,,,,,,,,,,
1770644477.5902934,5059,2760,0.0003062890625,0.0003062890625,3762.145862641,,,,,,,,,,,,,,,,,,,,,
1770644477.754313,5059,2761,0.0003062890625,0.0003062890625,3762.309852139,,,,,,,,,,,,,,,,,,,,,
1770644477.9186792,5059,2762,0.0003062890625,0.0003062890625,3762.473842208,,,,,,,,,,,,,,,,,,,,,
1770644478.0657744,5059,2763,,,3762.619616348,0.0021545863710343838,117.0,0.02812293916940689,0.0021545863710343838,0.0021545651834458113,0.990986168384552,,,,,,,,,,,,,,,
1770644483.9874413,5069,2764,0.0003058984375,0.0003058984375,3768.541366587,,,,,,,,,,,,,,,,,,,,,
1770644484.1519408,5069,2765,0.0003058984375,0.0003058984375,3768.705707754,,,,,,,,,,,,,,,,,,,,,
1770644484.3164506,5069,2766,0.0003058984375,0.0003058984375,3768.870232887,,,,,,,,,,,,,,,,,,,,,
1770644484.4822845,5069,2767,0.0003058984375,0.0003058984375,3769.03789209,,,,,,,,,,,,,,,,,,,,,
1770644484.629215,5069,2768,,,3769.183062113,0.00175951374694705,117.0,0.02594180963933468,0.00175951374694705,0.0017595081590116024,0.9928454756736755,,,,,,,,,,,,,,,
1770644489.4162521,5073,2769,,,3773.970029746,,117.0,,,,,0.9926031231880188,0.0019016808364540339,0.0019016629084944725,0.027000363916158676,0.0019016808364540339,,,,,,,,,,
1770644489.4177003,5073,2770,,,3773.971373215,,117.0,,,,,,,,,,0.0019137704512104392,0.0019137704512104392,0.9916524291038513,0.001931993174366653,0.02746635302901268,,,,,
1770644492.7181876,5079,2771,0.0003055078125,0.0003055078125,3777.272107972,,,,,,,,,,,,,,,,,,,,,
1770644492.8828888,5079,2772,0.0003055078125,0.0003055078125,3777.438855686,,,,,,,,,,,,,,,,,,,,,
1770644493.047418,5079,2773,0.0003055078125,0.0003055078125,3777.602847988,,,,,,,,,,,,,,,,,,,,,
1770644493.21242,5079,2774,0.0003055078125,0.0003055078125,3777.767842176,,,,,,,,,,,,,,,,,,,,,
1770644493.3592951,5079,2775,,,3777.913128953,0.0019446718506515026,118.0,0.027855269610881805,0.0019446718506515026,0.0019446556689217687,0.9913604259490967,,,,,,,,,,,,,,,
1770644499.2860687,5089,2776,0.0003051171875,0.0003051171875,3783.839918142,,,,,,,,,,,,,,,,,,,,,
1770644499.4506645,5089,2777,0.0003051171875,0.0003051171875,3784.005854165,,,,,,,,,,,,,,,,,,,,,
1770644499.614962,5089,2778,0.0003051171875,0.0003051171875,3784.168787265,,,,,,,,,,,,,,,,,,,,,
1770644499.7790608,5089,2779,0.0003051171875,0.0003051171875,3784.334854706,,,,,,,,,,,,,,,,,,,,,
1770644499.9261022,5089,2780,,,3784.479905378,0.002071790164336562,118.0,0.028550487011671066,0.002071790164336562,0.002071775496006012,0.9913062453269958,,,,,,,,,,,,,,,
1770644505.847064,5099,2781,0.00030472656250000004,0.00030472656250000004,3790.402890153,,,,,,,,,,,,,,,,,,,,,
1770644506.0113626,5099,2782,0.00030472656250000004,0.00030472656250000004,3790.565172715,,,,,,,,,,,,,,,,,,,,,
1770644506.175805,5099,2783,0.00030472656250000004,0.00030472656250000004,3790.731844033,,,,,,,,,,,,,,,,,,,,,
1770644506.3398163,5099,2784,0.00030472656250000004,0.00030472656250000004,3790.895837787,,,,,,,,,,,,,,,,,,,,,
1770644506.4868655,5099,2785,,,3791.040697542,0.001597256981767714,118.0,0.026355309411883354,0.001597256981767714,0.0015972317196428776,0.9931818246841431,,,,,,,,,,,,,,,
1770644512.4145286,5109,2786,0.0003043359375,0.0003043359375,3796.968454924,,,,,,,,,,,,,,,,,,,,,
1770644512.5791597,5109,2787,0.0003043359375,0.0003043359375,3797.134893042,,,,,,,,,,,,,,,,,,,,,
1770644512.743321,5109,2788,0.0003043359375,0.0003043359375,3797.298861608,,,,,,,,,,,,,,,,,,,,,
1770644512.907509,5109,2789,0.0003043359375,0.0003043359375,3797.461267405,,,,,,,,,,,,,,,,,,,,,
1770644513.0547407,5109,2790,,,3797.60864232,0.0023372096475213766,118.0,0.02884414978325367,0.0023372096475213766,0.002337163779884577,0.9895952343940735,,,,,,,,,,,,,,,
1770644519.849153,5116,2791,,,3804.402910437,,118.0,,,,,0.992666482925415,0.0017675231210887432,0.0017675099661573768,0.02579852007329464,0.0017675231210887432,,,,,,,,,,
1770644521.5586674,5116,2792,,,3806.112644797,,118.0,,,,,,,,,,0.0019125229446217418,0.0019125229446217418,0.9917314052581787,0.0019137532217428088,0.02725755237042904,,,,,
1770644522.900262,5119,2793,0.0003039453125,0.0003039453125,3807.454181925,,,,,,,,,,,,,,,,,,,,,
1770644523.0645952,5119,2794,0.0003039453125,0.0003039453125,3807.619852608,,,,,,,,,,,,,,,,,,,,,
1770644523.2286959,5119,2795,0.0003039453125,0.0003039453125,3807.783839101,,,,,,,,,,,,,,,,,,,,,
1770644523.3930829,5119,2796,0.0003039453125,0.0003039453125,3807.948838977,,,,,,,,,,,,,,,,,,,,,
1770644523.5399454,5119,2797,,,3808.093788576,0.0019221841357648373,119.0,0.02661825157701969,0.0019221841357648373,0.001922154682688415,0.9921137094497681,,,,,,,,,,,,,,,
1770644529.4625127,5129,2798,0.0003035546875,0.0003035546875,3814.016376463,,,,,,,,,,,,,,,,,,,,,
1770644529.626841,5129,2799,0.0003035546875,0.0003035546875,3814.18286044,,,,,,,,,,,,,,,,,,,,,
1770644529.791542,5129,2800,0.0003035546875,0.0003035546875,3814.346843457,,,,,,,,,,,,,,,,,,,,,
1770644529.9556365,5129,2801,0.0003035546875,0.0003035546875,3814.510840154,,,,,,,,,,,,,,,,,,,,,
1770644530.1025999,5129,2802,,,3814.656375104,0.0020017095375806093,119.0,0.02696853317320347,0.0020017095375806093,0.0020017081405967474,0.991613507270813,,,,,,,,,,,,,,,
1770644536.024139,5139,2803,0.0003031640625,0.0003031640625,3820.578062822,,,,,,,,,,,,,,,,,,,,,
1770644536.1881185,5139,2804,0.0003031640625,0.0003031640625,3820.741950175,,,,,,,,,,,,,,,,,,,,,
1770644536.3524408,5139,2805,0.0003031640625,0.0003031640625,3820.907866298,,,,,,,,,,,,,,,,,,,,,
1770644536.516543,5139,2806,0.0003031640625,0.0003031640625,3821.070288839,,,,,,,,,,,,,,,,,,,,,
1770644536.6635182,5139,2807,,,3821.217380789,0.0019000855972990394,119.0,0.025909746065735817,0.0019000855972990394,0.001900073024444282,0.9922471642494202,,,,,,,,,,,,,,,
1770644542.5952501,5149,2808,0.00030277343750000004,0.00030277343750000004,3827.149166659,,,,,,,,,,,,,,,,,,,,,
1770644542.7599196,5149,2809,0.00030277343750000004,0.00030277343750000004,3827.315869043,,,,,,,,,,,,,,,,,,,,,
1770644542.9246407,5149,2810,0.00030277343750000004,0.00030277343750000004,3827.479843256,,,,,,,,,,,,,,,,,,,,,
1770644543.088542,5149,2811,0.00030277343750000004,0.00030277343750000004,3827.643840324,,,,,,,,,,,,,,,,,,,,,
1770644543.2356513,5149,2812,,,3827.789457327,0.0016859985189512372,119.0,0.0263346079736948,0.0016859985189512372,0.0016859843162819743,0.9929355978965759,,,,,,,,,,,,,,,
1770644549.1543958,5159,2813,0.00030238281249999997,0.00030238281249999997,3833.708192916,,,,,,,,,,,,,,,,,,,,,
1770644549.3186553,5159,2814,0.00030238281249999997,0.00030238281249999997,3833.872451817,,,,,,,,,,,,,,,,,,,,,
1770644549.4830742,5159,2815,0.00030238281249999997,0.00030238281249999997,3834.038857535,,,,,,,,,,,,,,,,,,,,,
1770644549.6357148,5159,2816,0.00030238281249999997,0.00030238281249999997,3834.189959432,,,,,,,,,,,,,,,,,,,,,
1770644549.6943834,5159,2817,,,3834.248207148,0.0020192551892250776,119.0,0.026972580701112747,0.0020192551892250776,0.002019295934587717,0.9915347099304199,,,,,,,,,,,,,,,
1770644551.9569306,5159,2818,,,3836.510697233,,119.0,,,,,0.9926498532295227,0.0017916695214807987,0.001791654503904283,0.02634957991540432,0.0017916695214807987,,,,,,,,,,
1770644553.660434,5159,2819,,,3838.214455683,,119.0,,,,,,,,,,0.001905093900859356,0.001905093900859356,0.9917385578155518,0.0019125024555251002,0.027321767061948776,,,,,
1770644559.5946393,5169,2820,0.0003019921875,0.0003019921875,3844.148520523,,,,,,,,,,,,,,,,,,,,,
1770644559.7594175,5169,2821,0.0003019921875,0.0003019921875,3844.313243702,,,,,,,,,,,,,,,,,,,,,
1770644559.9238605,5169,2822,0.0003019921875,0.0003019921875,3844.479900226,,,,,,,,,,,,,,,,,,,,,
1770644560.0883274,5169,2823,0.0003019921875,0.0003019921875,3844.643857233,,,,,,,,,,,,,,,,,,,,,
1770644560.2354023,5169,2824,,,3844.789268607,0.0022699935361742973,120.0,0.02992737479507923,0.0022699935361742973,0.002270016586408019,0.9898819327354431,,,,,,,,,,,,,,,
1770644566.1555707,5179,2825,0.0003016015625,0.0003016015625,3850.70951416,,,,,,,,,,,,,,,,,,,,,
1770644566.3197243,5179,2826,0.0003016015625,0.0003016015625,3850.874907977,,,,,,,,,,,,,,,,,,,,,
1770644566.4842446,5179,2827,0.0003016015625,0.0003016015625,3851.039825958,,,,,,,,,,,,,,,,,,,,,
1770644566.6487756,5179,2828,0.0003016015625,0.0003016015625,3851.204868397,,,,,,,,,,,,,,,,,,,,,
1770644566.7960021,5179,2829,,,3851.349908622,0.002003034809604287,120.0,0.02789749950170517,0.002003034809604287,0.002003003377467394,0.9911747574806213,,,,,,,,,,,,,,,
1770644572.7183304,5189,2830,0.0003012109375,0.0003012109375,3857.272264542,,,,,,,,,,,,,,,,,,,,,
1770644572.8827548,5189,2831,0.0003012109375,0.0003012109375,3857.436573197,,,,,,,,,,,,,,,,,,,,,
1770644573.0469816,5189,2832,0.0003012109375,0.0003012109375,3857.600805158,,,,,,,,,,,,,,,,,,,,,
1770644573.2111886,5189,2833,0.0003012109375,0.0003012109375,3857.765002766,,,,,,,,,,,,,,,,,,,,,
1770644573.358242,5189,2834,,,3857.912029717,0.0015752987237647176,120.0,0.025367634370923042,0.0015752987237647176,0.0015752507606521249,0.9932022094726562,,,,,,,,,,,,,,,
1770644579.2925322,5199,2835,0.00030082031250000004,0.00030082031250000004,3863.846393859,,,,,,,,,,,,,,,,,,,,,
1770644579.4567578,5199,2836,0.00030082031250000004,0.00030082031250000004,3864.010577817,,,,,,,,,,,,,,,,,,,,,
1770644579.620957,5199,2837,0.00030082031250000004,0.00030082031250000004,3864.176873629,,,,,,,,,,,,,,,,,,,,,
1770644579.846128,5199,2838,0.00030082031250000004,0.00030082031250000004,3864.401888877,,,,,,,,,,,,,,,,,,,,,
1770644579.9933593,5199,2839,,,3864.547152357,0.0016479663318023086,120.0,0.02668631076812744,0.0016479663318023086,0.001647950615733862,0.9931002855300903,,,,,,,,,,,,,,,
1770644584.1263785,5202,2840,,,3868.680089136,,120.0,,,,,0.9926341772079468,0.0018993079429492354,0.0018992943223565817,0.02682602033019066,0.0018993079429492354,,,,,,,,,,
1770644584.127797,5202,2841,,,3868.681463681,,120.0,,,,,,,,,,0.0019147633574903011,0.0019147633574903011,0.9917702674865723,0.0019050786504521966,0.02727813459932804,,,,,
1770644588.0939584,5209,2842,0.00030042968749999997,0.00030042968749999997,3872.647895812,,,,,,,,,,,,,,,,,,,,,
1770644588.2587295,5209,2843,0.00030042968749999997,0.00030042968749999997,3872.812569075,,,,,,,,,,,,,,,,,,,,,
1770644588.4232643,5209,2844,0.00030042968749999997,0.00030042968749999997,3872.977078662,,,,,,,,,,,,,,,,,,,,,
1770644588.5876713,5209,2845,0.00030042968749999997,0.00030042968749999997,3873.141466746,,,,,,,,,,,,,,,,,,,,,
1770644588.7352078,5209,2846,,,3873.289039968,0.0017947867745533586,121.0,0.026770278811454773,0.0017947867745533586,0.0017947551095858216,0.9924551248550415,,,,,,,,,,,,,,,
1770644594.6688323,5219,2847,0.0003000390625,0.0003000390625,3879.222725827,,,,,,,,,,,,,,,,,,,,,
1770644594.8326876,5219,2848,0.0003000390625,0.0003000390625,3879.38884233,,,,,,,,,,,,,,,,,,,,,
1770644594.9971056,5219,2849,0.0003000390625,0.0003000390625,3879.552843873,,,,,,,,,,,,,,,,,,,,,
1770644595.1612928,5219,2850,0.0003000390625,0.0003000390625,3879.715062366,,,,,,,,,,,,,,,,,,,,,
1770644595.3083346,5219,2851,,,3879.862183178,0.0018981570610776544,121.0,0.027823563665151596,0.0018981570610776544,0.001898131100460887,0.9920632839202881,,,,,,,,,,,,,,,
1770644601.2469516,5229,2852,0.0002996484375,0.0002996484375,3885.802870044,,,,,,,,,,,,,,,,,,,,,
1770644601.4109511,5229,2853,0.0002996484375,0.0002996484375,3885.96686668,,,,,,,,,,,,,,,,,,,,,
1770644601.5755305,5229,2854,0.0002996484375,0.0002996484375,3886.130843325,,,,,,,,,,,,,,,,,,,,,
1770644601.7406046,5229,2855,0.0002996484375,0.0002996484375,3886.295837531,,,,,,,,,,,,,,,,,,,,,
1770644601.8875222,5229,2856,,,3886.44130683,0.0019247578456997871,121.0,0.02749522030353546,0.0019247578456997871,0.0019247423624619842,0.9920358657836914,,,,,,,,,,,,,,,
1770644607.8216295,5239,2857,0.0002992578125,0.0002992578125,3892.375561983,,,,,,,,,,,,,,,,,,,,,
1770644607.9871867,5239,2858,0.0002992578125,0.0002992578125,3892.542865098,,,,,,,,,,,,,,,,,,,,,
1770644608.1520762,5239,2859,0.0002992578125,0.0002992578125,3892.707841156,,,,,,,,,,,,,,,,,,,,,
1770644608.316523,5239,2860,0.0002992578125,0.0002992578125,3892.871839765,,,,,,,,,,,,,,,,,,,,,
1770644608.4634473,5239,2861,,,3893.017202223,0.0017879678634926677,121.0,0.026994016021490097,0.0017879678634926677,0.001787944813258946,0.9920766949653625,,,,,,,,,,,,,,,
1770644614.5646331,5245,2862,,,3899.118400955,,121.0,,,,,0.9928185939788818,0.001803108723834157,0.0018030984792858362,0.02731609158217907,0.001803108723834157,,,,,,,,,,
1770644616.031506,5245,2863,,,3900.585493533,,121.0,,,,,,,,,,0.0018956802086904645,0.0018956802086904645,0.9917284846305847,0.001914745895192027,0.02731785923242569,,,,,
1770644618.0344162,5249,2864,0.00029886718750000003,0.00029886718750000003,3902.588343869,,,,,,,,,,,,,,,,,,,,,
1770644618.1990666,5249,2865,0.00029886718750000003,0.00029886718750000003,3902.7548661,,,,,,,,,,,,,,,,,,,,,
1770644618.3636918,5249,2866,0.00029886718750000003,0.00029886718750000003,3902.918846151,,,,,,,,,,,,,,,,,,,,,
1770644618.5285144,5249,2867,0.00029886718750000003,0.00029886718750000003,3903.082919381,,,,,,,,,,,,,,,,,,,,,
1770644618.6756682,5249,2868,,,3903.229487572,0.0015758839435875416,122.0,0.025384288281202316,0.0015758839435875416,0.001575858797878027,0.9936835765838623,,,,,,,,,,,,,,,
1770644624.609276,5259,2869,0.00029847656249999997,0.00029847656249999997,3909.163202338,,,,,,,,,,,,,,,,,,,,,
1770644624.7739453,5259,2870,0.00029847656249999997,0.00029847656249999997,3909.327786056,,,,,,,,,,,,,,,,,,,,,
1770644624.9385216,5259,2871,0.00029847656249999997,0.00029847656249999997,3909.492339137,,,,,,,,,,,,,,,,,,,,,
1770644625.1030777,5259,2872,0.00029847656249999997,0.00029847656249999997,3909.65689282,,,,,,,,,,,,,,,,,,,,,
1770644625.2505496,5259,2873,,,3909.804329075,0.0020038671791553497,122.0,0.027972830459475517,0.0020038671791553497,0.0020038525108247995,0.9909560084342957,,,,,,,,,,,,,,,
1770644631.1737864,5269,2874,0.0002980859375,0.0002980859375,3915.727702432,,,,,,,,,,,,,,,,,,,,,
1770644631.338225,5269,2875,0.0002980859375,0.0002980859375,3915.89385026,,,,,,,,,,,,,,,,,,,,,
1770644631.5024767,5269,2876,0.0002980859375,0.0002980859375,3916.057845283,,,,,,,,,,,,,,,,,,,,,
1770644631.6665714,5269,2877,0.0002980859375,0.0002980859375,3916.221841337,,,,,,,,,,,,,,,,,,,,,
1770644631.8135812,5269,2878,,,3916.367407902,0.002154331188648939,122.0,0.028998760506510735,0.002154331188648939,0.002154325833544135,0.9907458424568176,,,,,,,,,,,,,,,
1770644637.7404263,5279,2879,0.0002976953125,0.0002976953125,3922.294295426,,,,,,,,,,,,,,,,,,,,,
1770644637.9047391,5279,2880,0.0002976953125,0.0002976953125,3922.460844677,,,,,,,,,,,,,,,,,,,,,
1770644638.06899,5279,2881,0.0002976953125,0.0002976953125,3922.624846319,,,,,,,,,,,,,,,,,,,,,
1770644638.233114,5279,2882,0.0002976953125,0.0002976953125,3922.788835794,,,,,,,,,,,,,,,,,,,,,
1770644638.3803046,5279,2883,,,3922.934153394,0.0019741535652428865,122.0,0.027736999094486237,0.0019741535652428865,0.001974165905267,0.9916699528694153,,,,,,,,,,,,,,,
1770644646.4470115,5288,2884,,,3931.000823674,,122.0,,,,,0.9927849769592285,0.0017214507097378373,0.0017214349936693907,0.025471894070506096,0.0017214507097378373,,,,,,,,,,
1770644648.122246,5288,2885,,,3932.676285658,,122.0,,,,,,,,,,0.001938750152476132,0.001938750152476132,0.9918092489242554,0.0018956633284687996,0.0271109901368618,,,,,
1770644648.150698,5289,2886,0.0002973046875,0.0002973046875,3932.705851342,,,,,,,,,,,,,,,,,,,,,
1770644648.315023,5289,2887,0.0002973046875,0.0002973046875,3932.870835533,,,,,,,,,,,,,,,,,,,,,
1770644648.4791172,5289,2888,0.0002973046875,0.0002973046875,3933.03483919,,,,,,,,,,,,,,,,,,,,,
1770644648.6433027,5289,2889,0.0002973046875,0.0002973046875,3933.19883132,,,,,,,,,,,,,,,,,,,,,
1770644648.790289,5289,2890,,,3933.344100999,0.00222486793063581,123.0,0.029091931879520416,0.00222486793063581,0.002224839059635997,0.9908144474029541,,,,,,,,,,,,,,,
1770644654.7228057,5299,2891,0.00029691406250000003,0.00029691406250000003,3939.276735382,,,,,,,,,,,,,,,,,,,,,
1770644654.887387,5299,2892,0.00029691406250000003,0.00029691406250000003,3939.441190067,,,,,,,,,,,,,,,,,,,,,
1770644655.052039,5299,2893,0.00029691406250000003,0.00029691406250000003,3939.607843097,,,,,,,,,,,,,,,,,,,,,
1770644655.2163503,5299,2894,0.00029691406250000003,0.00029691406250000003,3939.771839944,,,,,,,,,,,,,,,,,,,,,
1770644655.3630846,5299,2895,,,3939.916982151,0.001591118285432458,123.0,0.02601938135921955,0.001591118285432458,0.0015911026857793331,0.9930168390274048,,,,,,,,,,,,,,,
1770644661.296876,5309,2896,0.00029652343749999997,0.00029652343749999997,3945.85077847,,,,,,,,,,,,,,,,,,,,,
1770644661.4614398,5309,2897,0.00029652343749999997,0.00029652343749999997,3946.016840622,,,,,,,,,,,,,,,,,,,,,
1770644661.6264987,5309,2898,0.00029652343749999997,0.00029652343749999997,3946.180311137,,,,,,,,,,,,,,,,,,,,,
1770644661.7911067,5309,2899,0.00029652343749999997,0.00029652343749999997,3946.34686039,,,,,,,,,,,,,,,,,,,,,
1770644661.9380708,5309,2900,,,3946.491910439,0.0020998164545744658,123.0,0.027362627908587456,0.0020998164545744658,0.002099810168147087,0.9902154207229614,,,,,,,,,,,,,,,
1770644667.8721914,5319,2901,0.0002961328125,0.0002961328125,3952.427886344,,,,,,,,,,,,,,,,,,,,,
1770644668.0366871,5319,2902,0.0002961328125,0.0002961328125,3952.59184287,,,,,,,,,,,,,,,,,,,,,
1770644668.2012465,5319,2903,0.0002961328125,0.0002961328125,3952.756842053,,,,,,,,,,,,,,,,,,,,,
1770644668.365422,5319,2904,0.0002961328125,0.0002961328125,3952.920834252,,,,,,,,,,,,,,,,,,,,,
1770644668.5123053,5319,2905,,,3953.066141317,0.0018294223118573427,123.0,0.0273123811930418,0.0018294223118573427,0.0018294189358130097,0.991827666759491,,,,,,,,,,,,,,,
1770644674.4476175,5329,2906,0.0002957421875,0.0002957421875,3959.001540223,,,,,,,,,,,,,,,,,,,,,
1770644674.6121945,5329,2907,0.0002957421875,0.0002957421875,3959.167859281,,,,,,,,,,,,,,,,,,,,,
1770644674.7770154,5329,2908,0.0002957421875,0.0002957421875,3959.332845233,,,,,,,,,,,,,,,,,,,,,
1770644674.9413037,5329,2909,0.0002957421875,0.0002957421875,3959.496846025,,,,,,,,,,,,,,,,,,,,,
1770644675.0879776,5329,2910,,,3959.6417876,0.001714106067083776,123.0,0.02625616453588009,0.001714106067083776,0.0017141158459708095,0.9926872849464417,,,,,,,,,,,,,,,
1770644678.5621061,5331,2911,,,3963.115832268,,123.0,,,,,0.9925814867019653,0.0017356463940814137,0.0017356310272589326,0.025374973192811012,0.0017356463940814137,,,,,,,,,,
1770644680.5306911,5331,2912,,,3965.084686224,,123.0,,,,,,,,,,0.0018818775424733758,0.0018818775424733758,0.9916284084320068,0.0019387326901778579,0.02754880115389824,,,,,
1770644685.1648312,5339,2913,0.0002953515625,0.0002953515625,3969.720897376,,,,,,,,,,,,,,,,,,,,,
1770644685.328746,5339,2914,0.0002953515625,0.0002953515625,3969.884858557,,,,,,,,,,,,,,,,,,,,,
1770644685.492921,5339,2915,0.0002953515625,0.0002953515625,3970.048845097,,,,,,,,,,,,,,,,,,,,,
1770644685.6574078,5339,2916,0.0002953515625,0.0002953515625,3970.212862943,,,,,,,,,,,,,,,,,,,,,
1770644685.8044846,5339,2917,,,3970.358416478,0.0017252288525924087,124.0,0.026479827240109444,0.0017252288525924087,0.00172518752515316,0.9927078485488892,,,,,,,,,,,,,,,
1770644691.7367783,5349,2918,0.00029496093750000003,0.00029496093750000003,3976.29069163,,,,,,,,,,,,,,,,,,,,,
1770644691.901613,5349,2919,0.00029496093750000003,0.00029496093750000003,3976.455414206,,,,,,,,,,,,,,,,,,,,,
1770644692.0662937,5349,2920,0.00029496093750000003,0.00029496093750000003,3976.621848946,,,,,,,,,,,,,,,,,,,,,
1770644692.2304904,5349,2921,0.00029496093750000003,0.00029496093750000003,3976.785846582,,,,,,,,,,,,,,,,,,,,,
1770644692.3773582,5349,2922,,,3976.931192455,0.002545076422393322,124.0,0.030705386772751808,0.002545076422393322,0.0025450633838772774,0.988727331161499,,,,,,,,,,,,,,,
1770644698.3066587,5359,2923,0.0002945703125,0.0002945703125,3982.861892878,,,,,,,,,,,,,,,,,,,,,
1770644698.4707158,5359,2924,0.0002945703125,0.0002945703125,3983.024509978,,,,,,,,,,,,,,,,,,,,,
1770644698.6349373,5359,2925,0.0002945703125,0.0002945703125,3983.19084603,,,,,,,,,,,,,,,,,,,,,
1770644698.7989988,5359,2926,0.0002945703125,0.0002945703125,3983.352806783,,,,,,,,,,,,,,,,,,,,,
1770644698.9461353,5359,2927,,,3983.500079412,0.0017945377621799707,124.0,0.02768145315349102,0.0017945377621799707,0.001794519368559122,0.9929947853088379,,,,,,,,,,,,,,,
1770644704.876954,5369,2928,0.0002941796875,0.0002941796875,3989.430893806,,,,,,,,,,,,,,,,,,,,,
1770644705.0416517,5369,2929,0.0002941796875,0.0002941796875,3989.595452595,,,,,,,,,,,,,,,,,,,,,
1770644705.2061272,5369,2930,0.0002941796875,0.0002941796875,3989.761839312,,,,,,,,,,,,,,,,,,,,,
1770644705.3707669,5369,2931,0.0002941796875,0.0002941796875,3989.926845073,,,,,,,,,,,,,,,,,,,,,
1770644705.5181193,5369,2932,,,3990.071959007,0.0018495150143280625,124.0,0.026563825085759163,0.0018495150143280625,0.0018495213007554412,0.9923379421234131,,,,,,,,,,,,,,,
1770644710.9552424,5374,2933,,,3995.508990082,,124.0,,,,,0.9928691387176514,0.0017094033537432551,0.001709386589936912,0.025617405772209167,0.0017094033537432551,,,,,,,,,,
1770644712.471185,5374,2934,,,3997.025212656,,124.0,,,,,,,,,,0.0018646359676495194,0.0018646359676495194,0.99186772108078,0.0018818604294210672,0.027031727135181427,,,,,
1770644715.1256428,5379,2935,0.0002937890625,0.0002937890625,3999.679560893,,,,,,,,,,,,,,,,,,,,,
1770644715.2902918,5379,2936,0.0002937890625,0.0002937890625,3999.845866207,,,,,,,,,,,,,,,,,,,,,
1770644715.4546158,5379,2937,0.0002937890625,0.0002937890625,4000.009843211,,,,,,,,,,,,,,,,,,,,,
1770644715.6188285,5379,2938,0.0002937890625,0.0002937890625,4000.174854851,,,,,,,,,,,,,,,,,,,,,
1770644715.7661493,5379,2939,,,4000.319960892,0.0018103593029081821,125.0,0.0276423841714859,0.0018103593029081821,0.0018103491747751832,0.9921085834503174,,,,,,,,,,,,,,,
1770644721.8357303,5389,2940,0.0002933984375,0.0002933984375,4006.389690601,,,,,,,,,,,,,,,,,,,,,
1770644722.0081398,5389,2941,0.0002933984375,0.0002933984375,4006.563882362,,,,,,,,,,,,,,,,,,,,,
1770644722.1813173,5389,2942,0.0002933984375,0.0002933984375,4006.735848228,,,,,,,,,,,,,,,,,,,,,
1770644722.3559275,5389,2943,0.0002933984375,0.0002933984375,4006.910839131,,,,,,,,,,,,,,,,,,,,,
1770644722.5046003,5389,2944,,,4007.058450899,0.002306414069607854,125.0,0.029338756576180458,0.002306414069607854,0.0023064306005835533,0.9906923174858093,,,,,,,,,,,,,,,
1770644728.7193017,5399,2945,0.00029300781250000003,0.00029300781250000003,4013.273238545,,,,,,,,,,,,,,,,,,,,,
1770644728.8931665,5399,2946,0.00029300781250000003,0.00029300781250000003,4013.447847894,,,,,,,,,,,,,,,,,,,,,
1770644729.0668125,5399,2947,0.00029300781250000003,0.00029300781250000003,4013.620769396,,,,,,,,,,,,,,,,,,,,,
1770644729.2406535,5399,2948,0.00029300781250000003,0.00029300781250000003,4013.794679253,,,,,,,,,,,,,,,,,,,,,
1770644729.3896978,5399,2949,,,4013.943549113,0.001614504843018949,125.0,0.025448311120271683,0.001614504843018949,0.0016145247500389814,0.9931143522262573,,,,,,,,,,,,,,,
1770644735.591886,5409,2950,0.0002926171875,0.0002926171875,4020.147838783,,,,,,,,,,,,,,,,,,,,,
1770644735.7562876,5409,2951,0.0002926171875,0.0002926171875,4020.311816587,,,,,,,,,,,,,,,,,,,,,
1770644735.9269423,5409,2952,0.0002926171875,0.0002926171875,4020.482818673,,,,,,,,,,,,,,,,,,,,,
1770644736.1029181,5409,2953,0.0002926171875,0.0002926171875,4020.656815901,,,,,,,,,,,,,,,,,,,,,
1770644736.2513828,5409,2954,,,4020.805238408,0.001579384203068912,125.0,0.02546018734574318,0.001579384203068912,0.0015793719794601202,0.993735671043396,,,,,,,,,,,,,,,
1770644744.15083,5417,2955,,,4028.704570637,,125.0,,,,,0.9928871989250183,0.0017977136885747313,0.0017976994859054685,0.02602129802107811,0.0017977136885747313,,,,,,,,,,
1770644744.152337,5417,2956,,,4028.706031954,,125.0,,,,,,,,,,0.0019152177264913917,0.0019152177264913917,0.9919451475143433,0.0018646206008270383,0.027011463418602943,,,,,
1770644744.8583744,5419,2957,0.0002922265625,0.0002922265625,4029.412821295,,,,,,,,,,,,,,,,,,,,,
1770644745.0301611,5419,2958,0.0002922265625,0.0002922265625,4029.585821084,,,,,,,,,,,,,,,,,,,,,
1770644745.2020442,5419,2959,0.0002922265625,0.0002922265625,4029.756815186,,,,,,,,,,,,,,,,,,,,,
1770644745.373754,5419,2960,0.0002922265625,0.0002922265625,4029.92881422,,,,,,,,,,,,,,,,,,,,,
1770644745.5222914,5419,2961,,,4030.076128811,0.0016031017294153571,126.0,0.025213573127985,0.0016031017294153571,0.0016030881088227034,0.9937334656715393,,,,,,,,,,,,,,,
1770644751.7391274,5429,2962,0.0002918359375,0.0002918359375,4036.293091348,,,,,,,,,,,,,,,,,,,,,
1770644751.913119,5429,2963,0.0002918359375,0.0002918359375,4036.467828017,,,,,,,,,,,,,,,,,,,,,
1770644752.085009,5429,2964,0.0002918359375,0.0002918359375,4036.640819713,,,,,,,,,,,,,,,,,,,,,
1770644752.2500112,5429,2965,0.0002918359375,0.0002918359375,4036.805814876,,,,,,,,,,,,,,,,,,,,,
1770644752.398776,5429,2966,,,4036.952623706,0.0017078457167372108,126.0,0.026501163840293884,0.0017078457167372108,0.0017078254604712129,0.9930599331855774,,,,,,,,,,,,,,,
1770644758.6200783,5439,2967,0.0002914453125,0.0002914453125,4043.174057544,,,,,,,,,,,,,,,,,,,,,
1770644758.7922935,5439,2968,0.0002914453125,0.0002914453125,4043.347860279,,,,,,,,,,,,,,,,,,,,,
1770644758.9662895,5439,2969,0.0002914453125,0.0002914453125,4043.520117711,,,,,,,,,,,,,,,,,,,,,
1770644759.1387496,5439,2970,0.0002914453125,0.0002914453125,4043.692713751,,,,,,,,,,,,,,,,,,,,,
1770644759.2878602,5439,2971,,,4043.844920937,0.0019108860287815332,126.0,0.0265621617436409,0.0019108860287815332,0.00191091641318053,0.9918176531791687,,,,,,,,,,,,,,,
1770644765.4921365,5449,2972,0.0002910546875,0.0002910546875,4050.047858013,,,,,,,,,,,,,,,,,,,,,
1770644765.6635537,5449,2973,0.0002910546875,0.0002910546875,4050.218819877,,,,,,,,,,,,,,,,,,,,,
1770644765.8359723,5449,2974,0.0002910546875,0.0002910546875,4050.390815765,,,,,,,,,,,,,,,,,,,,,
1770644766.0094137,5449,2975,0.0002910546875,0.0002910546875,4050.563814561,,,,,,,,,,,,,,,,,,,,,
1770644766.1583378,5449,2976,,,4050.712194603,0.0019864339847117662,126.0,0.028154367581009865,0.0019864339847117662,0.001986413961276412,0.991517186164856,,,,,,,,,,,,,,,
1770644772.3919442,5459,2977,0.0002906640625,0.0002906640625,4056.945952366,,,,,,,,,,,,,,,,,,,,,
1770644772.5641677,5459,2978,0.0002906640625,0.0002906640625,4057.119837174,,,,,,,,,,,,,,,,,,,,,
1770644772.7293708,5459,2979,0.0002906640625,0.0002906640625,4057.284826598,,,,,,,,,,,,,,,,,,,,,
1770644772.9011455,5459,2980,0.0002906640625,0.0002906640625,4057.456827533,,,,,,,,,,,,,,,,,,,,,
1770644773.0489333,5459,2981,,,4057.602693004,0.0020426204428076744,126.0,0.02722989022731781,0.0020426204428076744,0.0020425610709935427,0.9906839728355408,,,,,,,,,,,,,,,
1770644776.162087,5460,2982,,,4060.715837211,,126.0,,,,,0.9927485585212708,0.0017890359740704298,0.0017890142044052482,0.025959884747862816,0.0017890359740704298,,,,,,,,,,
1770644776.1636112,5460,2983,,,4060.71728656,,126.0,,,,,,,,,,0.0018443888984620571,0.0018443888984620571,0.9917310476303101,0.0019152057357132435,0.027317309752106667,,,,,
1770644781.687445,5469,2984,0.0002902734375,0.0002902734375,4066.241422224,,,,,,,,,,,,,,,,,,,,,
1770644781.8616426,5469,2985,0.0002902734375,0.0002902734375,4066.415497608,,,,,,,,,,,,,,,,,,,,,
1770644782.0338178,5469,2986,0.0002902734375,0.0002902734375,4066.588815643,,,,,,,,,,,,,,,,,,,,,
1770644782.2071273,5469,2987,0.0002902734375,0.0002902734375,4066.760970539,,,,,,,,,,,,,,,,,,,,,
1770644782.3558881,5469,2988,,,4066.909742029,0.0022908474784344435,127.0,0.029156122356653214,0.0022908474784344435,0.0022908251266926527,0.9897254109382629,,,,,,,,,,,,,,,
1770644788.5788488,5479,2989,0.0002898828125,0.0002898828125,4073.132840719,,,,,,,,,,,,,,,,,,,,,
1770644788.7513509,5479,2990,0.0002898828125,0.0002898828125,4073.306858256,,,,,,,,,,,,,,,,,,,,,
1770644788.924932,5479,2991,0.0002898828125,0.0002898828125,4073.479826575,,,,,,,,,,,,,,,,,,,,,
1770644789.0968266,5479,2992,0.0002898828125,0.0002898828125,4073.650790741,,,,,,,,,,,,,,,,,,,,,
1770644789.2460196,5479,2993,,,4073.802918346,0.001761757186613977,127.0,0.026334626600146294,0.001761757186613977,0.001761735649779439,0.992805004119873,,,,,,,,,,,,,,,
1770644795.479497,5489,2994,0.0002894921875,0.0002894921875,4080.033466325,,,,,,,,,,,,,,,,,,,,,
1770644795.6516507,5489,2995,0.0002894921875,0.0002894921875,4080.206836228,,,,,,,,,,,,,,,,,,,,,
1770644795.8242397,5489,2996,0.0002894921875,0.0002894921875,4080.379832949,,,,,,,,,,,,,,,,,,,,,
1770644795.9958453,5489,2997,0.0002894921875,0.0002894921875,4080.550816624,,,,,,,,,,,,,,,,,,,,,
1770644796.1446698,5489,2998,,,4080.698482961,0.0016112938756123185,127.0,0.025990817695856094,0.0016112938756123185,0.0016112759476527572,0.9931768774986267,,,,,,,,,,,,,,,
1770644802.3469994,5499,2999,0.0002891015625,0.0002891015625,4086.900919443,,,,,,,,,,,,,,,,,,,,,
1770644802.511303,5499,3000,0.0002891015625,0.0002891015625,4087.065119659,,,,,,,,,,,,,,,,,,,,,
1770644802.6750402,5499,3001,0.0002891015625,0.0002891015625,4087.229874118,,,,,,,,,,,,,,,,,,,,,
1770644802.8390374,5499,3002,0.0002891015625,0.0002891015625,4087.394855778,,,,,,,,,,,,,,,,,,,,,
1770644802.9867675,5499,3003,,,4087.540561417,0.0015690532745793462,127.0,0.025004476308822632,0.0015690532745793462,0.0015690361615270376,0.9934569001197815,,,,,,,,,,,,,,,
1770644807.7632887,5503,3004,,,4092.316997513,,127.0,,,,,0.9927252531051636,0.0017946524312719703,0.0017946376465260983,0.026075705885887146,0.0017946524312719703,,,,,,,,,,
1770644807.7647278,5503,3005,,,4092.318418209,,127.0,,,,,,,,,,0.0018480789149180055,0.0018480789149180055,0.9920299649238586,0.0018443726003170013,0.026709958910942078,,,,,
1770644811.0598233,5509,3006,0.0002887109375,0.0002887109375,4095.615820709,,,,,,,,,,,,,,,,,,,,,
1770644811.2237108,5509,3007,0.0002887109375,0.0002887109375,4095.779822316,,,,,,,,,,,,,,,,,,,,,
1770644811.387873,5509,3008,0.0002887109375,0.0002887109375,4095.943814418,,,,,,,,,,,,,,,,,,,,,
1770644811.5513847,5509,3009,0.0002887109375,0.0002887109375,4096.106820899,,,,,,,,,,,,,,,,,,,,,
1770644811.6984148,5509,3010,,,4096.252124123,0.0014981941785663366,128.0,0.025183822959661484,0.0014981941785663366,0.0014981752028688788,0.9937497973442078,,,,,,,,,,,,,,,
1770644817.605887,5519,3011,0.0002883203125,0.0002883203125,4102.159828188,,,,,,,,,,,,,,,,,,,,,
1770644817.7700276,5519,3012,0.0002883203125,0.0002883203125,4102.325839787,,,,,,,,,,,,,,,,,,,,,
1770644817.9341383,5519,3013,0.0002883203125,0.0002883203125,4102.489815915,,,,,,,,,,,,,,,,,,,,,
1770644818.0979881,5519,3014,0.0002883203125,0.0002883203125,4102.65180822,,,,,,,,,,,,,,,,,,,,,
1770644818.2452416,5519,3015,,,4102.799009107,0.0021571398247033358,128.0,0.028504710644483566,0.0021571398247033358,0.002157119568437338,0.9909859299659729,,,,,,,,,,,,,,,
1770644824.156679,5529,3016,0.0002879296875,0.0002879296875,4108.712879643,,,,,,,,,,,,,,,,,,,,,
1770644824.3206663,5529,3017,0.0002879296875,0.0002879296875,4108.875816558,,,,,,,,,,,,,,,,,,,,,
1770644824.4843616,5529,3018,0.0002879296875,0.0002879296875,4109.039826347,,,,,,,,,,,,,,,,,,,,,
1770644824.6481822,5529,3019,0.0002879296875,0.0002879296875,4109.203816906,,,,,,,,,,,,,,,,,,,,,
1770644824.7957897,5529,3020,,,4109.349524638,0.0017559853149577975,128.0,0.025776952505111694,0.0017559853149577975,0.0017559633124619722,0.9927084445953369,,,,,,,,,,,,,,,
1770644830.7044303,5539,3021,0.0002875390625,0.0002875390625,4115.25838436,,,,,,,,,,,,,,,,,,,,,
1770644830.8685515,5539,3022,0.0002875390625,0.0002875390625,4115.423837108,,,,,,,,,,,,,,,,,,,,,
1770644831.0326085,5539,3023,0.0002875390625,0.0002875390625,4115.587817982,,,,,,,,,,,,,,,,,,,,,
1770644831.1961393,5539,3024,0.0002875390625,0.0002875390625,4115.751819648,,,,,,,,,,,,,,,,,,,,,
1770644831.3431623,5539,3025,,,4115.896875189,0.001622619922272861,128.0,0.024524502456188202,0.001622619922272861,0.0016225989675149322,0.9928125739097595,,,,,,,,,,,,,,,
1770644838.0814965,5546,3026,,,4122.635206717,,128.0,,,,,0.9929530024528503,0.0016966582043096423,0.0016966434195637703,0.024998066946864128,0.0016966582043096423,,,,,,,,,,
1770644839.7282615,5546,3027,,,4124.282141373,,128.0,,,,,,,,,,0.001816835138015449,0.001816835138015449,0.992019772529602,0.0018480608705431223,0.026749707758426666,,,,,
1770644841.0665064,5549,3028,0.0002871484375,0.0002871484375,4125.620423502,,,,,,,,,,,,,,,,,,,,,
1770644841.2302506,5549,3029,0.0002871484375,0.0002871484375,4125.785827826,,,,,,,,,,,,,,,,,,,,,
1770644841.3938725,5549,3030,0.0002871484375,0.0002871484375,4125.9488974,,,,,,,,,,,,,,,,,,,,,
1770644841.5578156,5549,3031,0.0002871484375,0.0002871484375,4126.11236315,,,,,,,,,,,,,,,,,,,,,
1770644841.7053735,5549,3032,,,4126.259066277,0.0013710976345464587,129.0,0.02454270049929619,0.0013710976345464587,0.0013710856437683105,0.9942384362220764,,,,,,,,,,,,,,,
1770644847.6182647,5559,3033,0.0002867578125,0.0002867578125,4132.172219578,,,,,,,,,,,,,,,,,,,,,
1770644847.782813,5559,3034,0.0002867578125,0.0002867578125,4132.336587995,,,,,,,,,,,,,,,,,,,,,
1770644847.9465303,5559,3035,0.0002867578125,0.0002867578125,4132.500304211,,,,,,,,,,,,,,,,,,,,,
1770644848.1105437,5559,3036,0.0002867578125,0.0002867578125,4132.665856497,,,,,,,,,,,,,,,,,,,,,
1770644848.2578073,5559,3037,,,4132.811548354,0.0019365170737728477,129.0,0.02630116418004036,0.0019365170737728477,0.0019365246407687664,0.9922935366630554,,,,,,,,,,,,,,,
1770644854.1690414,5569,3038,0.0002863671875,0.0002863671875,4138.72297604,,,,,,,,,,,,,,,,,,,,,
1770644854.333347,5569,3039,0.0002863671875,0.0002863671875,4138.887883226,,,,,,,,,,,,,,,,,,,,,
1770644854.4976077,5569,3040,0.0002863671875,0.0002863671875,4139.052839927,,,,,,,,,,,,,,,,,,,,,
1770644854.662291,5569,3041,0.0002863671875,0.0002863671875,4139.216037944,,,,,,,,,,,,,,,,,,,,,
1770644854.8096216,5569,3042,,,4139.363349405,0.001660822657868266,129.0,0.02602280117571354,0.001660822657868266,0.0016607953002676368,0.9924272298812866,,,,,,,,,,,,,,,
1770644860.7236338,5579,3043,0.0002859765625,0.0002859765625,4145.277579815,,,,,,,,,,,,,,,,,,,,,
1770644860.8878634,5579,3044,0.0002859765625,0.0002859765625,4145.441667189,,,,,,,,,,,,,,,,,,,,,
1770644861.0515602,5579,3045,0.0002859765625,0.0002859765625,4145.606834406,,,,,,,,,,,,,,,,,,,,,
1770644861.2156441,5579,3046,0.0002859765625,0.0002859765625,4145.770817662,,,,,,,,,,,,,,,,,,,,,
1770644861.3626328,5579,3047,,,4145.916372803,0.0018834971124306321,129.0,0.026474464684724808,0.0018834971124306321,0.0018835082883015275,0.992149293422699,,,,,,,,,,,,,,,
1770644867.2776647,5589,3048,0.0002855859375,0.0002855859375,4151.832854678,,,,,,,,,,,,,,,,,,,,,
1770644867.4416761,5589,3049,0.0002855859375,0.0002855859375,4151.997816766,,,,,,,,,,,,,,,,,,,,,
1770644867.6052196,5589,3050,0.0002855859375,0.0002855859375,4152.160815422,,,,,,,,,,,,,,,,,,,,,
1770644867.7578344,5589,3051,0.0002855859375,0.0002855859375,4152.314814548,,,,,,,,,,,,,,,,,,,,,
1770644867.816663,5589,3052,,,4152.37038025,0.0019807324279099703,129.0,0.027326231822371483,0.0019807324279099703,0.001980733824893832,0.9919240474700928,,,,,,,,,,,,,,,
1770644870.0708637,5589,3053,,,4154.624611405,,129.0,,,,,0.9930062890052795,0.0018457602709531784,0.001845737686380744,0.02678717114031315,0.0018457602709531784,,,,,,,,,,
1770644870.0723445,5589,3054,,,4154.626043018,,129.0,,,,,,,,,,0.0018197610042989254,0.0018197610042989254,0.9921575784683228,0.0018168205861002207,0.026511618867516518,,,,,
1770644875.9861338,5599,3055,0.0002851953125,0.0002851953125,4160.540083668,,,,,,,,,,,,,,,,,,,,,
1770644876.1505148,5599,3056,0.0002851953125,0.0002851953125,4160.704308838,,,,,,,,,,,,,,,,,,,,,
1770644876.3144796,5599,3057,0.0002851953125,0.0002851953125,4160.869837618,,,,,,,,,,,,,,,,,,,,,
1770644876.4784286,5599,3058,0.0002851953125,0.0002851953125,4161.033817409,,,,,,,,,,,,,,,,,,,,,
1770644876.6256056,5599,3059,,,4161.1793469,0.001890838728286326,130.0,0.02639307640492916,0.001890838728286326,0.0018908113706856966,0.9916715621948242,,,,,,,,,,,,,,,
1770644882.536192,5609,3060,0.0002848046875,0.0002848046875,4167.090136724,,,,,,,,,,,,,,,,,,,,,
1770644882.7001145,5609,3061,0.0002848046875,0.0002848046875,4167.253892327,,,,,,,,,,,,,,,,,,,,,
1770644882.8643978,5609,3062,0.0002848046875,0.0002848046875,4167.419854919,,,,,,,,,,,,,,,,,,,,,
1770644883.028686,5609,3063,0.0002848046875,0.0002848046875,4167.584819851,,,,,,,,,,,,,,,,,,,,,
1770644883.176155,5609,3064,,,4167.729896852,0.0018559222808107734,130.0,0.027024123817682266,0.0018559222808107734,0.0018558595329523087,0.9916342496871948,,,,,,,,,,,,,,,
1770644889.0873227,5619,3065,0.0002844140625,0.0002844140625,4173.641276171,,,,,,,,,,,,,,,,,,,,,
1770644889.2509189,5619,3066,0.0002844140625,0.0002844140625,4173.80471615,,,,,,,,,,,,,,,,,,,,,
1770644889.4150891,5619,3067,0.0002844140625,0.0002844140625,4173.968867899,,,,,,,,,,,,,,,,,,,,,
1770644889.5793464,5619,3068,0.0002844140625,0.0002844140625,4174.133116163,,,,,,,,,,,,,,,,,,,,,
1770644889.7270927,5619,3069,,,4174.280862667,0.0015373543137684464,130.0,0.024815820157527924,0.0015373543137684464,0.0015373040223494172,0.9940999746322632,,,,,,,,,,,,,,,
1770644895.634928,5629,3070,0.0002840234375,0.0002840234375,4180.190867028,,,,,,,,,,,,,,,,,,,,,
1770644895.7980142,5629,3071,0.0002840234375,0.0002840234375,4180.35381661,,,,,,,,,,,,,,,,,,,,,
1770644895.961902,5629,3072,0.0002840234375,0.0002840234375,4180.517817592,,,,,,,,,,,,,,,,,,,,,
1770644896.125549,5629,3073,0.0002840234375,0.0002840234375,4180.680814494,,,,,,,,,,,,,,,,,,,,,
1770644896.2729878,5629,3074,,,4180.826696074,0.0015469242352992296,130.0,0.024710945785045624,0.0015469242352992296,0.00154691853094846,0.9937804937362671,,,,,,,,,,,,,,,
1770644900.3959606,5632,3075,,,4184.949687702,,130.0,,,,,0.9930217862129211,0.0018403547583147883,0.0018403386930003762,0.026840247213840485,0.0018403547583147883,,,,,,,,,,
1770644900.3974154,5632,3076,,,4184.95109619,,130.0,,,,,,,,,,0.0018092254176735878,0.0018092254176735878,0.9921390414237976,0.0018197456374764442,0.02656150795519352,,,,,
1770644904.343125,5639,3077,0.00028363281250000003,0.00028363281250000003,4188.897083672,,,,,,,,,,,,,,,,,,,,,
1770644904.507068,5639,3078,0.00028363281250000003,0.00028363281250000003,4189.062829908,,,,,,,,,,,,,,,,,,,,,
1770644904.6707828,5639,3079,0.00028363281250000003,0.00028363281250000003,4189.226820063,,,,,,,,,,,,,,,,,,,,,
1770644904.834228,5639,3080,0.00028363281250000003,0.00028363281250000003,4189.389819108,,,,,,,,,,,,,,,,,,,,,
1770644904.9813921,5639,3081,,,4189.535101898,0.002371690236032009,131.0,0.03022625483572483,0.002371690236032009,0.0023716564755886793,0.9892945289611816,,,,,,,,,,,,,,,
1770644910.891202,5649,3082,0.0002832421875,0.0002832421875,4195.445141639,,,,,,,,,,,,,,,,,,,,,
1770644911.0555084,5649,3083,0.0002832421875,0.0002832421875,4195.609308159,,,,,,,,,,,,,,,,,,,,,
1770644911.219653,5649,3084,0.0002832421875,0.0002832421875,4195.774840683,,,,,,,,,,,,,,,,,,,,,
1770644911.38348,5649,3085,0.0002832421875,0.0002832421875,4195.938819141,,,,,,,,,,,,,,,,,,,,,
1770644911.530498,5649,3086,,,4196.08423516,0.002229164121672511,131.0,0.028862640261650085,0.002229164121672511,0.0022291457280516624,0.9906491041183472,,,,,,,,,,,,,,,
1770644917.439292,5659,3087,0.0002828515625,0.0002828515625,4201.99319648,,,,,,,,,,,,,,,,,,,,,
1770644917.6037674,5659,3088,0.0002828515625,0.0002828515625,4202.159849188,,,,,,,,,,,,,,,,,,,,,
1770644917.7679749,5659,3089,0.0002828515625,0.0002828515625,4202.323817169,,,,,,,,,,,,,,,,,,,,,
1770644917.931434,5659,3090,0.0002828515625,0.0002828515625,4202.486814842,,,,,,,,,,,,,,,,,,,,,
1770644918.0789454,5659,3091,,,4202.632682981,0.001891623716801405,131.0,0.02751130796968937,0.001891623716801405,0.0018915734253823757,0.9918128252029419,,,,,,,,,,,,,,,
1770644923.9930499,5669,3092,0.0002824609375,0.0002824609375,4208.54698497,,,,,,,,,,,,,,,,,,,,,
1770644924.1572573,5669,3093,0.0002824609375,0.0002824609375,4208.711876359,,,,,,,,,,,,,,,,,,,,,
1770644924.321194,5669,3094,0.0002824609375,0.0002824609375,4208.875867966,,,,,,,,,,,,,,,,,,,,,
1770644924.4854984,5669,3095,0.0002824609375,0.0002824609375,4209.040847077,,,,,,,,,,,,,,,,,,,,,
1770644924.6328204,5669,3096,,,4209.186565531,0.0022662156261503696,131.0,0.02833685092628002,0.0022662156261503696,0.002266214694827795,0.9903345108032227,,,,,,,,,,,,,,,
1770644930.875906,5675,3097,,,4215.429829604,,131.0,,,,,0.9931134581565857,0.0017860288498923182,0.0017860123189166188,0.02618892304599285,0.0017860288498923182,,,,,,,,,,
1770644930.8774357,5675,3098,,,4215.431118592,,131.0,,,,,,,,,,0.0018324395641684532,0.0018324395641684532,0.9921860694885254,0.001809207838959992,0.02645890787243843,,,,,
1770644932.9071796,5679,3099,0.0002820703125,0.0002820703125,4217.461118165,,,,,,,,,,,,,,,,,,,,,
1770644933.082668,5679,3100,0.0002820703125,0.0002820703125,4217.636592385,,,,,,,,,,,,,,,,,,,,,
1770644933.2500706,5679,3101,0.0002820703125,0.0002820703125,4217.803919256,,,,,,,,,,,,,,,,,,,,,
1770644933.42565,5679,3102,0.0002820703125,0.0002820703125,4217.979836662,,,,,,,,,,,,,,,,,,,,,
1770644933.573875,5679,3103,,,4218.127738598,0.0015290750889107585,132.0,0.024942895397543907,0.0015290750889107585,0.0015290563460439444,0.993800938129425,,,,,,,,,,,,,,,
1770644939.646192,5689,3104,0.00028167968750000003,0.00028167968750000003,4224.200143266,,,,,,,,,,,,,,,,,,,,,
1770644939.817323,5689,3105,0.00028167968750000003,0.00028167968750000003,4224.372836114,,,,,,,,,,,,,,,,,,,,,
1770644939.9822087,5689,3106,0.00028167968750000003,0.00028167968750000003,4224.53781242,,,,,,,,,,,,,,,,,,,,,
1770644940.149054,5689,3107,0.00028167968750000003,0.00028167968750000003,4224.7048198,,,,,,,,,,,,,,,,,,,,,
1770644940.2970412,5689,3108,,,4224.850756281,0.0020279050804674625,132.0,0.028159698471426964,0.0020279050804674625,0.0020278743468225002,0.9915356040000916,,,,,,,,,,,,,,,
1770644946.3782594,5699,3109,0.0002812890625,0.0002812890625,4230.933840054,,,,,,,,,,,,,,,,,,,,,
1770644946.5491004,5699,3110,0.0002812890625,0.0002812890625,4231.10482276,,,,,,,,,,,,,,,,,,,,,
1770644946.7135136,5699,3111,0.0002812890625,0.0002812890625,4231.268818122,,,,,,,,,,,,,,,,,,,,,
1770644946.8811166,5699,3112,0.0002812890625,0.0002812890625,4231.436816932,,,,,,,,,,,,,,,,,,,,,
1770644947.0298667,5699,3113,,,4231.583706956,0.0015513786347582936,132.0,0.026293104514479637,0.0015513786347582936,0.0015513425460085273,0.9933961033821106,,,,,,,,,,,,,,,
1770644953.107656,5709,3114,0.0002808984375,0.0002808984375,4237.661603099,,,,,,,,,,,,,,,,,,,,,
1770644953.2719865,5709,3115,0.0002808984375,0.0002808984375,4237.82782665,,,,,,,,,,,,,,,,,,,,,
1770644953.440217,5709,3116,0.0002808984375,0.0002808984375,4237.994118984,,,,,,,,,,,,,,,,,,,,,
1770644953.6121433,5709,3117,0.0002808984375,0.0002808984375,4238.167840408,,,,,,,,,,,,,,,,,,,,,
1770644953.7601237,5709,3118,,,4238.313893694,0.0017636476550251245,132.0,0.02687116153538227,0.0017636476550251245,0.0017636212287470698,0.9924314618110657,,,,,,,,,,,,,,,
1770644962.0297964,5718,3119,,,4246.583564626,,132.0,,,,,0.9928811192512512,0.0018310070736333728,0.0018309897277504206,0.026471849530935287,0.0018310070736333728,,,,,,,,,,
1770644962.0313017,5718,3120,,,4246.584985112,,132.0,,,,,,,,,,0.0018113722326233983,0.0018113722326233983,0.9920855164527893,0.001832424197345972,0.026657553389668465,,,,,
1770644962.051338,5719,3121,0.0002805078125,0.0002805078125,4246.605231031,,,,,,,,,,,,,,,,,,,,,
1770644962.2192004,5719,3122,0.0002805078125,0.0002805078125,4246.773172765,,,,,,,,,,,,,,,,,,,,,
1770644962.390639,5719,3123,0.0002805078125,0.0002805078125,4246.944528942,,,,,,,,,,,,,,,,,,,,,
1770644962.5555873,5719,3124,0.0002805078125,0.0002805078125,4247.109374972,,,,,,,,,,,,,,,,,,,,,
1770644962.7037609,5719,3125,,,4247.25757196,0.0018063585739582777,133.0,0.026947323232889175,0.0018063585739582777,0.0018063492607325315,0.9925652742385864,,,,,,,,,,,,,,,
1770644968.6755276,5729,3126,0.0002801171875,0.0002801171875,4253.229484656,,,,,,,,,,,,,,,,,,,,,
1770644968.8395674,5729,3127,0.0002801171875,0.0002801171875,4253.393358184,,,,,,,,,,,,,,,,,,,,,
1770644969.0035088,5729,3128,0.0002801171875,0.0002801171875,4253.558862903,,,,,,,,,,,,,,,,,,,,,
1770644969.166946,5729,3129,0.0002801171875,0.0002801171875,4253.720762993,,,,,,,,,,,,,,,,,,,,,
1770644969.3146274,5729,3130,,,4253.868386339,0.001738061779178679,133.0,0.02606239728629589,0.001738061779178679,0.0017380743520334363,0.9922628402709961,,,,,,,,,,,,,,,
1770644975.285445,5739,3131,0.00027972656250000003,0.00027972656250000003,4259.84085456,,,,,,,,,,,,,,,,,,,,,
1770644975.4567082,5739,3132,0.00027972656250000003,0.00027972656250000003,4260.010950573,,,,,,,,,,,,,,,,,,,,,
1770644975.621781,5739,3133,0.00027972656250000003,0.00027972656250000003,4260.177826273,,,,,,,,,,,,,,,,,,,,,
1770644975.7927532,5739,3134,0.00027972656250000003,0.00027972656250000003,4260.34782531,,,,,,,,,,,,,,,,,,,,,
1770644975.9409182,5739,3135,,,4260.494675543,0.0017149881459772587,133.0,0.02636086195707321,0.0017149881459772587,0.0017149572959169745,0.9923928380012512,,,,,,,,,,,,,,,
1770644981.9972456,5749,3136,0.0002793359375,0.0002793359375,4266.552856439,,,,,,,,,,,,,,,,,,,,,
1770644982.171345,5749,3137,0.0002793359375,0.0002793359375,4266.725818079,,,,,,,,,,,,,,,,,,,,,
1770644982.336913,5749,3138,0.0002793359375,0.0002793359375,4266.892816204,,,,,,,,,,,,,,,,,,,,,
1770644982.5044208,5749,3139,0.0002793359375,0.0002793359375,4267.059814619,,,,,,,,,,,,,,,,,,,,,
1770644982.6523132,5749,3140,,,4267.206106452,0.0017428488936275244,133.0,0.025462741032242775,0.0017428488936275244,0.001742816180922091,0.9929438829421997,,,,,,,,,,,,,,,
1770644988.562537,5759,3141,0.0002789453125,0.0002789453125,4273.117840421,,,,,,,,,,,,,,,,,,,,,
1770644988.7257779,5759,3142,0.0002789453125,0.0002789453125,4273.281817463,,,,,,,,,,,,,,,,,,,,,
1770644988.8896286,5759,3143,0.0002789453125,0.0002789453125,4273.444814552,,,,,,,,,,,,,,,,,,,,,
1770644989.0536554,5759,3144,0.0002789453125,0.0002789453125,4273.607515445,,,,,,,,,,,,,,,,,,,,,
1770644989.2010756,5759,3145,,,4273.754838509,0.0015981725882738829,133.0,0.02533823251724243,0.0015981725882738829,0.00159813545178622,0.9934049844741821,,,,,,,,,,,,,,,
1770644992.662988,5761,3146,,,4277.216813299,,133.0,,,,,0.9930762648582458,0.0017723995260894299,0.0017723854398354888,0.025867516174912453,0.0017723995260894299,,,,,,,,,,
1770644992.664525,5761,3147,,,4277.218211081,,133.0,,,,,,,,,,0.0018008635379374027,0.0018008635379374027,0.992178738117218,0.001811358262784779,0.026561029255390167,,,,,
1770644997.296854,5769,3148,0.0002785546875,0.0002785546875,4281.850816987,,,,,,,,,,,,,,,,,,,,,
1770644997.460915,5769,3149,0.0002785546875,0.0002785546875,4282.014689922,,,,,,,,,,,,,,,,,,,,,
1770644997.624951,5769,3150,0.0002785546875,0.0002785546875,4282.178725622,,,,,,,,,,,,,,,,,,,,,
1770644997.789172,5769,3151,0.0002785546875,0.0002785546875,4282.344839196,,,,,,,,,,,,,,,,,,,,,
1770644997.9368162,5769,3152,,,4282.490555584,0.0018275354523211718,134.0,0.027044543996453285,0.0018275354523211718,0.0018275388283655047,0.99229896068573,,,,,,,,,,,,,,,
1770645003.8456504,5779,3153,0.0002781640625,0.0002781640625,4288.399590312,,,,,,,,,,,,,,,,,,,,,
1770645004.00961,5779,3154,0.0002781640625,0.0002781640625,4288.564846726,,,,,,,,,,,,,,,,,,,,,
1770645004.1730313,5779,3155,0.0002781640625,0.0002781640625,4288.72881856,,,,,,,,,,,,,,,,,,,,,
1770645004.3368568,5779,3156,0.0002781640625,0.0002781640625,4288.892827089,,,,,,,,,,,,,,,,,,,,,
1770645004.4840033,5779,3157,,,4289.037740138,0.001461153500713408,134.0,0.023857183754444122,0.001461153500713408,0.0014611423248425126,0.9937665462493896,,,,,,,,,,,,,,,
1770645010.449142,5789,3158,0.0002777734375,0.0002777734375,4295.003092107,,,,,,,,,,,,,,,,,,,,,
1770645010.612893,5789,3159,0.0002777734375,0.0002777734375,4295.16882685,,,,,,,,,,,,,,,,,,,,,
1770645010.7770216,5789,3160,0.0002777734375,0.0002777734375,4295.332815008,,,,,,,,,,,,,,,,,,,,,
1770645010.941068,5789,3161,0.0002777734375,0.0002777734375,4295.496823857,,,,,,,,,,,,,,,,,,,,,
1770645011.0881364,5789,3162,,,4295.641875525,0.002682544058188796,134.0,0.031084144487977028,0.002682544058188796,0.002682553371414542,0.9885432720184326,,,,,,,,,,,,,,,
1770645017.0237067,5799,3163,0.0002773828125,0.0002773828125,4301.579870934,,,,,,,,,,,,,,,,,,,,,
1770645017.187478,5799,3164,0.0002773828125,0.0002773828125,4301.742819178,,,,,,,,,,,,,,,,,,,,,
1770645017.350889,5799,3165,0.0002773828125,0.0002773828125,4301.906817391,,,,,,,,,,,,,,,,,,,,,
1770645017.5142028,5799,3166,0.0002773828125,0.0002773828125,4302.069815159,,,,,,,,,,,,,,,,,,,,,
1770645017.6617234,5799,3167,,,4302.215432407,0.002386844251304865,134.0,0.029631564393639565,0.002386844251304865,0.002386811189353466,0.9892617464065552,,,,,,,,,,,,,,,
1770645023.0910103,5804,3168,,,4307.644882796,,134.0,,,,,0.9930343627929688,0.0016870212275534868,0.0016870067920535803,0.026328194886446,0.0016870212275534868,,,,,,,,,,
1770645024.6571352,5804,3169,,,4309.211043664,,134.0,,,,,,,,,,0.0017833274323493242,0.0017833274323493242,0.992215633392334,0.0018008421175181866,0.026421168819069862,,,,,
1770645027.3051252,5809,3170,0.0002769921875,0.0002769921875,4311.860823233,,,,,,,,,,,,,,,,,,,,,
1770645027.4690158,5809,3171,0.0002769921875,0.0002769921875,4312.024815887,,,,,,,,,,,,,,,,,,,,,
1770645027.632561,5809,3172,0.0002769921875,0.0002769921875,4312.187814396,,,,,,,,,,,,,,,,,,,,,
1770645027.796529,5809,3173,0.0002769921875,0.0002769921875,4312.351814351,,,,,,,,,,,,,,,,,,,,,
1770645027.943358,5809,3174,,,4312.497097967,0.0015080957673490047,135.0,0.025283779948949814,0.0015080957673490047,0.001508062705397606,0.9943293929100037,,,,,,,,,,,,,,,
1770645033.8911896,5819,3175,0.0002766015625,0.0002766015625,4318.446826791,,,,,,,,,,,,,,,,,,,,,
1770645034.0618126,5819,3176,0.0002766015625,0.0002766015625,4318.616814648,,,,,,,,,,,,,,,,,,,,,
1770645034.2263772,5819,3177,0.0002766015625,0.0002766015625,4318.781814506,,,,,,,,,,,,,,,,,,,,,
1770645034.397309,5819,3178,0.0002766015625,0.0002766015625,4318.952813973,,,,,,,,,,,,,,,,,,,,,
1770645034.545468,5819,3179,,,4319.099227488,0.0017358517507091165,135.0,0.025762436911463737,0.0017358517507091165,0.0017358210170641541,0.9922078251838684,,,,,,,,,,,,,,,
1770645040.8579965,5829,3180,0.0002762109375,0.0002762109375,4325.411922801,,,,,,,,,,,,,,,,,,,,,
1770645041.0224795,5829,3181,0.0002762109375,0.0002762109375,4325.577860528,,,,,,,,,,,,,,,,,,,,,
1770645041.186407,5829,3182,0.0002762109375,0.0002762109375,4325.741840963,,,,,,,,,,,,,,,,,,,,,
1770645041.350319,5829,3183,0.0002762109375,0.0002762109375,4325.905841379,,,,,,,,,,,,,,,,,,,,,
1770645041.4975193,5829,3184,,,4326.051400959,0.001893832115456462,135.0,0.02702050469815731,0.001893832115456462,0.0018938110442832112,0.9917829632759094,,,,,,,,,,,,,,,
1770645047.4110355,5839,3185,0.0002758203125,0.0002758203125,4331.964968917,,,,,,,,,,,,,,,,,,,,,
1770645047.5748565,5839,3186,0.0002758203125,0.0002758203125,4332.12866941,,,,,,,,,,,,,,,,,,,,,
1770645047.7390041,5839,3187,0.0002758203125,0.0002758203125,4332.294856493,,,,,,,,,,,,,,,,,,,,,
1770645047.9024856,5839,3188,0.0002758203125,0.0002758203125,4332.457843914,,,,,,,,,,,,,,,,,,,,,
1770645048.0494378,5839,3189,,,4332.603195892,0.0014026353601366282,135.0,0.024394165724515915,0.0014026353601366282,0.0014026305871084332,0.9941045641899109,,,,,,,,,,,,,,,
1770645055.4517505,5847,3190,,,4340.005505631,,135.0,,,,,0.9930358529090881,0.0017425623955205083,0.0017425465630367398,0.026061581447720528,0.0017425623955205083,,,,,,,,,,
1770645055.4531558,5847,3191,,,4340.006828931,,135.0,,,,,,,,,,0.0018236027099192142,0.0018236027099192142,0.99229496717453,0.00178330868948251,0.026256702840328217,,,,,
1770645056.128677,5849,3192,0.0002754296875,0.0002754296875,4340.682570246,,,,,,,,,,,,,,,,,,,,,
1770645056.2930105,5849,3193,0.0002754296875,0.0002754296875,4340.848850628,,,,,,,,,,,,,,,,,,,,,
1770645056.457273,5849,3194,0.0002754296875,0.0002754296875,4341.012835339,,,,,,,,,,,,,,,,,,,,,
1770645056.6216655,5849,3195,0.0002754296875,0.0002754296875,4341.176837035,,,,,,,,,,,,,,,,,,,,,
1770645056.7687156,5849,3196,,,4341.322561302,0.0017084541032090783,136.0,0.02561056800186634,0.0017084541032090783,0.0017084243008866906,0.9927738308906555,,,,,,,,,,,,,,,
1770645062.6835032,5859,3197,0.0002750390625,0.0002750390625,4347.238884119,,,,,,,,,,,,,,,,,,,,,
1770645062.8481045,5859,3198,0.0002750390625,0.0002750390625,4347.403855984,,,,,,,,,,,,,,,,,,,,,
1770645063.0120335,5859,3199,0.0002750390625,0.0002750390625,4347.567840654,,,,,,,,,,,,,,,,,,,,,
1770645063.1758645,5859,3200,0.0002750390625,0.0002750390625,4347.731839055,,,,,,,,,,,,,,,,,,,,,
1770645063.3228202,5859,3201,,,4347.876655417,0.001805362175218761,136.0,0.02558843232691288,0.001805362175218761,0.0018053468083962798,0.9921002388000488,,,,,,,,,,,,,,,
1770645069.2396183,5869,3202,0.0002746484375,0.0002746484375,4353.793470574,,,,,,,,,,,,,,,,,,,,,
1770645069.4038837,5869,3203,0.0002746484375,0.0002746484375,4353.957685971,,,,,,,,,,,,,,,,,,,,,
1770645069.567974,5869,3204,0.0002746484375,0.0002746484375,4354.123857469,,,,,,,,,,,,,,,,,,,,,
1770645069.732226,5869,3205,0.0002746484375,0.0002746484375,4354.287839005,,,,,,,,,,,,,,,,,,,,,
1770645069.878854,5869,3206,,,4354.432698081,0.0012600439367815852,136.0,0.023102806881070137,0.0012600439367815852,0.001260025892406702,0.9944666624069214,,,,,,,,,,,,,,,
1770645075.796706,5879,3207,0.0002742578125,0.0002742578125,4360.350628615,,,,,,,,,,,,,,,,,,,,,
1770645075.9610353,5879,3208,0.0002742578125,0.0002742578125,4360.516861224,,,,,,,,,,,,,,,,,,,,,
1770645076.125438,5879,3209,0.0002742578125,0.0002742578125,4360.680836911,,,,,,,,,,,,,,,,,,,,,
1770645076.289175,5879,3210,0.0002742578125,0.0002742578125,4360.844838416,,,,,,,,,,,,,,,,,,,,,
1770645076.4363282,5879,3211,,,4360.990130232,0.002061170060187578,136.0,0.02871708758175373,0.002061170060187578,0.0020611551590263844,0.9908460974693298,,,,,,,,,,,,,,,
1770645082.3536682,5889,3212,0.0002738671875,0.0002738671875,4366.907588217,,,,,,,,,,,,,,,,,,,,,
1770645082.5177705,5889,3213,0.0002738671875,0.0002738671875,4367.07159567,,,,,,,,,,,,,,,,,,,,,
1770645082.6822367,5889,3214,0.0002738671875,0.0002738671875,4367.237853458,,,,,,,,,,,,,,,,,,,,,
1770645082.8462749,5889,3215,0.0002738671875,0.0002738671875,4367.401843595,,,,,,,,,,,,,,,,,,,,,
1770645082.9933271,5889,3216,,,4367.547177134,0.0016389340162277222,136.0,0.026590734720230103,0.0016389340162277222,0.0016389221418648958,0.9934771656990051,,,,,,,,,,,,,,,
1770645085.807138,5890,3217,,,4370.360923677,,136.0,,,,,0.9931553602218628,0.0017350984271615744,0.0017350834095850587,0.02573384903371334,0.0017350984271615744,,,,,,,,,,
1770645085.8085976,5890,3218,,,4370.362270081,,136.0,,,,,,,,,,0.0018297265050932765,0.0018297265050932765,0.9921217560768127,0.001823584781959653,0.026663189753890038,,,,,
1770645091.0666459,5899,3219,0.0002734765625,0.0002734765625,4375.620574481,,,,,,,,,,,,,,,,,,,,,
1770645091.2308762,5899,3220,0.0002734765625,0.0002734765625,4375.786866188,,,,,,,,,,,,,,,,,,,,,
1770645091.3954191,5899,3221,0.0002734765625,0.0002734765625,4375.949179735,,,,,,,,,,,,,,,,,,,,,
1770645091.5594807,5899,3222,0.0002734765625,0.0002734765625,4376.114883309,,,,,,,,,,,,,,,,,,,,,
1770645091.7065034,5899,3223,,,4376.260319101,0.001720505184493959,137.0,0.02673708274960518,0.001720505184493959,0.0017205022741109133,0.9928825497627258,,,,,,,,,,,,,,,
1770645097.6275752,5909,3224,0.0002730859375,0.0002730859375,4382.181534001,,,,,,,,,,,,,,,,,,,,,
1770645097.792863,5909,3225,0.0002730859375,0.0002730859375,4382.346709841,,,,,,,,,,,,,,,,,,,,,
1770645097.957596,5909,3226,0.0002730859375,0.0002730859375,4382.512875188,,,,,,,,,,,,,,,,,,,,,
1770645098.1215572,5909,3227,0.0002730859375,0.0002730859375,4382.676844874,,,,,,,,,,,,,,,,,,,,,
1770645098.2685409,5909,3228,,,4382.822397362,0.002071268390864134,137.0,0.027543803676962852,0.002071268390864134,0.002071213210001588,0.9913855791091919,,,,,,,,,,,,,,,
1770645104.184745,5919,3229,0.0002726953125,0.0002726953125,4388.740879744,,,,,,,,,,,,,,,,,,,,,
1770645104.349054,5919,3230,0.0002726953125,0.0002726953125,4388.904848969,,,,,,,,,,,,,,,,,,,,,
1770645104.513289,5919,3231,0.0002726953125,0.0002726953125,4389.068853227,,,,,,,,,,,,,,,,,,,,,
1770645104.6771762,5919,3232,0.0002726953125,0.0002726953125,4389.232836965,,,,,,,,,,,,,,,,,,,,,
1770645104.8243258,5919,3233,,,4389.378107028,0.0015585056971758604,137.0,0.024009620770812035,0.0015585056971758604,0.0015584853244945407,0.9934638738632202,,,,,,,,,,,,,,,
1770645110.8335974,5929,3234,0.0002723046875,0.0002723046875,4395.388824488,,,,,,,,,,,,,,,,,,,,,
1770645110.9976172,5929,3235,0.0002723046875,0.0002723046875,4395.552815816,,,,,,,,,,,,,,,,,,,,,
1770645111.1616662,5929,3236,0.0002723046875,0.0002723046875,4395.716815417,,,,,,,,,,,,,,,,,,,,,
1770645111.3252566,5929,3237,0.0002723046875,0.0002723046875,4395.88082257,,,,,,,,,,,,,,,,,,,,,
1770645111.4728463,5929,3238,,,4396.026587376,0.0014810257125645876,137.0,0.024911660701036453,0.0014810257125645876,0.0014809962594881654,0.9938516616821289,,,,,,,,,,,,,,,
1770645116.2451088,5933,3239,,,4400.798976476,,137.0,,,,,0.993163526058197,0.0017512158956378698,0.0017511950572952628,0.026191020384430885,0.0017512158956378698,,,,,,,,,,
1770645116.2466416,5933,3240,,,4400.800342039,,137.0,,,,,,,,,,0.0017884622793644667,0.0017884622793644667,0.9921041131019592,0.0018297090427950025,0.02659427374601364,,,,,
1770645119.5389829,5939,3241,0.0002719140625,0.0002719140625,4404.094837436,,,,,,,,,,,,,,,,,,,,,
1770645119.7025878,5939,3242,0.0002719140625,0.0002719140625,4404.25781513,,,,,,,,,,,,,,,,,,,,,
1770645119.8663118,5939,3243,0.0002719140625,0.0002719140625,4404.421828602,,,,,,,,,,,,,,,,,,,,,
1770645120.0301173,5939,3244,0.0002719140625,0.0002719140625,4404.585814311,,,,,,,,,,,,,,,,,,,,,
1770645120.1772346,5939,3245,,,4404.730970903,0.002088104374706745,138.0,0.028165319934487343,0.002088104374706745,0.0020880792289972305,0.9910564422607422,,,,,,,,,,,,,,,
1770645126.111572,5949,3246,0.0002715234375,0.0002715234375,4410.666822235,,,,,,,,,,,,,,,,,,,,,
1770645126.2749238,5949,3247,0.0002715234375,0.0002715234375,4410.830828115,,,,,,,,,,,,,,,,,,,,,
1770645126.4387462,5949,3248,0.0002715234375,0.0002715234375,4410.994815958,,,,,,,,,,,,,,,,,,,,,
1770645126.6023936,5949,3249,0.0002715234375,0.0002715234375,4411.15781944,,,,,,,,,,,,,,,,,,,,,
1770645126.7498164,5949,3250,,,4411.303550285,0.0014050455065444112,138.0,0.024809250608086586,0.0014050455065444112,0.0014050208264961839,0.9946224093437195,,,,,,,,,,,,,,,
1770645132.658718,5959,3251,0.0002711328125,0.0002711328125,4417.212664921,,,,,,,,,,,,,,,,,,,,,
1770645132.8334172,5959,3252,0.0002711328125,0.0002711328125,4417.387329906,,,,,,,,,,,,,,,,,,,,,
1770645133.0024061,5959,3253,0.0002711328125,0.0002711328125,4417.556915283,,,,,,,,,,,,,,,,,,,,,
1770645133.1738539,5959,3254,0.0002711328125,0.0002711328125,4417.728833008,,,,,,,,,,,,,,,,,,,,,
1770645133.3222644,5959,3255,,,4417.876081314,0.0017028959700837731,138.0,0.026903998106718063,0.0017028959700837731,0.0017028837464749813,0.9932931661605835,,,,,,,,,,,,,,,
1770645139.2398055,5969,3256,0.00027074218750000004,0.00027074218750000004,4423.793748238,,,,,,,,,,,,,,,,,,,,,
1770645139.4036872,5969,3257,0.00027074218750000004,0.00027074218750000004,4423.959826242,,,,,,,,,,,,,,,,,,,,,
1770645139.5678766,5969,3258,0.00027074218750000004,0.00027074218750000004,4424.123819272,,,,,,,,,,,,,,,,,,,,,
1770645139.7319295,5969,3259,0.00027074218750000004,0.00027074218750000004,4424.287819132,,,,,,,,,,,,,,,,,,,,,
1770645139.879055,5969,3260,,,4424.432791536,0.0016902865609154105,138.0,0.026035526767373085,0.0016902865609154105,0.0016902898205444217,0.9931507110595703,,,,,,,,,,,,,,,
1770645146.6218188,5976,3261,,,4431.175551608,,138.0,,,,,0.9930295944213867,0.0017717017326503992,0.0017716820584610105,0.025920946151018143,0.0017717017326503992,,,,,,,,,,
1770645146.623269,5976,3262,,,4431.176951052,,138.0,,,,,,,,,,0.0017651610542088747,0.0017651610542088747,0.9922720789909363,0.001788445864804089,0.026333840563893318,,,,,
1770645147.993066,5979,3263,0.0002703515625,0.0002703515625,4432.547019764,,,,,,,,,,,,,,,,,,,,,
1770645148.1626081,5979,3264,0.0002703515625,0.0002703515625,4432.717841129,,,,,,,,,,,,,,,,,,,,,
1770645148.3277593,5979,3265,0.0002703515625,0.0002703515625,4432.883819473,,,,,,,,,,,,,,,,,,,,,
1770645148.4913669,5979,3266,0.0002703515625,0.0002703515625,4433.045095668,,,,,,,,,,,,,,,,,,,,,
1770645148.639051,5979,3267,,,4433.192819438,0.0019396136049181223,139.0,0.026746433228254318,0.0019396136049181223,0.0019395984709262848,0.9911069869995117,,,,,,,,,,,,,,,
1770645154.5498376,5989,3268,0.0002699609375,0.0002699609375,4439.103786397,,,,,,,,,,,,,,,,,,,,,
1770645154.713698,5989,3269,0.0002699609375,0.0002699609375,4439.267476551,,,,,,,,,,,,,,,,,,,,,
1770645154.8777044,5989,3270,0.0002699609375,0.0002699609375,4439.433854866,,,,,,,,,,,,,,,,,,,,,
1770645155.041524,5989,3271,0.0002699609375,0.0002699609375,4439.596821272,,,,,,,,,,,,,,,,,,,,,
1770645155.188867,5989,3272,,,4439.742602502,0.0017722778720781207,139.0,0.025819817557930946,0.0017722778720781207,0.0017722821794450283,0.9925132989883423,,,,,,,,,,,,,,,
1770645161.1237092,5999,3273,0.0002695703125,0.0002695703125,4445.679827758,,,,,,,,,,,,,,,,,,,,,
1770645161.2876534,5999,3274,0.0002695703125,0.0002695703125,4445.842815335,,,,,,,,,,,,,,,,,,,,,
1770645161.4516728,5999,3275,0.0002695703125,0.0002695703125,4446.007815639,,,,,,,,,,,,,,,,,,,,,
1770645161.6155431,5999,3276,0.0002695703125,0.0002695703125,4446.170814273,,,,,,,,,,,,,,,,,,,,,
1770645161.7629898,5999,3277,,,4446.316732478,0.001632699160836637,139.0,0.0252535417675972,0.001632699160836637,0.0016326793702319264,0.9934595227241516,,,,,,,,,,,,,,,
1770645167.678742,6009,3278,0.0002691796875,0.0002691796875,4452.234849988,,,,,,,,,,,,,,,,,,,,,
1770645167.8426466,6009,3279,0.0002691796875,0.0002691796875,4452.397817284,,,,,,,,,,,,,,,,,,,,,
1770645168.0067394,6009,3280,0.0002691796875,0.0002691796875,4452.56282585,,,,,,,,,,,,,,,,,,,,,
1770645168.1709151,6009,3281,0.0002691796875,0.0002691796875,4452.726816064,,,,,,,,,,,,,,,,,,,,,
1770645168.3195775,6009,3282,,,4452.873428683,0.0018273374298587441,139.0,0.026974668726325035,0.0018273374298587441,0.001827319385483861,0.9916810393333435,,,,,,,,,,,,,,,
1770645174.2625477,6019,3283,0.00026878906250000004,0.00026878906250000004,4458.8178305,,,,,,,,,,,,,,,,,,,,,
1770645174.426357,6019,3284,0.00026878906250000004,0.00026878906250000004,4458.981814044,,,,,,,,,,,,,,,,,,,,,
1770645174.5898614,6019,3285,0.00026878906250000004,0.00026878906250000004,4459.14581865,,,,,,,,,,,,,,,,,,,,,
1770645174.7428188,6019,3286,0.00026878906250000004,0.00026878906250000004,4459.29694885,,,,,,,,,,,,,,,,,,,,,
1770645174.8025465,6019,3287,,,4459.356275933,0.001661222311668098,139.0,0.024844542145729065,0.001661222311668098,0.0016612375620752573,0.9923422932624817,,,,,,,,,,,,,,,
1770645177.086431,6019,3288,,,4461.640170898,,139.0,,,,,0.9930891394615173,0.0017003825632855296,0.001700364169664681,0.02519146353006363,0.0017003825632855296,,,,,,,,,,
1770645178.6507266,6019,3289,,,4463.204673743,,139.0,,,,,,,,,,0.0017369562992826104,0.0017369562992826104,0.9923810958862305,0.00176514545455575,0.026193808764219284,,,,,
1770645184.5753608,6029,3290,0.0002683984375,0.0002683984375,4469.129306724,,,,,,,,,,,,,,,,,,,,,
1770645184.7397559,6029,3291,0.0002683984375,0.0002683984375,4469.295839701,,,,,,,,,,,,,,,,,,,,,
1770645184.9036777,6029,3292,0.0002683984375,0.0002683984375,4469.45982712,,,,,,,,,,,,,,,,,,,,,
1770645185.067596,6029,3293,0.0002683984375,0.0002683984375,4469.622815398,,,,,,,,,,,,,,,,,,,,,
1770645185.2152512,6029,3294,,,4469.768957158,0.0019372972892597318,140.0,0.02691500633955002,0.0019372972892597318,0.001937265507876873,0.9914384484291077,,,,,,,,,,,,,,,
1770645191.1931996,6039,3295,0.0002680078125,0.0002680078125,4475.748839151,,,,,,,,,,,,,,,,,,,,,
1770645191.3571088,6039,3296,0.0002680078125,0.0002680078125,4475.912814893,,,,,,,,,,,,,,,,,,,,,
1770645191.521177,6039,3297,0.0002680078125,0.0002680078125,4476.076817134,,,,,,,,,,,,,,,,,,,,,
1770645191.6851492,6039,3298,0.0002680078125,0.0002680078125,4476.240814609,,,,,,,,,,,,,,,,,,,,,
1770645191.8325882,6039,3299,,,4476.386296367,0.0017580848652869463,140.0,0.026242582127451897,0.0017580848652869463,0.0017580826533958316,0.9920065999031067,,,,,,,,,,,,,,,
1770645197.744503,6049,3300,0.0002676171875,0.0002676171875,4482.299838424,,,,,,,,,,,,,,,,,,,,,
1770645197.9080873,6049,3301,0.0002676171875,0.0002676171875,4482.463815368,,,,,,,,,,,,,,,,,,,,,
1770645198.0715852,6049,3302,0.0002676171875,0.0002676171875,4482.626818197,,,,,,,,,,,,,,,,,,,,,
1770645198.2353976,6049,3303,0.0002676171875,0.0002676171875,4482.790814088,,,,,,,,,,,,,,,,,,,,,
1770645198.3832145,6049,3304,,,4482.93695028,0.0016188350273296237,140.0,0.025352822616696358,0.0016188350273296237,0.0016188115114346147,0.9929060935974121,,,,,,,,,,,,,,,
1770645204.333087,6059,3305,0.0002672265625,0.0002672265625,4488.887040385,,,,,,,,,,,,,,,,,,,,,
1770645204.4975019,6059,3306,0.0002672265625,0.0002672265625,4489.052830383,,,,,,,,,,,,,,,,,,,,,
1770645204.6614926,6059,3307,0.0002672265625,0.0002672265625,4489.216813395,,,,,,,,,,,,,,,,,,,,,
1770645204.825526,6059,3308,0.0002672265625,0.0002672265625,4489.380817049,,,,,,,,,,,,,,,,,,,,,
1770645204.9732451,6059,3309,,,4489.526949725,0.0016218884848058224,140.0,0.024094831198453903,0.0016218884848058224,0.0016218841774389148,0.993628203868866,,,,,,,,,,,,,,,
1770645209.1314144,6062,3310,,,4493.685152027,,140.0,,,,,0.9932671785354614,0.0016105615068227053,0.0016105446266010404,0.024625563994050026,0.0016105615068227053,,,,,,,,,,
1770645210.714047,6062,3311,,,4495.268002393,,140.0,,,,,,,,,,0.0017161194700747728,0.0017161194700747728,0.9924997091293335,0.0017369405832141638,0.025871537625789642,,,,,
1770645214.6732109,6069,3312,0.00026683593750000004,0.00026683593750000004,4499.227165474,,,,,,,,,,,,,,,,,,,,,
1770645214.8380437,6069,3313,0.00026683593750000004,0.00026683593750000004,4499.39385828,,,,,,,,,,,,,,,,,,,,,
1770645215.001923,6069,3314,0.00026683593750000004,0.00026683593750000004,4499.557819999,,,,,,,,,,,,,,,,,,,,,
1770645215.1658294,6069,3315,0.00026683593750000004,0.00026683593750000004,4499.721818394,,,,,,,,,,,,,,,,,,,,,
1770645215.3130248,6069,3316,,,4499.866759158,0.0017476759385317564,141.0,0.026282500475645065,0.0017476759385317564,0.0017476750072091818,0.9928486943244934,,,,,,,,,,,,,,,
1770645221.2577484,6079,3317,0.00026644531249999997,0.00026644531249999997,4505.811705455,,,,,,,,,,,,,,,,,,,,,
1770645221.4217377,6079,3318,0.00026644531249999997,0.00026644531249999997,4505.977840241,,,,,,,,,,,,,,,,,,,,,
1770645221.5857937,6079,3319,0.00026644531249999997,0.00026644531249999997,4506.141817965,,,,,,,,,,,,,,,,,,,,,
1770645221.7498384,6079,3320,0.00026644531249999997,0.00026644531249999997,4506.305820465,,,,,,,,,,,,,,,,,,,,,
1770645221.8970795,6079,3321,,,4506.450829051,0.001766468514688313,141.0,0.02547024004161358,0.001766468514688313,0.0017664479091763496,0.9927057027816772,,,,,,,,,,,,,,,
1770645227.8398287,6089,3322,0.0002660546875,0.0002660546875,4512.395863551,,,,,,,,,,,,,,,,,,,,,
1770645228.0035124,6089,3323,0.0002660546875,0.0002660546875,4512.558819408,,,,,,,,,,,,,,,,,,,,,
1770645228.1668434,6089,3324,0.0002660546875,0.0002660546875,4512.722818964,,,,,,,,,,,,,,,,,,,,,
1770645228.3310344,6089,3325,0.0002660546875,0.0002660546875,4512.886817228,,,,,,,,,,,,,,,,,,,,,
1770645228.4781687,6089,3326,,,4513.031909719,0.001603391719982028,141.0,0.025247499346733093,0.001603391719982028,0.0016033784486353397,0.9926643967628479,,,,,,,,,,,,,,,
1770645234.3914068,6099,3327,0.0002656640625,0.0002656640625,4518.945349591,,,,,,,,,,,,,,,,,,,,,
1770645234.5556228,6099,3328,0.0002656640625,0.0002656640625,4519.109414094,,,,,,,,,,,,,,,,,,,,,
1770645234.7198293,6099,3329,0.0002656640625,0.0002656640625,4519.275829091,,,,,,,,,,,,,,,,,,,,,
1770645234.883484,6099,3330,0.0002656640625,0.0002656640625,4519.438819871,,,,,,,,,,,,,,,,,,,,,
1770645235.0308108,6099,3331,,,4519.584547146,0.0016003312775865197,141.0,0.025012517347931862,0.0016003312775865197,0.0016003235941752791,0.99350905418396,,,,,,,,,,,,,,,
1770645241.116862,6105,3332,,,4525.67060453,,141.0,,,,,0.9932247400283813,0.0016362674068659544,0.0016362551832571626,0.02458992414176464,0.0016362674068659544,,,,,,,,,,
1770645242.6801631,6105,3333,,,4527.23414945,,141.0,,,,,,,,,,0.0017331151757389307,0.0017331151757389307,0.9925903677940369,0.0017161001451313496,0.025682011619210243,,,,,
1770645244.674558,6109,3334,0.0002652734375,0.0002652734375,4529.22850035,,,,,,,,,,,,,,,,,,,,,
1770645244.8383281,6109,3335,0.0002652734375,0.0002652734375,4529.393829464,,,,,,,,,,,,,,,,,,,,,
1770645245.0020998,6109,3336,0.0002652734375,0.0002652734375,4529.557823602,,,,,,,,,,,,,,,,,,,,,
1770645245.1659005,6109,3337,0.0002652734375,0.0002652734375,4529.721815926,,,,,,,,,,,,,,,,,,,,,
1770645245.313428,6109,3338,,,4529.867162419,0.0014575745444744825,142.0,0.025644998997449875,0.0014575745444744825,0.0014575611567124724,0.9943209886550903,,,,,,,,,,,,,,,
1770645251.223846,6119,3339,0.00026488281250000004,0.00026488281250000004,4535.777814505,,,,,,,,,,,,,,,,,,,,,
1770645251.3882892,6119,3340,0.00026488281250000004,0.00026488281250000004,4535.94208009,,,,,,,,,,,,,,,,,,,,,
1770645251.552527,6119,3341,0.00026488281250000004,0.00026488281250000004,4536.106300227,,,,,,,,,,,,,,,,,,,,,
1770645251.7169774,6119,3342,0.00026488281250000004,0.00026488281250000004,4536.270740575,,,,,,,,,,,,,,,,,,,,,
1770645251.8644843,6119,3343,,,4536.418229017,0.0019930251874029636,142.0,0.02501698210835457,0.0019930251874029636,0.0019930992275476456,0.9917768836021423,,,,,,,,,,,,,,,
1770645257.8030999,6129,3344,0.00026449218749999997,0.00026449218749999997,4542.35888421,,,,,,,,,,,,,,,,,,,,,
1770645257.9666402,6129,3345,0.00026449218749999997,0.00026449218749999997,4542.521819075,,,,,,,,,,,,,,,,,,,,,
1770645258.1303623,6129,3346,0.00026449218749999997,0.00026449218749999997,4542.685816226,,,,,,,,,,,,,,,,,,,,,
1770645258.294246,6129,3347,0.00026449218749999997,0.00026449218749999997,4542.849828981,,,,,,,,,,,,,,,,,,,,,
1770645258.4414444,6129,3348,,,4542.995148673,0.001583852688781917,142.0,0.024545818567276,0.001583852688781917,0.0015838255640119314,0.9931658506393433,,,,,,,,,,,,,,,
1770645264.388076,6139,3349,0.0002641015625,0.0002641015625,4548.942028645,,,,,,,,,,,,,,,,,,,,,
1770645264.5523267,6139,3350,0.0002641015625,0.0002641015625,4549.10609495,,,,,,,,,,,,,,,,,,,,,
1770645264.7168283,6139,3351,0.0002641015625,0.0002641015625,4549.270606063,,,,,,,,,,,,,,,,,,,,,
1770645264.8808014,6139,3352,0.0002641015625,0.0002641015625,4549.436839246,,,,,,,,,,,,,,,,,,,,,
1770645265.02831,6139,3353,,,4549.58205416,0.0014310299884527922,142.0,0.023499198257923126,0.0014310299884527922,0.001431010547094047,0.9939287900924683,,,,,,,,,,,,,,,
1770645273.1023827,6148,3354,,,4557.656182024,,142.0,,,,,0.9931319952011108,0.0016406683716922998,0.0016406563809141517,0.025030799210071564,0.0016406683716922998,,,,,,,,,,
1770645274.6593993,6148,3355,,,4559.213341893,,142.0,,,,,,,,,,0.0017691947286948562,0.0017691947286948562,0.9925139546394348,0.0017331002745777369,0.02582639828324318,,,,,
1770645274.6887221,6149,3356,0.0002637109375,0.0002637109375,4559.242643615,,,,,,,,,,,,,,,,,,,,,
1770645274.8537567,6149,3357,0.0002637109375,0.0002637109375,4559.409836871,,,,,,,,,,,,,,,,,,,,,
1770645275.0178816,6149,3358,0.0002637109375,0.0002637109375,4559.573817687,,,,,,,,,,,,,,,,,,,,,
1770645275.181904,6149,3359,0.0002637109375,0.0002637109375,4559.737814076,,,,,,,,,,,,,,,,,,,,,
1770645275.3291974,6149,3360,,,4559.882938714,0.001807883265428245,143.0,0.025750314816832542,0.001807883265428245,0.0018079178407788277,0.9926356673240662,,,,,,,,,,,,,,,
1770645281.329647,6159,3361,0.0002633203125,0.0002633203125,4565.883600767,,,,,,,,,,,,,,,,,,,,,
1770645281.493863,6159,3362,0.0002633203125,0.0002633203125,4566.047655834,,,,,,,,,,,,,,,,,,,,,
1770645281.65782,6159,3363,0.0002633203125,0.0002633203125,4566.213842867,,,,,,,,,,,,,,,,,,,,,
1770645281.8218644,6159,3364,0.0002633203125,0.0002633203125,4566.375648212,,,,,,,,,,,,,,,,,,,,,
1770645281.969191,6159,3365,,,4566.522955912,0.0015409059124067426,143.0,0.025008806958794594,0.0015409059124067426,0.001540892175398767,0.994097888469696,,,,,,,,,,,,,,,
1770645287.8795934,6169,3366,0.00026292968750000003,0.00026292968750000003,4572.434861411,,,,,,,,,,,,,,,,,,,,,
1770645288.0436866,6169,3367,0.00026292968750000003,0.00026292968750000003,4572.598826803,,,,,,,,,,,,,,,,,,,,,
1770645288.2076128,6169,3368,0.00026292968750000003,0.00026292968750000003,4572.762818725,,,,,,,,,,,,,,,,,,,,,
1770645288.3709776,6169,3369,0.00026292968750000003,0.00026292968750000003,4572.926815895,,,,,,,,,,,,,,,,,,,,,
1770645288.51859,6169,3370,,,4573.072359533,0.0014596163528040051,143.0,0.024960273876786232,0.0014596163528040051,0.0014595710672438145,0.9936507344245911,,,,,,,,,,,,,,,
1770645294.4534667,6179,3371,0.00026253906249999997,0.00026253906249999997,4579.00741118,,,,,,,,,,,,,,,,,,,,,
1770645294.6174176,6179,3372,0.00026253906249999997,0.00026253906249999997,4579.171208279,,,,,,,,,,,,,,,,,,,,,
1770645294.781611,6179,3373,0.00026253906249999997,0.00026253906249999997,4579.336834007,,,,,,,,,,,,,,,,,,,,,
1770645294.945247,6179,3374,0.00026253906249999997,0.00026253906249999997,4579.500813701,,,,,,,,,,,,,,,,,,,,,
1770645295.0927567,6179,3375,,,4579.646495275,0.001694207894615829,143.0,0.025266926735639572,0.001694207894615829,0.0016941750654950738,0.9931511282920837,,,,,,,,,,,,,,,
1770645301.0022094,6189,3376,0.0002621484375,0.0002621484375,4585.557833583,,,,,,,,,,,,,,,,,,,,,
1770645301.166509,6189,3377,0.0002621484375,0.0002621484375,4585.72182273,,,,,,,,,,,,,,,,,,,,,
1770645301.3304486,6189,3378,0.0002621484375,0.0002621484375,4585.885828132,,,,,,,,,,,,,,,,,,,,,
1770645301.4938557,6189,3379,0.0002621484375,0.0002621484375,4586.049816559,,,,,,,,,,,,,,,,,,,,,
1770645301.6415029,6189,3380,,,4586.195234326,0.0018969756783917546,143.0,0.02731768786907196,0.0018969756783917546,0.0018969466909766197,0.9919711351394653,,,,,,,,,,,,,,,
1770645305.143576,6191,3381,,,4589.697322956,,143.0,,,,,0.9931957721710205,0.001661751070059836,0.0016617339570075274,0.025222577154636383,0.001661751070059836,,,,,,,,,,
1770645305.144982,6191,3382,,,4589.69866968,,143.0,,,,,,,,,,0.0017661764286458492,0.0017661764286458492,0.9923612475395203,0.0017691804096102715,0.026212520897388458,,,,,
1770645309.7467635,6199,3383,0.0002617578125,0.0002617578125,4594.300706422,,,,,,,,,,,,,,,,,,,,,
1770645309.9110339,6199,3384,0.0002617578125,0.0002617578125,4594.464821278,,,,,,,,,,,,,,,,,,,,,
1770645310.0751605,6199,3385,0.0002617578125,0.0002617578125,4594.630831804,,,,,,,,,,,,,,,,,,,,,
1770645310.2388918,6199,3386,0.0002617578125,0.0002617578125,4594.794827812,,,,,,,,,,,,,,,,,,,,,
1770645310.3860738,6199,3387,,,4594.939781772,0.0025967215187847614,144.0,0.029599223285913467,0.0025967215187847614,0.0025966980028897524,0.9889187216758728,,,,,,,,,,,,,,,
1770645316.325565,6209,3388,0.0002613671875,0.0002613671875,4600.879468145,,,,,,,,,,,,,,,,,,,,,
1770645316.489556,6209,3389,0.0002613671875,0.0002613671875,4601.044873642,,,,,,,,,,,,,,,,,,,,,
1770645316.6529298,6209,3390,0.0002613671875,0.0002613671875,4601.208818582,,,,,,,,,,,,,,,,,,,,,
1770645316.8162398,6209,3391,0.0002613671875,0.0002613671875,4601.371814867,,,,,,,,,,,,,,,,,,,,,
1770645316.9636438,6209,3392,,,4601.51736327,0.0015006805770099163,144.0,0.024810485541820526,0.0015006805770099163,0.0015006369212642312,0.994148850440979,,,,,,,,,,,,,,,
1770645322.8716123,6219,3393,0.00026097656250000003,0.00026097656250000003,4607.426874911,,,,,,,,,,,,,,,,,,,,,
1770645323.0353758,6219,3394,0.00026097656250000003,0.00026097656250000003,4607.590824358,,,,,,,,,,,,,,,,,,,,,
1770645323.1987386,6219,3395,0.00026097656250000003,0.00026097656250000003,4607.754820445,,,,,,,,,,,,,,,,,,,,,
1770645323.3627784,6219,3396,0.00026097656250000003,0.00026097656250000003,4607.91881507,,,,,,,,,,,,,,,,,,,,,
1770645323.510544,6219,3397,,,4608.064277083,0.0013114599278196692,144.0,0.023799749091267586,0.0013114599278196692,0.001311435946263373,0.9941471219062805,,,,,,,,,,,,,,,
1770645329.4420176,6229,3398,0.00026058593749999997,0.00026058593749999997,4613.997825791,,,,,,,,,,,,,,,,,,,,,
1770645329.6056612,6229,3399,0.00026058593749999997,0.00026058593749999997,4614.161818213,,,,,,,,,,,,,,,,,,,,,
1770645329.7694178,6229,3400,0.00026058593749999997,0.00026058593749999997,4614.32481683,,,,,,,,,,,,,,,,,,,,,
1770645329.9332068,6229,3401,0.00026058593749999997,0.00026058593749999997,4614.488815321,,,,,,,,,,,,,,,,,,,,,
1770645330.0805833,6229,3402,,,4614.634317785,0.0016963307280093431,144.0,0.0254827830940485,0.0016963307280093431,0.0016963204834610224,0.9921691417694092,,,,,,,,,,,,,,,
1770645335.5395973,6234,3403,,,4620.093299794,,144.0,,,,,0.9933550357818604,0.0016721996944397688,0.001672183396294713,0.025166476145386696,0.0016721996944397688,,,,,,,,,,
1770645335.5410256,6234,3404,,,4620.094695663,,144.0,,,,,,,,,,0.0017163782613351941,0.0017163782613351941,0.9923673868179321,0.0017661593155935407,0.02624553255736828,,,,,
1770645338.1777039,6239,3405,0.0002601953125,0.0002601953125,4622.732831454,,,,,,,,,,,,,,,,,,,,,
1770645338.3415956,6239,3406,0.0002601953125,0.0002601953125,4622.896815793,,,,,,,,,,,,,,,,,,,,,
1770645338.5049715,6239,3407,0.0002601953125,0.0002601953125,4623.060815415,,,,,,,,,,,,,,,,,,,,,
1770645338.6715243,6239,3408,0.0002601953125,0.0002601953125,4623.226816826,,,,,,,,,,,,,,,,,,,,,
1770645338.8189776,6239,3409,,,4623.372709397,0.0015268593560904264,145.0,0.024884000420570374,0.0015268593560904264,0.0015268407296389341,0.9935718774795532,,,,,,,,,,,,,,,
1770645344.7504346,6249,3410,0.0002598046875,0.0002598046875,4629.304274091,,,,,,,,,,,,,,,,,,,,,
1770645344.9142127,6249,3411,0.0002598046875,0.0002598046875,4629.469825485,,,,,,,,,,,,,,,,,,,,,
1770645345.077931,6249,3412,0.0002598046875,0.0002598046875,4629.633818246,,,,,,,,,,,,,,,,,,,,,
1770645345.2416992,6249,3413,0.0002598046875,0.0002598046875,4629.797812871,,,,,,,,,,,,,,,,,,,,,
1770645345.3889287,6249,3414,,,4629.942660299,0.0023525655269622803,145.0,0.02720891311764717,0.0023525655269622803,0.0023525413125753403,0.9900316596031189,,,,,,,,,,,,,,,
1770645351.2963045,6259,3415,0.0002594140625,0.0002594140625,4635.850268448,,,,,,,,,,,,,,,,,,,,,
1770645351.460355,6259,3416,0.0002594140625,0.0002594140625,4636.015832712,,,,,,,,,,,,,,,,,,,,,
1770645351.6244006,6259,3417,0.0002594140625,0.0002594140625,4636.179817361,,,,,,,,,,,,,,,,,,,,,
1770645351.7880476,6259,3418,0.0002594140625,0.0002594140625,4636.343819496,,,,,,,,,,,,,,,,,,,,,
1770645351.9356291,6259,3419,,,4636.489386947,0.0016160645755007863,145.0,0.02537400834262371,0.0016160645755007863,0.0016160747036337852,0.9931087493896484,,,,,,,,,,,,,,,
1770645357.8709793,6269,3420,0.00025902343750000003,0.00025902343750000003,4642.424931165,,,,,,,,,,,,,,,,,,,,,
1770645358.035477,6269,3421,0.00025902343750000003,0.00025902343750000003,4642.590839947,,,,,,,,,,,,,,,,,,,,,
1770645358.199402,6269,3422,0.00025902343750000003,0.00025902343750000003,4642.754818656,,,,,,,,,,,,,,,,,,,,,
1770645358.3629847,6269,3423,0.00025902343750000003,0.00025902343750000003,4642.918824457,,,,,,,,,,,,,,,,,,,,,
1770645358.5106122,6269,3424,,,4643.064349584,0.001446847221814096,145.0,0.02391553297638893,0.001446847221814096,0.0014468478038907051,0.9937372803688049,,,,,,,,,,,,,,,
1770645365.9347212,6277,3425,,,4650.488436432,,145.0,,,,,0.9932565093040466,0.0016479467740282416,0.0016479301266372204,0.024697382003068924,0.0016479467740282416,,,,,,,,,,
1770645365.9361668,6277,3426,,,4650.489854323,,145.0,,,,,,,,,,0.0017132532084360719,0.0017132532084360719,0.9925875663757324,0.00171636079903692,0.025634529069066048,,,,,
1770645366.6108782,6279,3427,0.00025863281249999997,0.00025863281249999997,4651.164811498,,,,,,,,,,,,,,,,,,,,,
1770645366.7747254,6279,3428,0.00025863281249999997,0.00025863281249999997,4651.330827731,,,,,,,,,,,,,,,,,,,,,
1770645366.938608,6279,3429,0.00025863281249999997,0.00025863281249999997,4651.493824895,,,,,,,,,,,,,,,,,,,,,
1770645367.1021287,6279,3430,0.00025863281249999997,0.00025863281249999997,4651.657816163,,,,,,,,,,,,,,,,,,,,,
1770645367.2497764,6279,3431,,,4651.803511866,0.0017439463408663869,146.0,0.026270490139722824,0.0017439463408663869,0.0017439251532778144,0.9921925067901611,,,,,,,,,,,,,,,
1770645373.1965437,6289,3432,0.0002582421875,0.0002582421875,4657.750487599,,,,,,,,,,,,,,,,,,,,,
1770645373.3606126,6289,3433,0.0002582421875,0.0002582421875,4657.915843388,,,,,,,,,,,,,,,,,,,,,
1770645373.524874,6289,3434,0.0002582421875,0.0002582421875,4658.08081533,,,,,,,,,,,,,,,,,,,,,
1770645373.6888905,6289,3435,0.0002582421875,0.0002582421875,4658.244817435,,,,,,,,,,,,,,,,,,,,,
1770645373.8360279,6289,3436,,,4658.389783561,0.001835174742154777,146.0,0.02552030235528946,0.001835174742154777,0.0018351549515500665,0.9920399785041809,,,,,,,,,,,,,,,
1770645379.8052704,6299,3437,0.00025785156250000005,0.00025785156250000005,4664.359220662,,,,,,,,,,,,,,,,,,,,,
1770645379.9703398,6299,3438,0.00025785156250000005,0.00025785156250000005,4664.52583294,,,,,,,,,,,,,,,,,,,,,
1770645380.1415913,6299,3439,0.00025785156250000005,0.00025785156250000005,4664.696817701,,,,,,,,,,,,,,,,,,,,,
1770645380.317506,6299,3440,0.00025785156250000005,0.00025785156250000005,4664.871824279,,,,,,,,,,,,,,,,,,,,,
1770645380.4657679,6299,3441,,,4665.01949436,0.0015776259824633598,146.0,0.02464129589498043,0.0015776259824633598,0.0015775950159877539,0.9928432106971741,,,,,,,,,,,,,,,
1770645386.5725293,6309,3442,0.0002574609375,0.0002574609375,4671.126474508,,,,,,,,,,,,,,,,,,,,,
1770645386.7438946,6309,3443,0.0002574609375,0.0002574609375,4671.297833361,,,,,,,,,,,,,,,,,,,,,
1770645386.9121475,6309,3444,0.0002574609375,0.0002574609375,4671.467850218,,,,,,,,,,,,,,,,,,,,,
1770645387.087244,6309,3445,0.0002574609375,0.0002574609375,4671.64182255,,,,,,,,,,,,,,,,,,,,,
1770645387.2361674,6309,3446,,,4671.790010359,0.0016721083084121346,146.0,0.025684984400868416,0.0016721083084121346,0.0016721021384000778,0.9926623702049255,,,,,,,,,,,,,,,
1770645393.3807588,6319,3447,0.00025707031250000003,0.00025707031250000003,4677.934712527,,,,,,,,,,,,,,,,,,,,,
1770645393.5524426,6319,3448,0.00025707031250000003,0.00025707031250000003,4678.107870085,,,,,,,,,,,,,,,,,,,,,
1770645393.724078,6319,3449,0.00025707031250000003,0.00025707031250000003,4678.279821008,,,,,,,,,,,,,,,,,,,,,
1770645393.892355,6319,3450,0.00025707031250000003,0.00025707031250000003,4678.447817897,,,,,,,,,,,,,,,,,,,,,
1770645394.0409684,6319,3451,,,4678.59487081,0.0015000499552115798,146.0,0.024382250383496284,0.0015000499552115798,0.0015000003622844815,0.9938711524009705,,,,,,,,,,,,,,,
1770645397.0029302,6320,3452,,,4681.556673031,,146.0,,,,,0.9933292269706726,0.0015634811716154218,0.0015634676674380898,0.024029238149523735,0.0015634811716154218,,,,,,,,,,
1770645398.554622,6320,3453,,,4683.10852826,,146.0,,,,,,,,,,0.0016918911132961512,0.0016918911132961512,0.992598831653595,0.001713235629722476,0.02572866529226303,,,,,
1770645404.0179477,6329,3454,0.00025667968749999996,0.00025667968749999996,4688.571921383,,,,,,,,,,,,,,,,,,,,,
1770645404.1845746,6329,3455,0.00025667968749999996,0.00025667968749999996,4688.739838773,,,,,,,,,,,,,,,,,,,,,
1770645404.3558598,6329,3456,0.00025667968749999996,0.00025667968749999996,4688.909667555,,,,,,,,,,,,,,,,,,,,,
1770645404.5306234,6329,3457,0.00025667968749999996,0.00025667968749999996,4689.084821143,,,,,,,,,,,,,,,,,,,,,
1770645404.6792746,6329,3458,,,4689.233104735,0.0016542269149795175,147.0,0.025931943207979202,0.0016542269149795175,0.0016542022349312901,0.9929417967796326,,,,,,,,,,,,,,,
1770645410.793924,6339,3459,0.0002562890625,0.0002562890625,4695.347884765,,,,,,,,,,,,,,,,,,,,,
1770645410.962192,6339,3460,0.0002562890625,0.0002562890625,4695.517840438,,,,,,,,,,,,,,,,,,,,,
1770645411.1272087,6339,3461,0.0002562890625,0.0002562890625,4695.682815223,,,,,,,,,,,,,,,,,,,,,
1770645411.298102,6339,3462,0.0002562890625,0.0002562890625,4695.853824731,,,,,,,,,,,,,,,,,,,,,
1770645411.446502,6339,3463,,,4696.000317381,0.001387335010804236,147.0,0.0246649868786335,0.001387335010804236,0.0013873243005946279,0.9939683079719543,,,,,,,,,,,,,,,
1770645417.6016119,6349,3464,0.00025589843750000005,0.00025589843750000005,4702.15555999,,,,,,,,,,,,,,,,,,,,,
1770645417.766893,6349,3465,0.00025589843750000005,0.00025589843750000005,4702.320750379,,,,,,,,,,,,,,,,,,,,,
1770645417.9387584,6349,3466,0.00025589843750000005,0.00025589843750000005,4702.493854635,,,,,,,,,,,,,,,,,,,,,
1770645418.1108403,6349,3467,0.00025589843750000005,0.00025589843750000005,4702.665818527,,,,,,,,,,,,,,,,,,,,,
1770645418.259164,6349,3468,,,4702.812985641,0.0017998431576415896,147.0,0.02710755169391632,0.0017998431576415896,0.0017998326802626252,0.9922503232955933,,,,,,,,,,,,,,,
1770645424.3584297,6359,3469,0.0002555078125,0.0002555078125,4708.912382244,,,,,,,,,,,,,,,,,,,,,
1770645424.5303977,6359,3470,0.0002555078125,0.0002555078125,4709.085861564,,,,,,,,,,,,,,,,,,,,,
1770645424.7021017,6359,3471,0.0002555078125,0.0002555078125,4709.257826167,,,,,,,,,,,,,,,,,,,,,
1770645424.8709297,6359,3472,0.0002555078125,0.0002555078125,4709.425815714,,,,,,,,,,,,,,,,,,,,,
1770645425.0192425,6359,3473,,,4709.57299121,0.0015949588268995285,147.0,0.02506314218044281,0.0015949588268995285,0.0015949502121657133,0.993314802646637,,,,,,,,,,,,,,,
1770645429.998706,6363,3474,,,4714.552449768,,147.0,,,,,0.9933321475982666,0.00157679442781955,0.0015767763834446669,0.02455713227391243,0.00157679442781955,,,,,,,,,,
1770645431.5988855,6363,3475,,,4716.15287326,,147.0,,,,,,,,,,0.0016980392392724752,0.0016980392392724752,0.9926942586898804,0.0016918763285502791,0.025500234216451645,,,,,
1770645435.0247478,6369,3476,0.0002551171875,0.0002551171875,4719.578733114,,,,,,,,,,,,,,,,,,,,,
1770645435.1932013,6369,3477,0.0002551171875,0.0002551171875,4719.747099497,,,,,,,,,,,,,,,,,,,,,
1770645435.3573456,6369,3478,0.0002551171875,0.0002551171875,4719.911123472,,,,,,,,,,,,,,,,,,,,,
1770645435.52845,6369,3479,0.0002551171875,0.0002551171875,4720.082342193,,,,,,,,,,,,,,,,,,,,,
1770645435.6772988,6369,3480,,,4720.231253138,0.0015855118399485946,148.0,0.02494058571755886,0.0015855118399485946,0.0015855288365855813,0.9936643838882446,,,,,,,,,,,,,,,
1770645441.8037045,6379,3481,0.00025472656249999996,0.00025472656249999996,4726.357655566,,,,,,,,,,,,,,,,,,,,,
1770645441.975089,6379,3482,0.00025472656249999996,0.00025472656249999996,4726.53083919,,,,,,,,,,,,,,,,,,,,,
1770645442.1396408,6379,3483,0.00025472656249999996,0.00025472656249999996,4726.694817056,,,,,,,,,,,,,,,,,,,,,
1770645442.312732,6379,3484,0.00025472656249999996,0.00025472656249999996,4726.867822022,,,,,,,,,,,,,,,,,,,,,
1770645442.4608603,6379,3485,,,4727.014592668,0.0013621492544189095,148.0,0.02378593385219574,0.0013621492544189095,0.0013621333055198193,0.9939212203025818,,,,,,,,,,,,,,,
1770645448.3814363,6389,3486,0.0002543359375,0.0002543359375,4732.93538851,,,,,,,,,,,,,,,,,,,,,
1770645448.545439,6389,3487,0.0002543359375,0.0002543359375,4733.099227796,,,,,,,,,,,,,,,,,,,,,
1770645448.7098684,6389,3488,0.0002543359375,0.0002543359375,4733.265851219,,,,,,,,,,,,,,,,,,,,,
1770645448.8737125,6389,3489,0.0002543359375,0.0002543359375,4733.429823385,,,,,,,,,,,,,,,,,,,,,
1770645449.0214765,6389,3490,,,4733.575212204,0.0021404013969004154,148.0,0.027616575360298157,0.0021404013969004154,0.002140362747013569,0.9903506636619568,,,,,,,,,,,,,,,
1770645454.9352753,6399,3491,0.00025394531250000005,0.00025394531250000005,4739.489226281,,,,,,,,,,,,,,,,,,,,,
1770645455.099344,6399,3492,0.00025394531250000005,0.00025394531250000005,4739.654871403,,,,,,,,,,,,,,,,,,,,,
1770645455.2634087,6399,3493,0.00025394531250000005,0.00025394531250000005,4739.81881788,,,,,,,,,,,,,,,,,,,,,
1770645455.4269383,6399,3494,0.00025394531250000005,0.00025394531250000005,4739.982820933,,,,,,,,,,,,,,,,,,,,,
1770645455.5744467,6399,3495,,,4740.128204544,0.0012093288823962212,148.0,0.02260219305753708,0.0012093288823962212,0.001209306763485074,0.994849443435669,,,,,,,,,,,,,,,
1770645462.3529344,6406,3496,,,4746.90671231,,148.0,,,,,0.9933273196220398,0.0016165392007678747,0.001616522204130888,0.024664515629410744,0.0016165392007678747,,,,,,,,,,
1770645462.3544471,6406,3497,,,4746.908124914,,148.0,,,,,,,,,,0.0016884058713912964,0.0016884058713912964,0.9926694631576538,0.0016980257350951433,0.025615138933062553,,,,,
1770645463.68999,6409,3498,0.0002535546875,0.0002535546875,4748.243936913,,,,,,,,,,,,,,,,,,,,,
1770645463.8543036,6409,3499,0.0002535546875,0.0002535546875,4748.40983215,,,,,,,,,,,,,,,,,,,,,
1770645464.017924,6409,3500,0.0002535546875,0.0002535546875,4748.573821862,,,,,,,,,,,,,,,,,,,,,
1770645464.1818407,6409,3501,0.0002535546875,0.0002535546875,4748.736915898,,,,,,,,,,,,,,,,,,,,,
1770645464.3291044,6409,3502,,,4748.882865169,0.0017812896985560656,149.0,0.02716103568673134,0.0017812896985560656,0.0017812764272093773,0.9926977753639221,,,,,,,,,,,,,,,
1770645470.2397256,6419,3503,0.0002531640625,0.0002531640625,4754.793660917,,,,,,,,,,,,,,,,,,,,,
1770645470.4044228,6419,3504,0.0002531640625,0.0002531640625,4754.9582102,,,,,,,,,,,,,,,,,,,,,
1770645470.5687256,6419,3505,0.0002531640625,0.0002531640625,4755.124829075,,,,,,,,,,,,,,,,,,,,,
1770645470.7320282,6419,3506,0.0002531640625,0.0002531640625,4755.287819244,,,,,,,,,,,,,,,,,,,,,
1770645470.879735,6419,3507,,,4755.433471158,0.0019041284685954452,149.0,0.02686261385679245,0.0019041284685954452,0.0019041274208575487,0.9922929406166077,,,,,,,,,,,,,,,
1770645476.786324,6429,3508,0.00025277343749999996,0.00025277343749999996,4761.340287155,,,,,,,,,,,,,,,,,,,,,
1770645476.9498818,6429,3509,0.00025277343749999996,0.00025277343749999996,4761.503685237,,,,,,,,,,,,,,,,,,,,,
1770645477.113568,6429,3510,0.00025277343749999996,0.00025277343749999996,4761.668851187,,,,,,,,,,,,,,,,,,,,,
1770645477.2769685,6429,3511,0.00025277343749999996,0.00025277343749999996,4761.830692869,,,,,,,,,,,,,,,,,,,,,
1770645477.4245772,6429,3512,,,4761.978317929,0.002413337817415595,149.0,0.02903658151626587,0.002413337817415595,0.002413398353382945,0.9897513389587402,,,,,,,,,,,,,,,
1770645483.3352296,6439,3513,0.0002523828125,0.0002523828125,4767.889158527,,,,,,,,,,,,,,,,,,,,,
1770645483.4991753,6439,3514,0.0002523828125,0.0002523828125,4768.054855455,,,,,,,,,,,,,,,,,,,,,
1770645483.6631994,6439,3515,0.0002523828125,0.0002523828125,4768.218821071,,,,,,,,,,,,,,,,,,,,,
1770645483.8266907,6439,3516,0.0002523828125,0.0002523828125,4768.382826346,,,,,,,,,,,,,,,,,,,,,
1770645483.9738753,6439,3517,,,4768.527609733,0.0016493735602125525,149.0,0.025531219318509102,0.0016493735602125525,0.0016493502771481872,0.992534339427948,,,,,,,,,,,,,,,
1770645489.9267275,6449,3518,0.00025199218750000005,0.00025199218750000005,4774.480678546,,,,,,,,,,,,,,,,,,,,,
1770645490.0917933,6449,3519,0.00025199218750000005,0.00025199218750000005,4774.645621981,,,,,,,,,,,,,,,,,,,,,
1770645490.2605524,6449,3520,0.00025199218750000005,0.00025199218750000005,4774.814464006,,,,,,,,,,,,,,,,,,,,,
1770645490.4139118,6449,3521,0.00025199218750000005,0.00025199218750000005,4774.96772592,,,,,,,,,,,,,,,,,,,,,
1770645490.4735115,6449,3522,,,4775.027231447,0.0018366564763709903,149.0,0.026347821578383446,0.0018366564763709903,0.0018365948926657438,0.9914968013763428,,,,,,,,,,,,,,,
1770645492.7306435,6449,3523,,,4777.284421245,,149.0,,,,,0.9933348298072815,0.0016631089383736253,0.0016630892641842365,0.0251462422311306,0.0016631089383736253,,,,,,,,,,
1770645492.7320855,6449,3524,,,4777.285778275,,149.0,,,,,,,,,,0.0017117161769419909,0.0017117161769419909,0.9927123785018921,0.0016883865464478731,0.02547713927924633,,,,,
1770645498.6423237,6459,3525,0.0002516015625,0.0002516015625,4783.197837505,,,,,,,,,,,,,,,,,,,,,
1770645498.8061066,6459,3526,0.0002516015625,0.0002516015625,4783.361829559,,,,,,,,,,,,,,,,,,,,,
1770645498.9696066,6459,3527,0.0002516015625,0.0002516015625,4783.524819928,,,,,,,,,,,,,,,,,,,,,
1770645499.1331944,6459,3528,0.0002516015625,0.0002516015625,4783.687056473,,,,,,,,,,,,,,,,,,,,,
1770645499.2809265,6459,3529,,,4783.834682834,0.0015314884949475527,150.0,0.024822691455483437,0.0015314884949475527,0.0015314568299800158,0.993698000907898,,,,,,,,,,,,,,,
1770645505.1930094,6469,3530,0.0002512109375,0.0002512109375,4789.746960864,,,,,,,,,,,,,,,,,,,,,
1770645505.3575191,6469,3531,0.0002512109375,0.0002512109375,4789.912841577,,,,,,,,,,,,,,,,,,,,,
1770645505.5213335,6469,3532,0.0002512109375,0.0002512109375,4790.076826621,,,,,,,,,,,,,,,,,,,,,
1770645505.6848562,6469,3533,0.0002512109375,0.0002512109375,4790.240820718,,,,,,,,,,,,,,,,,,,,,
1770645505.8324842,6469,3534,,,4790.386193071,0.00155645573977381,150.0,0.02419259585440159,0.00155645573977381,0.0015564609784632921,0.993119478225708,,,,,,,,,,,,,,,
1770645511.7671895,6479,3535,0.00025082031249999996,0.00025082031249999996,4796.321137196,,,,,,,,,,,,,,,,,,,,,
1770645511.9313245,6479,3536,0.00025082031249999996,0.00025082031249999996,4796.486855275,,,,,,,,,,,,,,,,,,,,,
1770645512.0954063,6479,3537,0.00025082031249999996,0.00025082031249999996,4796.650820348,,,,,,,,,,,,,,,,,,,,,
1770645512.2588928,6479,3538,0.00025082031249999996,0.00025082031249999996,4796.81392644,,,,,,,,,,,,,,,,,,,,,
1770645512.4065335,6479,3539,,,4796.960262391,0.001384988077916205,150.0,0.022849595174193382,0.001384988077916205,0.001384975970722735,0.9941117763519287,,,,,,,,,,,,,,,
1770645518.3170946,6489,3540,0.0002504296875,0.0002504296875,4802.87284411,,,,,,,,,,,,,,,,,,,,,
1770645518.4810376,6489,3541,0.0002504296875,0.0002504296875,4803.036815973,,,,,,,,,,,,,,,,,,,,,
1770645518.6448932,6489,3542,0.0002504296875,0.0002504296875,4803.20081722,,,,,,,,,,,,,,,,,,,,,
1770645518.8086252,6489,3543,0.0002504296875,0.0002504296875,4803.363814879,,,,,,,,,,,,,,,,,,,,,
1770645518.955762,6489,3544,,,4803.50952559,0.001741084735840559,150.0,0.026325834915041924,0.001741084735840559,0.0017410664586350322,0.9926605224609375,,,,,,,,,,,,,,,
1770645523.0772464,6492,3545,,,4807.63099195,,150.0,,,,,0.993427038192749,0.0016372225945815444,0.0016372082754969597,0.024863874539732933,0.0016372225945815444,,,,,,,,,,
1770645523.0787287,6492,3546,,,4807.632408009,,150.0,,,,,,,,,,0.0016654672799631953,0.0016654672799631953,0.9926089644432068,0.001711698598228395,0.025784922763705254,,,,,
1770645527.025353,6499,3547,0.00025003906250000004,0.00025003906250000004,4811.57925823,,,,,,,,,,,,,,,,,,,,,
1770645527.1894984,6499,3548,0.00025003906250000004,0.00025003906250000004,4811.743274329,,,,,,,,,,,,,,,,,,,,,
1770645527.3620055,6499,3549,0.00025003906250000004,0.00025003906250000004,4811.915950077,,,,,,,,,,,,,,,,,,,,,
1770645527.5340283,6499,3550,0.00025003906250000004,0.00025003906250000004,4812.087987785,,,,,,,,,,,,,,,,,,,,,
1770645527.6825252,6499,3551,,,4812.236340237,0.0016377003630623221,151.0,0.025453517213463783,0.0016377003630623221,0.0016376844141632318,0.992922842502594,,,,,,,,,,,,,,,
1770645533.610357,6509,3552,0.0002496484375,0.0002496484375,4818.164324811,,,,,,,,,,,,,,,,,,,,,
1770645533.7744,6509,3553,0.0002496484375,0.0002496484375,4818.32984445,,,,,,,,,,,,,,,,,,,,,
1770645533.9386866,6509,3554,0.0002496484375,0.0002496484375,4818.493821822,,,,,,,,,,,,,,,,,,,,,
1770645534.1026225,6509,3555,0.0002496484375,0.0002496484375,4818.656458477,,,,,,,,,,,,,,,,,,,,,
1770645534.2505643,6509,3556,,,4818.804289755,0.0015070069348439574,151.0,0.02490120753645897,0.0015070069348439574,0.0015069530345499516,0.993554949760437,,,,,,,,,,,,,,,
1770645540.188922,6519,3557,0.0002492578125,0.0002492578125,4824.742858141,,,,,,,,,,,,,,,,,,,,,
1770645540.3534927,6519,3558,0.0002492578125,0.0002492578125,4824.90728628,,,,,,,,,,,,,,,,,,,,,
1770645540.5167723,6519,3559,0.0002492578125,0.0002492578125,4825.072840701,,,,,,,,,,,,,,,,,,,,,
1770645540.680588,6519,3560,0.0002492578125,0.0002492578125,4825.2358188,,,,,,,,,,,,,,,,,,,,,
1770645540.8278663,6519,3561,,,4825.381606406,0.0014190711081027985,151.0,0.023842955008149147,0.0014190711081027985,0.001419062027707696,0.9940475821495056,,,,,,,,,,,,,,,
1770645546.7521796,6529,3562,0.0002488671875,0.0002488671875,4831.307833019,,,,,,,,,,,,,,,,,,,,,
1770645546.9160569,6529,3563,0.0002488671875,0.0002488671875,4831.471816048,,,,,,,,,,,,,,,,,,,,,
1770645547.0798125,6529,3564,0.0002488671875,0.0002488671875,4831.635817515,,,,,,,,,,,,,,,,,,,,,
1770645547.2443683,6529,3565,0.0002488671875,0.0002488671875,4831.799815616,,,,,,,,,,,,,,,,,,,,,
1770645547.391735,6529,3566,,,4831.945447979,0.0014805826358497143,151.0,0.023830493912100792,0.0014805826358497143,0.0014805637765675783,0.9935151934623718,,,,,,,,,,,,,,,
1770645553.515777,6535,3567,,,4838.069971386,,151.0,,,,,0.9933807849884033,0.001571983564645052,0.0015719616785645485,0.02397196553647518,0.001571983564645052,,,,,,,,,,
1770645555.0653121,6535,3568,,,4839.619259881,,151.0,,,,,,,,,,0.0016556335613131523,0.0016556335613131523,0.9928085803985596,0.0016654512146487832,0.025297455489635468,,,,,
1770645557.1008823,6539,3569,0.0002484765625,0.0002484765625,4841.654845054,,,,,,,,,,,,,,,,,,,,,
1770645557.272667,6539,3570,0.0002484765625,0.0002484765625,4841.827835194,,,,,,,,,,,,,,,,,,,,,
1770645557.4373472,6539,3571,0.0002484765625,0.0002484765625,4841.992822773,,,,,,,,,,,,,,,,,,,,,
1770645557.6091847,6539,3572,0.0002484765625,0.0002484765625,4842.164819218,,,,,,,,,,,,,,,,,,,,,
1770645557.7575483,6539,3573,,,4842.311340686,0.001440947875380516,152.0,0.02463625743985176,0.001440947875380516,0.0014409139985218644,0.9936944246292114,,,,,,,,,,,,,,,
1770645563.751557,6549,3574,0.0002480859375,0.0002480859375,4848.305486832,,,,,,,,,,,,,,,,,,,,,
1770645563.9158678,6549,3575,0.0002480859375,0.0002480859375,4848.471843178,,,,,,,,,,,,,,,,,,,,,
1770645564.079277,6549,3576,0.0002480859375,0.0002480859375,4848.633099648,,,,,,,,,,,,,,,,,,,,,
1770645564.2434056,6549,3577,0.0002480859375,0.0002480859375,4848.797165781,,,,,,,,,,,,,,,,,,,,,
1770645564.3910506,6549,3578,,,4848.94478512,0.0015740810194984078,152.0,0.025235071778297424,0.0015740810194984078,0.0015740763628855348,0.9929742813110352,,,,,,,,,,,,,,,
1770645570.301656,6559,3579,0.0002476953125,0.0002476953125,4854.855595787,,,,,,,,,,,,,,,,,,,,,
1770645570.466076,6559,3580,0.0002476953125,0.0002476953125,4855.019863212,,,,,,,,,,,,,,,,,,,,,
1770645570.629953,6559,3581,0.0002476953125,0.0002476953125,4855.185849232,,,,,,,,,,,,,,,,,,,,,
1770645570.7944934,6559,3582,0.0002476953125,0.0002476953125,4855.349820082,,,,,,,,,,,,,,,,,,,,,
1770645570.9420326,6559,3583,,,4855.495773626,0.0014608673518523574,152.0,0.02386794611811638,0.0014608673518523574,0.0014608432538807392,0.9938231706619263,,,,,,,,,,,,,,,
1770645576.8835425,6569,3584,0.0002473046875,0.0002473046875,4861.438837261,,,,,,,,,,,,,,,,,,,,,
1770645577.0471194,6569,3585,0.0002473046875,0.0002473046875,4861.60282087,,,,,,,,,,,,,,,,,,,,,
1770645577.2111988,6569,3586,0.0002473046875,0.0002473046875,4861.766814924,,,,,,,,,,,,,,,,,,,,,
1770645577.3751373,6569,3587,0.0002473046875,0.0002473046875,4861.93081649,,,,,,,,,,,,,,,,,,,,,
1770645577.5224304,6569,3588,,,4862.076168199,0.001760618295520544,152.0,0.025551687926054,0.001760618295520544,0.001760581973940134,0.9927656650543213,,,,,,,,,,,,,,,
1770645585.6405225,6578,3589,,,4870.194306612,,152.0,,,,,0.9933677315711975,0.0015937916468828917,0.0015937749994918704,0.024492403492331505,0.0015937916468828917,,,,,,,,,,
1770645585.6420038,6578,3590,,,4870.195690352,,152.0,,,,,,,,,,0.0016683341236785054,0.0016683341236785054,0.9928497672080994,0.0016556151676923037,0.025181837379932404,,,,,
1770645585.6616955,6579,3591,0.0002469140625,0.0002469140625,4870.215552992,,,,,,,,,,,,,,,,,,,,,
1770645585.8252823,6579,3592,0.0002469140625,0.0002469140625,4870.379098662,,,,,,,,,,,,,,,,,,,,,
1770645585.9898953,6579,3593,0.0002469140625,0.0002469140625,4870.543670354,,,,,,,,,,,,,,,,,,,,,
1770645586.15383,6579,3594,0.0002469140625,0.0002469140625,4870.709835422,,,,,,,,,,,,,,,,,,,,,
1770645586.3015382,6579,3595,,,4870.855280672,0.0013345079496502876,153.0,0.023667197674512863,0.0013345079496502876,0.0013344745384529233,0.9939401745796204,,,,,,,,,,,,,,,
1770645592.2140663,6589,3596,0.0002465234375,0.0002465234375,4876.768019258,,,,,,,,,,,,,,,,,,,,,
1770645592.3780015,6589,3597,0.0002465234375,0.0002465234375,4876.933835381,,,,,,,,,,,,,,,,,,,,,
1770645592.5420654,6589,3598,0.0002465234375,0.0002465234375,4877.095876149,,,,,,,,,,,,,,,,,,,,,
1770645592.7061045,6589,3599,0.0002465234375,0.0002465234375,4877.261837,,,,,,,,,,,,,,,,,,,,,
1770645592.8535094,6589,3600,,,4877.407247237,0.001701241941191256,153.0,0.02626194804906845,0.001701241941191256,0.0017012221505865455,0.9926649332046509,,,,,,,,,,,,,,,
1770645598.8518827,6599,3601,0.0002461328125,0.0002461328125,4883.405840921,,,,,,,,,,,,,,,,,,,,,
1770645599.0176783,6599,3602,0.0002461328125,0.0002461328125,4883.571553488,,,,,,,,,,,,,,,,,,,,,
1770645599.1887426,6599,3603,0.0002461328125,0.0002461328125,4883.742685342,,,,,,,,,,,,,,,,,,,,,
1770645599.3632631,6599,3604,0.0002461328125,0.0002461328125,4883.917833474,,,,,,,,,,,,,,,,,,,,,
1770645599.5115607,6599,3605,,,4884.065363548,0.0015744682168588042,153.0,0.025306086987257004,0.0015744682168588042,0.001574467751197517,0.9932259917259216,,,,,,,,,,,,,,,
1770645605.465934,6609,3606,0.0002457421875,0.0002457421875,4890.021833839,,,,,,,,,,,,,,,,,,,,,
1770645605.629911,6609,3607,0.0002457421875,0.0002457421875,4890.185817136,,,,,,,,,,,,,,,,,,,,,
1770645605.793449,6609,3608,0.0002457421875,0.0002457421875,4890.348814712,,,,,,,,,,,,,,,,,,,,,
1770645605.95727,6609,3609,0.0002457421875,0.0002457421875,4890.512822937,,,,,,,,,,,,,,,,,,,,,
1770645606.1044834,6609,3610,,,4890.658192962,0.0019002908375114202,153.0,0.02639690600335598,0.0019002908375114202,0.001900260103866458,0.9919971823692322,,,,,,,,,,,,,,,
1770645612.0295036,6619,3611,0.0002453515625,0.0002453515625,4896.583446336,,,,,,,,,,,,,,,,,,,,,
1770645612.2009227,6619,3612,0.0002453515625,0.0002453515625,4896.754908927,,,,,,,,,,,,,,,,,,,,,
1770645612.3726192,6619,3613,0.0002453515625,0.0002453515625,4896.926562655,,,,,,,,,,,,,,,,,,,,,
1770645612.5476105,6619,3614,0.0002453515625,0.0002453515625,4897.101843586,,,,,,,,,,,,,,,,,,,,,
1770645612.695694,6619,3615,,,4897.249429844,0.0014113920042291284,153.0,0.023839937523007393,0.0014113920042291284,0.0014113620854914188,0.993778645992279,,,,,,,,,,,,,,,
1770645616.2904556,6621,3616,,,4900.84415853,,153.0,,,,,0.9933814406394958,0.0015486064366996288,0.00154858676251024,0.023645341396331787,0.0015486064366996288,,,,,,,,,,
1770645617.9192297,6621,3617,,,4902.473166195,,153.0,,,,,,,,,,0.0016819918528199196,0.0016819918528199196,0.9927935600280762,0.0016683181747794151,0.025325965136289597,,,,,
1770645622.5354874,6629,3618,0.0002449609375,0.0002449609375,4907.090831211,,,,,,,,,,,,,,,,,,,,,
1770645622.700104,6629,3619,0.0002449609375,0.0002449609375,4907.25581388,,,,,,,,,,,,,,,,,,,,,
1770645622.8640172,6629,3620,0.0002449609375,0.0002449609375,4907.419814063,,,,,,,,,,,,,,,,,,,,,
1770645623.0275717,6629,3621,0.0002449609375,0.0002449609375,4907.581288337,,,,,,,,,,,,,,,,,,,,,
1770645623.1751473,6629,3622,,,4907.728900764,0.0014814494643360376,154.0,0.024061031639575958,0.0014814494643360376,0.0014814406167715788,0.9937124252319336,,,,,,,,,,,,,,,
1770645629.0917964,6639,3623,0.0002445703125,0.0002445703125,4913.64782463,,,,,,,,,,,,,,,,,,,,,
1770645629.2558737,6639,3624,0.0002445703125,0.0002445703125,4913.811815138,,,,,,,,,,,,,,,,,,,,,
1770645629.4198468,6639,3625,0.0002445703125,0.0002445703125,4913.975814298,,,,,,,,,,,,,,,,,,,,,
1770645629.5833278,6639,3626,0.0002445703125,0.0002445703125,4914.138813866,,,,,,,,,,,,,,,,,,,,,
1770645629.731169,6639,3627,,,4914.284910022,0.0013226047158241272,154.0,0.02356628328561783,0.0013226047158241272,0.001322582014836371,0.9943671226501465,,,,,,,,,,,,,,,
1770645635.668663,6649,3628,0.0002441796875,0.0002441796875,4920.222467432,,,,,,,,,,,,,,,,,,,,,
1770645635.8327284,6649,3629,0.0002441796875,0.0002441796875,4920.388816385,,,,,,,,,,,,,,,,,,,,,
1770645636.0249245,6649,3630,0.0002441796875,0.0002441796875,4920.580859413,,,,,,,,,,,,,,,,,,,,,
1770645636.1883812,6649,3631,0.0002441796875,0.0002441796875,4920.743816777,,,,,,,,,,,,,,,,,,,,,
1770645636.3360627,6649,3632,,,4920.889829178,0.0014578247210010886,154.0,0.023247508332133293,0.0014578247210010886,0.0014578064437955618,0.9935703277587891,,,,,,,,,,,,,,,
1770645642.2504525,6659,3633,0.0002437890625,0.0002437890625,4926.804394665,,,,,,,,,,,,,,,,,,,,,
1770645642.4149153,6659,3634,0.0002437890625,0.0002437890625,4926.970824039,,,,,,,,,,,,,,,,,,,,,
1770645642.5790746,6659,3635,0.0002437890625,0.0002437890625,4927.134818221,,,,,,,,,,,,,,,,,,,,,
1770645642.7432837,6659,3636,0.0002437890625,0.0002437890625,4927.298819845,,,,,,,,,,,,,,,,,,,,,
1770645642.8908591,6659,3637,,,4927.444568949,0.0012942991452291608,154.0,0.022342147305607796,0.0012942991452291608,0.0012942906469106674,0.9941903948783875,,,,,,,,,,,,,,,
1770645648.405565,6664,3638,,,4932.959321039,,154.0,,,,,0.9934138655662537,0.0015217293985188007,0.001521718455478549,0.02351665496826172,0.0015217293985188007,,,,,,,,,,
1770645650.0776987,6664,3639,,,4934.631606683,,154.0,,,,,,,,,,0.0016525507671758533,0.0016525507671758533,0.9927372932434082,0.0016819742741063237,0.02547028660774231,,,,,
1770645652.7248497,6669,3640,0.00024339843750000002,0.00024339843750000002,4937.280827851,,,,,,,,,,,,,,,,,,,,,
1770645652.8884244,6669,3641,0.00024339843750000002,0.00024339843750000002,4937.443818013,,,,,,,,,,,,,,,,,,,,,
1770645653.051964,6669,3642,0.00024339843750000002,0.00024339843750000002,4937.607823903,,,,,,,,,,,,,,,,,,,,,
1770645653.2161121,6669,3643,0.00024339843750000002,0.00024339843750000002,4937.771816062,,,,,,,,,,,,,,,,,,,,,
1770645653.3637276,6669,3644,,,4937.917468872,0.001342271687462926,155.0,0.023829752579331398,0.001342271687462926,0.0013422502670437098,0.9948642253875732,,,,,,,,,,,,,,,
1770645659.3035488,6679,3645,0.0002430078125,0.0002430078125,4943.858821216,,,,,,,,,,,,,,,,,,,,,
1770645659.4673674,6679,3646,0.0002430078125,0.0002430078125,4944.022815207,,,,,,,,,,,,,,,,,,,,,
1770645659.6315982,6679,3647,0.0002430078125,0.0002430078125,4944.186818563,,,,,,,,,,,,,,,,,,,,,
1770645659.796212,6679,3648,0.0002430078125,0.0002430078125,4944.351817124,,,,,,,,,,,,,,,,,,,,,
1770645659.9438622,6679,3649,,,4944.497609213,0.001562461256980896,155.0,0.024374958127737045,0.001562461256980896,0.0015624617226421833,0.9938156604766846,,,,,,,,,,,,,,,
1770645665.8823688,6689,3650,0.0002426171875,0.0002426171875,4950.437826292,,,,,,,,,,,,,,,,,,,,,
1770645666.0464118,6689,3651,0.0002426171875,0.0002426171875,4950.601821545,,,,,,,,,,,,,,,,,,,,,
1770645666.3368292,6689,3652,0.0002426171875,0.0002426171875,4950.890659063,,,,,,,,,,,,,,,,,,,,,
1770645666.5024567,6689,3653,0.0002426171875,0.0002426171875,4951.057837091,,,,,,,,,,,,,,,,,,,,,
1770645666.6498196,6689,3654,,,4951.203686966,0.0015787677839398384,155.0,0.02497994899749756,0.0015787677839398384,0.001578778144903481,0.992807924747467,,,,,,,,,,,,,,,
1770645672.5649142,6699,3655,0.0002422265625,0.0002422265625,4957.118860789,,,,,,,,,,,,,,,,,,,,,
1770645672.728942,6699,3656,0.0002422265625,0.0002422265625,4957.284855948,,,,,,,,,,,,,,,,,,,,,
1770645672.8930132,6699,3657,0.0002422265625,0.0002422265625,4957.448837591,,,,,,,,,,,,,,,,,,,,,
1770645673.0569305,6699,3658,0.0002422265625,0.0002422265625,4957.612838933,,,,,,,,,,,,,,,,,,,,,
1770645673.203729,6699,3659,,,4957.757556716,0.001544638304039836,155.0,0.024892533197999,0.001544638304039836,0.0015445818426087499,0.9933239817619324,,,,,,,,,,,,,,,
1770645680.5928156,6707,3660,,,4965.146519535,,155.0,,,,,0.9934409260749817,0.0015953675610944629,0.00159535463899374,0.024282094091176987,0.0015953675610944629,,,,,,,,,,
1770645680.5942345,6707,3661,,,4965.147885288,,155.0,,,,,,,,,,0.0016612333711236715,0.0016612333711236715,0.9928625822067261,0.00165253144223243,0.02517790161073208,,,,,
1770645681.2691026,6709,3662,0.0002418359375,0.0002418359375,4965.822986191,,,,,,,,,,,,,,,,,,,,,
1770645681.432915,6709,3663,0.0002418359375,0.0002418359375,4965.986692419,,,,,,,,,,,,,,,,,,,,,
1770645681.5970938,6709,3664,0.0002418359375,0.0002418359375,4966.152844965,,,,,,,,,,,,,,,,,,,,,
1770645681.7614083,6709,3665,0.0002418359375,0.0002418359375,4966.316840087,,,,,,,,,,,,,,,,,,,,,
1770645681.908649,6709,3666,,,4966.462461508,0.0016864895587787032,156.0,0.025455884635448456,0.0016864895587787032,0.0016864887438714504,0.993011474609375,,,,,,,,,,,,,,,
1770645687.8238034,6719,3667,0.00024144531250000001,0.00024144531250000001,4972.377734531,,,,,,,,,,,,,,,,,,,,,
1770645687.9879448,6719,3668,0.00024144531250000001,0.00024144531250000001,4972.541738847,,,,,,,,,,,,,,,,,,,,,
1770645688.15212,6719,3669,0.00024144531250000001,0.00024144531250000001,4972.70588117,,,,,,,,,,,,,,,,,,,,,
1770645688.3164196,6719,3670,0.00024144531250000001,0.00024144531250000001,4972.870181722,,,,,,,,,,,,,,,,,,,,,
1770645688.4635541,6719,3671,,,4973.017332582,0.0015198844484984875,156.0,0.024224918335676193,0.0015198844484984875,0.0015198573237285018,0.9933242201805115,,,,,,,,,,,,,,,
1770645694.3810349,6729,3672,0.0002410546875,0.0002410546875,4978.934975599,,,,,,,,,,,,,,,,,,,,,
1770645694.5452402,6729,3673,0.0002410546875,0.0002410546875,4979.100870947,,,,,,,,,,,,,,,,,,,,,
1770645694.7093787,6729,3674,0.0002410546875,0.0002410546875,4979.264840491,,,,,,,,,,,,,,,,,,,,,
1770645694.8732479,6729,3675,0.0002410546875,0.0002410546875,4979.428843244,,,,,,,,,,,,,,,,,,,,,
1770645695.0199423,6729,3676,,,4979.573807197,0.0012058868305757642,156.0,0.021531566977500916,0.0012058868305757642,0.0012058800784870982,0.9950997829437256,,,,,,,,,,,,,,,
1770645700.937185,6739,3677,0.0002406640625,0.0002406640625,4985.491130134,,,,,,,,,,,,,,,,,,,,,
1770645701.1017559,6739,3678,0.0002406640625,0.0002406640625,4985.65554023,,,,,,,,,,,,,,,,,,,,,
1770645701.2661552,6739,3679,0.0002406640625,0.0002406640625,4985.821841238,,,,,,,,,,,,,,,,,,,,,
1770645701.4306297,6739,3680,0.0002406640625,0.0002406640625,4985.985843781,,,,,,,,,,,,,,,,,,,,,
1770645701.5776114,6739,3681,,,4986.131387835,0.0015337165677919984,156.0,0.025155099108815193,0.0015337165677919984,0.001533705391921103,0.9936037659645081,,,,,,,,,,,,,,,
1770645707.4932933,6749,3682,0.0002402734375,0.0002402734375,4992.047235797,,,,,,,,,,,,,,,,,,,,,
1770645707.657627,6749,3683,0.0002402734375,0.0002402734375,4992.211450308,,,,,,,,,,,,,,,,,,,,,
1770645707.8219182,6749,3684,0.0002402734375,0.0002402734375,4992.37571831,,,,,,,,,,,,,,,,,,,,,
1770645707.9860013,6749,3685,0.0002402734375,0.0002402734375,4992.539825069,,,,,,,,,,,,,,,,,,,,,
1770645708.1333318,6749,3686,,,4992.687098713,0.0016471307026222348,156.0,0.024798715487122536,0.0016471307026222348,0.001647112425416708,0.9926686882972717,,,,,,,,,,,,,,,
1770645710.9408925,6750,3687,,,4995.49466176,,156.0,,,,,0.9934459328651428,0.001532541704364121,0.0015325243584811687,0.023733122274279594,0.001532541704364121,,,,,,,,,,
1770645712.7176447,6750,3688,,,4997.271739834,,156.0,,,,,,,,,,0.00163658254314214,0.00163658254314214,0.9928275346755981,0.0016612192848697305,0.025289518758654594,,,,,
1770645718.2752707,6759,3689,0.0002398828125,0.0002398828125,5002.829152913,,,,,,,,,,,,,,,,,,,,,
1770645718.4400237,6759,3690,0.0002398828125,0.0002398828125,5002.995845238,,,,,,,,,,,,,,,,,,,,,
1770645718.6043274,6759,3691,0.0002398828125,0.0002398828125,5003.159842523,,,,,,,,,,,,,,,,,,,,,
1770645718.7686083,6759,3692,0.0002398828125,0.0002398828125,5003.323838625,,,,,,,,,,,,,,,,,,,,,
1770645718.9157505,6759,3693,,,5003.469559134,0.001323995878919959,157.0,0.023871801793575287,0.001323995878919959,0.0013239923864603043,0.9945217967033386,,,,,,,,,,,,,,,
1770645724.8369422,6769,3694,0.0002394921875,0.0002394921875,5009.392902852,,,,,,,,,,,,,,,,,,,,,
1770645725.0010936,6769,3695,0.0002394921875,0.0002394921875,5009.556850532,,,,,,,,,,,,,,,,,,,,,
1770645725.1656055,6769,3696,0.0002394921875,0.0002394921875,5009.720858692,,,,,,,,,,,,,,,,,,,,,
1770645725.3305223,6769,3697,0.0002394921875,0.0002394921875,5009.885843831,,,,,,,,,,,,,,,,,,,,,
1770645725.477904,6769,3698,,,5010.031670109,0.0013849535025656223,157.0,0.0228120069950819,0.0013849535025656223,0.0013849381357431412,0.9939043521881104,,,,,,,,,,,,,,,
1770645731.404106,6779,3699,0.0002391015625,0.0002391015625,5015.959875687,,,,,,,,,,,,,,,,,,,,,
1770645731.568161,6779,3700,0.0002391015625,0.0002391015625,5016.123842345,,,,,,,,,,,,,,,,,,,,,
1770645731.7324376,6779,3701,0.0002391015625,0.0002391015625,5016.287841662,,,,,,,,,,,,,,,,,,,,,
1770645731.89657,6779,3702,0.0002391015625,0.0002391015625,5016.451838605,,,,,,,,,,,,,,,,,,,,,
1770645732.0437214,6779,3703,,,5016.597500626,0.0021155131980776787,157.0,0.028571784496307373,0.0021155131980776787,0.00211548269726336,0.9911932349205017,,,,,,,,,,,,,,,
1770645737.9650378,6789,3704,0.0002387109375,0.0002387109375,5022.518971762,,,,,,,,,,,,,,,,,,,,,
1770645738.1300206,6789,3705,0.0002387109375,0.0002387109375,5022.68585871,,,,,,,,,,,,,,,,,,,,,
1770645738.294216,6789,3706,0.0002387109375,0.0002387109375,5022.84984076,,,,,,,,,,,,,,,,,,,,,
1770645738.4582853,6789,3707,0.0002387109375,0.0002387109375,5023.013839015,,,,,,,,,,,,,,,,,,,,,
1770645738.6055279,6789,3708,,,5023.159302598,0.0016903022769838572,157.0,0.02675185725092888,0.0016903022769838572,0.0016902568750083447,0.9925029873847961,,,,,,,,,,,,,,,
1770645743.3963609,6793,3709,,,5027.950121992,,157.0,,,,,0.9936016798019409,0.0015283100074157119,0.0015282939421012998,0.024069590494036674,0.0015283100074157119,,,,,,,,,,
1770645745.2326782,6793,3710,,,5029.786688591,,157.0,,,,,,,,,,0.0016501981299370527,0.0016501981299370527,0.9929342269897461,0.0016365662449970841,0.025049956515431404,,,,,
1770645748.5441575,6799,3711,0.0002383203125,0.0002383203125,5033.098077326,,,,,,,,,,,,,,,,,,,,,
1770645748.7083359,6799,3712,0.0002383203125,0.0002383203125,5033.26217508,,,,,,,,,,,,,,,,,,,,,
1770645748.8724856,6799,3713,0.0002383203125,0.0002383203125,5033.426288668,,,,,,,,,,,,,,,,,,,,,
1770645749.0367332,6799,3714,0.0002383203125,0.0002383203125,5033.592858148,,,,,,,,,,,,,,,,,,,,,
1770645749.1838517,6799,3715,,,5033.737612804,0.002719527343288064,158.0,0.02851172164082527,0.002719527343288064,0.002719521289691329,0.9886889457702637,,,,,,,,,,,,,,,
1770645755.1063483,6809,3716,0.0002379296875,0.0002379296875,5039.660275991,,,,,,,,,,,,,,,,,,,,,
1770645755.2709308,6809,3717,0.0002379296875,0.0002379296875,5039.826864269,,,,,,,,,,,,,,,,,,,,,
1770645755.4351256,6809,3718,0.0002379296875,0.0002379296875,5039.990841712,,,,,,,,,,,,,,,,,,,,,
1770645755.6006904,6809,3719,0.0002379296875,0.0002379296875,5040.155842904,,,,,,,,,,,,,,,,,,,,,
1770645755.7478104,6809,3720,,,5040.301579897,0.0015090868109837174,158.0,0.02436022274196148,0.0015090868109837174,0.001509075635112822,0.9939864277839661,,,,,,,,,,,,,,,
1770645761.7130473,6819,3721,0.0002375390625,0.0002375390625,5046.266971928,,,,,,,,,,,,,,,,,,,,,
1770645761.8779392,6819,3722,0.0002375390625,0.0002375390625,5046.433863121,,,,,,,,,,,,,,,,,,,,,
1770645762.0421896,6819,3723,0.0002375390625,0.0002375390625,5046.597841626,,,,,,,,,,,,,,,,,,,,,
1770645762.2065413,6819,3724,0.0002375390625,0.0002375390625,5046.761841663,,,,,,,,,,,,,,,,,,,,,
1770645762.353595,6819,3725,,,5046.907419105,0.001643576193600893,158.0,0.025309912860393524,0.001643576193600893,0.001643566065467894,0.993197500705719,,,,,,,,,,,,,,,
1770645768.275704,6829,3726,0.0002371484375,0.0002371484375,5052.829634432,,,,,,,,,,,,,,,,,,,,,
1770645768.4399056,6829,3727,0.0002371484375,0.0002371484375,5052.995862488,,,,,,,,,,,,,,,,,,,,,
1770645768.6042056,6829,3728,0.0002371484375,0.0002371484375,5053.159843596,,,,,,,,,,,,,,,,,,,,,
1770645768.7685022,6829,3729,0.0002371484375,0.0002371484375,5053.323845346,,,,,,,,,,,,,,,,,,,,,
1770645768.9156003,6829,3730,,,5053.469403469,0.0018324201228097081,158.0,0.025589732453227043,0.0018324201228097081,0.0018324055708944798,0.9921426773071289,,,,,,,,,,,,,,,
1770645775.664963,6836,3731,,,5060.218709058,,158.0,,,,,0.9934757947921753,0.0015883597079664469,0.0015883487649261951,0.02456855960190296,0.0015883597079664469,,,,,,,,,,
1770645775.6664317,6836,3732,,,5060.220102022,,158.0,,,,,,,,,,0.0016347080236300826,0.0016347080236300826,0.992877185344696,0.0016501821810379624,0.025143306702375412,,,,,
1770645776.9983382,6839,3733,0.00023675781250000002,0.00023675781250000002,5061.552273677,,,,,,,,,,,,,,,,,,,,,
1770645777.1629074,6839,3734,0.00023675781250000002,0.00023675781250000002,5061.718872009,,,,,,,,,,,,,,,,,,,,,
1770645777.3273904,6839,3735,0.00023675781250000002,0.00023675781250000002,5061.881185961,,,,,,,,,,,,,,,,,,,,,
1770645777.491786,6839,3736,0.00023675781250000002,0.00023675781250000002,5062.047861058,,,,,,,,,,,,,,,,,,,,,
1770645777.638742,6839,3737,,,5062.192570236,0.001646901131607592,159.0,0.025881526991724968,0.001646901131607592,0.0016468976391479373,0.9931630492210388,,,,,,,,,,,,,,,
1770645783.5666711,6849,3738,0.0002363671875,0.0002363671875,5068.120603969,,,,,,,,,,,,,,,,,,,,,
1770645783.731242,6849,3739,0.0002363671875,0.0002363671875,5068.285081203,,,,,,,,,,,,,,,,,,,,,
1770645783.8955612,6849,3740,0.0002363671875,0.0002363671875,5068.450862607,,,,,,,,,,,,,,,,,,,,,
1770645784.060093,6849,3741,0.0002363671875,0.0002363671875,5068.615837068,,,,,,,,,,,,,,,,,,,,,
1770645784.2074645,6849,3742,,,5068.761335561,0.0015132902190089226,159.0,0.025027280673384666,0.0015132902190089226,0.001513279159553349,0.9937291741371155,,,,,,,,,,,,,,,
1770645790.1387682,6859,3743,0.0002359765625,0.0002359765625,5074.694888143,,,,,,,,,,,,,,,,,,,,,
1770645790.3033252,6859,3744,0.0002359765625,0.0002359765625,5074.8588484,,,,,,,,,,,,,,,,,,,,,
1770645790.467742,6859,3745,0.0002359765625,0.0002359765625,5075.023837572,,,,,,,,,,,,,,,,,,,,,
1770645790.6323764,6859,3746,0.0002359765625,0.0002359765625,5075.187844369,,,,,,,,,,,,,,,,,,,,,
1770645790.7794712,6859,3747,,,5075.333276021,0.0022010772954672575,159.0,0.026354851201176643,0.0022010772954672575,0.002201060065999627,0.9900829195976257,,,,,,,,,,,,,,,
1770645796.7069335,6869,3748,0.0002355859375,0.0002355859375,5081.262878387,,,,,,,,,,,,,,,,,,,,,
1770645796.8712325,6869,3749,0.0002355859375,0.0002355859375,5081.426839835,,,,,,,,,,,,,,,,,,,,,
1770645797.0351093,6869,3750,0.0002355859375,0.0002355859375,5081.590833381,,,,,,,,,,,,,,,,,,,,,
1770645797.199147,6869,3751,0.0002355859375,0.0002355859375,5081.754830382,,,,,,,,,,,,,,,,,,,,,
1770645797.3466854,6869,3752,,,5081.900519591,0.0016220565885305405,159.0,0.02498834952712059,0.0016220565885305405,0.0016220476245507598,0.9934453964233398,,,,,,,,,,,,,,,
1770645803.2781234,6879,3753,0.0002351953125,0.0002351953125,5087.832094274,,,,,,,,,,,,,,,,,,,,,
1770645803.4426003,6879,3754,0.0002351953125,0.0002351953125,5087.997862257,,,,,,,,,,,,,,,,,,,,,
1770645803.6068819,6879,3755,0.0002351953125,0.0002351953125,5088.162837739,,,,,,,,,,,,,,,,,,,,,
1770645803.7598684,6879,3756,0.0002351953125,0.0002351953125,5088.313946054,,,,,,,,,,,,,,,,,,,,,
1770645803.819511,6879,3757,,,5088.373367931,0.0018602035706862807,159.0,0.02691243775188923,0.0018602035706862807,0.0018601594492793083,0.9918527007102966,,,,,,,,,,,,,,,
1770645806.0775485,6879,3758,,,5090.631292349,,159.0,,,,,0.9935588240623474,0.0015925036277621984,0.0015924932667985559,0.024584874510765076,0.0015925036277621984,,,,,,,,,,
1770645806.0790093,6879,3759,,,5090.632673686,,159.0,,,,,,,,,,0.0016144628170877695,0.0016144628170877695,0.9929391741752625,0.001634691609069705,0.02505662851035595,,,,,
1770645812.006266,6889,3760,0.00023480468750000001,0.00023480468750000001,5096.560183987,,,,,,,,,,,,,,,,,,,,,
1770645812.1708593,6889,3761,0.00023480468750000001,0.00023480468750000001,5096.726856149,,,,,,,,,,,,,,,,,,,,,
1770645812.335217,6889,3762,0.00023480468750000001,0.00023480468750000001,5096.890834292,,,,,,,,,,,,,,,,,,,,,
1770645812.4991162,6889,3763,0.00023480468750000001,0.00023480468750000001,5097.054834297,,,,,,,,,,,,,,,,,,,,,
1770645812.6467776,6889,3764,,,5097.200603226,0.0015280963853001595,160.0,0.024985577911138535,0.0015280963853001595,0.0015280890511348844,0.9935024380683899,,,,,,,,,,,,,,,
1770645818.5721238,6899,3765,0.0002344140625,0.0002344140625,5103.126058049,,,,,,,,,,,,,,,,,,,,,
1770645818.7367408,6899,3766,0.0002344140625,0.0002344140625,5103.290555762,,,,,,,,,,,,,,,,,,,,,
1770645818.9011068,6899,3767,0.0002344140625,0.0002344140625,5103.456854262,,,,,,,,,,,,,,,,,,,,,
1770645819.0653474,6899,3768,0.0002344140625,0.0002344140625,5103.620826496,,,,,,,,,,,,,,,,,,,,,
1770645819.212938,6899,3769,,,5103.76671893,0.0012404856970533729,160.0,0.02241140976548195,0.0012404856970533729,0.0012404827866703272,0.9952216744422913,,,,,,,,,,,,,,,
1770645825.1439896,6909,3770,0.0002340234375,0.0002340234375,5109.699877796,,,,,,,,,,,,,,,,,,,,,
1770645825.3081954,6909,3771,0.0002340234375,0.0002340234375,5109.863836519,,,,,,,,,,,,,,,,,,,,,
1770645825.4721792,6909,3772,0.0002340234375,0.0002340234375,5110.027835993,,,,,,,,,,,,,,,,,,,,,
1770645825.636548,6909,3773,0.0002340234375,0.0002340234375,5110.191831431,,,,,,,,,,,,,,,,,,,,,
1770645825.7840462,6909,3774,,,5110.337921222,0.001619680435396731,160.0,0.024548033252358437,0.001619680435396731,0.001619674381799996,0.993284285068512,,,,,,,,,,,,,,,
1770645831.709989,6919,3775,0.0002336328125,0.0002336328125,5116.265876247,,,,,,,,,,,,,,,,,,,,,
1770645831.8748085,6919,3776,0.0002336328125,0.0002336328125,5116.430834913,,,,,,,,,,,,,,,,,,,,,
1770645832.0392666,6919,3777,0.0002336328125,0.0002336328125,5116.594832944,,,,,,,,,,,,,,,,,,,,,
1770645832.2041967,6919,3778,0.0002336328125,0.0002336328125,5116.75983178,,,,,,,,,,,,,,,,,,,,,
1770645832.3518534,6919,3779,,,5116.905706648,0.001770084141753614,160.0,0.026364022865891457,0.001770084141753614,0.0017700482858344913,0.991957426071167,,,,,,,,,,,,,,,
1770645836.4775686,6922,3780,,,5121.03129913,,160.0,,,,,0.9935182929039001,0.0015779961831867695,0.0015779787208884954,0.024128513410687447,0.0015779961831867695,,,,,,,,,,
1770645836.4790144,6922,3781,,,5121.032684613,,160.0,,,,,,,,,,0.0016229263273999095,0.0016229263273999095,0.9930325746536255,0.0016144448891282082,0.024813879281282425,,,,,
1770645840.4381604,6929,3782,0.0002332421875,0.0002332421875,5124.992082117,,,,,,,,,,,,,,,,,,,,,
1770645840.602855,6929,3783,0.0002332421875,0.0002332421875,5125.156678908,,,,,,,,,,,,,,,,,,,,,
1770645840.7671883,6929,3784,0.0002332421875,0.0002332421875,5125.322860582,,,,,,,,,,,,,,,,,,,,,
1770645840.9316652,6929,3785,0.0002332421875,0.0002332421875,5125.487836984,,,,,,,,,,,,,,,,,,,,,
1770645841.0793173,6929,3786,,,5125.6331718,0.001439055078662932,161.0,0.02410084940493107,0.001439055078662932,0.0014390480937436223,0.993789553642273,,,,,,,,,,,,,,,
1770645847.0053241,6939,3787,0.0002328515625,0.0002328515625,5131.559237326,,,,,,,,,,,,,,,,,,,,,
1770645847.1701183,6939,3788,0.0002328515625,0.0002328515625,5131.723921078,,,,,,,,,,,,,,,,,,,,,
1770645847.3346624,6939,3789,0.0002328515625,0.0002328515625,5131.889840517,,,,,,,,,,,,,,,,,,,,,
1770645847.49859,6939,3790,0.0002328515625,0.0002328515625,5132.053834482,,,,,,,,,,,,,,,,,,,,,
1770645847.6459463,6939,3791,,,5132.199767166,0.001535708666779101,161.0,0.024836279451847076,0.001535708666779101,0.0015356863150373101,0.9932129979133606,,,,,,,,,,,,,,,
1770645853.5739214,6949,3792,0.0002324609375,0.0002324609375,5138.127860963,,,,,,,,,,,,,,,,,,,,,
1770645853.7387543,6949,3793,0.0002324609375,0.0002324609375,5138.294861487,,,,,,,,,,,,,,,,,,,,,
1770645853.9031706,6949,3794,0.0002324609375,0.0002324609375,5138.458836674,,,,,,,,,,,,,,,,,,,,,
1770645854.0673718,6949,3795,0.0002324609375,0.0002324609375,5138.622838561,,,,,,,,,,,,,,,,,,,,,
1770645854.2148182,6949,3796,,,5138.768639637,0.002130907028913498,161.0,0.027730843052268028,0.002130907028913498,0.0021309033036231995,0.9908930659294128,,,,,,,,,,,,,,,
1770645860.1386902,6959,3797,0.0002320703125,0.0002320703125,5144.692606602,,,,,,,,,,,,,,,,,,,,,
1770645860.302807,6959,3798,0.0002320703125,0.0002320703125,5144.858862717,,,,,,,,,,,,,,,,,,,,,
1770645860.4675052,6959,3799,0.0002320703125,0.0002320703125,5145.022832094,,,,,,,,,,,,,,,,,,,,,
1770645860.6319969,6959,3800,0.0002320703125,0.0002320703125,5145.187828906,,,,,,,,,,,,,,,,,,,,,
1770645860.779672,6959,3801,,,5145.333507738,0.0015102550387382507,161.0,0.024163203313946724,0.0015102550387382507,0.0015102403704077005,0.9934946298599243,,,,,,,,,,,,,,,
1770645866.88172,6965,3802,,,5151.435449366,,161.0,,,,,0.9935914874076843,0.0015833976212888956,0.0015833753859624267,0.024246513843536377,0.0015833976212888956,,,,,,,,,,
1770645866.8831747,6965,3803,,,5151.436847408,,161.0,,,,,,,,,,0.0016137129859998822,0.0016137129859998822,0.9929949045181274,0.0016229115426540375,0.02497035264968872,,,,,
1770645868.8722546,6969,3804,0.0002316796875,0.0002316796875,5153.426181888,,,,,,,,,,,,,,,,,,,,,
1770645869.0370653,6969,3805,0.0002316796875,0.0002316796875,5153.592846056,,,,,,,,,,,,,,,,,,,,,
1770645869.2021613,6969,3806,0.0002316796875,0.0002316796875,5153.755927108,,,,,,,,,,,,,,,,,,,,,
1770645869.3666487,6969,3807,0.0002316796875,0.0002316796875,5153.921854679,,,,,,,,,,,,,,,,,,,,,
1770645869.5142407,6969,3808,,,5154.068077198,0.0014178401324898005,162.0,0.02429797127842903,0.0014178401324898005,0.0014178308192640543,0.9941824078559875,,,,,,,,,,,,,,,
1770645875.4419177,6979,3809,0.0002312890625,0.0002312890625,5159.995847572,,,,,,,,,,,,,,,,,,,,,
1770645875.608354,6979,3810,0.0002312890625,0.0002312890625,5160.163844143,,,,,,,,,,,,,,,,,,,,,
1770645875.7730052,6979,3811,0.0002312890625,0.0002312890625,5160.328833493,,,,,,,,,,,,,,,,,,,,,
1770645875.9377372,6979,3812,0.0002312890625,0.0002312890625,5160.493837535,,,,,,,,,,,,,,,,,,,,,
1770645876.0852423,6979,3813,,,5160.63909286,0.0018188441172242165,162.0,0.025904299691319466,0.0018188441172242165,0.0018188582034781575,0.9922294616699219,,,,,,,,,,,,,,,
1770645882.0175276,6989,3814,0.0002308984375,0.0002308984375,5166.571453977,,,,,,,,,,,,,,,,,,,,,
1770645882.181917,6989,3815,0.0002308984375,0.0002308984375,5166.735704046,,,,,,,,,,,,,,,,,,,,,
1770645882.3464093,6989,3816,0.0002308984375,0.0002308984375,5166.901832979,,,,,,,,,,,,,,,,,,,,,
1770645882.5105016,6989,3817,0.0002308984375,0.0002308984375,5167.065832181,,,,,,,,,,,,,,,,,,,,,
1770645882.6580706,6989,3818,,,5167.211933086,0.0015881677391007543,162.0,0.024795619770884514,0.0015881677391007543,0.001588167971931398,0.9935436248779297,,,,,,,,,,,,,,,
1770645888.5858395,6999,3819,0.0002305078125,0.0002305078125,5173.139778928,,,,,,,,,,,,,,,,,,,,,
1770645888.750277,6999,3820,0.0002305078125,0.0002305078125,5173.30585454,,,,,,,,,,,,,,,,,,,,,
1770645888.915015,6999,3821,0.0002305078125,0.0002305078125,5173.470840655,,,,,,,,,,,,,,,,,,,,,
1770645889.0799632,6999,3822,0.0002305078125,0.0002305078125,5173.633668266,,,,,,,,,,,,,,,,,,,,,
1770645889.2276855,6999,3823,,,5173.781480594,0.0015338282100856304,162.0,0.024569889530539513,0.0015338282100856304,0.0015337789664044976,0.9935523867607117,,,,,,,,,,,,,,,
1770645897.2987711,7008,3824,,,5181.852510339,,162.0,,,,,0.9934872388839722,0.001570152584463358,0.0015701331431046128,0.023964814841747284,0.001570152584463358,,,,,,,,,,
1770645897.3002377,7008,3825,,,5181.853892076,,162.0,,,,,,,,,,0.001620623515918851,0.001620623515918851,0.9930329918861389,0.001613699714653194,0.02478243224322796,,,,,
1770645897.320698,7009,3826,0.0002301171875,0.0002301171875,5181.875819789,,,,,,,,,,,,,,,,,,,,,
1770645897.484814,7009,3827,0.0002301171875,0.0002301171875,5182.04083003,,,,,,,,,,,,,,,,,,,,,
1770645897.6491985,7009,3828,0.0002301171875,0.0002301171875,5182.204851004,,,,,,,,,,,,,,,,,,,,,
1770645897.8134382,7009,3829,0.0002301171875,0.0002301171875,5182.368828863,,,,,,,,,,,,,,,,,,,,,
1770645897.9610312,7009,3830,,,5182.514871711,0.001572397886775434,163.0,0.025454893708229065,0.001572397886775434,0.0015723916003480554,0.9936290979385376,,,,,,,,,,,,,,,
1770645903.8877814,7019,3831,0.0002297265625,0.0002297265625,5188.441720755,,,,,,,,,,,,,,,,,,,,,
1770645904.0523365,7019,3832,0.0002297265625,0.0002297265625,5188.606124724,,,,,,,,,,,,,,,,,,,,,
1770645904.216415,7019,3833,0.0002297265625,0.0002297265625,5188.771847145,,,,,,,,,,,,,,,,,,,,,
1770645904.3806717,7019,3834,0.0002297265625,0.0002297265625,5188.936835093,,,,,,,,,,,,,,,,,,,,,
1770645904.5280402,7019,3835,,,5189.081867201,0.0017027577850967646,163.0,0.02494976483285427,0.0017027577850967646,0.001702781766653061,0.9928523302078247,,,,,,,,,,,,,,,
1770645910.4581542,7029,3836,0.00022933593750000002,0.00022933593750000002,5195.01205102,,,,,,,,,,,,,,,,,,,,,
1770645910.6227732,7029,3837,0.00022933593750000002,0.00022933593750000002,5195.178853305,,,,,,,,,,,,,,,,,,,,,
1770645910.787124,7029,3838,0.00022933593750000002,0.00022933593750000002,5195.342838745,,,,,,,,,,,,,,,,,,,,,
1770645910.9513786,7029,3839,0.00022933593750000002,0.00022933593750000002,5195.506838206,,,,,,,,,,,,,,,,,,,,,
1770645911.0988991,7029,3840,,,5195.652700702,0.0014369876589626074,163.0,0.024307427927851677,0.0014369876589626074,0.0014369847485795617,0.9943822026252747,,,,,,,,,,,,,,,
1770645917.0255423,7039,3841,0.0002289453125,0.0002289453125,5201.579482249,,,,,,,,,,,,,,,,,,,,,
1770645917.1900957,7039,3842,0.0002289453125,0.0002289453125,5201.745853265,,,,,,,,,,,,,,,,,,,,,
1770645917.3546946,7039,3843,0.0002289453125,0.0002289453125,5201.910846049,,,,,,,,,,,,,,,,,,,,,
1770645917.519307,7039,3844,0.0002289453125,0.0002289453125,5202.07483945,,,,,,,,,,,,,,,,,,,,,
1770645917.6668763,7039,3845,,,5202.220706143,0.0013720681890845299,163.0,0.023419547826051712,0.0013720681890845299,0.0013720863498747349,0.9936781525611877,,,,,,,,,,,,,,,
1770645923.5908499,7049,3846,0.0002285546875,0.0002285546875,5208.144780833,,,,,,,,,,,,,,,,,,,,,
1770645923.7552679,7049,3847,0.0002285546875,0.0002285546875,5208.310853761,,,,,,,,,,,,,,,,,,,,,
1770645923.919836,7049,3848,0.0002285546875,0.0002285546875,5208.475837761,,,,,,,,,,,,,,,,,,,,,
1770645924.0840614,7049,3849,0.0002285546875,0.0002285546875,5208.639837732,,,,,,,,,,,,,,,,,,,,,
1770645924.231552,7049,3850,,,5208.785322671,0.0015358837554231286,163.0,0.024451345205307007,0.0015358837554231286,0.0015358540695160627,0.9937270283699036,,,,,,,,,,,,,,,
1770645927.7059467,7051,3851,,,5212.25966522,,163.0,,,,,0.9935145378112793,0.0018142927438020706,0.0018142719054594636,0.026760216802358627,0.0018142927438020706,,,,,,,,,,
1770645927.7074354,7051,3852,,,5212.261106797,,163.0,,,,,,,,,,0.001631007413379848,0.001631007413379848,0.9930105805397034,0.0016206068685278296,0.024898814037442207,,,,,
1770645932.324379,7059,3853,0.0002281640625,0.0002281640625,5216.878312199,,,,,,,,,,,,,,,,,,,,,
1770645932.4888713,7059,3854,0.0002281640625,0.0002281640625,5217.044856154,,,,,,,,,,,,,,,,,,,,,
1770645932.6537697,7059,3855,0.0002281640625,0.0002281640625,5217.209837641,,,,,,,,,,,,,,,,,,,,,
1770645932.8183749,7059,3856,0.0002281640625,0.0002281640625,5217.373845063,,,,,,,,,,,,,,,,,,,,,
1770645932.9659054,7059,3857,,,5217.519653017,0.001466485788114369,164.0,0.023901954293251038,0.001466485788114369,0.0014664800837635994,0.993395209312439,,,,,,,,,,,,,,,
1770645938.8981879,7069,3858,0.0002277734375,0.0002277734375,5223.452125442,,,,,,,,,,,,,,,,,,,,,
1770645939.0628135,7069,3859,0.0002277734375,0.0002277734375,5223.618828597,,,,,,,,,,,,,,,,,,,,,
1770645939.227402,7069,3860,0.0002277734375,0.0002277734375,5223.782836409,,,,,,,,,,,,,,,,,,,,,
1770645939.391507,7069,3861,0.0002277734375,0.0002277734375,5223.946845093,,,,,,,,,,,,,,,,,,,,,
1770645939.5390599,7069,3862,,,5224.092880869,0.0014916196232661605,164.0,0.024630006402730942,0.0014916196232661605,0.0014915941283106804,0.9946680665016174,,,,,,,,,,,,,,,
1770645945.4689507,7079,3863,0.00022738281250000002,0.00022738281250000002,5230.024901878,,,,,,,,,,,,,,,,,,,,,
1770645945.6332824,7079,3864,0.00022738281250000002,0.00022738281250000002,5230.188837261,,,,,,,,,,,,,,,,,,,,,
1770645945.797583,7079,3865,0.00022738281250000002,0.00022738281250000002,5230.352839946,,,,,,,,,,,,,,,,,,,,,
1770645945.9623878,7079,3866,0.00022738281250000002,0.00022738281250000002,5230.517834421,,,,,,,,,,,,,,,,,,,,,
1770645946.1101258,7079,3867,,,5230.663960213,0.001601388561539352,164.0,0.024935049936175346,0.001601388561539352,0.0016013808781281114,0.9928911328315735,,,,,,,,,,,,,,,
1770645952.0407956,7089,3868,0.0002269921875,0.0002269921875,5236.594713758,,,,,,,,,,,,,,,,,,,,,
1770645952.205664,7089,3869,0.0002269921875,0.0002269921875,5236.759476385,,,,,,,,,,,,,,,,,,,,,
1770645952.3700953,7089,3870,0.0002269921875,0.0002269921875,5236.925856964,,,,,,,,,,,,,,,,,,,,,
1770645952.534183,7089,3871,0.0002269921875,0.0002269921875,5237.089836233,,,,,,,,,,,,,,,,,,,,,
1770645952.6817813,7089,3872,,,5237.235605108,0.0018594323191791773,164.0,0.02554812654852867,0.0018594323191791773,0.001859404961578548,0.9920002818107605,,,,,,,,,,,,,,,
1770645958.1577282,7094,3873,,,5242.711479065,,164.0,,,,,0.9936526417732239,0.0014989027986302972,0.0014988851035013795,0.023408401757478714,0.0014989027986302972,,,,,,,,,,
1770645959.7153385,7094,3874,,,5244.269299562,,164.0,,,,,,,,,,0.001617623958736658,0.001617623958736658,0.992958128452301,0.0016309887869283557,0.02500370889902115,,,,,
1770645962.3714116,7099,3875,0.0002266015625,0.0002266015625,5246.925329232,,,,,,,,,,,,,,,,,,,,,
1770645962.5355756,7099,3876,0.0002266015625,0.0002266015625,5247.089391295,,,,,,,,,,,,,,,,,,,,,
1770645962.7002656,7099,3877,0.0002266015625,0.0002266015625,5247.255861358,,,,,,,,,,,,,,,,,,,,,
1770645962.8640082,7099,3878,0.0002266015625,0.0002266015625,5247.419839926,,,,,,,,,,,,,,,,,,,,,
1770645963.0114448,7099,3879,,,5247.565262971,0.0015648857224732637,165.0,0.025303669273853302,0.0015648857224732637,0.0015648745466023684,0.9937037229537964,,,,,,,,,,,,,,,
1770645968.9351466,7109,3880,0.00022621093749999999,0.00022621093749999999,5253.489066729,,,,,,,,,,,,,,,,,,,,,
1770645969.0996897,7109,3881,0.00022621093749999999,0.00022621093749999999,5253.654842147,,,,,,,,,,,,,,,,,,,,,
1770645969.2637923,7109,3882,0.00022621093749999999,0.00022621093749999999,5253.819828871,,,,,,,,,,,,,,,,,,,,,
1770645969.4277222,7109,3883,0.00022621093749999999,0.00022621093749999999,5253.983836111,,,,,,,,,,,,,,,,,,,,,
1770645969.5751975,7109,3884,,,5254.128938724,0.001698621897958219,165.0,0.02607554942369461,0.001698621897958219,0.0016986081609502435,0.9928642511367798,,,,,,,,,,,,,,,
1770645975.491674,7119,3885,0.0002258203125,0.0002258203125,5260.045602361,,,,,,,,,,,,,,,,,,,,,
1770645975.6564484,7119,3886,0.0002258203125,0.0002258203125,5260.210268281,,,,,,,,,,,,,,,,,,,,,
1770645975.8203642,7119,3887,0.0002258203125,0.0002258203125,5260.375844941,,,,,,,,,,,,,,,,,,,,,
1770645975.984267,7119,3888,0.0002258203125,0.0002258203125,5260.539832933,,,,,,,,,,,,,,,,,,,,,
1770645976.1315856,7119,3889,,,5260.685422457,0.0015291685704141855,165.0,0.024958625435829163,0.0015291685704141855,0.0015291376039385796,0.9933794140815735,,,,,,,,,,,,,,,
1770645982.071329,7129,3890,0.00022542968750000002,0.00022542968750000002,5266.625251058,,,,,,,,,,,,,,,,,,,,,
1770645982.2357433,7129,3891,0.00022542968750000002,0.00022542968750000002,5266.791858437,,,,,,,,,,,,,,,,,,,,,
1770645982.4004488,7129,3892,0.00022542968750000002,0.00022542968750000002,5266.955837535,,,,,,,,,,,,,,,,,,,,,
1770645982.5646856,7129,3893,0.00022542968750000002,0.00022542968750000002,5267.119851545,,,,,,,,,,,,,,,,,,,,,
1770645982.7121525,7129,3894,,,5267.26601367,0.001458074664697051,165.0,0.02345709130167961,0.001458074664697051,0.0014580534771084785,0.9941092729568481,,,,,,,,,,,,,,,
1770645990.1098814,7137,3895,,,5274.663674306,,165.0,,,,,0.993630051612854,0.0015203786315396428,0.0015203573275357485,0.023645199835300446,0.0015203786315396428,,,,,,,,,,
1770645991.7286098,7137,3896,,,5276.282646607,,165.0,,,,,,,,,,0.0016007083468139172,0.0016007083468139172,0.9930170774459839,0.0016176090575754642,0.02496631257236004,,,,,
1770645992.4145944,7139,3897,0.0002250390625,0.0002250390625,5276.969891562,,,,,,,,,,,,,,,,,,,,,
1770645992.5784416,7139,3898,0.0002250390625,0.0002250390625,5277.133839012,,,,,,,,,,,,,,,,,,,,,
1770645992.742997,7139,3899,0.0002250390625,0.0002250390625,5277.298836711,,,,,,,,,,,,,,,,,,,,,
1770645992.907705,7139,3900,0.0002250390625,0.0002250390625,5277.463834199,,,,,,,,,,,,,,,,,,,,,
1770645993.055117,7139,3901,,,5277.608897763,0.0016867158701643348,166.0,0.026195194572210312,0.0016867158701643348,0.0016867035301402211,0.9928976893424988,,,,,,,,,,,,,,,
1770645998.9750385,7149,3902,0.0002246484375,0.0002246484375,5283.530883261,,,,,,,,,,,,,,,,,,,,,
1770645999.1396258,7149,3903,0.0002246484375,0.0002246484375,5283.69483639,,,,,,,,,,,,,,,,,,,,,
1770645999.3042095,7149,3904,0.0002246484375,0.0002246484375,5283.859830543,,,,,,,,,,,,,,,,,,,,,
1770645999.467929,7149,3905,0.0002246484375,0.0002246484375,5284.023830442,,,,,,,,,,,,,,,,,,,,,
1770645999.6151307,7149,3906,,,5284.168958552,0.0019084366504102945,166.0,0.026109829545021057,0.0019084366504102945,0.0019084133673459291,0.9921764135360718,,,,,,,,,,,,,,,
1770646005.5347097,7159,3907,0.00022425781249999998,0.00022425781249999998,5290.088636113,,,,,,,,,,,,,,,,,,,,,
1770646005.6992369,7159,3908,0.00022425781249999998,0.00022425781249999998,5290.254864201,,,,,,,,,,,,,,,,,,,,,
1770646005.8634188,7159,3909,0.00022425781249999998,0.00022425781249999998,5290.418834976,,,,,,,,,,,,,,,,,,,,,
1770646006.0273962,7159,3910,0.00022425781249999998,0.00022425781249999998,5290.58283204,,,,,,,,,,,,,,,,,,,,,
1770646006.1747348,7159,3911,,,5290.728550167,0.0016327337361872196,166.0,0.02498573809862137,0.0016327337361872196,0.0016326997429132462,0.9930473566055298,,,,,,,,,,,,,,,
1770646012.0955236,7169,3912,0.00022386718750000003,0.00022386718750000003,5296.649445361,,,,,,,,,,,,,,,,,,,,,
1770646012.2594678,7169,3913,0.00022386718750000003,0.00022386718750000003,5296.814858384,,,,,,,,,,,,,,,,,,,,,
1770646012.4237697,7169,3914,0.00022386718750000003,0.00022386718750000003,5296.977514823,,,,,,,,,,,,,,,,,,,,,
1770646012.5880113,7169,3915,0.00022386718750000003,0.00022386718750000003,5297.143840196,,,,,,,,,,,,,,,,,,,,,
1770646012.7359831,7169,3916,,,5297.289807828,0.0016050643753260374,166.0,0.02398260496556759,0.0016050643753260374,0.0016050447011366487,0.9927672743797302,,,,,,,,,,,,,,,
1770646018.6564953,7179,3917,0.00022347656250000002,0.00022347656250000002,5303.211887635,,,,,,,,,,,,,,,,,,,,,
1770646018.8205605,7179,3918,0.00022347656250000002,0.00022347656250000002,5303.375841154,,,,,,,,,,,,,,,,,,,,,
1770646018.9848673,7179,3919,0.00022347656250000002,0.00022347656250000002,5303.540850419,,,,,,,,,,,,,,,,,,,,,
1770646019.149238,7179,3920,0.00022347656250000002,0.00022347656250000002,5303.704836206,,,,,,,,,,,,,,,,,,,,,
1770646019.2966397,7179,3921,,,5303.850458228,0.0012872199295088649,166.0,0.022383006289601326,0.0012872199295088649,0.0012872203951701522,0.9945275187492371,,,,,,,,,,,,,,,
1770646022.1078436,7180,3922,,,5306.661616418,,166.0,,,,,0.9936109781265259,0.001594647765159607,0.0015946319326758385,0.024408657103776932,0.001594647765159607,,,,,,,,,,
1770646022.1093411,7180,3923,,,5306.663020919,,166.0,,,,,,,,,,0.0015979273011907935,0.0015979273011907935,0.9930909872055054,0.0016006904188543558,0.02475038170814514,,,,,
1770646027.3754916,7189,3924,0.0002230859375,0.0002230859375,5311.929406804,,,,,,,,,,,,,,,,,,,,,
1770646027.539739,7189,3925,0.0002230859375,0.0002230859375,5312.093553883,,,,,,,,,,,,,,,,,,,,,
1770646027.7038343,7189,3926,0.0002230859375,0.0002230859375,5312.259855791,,,,,,,,,,,,,,,,,,,,,
1770646027.8682055,7189,3927,0.0002230859375,0.0002230859375,5312.423831963,,,,,,,,,,,,,,,,,,,,,
1770646028.0158165,7189,3928,,,5312.569660996,0.0015303973341360688,167.0,0.024240268394351006,0.0015303973341360688,0.0015304096741601825,0.9930996894836426,,,,,,,,,,,,,,,
1770646033.9330301,7199,3929,0.0002226953125,0.0002226953125,5318.486966719,,,,,,,,,,,,,,,,,,,,,
1770646034.0973713,7199,3930,0.0002226953125,0.0002226953125,5318.652855516,,,,,,,,,,,,,,,,,,,,,
1770646034.261971,7199,3931,0.0002226953125,0.0002226953125,5318.817834174,,,,,,,,,,,,,,,,,,,,,
1770646034.4262176,7199,3932,0.0002226953125,0.0002226953125,5318.981833141,,,,,,,,,,,,,,,,,,,,,
1770646034.5736783,7199,3933,,,5319.127502714,0.0014494556235149503,167.0,0.02355273626744747,0.0014494556235149503,0.0014494439819827676,0.9941260814666748,,,,,,,,,,,,,,,
1770646040.4906144,7209,3934,0.00022230468749999998,0.00022230468749999998,5325.045849814,,,,,,,,,,,,,,,,,,,,,
1770646040.6547787,7209,3935,0.00022230468749999998,0.00022230468749999998,5325.210838317,,,,,,,,,,,,,,,,,,,,,
1770646040.8186338,7209,3936,0.00022230468749999998,0.00022230468749999998,5325.373833404,,,,,,,,,,,,,,,,,,,,,
1770646040.9827883,7209,3937,0.00022230468749999998,0.00022230468749999998,5325.538832293,,,,,,,,,,,,,,,,,,,,,
1770646041.1303687,7209,3938,,,5325.684162075,0.0016237726667895913,167.0,0.024563143029808998,0.0016237726667895913,0.0016237631207332015,0.9930793046951294,,,,,,,,,,,,,,,
1770646047.0476809,7219,3939,0.00022191406250000002,0.00022191406250000002,5331.602887336,,,,,,,,,,,,,,,,,,,,,
1770646047.2117941,7219,3940,0.00022191406250000002,0.00022191406250000002,5331.767837712,,,,,,,,,,,,,,,,,,,,,
1770646047.3755655,7219,3941,0.00022191406250000002,0.00022191406250000002,5331.930835122,,,,,,,,,,,,,,,,,,,,,
1770646047.539657,7219,3942,0.00022191406250000002,0.00022191406250000002,5332.093394674,,,,,,,,,,,,,,,,,,,,,
1770646047.686848,7219,3943,,,5332.240659285,0.0020624869503080845,167.0,0.026094570755958557,0.0020624869503080845,0.0020624545868486166,0.9910237789154053,,,,,,,,,,,,,,,
1770646052.460179,7223,3944,,,5337.013879549,,167.0,,,,,0.9935581088066101,0.0015137505251914263,0.0015137364389374852,0.02346850000321865,0.0015137505251914263,,,,,,,,,,
1770646054.2828043,7223,3945,,,5338.836837705,,167.0,,,,,,,,,,0.001591295120306313,0.001591295120306313,0.9931026697158813,0.0015979104209691286,0.024717245250940323,,,,,
1770646057.592229,7229,3946,0.0002215234375,0.0002215234375,5342.146141054,,,,,,,,,,,,,,,,,,,,,
1770646057.756651,7229,3947,0.0002215234375,0.0002215234375,5342.31044644,,,,,,,,,,,,,,,,,,,,,
1770646057.9209375,7229,3948,0.0002215234375,0.0002215234375,5342.476851793,,,,,,,,,,,,,,,,,,,,,
1770646058.0847993,7229,3949,0.0002215234375,0.0002215234375,5342.640835816,,,,,,,,,,,,,,,,,,,,,
1770646058.2324784,7229,3950,,,5342.786303134,0.0018679334316402674,168.0,0.02686970867216587,0.0018679334316402674,0.001867912826128304,0.9916118383407593,,,,,,,,,,,,,,,
1770646064.1549544,7239,3951,0.0002211328125,0.0002211328125,5348.710895484,,,,,,,,,,,,,,,,,,,,,
1770646064.3192089,7239,3952,0.0002211328125,0.0002211328125,5348.874846948,,,,,,,,,,,,,,,,,,,,,
1770646064.4837186,7239,3953,0.0002211328125,0.0002211328125,5349.039847759,,,,,,,,,,,,,,,,,,,,,
1770646064.6481533,7239,3954,0.0002211328125,0.0002211328125,5349.203835187,,,,,,,,,,,,,,,,,,,,,
1770646064.7955353,7239,3955,,,5349.349331869,0.0016482524806633592,168.0,0.025049487128853798,0.0016482524806633592,0.0016482047503814101,0.9929989576339722,,,,,,,,,,,,,,,
1770646070.7165432,7249,3956,0.0002207421875,0.0002207421875,5355.270437681,,,,,,,,,,,,,,,,,,,,,
1770646070.880682,7249,3957,0.0002207421875,0.0002207421875,5355.434503446,,,,,,,,,,,,,,,,,,,,,
1770646071.044685,7249,3958,0.0002207421875,0.0002207421875,5355.600852494,,,,,,,,,,,,,,,,,,,,,
1770646071.2089853,7249,3959,0.0002207421875,0.0002207421875,5355.764837207,,,,,,,,,,,,,,,,,,,,,
1770646071.3565724,7249,3960,,,5355.910432668,0.0015835541998967528,168.0,0.02452622540295124,0.0015835541998967528,0.001583525096066296,0.9928597807884216,,,,,,,,,,,,,,,
1770646077.2755532,7259,3961,0.00022035156249999998,0.00022035156249999998,5361.829480428,,,,,,,,,,,,,,,,,,,,,
1770646077.4394073,7259,3962,0.00022035156249999998,0.00022035156249999998,5361.994865807,,,,,,,,,,,,,,,,,,,,,
1770646077.6037073,7259,3963,0.00022035156249999998,0.00022035156249999998,5362.159850293,,,,,,,,,,,,,,,,,,,,,
1770646077.7680156,7259,3964,0.00022035156249999998,0.00022035156249999998,5362.323835708,,,,,,,,,,,,,,,,,,,,,
1770646077.9155986,7259,3965,,,5362.469400813,0.001348101650364697,168.0,0.02235703356564045,0.001348101650364697,0.001348092220723629,0.9942712783813477,,,,,,,,,,,,,,,
1770646084.6718993,7266,3966,,,5369.22564145,,168.0,,,,,0.9936165809631348,0.0016070592682808638,0.001607042271643877,0.02464401163160801,0.0016070592682808638,,,,,,,,,,
1770646084.6734133,7266,3967,,,5369.227104169,,168.0,,,,,,,,,,0.0015814709477126598,0.0015814709477126598,0.9931313395500183,0.001591279054991901,0.02467310056090355,,,,,
1770646086.0108452,7269,3968,0.00021996093750000002,0.00021996093750000002,5370.564751741,,,,,,,,,,,,,,,,,,,,,
1770646086.17549,7269,3969,0.00021996093750000002,0.00021996093750000002,5370.730860597,,,,,,,,,,,,,,,,,,,,,
1770646086.3400602,7269,3970,0.00021996093750000002,0.00021996093750000002,5370.895847296,,,,,,,,,,,,,,,,,,,,,
1770646086.5041316,7269,3971,0.00021996093750000002,0.00021996093750000002,5371.059847442,,,,,,,,,,,,,,,,,,,,,
1770646086.6520329,7269,3972,,,5371.205894632,0.0016367031494155526,169.0,0.02519065886735916,0.0016367031494155526,0.001636700239032507,0.9931247234344482,,,,,,,,,,,,,,,
1770646092.5746868,7279,3973,0.0002195703125,0.0002195703125,5377.128613793,,,,,,,,,,,,,,,,,,,,,
1770646092.7393374,7279,3974,0.0002195703125,0.0002195703125,5377.29316717,,,,,,,,,,,,,,,,,,,,,
1770646092.9034872,7279,3975,0.0002195703125,0.0002195703125,5377.458852329,,,,,,,,,,,,,,,,,,,,,
1770646093.0676913,7279,3976,0.0002195703125,0.0002195703125,5377.623840781,,,,,,,,,,,,,,,,,,,,,
1770646093.2153962,7279,3977,,,5377.769237022,0.0014349902048707008,169.0,0.02421233244240284,0.0014349902048707008,0.001434969250112772,0.9942540526390076,,,,,,,,,,,,,,,
1770646099.1374853,7289,3978,0.0002191796875,0.0002191796875,5383.691272618,,,,,,,,,,,,,,,,,,,,,
1770646099.3016317,7289,3979,0.0002191796875,0.0002191796875,5383.855400966,,,,,,,,,,,,,,,,,,,,,
1770646099.4657922,7289,3980,0.0002191796875,0.0002191796875,5384.021843924,,,,,,,,,,,,,,,,,,,,,
1770646099.629915,7289,3981,0.0002191796875,0.0002191796875,5384.185838792,,,,,,,,,,,,,,,,,,,,,
1770646099.7773833,7289,3982,,,5384.331190035,0.0018215533345937729,169.0,0.025217106565833092,0.0018215533345937729,0.00182155251968652,0.9925445318222046,,,,,,,,,,,,,,,
1770646105.7120876,7299,3983,0.0002187890625,0.0002187890625,5390.266000557,,,,,,,,,,,,,,,,,,,,,
1770646105.8764424,7299,3984,0.0002187890625,0.0002187890625,5390.430266482,,,,,,,,,,,,,,,,,,,,,
1770646106.0410414,7299,3985,0.0002187890625,0.0002187890625,5390.596861478,,,,,,,,,,,,,,,,,,,,,
1770646106.2048779,7299,3986,0.0002187890625,0.0002187890625,5390.760834923,,,,,,,,,,,,,,,,,,,,,
1770646106.352529,7299,3987,,,5390.906392045,0.0014065892901271582,169.0,0.02378256618976593,0.0014065892901271582,0.0014065505238249898,0.9936662316322327,,,,,,,,,,,,,,,
1770646112.2717752,7309,3988,0.00021839843749999998,0.00021839843749999998,5396.825696741,,,,,,,,,,,,,,,,,,,,,
1770646112.436107,7309,3989,0.00021839843749999998,0.00021839843749999998,5396.989888715,,,,,,,,,,,,,,,,,,,,,
1770646112.600548,7309,3990,0.00021839843749999998,0.00021839843749999998,5397.155841426,,,,,,,,,,,,,,,,,,,,,
1770646112.7534547,7309,3991,0.00021839843749999998,0.00021839843749999998,5397.30982225,,,,,,,,,,,,,,,,,,,,,
1770646112.8129325,7309,3992,,,5397.36672104,0.001381570240482688,169.0,0.02300291135907173,0.001381570240482688,0.001381577574647963,0.9935046434402466,,,,,,,,,,,,,,,
1770646115.0975816,7309,3993,,,5399.651318241,,169.0,,,,,0.9936379194259644,0.0014883324038237333,0.0014883131952956319,0.023150382563471794,0.0014883324038237333,,,,,,,,,,
1770646116.7634866,7309,3994,,,5401.317497965,,169.0,,,,,,,,,,0.0015841146232560277,0.0015841146232560277,0.993175745010376,0.001581452670507133,0.0245793666690588,,,,,
1770646122.705813,7319,3995,0.00021800781250000002,0.00021800781250000002,5407.261892835,,,,,,,,,,,,,,,,,,,,,
1770646122.8702605,7319,3996,0.00021800781250000002,0.00021800781250000002,5407.42403685,,,,,,,,,,,,,,,,,,,,,
1770646123.0344734,7319,3997,0.00021800781250000002,0.00021800781250000002,5407.589837371,,,,,,,,,,,,,,,,,,,,,
1770646123.19879,7319,3998,0.00021800781250000002,0.00021800781250000002,5407.754836297,,,,,,,,,,,,,,,,,,,,,
1770646123.3461711,7319,3999,,,5407.900042441,0.001375699765048921,170.0,0.02266196347773075,0.001375699765048921,0.0013757080305367708,0.9944817423820496,,,,,,,,,,,,,,,
1770646129.2686327,7329,4000,0.0002176171875,0.0002176171875,5413.822489441,,,,,,,,,,,,,,,,,,,,,
1770646129.4329698,7329,4001,0.0002176171875,0.0002176171875,5413.988846429,,,,,,,,,,,,,,,,,,,,,
1770646129.5968604,7329,4002,0.0002176171875,0.0002176171875,5414.152835747,,,,,,,,,,,,,,,,,,,,,
1770646129.761115,7329,4003,0.0002176171875,0.0002176171875,5414.316831886,,,,,,,,,,,,,,,,,,,,,
1770646129.9089727,7329,4004,,,5414.462781517,0.001389379845932126,170.0,0.023757070302963257,0.001389379845932126,0.0013893448049202561,0.9936585426330566,,,,,,,,,,,,,,,
1770646135.836627,7339,4005,0.0002172265625,0.0002172265625,5420.390541676,,,,,,,,,,,,,,,,,,,,,
1770646136.001376,7339,4006,0.0002172265625,0.0002172265625,5420.5568632,,,,,,,,,,,,,,,,,,,,,
1770646136.1656134,7339,4007,0.0002172265625,0.0002172265625,5420.720832238,,,,,,,,,,,,,,,,,,,,,
1770646136.329684,7339,4008,0.0002172265625,0.0002172265625,5420.884829999,,,,,,,,,,,,,,,,,,,,,
1770646136.477036,7339,4009,,,5421.030866962,0.001953143160790205,170.0,0.026090851053595543,0.001953143160790205,0.0019531246507540345,0.9918795228004456,,,,,,,,,,,,,,,
1770646142.400829,7349,4010,0.0002168359375,0.0002168359375,5426.954765078,,,,,,,,,,,,,,,,,,,,,
1770646142.565033,7349,4011,0.0002168359375,0.0002168359375,5427.120853211,,,,,,,,,,,,,,,,,,,,,
1770646142.7295063,7349,4012,0.0002168359375,0.0002168359375,5427.283248353,,,,,,,,,,,,,,,,,,,,,
1770646142.8934085,7349,4013,0.0002168359375,0.0002168359375,5427.448835392,,,,,,,,,,,,,,,,,,,,,
1770646143.0409813,7349,4014,,,5427.594765955,0.001548942644149065,170.0,0.02520744502544403,0.001548942644149065,0.0015489241341128945,0.9936290979385376,,,,,,,,,,,,,,,
1770646147.1680262,7352,4015,,,5431.721785143,,170.0,,,,,0.9936670064926147,0.0015911104856058955,0.0015910917427390814,0.024434324353933334,0.0015911104856058955,,,,,,,,,,
1770646147.169511,7352,4016,,,5431.723193861,,170.0,,,,,,,,,,0.0015773643972352147,0.0015773643972352147,0.9931588172912598,0.0015840991400182247,0.02461620233952999,,,,,
1770646151.1240144,7359,4017,0.0002164453125,0.0002164453125,5435.679874163,,,,,,,,,,,,,,,,,,,,,
1770646151.2879198,7359,4018,0.0002164453125,0.0002164453125,5435.84383612,,,,,,,,,,,,,,,,,,,,,
1770646151.4521146,7359,4019,0.0002164453125,0.0002164453125,5436.007846279,,,,,,,,,,,,,,,,,,,,,
1770646151.6164198,7359,4020,0.0002164453125,0.0002164453125,5436.171835447,,,,,,,,,,,,,,,,,,,,,
1770646151.7642152,7359,4021,,,5436.318076255,0.0014539440162479877,171.0,0.02395128458738327,0.0014539440162479877,0.0014539242256432772,0.9936174750328064,,,,,,,,,,,,,,,
1770646157.6841047,7369,4022,0.00021605468750000002,0.00021605468750000002,5442.238032358,,,,,,,,,,,,,,,,,,,,,
1770646157.848106,7369,4023,0.00021605468750000002,0.00021605468750000002,5442.401930809,,,,,,,,,,,,,,,,,,,,,
1770646158.0120707,7369,4024,0.00021605468750000002,0.00021605468750000002,5442.567855486,,,,,,,,,,,,,,,,,,,,,
1770646158.176467,7369,4025,0.00021605468750000002,0.00021605468750000002,5442.73025909,,,,,,,,,,,,,,,,,,,,,
1770646158.3240936,7369,4026,,,5442.877913884,0.0017470185412093997,171.0,0.024383677169680595,0.0017470185412093997,0.0017470307648181915,0.9919283986091614,,,,,,,,,,,,,,,
1770646164.2530115,7379,4027,0.0002156640625,0.0002156640625,5448.806870749,,,,,,,,,,,,,,,,,,,,,
1770646164.4174879,7379,4028,0.0002156640625,0.0002156640625,5448.972858631,,,,,,,,,,,,,,,,,,,,,
1770646164.582054,7379,4029,0.0002156640625,0.0002156640625,5449.137834261,,,,,,,,,,,,,,,,,,,,,
1770646164.7467396,7379,4030,0.0002156640625,0.0002156640625,5449.302828449,,,,,,,,,,,,,,,,,,,,,
1770646164.8941958,7379,4031,,,5449.448018588,0.0012540528550744057,171.0,0.022879404947161674,0.0012540528550744057,0.001254004891961813,0.9948760867118835,,,,,,,,,,,,,,,
1770646170.8191545,7389,4032,0.0002152734375,0.0002152734375,5455.373058918,,,,,,,,,,,,,,,,,,,,,
1770646170.9839046,7389,4033,0.0002152734375,0.0002152734375,5455.537722208,,,,,,,,,,,,,,,,,,,,,
1770646171.1483343,7389,4034,0.0002152734375,0.0002152734375,5455.703861307,,,,,,,,,,,,,,,,,,,,,
1770646171.3127213,7389,4035,0.0002152734375,0.0002152734375,5455.868842345,,,,,,,,,,,,,,,,,,,,,
1770646171.4601545,7389,4036,,,5456.013987466,0.0013646931620314717,171.0,0.023514732718467712,0.0013646931620314717,0.0013646652223542333,0.9935094118118286,,,,,,,,,,,,,,,
1770646177.560654,7395,4037,,,5462.114351924,,171.0,,,,,0.9937031269073486,0.001539291930384934,0.0015392757486552,0.023922234773635864,0.001539291930384934,,,,,,,,,,
1770646177.5621235,7395,4038,,,5462.115780692,,171.0,,,,,,,,,,0.0015681162476539612,0.0015681162476539612,0.9931918382644653,0.0015773457707837224,0.02457527257502079,,,,,
1770646179.5490136,7399,4039,0.00021488281249999999,0.00021488281249999999,5464.10286069,,,,,,,,,,,,,,,,,,,,,
1770646179.7130444,7399,4040,0.00021488281249999999,0.00021488281249999999,5464.268854049,,,,,,,,,,,,,,,,,,,,,
1770646179.8773358,7399,4041,0.00021488281249999999,0.00021488281249999999,5464.431212805,,,,,,,,,,,,,,,,,,,,,
1770646180.0418384,7399,4042,0.00021488281249999999,0.00021488281249999999,5464.595614061,,,,,,,,,,,,,,,,,,,,,
1770646180.189446,7399,4043,,,5464.743303697,0.0012768403394147754,172.0,0.0228964202105999,0.0012768403394147754,0.0012768027372658253,0.9946072697639465,,,,,,,,,,,,,,,
1770646186.1087084,7409,4044,0.0002144921875,0.0002144921875,5470.662632885,,,,,,,,,,,,,,,,,,,,,
1770646186.2729073,7409,4045,0.0002144921875,0.0002144921875,5470.826686408,,,,,,,,,,,,,,,,,,,,,
1770646186.43713,7409,4046,0.0002144921875,0.0002144921875,5470.992830123,,,,,,,,,,,,,,,,,,,,,
1770646186.601435,7409,4047,0.0002144921875,0.0002144921875,5471.155204483,,,,,,,,,,,,,,,,,,,,,
1770646186.7489526,7409,4048,,,5471.302833747,0.001529140630736947,172.0,0.023904675617814064,0.001529140630736947,0.0015291234012693167,0.9932885766029358,,,,,,,,,,,,,,,
1770646192.6732888,7419,4049,0.00021410156250000002,0.00021410156250000002,5477.227223695,,,,,,,,,,,,,,,,,,,,,
1770646192.8379564,7419,4050,0.00021410156250000002,0.00021410156250000002,5477.393862244,,,,,,,,,,,,,,,,,,,,,
1770646193.0021217,7419,4051,0.00021410156250000002,0.00021410156250000002,5477.557836027,,,,,,,,,,,,,,,,,,,,,
1770646193.1665092,7419,4052,0.00021410156250000002,0.00021410156250000002,5477.721832885,,,,,,,,,,,,,,,,,,,,,
1770646193.3140197,7419,4053,,,5477.867815264,0.001249096472747624,172.0,0.0225437693297863,0.001249096472747624,0.0012490865774452686,0.9944127798080444,,,,,,,,,,,,,,,
1770646199.2363434,7429,4054,0.0002137109375,0.0002137109375,5483.790119639,,,,,,,,,,,,,,,,,,,,,
1770646199.4000328,7429,4055,0.0002137109375,0.0002137109375,5483.953783416,,,,,,,,,,,,,,,,,,,,,
1770646199.5640976,7429,4056,0.0002137109375,0.0002137109375,5484.1178576,,,,,,,,,,,,,,,,,,,,,
1770646199.7281413,7429,4057,0.0002137109375,0.0002137109375,5484.281897102,,,,,,,,,,,,,,,,,,,,,
1770646199.8757474,7429,4058,,,5484.429527888,0.0014866100391373038,172.0,0.02346053719520569,0.0014866100391373038,0.001486617256887257,0.9939864277839661,,,,,,,,,,,,,,,
1770646207.9375112,7438,4059,,,5492.491229935,,172.0,,,,,0.993576169013977,0.0015879225684329867,0.0015879024285823107,0.024180876091122627,0.0015879225684329867,,,,,,,,,,
1770646207.9389558,7438,4060,,,5492.4926106,,172.0,,,,,,,,,,0.001566089573316276,0.001566089573316276,0.9932266473770142,0.0015680998330935836,0.0244516022503376,,,,,
1770646207.9591916,7439,4061,0.0002133203125,0.0002133203125,5492.514821147,,,,,,,,,,,,,,,,,,,,,
1770646208.12272,7439,4062,0.0002133203125,0.0002133203125,5492.67882829,,,,,,,,,,,,,,,,,,,,,
1770646208.2864277,7439,4063,0.0002133203125,0.0002133203125,5492.841838965,,,,,,,,,,,,,,,,,,,,,
1770646208.4505196,7439,4064,0.0002133203125,0.0002133203125,5493.005832637,,,,,,,,,,,,,,,,,,,,,
1770646208.598086,7439,4065,,,5493.151938912,0.0017826607218012214,173.0,0.02645677700638771,0.0017826607218012214,0.001782640814781189,0.9922890663146973,,,,,,,,,,,,,,,
1770646214.5181618,7449,4066,0.00021292968749999998,0.00021292968749999998,5499.072085657,,,,,,,,,,,,,,,,,,,,,
1770646214.6823368,7449,4067,0.00021292968749999998,0.00021292968749999998,5499.236148583,,,,,,,,,,,,,,,,,,,,,
1770646214.846572,7449,4068,0.00021292968749999998,0.00021292968749999998,5499.400371801,,,,,,,,,,,,,,,,,,,,,
1770646215.0110939,7449,4069,0.00021292968749999998,0.00021292968749999998,5499.56685168,,,,,,,,,,,,,,,,,,,,,
1770646215.1588693,7449,4070,,,5499.71263563,0.0014200219884514809,173.0,0.024258745834231377,0.0014200219884514809,0.0014199897414073348,0.9942336678504944,,,,,,,,,,,,,,,
1770646221.0775168,7459,4071,0.0002125390625,0.0002125390625,5505.631423705,,,,,,,,,,,,,,,,,,,,,
1770646221.2416046,7459,4072,0.0002125390625,0.0002125390625,5505.796848519,,,,,,,,,,,,,,,,,,,,,
1770646221.405764,7459,4073,0.0002125390625,0.0002125390625,5505.961833732,,,,,,,,,,,,,,,,,,,,,
1770646221.570104,7459,4074,0.0002125390625,0.0002125390625,5506.125837449,,,,,,,,,,,,,,,,,,,,,
1770646221.7178404,7459,4075,,,5506.271694959,0.001967193791642785,173.0,0.027728037908673286,0.001967193791642785,0.0019671828486025333,0.9917389154434204,,,,,,,,,,,,,,,
1770646227.6386445,7469,4076,0.00021214843750000002,0.00021214843750000002,5512.192569714,,,,,,,,,,,,,,,,,,,,,
1770646227.8029814,7469,4077,0.00021214843750000002,0.00021214843750000002,5512.358853698,,,,,,,,,,,,,,,,,,,,,
1770646227.9671261,7469,4078,0.00021214843750000002,0.00021214843750000002,5512.522833179,,,,,,,,,,,,,,,,,,,,,
1770646228.131228,7469,4079,0.00021214843750000002,0.00021214843750000002,5512.68683269,,,,,,,,,,,,,,,,,,,,,
1770646228.278816,7469,4080,,,5512.832634065,0.0018869141349568963,173.0,0.026814544573426247,0.0018869141349568963,0.001886923797428608,0.991514265537262,,,,,,,,,,,,,,,
1770646234.1990614,7479,4081,0.0002117578125,0.0002117578125,5518.752993558,,,,,,,,,,,,,,,,,,,,,
1770646234.3634467,7479,4082,0.0002117578125,0.0002117578125,5518.918859795,,,,,,,,,,,,,,,,,,,,,
1770646234.5277526,7479,4083,0.0002117578125,0.0002117578125,5519.083830285,,,,,,,,,,,,,,,,,,,,,
1770646234.69211,7479,4084,0.0002117578125,0.0002117578125,5519.247832489,,,,,,,,,,,,,,,,,,,,,
1770646234.8396618,7479,4085,,,5519.39347741,0.0027698040939867496,173.0,0.028183238580822945,0.0027698040939867496,0.0027698243502527475,0.9884886145591736,,,,,,,,,,,,,,,
1770646238.3516183,7481,4086,,,5522.905328789,,173.0,,,,,0.993776798248291,0.0014975606463849545,0.0014975422527641058,0.023685740306973457,0.0014975606463849545,,,,,,,,,,
1770646239.9417038,7481,4087,,,5524.495696975,,173.0,,,,,,,,,,0.0015997141599655151,0.0015997141599655151,0.9932435154914856,0.0015660717617720366,0.024351410567760468,,,,,
1770646244.5687087,7489,4088,0.0002113671875,0.0002113671875,5529.122633772,,,,,,,,,,,,,,,,,,,,,
1770646244.73375,7489,4089,0.0002113671875,0.0002113671875,5529.287576229,,,,,,,,,,,,,,,,,,,,,
1770646244.8978565,7489,4090,0.0002113671875,0.0002113671875,5529.45387102,,,,,,,,,,,,,,,,,,,,,
1770646245.062038,7489,4091,0.0002113671875,0.0002113671875,5529.617831331,,,,,,,,,,,,,,,,,,,,,
1770646245.2095883,7489,4092,,,5529.763448399,0.0018927938072010875,174.0,0.02676660567522049,0.0018927938072010875,0.0018927849596366286,0.9918453097343445,,,,,,,,,,,,,,,
1770646251.1382308,7499,4093,0.0002109765625,0.0002109765625,5535.693876548,,,,,,,,,,,,,,,,,,,,,
1770646251.302922,7499,4094,0.0002109765625,0.0002109765625,5535.858846156,,,,,,,,,,,,,,,,,,,,,
1770646251.4676087,7499,4095,0.0002109765625,0.0002109765625,5536.022831445,,,,,,,,,,,,,,,,,,,,,
1770646251.6317856,7499,4096,0.0002109765625,0.0002109765625,5536.187830718,,,,,,,,,,,,,,,,,,,,,
1770646251.7796514,7499,4097,,,5536.333451241,0.001955186016857624,174.0,0.02553020790219307,0.001955186016857624,0.0019551762379705906,0.9915294647216797,,,,,,,,,,,,,,,
1770646257.7045524,7509,4098,0.0002105859375,0.0002105859375,5542.259872729,,,,,,,,,,,,,,,,,,,,,
1770646257.8688831,7509,4099,0.0002105859375,0.0002105859375,5542.424837089,,,,,,,,,,,,,,,,,,,,,
1770646258.0328593,7509,4100,0.0002105859375,0.0002105859375,5542.588833314,,,,,,,,,,,,,,,,,,,,,
1770646258.1966946,7509,4101,0.0002105859375,0.0002105859375,5542.752829069,,,,,,,,,,,,,,,,,,,,,
1770646258.3443406,7509,4102,,,5542.898154198,0.0014100517146289349,174.0,0.023257995024323463,0.0014100517146289349,0.0014100699918344617,0.9943256974220276,,,,,,,,,,,,,,,
1770646264.2669828,7519,4103,0.00021019531250000001,0.00021019531250000001,5548.820907515,,,,,,,,,,,,,,,,,,,,,
1770646264.4311678,7519,4104,0.00021019531250000001,0.00021019531250000001,5548.986861532,,,,,,,,,,,,,,,,,,,,,
1770646264.5953133,7519,4105,0.00021019531250000001,0.00021019531250000001,5549.150834682,,,,,,,,,,,,,,,,,,,,,
1770646264.7600837,7519,4106,0.00021019531250000001,0.00021019531250000001,5549.315838081,,,,,,,,,,,,,,,,,,,,,
1770646264.9074693,7519,4107,,,5549.461324422,0.001986695919185877,174.0,0.026734087616205215,0.001986695919185877,0.0019866733346134424,0.9916180372238159,,,,,,,,,,,,,,,
1770646270.3561285,7524,4108,,,5554.909840642,,174.0,,,,,0.9936452507972717,0.0015149489045143127,0.0015149303944781423,0.024250440299510956,0.0015149489045143127,,,,,,,,,,
1770646270.3575792,7524,4109,,,5554.911252605,,174.0,,,,,,,,,,0.001562196295708418,0.001562196295708418,0.9930965900421143,0.001599697396159172,0.024764714762568474,,,,,
1770646273.0032642,7529,4110,0.0002098046875,0.0002098046875,5557.557184705,,,,,,,,,,,,,,,,,,,,,
1770646273.1676667,7529,4111,0.0002098046875,0.0002098046875,5557.72385539,,,,,,,,,,,,,,,,,,,,,
1770646273.3316326,7529,4112,0.0002098046875,0.0002098046875,5557.886839873,,,,,,,,,,,,,,,,,,,,,
1770646273.4958518,7529,4113,0.0002098046875,0.0002098046875,5558.05184893,,,,,,,,,,,,,,,,,,,,,
1770646273.6434984,7529,4114,,,5558.197322432,0.0015906763728708029,175.0,0.02442152611911297,0.0015906763728708029,0.0015906401677057147,0.9930691719055176,,,,,,,,,,,,,,,
1770646279.5645337,7539,4115,0.0002094140625,0.0002094140625,5564.118414044,,,,,,,,,,,,,,,,,,,,,
1770646279.7291002,7539,4116,0.0002094140625,0.0002094140625,5564.282921677,,,,,,,,,,,,,,,,,,,,,
1770646279.8932657,7539,4117,0.0002094140625,0.0002094140625,5564.448856726,,,,,,,,,,,,,,,,,,,,,
1770646280.057592,7539,4118,0.0002094140625,0.0002094140625,5564.612835694,,,,,,,,,,,,,,,,,,,,,
1770646280.2047558,7539,4119,,,5564.758569176,0.001548224245198071,175.0,0.02362687699496746,0.001548224245198071,0.0015482065500691533,0.9925172328948975,,,,,,,,,,,,,,,
1770646286.1275635,7549,4120,0.0002090234375,0.0002090234375,5570.681491223,,,,,,,,,,,,,,,,,,,,,
1770646286.291773,7549,4121,0.0002090234375,0.0002090234375,5570.84556258,,,,,,,,,,,,,,,,,,,,,
1770646286.4558818,7549,4122,0.0002090234375,0.0002090234375,5571.011834234,,,,,,,,,,,,,,,,,,,,,
1770646286.6201692,7549,4123,0.0002090234375,0.0002090234375,5571.175832441,,,,,,,,,,,,,,,,,,,,,
1770646286.7675345,7549,4124,,,5571.321352733,0.0013757252600044012,175.0,0.023056091740727425,0.0013757252600044012,0.0013757356209680438,0.9941600561141968,,,,,,,,,,,,,,,
1770646292.6927638,7559,4125,0.0002086328125,0.0002086328125,5577.246695531,,,,,,,,,,,,,,,,,,,,,
1770646292.8571928,7559,4126,0.0002086328125,0.0002086328125,5577.412867826,,,,,,,,,,,,,,,,,,,,,
1770646293.0215015,7559,4127,0.0002086328125,0.0002086328125,5577.576840083,,,,,,,,,,,,,,,,,,,,,
1770646293.1855361,7559,4128,0.0002086328125,0.0002086328125,5577.740836017,,,,,,,,,,,,,,,,,,,,,
1770646293.3331137,7559,4129,,,5577.886913245,0.001650288701057434,175.0,0.025731468573212624,0.001650288701057434,0.0016502636717632413,0.9923909306526184,,,,,,,,,,,,,,,
1770646300.7989707,7567,4130,,,5585.352707191,,175.0,,,,,0.9937354326248169,0.0014663998736068606,0.001466382178477943,0.023162074387073517,0.0014663998736068606,,,,,,,,,,
1770646302.7291365,7567,4131,,,5587.283238109,,175.0,,,,,,,,,,0.0015665063401684165,0.0015665063401684165,0.9932554960250854,0.0015621798811480403,0.02442256547510624,,,,,
1770646303.414149,7569,4132,0.0002082421875,0.0002082421875,5587.968069064,,,,,,,,,,,,,,,,,,,,,
1770646303.5786633,7569,4133,0.0002082421875,0.0002082421875,5588.133854106,,,,,,,,,,,,,,,,,,,,,
1770646303.7432747,7569,4134,0.0002082421875,0.0002082421875,5588.297026401,,,,,,,,,,,,,,,,,,,,,
1770646303.9079802,7569,4135,0.0002082421875,0.0002082421875,5588.463831447,,,,,,,,,,,,,,,,,,,,,
1770646304.055446,7569,4136,,,5588.609231908,0.0014071689220145345,176.0,0.023153116926550865,0.0014071689220145345,0.0014071415644139051,0.9945566058158875,,,,,,,,,,,,,,,
1770646309.9855037,7579,4137,0.0002078515625,0.0002078515625,5594.539405448,,,,,,,,,,,,,,,,,,,,,
1770646310.1495013,7579,4138,0.0002078515625,0.0002078515625,5594.70329408,,,,,,,,,,,,,,,,,,,,,
1770646310.3136256,7579,4139,0.0002078515625,0.0002078515625,5594.869867397,,,,,,,,,,,,,,,,,,,,,
1770646310.4799995,7579,4140,0.0002078515625,0.0002078515625,5595.035873772,,,,,,,,,,,,,,,,,,,,,
1770646310.6278307,7579,4141,,,5595.181677739,0.0013519966742023826,176.0,0.024243270978331566,0.0013519966742023826,0.001351988292299211,0.9941840767860413,,,,,,,,,,,,,,,
1770646316.5524464,7589,4142,0.0002074609375,0.0002074609375,5601.106368481,,,,,,,,,,,,,,,,,,,,,
1770646316.7164047,7589,4143,0.0002074609375,0.0002074609375,5601.271847803,,,,,,,,,,,,,,,,,,,,,
1770646316.8805768,7589,4144,0.0002074609375,0.0002074609375,5601.434319705,,,,,,,,,,,,,,,,,,,,,
1770646317.0447793,7589,4145,0.0002074609375,0.0002074609375,5601.600841244,,,,,,,,,,,,,,,,,,,,,
1770646317.1923394,7589,4146,,,5601.746153322,0.0015205895761027932,176.0,0.023656904697418213,0.0015205895761027932,0.0015205793315544724,0.9928479790687561,,,,,,,,,,,,,,,
1770646323.1171172,7599,4147,0.0002070703125,0.0002070703125,5607.672900517,,,,,,,,,,,,,,,,,,,,,
1770646323.281219,7599,4148,0.0002070703125,0.0002070703125,5607.83683642,,,,,,,,,,,,,,,,,,,,,
1770646323.4454792,7599,4149,0.0002070703125,0.0002070703125,5608.000837039,,,,,,,,,,,,,,,,,,,,,
1770646323.609816,7599,4150,0.0002070703125,0.0002070703125,5608.16582968,,,,,,,,,,,,,,,,,,,,,
1770646323.7573705,7599,4151,,,5608.31120973,0.0012945070629939437,176.0,0.023098953068256378,0.0012945070629939437,0.0012944809859618545,0.9945839047431946,,,,,,,,,,,,,,,
1770646329.6814458,7609,4152,0.0002066796875,0.0002066796875,5614.235329608,,,,,,,,,,,,,,,,,,,,,
1770646329.8457677,7609,4153,0.0002066796875,0.0002066796875,5614.401860601,,,,,,,,,,,,,,,,,,,,,
1770646330.0103717,7609,4154,0.0002066796875,0.0002066796875,5614.565843835,,,,,,,,,,,,,,,,,,,,,
1770646330.1746154,7609,4155,0.0002066796875,0.0002066796875,5614.729831174,,,,,,,,,,,,,,,,,,,,,
1770646330.3222742,7609,4156,,,5614.876075242,0.0011466383002698421,176.0,0.02178286202251911,0.0011466383002698421,0.001146614900790155,0.9951403141021729,,,,,,,,,,,,,,,
1770646333.1434646,7610,4157,,,5617.697239185,,176.0,,,,,0.9937570095062256,0.001576770911924541,0.0015767567092552781,0.02498164027929306,0.001576770911924541,,,,,,,,,,
1770646333.1449418,7610,4158,,,5617.698628663,,176.0,,,,,,,,,,0.0015716335037723184,0.0015716335037723184,0.9932422041893005,0.0015664906240999699,0.024485360831022263,,,,,
1770646338.4137945,7619,4159,0.0002062890625,0.0002062890625,5622.96771991,,,,,,,,,,,,,,,,,,,,,
1770646338.5780413,7619,4160,0.0002062890625,0.0002062890625,5623.133851091,,,,,,,,,,,,,,,,,,,,,
1770646338.7428231,7619,4161,0.0002062890625,0.0002062890625,5623.298840406,,,,,,,,,,,,,,,,,,,,,
1770646338.9072146,7619,4162,0.0002062890625,0.0002062890625,5623.462830299,,,,,,,,,,,,,,,,,,,,,
1770646339.0544417,7619,4163,,,5623.60820425,0.0016386026982218027,177.0,0.026064347475767136,0.0016386026982218027,0.0016385740600526333,0.9934679269790649,,,,,,,,,,,,,,,
1770646345.024426,7629,4164,0.0002058984375,0.0002058984375,5629.578372209,,,,,,,,,,,,,,,,,,,,,
1770646345.188384,7629,4165,0.0002058984375,0.0002058984375,5629.743836619,,,,,,,,,,,,,,,,,,,,,
1770646345.3524892,7629,4166,0.0002058984375,0.0002058984375,5629.907816787,,,,,,,,,,,,,,,,,,,,,
1770646345.515917,7629,4167,0.0002058984375,0.0002058984375,5630.071821672,,,,,,,,,,,,,,,,,,,,,
1770646345.6634636,7629,4168,,,5630.217198817,0.001341345370747149,177.0,0.023486459627747536,0.001341345370747149,0.0013413414126262069,0.9945958256721497,,,,,,,,,,,,,,,
1770646351.6031811,7639,4169,0.00020550781250000002,0.00020550781250000002,5636.157138952,,,,,,,,,,,,,,,,,,,,,
1770646351.767365,7639,4170,0.00020550781250000002,0.00020550781250000002,5636.321161023,,,,,,,,,,,,,,,,,,,,,
1770646351.931578,7639,4171,0.00020550781250000002,0.00020550781250000002,5636.486849649,,,,,,,,,,,,,,,,,,,,,
1770646352.0957272,7639,4172,0.00020550781250000002,0.00020550781250000002,5636.64944159,,,,,,,,,,,,,,,,,,,,,
1770646352.2433894,7639,4173,,,5636.797134636,0.0014268334489315748,177.0,0.024130409583449364,0.0014268334489315748,0.0014268244849517941,0.9943156838417053,,,,,,,,,,,,,,,
1770646358.1561768,7649,4174,0.0002051171875,0.0002051171875,5642.711839351,,,,,,,,,,,,,,,,,,,,,
1770646358.3198717,7649,4175,0.0002051171875,0.0002051171875,5642.875824506,,,,,,,,,,,,,,,,,,,,,
1770646358.4841278,7649,4176,0.0002051171875,0.0002051171875,5643.039814319,,,,,,,,,,,,,,,,,,,,,
1770646358.6477156,7649,4177,0.0002051171875,0.0002051171875,5643.203817501,,,,,,,,,,,,,,,,,,,,,
1770646358.7953486,7649,4178,,,5643.349081305,0.0013122155796736479,177.0,0.023157691583037376,0.0013122155796736479,0.00131219532340765,0.9948437213897705,,,,,,,,,,,,,,,
1770646363.5704854,7653,4179,,,5648.124238858,,177.0,,,,,0.9936447143554688,0.0015300200320780277,0.001530003035441041,0.023856576532125473,0.0015300200320780277,,,,,,,,,,
1770646363.57197,7653,4180,,,5648.125640765,,177.0,,,,,,,,,,0.00157846265938133,0.00157846265938133,0.9932162165641785,0.0015716161578893661,0.024544842541217804,,,,,
1770646366.8960342,7659,4181,0.0002047265625,0.0002047265625,5651.449979389,,,,,,,,,,,,,,,,,,,,,
1770646367.0601182,7659,4182,0.0002047265625,0.0002047265625,5651.615843869,,,,,,,,,,,,,,,,,,,,,
1770646367.2236006,7659,4183,0.0002047265625,0.0002047265625,5651.778817784,,,,,,,,,,,,,,,,,,,,,
1770646367.3867354,7659,4184,0.0002047265625,0.0002047265625,5651.942825633,,,,,,,,,,,,,,,,,,,,,
1770646367.5339146,7659,4185,,,5652.087650387,0.0011582295410335064,178.0,0.0217755027115345,0.0011582295410335064,0.0011582178995013237,0.9953040480613708,,,,,,,,,,,,,,,
1770646373.4495609,7669,4186,0.0002043359375,0.0002043359375,5658.003508089,,,,,,,,,,,,,,,,,,,,,
1770646373.6141286,7669,4187,0.0002043359375,0.0002043359375,5658.169839731,,,,,,,,,,,,,,,,,,,,,
1770646373.7779067,7669,4188,0.0002043359375,0.0002043359375,5658.333823393,,,,,,,,,,,,,,,,,,,,,
1770646373.9416394,7669,4189,0.0002043359375,0.0002043359375,5658.496816437,,,,,,,,,,,,,,,,,,,,,
1770646374.0888002,7669,4190,,,5658.642596206,0.00218695099465549,178.0,0.028106577694416046,0.00218695099465549,0.002186955651268363,0.9900813698768616,,,,,,,,,,,,,,,
1770646380.0252502,7679,4191,0.0002039453125,0.0002039453125,5664.580828884,,,,,,,,,,,,,,,,,,,,,
1770646380.1892323,7679,4192,0.0002039453125,0.0002039453125,5664.743073812,,,,,,,,,,,,,,,,,,,,,
1770646380.3536012,7679,4193,0.0002039453125,0.0002039453125,5664.908834135,,,,,,,,,,,,,,,,,,,,,
1770646380.5176356,7679,4194,0.0002039453125,0.0002039453125,5665.072818018,,,,,,,,,,,,,,,,,,,,,
1770646380.6653175,7679,4195,,,5665.2190518,0.0015783432172611356,178.0,0.024635784327983856,0.0015783432172611356,0.0015783008420839906,0.9932305812835693,,,,,,,,,,,,,,,
1770646386.5780027,7689,4196,0.00020355468750000001,0.00020355468750000001,5671.133835933,,,,,,,,,,,,,,,,,,,,,
1770646386.7419918,7689,4197,0.00020355468750000001,0.00020355468750000001,5671.297819285,,,,,,,,,,,,,,,,,,,,,
1770646386.9058642,7689,4198,0.00020355468750000001,0.00020355468750000001,5671.461825992,,,,,,,,,,,,,,,,,,,,,
1770646387.0696025,7689,4199,0.00020355468750000001,0.00020355468750000001,5671.624815179,,,,,,,,,,,,,,,,,,,,,
1770646387.2167044,7689,4200,,,5671.77040975,0.0013155367923900485,178.0,0.023063914850354195,0.0013155367923900485,0.0013155119959264994,0.9950446486473083,,,,,,,,,,,,,,,
1770646393.9851625,7696,4201,,,5678.539293546,,178.0,,,,,0.9937551617622375,0.0014676233986392617,0.0014676073333248496,0.023299308493733406,0.0014676233986392617,,,,,,,,,,
1770646395.5658345,7696,4202,,,5680.119806572,,178.0,,,,,,,,,,0.001564997248351574,0.001564997248351574,0.9931871294975281,0.0015784460119903088,0.02449892833828926,,,,,
1770646396.9235203,7699,4203,0.0002031640625,0.0002031640625,5681.477463002,,,,,,,,,,,,,,,,,,,,,
1770646397.0877821,7699,4204,0.0002031640625,0.0002031640625,5681.641575898,,,,,,,,,,,,,,,,,,,,,
1770646397.2517197,7699,4205,0.0002031640625,0.0002031640625,5681.806898312,,,,,,,,,,,,,,,,,,,,,
1770646397.4154444,7699,4206,0.0002031640625,0.0002031640625,5681.970834983,,,,,,,,,,,,,,,,,,,,,
1770646397.563001,7699,4207,,,5682.116738478,0.0013829184463247657,179.0,0.023962784558534622,0.0013829184463247657,0.001382905407808721,0.9942649602890015,,,,,,,,,,,,,,,
1770646403.4777784,7709,4208,0.0002027734375,0.0002027734375,5688.031717867,,,,,,,,,,,,,,,,,,,,,
1770646403.6420448,7709,4209,0.0002027734375,0.0002027734375,5688.195844543,,,,,,,,,,,,,,,,,,,,,
1770646403.8065917,7709,4210,0.0002027734375,0.0002027734375,5688.361848862,,,,,,,,,,,,,,,,,,,,,
1770646403.9704895,7709,4211,0.0002027734375,0.0002027734375,5688.525820967,,,,,,,,,,,,,,,,,,,,,
1770646404.1179595,7709,4212,,,5688.671777611,0.0013690161285921931,179.0,0.022867992520332336,0.0013690161285921931,0.0013690138002857566,0.994123637676239,,,,,,,,,,,,,,,
1770646410.1542063,7719,4213,0.0002023828125,0.0002023828125,5694.709894627,,,,,,,,,,,,,,,,,,,,,
1770646410.3187432,7719,4214,0.0002023828125,0.0002023828125,5694.874844591,,,,,,,,,,,,,,,,,,,,,
1770646410.4832456,7719,4215,0.0002023828125,0.0002023828125,5695.037074997,,,,,,,,,,,,,,,,,,,,,
1770646410.6475577,7719,4216,0.0002023828125,0.0002023828125,5695.20130581,,,,,,,,,,,,,,,,,,,,,
1770646410.7942472,7719,4217,,,5695.348150489,0.0016191721661016345,179.0,0.02570977620780468,0.0016191721661016345,0.0016191592440009117,0.9933507442474365,,,,,,,,,,,,,,,
1770646416.7271729,7729,4218,0.0002019921875,0.0002019921875,5701.281089269,,,,,,,,,,,,,,,,,,,,,
1770646416.8917854,7729,4219,0.0002019921875,0.0002019921875,5701.447864326,,,,,,,,,,,,,,,,,,,,,
1770646417.0567386,7729,4220,0.0002019921875,0.0002019921875,5701.612847791,,,,,,,,,,,,,,,,,,,,,
1770646417.2208104,7729,4221,0.0002019921875,0.0002019921875,5701.77684393,,,,,,,,,,,,,,,,,,,,,
1770646417.3678937,7729,4222,,,5701.921672308,0.001350167440250516,179.0,0.022442562505602837,0.001350167440250516,0.0013501589419320226,0.9943456649780273,,,,,,,,,,,,,,,
1770646423.2967172,7739,4223,0.0002016015625,0.0002016015625,5707.850650167,,,,,,,,,,,,,,,,,,,,,
1770646423.461035,7739,4224,0.0002016015625,0.0002016015625,5708.016862578,,,,,,,,,,,,,,,,,,,,,
1770646423.6255016,7739,4225,0.0002016015625,0.0002016015625,5708.179379264,,,,,,,,,,,,,,,,,,,,,
1770646423.7782636,7739,4226,0.0002016015625,0.0002016015625,5708.332258273,,,,,,,,,,,,,,,,,,,,,
1770646423.837505,7739,4227,,,5708.391430968,0.0015918533317744732,179.0,0.026120701804757118,0.0015918533317744732,0.0015918612480163574,0.993096113204956,,,,,,,,,,,,,,,
1770646426.10127,7739,4228,,,5710.655298876,,179.0,,,,,0.9937381744384766,0.0015816707164049149,0.001581654418259859,0.02424953505396843,0.0015816707164049149,,,,,,,,,,
1770646426.1028872,7739,4229,,,5710.656602356,,179.0,,,,,,,,,,0.0015767139848321676,0.0015767139848321676,0.9932404160499573,0.0015649809502065182,0.024440674111247063,,,,,
1770646432.064984,7749,4230,0.0002012109375,0.0002012109375,5716.618936695,,,,,,,,,,,,,,,,,,,,,
1770646432.2291663,7749,4231,0.0002012109375,0.0002012109375,5716.784835725,,,,,,,,,,,,,,,,,,,,,
1770646432.3930938,7749,4232,0.0002012109375,0.0002012109375,5716.948817483,,,,,,,,,,,,,,,,,,,,,
1770646432.556779,7749,4233,0.0002012109375,0.0002012109375,5717.110493515,,,,,,,,,,,,,,,,,,,,,
1770646432.704177,7749,4234,,,5717.257945116,0.0012922482565045357,180.0,0.023331718519330025,0.0012922482565045357,0.0012922240421175957,0.9945103526115417,,,,,,,,,,,,,,,
1770646438.645634,7759,4235,0.0002008203125,0.0002008203125,5723.199575057,,,,,,,,,,,,,,,,,,,,,
1770646438.8100224,7759,4236,0.0002008203125,0.0002008203125,5723.365860577,,,,,,,,,,,,,,,,,,,,,
1770646438.9739795,7759,4237,0.0002008203125,0.0002008203125,5723.52981894,,,,,,,,,,,,,,,,,,,,,
1770646439.1377728,7759,4238,0.0002008203125,0.0002008203125,5723.691608963,,,,,,,,,,,,,,,,,,,,,
1770646439.2851677,7759,4239,,,5723.838920603,0.0015080596785992384,180.0,0.02362709492444992,0.0015080596785992384,0.001508041052147746,0.9938392043113708,,,,,,,,,,,,,,,
1770646445.1987512,7769,4240,0.0002004296875,0.0002004296875,5729.754870016,,,,,,,,,,,,,,,,,,,,,
1770646445.3628488,7769,4241,0.0002004296875,0.0002004296875,5729.918814798,,,,,,,,,,,,,,,,,,,,,
1770646445.526934,7769,4242,0.0002004296875,0.0002004296875,5730.082820191,,,,,,,,,,,,,,,,,,,,,
1770646445.6904182,7769,4243,0.0002004296875,0.0002004296875,5730.245828315,,,,,,,,,,,,,,,,,,,,,
1770646445.8379676,7769,4244,,,5730.391712269,0.0019706084858626127,180.0,0.025905540212988853,0.0019706084858626127,0.0019706201273947954,0.9916302561759949,,,,,,,,,,,,,,,
1770646451.7731147,7779,4245,0.0002000390625,0.0002000390625,5736.327073253,,,,,,,,,,,,,,,,,,,,,
1770646451.9368932,7779,4246,0.0002000390625,0.0002000390625,5736.492836858,,,,,,,,,,,,,,,,,,,,,
1770646452.100906,7779,4247,0.0002000390625,0.0002000390625,5736.656816132,,,,,,,,,,,,,,,,,,,,,
1770646452.2651374,7779,4248,0.0002000390625,0.0002000390625,5736.820817639,,,,,,,,,,,,,,,,,,,,,
1770646452.412297,7779,4249,,,5736.966004665,0.001529607456177473,180.0,0.02400309033691883,0.001529607456177473,0.001529583241790533,0.9932353496551514,,,,,,,,,,,,,,,
1770646456.5321805,7782,4250,,,5741.085884694,,180.0,,,,,0.9937075972557068,0.0015536840073764324,0.0015536699211224914,0.024116994813084602,0.0015536840073764324,,,,,,,,,,
1770646456.533601,7782,4251,,,5741.087268054,,180.0,,,,,,,,,,0.001529668690636754,0.001529668690636754,0.993199348449707,0.0015766957076266408,0.0245837215334177,,,,,
1770646460.480951,7789,4252,0.0001996484375,0.0001996484375,5745.03683142,,,,,,,,,,,,,,,,,,,,,
1770646460.644901,7789,4253,0.0001996484375,0.0001996484375,5745.198628343,,,,,,,,,,,,,,,,,,,,,
1770646460.8089526,7789,4254,0.0001996484375,0.0001996484375,5745.364827233,,,,,,,,,,,,,,,,,,,,,
1770646460.9726095,7789,4255,0.0001996484375,0.0001996484375,5745.52781771,,,,,,,,,,,,,,,,,,,,,
1770646461.120063,7789,4256,,,5745.673810637,0.0015876865945756435,181.0,0.024015625938773155,0.0015876865945756435,0.0015876712277531624,0.993373453617096,,,,,,,,,,,,,,,
1770646467.0356956,7799,4257,0.0001992578125,0.0001992578125,5751.591837249,,,,,,,,,,,,,,,,,,,,,
1770646467.1996572,7799,4258,0.0001992578125,0.0001992578125,5751.75481724,,,,,,,,,,,,,,,,,,,,,
1770646467.3632185,7799,4259,0.0001992578125,0.0001992578125,5751.916942506,,,,,,,,,,,,,,,,,,,,,
1770646467.5271034,7799,4260,0.0001992578125,0.0001992578125,5752.082825802,,,,,,,,,,,,,,,,,,,,,
1770646467.6742938,7799,4261,,,5752.228000218,0.001578876399435103,181.0,0.023837335407733917,0.001578876399435103,0.0015788611490279436,0.9931537508964539,,,,,,,,,,,,,,,
1770646473.642563,7809,4262,0.0001988671875,0.0001988671875,5758.197831833,,,,,,,,,,,,,,,,,,,,,
1770646473.8073523,7809,4263,0.0001988671875,0.0001988671875,5758.362429165,,,,,,,,,,,,,,,,,,,,,
1770646473.974743,7809,4264,0.0001988671875,0.0001988671875,5758.529814958,,,,,,,,,,,,,,,,,,,,,
1770646474.139897,7809,4265,0.0001988671875,0.0001988671875,5758.695813617,,,,,,,,,,,,,,,,,,,,,
1770646474.2885745,7809,4266,,,5758.84238934,0.0016613748157396913,181.0,0.025390025228261948,0.0016613748157396913,0.0016613573534414172,0.9924259185791016,,,,,,,,,,,,,,,
1770646480.2777429,7819,4267,0.0001984765625,0.0001984765625,5764.831691294,,,,,,,,,,,,,,,,,,,,,
1770646480.4420772,7819,4268,0.0001984765625,0.0001984765625,5764.997831455,,,,,,,,,,,,,,,,,,,,,
1770646480.6059933,7819,4269,0.0001984765625,0.0001984765625,5765.161822545,,,,,,,,,,,,,,,,,,,,,
1770646480.7700539,7819,4270,0.0001984765625,0.0001984765625,5765.325814948,,,,,,,,,,,,,,,,,,,,,
1770646480.9173954,7819,4271,,,5765.471130977,0.0013206886360421777,181.0,0.022463956847786903,0.0013206886360421777,0.001320670242421329,0.9940155744552612,,,,,,,,,,,,,,,
1770646487.0011566,7825,4272,,,5771.554902685,,181.0,,,,,0.9937273263931274,0.0016071123536676168,0.0016070938436314464,0.02482965588569641,0.0016071123536676168,,,,,,,,,,
1770646487.002591,7825,4273,,,5771.55626316,,181.0,,,,,,,,,,0.0015220553614199162,0.0015220553614199162,0.9933983683586121,0.0015296521596610546,0.024098796769976616,,,,,
1770646489.0249581,7829,4274,0.00019808593750000002,0.00019808593750000002,5773.580835559,,,,,,,,,,,,,,,,,,,,,
1770646489.1895766,7829,4275,0.00019808593750000002,0.00019808593750000002,5773.743471673,,,,,,,,,,,,,,,,,,,,,
1770646489.3535912,7829,4276,0.00019808593750000002,0.00019808593750000002,5773.908821195,,,,,,,,,,,,,,,,,,,,,
1770646489.517441,7829,4277,0.00019808593750000002,0.00019808593750000002,5774.072816692,,,,,,,,,,,,,,,,,,,,,
1770646489.6652296,7829,4278,,,5774.218972644,0.0014284909702837467,182.0,0.023978043347597122,0.0014284909702837467,0.0014284736244007945,0.9940333366394043,,,,,,,,,,,,,,,
1770646495.575993,7839,4279,0.0001976953125,0.0001976953125,5780.129937971,,,,,,,,,,,,,,,,,,,,,
1770646495.740072,7839,4280,0.0001976953125,0.0001976953125,5780.295847295,,,,,,,,,,,,,,,,,,,,,
1770646495.903967,7839,4281,0.0001976953125,0.0001976953125,5780.459818124,,,,,,,,,,,,,,,,,,,,,
1770646496.0676415,7839,4282,0.0001976953125,0.0001976953125,5780.621437119,,,,,,,,,,,,,,,,,,,,,
1770646496.215276,7839,4283,,,5780.76903659,0.0016461630584672093,182.0,0.02426494099199772,0.0016461630584672093,0.0016461380291730165,0.9925916194915771,,,,,,,,,,,,,,,
1770646502.1511095,7849,4284,0.0001973046875,0.0001973046875,5786.705066326,,,,,,,,,,,,,,,,,,,,,
1770646502.3154418,7849,4285,0.0001973046875,0.0001973046875,5786.870849309,,,,,,,,,,,,,,,,,,,,,
1770646502.4791842,7849,4286,0.0001973046875,0.0001973046875,5787.034818376,,,,,,,,,,,,,,,,,,,,,
1770646502.6433883,7849,4287,0.0001973046875,0.0001973046875,5787.198817047,,,,,,,,,,,,,,,,,,,,,
1770646502.7905378,7849,4288,,,5787.344245425,0.0013353951508179307,182.0,0.02324938401579857,0.0013353951508179307,0.0013353953836485744,0.9942463040351868,,,,,,,,,,,,,,,
1770646508.7038124,7859,4289,0.00019691406249999999,0.00019691406249999999,5793.257738077,,,,,,,,,,,,,,,,,,,,,
1770646508.8682172,7859,4290,0.00019691406249999999,0.00019691406249999999,5793.423848733,,,,,,,,,,,,,,,,,,,,,
1770646509.0324528,7859,4291,0.00019691406249999999,0.00019691406249999999,5793.587816658,,,,,,,,,,,,,,,,,,,,,
1770646509.197559,7859,4292,0.00019691406249999999,0.00019691406249999999,5793.752822563,,,,,,,,,,,,,,,,,,,,,
1770646509.3451679,7859,4293,,,5793.898910312,0.001396548468619585,182.0,0.02349678985774517,0.001396548468619585,0.0013965294929221272,0.9944170713424683,,,,,,,,,,,,,,,
1770646517.3986692,7868,4294,,,5801.952404161,,182.0,,,,,0.99379563331604,0.0014899425441399217,0.0014899303205311298,0.02331540174782276,0.0014899425441399217,,,,,,,,,,
1770646517.4000876,7868,4295,,,5801.953770645,,182.0,,,,,,,,,,0.0015232040314003825,0.0015232040314003825,0.9934318661689758,0.0015220362693071365,0.024092361330986023,,,,,
1770646517.4200108,7869,4296,0.0001965234375,0.0001965234375,5801.975823523,,,,,,,,,,,,,,,,,,,,,
1770646517.5839238,7869,4297,0.0001965234375,0.0001965234375,5802.139815304,,,,,,,,,,,,,,,,,,,,,
1770646517.7481394,7869,4298,0.0001965234375,0.0001965234375,5802.303819693,,,,,,,,,,,,,,,,,,,,,
1770646517.9126701,7869,4299,0.0001965234375,0.0001965234375,5802.467813547,,,,,,,,,,,,,,,,,,,,,
1770646518.0602753,7869,4300,,,5802.613991511,0.0012578520691022277,183.0,0.022710107266902924,0.0012578520691022277,0.0012578255264088511,0.9943190813064575,,,,,,,,,,,,,,,
1770646523.9742475,7879,4301,0.00019613281250000002,0.00019613281250000002,5808.528192262,,,,,,,,,,,,,,,,,,,,,
1770646524.1381986,7879,4302,0.00019613281250000002,0.00019613281250000002,5808.692019064,,,,,,,,,,,,,,,,,,,,,
1770646524.302364,7879,4303,0.00019613281250000002,0.00019613281250000002,5808.857822227,,,,,,,,,,,,,,,,,,,,,
1770646524.4663668,7879,4304,0.00019613281250000002,0.00019613281250000002,5809.020082675,,,,,,,,,,,,,,,,,,,,,
1770646524.6135035,7879,4305,,,5809.167256215,0.0014727965462952852,183.0,0.02460072748363018,0.0014727965462952852,0.0014727833913639188,0.9935781955718994,,,,,,,,,,,,,,,
1770646530.5280542,7889,4306,0.0001957421875,0.0001957421875,5815.082005564,,,,,,,,,,,,,,,,,,,,,
1770646530.691686,7889,4307,0.0001957421875,0.0001957421875,5815.245485425,,,,,,,,,,,,,,,,,,,,,
1770646530.8561604,7889,4308,0.0001957421875,0.0001957421875,5815.409955464,,,,,,,,,,,,,,,,,,,,,
1770646531.0203419,7889,4309,0.0001957421875,0.0001957421875,5815.575855442,,,,,,,,,,,,,,,,,,,,,
1770646531.168105,7889,4310,,,5815.721851492,0.0015262641245499253,183.0,0.023035462945699692,0.0015262641245499253,0.0015262196538969874,0.9935999512672424,,,,,,,,,,,,,,,
1770646537.0796874,7899,4311,0.0001953515625,0.0001953515625,5821.634838174,,,,,,,,,,,,,,,,,,,,,
1770646537.2437356,7899,4312,0.0001953515625,0.0001953515625,5821.799817529,,,,,,,,,,,,,,,,,,,,,
1770646537.407277,7899,4313,0.0001953515625,0.0001953515625,5821.962817017,,,,,,,,,,,,,,,,,,,,,
1770646537.5710933,7899,4314,0.0001953515625,0.0001953515625,5822.126816128,,,,,,,,,,,,,,,,,,,,,
1770646537.7183764,7899,4315,,,5822.272107739,0.0015993699198588729,183.0,0.025326253846287727,0.0015993699198588729,0.0015993316192179918,0.9939629435539246,,,,,,,,,,,,,,,
1770646543.6669347,7909,4316,0.00019496093749999998,0.00019496093749999998,5828.220888868,,,,,,,,,,,,,,,,,,,,,
1770646543.8317714,7909,4317,0.00019496093749999998,0.00019496093749999998,5828.386850239,,,,,,,,,,,,,,,,,,,,,
1770646543.9983103,7909,4318,0.00019496093749999998,0.00019496093749999998,5828.553818332,,,,,,,,,,,,,,,,,,,,,
1770646544.1628041,7909,4319,0.00019496093749999998,0.00019496093749999998,5828.717821799,,,,,,,,,,,,,,,,,,,,,
1770646544.3114345,7909,4320,,,5828.865253267,0.0012362387496978045,183.0,0.022533973678946495,0.0012362387496978045,0.0012362166307866573,0.9945272207260132,,,,,,,,,,,,,,,
1770646547.922109,7911,4321,,,5832.475858757,,183.0,,,,,0.9937852025032043,0.0014475721400231123,0.0014475613133981824,0.02277587167918682,0.0014475721400231123,,,,,,,,,,
1770646549.559963,7911,4322,,,5834.113859271,,183.0,,,,,,,,,,0.0015139990719035268,0.0015139990719035268,0.9934250712394714,0.001523188897408545,0.02404511347413063,,,,,
1770646554.178229,7919,4323,0.0001945703125,0.0001945703125,5838.732175709,,,,,,,,,,,,,,,,,,,,,
1770646554.3426485,7919,4324,0.0001945703125,0.0001945703125,5838.896449011,,,,,,,,,,,,,,,,,,,,,
1770646554.5069165,7919,4325,0.0001945703125,0.0001945703125,5839.060707342,,,,,,,,,,,,,,,,,,,,,
1770646554.67109,7919,4326,0.0001945703125,0.0001945703125,5839.226833689,,,,,,,,,,,,,,,,,,,,,
1770646554.8182306,7919,4327,,,5839.371973562,0.001448776456527412,184.0,0.023306868970394135,0.001448776456527412,0.0014487372245639563,0.9940823316574097,,,,,,,,,,,,,,,
1770646560.7660518,7929,4328,0.00019417968750000002,0.00019417968750000002,5845.319992758,,,,,,,,,,,,,,,,,,,,,
1770646560.9306052,7929,4329,0.00019417968750000002,0.00019417968750000002,5845.484404859,,,,,,,,,,,,,,,,,,,,,
1770646561.0951216,7929,4330,0.00019417968750000002,0.00019417968750000002,5845.650847172,,,,,,,,,,,,,,,,,,,,,
1770646561.2589388,7929,4331,0.00019417968750000002,0.00019417968750000002,5845.814824739,,,,,,,,,,,,,,,,,,,,,
1770646561.4063,7929,4332,,,5845.960039825,0.0012659122003242373,184.0,0.022303683683276176,0.0012659122003242373,0.00126589834690094,0.9948174953460693,,,,,,,,,,,,,,,
1770646567.3196666,7939,4333,0.0001937890625,0.0001937890625,5851.874849526,,,,,,,,,,,,,,,,,,,,,
1770646567.4836538,7939,4334,0.0001937890625,0.0001937890625,5852.038813594,,,,,,,,,,,,,,,,,,,,,
1770646567.647963,7939,4335,0.0001937890625,0.0001937890625,5852.203817093,,,,,,,,,,,,,,,,,,,,,
1770646567.8119771,7939,4336,0.0001937890625,0.0001937890625,5852.367816023,,,,,,,,,,,,,,,,,,,,,
1770646567.9591715,7939,4337,,,5852.512907703,0.0013894842704758048,184.0,0.023202193900942802,0.0013894842704758048,0.0013894570292904973,0.9941954612731934,,,,,,,,,,,,,,,
1770646573.8981931,7949,4338,0.0001933984375,0.0001933984375,5858.452142501,,,,,,,,,,,,,,,,,,,,,
1770646574.062605,7949,4339,0.0001933984375,0.0001933984375,5858.617849238,,,,,,,,,,,,,,,,,,,,,
1770646574.2262354,7949,4340,0.0001933984375,0.0001933984375,5858.781821928,,,,,,,,,,,,,,,,,,,,,
1770646574.3899472,7949,4341,0.0001933984375,0.0001933984375,5858.945824613,,,,,,,,,,,,,,,,,,,,,
1770646574.5371563,7949,4342,,,5859.090865987,0.0012538173468783498,184.0,0.022549988701939583,0.0012538173468783498,0.0012538008159026504,0.9949970245361328,,,,,,,,,,,,,,,
1770646579.963973,7954,4343,,,5864.517732239,,184.0,,,,,0.9937533736228943,0.0014939900720492005,0.0014939696993678808,0.023280717432498932,0.0014939900720492005,,,,,,,,,,
1770646579.9654691,7954,4344,,,5864.519139535,,184.0,,,,,,,,,,0.001530393841676414,0.001530393841676414,0.9934666156768799,0.0015139796305447817,0.023965435102581978,,,,,
1770646582.6341271,7959,4345,0.00019300781249999998,0.00019300781249999998,5867.189838615,,,,,,,,,,,,,,,,,,,,,
1770646582.7980301,7959,4346,0.00019300781249999998,0.00019300781249999998,5867.353816573,,,,,,,,,,,,,,,,,,,,,
1770646582.9620476,7959,4347,0.00019300781249999998,0.00019300781249999998,5867.517818326,,,,,,,,,,,,,,,,,,,,,
1770646583.1259785,7959,4348,0.00019300781249999998,0.00019300781249999998,5867.681828753,,,,,,,,,,,,,,,,,,,,,
1770646583.2731664,7959,4349,,,5867.826911419,0.0018107161158695817,185.0,0.025826329365372658,0.0018107161158695817,0.0018107129726558924,0.9922502636909485,,,,,,,,,,,,,,,
1770646589.18678,7969,4350,0.00019261718750000003,0.00019261718750000003,5873.740721244,,,,,,,,,,,,,,,,,,,,,
1770646589.3511522,7969,4351,0.00019261718750000003,0.00019261718750000003,5873.906870165,,,,,,,,,,,,,,,,,,,,,
1770646589.5151076,7969,4352,0.00019261718750000003,0.00019261718750000003,5874.070829485,,,,,,,,,,,,,,,,,,,,,
1770646589.678945,7969,4353,0.00019261718750000003,0.00019261718750000003,5874.234830407,,,,,,,,,,,,,,,,,,,,,
1770646589.82623,7969,4354,,,5874.379968336,0.0016359651926904917,185.0,0.024796368554234505,0.0016359651926904917,0.0016359486617147923,0.9925199747085571,,,,,,,,,,,,,,,
1770646595.8341174,7979,4355,0.00019222656250000001,0.00019222656250000001,5880.389839135,,,,,,,,,,,,,,,,,,,,,
1770646596.0058532,7979,4356,0.00019222656250000001,0.00019222656250000001,5880.560816263,,,,,,,,,,,,,,,,,,,,,
1770646596.1707115,7979,4357,0.00019222656250000001,0.00019222656250000001,5880.725815005,,,,,,,,,,,,,,,,,,,,,
1770646596.3397126,7979,4358,0.00019222656250000001,0.00019222656250000001,5880.89482767,,,,,,,,,,,,,,,,,,,,,
1770646596.488334,7979,4359,,,5881.04214182,0.0016405661590397358,185.0,0.024774355813860893,0.0016405661590397358,0.0016405419446527958,0.9930572509765625,,,,,,,,,,,,,,,
1770646602.4806159,7989,4360,0.0001918359375,0.0001918359375,5887.034570485,,,,,,,,,,,,,,,,,,,,,
1770646602.6448674,7989,4361,0.0001918359375,0.0001918359375,5887.198838969,,,,,,,,,,,,,,,,,,,,,
1770646602.8088624,7989,4362,0.0001918359375,0.0001918359375,5887.364832666,,,,,,,,,,,,,,,,,,,,,
1770646602.972378,7989,4363,0.0001918359375,0.0001918359375,5887.527814066,,,,,,,,,,,,,,,,,,,,,
1770646603.119892,7989,4364,,,5887.673605526,0.0015124552883207798,185.0,0.024402059614658356,0.0015124552883207798,0.0015124292112886906,0.9932604432106018,,,,,,,,,,,,,,,
1770646610.5185547,7997,4365,,,5895.072384936,,185.0,,,,,0.9938323497772217,0.0014953085919842124,0.0014952890342101455,0.023739473894238472,0.0014953085919842124,,,,,,,,,,
1770646610.5200903,7997,4366,,,5895.073815846,,185.0,,,,,,,,,,0.0015203360235318542,0.0015203360235318542,0.9933886528015137,0.00153037765994668,0.024134725332260132,,,,,
1770646611.194784,7999,4367,0.0001914453125,0.0001914453125,5895.748701334,,,,,,,,,,,,,,,,,,,,,
1770646611.3591106,7999,4368,0.0001914453125,0.0001914453125,5895.914834641,,,,,,,,,,,,,,,,,,,,,
1770646611.5234025,7999,4369,0.0001914453125,0.0001914453125,5896.07882103,,,,,,,,,,,,,,,,,,,,,
1770646611.6873505,7999,4370,0.0001914453125,0.0001914453125,5896.242816444,,,,,,,,,,,,,,,,,,,,,
1770646611.835049,7999,4371,,,5896.388786192,0.0015995834255591035,186.0,0.024628806859254837,0.0015995834255591035,0.0015995625872164965,0.9934902191162109,,,,,,,,,,,,,,,
1770646617.7500806,8009,4372,0.00019105468749999998,0.00019105468749999998,5902.305844892,,,,,,,,,,,,,,,,,,,,,
1770646617.9139593,8009,4373,0.00019105468749999998,0.00019105468749999998,5902.469821136,,,,,,,,,,,,,,,,,,,,,
1770646618.0779963,8009,4374,0.00019105468749999998,0.00019105468749999998,5902.633814326,,,,,,,,,,,,,,,,,,,,,
1770646618.242155,8009,4375,0.00019105468749999998,0.00019105468749999998,5902.797814607,,,,,,,,,,,,,,,,,,,,,
1770646618.3900065,8009,4376,,,5902.943742712,0.0013041310012340546,186.0,0.022317616268992424,0.0013041310012340546,0.0013041356578469276,0.9941976070404053,,,,,,,,,,,,,,,
1770646624.3038309,8019,4377,0.00019066406250000002,0.00019066406250000002,5908.857776449,,,,,,,,,,,,,,,,,,,,,
1770646624.4679227,8019,4378,0.00019066406250000002,0.00019066406250000002,5909.021713474,,,,,,,,,,,,,,,,,,,,,
1770646624.6320558,8019,4379,0.00019066406250000002,0.00019066406250000002,5909.18784644,,,,,,,,,,,,,,,,,,,,,
1770646624.7960684,8019,4380,0.00019066406250000002,0.00019066406250000002,5909.351819268,,,,,,,,,,,,,,,,,,,,,
1770646624.9432821,8019,4381,,,5909.497020041,0.0014342826325446367,186.0,0.02361694909632206,0.0014342826325446367,0.001434266334399581,0.9933574199676514,,,,,,,,,,,,,,,
1770646630.8827248,8029,4382,0.0001902734375,0.0001902734375,5915.436673209,,,,,,,,,,,,,,,,,,,,,
1770646631.047169,8029,4383,0.0001902734375,0.0001902734375,5915.602837712,,,,,,,,,,,,,,,,,,,,,
1770646631.2112865,8029,4384,0.0001902734375,0.0001902734375,5915.766821898,,,,,,,,,,,,,,,,,,,,,
1770646631.375135,8029,4385,0.0001902734375,0.0001902734375,5915.930815929,,,,,,,,,,,,,,,,,,,,,
1770646631.5223308,8029,4386,,,5916.076038203,0.001556874136440456,186.0,0.025190837681293488,0.001556874136440456,0.0015568669186905026,0.9931154251098633,,,,,,,,,,,,,,,
1770646637.437146,8039,4387,0.0001898828125,0.0001898828125,5921.992856762,,,,,,,,,,,,,,,,,,,,,
1770646637.60109,8039,4388,0.0001898828125,0.0001898828125,5922.156818304,,,,,,,,,,,,,,,,,,,,,
1770646637.7651198,8039,4389,0.0001898828125,0.0001898828125,5922.320821688,,,,,,,,,,,,,,,,,,,,,
1770646637.9293227,8039,4390,0.0001898828125,0.0001898828125,5922.483029614,,,,,,,,,,,,,,,,,,,,,
1770646638.0768406,8039,4391,,,5922.630578956,0.0013199924724176526,186.0,0.022943980991840363,0.0013199924724176526,0.0013199514942243695,0.9940494894981384,,,,,,,,,,,,,,,
1770646640.886772,8040,4392,,,5925.440584391,,186.0,,,,,0.9938905239105225,0.0015324968844652176,0.0015324766281992197,0.02407115325331688,0.0015324968844652176,,,,,,,,,,
1770646640.8883195,8040,4393,,,5925.442019779,,186.0,,,,,,,,,,0.0015082266181707382,0.0015082266181707382,0.9934366345405579,0.0015203185612335801,0.024012181907892227,,,,,
1770646646.1788785,8049,4394,0.0001894921875,0.0001894921875,5930.732837103,,,,,,,,,,,,,,,,,,,,,
1770646646.3431828,8049,4395,0.0001894921875,0.0001894921875,5930.896969351,,,,,,,,,,,,,,,,,,,,,
1770646646.5071597,8049,4396,0.0001894921875,0.0001894921875,5931.063858553,,,,,,,,,,,,,,,,,,,,,
1770646646.6713278,8049,4397,0.0001894921875,0.0001894921875,5931.226835444,,,,,,,,,,,,,,,,,,,,,
1770646646.8190897,8049,4398,,,5931.372848547,0.001466768910177052,187.0,0.0240932647138834,0.001466768910177052,0.001466738642193377,0.9940975904464722,,,,,,,,,,,,,,,
1770646652.7308185,8059,4399,0.00018910156249999998,0.00018910156249999998,5937.284762418,,,,,,,,,,,,,,,,,,,,,
1770646652.894654,8059,4400,0.00018910156249999998,0.00018910156249999998,5937.450848252,,,,,,,,,,,,,,,,,,,,,
1770646653.0581946,8059,4401,0.00018910156249999998,0.00018910156249999998,5937.613818003,,,,,,,,,,,,,,,,,,,,,
1770646653.2300012,8059,4402,0.00018910156249999998,0.00018910156249999998,5937.785823445,,,,,,,,,,,,,,,,,,,,,
1770646653.378126,8059,4403,,,5937.931872532,0.0013525700196623802,187.0,0.02271607704460621,0.0013525700196623802,0.0013525671092793345,0.9945112466812134,,,,,,,,,,,,,,,
1770646659.3017411,8069,4404,0.00018871093750000002,0.00018871093750000002,5943.855683999,,,,,,,,,,,,,,,,,,,,,
1770646659.4659736,8069,4405,0.00018871093750000002,0.00018871093750000002,5944.019770939,,,,,,,,,,,,,,,,,,,,,
1770646659.6303544,8069,4406,0.00018871093750000002,0.00018871093750000002,5944.185834159,,,,,,,,,,,,,,,,,,,,,
1770646659.7940493,8069,4407,0.00018871093750000002,0.00018871093750000002,5944.349817332,,,,,,,,,,,,,,,,,,,,,
1770646659.9412901,8069,4408,,,5944.49502188,0.0015459659043699503,187.0,0.0252187829464674,0.0015459659043699503,0.0015459441347047687,0.9936807751655579,,,,,,,,,,,,,,,
1770646665.8765972,8079,4409,0.0001883203125,0.0001883203125,5950.43187255,,,,,,,,,,,,,,,,,,,,,
1770646666.0417626,8079,4410,0.0001883203125,0.0001883203125,5950.597818964,,,,,,,,,,,,,,,,,,,,,
1770646666.209332,8079,4411,0.0001883203125,0.0001883203125,5950.764815056,,,,,,,,,,,,,,,,,,,,,
1770646666.3745081,8079,4412,0.0001883203125,0.0001883203125,5950.929815108,,,,,,,,,,,,,,,,,,,,,
1770646666.521974,8079,4413,,,5951.075714479,0.0016068908153101802,187.0,0.02397197298705578,0.0016068908153101802,0.0016069153789430857,0.9932623505592346,,,,,,,,,,,,,,,
1770646671.297839,8083,4414,,,5955.851541168,,187.0,,,,,0.9938129186630249,0.0014853449538350105,0.0014853334287181497,0.023316428065299988,0.0014853449538350105,,,,,,,,,,
1770646671.2992911,8083,4415,,,5955.852963225,,187.0,,,,,,,,,,0.0015164646320044994,0.0015164646320044994,0.9934896230697632,0.001508208573795855,0.023903071880340576,,,,,
1770646674.594364,8089,4416,0.0001879296875,0.0001879296875,5959.148310832,,,,,,,,,,,,,,,,,,,,,
1770646674.759131,8089,4417,0.0001879296875,0.0001879296875,5959.314834424,,,,,,,,,,,,,,,,,,,,,
1770646674.923422,8089,4418,0.0001879296875,0.0001879296875,5959.478826049,,,,,,,,,,,,,,,,,,,,,
1770646675.0873394,8089,4419,0.0001879296875,0.0001879296875,5959.642820299,,,,,,,,,,,,,,,,,,,,,
1770646675.2350676,8089,4420,,,5959.788786451,0.0017121080309152603,188.0,0.025167575106024742,0.0017121080309152603,0.0017121114069595933,0.9926709532737732,,,,,,,,,,,,,,,
1770646681.1664124,8099,4421,0.0001875390625,0.0001875390625,5965.720251731,,,,,,,,,,,,,,,,,,,,,
1770646681.3338604,8099,4422,0.0001875390625,0.0001875390625,5965.888817392,,,,,,,,,,,,,,,,,,,,,
1770646681.4990146,8099,4423,0.0001875390625,0.0001875390625,5966.054816885,,,,,,,,,,,,,,,,,,,,,
1770646681.6632793,8099,4424,0.0001875390625,0.0001875390625,5966.218817454,,,,,,,,,,,,,,,,,,,,,
1770646681.8111327,8099,4425,,,5966.364878208,0.0011950642801821232,188.0,0.02220991812646389,0.0011950642801821232,0.0011950440239161253,0.9951831102371216,,,,,,,,,,,,,,,
1770646687.7247112,8109,4426,0.00018714843749999998,0.00018714843749999998,5972.279831833,,,,,,,,,,,,,,,,,,,,,
1770646687.8886197,8109,4427,0.00018714843749999998,0.00018714843749999998,5972.442456533,,,,,,,,,,,,,,,,,,,,,
1770646688.0531855,8109,4428,0.00018714843749999998,0.00018714843749999998,5972.608825642,,,,,,,,,,,,,,,,,,,,,
1770646688.217174,8109,4429,0.00018714843749999998,0.00018714843749999998,5972.772829246,,,,,,,,,,,,,,,,,,,,,
1770646688.364873,8109,4430,,,5972.918606914,0.0018596866866573691,188.0,0.026158908382058144,0.0018596866866573691,0.0018596654990687966,0.9916824698448181,,,,,,,,,,,,,,,
1770646694.2747648,8119,4431,0.00018675781250000002,0.00018675781250000002,5978.82866939,,,,,,,,,,,,,,,,,,,,,
1770646694.4390197,8119,4432,0.00018675781250000002,0.00018675781250000002,5978.994869285,,,,,,,,,,,,,,,,,,,,,
1770646694.602961,8119,4433,0.00018675781250000002,0.00018675781250000002,5979.158816182,,,,,,,,,,,,,,,,,,,,,
1770646694.7670481,8119,4434,0.00018675781250000002,0.00018675781250000002,5979.322820317,,,,,,,,,,,,,,,,,,,,,
1770646694.9141884,8119,4435,,,5979.467888478,0.0016467719106003642,188.0,0.025236845016479492,0.0016467719106003642,0.0016467462992295623,0.9928324818611145,,,,,,,,,,,,,,,
1770646701.8297598,8126,4436,,,5986.383554275,,188.0,,,,,0.9939481616020203,0.0014403893146663904,0.0014403733657673001,0.022911716252565384,0.0014403893146663904,,,,,,,,,,
1770646703.5007744,8126,4437,,,5988.054777152,,188.0,,,,,,,,,,0.0014925485011190176,0.0014925485011190176,0.9934546947479248,0.0015164496144279838,0.024023307487368584,,,,,
1770646704.876486,8129,4438,0.0001863671875,0.0001863671875,5989.430428616,,,,,,,,,,,,,,,,,,,,,
1770646705.0479183,8129,4439,0.0001863671875,0.0001863671875,5989.60183098,,,,,,,,,,,,,,,,,,,,,
1770646705.2132752,8129,4440,0.0001863671875,0.0001863671875,5989.768834913,,,,,,,,,,,,,,,,,,,,,
1770646705.386272,8129,4441,0.0001863671875,0.0001863671875,5989.940822977,,,,,,,,,,,,,,,,,,,,,
1770646705.534219,8129,4442,,,5990.088009232,0.0012406143359839916,189.0,0.022671420127153397,0.0012406143359839916,0.0012405937304720283,0.994205892086029,,,,,,,,,,,,,,,
1770646711.5980523,8139,4443,0.0001859765625,0.0001859765625,5996.153868418,,,,,,,,,,,,,,,,,,,,,
1770646711.7620232,8139,4444,0.0001859765625,0.0001859765625,5996.3178182,,,,,,,,,,,,,,,,,,,,,
1770646711.9259598,8139,4445,0.0001859765625,0.0001859765625,5996.48181289,,,,,,,,,,,,,,,,,,,,,
1770646712.089532,8139,4446,0.0001859765625,0.0001859765625,5996.644813625,,,,,,,,,,,,,,,,,,,,,
1770646712.2371655,8139,4447,,,5996.790986466,0.0021121881436556578,189.0,0.025084443390369415,0.0021121881436556578,0.0021122489124536514,0.9907177090644836,,,,,,,,,,,,,,,
1770646718.1502454,8149,4448,0.0001855859375,0.0001855859375,6002.704193966,,,,,,,,,,,,,,,,,,,,,
1770646718.314341,8149,4449,0.0001855859375,0.0001855859375,6002.869839376,,,,,,,,,,,,,,,,,,,,,
1770646718.4780412,8149,4450,0.0001855859375,0.0001855859375,6003.033820726,,,,,,,,,,,,,,,,,,,,,
1770646718.6420882,8149,4451,0.0001855859375,0.0001855859375,6003.197819761,,,,,,,,,,,,,,,,,,,,,
1770646718.789312,8149,4452,,,6003.343023115,0.0014795364113524556,189.0,0.024513153359293938,0.0014795364113524556,0.0014794974122196436,0.9941045641899109,,,,,,,,,,,,,,,
1770646724.7030382,8159,4453,0.0001851953125,0.0001851953125,6009.258847512,,,,,,,,,,,,,,,,,,,,,
1770646724.8670425,8159,4454,0.0001851953125,0.0001851953125,6009.422820809,,,,,,,,,,,,,,,,,,,,,
1770646725.0309372,8159,4455,0.0001851953125,0.0001851953125,6009.586828057,,,,,,,,,,,,,,,,,,,,,
1770646725.2013276,8159,4456,0.0001851953125,0.0001851953125,6009.756817346,,,,,,,,,,,,,,,,,,,,,
1770646725.3493974,8159,4457,,,6009.903164369,0.0014550918713212013,189.0,0.023791823536157608,0.0014550918713212013,0.0014550720807164907,0.9935511350631714,,,,,,,,,,,,,,,
1770646731.3098178,8169,4458,0.00018480468750000002,0.00018480468750000002,6015.863750901,,,,,,,,,,,,,,,,,,,,,
1770646731.4738522,8169,4459,0.00018480468750000002,0.00018480468750000002,6016.027625469,,,,,,,,,,,,,,,,,,,,,
1770646731.6377707,8169,4460,0.00018480468750000002,0.00018480468750000002,6016.19152865,,,,,,,,,,,,,,,,,,,,,
1770646731.7910101,8169,4461,0.00018480468750000002,0.00018480468750000002,6016.344741663,,,,,,,,,,,,,,,,,,,,,
1770646731.8507905,8169,4462,,,6016.404502669,0.0016820668242871761,189.0,0.02568919025361538,0.0016820668242871761,0.001682025264017284,0.9929134249687195,,,,,,,,,,,,,,,
1770646734.109614,8169,4463,,,6018.663405553,,189.0,,,,,0.9938170313835144,0.0014958924148231745,0.001495879958383739,0.02376987226307392,0.0014958924148231745,,,,,,,,,,
1770646734.1110873,8169,4464,,,6018.66476092,,189.0,,,,,,,,,,0.0014923970447853208,0.0014923970447853208,0.993556022644043,0.0014925322029739618,0.023729408159852028,,,,,
1770646740.0237162,8179,4465,0.0001844140625,0.0001844140625,6024.578074728,,,,,,,,,,,,,,,,,,,,,
1770646740.188125,8179,4466,0.0001844140625,0.0001844140625,6024.743835681,,,,,,,,,,,,,,,,,,,,,
1770646740.3516622,8179,4467,0.0001844140625,0.0001844140625,6024.90539548,,,,,,,,,,,,,,,,,,,,,
1770646740.5158157,8179,4468,0.0001844140625,0.0001844140625,6025.071824237,,,,,,,,,,,,,,,,,,,,,
1770646740.6632693,8179,4469,,,6025.216995653,0.0015129409730434418,190.0,0.02458774857223034,0.0015129409730434418,0.0015129102393984795,0.9930046796798706,,,,,,,,,,,,,,,
1770646746.6543465,8189,4470,0.0001840234375,0.0001840234375,6031.209831062,,,,,,,,,,,,,,,,,,,,,
1770646746.8186066,8189,4471,0.0001840234375,0.0001840234375,6031.373814423,,,,,,,,,,,,,,,,,,,,,
1770646746.9825652,8189,4472,0.0001840234375,0.0001840234375,6031.537815682,,,,,,,,,,,,,,,,,,,,,
1770646747.1465375,8189,4473,0.0001840234375,0.0001840234375,6031.701814026,,,,,,,,,,,,,,,,,,,,,
1770646747.2941344,8189,4474,,,6031.847872124,0.0012737317010760307,190.0,0.022647714242339134,0.0012737317010760307,0.00127372273709625,0.9945494532585144,,,,,,,,,,,,,,,
1770646753.2035494,8199,4475,0.00018363281249999999,0.00018363281249999999,6037.757484114,,,,,,,,,,,,,,,,,,,,,
1770646753.3679903,8199,4476,0.00018363281249999999,0.00018363281249999999,6037.921780766,,,,,,,,,,,,,,,,,,,,,
1770646753.532359,8199,4477,0.00018363281249999999,0.00018363281249999999,6038.08784793,,,,,,,,,,,,,,,,,,,,,
1770646753.6963902,8199,4478,0.00018363281249999999,0.00018363281249999999,6038.251820384,,,,,,,,,,,,,,,,,,,,,
1770646753.8440273,8199,4479,,,6038.397762939,0.001192938070744276,190.0,0.021941719576716423,0.001192938070744276,0.001192919327877462,0.995548665523529,,,,,,,,,,,,,,,
1770646759.7808015,8209,4480,0.0001832421875,0.0001832421875,6044.334744722,,,,,,,,,,,,,,,,,,,,,
1770646759.9449906,8209,4481,0.0001832421875,0.0001832421875,6044.500835791,,,,,,,,,,,,,,,,,,,,,
1770646760.1092582,8209,4482,0.0001832421875,0.0001832421875,6044.662976392,,,,,,,,,,,,,,,,,,,,,
1770646760.2733684,8209,4483,0.0001832421875,0.0001832421875,6044.82881392,,,,,,,,,,,,,,,,,,,,,
1770646760.4210947,8209,4484,,,6044.974820691,0.0011914637871086597,190.0,0.022493403404951096,0.0011914637871086597,0.001191445393487811,0.9945349097251892,,,,,,,,,,,,,,,
1770646764.545407,8212,4485,,,6049.099109958,,190.0,,,,,0.9937940239906311,0.001533630769699812,0.0015336115611717105,0.023827604949474335,0.001533630769699812,,,,,,,,,,
1770646764.5468552,8212,4486,,,6049.100539296,,190.0,,,,,,,,,,0.0014890781603753567,0.0014890781603753567,0.9935590028762817,0.0014923805138096213,0.023754259571433067,,,,,
1770646768.5243125,8219,4487,0.00018285156250000002,0.00018285156250000002,6053.078283911,,,,,,,,,,,,,,,,,,,,,
1770646768.6892064,8219,4488,0.00018285156250000002,0.00018285156250000002,6053.242998471,,,,,,,,,,,,,,,,,,,,,
1770646768.852817,8219,4489,0.00018285156250000002,0.00018285156250000002,6053.406579187,,,,,,,,,,,,,,,,,,,,,
1770646769.0168474,8219,4490,0.00018285156250000002,0.00018285156250000002,6053.570600915,,,,,,,,,,,,,,,,,,,,,
1770646769.1643922,8219,4491,,,6053.718165357,0.001669124816544354,191.0,0.024573015049099922,0.001669124816544354,0.0016691164346411824,0.9930840134620667,,,,,,,,,,,,,,,
1770646775.0798323,8229,4492,0.0001824609375,0.0001824609375,6059.635866236,,,,,,,,,,,,,,,,,,,,,
1770646775.2439346,8229,4493,0.0001824609375,0.0001824609375,6059.799817158,,,,,,,,,,,,,,,,,,,,,
1770646775.407889,8229,4494,0.0001824609375,0.0001824609375,6059.963816162,,,,,,,,,,,,,,,,,,,,,
1770646775.571666,8229,4495,0.0001824609375,0.0001824609375,6060.126822524,,,,,,,,,,,,,,,,,,,,,
1770646775.7191997,8229,4496,,,6060.2729396,0.0015714516630396247,191.0,0.025234268978238106,0.0015714516630396247,0.0015714439796283841,0.9935957789421082,,,,,,,,,,,,,,,
1770646781.7000296,8239,4497,0.0001820703125,0.0001820703125,6066.253986645,,,,,,,,,,,,,,,,,,,,,
1770646781.8685818,8239,4498,0.0001820703125,0.0001820703125,6066.422447726,,,,,,,,,,,,,,,,,,,,,
1770646782.0330544,8239,4499,0.0001820703125,0.0001820703125,6066.58884838,,,,,,,,,,,,,,,,,,,,,
1770646782.1967585,8239,4500,0.0001820703125,0.0001820703125,6066.752824289,,,,,,,,,,,,,,,,,,,,,
1770646782.344209,8239,4501,,,6066.897950555,0.001401076908223331,191.0,0.023510687053203583,0.001401076908223331,0.0014010642189532518,0.9939059615135193,,,,,,,,,,,,,,,
1770646788.2548375,8249,4502,0.00018167968749999998,0.00018167968749999998,6072.810851445,,,,,,,,,,,,,,,,,,,,,
1770646788.418899,8249,4503,0.00018167968749999998,0.00018167968749999998,6072.974821035,,,,,,,,,,,,,,,,,,,,,
1770646788.5830443,8249,4504,0.00018167968749999998,0.00018167968749999998,6073.138818817,,,,,,,,,,,,,,,,,,,,,
1770646788.747154,8249,4505,0.00018167968749999998,0.00018167968749999998,6073.302813995,,,,,,,,,,,,,,,,,,,,,
1770646788.8944752,8249,4506,,,6073.448188424,0.002002196852117777,191.0,0.02552376687526703,0.002002196852117777,0.0020021889358758926,0.9912773370742798,,,,,,,,,,,,,,,
1770646794.9795525,8255,4507,,,6079.533296588,,191.0,,,,,0.9938554167747498,0.0014952190686017275,0.0014952006749808788,0.02335505746304989,0.0014952190686017275,,,,,,,,,,
1770646794.9810314,8255,4508,,,6079.534722932,,191.0,,,,,,,,,,0.0014970116317272186,0.0014970116317272186,0.9935750961303711,0.0014890613965690136,0.023747265338897705,,,,,
1770646796.9663043,8259,4509,0.0001812890625,0.0001812890625,6081.520248735,,,,,,,,,,,,,,,,,,,,,
1770646797.1296558,8259,4510,0.0001812890625,0.0001812890625,6081.683444942,,,,,,,,,,,,,,,,,,,,,
1770646797.293334,8259,4511,0.0001812890625,0.0001812890625,6081.847104165,,,,,,,,,,,,,,,,,,,,,
1770646797.4574068,8259,4512,0.0001812890625,0.0001812890625,6082.012835582,,,,,,,,,,,,,,,,,,,,,
1770646797.6052186,8259,4513,,,6082.15896105,0.0015364375431090593,192.0,0.02394832856953144,0.0015364375431090593,0.0015364298596978188,0.9936448335647583,,,,,,,,,,,,,,,
1770646803.5334618,8269,4514,0.00018089843750000002,0.00018089843750000002,6088.087364704,,,,,,,,,,,,,,,,,,,,,
1770646803.6977432,8269,4515,0.00018089843750000002,0.00018089843750000002,6088.251549789,,,,,,,,,,,,,,,,,,,,,
1770646803.862829,8269,4516,0.00018089843750000002,0.00018089843750000002,6088.418857632,,,,,,,,,,,,,,,,,,,,,
1770646804.0270941,8269,4517,0.00018089843750000002,0.00018089843750000002,6088.580898843,,,,,,,,,,,,,,,,,,,,,
1770646804.1742964,8269,4518,,,6088.728164908,0.001549075241200626,192.0,0.02428852766752243,0.001549075241200626,0.0015490907244384289,0.9929382801055908,,,,,,,,,,,,,,,
1770646810.1042125,8279,4519,0.0001805078125,0.0001805078125,6094.658129531,,,,,,,,,,,,,,,,,,,,,
1770646810.2683797,8279,4520,0.0001805078125,0.0001805078125,6094.822180605,,,,,,,,,,,,,,,,,,,,,
1770646810.4325037,8279,4521,0.0001805078125,0.0001805078125,6094.987845636,,,,,,,,,,,,,,,,,,,,,
1770646810.5969324,8279,4522,0.0001805078125,0.0001805078125,6095.152842573,,,,,,,,,,,,,,,,,,,,,
1770646810.7440236,8279,4523,,,6095.297844231,0.0015523277688771486,192.0,0.02311122417449951,0.0015523277688771486,0.001552297966554761,0.9933151006698608,,,,,,,,,,,,,,,
1770646816.6662264,8289,4524,0.0001801171875,0.0001801171875,6101.220159726,,,,,,,,,,,,,,,,,,,,,
1770646816.8305051,8289,4525,0.0001801171875,0.0001801171875,6101.38586001,,,,,,,,,,,,,,,,,,,,,
1770646816.994678,8289,4526,0.0001801171875,0.0001801171875,6101.550841333,,,,,,,,,,,,,,,,,,,,,
1770646817.15907,8289,4527,0.0001801171875,0.0001801171875,6101.712859438,,,,,,,,,,,,,,,,,,,,,
1770646817.3066986,8289,4528,,,6101.860463161,0.0014121797867119312,192.0,0.023174991831183434,0.0014121797867119312,0.0014121781568974257,0.9938802719116211,,,,,,,,,,,,,,,
1770646825.3814669,8298,4529,,,6109.935228607,,192.0,,,,,0.9938173890113831,0.001461312873288989,0.0014612916857004166,0.022949041798710823,0.001461312873288989,,,,,,,,,,
1770646827.0018332,8298,4530,,,6111.555853574,,192.0,,,,,,,,,,0.0014793738955631852,0.0014793738955631852,0.9935404658317566,0.0014969953335821629,0.02379928156733513,,,,,
1770646827.0330868,8299,4531,0.0001797265625,0.0001797265625,6111.586934066,,,,,,,,,,,,,,,,,,,,,
1770646827.1995018,8299,4532,0.0001797265625,0.0001797265625,6111.75484828,,,,,,,,,,,,,,,,,,,,,
1770646827.3643618,8299,4533,0.0001797265625,0.0001797265625,6111.919860619,,,,,,,,,,,,,,,,,,,,,
1770646827.5285974,8299,4534,0.0001797265625,0.0001797265625,6112.083844681,,,,,,,,,,,,,,,,,,,,,
1770646827.6758068,8299,4535,,,6112.229664149,0.0015768908197060227,193.0,0.02403714507818222,0.0015768908197060227,0.0015768944285809994,0.9931313395500183,,,,,,,,,,,,,,,
1770646833.6049142,8309,4536,0.0001793359375,0.0001793359375,6118.158857049,,,,,,,,,,,,,,,,,,,,,
1770646833.7695205,8309,4537,0.0001793359375,0.0001793359375,6118.324872267,,,,,,,,,,,,,,,,,,,,,
1770646833.9340818,8309,4538,0.0001793359375,0.0001793359375,6118.489845496,,,,,,,,,,,,,,,,,,,,,
1770646834.0983448,8309,4539,0.0001793359375,0.0001793359375,6118.653842768,,,,,,,,,,,,,,,,,,,,,
1770646834.245566,8309,4540,,,6118.799342355,0.0013269141782075167,193.0,0.022985339164733887,0.0013269141782075167,0.0013269075425341725,0.9944218993186951,,,,,,,,,,,,,,,
1770646840.1788325,8319,4541,0.00017894531250000001,0.00017894531250000001,6124.732738305,,,,,,,,,,,,,,,,,,,,,
1770646840.3433268,8319,4542,0.00017894531250000001,0.00017894531250000001,6124.897152254,,,,,,,,,,,,,,,,,,,,,
1770646840.5080478,8319,4543,0.00017894531250000001,0.00017894531250000001,6125.063872581,,,,,,,,,,,,,,,,,,,,,
1770646840.6726134,8319,4544,0.00017894531250000001,0.00017894531250000001,6125.227843673,,,,,,,,,,,,,,,,,,,,,
1770646840.8202734,8319,4545,,,6125.374097103,0.0014414299512282014,193.0,0.023330647498369217,0.0014414299512282014,0.0014414152828976512,0.9938522577285767,,,,,,,,,,,,,,,
1770646846.7475014,8329,4546,0.0001785546875,0.0001785546875,6131.301423262,,,,,,,,,,,,,,,,,,,,,
1770646846.9124675,8329,4547,0.0001785546875,0.0001785546875,6131.467882256,,,,,,,,,,,,,,,,,,,,,
1770646847.0769,8329,4548,0.0001785546875,0.0001785546875,6131.632855275,,,,,,,,,,,,,,,,,,,,,
1770646847.2411764,8329,4549,0.0001785546875,0.0001785546875,6131.796836412,,,,,,,,,,,,,,,,,,,,,
1770646847.38843,8329,4550,,,6131.942228596,0.001974847400560975,193.0,0.0263801421970129,0.001974847400560975,0.001974839484319091,0.99102783203125,,,,,,,,,,,,,,,
1770646853.3195083,8339,4551,0.0001781640625,0.0001781640625,6137.873472767,,,,,,,,,,,,,,,,,,,,,
1770646853.4838228,8339,4552,0.0001781640625,0.0001781640625,6138.037661516,,,,,,,,,,,,,,,,,,,,,
1770646853.648301,8339,4553,0.0001781640625,0.0001781640625,6138.202122645,,,,,,,,,,,,,,,,,,,,,
1770646853.8124437,8339,4554,0.0001781640625,0.0001781640625,6138.367867995,,,,,,,,,,,,,,,,,,,,,
1770646853.9596107,8339,4555,,,6138.513424867,0.0017597497208043933,193.0,0.025575589388608932,0.0017597497208043933,0.0017596995458006859,0.9920940399169922,,,,,,,,,,,,,,,
1770646857.4375658,8341,4556,,,6141.991317388,,193.0,,,,,0.9938966035842896,0.0015920092118903995,0.001591983949765563,0.024716665968298912,0.0015920092118903995,,,,,,,,,,
1770646857.439021,8341,4557,,,6141.992701671,,193.0,,,,,,,,,,0.0014706805814057589,0.0014706805814057589,0.9936120510101318,0.0014793573645874858,0.023685209453105927,,,,,
1770646862.0581691,8349,4558,0.0001777734375,0.0001777734375,6146.613890955,,,,,,,,,,,,,,,,,,,,,
1770646862.2229004,8349,4559,0.0001777734375,0.0001777734375,6146.778843081,,,,,,,,,,,,,,,,,,,,,
1770646862.3872044,8349,4560,0.0001777734375,0.0001777734375,6146.942838479,,,,,,,,,,,,,,,,,,,,,
1770646862.5517018,8349,4561,0.0001777734375,0.0001777734375,6147.107854371,,,,,,,,,,,,,,,,,,,,,
1770646862.6987412,8349,4562,,,6147.252572031,0.001257146941497922,194.0,0.022622989490628242,0.001257146941497922,0.0012571298284456134,0.9947243928909302,,,,,,,,,,,,,,,
1770646868.6301138,8359,4563,0.0001773828125,0.0001773828125,6153.184038018,,,,,,,,,,,,,,,,,,,,,
1770646868.7947648,8359,4564,0.0001773828125,0.0001773828125,6153.350906297,,,,,,,,,,,,,,,,,,,,,
1770646868.958968,8359,4565,0.0001773828125,0.0001773828125,6153.51481941,,,,,,,,,,,,,,,,,,,,,
1770646869.123932,8359,4566,0.0001773828125,0.0001773828125,6153.679845568,,,,,,,,,,,,,,,,,,,,,
1770646869.271343,8359,4567,,,6153.825155017,0.0014712034026160836,194.0,0.023523548617959023,0.0014712034026160836,0.0014712173724547029,0.9935149550437927,,,,,,,,,,,,,,,
1770646875.1999013,8369,4568,0.0001769921875,0.0001769921875,6159.755935883,,,,,,,,,,,,,,,,,,,,,
1770646875.3644004,8369,4569,0.0001769921875,0.0001769921875,6159.919843377,,,,,,,,,,,,,,,,,,,,,
1770646875.5283134,8369,4570,0.0001769921875,0.0001769921875,6160.083849581,,,,,,,,,,,,,,,,,,,,,
1770646875.6927936,8369,4571,0.0001769921875,0.0001769921875,6160.248840435,,,,,,,,,,,,,,,,,,,,,
1770646875.8398192,8369,4572,,,6160.393665285,0.0012505598133429885,194.0,0.02291075512766838,0.0012505598133429885,0.0012505328049883246,0.9946379661560059,,,,,,,,,,,,,,,
1770646881.7716365,8379,4573,0.0001766015625,0.0001766015625,6166.326883976,,,,,,,,,,,,,,,,,,,,,
1770646881.9359818,8379,4574,0.0001766015625,0.0001766015625,6166.491852486,,,,,,,,,,,,,,,,,,,,,
1770646882.1000953,8379,4575,0.0001766015625,0.0001766015625,6166.653895897,,,,,,,,,,,,,,,,,,,,,
1770646882.2644083,8379,4576,0.0001766015625,0.0001766015625,6166.81985683,,,,,,,,,,,,,,,,,,,,,
1770646882.4114292,8379,4577,,,6166.965278407,0.0012774188071489334,194.0,0.02241581678390503,0.0012774188071489334,0.0012774099595844746,0.9946125745773315,,,,,,,,,,,,,,,
1770646887.8578331,8384,4578,,,6172.41159808,,194.0,,,,,0.9938936829566956,0.001537155476398766,0.0015371344052255154,0.02388722263276577,0.001537155476398766,,,,,,,,,,
1770646887.859322,8384,4579,,,6172.412996985,,194.0,,,,,,,,,,0.001479910220950842,0.001479910220950842,0.9936535954475403,0.0014706640504300594,0.0235902052372694,,,,,
1770646890.5064814,8389,4580,0.0001762109375,0.0001762109375,6175.061891822,,,,,,,,,,,,,,,,,,,,,
1770646890.670999,8389,4581,0.0001762109375,0.0001762109375,6175.226844508,,,,,,,,,,,,,,,,,,,,,
1770646890.835165,8389,4582,0.0001762109375,0.0001762109375,6175.390844902,,,,,,,,,,,,,,,,,,,,,
1770646890.9993615,8389,4583,0.0001762109375,0.0001762109375,6175.554878735,,,,,,,,,,,,,,,,,,,,,
1770646891.1466064,8389,4584,,,6175.700416267,0.0017251090612262487,195.0,0.025490202009677887,0.0017251090612262487,0.0017250842647626996,0.9926026463508606,,,,,,,,,,,,,,,
1770646897.0794222,8399,4585,0.0001758203125,0.0001758203125,6181.633339247,,,,,,,,,,,,,,,,,,,,,
1770646897.244642,8399,4586,0.0001758203125,0.0001758203125,6181.799874243,,,,,,,,,,,,,,,,,,,,,
1770646897.4096093,8399,4587,0.0001758203125,0.0001758203125,6181.964846728,,,,,,,,,,,,,,,,,,,,,
1770646897.5736666,8399,4588,0.0001758203125,0.0001758203125,6182.128847442,,,,,,,,,,,,,,,,,,,,,
1770646897.7207236,8399,4589,,,6182.274578444,0.0014668924268335104,195.0,0.023142874240875244,0.0014668924268335104,0.001466882647946477,0.993758499622345,,,,,,,,,,,,,,,
1770646903.6554432,8409,4590,0.0001754296875,0.0001754296875,6188.210886324,,,,,,,,,,,,,,,,,,,,,
1770646903.819873,8409,4591,0.0001754296875,0.0001754296875,6188.375845539,,,,,,,,,,,,,,,,,,,,,
1770646903.984853,8409,4592,0.0001754296875,0.0001754296875,6188.540844785,,,,,,,,,,,,,,,,,,,,,
1770646904.1494877,8409,4593,0.0001754296875,0.0001754296875,6188.704838688,,,,,,,,,,,,,,,,,,,,,
1770646904.2966845,8409,4594,,,6188.850534737,0.0014038428198546171,195.0,0.023070724681019783,0.0014038428198546171,0.001403836882673204,0.9936802387237549,,,,,,,,,,,,,,,
1770646910.2306046,8419,4595,0.0001750390625,0.0001750390625,6194.784520172,,,,,,,,,,,,,,,,,,,,,
1770646910.3953977,8419,4596,0.0001750390625,0.0001750390625,6194.949196472,,,,,,,,,,,,,,,,,,,,,
1770646910.561236,8419,4597,0.0001750390625,0.0001750390625,6195.115922715,,,,,,,,,,,,,,,,,,,,,
1770646910.7260387,8419,4598,0.0001750390625,0.0001750390625,6195.281890186,,,,,,,,,,,,,,,,,,,,,
1770646910.873487,8419,4599,,,6195.427395278,0.0012003221781924367,195.0,0.0218880083411932,0.0012003221781924367,0.001200315193273127,0.9946627616882324,,,,,,,,,,,,,,,
1770646918.2975585,8427,4600,,,6202.851289038,,195.0,,,,,0.9940115809440613,0.001404056092724204,0.001404040027409792,0.022429103031754494,0.001404056092724204,,,,,,,,,,
1770646920.0595994,8427,4601,,,6204.613587208,,195.0,,,,,,,,,,0.0014656438725069165,0.0014656438725069165,0.9936174154281616,0.001479892060160637,0.023600267246365547,,,,,
1770646920.7485595,8429,4602,0.0001746484375,0.0001746484375,6205.302481264,,,,,,,,,,,,,,,,,,,,,
1770646920.9133844,8429,4603,0.0001746484375,0.0001746484375,6205.467219587,,,,,,,,,,,,,,,,,,,,,
1770646921.0779333,8429,4604,0.0001746484375,0.0001746484375,6205.633862894,,,,,,,,,,,,,,,,,,,,,
1770646921.2427793,8429,4605,0.0001746484375,0.0001746484375,6205.798844162,,,,,,,,,,,,,,,,,,,,,
1770646921.39034,8429,4606,,,6205.944108421,0.0011851198505610228,196.0,0.02218903787434101,0.0011851198505610228,0.0011850978480651975,0.9950128197669983,,,,,,,,,,,,,,,
1770646927.324332,8439,4607,0.00017425781250000001,0.00017425781250000001,6211.878259766,,,,,,,,,,,,,,,,,,,,,
1770646927.488646,8439,4608,0.00017425781250000001,0.00017425781250000001,6212.043876539,,,,,,,,,,,,,,,,,,,,,
1770646927.6531527,8439,4609,0.00017425781250000001,0.00017425781250000001,6212.206931689,,,,,,,,,,,,,,,,,,,,,
1770646927.817676,8439,4610,0.00017425781250000001,0.00017425781250000001,6212.372855665,,,,,,,,,,,,,,,,,,,,,
1770646927.964494,8439,4611,,,6212.51834396,0.0014817432966083288,196.0,0.02393835224211216,0.0014817432966083288,0.0014817347982898355,0.9932035803794861,,,,,,,,,,,,,,,
1770646933.8970497,8449,4612,0.0001738671875,0.0001738671875,6218.452886182,,,,,,,,,,,,,,,,,,,,,
1770646934.0612605,8449,4613,0.0001738671875,0.0001738671875,6218.616843479,,,,,,,,,,,,,,,,,,,,,
1770646934.225896,8449,4614,0.0001738671875,0.0001738671875,6218.779692108,,,,,,,,,,,,,,,,,,,,,
1770646934.3902314,8449,4615,0.0001738671875,0.0001738671875,6218.945848473,,,,,,,,,,,,,,,,,,,,,
1770646934.537409,8449,4616,,,6219.091256217,0.0016804630868136883,196.0,0.02517339587211609,0.0016804630868136883,0.0016804445767775178,0.9927859306335449,,,,,,,,,,,,,,,
1770646940.4665604,8459,4617,0.0001734765625,0.0001734765625,6225.020373487,,,,,,,,,,,,,,,,,,,,,
1770646940.6308749,8459,4618,0.0001734765625,0.0001734765625,6225.186855351,,,,,,,,,,,,,,,,,,,,,
1770646940.7952871,8459,4619,0.0001734765625,0.0001734765625,6225.350868732,,,,,,,,,,,,,,,,,,,,,
1770646940.9594855,8459,4620,0.0001734765625,0.0001734765625,6225.51485409,,,,,,,,,,,,,,,,,,,,,
1770646941.1065488,8459,4621,,,6225.660380413,0.0014681374887004495,196.0,0.023714818060398102,0.0014681374887004495,0.0014681306201964617,0.9932725429534912,,,,,,,,,,,,,,,
1770646947.0385985,8469,4622,0.0001730859375,0.0001730859375,6231.592517113,,,,,,,,,,,,,,,,,,,,,
1770646947.2030804,8469,4623,0.0001730859375,0.0001730859375,6231.758853448,,,,,,,,,,,,,,,,,,,,,
1770646947.3672795,8469,4624,0.0001730859375,0.0001730859375,6231.922839407,,,,,,,,,,,,,,,,,,,,,
1770646947.5315366,8469,4625,0.0001730859375,0.0001730859375,6232.086844645,,,,,,,,,,,,,,,,,,,,,
1770646947.6784592,8469,4626,,,6232.232285489,0.001587608945555985,196.0,0.024095889180898666,0.001587608945555985,0.0015876052202656865,0.993429958820343,,,,,,,,,,,,,,,
1770646950.49595,8470,4627,,,6235.049682923,,196.0,,,,,0.9937947392463684,0.0015661453362554312,0.0015661312500014901,0.02418423257768154,0.0015661453362554312,,,,,,,,,,
1770646950.497439,8470,4628,,,6235.051113214,,196.0,,,,,,,,,,0.0014747624518349767,0.0014747624518349767,0.9936742782592773,0.0014656261773779988,0.02350977063179016,,,,,
1770646955.7729208,8479,4629,0.0001726953125,0.0001726953125,6240.328919271,,,,,,,,,,,,,,,,,,,,,
1770646955.9378042,8479,4630,0.0001726953125,0.0001726953125,6240.493852104,,,,,,,,,,,,,,,,,,,,,
1770646956.1022515,8479,4631,0.0001726953125,0.0001726953125,6240.657841417,,,,,,,,,,,,,,,,,,,,,
1770646956.2664802,8479,4632,0.0001726953125,0.0001726953125,6240.821859765,,,,,,,,,,,,,,,,,,,,,
1770646956.4135485,8479,4633,,,6240.967372406,0.0017272001132369041,197.0,0.024314889684319496,0.0017272001132369041,0.0017272140830755234,0.9923921227455139,,,,,,,,,,,,,,,
1770646962.3366473,8489,4634,0.0001723046875,0.0001723046875,6246.891888498,,,,,,,,,,,,,,,,,,,,,
1770646962.5009055,8489,4635,0.0001723046875,0.0001723046875,6247.056848732,,,,,,,,,,,,,,,,,,,,,
1770646962.6650534,8489,4636,0.0001723046875,0.0001723046875,6247.218827792,,,,,,,,,,,,,,,,,,,,,
1770646962.8291066,8489,4637,0.0001723046875,0.0001723046875,6247.384837755,,,,,,,,,,,,,,,,,,,,,
1770646962.976432,8489,4638,,,6247.530185337,0.0017396574839949608,197.0,0.0254245325922966,0.0017396574839949608,0.0017396388575434685,0.9924063682556152,,,,,,,,,,,,,,,
1770646968.8929472,8499,4639,0.0001719140625,0.0001719140625,6253.446884409,,,,,,,,,,,,,,,,,,,,,
1770646969.057457,8499,4640,0.0001719140625,0.0001719140625,6253.611291481,,,,,,,,,,,,,,,,,,,,,
1770646969.2222247,8499,4641,0.0001719140625,0.0001719140625,6253.77599608,,,,,,,,,,,,,,,,,,,,,
1770646969.3863394,8499,4642,0.0001719140625,0.0001719140625,6253.940125203,,,,,,,,,,,,,,,,,,,,,
1770646969.5335686,8499,4643,,,6254.087375468,0.001418082625605166,197.0,0.022954443469643593,0.001418082625605166,0.0014180578291416168,0.9939160943031311,,,,,,,,,,,,,,,
1770646975.4545977,8509,4644,0.0001715234375,0.0001715234375,6260.009905019,,,,,,,,,,,,,,,,,,,,,
1770646975.6186476,8509,4645,0.0001715234375,0.0001715234375,6260.173844938,,,,,,,,,,,,,,,,,,,,,
1770646975.782703,8509,4646,0.0001715234375,0.0001715234375,6260.338841085,,,,,,,,,,,,,,,,,,,,,
1770646975.9469109,8509,4647,0.0001715234375,0.0001715234375,6260.502840894,,,,,,,,,,,,,,,,,,,,,
1770646976.0940895,8509,4648,,,6260.647877488,0.0013104885583743453,197.0,0.022559702396392822,0.0013104885583743453,0.0013104688841849566,0.9945389032363892,,,,,,,,,,,,,,,
1770646980.87253,8513,4649,,,6265.42628483,,197.0,,,,,0.9940467476844788,0.0014164556050673127,0.0014164411695674062,0.022435501217842102,0.0014164556050673127,,,,,,,,,,
1770646982.7084372,8513,4650,,,6267.262460975,,197.0,,,,,,,,,,0.001482205232605338,0.001482205232605338,0.9936354160308838,0.0014747453387826681,0.023600293323397636,,,,,
1770646986.0244632,8519,4651,0.0001711328125,0.0001711328125,6270.578357823,,,,,,,,,,,,,,,,,,,,,
1770646986.1889045,8519,4652,0.0001711328125,0.0001711328125,6270.74274296,,,,,,,,,,,,,,,,,,,,,
1770646986.353887,8519,4653,0.0001711328125,0.0001711328125,6270.909857744,,,,,,,,,,,,,,,,,,,,,
1770646986.518291,8519,4654,0.0001711328125,0.0001711328125,6271.0738427,,,,,,,,,,,,,,,,,,,,,
1770646986.6653833,8519,4655,,,6271.219159415,0.001668440643697977,198.0,0.025662075728178024,0.001668440643697977,0.0016684418078511953,0.9923321008682251,,,,,,,,,,,,,,,
1770646992.5893497,8529,4656,0.0001707421875,0.0001707421875,6277.144879266,,,,,,,,,,,,,,,,,,,,,
1770646992.7541506,8529,4657,0.0001707421875,0.0001707421875,6277.307935214,,,,,,,,,,,,,,,,,,,,,
1770646992.9178874,8529,4658,0.0001707421875,0.0001707421875,6277.473841319,,,,,,,,,,,,,,,,,,,,,
1770646993.0817997,8529,4659,0.0001707421875,0.0001707421875,6277.637841428,,,,,,,,,,,,,,,,,,,,,
1770646993.2285345,8529,4660,,,6277.782303477,0.0012400673003867269,198.0,0.022598112002015114,0.0012400673003867269,0.0012400539126247168,0.9945560097694397,,,,,,,,,,,,,,,
1770646999.1493845,8539,4661,0.0001703515625,0.0001703515625,6283.704855201,,,,,,,,,,,,,,,,,,,,,
1770646999.3135474,8539,4662,0.0001703515625,0.0001703515625,6283.868841468,,,,,,,,,,,,,,,,,,,,,
1770646999.4777367,8539,4663,0.0001703515625,0.0001703515625,6284.033842262,,,,,,,,,,,,,,,,,,,,,
1770646999.6419837,8539,4664,0.0001703515625,0.0001703515625,6284.197839906,,,,,,,,,,,,,,,,,,,,,
1770646999.7891185,8539,4665,,,6284.342875548,0.001857105758972466,198.0,0.025451047345995903,0.001857105758972466,0.0018571094842627645,0.9919381737709045,,,,,,,,,,,,,,,
1770647005.7138278,8549,4666,0.0001699609375,0.0001699609375,6290.267762133,,,,,,,,,,,,,,,,,,,,,
1770647005.8782315,8549,4667,0.0001699609375,0.0001699609375,6290.43387543,,,,,,,,,,,,,,,,,,,,,
1770647006.0426314,8549,4668,0.0001699609375,0.0001699609375,6290.597845402,,,,,,,,,,,,,,,,,,,,,
1770647006.2071733,8549,4669,0.0001699609375,0.0001699609375,6290.762841147,,,,,,,,,,,,,,,,,,,,,
1770647006.3542433,8549,4670,,,6290.908017921,0.0013933628797531128,198.0,0.02381408028304577,0.0013933628797531128,0.0013933362206444144,0.9943462014198303,,,,,,,,,,,,,,,
1770647013.0996063,8556,4671,,,6297.65339544,,198.0,,,,,0.9938132166862488,0.001507873646914959,0.001507856068201363,0.023523755371570587,0.001507873646914959,,,,,,,,,,
1770647013.1011133,8556,4672,,,6297.654803128,,198.0,,,,,,,,,,0.0014609869103878736,0.0014609869103878736,0.9936038255691528,0.0014821878867223859,0.023695098236203194,,,,,
1770647014.433728,8559,4673,0.0001695703125,0.0001695703125,6298.987660439,,,,,,,,,,,,,,,,,,,,,
1770647014.5979562,8559,4674,0.0001695703125,0.0001695703125,6299.151806946,,,,,,,,,,,,,,,,,,,,,
1770647014.7624319,8559,4675,0.0001695703125,0.0001695703125,6299.316262088,,,,,,,,,,,,,,,,,,,,,
1770647014.9271808,8559,4676,0.0001695703125,0.0001695703125,6299.480988698,,,,,,,,,,,,,,,,,,,,,
1770647015.074403,8559,4677,,,6299.62822513,0.0014429653529077768,199.0,0.023348504677414894,0.0014429653529077768,0.0014429525472223759,0.9940550327301025,,,,,,,,,,,,,,,
1770647021.0002415,8569,4678,0.0001691796875,0.0001691796875,6305.554169661,,,,,,,,,,,,,,,,,,,,,
1770647021.1646352,8569,4679,0.0001691796875,0.0001691796875,6305.718479914,,,,,,,,,,,,,,,,,,,,,
1770647021.328665,8569,4680,0.0001691796875,0.0001691796875,6305.882483286,,,,,,,,,,,,,,,,,,,,,
1770647021.4930427,8569,4681,0.0001691796875,0.0001691796875,6306.046872909,,,,,,,,,,,,,,,,,,,,,
1770647021.640037,8569,4682,,,6306.193821808,0.0015340368263423443,199.0,0.024647176265716553,0.0015340368263423443,0.0015340400859713554,0.9935720562934875,,,,,,,,,,,,,,,
1770647027.5605998,8579,4683,0.0001687890625,0.0001687890625,6312.114536681,,,,,,,,,,,,,,,,,,,,,
1770647027.7253668,8579,4684,0.0001687890625,0.0001687890625,6312.279222049,,,,,,,,,,,,,,,,,,,,,
1770647027.8899157,8579,4685,0.0001687890625,0.0001687890625,6312.44587107,,,,,,,,,,,,,,,,,,,,,
1770647028.0543547,8579,4686,0.0001687890625,0.0001687890625,6312.609838427,,,,,,,,,,,,,,,,,,,,,
1770647028.2013636,8579,4687,,,6312.755198706,0.0015327517176046968,199.0,0.025030862540006638,0.0015327517176046968,0.0015327330911532044,0.9939020276069641,,,,,,,,,,,,,,,
1770647034.1225328,8589,4688,0.0001683984375,0.0001683984375,6318.676315403,,,,,,,,,,,,,,,,,,,,,
1770647034.2866766,8589,4689,0.0001683984375,0.0001683984375,6318.840460277,,,,,,,,,,,,,,,,,,,,,
1770647034.4509027,8589,4690,0.0001683984375,0.0001683984375,6319.006851791,,,,,,,,,,,,,,,,,,,,,
1770647034.6150815,8589,4691,0.0001683984375,0.0001683984375,6319.170841181,,,,,,,,,,,,,,,,,,,,,
1770647034.7622132,8589,4692,,,6319.316016842,0.0009946509962901473,199.0,0.020707933232188225,0.0009946509962901473,0.000994630972854793,0.9958977699279785,,,,,,,,,,,,,,,
1770647040.6845603,8599,4693,0.0001680078125,0.0001680078125,6325.238493063,,,,,,,,,,,,,,,,,,,,,
1770647040.8488865,8599,4694,0.0001680078125,0.0001680078125,6325.404855813,,,,,,,,,,,,,,,,,,,,,
1770647041.0130458,8599,4695,0.0001680078125,0.0001680078125,6325.568839114,,,,,,,,,,,,,,,,,,,,,
1770647041.1656451,8599,4696,0.0001680078125,0.0001680078125,6325.719952256,,,,,,,,,,,,,,,,,,,,,
1770647041.224743,8599,4697,,,6325.778570789,0.0009082008036784828,199.0,0.019305432215332985,0.0009082008036784828,0.0009081775206141174,0.9961764812469482,,,,,,,,,,,,,,,
1770647043.4814825,8599,4698,,,6328.035242975,,199.0,,,,,0.99392169713974,0.0014284910866990685,0.0014284743228927255,0.02282232791185379,0.0014284910866990685,,,,,,,,,,
1770647045.1057892,8599,4699,,,6329.659843039,,199.0,,,,,,,,,,0.0014858816284686327,0.0014858816284686327,0.9936912655830383,0.0014609706122428179,0.02345206029713154,,,,,
1770647051.0542264,8609,4700,0.0001676171875,0.0001676171875,6335.60815898,,,,,,,,,,,,,,,,,,,,,
1770647051.2182724,8609,4701,0.0001676171875,0.0001676171875,6335.772113027,,,,,,,,,,,,,,,,,,,,,
1770647051.3826811,8609,4702,0.0001676171875,0.0001676171875,6335.936514185,,,,,,,,,,,,,,,,,,,,,
1770647051.5473025,8609,4703,0.0001676171875,0.0001676171875,6336.102847541,,,,,,,,,,,,,,,,,,,,,
1770647051.694695,8609,4704,,,6336.248558616,0.0012947757495567203,200.0,0.02323509380221367,0.0012947757495567203,0.001294751651585102,0.9949485063552856,,,,,,,,,,,,,,,
1770647057.6211853,8619,4705,0.0001672265625,0.0001672265625,6342.175116619,,,,,,,,,,,,,,,,,,,,,
1770647057.785636,8619,4706,0.0001672265625,0.0001672265625,6342.340868369,,,,,,,,,,,,,,,,,,,,,
1770647057.9501195,8619,4707,0.0001672265625,0.0001672265625,6342.505839675,,,,,,,,,,,,,,,,,,,,,
1770647058.1144555,8619,4708,0.0001672265625,0.0001672265625,6342.669833881,,,,,,,,,,,,,,,,,,,,,
1770647058.2616494,8619,4709,,,6342.815482853,0.001462023239582777,200.0,0.023061327636241913,0.001462023239582777,0.0014619947178289294,0.9934648871421814,,,,,,,,,,,,,,,
1770647064.1951773,8629,4710,0.00016683593750000002,0.00016683593750000002,6348.748987323,,,,,,,,,,,,,,,,,,,,,
1770647064.3600898,8629,4711,0.00016683593750000002,0.00016683593750000002,6348.913924949,,,,,,,,,,,,,,,,,,,,,
1770647064.525081,8629,4712,0.00016683593750000002,0.00016683593750000002,6349.080864174,,,,,,,,,,,,,,,,,,,,,
1770647064.6894622,8629,4713,0.00016683593750000002,0.00016683593750000002,6349.244845221,,,,,,,,,,,,,,,,,,,,,
1770647064.8367288,8629,4714,,,6349.390539901,0.0014397770864889026,200.0,0.02375861443579197,0.0014397770864889026,0.0014397340128198266,0.9937828779220581,,,,,,,,,,,,,,,
1770647070.7740848,8639,4715,0.0001664453125,0.0001664453125,6355.32801325,,,,,,,,,,,,,,,,,,,,,
1770647070.9382558,8639,4716,0.0001664453125,0.0001664453125,6355.493870539,,,,,,,,,,,,,,,,,,,,,
1770647071.1029794,8639,4717,0.0001664453125,0.0001664453125,6355.657950684,,,,,,,,,,,,,,,,,,,,,
1770647071.2675664,8639,4718,0.0001664453125,0.0001664453125,6355.822867688,,,,,,,,,,,,,,,,,,,,,
1770647071.414661,8639,4719,,,6355.968478472,0.0014596276450902224,200.0,0.02370685152709484,0.0014596276450902224,0.0014596154214814305,0.9941173791885376,,,,,,,,,,,,,,,
1770647075.553603,8642,4720,,,6360.107309481,,200.0,,,,,0.9939360022544861,0.0014180109137669206,0.001417997875250876,0.022772129625082016,0.0014180109137669206,,,,,,,,,,
1770647077.1281338,8642,4721,,,6361.682211916,,200.0,,,,,,,,,,0.001473179436288774,0.001473179436288774,0.9935880303382874,0.0014858660288155079,0.023770714178681374,,,,,
1770647081.1029994,8649,4722,0.0001660546875,0.0001660546875,6365.656922243,,,,,,,,,,,,,,,,,,,,,
1770647081.2676303,8649,4723,0.0001660546875,0.0001660546875,6365.822860353,,,,,,,,,,,,,,,,,,,,,
1770647081.4323647,8649,4724,0.0001660546875,0.0001660546875,6365.987852179,,,,,,,,,,,,,,,,,,,,,
1770647081.5971122,8649,4725,0.0001660546875,0.0001660546875,6366.152837795,,,,,,,,,,,,,,,,,,,,,
1770647081.7447464,8649,4726,,,6366.298572956,0.0011269194073975086,201.0,0.021299021318554878,0.0011269194073975086,0.0011269046226516366,0.99524986743927,,,,,,,,,,,,,,,
1770647087.6819842,8659,4727,0.00016566406249999999,0.00016566406249999999,6372.236240579,,,,,,,,,,,,,,,,,,,,,
1770647087.8473604,8659,4728,0.00016566406249999999,0.00016566406249999999,6372.401173987,,,,,,,,,,,,,,,,,,,,,
1770647088.0122845,8659,4729,0.00016566406249999999,0.00016566406249999999,6372.566118101,,,,,,,,,,,,,,,,,,,,,
1770647088.1761782,8659,4730,0.00016566406249999999,0.00016566406249999999,6372.731815568,,,,,,,,,,,,,,,,,,,,,
1770647088.3232317,8659,4731,,,6372.87713295,0.0014593773521482944,201.0,0.023141978308558464,0.0014593773521482944,0.0014593813102692366,0.9939061999320984,,,,,,,,,,,,,,,
1770647094.2481713,8669,4732,0.0001652734375,0.0001652734375,6378.803873195,,,,,,,,,,,,,,,,,,,,,
1770647094.4115694,8669,4733,0.0001652734375,0.0001652734375,6378.96684374,,,,,,,,,,,,,,,,,,,,,
1770647094.575678,8669,4734,0.0001652734375,0.0001652734375,6379.13084101,,,,,,,,,,,,,,,,,,,,,
1770647094.739819,8669,4735,0.0001652734375,0.0001652734375,6379.295836811,,,,,,,,,,,,,,,,,,,,,
1770647094.8870537,8669,4736,,,6379.440895894,0.0013039731420576572,201.0,0.022936690598726273,0.0013039731420576572,0.0013039616169407964,0.9938591718673706,,,,,,,,,,,,,,,
1770647100.898424,8679,4737,0.00016488281250000002,0.00016488281250000002,6385.45231502,,,,,,,,,,,,,,,,,,,,,
1770647101.0627606,8679,4738,0.00016488281250000002,0.00016488281250000002,6385.61654551,,,,,,,,,,,,,,,,,,,,,
1770647101.227406,8679,4739,0.00016488281250000002,0.00016488281250000002,6385.781186868,,,,,,,,,,,,,,,,,,,,,
1770647101.39202,8679,4740,0.00016488281250000002,0.00016488281250000002,6385.94581759,,,,,,,,,,,,,,,,,,,,,
1770647101.539329,8679,4741,,,6386.093121509,0.001512621995061636,201.0,0.02411450259387493,0.001512621995061636,0.0015126053476706147,0.9934574961662292,,,,,,,,,,,,,,,
1770647107.640845,8685,4742,,,6392.194578045,,201.0,,,,,0.9940014481544495,0.0014264623168855906,0.0014264474157243967,0.02272428572177887,0.0014264623168855906,,,,,,,,,,
1770647107.6423151,8685,4743,,,6392.195983269,,201.0,,,,,,,,,,0.0014735906152054667,0.0014735906152054667,0.9936400055885315,0.0014731613919138908,0.023599116131663322,,,,,
1770647109.6336107,8689,4744,0.0001644921875,0.0001644921875,6394.187493195,,,,,,,,,,,,,,,,,,,,,
1770647109.7978623,8689,4745,0.0001644921875,0.0001644921875,6394.351699468,,,,,,,,,,,,,,,,,,,,,
1770647109.9621677,8689,4746,0.0001644921875,0.0001644921875,6394.517854232,,,,,,,,,,,,,,,,,,,,,
1770647110.1265254,8689,4747,0.0001644921875,0.0001644921875,6394.681844971,,,,,,,,,,,,,,,,,,,,,
1770647110.2735877,8689,4748,,,6394.827450796,0.001452881027944386,202.0,0.02371012419462204,0.001452881027944386,0.0014528458705171943,0.9934275150299072,,,,,,,,,,,,,,,
1770647116.2115393,8699,4749,0.0001641015625,0.0001641015625,6400.765465814,,,,,,,,,,,,,,,,,,,,,
1770647116.3761833,8699,4750,0.0001641015625,0.0001641015625,6400.931864465,,,,,,,,,,,,,,,,,,,,,
1770647116.5411484,8699,4751,0.0001641015625,0.0001641015625,6401.09683708,,,,,,,,,,,,,,,,,,,,,
1770647116.705473,8699,4752,0.0001641015625,0.0001641015625,6401.260837023,,,,,,,,,,,,,,,,,,,,,
1770647116.8525648,8699,4753,,,6401.406382306,0.0014814669266343117,202.0,0.022793235257267952,0.0014814669266343117,0.0014814691385254264,0.9933324456214905,,,,,,,,,,,,,,,
1770647122.7845204,8709,4754,0.00016371093749999998,0.00016371093749999998,6407.338448967,,,,,,,,,,,,,,,,,,,,,
1770647122.9489264,8709,4755,0.00016371093749999998,0.00016371093749999998,6407.504867547,,,,,,,,,,,,,,,,,,,,,
1770647123.1133215,8709,4756,0.00016371093749999998,0.00016371093749999998,6407.668853728,,,,,,,,,,,,,,,,,,,,,
1770647123.2774591,8709,4757,0.00016371093749999998,0.00016371093749999998,6407.832837776,,,,,,,,,,,,,,,,,,,,,
1770647123.424692,8709,4758,,,6407.978527777,0.0023817215114831924,202.0,0.026717698201537132,0.0023817215114831924,0.002381669357419014,0.9891695380210876,,,,,,,,,,,,,,,
1770647129.3545227,8719,4759,0.0001633203125,0.0001633203125,6413.908385654,,,,,,,,,,,,,,,,,,,,,
1770647129.5186,8719,4760,0.0001633203125,0.0001633203125,6414.073860284,,,,,,,,,,,,,,,,,,,,,
1770647129.6831994,8719,4761,0.0001633203125,0.0001633203125,6414.237014154,,,,,,,,,,,,,,,,,,,,,
1770647129.847397,8719,4762,0.0001633203125,0.0001633203125,6414.401134687,,,,,,,,,,,,,,,,,,,,,
1770647129.9944847,8719,4763,,,6414.548362691,0.0013841349864378572,202.0,0.022277552634477615,0.0013841349864378572,0.0013841257896274328,0.9939438700675964,,,,,,,,,,,,,,,
1770647138.0667014,8728,4764,,,6422.620474631,,202.0,,,,,0.9940281510353088,0.0014140361454337835,0.0014140214771032333,0.022536620497703552,0.0014140361454337835,,,,,,,,,,
1770647139.6692114,8728,4765,,,6424.223062862,,202.0,,,,,,,,,,0.0014590224018320441,0.0014590224018320441,0.9936400651931763,0.0014735752483829856,0.023626670241355896,,,,,
1770647139.6995468,8729,4766,0.00016292968750000002,0.00016292968750000002,6424.253833126,,,,,,,,,,,,,,,,,,,,,
1770647139.8656015,8729,4767,0.00016292968750000002,0.00016292968750000002,6424.420832869,,,,,,,,,,,,,,,,,,,,,
1770647140.030399,8729,4768,0.00016292968750000002,0.00016292968750000002,6424.585841628,,,,,,,,,,,,,,,,,,,,,
1770647140.1948726,8729,4769,0.00016292968750000002,0.00016292968750000002,6424.750838008,,,,,,,,,,,,,,,,,,,,,
1770647140.3420782,8729,4770,,,6424.89589751,0.0011595510877668858,203.0,0.021733809262514114,0.0011595510877668858,0.0011595162795856595,0.9951045513153076,,,,,,,,,,,,,,,
1770647146.2633224,8739,4771,0.0001625390625,0.0001625390625,6430.818062218,,,,,,,,,,,,,,,,,,,,,
1770647146.4285896,8739,4772,0.0001625390625,0.0001625390625,6430.983874815,,,,,,,,,,,,,,,,,,,,,
1770647146.592655,8739,4773,0.0001625390625,0.0001625390625,6431.147839473,,,,,,,,,,,,,,,,,,,,,
1770647146.75675,8739,4774,0.0001625390625,0.0001625390625,6431.312843495,,,,,,,,,,,,,,,,,,,,,
1770647146.903884,8739,4775,,,6431.457717107,0.0014859060756862164,203.0,0.023836279287934303,0.0014859060756862164,0.0014859092188999057,0.9936555624008179,,,,,,,,,,,,,,,
1770647152.8362398,8749,4776,0.0001621484375,0.0001621484375,6437.390166764,,,,,,,,,,,,,,,,,,,,,
1770647153.0004115,8749,4777,0.0001621484375,0.0001621484375,6437.554246004,,,,,,,,,,,,,,,,,,,,,
1770647153.1648998,8749,4778,0.0001621484375,0.0001621484375,6437.720864203,,,,,,,,,,,,,,,,,,,,,
1770647153.3294907,8749,4779,0.0001621484375,0.0001621484375,6437.884839477,,,,,,,,,,,,,,,,,,,,,
1770647153.4767573,8749,4780,,,6438.030581014,0.0016097316984087229,203.0,0.02417200244963169,0.0016097316984087229,0.001609731581993401,0.9926360845565796,,,,,,,,,,,,,,,
1770647159.4001887,8759,4781,0.00016175781249999998,0.00016175781249999998,6443.954064404,,,,,,,,,,,,,,,,,,,,,
1770647159.5644553,8759,4782,0.00016175781249999998,0.00016175781249999998,6444.11986318,,,,,,,,,,,,,,,,,,,,,
1770647159.7286696,8759,4783,0.00016175781249999998,0.00016175781249999998,6444.283843972,,,,,,,,,,,,,,,,,,,,,
1770647159.8927934,8759,4784,0.00016175781249999998,0.00016175781249999998,6444.448858358,,,,,,,,,,,,,,,,,,,,,
1770647160.0399246,8759,4785,,,6444.593822616,0.0015467277262359858,203.0,0.024237744510173798,0.0015467277262359858,0.0015467038610950112,0.9932308197021484,,,,,,,,,,,,,,,
1770647165.9636295,8769,4786,0.00016136718750000003,0.00016136718750000003,6450.517542891,,,,,,,,,,,,,,,,,,,,,
1770647166.1281073,8769,4787,0.00016136718750000003,0.00016136718750000003,6450.683870873,,,,,,,,,,,,,,,,,,,,,
1770647166.2926543,8769,4788,0.00016136718750000003,0.00016136718750000003,6450.846417207,,,,,,,,,,,,,,,,,,,,,
1770647166.4569054,8769,4789,0.00016136718750000003,0.00016136718750000003,6451.012847122,,,,,,,,,,,,,,,,,,,,,
1770647166.603972,8769,4790,,,6451.1577652,0.001658974913880229,203.0,0.024935701861977577,0.001658974913880229,0.0016589452279731631,0.9927128553390503,,,,,,,,,,,,,,,
1770647170.0856724,8771,4791,,,6454.639403827,,203.0,,,,,0.9939724206924438,0.0014585972530767322,0.0014585813041776419,0.02303161658346653,0.0014585972530767322,,,,,,,,,,
1770647170.0871503,8771,4792,,,6454.640818625,,203.0,,,,,,,,,,0.0014364231610670686,0.0014364231610670686,0.9936997294425964,0.001459005638025701,0.02350270189344883,,,,,
1770647174.7123213,8779,4793,0.00016097656250000001,0.00016097656250000001,6459.267484666,,,,,,,,,,,,,,,,,,,,,
1770647174.8771822,8779,4794,0.00016097656250000001,0.00016097656250000001,6459.432853055,,,,,,,,,,,,,,,,,,,,,
1770647175.0422494,8779,4795,0.00016097656250000001,0.00016097656250000001,6459.597843154,,,,,,,,,,,,,,,,,,,,,
1770647175.2073016,8779,4796,0.00016097656250000001,0.00016097656250000001,6459.762841135,,,,,,,,,,,,,,,,,,,,,
1770647175.3548412,8779,4797,,,6459.90868825,0.0013187992153689265,204.0,0.02307603321969509,0.0013187992153689265,0.0013187871081754565,0.9947080016136169,,,,,,,,,,,,,,,
1770647181.2917163,8789,4798,0.0001605859375,0.0001605859375,6465.845628916,,,,,,,,,,,,,,,,,,,,,
1770647181.456408,8789,4799,0.0001605859375,0.0001605859375,6466.011862175,,,,,,,,,,,,,,,,,,,,,
1770647181.6208851,8789,4800,0.0001605859375,0.0001605859375,6466.176839544,,,,,,,,,,,,,,,,,,,,,
1770647181.7849376,8789,4801,0.0001605859375,0.0001605859375,6466.34083726,,,,,,,,,,,,,,,,,,,,,
1770647181.9320421,8789,4802,,,6466.485863811,0.001448024995625019,204.0,0.024309681728482246,0.001448024995625019,0.0014480187091976404,0.9936175346374512,,,,,,,,,,,,,,,
1770647187.8604426,8799,4803,0.0001601953125,0.0001601953125,6472.414366384,,,,,,,,,,,,,,,,,,,,,
1770647188.024579,8799,4804,0.0001601953125,0.0001601953125,6472.57842359,,,,,,,,,,,,,,,,,,,,,
1770647188.1899164,8799,4805,0.0001601953125,0.0001601953125,6472.744967495,,,,,,,,,,,,,,,,,,,,,
1770647188.354122,8799,4806,0.0001601953125,0.0001601953125,6472.90982873,,,,,,,,,,,,,,,,,,,,,
1770647188.5008879,8799,4807,,,6473.054711474,0.0016538145719096065,204.0,0.024538826197385788,0.0016538145719096065,0.001653817598707974,0.9930686354637146,,,,,,,,,,,,,,,
1770647194.4306414,8809,4808,0.00015980468749999998,0.00015980468749999998,6478.985887799,,,,,,,,,,,,,,,,,,,,,
1770647194.595164,8809,4809,0.00015980468749999998,0.00015980468749999998,6479.150850375,,,,,,,,,,,,,,,,,,,,,
1770647194.7597358,8809,4810,0.00015980468749999998,0.00015980468749999998,6479.315835196,,,,,,,,,,,,,,,,,,,,,
1770647194.9241893,8809,4811,0.00015980468749999998,0.00015980468749999998,6479.479836837,,,,,,,,,,,,,,,,,,,,,
1770647195.0711489,8809,4812,,,6479.624962727,0.0013128842692822218,204.0,0.024764208123087883,0.0013128842692822218,0.0013128593564033508,0.9943906664848328,,,,,,,,,,,,,,,
1770647200.5249639,8814,4813,,,6485.078688589,,204.0,,,,,0.9936712384223938,0.001593668945133686,0.0015936472918838263,0.024730974808335304,0.001593668945133686,,,,,,,,,,
1770647200.526479,8814,4814,,,6485.08015192,,204.0,,,,,,,,,,0.0015038602286949754,0.0015038602286949754,0.9938032031059265,0.0014364059315994382,0.023230785503983498,,,,,
1770647203.1696603,8819,4815,0.00015941406250000002,0.00015941406250000002,6487.723587452,,,,,,,,,,,,,,,,,,,,,
1770647203.333685,8819,4816,0.00015941406250000002,0.00015941406250000002,6487.888858773,,,,,,,,,,,,,,,,,,,,,
1770647203.4981287,8819,4817,0.00015941406250000002,0.00015941406250000002,6488.053836762,,,,,,,,,,,,,,,,,,,,,
1770647203.6627662,8819,4818,0.00015941406250000002,0.00015941406250000002,6488.218837256,,,,,,,,,,,,,,,,,,,,,
1770647203.8101192,8819,4819,,,6488.363879659,0.0012806046288460493,205.0,0.02245803363621235,0.0012806046288460493,0.0012805795995518565,0.9947381615638733,,,,,,,,,,,,,,,
1770647209.7365587,8829,4820,0.0001590234375,0.0001590234375,6494.290459696,,,,,,,,,,,,,,,,,,,,,
1770647209.901198,8829,4821,0.0001590234375,0.0001590234375,6494.455036892,,,,,,,,,,,,,,,,,,,,,
1770647210.065493,8829,4822,0.0001590234375,0.0001590234375,6494.619308629,,,,,,,,,,,,,,,,,,,,,
1770647210.230231,8829,4823,0.0001590234375,0.0001590234375,6494.784027719,,,,,,,,,,,,,,,,,,,,,
1770647210.3778327,8829,4824,,,6494.931606408,0.0014927034499123693,205.0,0.02415982075035572,0.0014927034499123693,0.0014926920412108302,0.9935872554779053,,,,,,,,,,,,,,,
1770647216.306436,8839,4825,0.0001586328125,0.0001586328125,6500.860375696,,,,,,,,,,,,,,,,,,,,,
1770647216.4706967,8839,4826,0.0001586328125,0.0001586328125,6501.025864774,,,,,,,,,,,,,,,,,,,,,
1770647216.6354682,8839,4827,0.0001586328125,0.0001586328125,6501.190837085,,,,,,,,,,,,,,,,,,,,,
1770647216.7999377,8839,4828,0.0001586328125,0.0001586328125,6501.355836305,,,,,,,,,,,,,,,,,,,,,
1770647216.9471037,8839,4829,,,6501.500864788,0.001723160152323544,205.0,0.02523728460073471,0.001723160152323544,0.0017231287201866508,0.9929041862487793,,,,,,,,,,,,,,,
1770647222.867505,8849,4830,0.0001582421875,0.0001582421875,6507.421431859,,,,,,,,,,,,,,,,,,,,,
1770647223.032157,8849,4831,0.0001582421875,0.0001582421875,6507.58599948,,,,,,,,,,,,,,,,,,,,,
1770647223.1964307,8849,4832,0.0001582421875,0.0001582421875,6507.751873487,,,,,,,,,,,,,,,,,,,,,
1770647223.3605192,8849,4833,0.0001582421875,0.0001582421875,6507.91583757,,,,,,,,,,,,,,,,,,,,,
1770647223.5077217,8849,4834,,,6508.061566916,0.0018672910518944263,205.0,0.0257286187261343,0.0018672910518944263,0.0018672652076929808,0.9915525913238525,,,,,,,,,,,,,,,
1770647230.907583,8857,4835,,,6515.461352865,,205.0,,,,,0.993994414806366,0.001431258860975504,0.0014312459388747811,0.022656433284282684,0.001431258860975504,,,,,,,,,,
1770647230.9090347,8857,4836,,,6515.462690467,,205.0,,,,,,,,,,0.001474577933549881,0.001474577933549881,0.9935041666030884,0.0015038454439491034,0.02383865788578987,,,,,
1770647231.584462,8859,4837,0.00015785156249999998,0.00015785156249999998,6516.138361674,,,,,,,,,,,,,,,,,,,,,
1770647231.748766,8859,4838,0.00015785156249999998,0.00015785156249999998,6516.304865297,,,,,,,,,,,,,,,,,,,,,
1770647231.91335,8859,4839,0.00015785156249999998,0.00015785156249999998,6516.468847678,,,,,,,,,,,,,,,,,,,,,
1770647232.0778196,8859,4840,0.00015785156249999998,0.00015785156249999998,6516.633848531,,,,,,,,,,,,,,,,,,,,,
1770647232.224985,8859,4841,,,6516.778843983,0.0014593370724469423,206.0,0.023006673902273178,0.0014593370724469423,0.0014593250816687942,0.9936874508857727,,,,,,,,,,,,,,,
1770647238.1499176,8869,4842,0.00015746093750000002,0.00015746093750000002,6522.703852049,,,,,,,,,,,,,,,,,,,,,
1770647238.314304,8869,4843,0.00015746093750000002,0.00015746093750000002,6522.869859976,,,,,,,,,,,,,,,,,,,,,
1770647238.4785686,8869,4844,0.00015746093750000002,0.00015746093750000002,6523.033842267,,,,,,,,,,,,,,,,,,,,,
1770647238.6428614,8869,4845,0.00015746093750000002,0.00015746093750000002,6523.198836819,,,,,,,,,,,,,,,,,,,,,
1770647238.7899797,8869,4846,,,6523.343835696,0.0013596689095720649,206.0,0.023373110219836235,0.0013596689095720649,0.0013596386415883899,0.9944454431533813,,,,,,,,,,,,,,,
1770647244.719131,8879,4847,0.0001570703125,0.0001570703125,6529.273035527,,,,,,,,,,,,,,,,,,,,,
1770647244.8834982,8879,4848,0.0001570703125,0.0001570703125,6529.438863574,,,,,,,,,,,,,,,,,,,,,
1770647245.0480835,8879,4849,0.0001570703125,0.0001570703125,6529.601855494,,,,,,,,,,,,,,,,,,,,,
1770647245.2133398,8879,4850,0.0001570703125,0.0001570703125,6529.768855022,,,,,,,,,,,,,,,,,,,,,
1770647245.3603435,8879,4851,,,6529.914171687,0.0016889607068151236,206.0,0.025281311944127083,0.0016889607068151236,0.0016889513935893774,0.992652416229248,,,,,,,,,,,,,,,
1770647251.290154,8889,4852,0.0001566796875,0.0001566796875,6535.844080263,,,,,,,,,,,,,,,,,,,,,
1770647251.4546711,8889,4853,0.0001566796875,0.0001566796875,6536.009858054,,,,,,,,,,,,,,,,,,,,,
1770647251.618814,8889,4854,0.0001566796875,0.0001566796875,6536.174846637,,,,,,,,,,,,,,,,,,,,,
1770647251.783172,8889,4855,0.0001566796875,0.0001566796875,6536.338842578,,,,,,,,,,,,,,,,,,,,,
1770647251.930781,8889,4856,,,6536.484619154,0.0013789079384878278,206.0,0.023198289796710014,0.0013789079384878278,0.0013788793003186584,0.9938088059425354,,,,,,,,,,,,,,,
1770647257.8660278,8899,4857,0.0001562890625,0.0001562890625,6542.419955103,,,,,,,,,,,,,,,,,,,,,
1770647258.0304353,8899,4858,0.0001562890625,0.0001562890625,6542.585862258,,,,,,,,,,,,,,,,,,,,,
1770647258.1949573,8899,4859,0.0001562890625,0.0001562890625,6542.750844852,,,,,,,,,,,,,,,,,,,,,
1770647258.359088,8899,4860,0.0001562890625,0.0001562890625,6542.914839069,,,,,,,,,,,,,,,,,,,,,
1770647258.5060956,8899,4861,,,6543.059904756,0.001406102441251278,206.0,0.02356451004743576,0.001406102441251278,0.0014060697285458446,0.9936854243278503,,,,,,,,,,,,,,,
1770647261.3161087,8900,4862,,,6545.869869366,,206.0,,,,,0.9939765930175781,0.0014655094128102064,0.0014654906699433923,0.023386795073747635,0.0014655094128102064,,,,,,,,,,
1770647261.3175578,8900,4863,,,6545.871226548,,206.0,,,,,,,,,,0.001471880590543151,0.001471880590543151,0.9936365485191345,0.0014745634980499744,0.02356027066707611,,,,,
1770647266.588184,8909,4864,0.00015589843749999998,0.00015589843749999998,6551.143884064,,,,,,,,,,,,,,,,,,,,,
1770647266.7527025,8909,4865,0.00015589843749999998,0.00015589843749999998,6551.308855281,,,,,,,,,,,,,,,,,,,,,
1770647266.9170923,8909,4866,0.00015589843749999998,0.00015589843749999998,6551.470861798,,,,,,,,,,,,,,,,,,,,,
1770647267.0812473,8909,4867,0.00015589843749999998,0.00015589843749999998,6551.63685371,,,,,,,,,,,,,,,,,,,,,
1770647267.2282438,8909,4868,,,6551.782040949,0.0017109981272369623,207.0,0.025175249204039574,0.0017109981272369623,0.0017109690234065056,0.9935308694839478,,,,,,,,,,,,,,,
1770647273.156513,8919,4869,0.00015550781250000002,0.00015550781250000002,6557.710449695,,,,,,,,,,,,,,,,,,,,,
1770647273.320876,8919,4870,0.00015550781250000002,0.00015550781250000002,6557.876867226,,,,,,,,,,,,,,,,,,,,,
1770647273.485134,8919,4871,0.00015550781250000002,0.00015550781250000002,6558.040838869,,,,,,,,,,,,,,,,,,,,,
1770647273.6497343,8919,4872,0.00015550781250000002,0.00015550781250000002,6558.205841142,,,,,,,,,,,,,,,,,,,,,
1770647273.7970092,8919,4873,,,6558.35087498,0.001360404654406011,207.0,0.023279409855604172,0.001360404654406011,0.0013603649567812681,0.9942403435707092,,,,,,,,,,,,,,,
1770647279.7219362,8929,4874,0.0001551171875,0.0001551171875,6564.275853106,,,,,,,,,,,,,,,,,,,,,
1770647279.8863134,8929,4875,0.0001551171875,0.0001551171875,6564.441869023,,,,,,,,,,,,,,,,,,,,,
1770647280.0509145,8929,4876,0.0001551171875,0.0001551171875,6564.604678417,,,,,,,,,,,,,,,,,,,,,
1770647280.2151513,8929,4877,0.0001551171875,0.0001551171875,6564.770842498,,,,,,,,,,,,,,,,,,,,,
1770647280.3622599,8929,4878,,,6564.916063006,0.0013046194799244404,207.0,0.021850788965821266,0.0013046194799244404,0.001304615056142211,0.9948875904083252,,,,,,,,,,,,,,,
1770647286.295255,8939,4879,0.0001547265625,0.0001547265625,6570.849162126,,,,,,,,,,,,,,,,,,,,,
1770647286.4596775,8939,4880,0.0001547265625,0.0001547265625,6571.015859588,,,,,,,,,,,,,,,,,,,,,
1770647286.6240711,8939,4881,0.0001547265625,0.0001547265625,6571.179859984,,,,,,,,,,,,,,,,,,,,,
1770647286.7886586,8939,4882,0.0001547265625,0.0001547265625,6571.343850294,,,,,,,,,,,,,,,,,,,,,
1770647286.9359796,8939,4883,,,6571.4898069,0.0012642412912100554,207.0,0.021923325955867767,0.0012642412912100554,0.0012642249930649996,0.994220495223999,,,,,,,,,,,,,,,
1770647291.7760117,8943,4884,,,6576.329714795,,207.0,,,,,0.9938371181488037,0.001581034972332418,0.00158101471606642,0.024370385333895683,0.001581034972332418,,,,,,,,,,
1770647291.7774506,8943,4885,,,6576.331122473,,207.0,,,,,,,,,,0.0014536513481289148,0.0014536513481289148,0.9936462044715881,0.0014718625461682677,0.023532960563898087,,,,,
1770647295.0888202,8949,4886,0.00015433593749999999,0.00015433593749999999,6579.642753321,,,,,,,,,,,,,,,,,,,,,
1770647295.253597,8949,4887,0.00015433593749999999,0.00015433593749999999,6579.807443974,,,,,,,,,,,,,,,,,,,,,
1770647295.4184115,8949,4888,0.00015433593749999999,0.00015433593749999999,6579.973863087,,,,,,,,,,,,,,,,,,,,,
1770647295.5831087,8949,4889,0.00015433593749999999,0.00015433593749999999,6580.138842595,,,,,,,,,,,,,,,,,,,,,
1770647295.7303703,8949,4890,,,6580.284142893,0.0016004545614123344,208.0,0.023189609870314598,0.0016004545614123344,0.0016004537465050817,0.9929251074790955,,,,,,,,,,,,,,,
1770647301.6648543,8959,4891,0.0001539453125,0.0001539453125,6586.218769075,,,,,,,,,,,,,,,,,,,,,
1770647301.8300843,8959,4892,0.0001539453125,0.0001539453125,6586.385858076,,,,,,,,,,,,,,,,,,,,,
1770647301.9947212,8959,4893,0.0001539453125,0.0001539453125,6586.550838855,,,,,,,,,,,,,,,,,,,,,
1770647302.1592631,8959,4894,0.0001539453125,0.0001539453125,6586.714835955,,,,,,,,,,,,,,,,,,,,,
1770647302.3063185,8959,4895,,,6586.860145947,0.0015116233844310045,208.0,0.023809799924492836,0.0015116233844310045,0.001511585433036089,0.9935190081596375,,,,,,,,,,,,,,,
1770647308.2338948,8969,4896,0.00015355468750000002,0.00015355468750000002,6592.787859171,,,,,,,,,,,,,,,,,,,,,
1770647308.3983858,8969,4897,0.00015355468750000002,0.00015355468750000002,6592.952231956,,,,,,,,,,,,,,,,,,,,,
1770647308.56328,8969,4898,0.00015355468750000002,0.00015355468750000002,6593.11887097,,,,,,,,,,,,,,,,,,,,,
1770647308.7280097,8969,4899,0.00015355468750000002,0.00015355468750000002,6593.283841644,,,,,,,,,,,,,,,,,,,,,
1770647308.875196,8969,4900,,,6593.429069312,0.0014215492410585284,208.0,0.02340303361415863,0.0014215492410585284,0.0014215406263247132,0.9939192533493042,,,,,,,,,,,,,,,
1770647314.801316,8979,4901,0.0001531640625,0.0001531640625,6599.355255048,,,,,,,,,,,,,,,,,,,,,
1770647314.9658937,8979,4902,0.0001531640625,0.0001531640625,6599.521868643,,,,,,,,,,,,,,,,,,,,,
1770647315.1306398,8979,4903,0.0001531640625,0.0001531640625,6599.685845131,,,,,,,,,,,,,,,,,,,,,
1770647315.295087,8979,4904,0.0001531640625,0.0001531640625,6599.850847863,,,,,,,,,,,,,,,,,,,,,
1770647315.442315,8979,4905,,,6599.996137294,0.0013221747940406203,208.0,0.022827155888080597,0.0013221747940406203,0.0013221543049439788,0.9946510195732117,,,,,,,,,,,,,,,
1770647322.2056339,8986,4906,,,6606.759363348,,208.0,,,,,0.9938891530036926,0.0014263381017372012,0.0014263247139751911,0.022690698504447937,0.0014263381017372012,,,,,,,,,,
1770647322.207091,8986,4907,,,6606.760774861,,208.0,,,,,,,,,,0.0014414412435144186,0.0014414412435144186,0.9937264919281006,0.0014536331873387098,0.023401126265525818,,,,,
1770647323.5399926,8989,4908,0.0001527734375,0.0001527734375,6608.093937097,,,,,,,,,,,,,,,,,,,,,
1770647323.7039118,8989,4909,0.0001527734375,0.0001527734375,6608.259864229,,,,,,,,,,,,,,,,,,,,,
1770647323.8679643,8989,4910,0.0001527734375,0.0001527734375,6608.423843071,,,,,,,,,,,,,,,,,,,,,
1770647324.0322645,8989,4911,0.0001527734375,0.0001527734375,6608.587845528,,,,,,,,,,,,,,,,,,,,,
1770647324.1794083,8989,4912,,,6608.733231674,0.001289414125494659,209.0,0.022586191073060036,0.001289414125494659,0.001289387117139995,0.9941426515579224,,,,,,,,,,,,,,,
1770647330.1299615,8999,4913,0.00015238281249999998,0.00015238281249999998,6614.683901102,,,,,,,,,,,,,,,,,,,,,
1770647330.2946773,8999,4914,0.00015238281249999998,0.00015238281249999998,6614.849850137,,,,,,,,,,,,,,,,,,,,,
1770647330.4597683,8999,4915,0.00015238281249999998,0.00015238281249999998,6615.014831236,,,,,,,,,,,,,,,,,,,,,
1770647330.6246903,8999,4916,0.00015238281249999998,0.00015238281249999998,6615.179836701,,,,,,,,,,,,,,,,,,,,,
1770647330.7716491,8999,4917,,,6615.325507485,0.0010942333610728383,209.0,0.020743735134601593,0.0010942333610728383,0.001094206003472209,0.9950858950614929,,,,,,,,,,,,,,,
1770647336.6969984,9009,4918,0.0001519921875,0.0001519921875,6621.252885721,,,,,,,,,,,,,,,,,,,,,
1770647336.8616989,9009,4919,0.0001519921875,0.0001519921875,6621.417846078,,,,,,,,,,,,,,,,,,,,,
1770647337.0260537,9009,4920,0.0001519921875,0.0001519921875,6621.580931936,,,,,,,,,,,,,,,,,,,,,
1770647337.1901996,9009,4921,0.0001519921875,0.0001519921875,6621.745822999,,,,,,,,,,,,,,,,,,,,,
1770647337.3373833,9009,4922,,,6621.891241864,0.0015611108392477036,209.0,0.02447546273469925,0.0015611108392477036,0.0015611007111147046,0.993577241897583,,,,,,,,,,,,,,,
1770647343.2654834,9019,4923,0.00015160156250000002,0.00015160156250000002,6627.819385881,,,,,,,,,,,,,,,,,,,,,
1770647343.429842,9019,4924,0.00015160156250000002,0.00015160156250000002,6627.98587018,,,,,,,,,,,,,,,,,,,,,
1770647343.5939963,9019,4925,0.00015160156250000002,0.00015160156250000002,6628.149840037,,,,,,,,,,,,,,,,,,,,,
1770647343.7580953,9019,4926,0.00015160156250000002,0.00015160156250000002,6628.313835863,,,,,,,,,,,,,,,,,,,,,
1770647343.9052467,9019,4927,,,6628.459026254,0.0015128047671169043,209.0,0.02409226819872856,0.0015128047671169043,0.001512780087068677,0.9937354326248169,,,,,,,,,,,,,,,
1770647349.8327255,9029,4928,0.0001512109375,0.0001512109375,6634.386626443,,,,,,,,,,,,,,,,,,,,,
1770647349.9978464,9029,4929,0.0001512109375,0.0001512109375,6634.553867761,,,,,,,,,,,,,,,,,,,,,
1770647350.1629174,9029,4930,0.0001512109375,0.0001512109375,6634.718845794,,,,,,,,,,,,,,,,,,,,,
1770647350.315891,9029,4931,0.0001512109375,0.0001512109375,6634.872830252,,,,,,,,,,,,,,,,,,,,,
1770647350.3754234,9029,4932,,,6634.929234039,0.002555794082581997,209.0,0.02992098033428192,0.002555794082581997,0.0025557787157595158,0.9886312484741211,,,,,,,,,,,,,,,
1770647352.6345901,9029,4933,,,6637.188318093,,209.0,,,,,0.9941236972808838,0.0013947958359494805,0.0013947776751592755,0.022371338680386543,0.0013947958359494805,,,,,,,,,,
1770647354.3095427,9029,4934,,,6638.863576405,,209.0,,,,,,,,,,0.0014281970215961337,0.0014281970215961337,0.9937771558761597,0.001441426225937903,0.023308373987674713,,,,,
1770647360.2494185,9039,4935,0.0001508203125,0.0001508203125,6644.80332505,,,,,,,,,,,,,,,,,,,,,
1770647360.4143636,9039,4936,0.0001508203125,0.0001508203125,6644.969854557,,,,,,,,,,,,,,,,,,,,,
1770647360.5798328,9039,4937,0.0001508203125,0.0001508203125,6645.133690512,,,,,,,,,,,,,,,,,,,,,
1770647360.7456858,9039,4938,0.0001508203125,0.0001508203125,6645.300852509,,,,,,,,,,,,,,,,,,,,,
1770647360.8934166,9039,4939,,,6645.447276495,0.0013161888346076012,210.0,0.022884726524353027,0.0013161888346076012,0.001316184177994728,0.9946469664573669,,,,,,,,,,,,,,,
1770647366.823879,9049,4940,0.00015042968749999998,0.00015042968749999998,6651.377815078,,,,,,,,,,,,,,,,,,,,,
1770647366.9882586,9049,4941,0.00015042968749999998,0.00015042968749999998,6651.542072126,,,,,,,,,,,,,,,,,,,,,
1770647367.1526482,9049,4942,0.00015042968749999998,0.00015042968749999998,6651.707858163,,,,,,,,,,,,,,,,,,,,,
1770647367.3170016,9049,4943,0.00015042968749999998,0.00015042968749999998,6651.872830818,,,,,,,,,,,,,,,,,,,,,
1770647367.4643874,9049,4944,,,6652.018234368,0.0015572150005027652,210.0,0.023759758099913597,0.0015572150005027652,0.0015571662224829197,0.9929903745651245,,,,,,,,,,,,,,,
1770647373.388185,9059,4945,0.0001500390625,0.0001500390625,6657.942119904,,,,,,,,,,,,,,,,,,,,,
1770647373.5523677,9059,4946,0.0001500390625,0.0001500390625,6658.106143771,,,,,,,,,,,,,,,,,,,,,
1770647373.7170815,9059,4947,0.0001500390625,0.0001500390625,6658.27283521,,,,,,,,,,,,,,,,,,,,,
1770647373.8813508,9059,4948,0.0001500390625,0.0001500390625,6658.436834981,,,,,,,,,,,,,,,,,,,,,
1770647374.029138,9059,4949,,,6658.582961249,0.0013340309960767627,210.0,0.02378646843135357,0.0013340309960767627,0.001334013300947845,0.9941641688346863,,,,,,,,,,,,,,,
1770647379.9618237,9069,4950,0.00014964843750000001,0.00014964843750000001,6664.517872087,,,,,,,,,,,,,,,,,,,,,
1770647380.1259577,9069,4951,0.00014964843750000001,0.00014964843750000001,6664.681839859,,,,,,,,,,,,,,,,,,,,,
1770647380.2900012,9069,4952,0.00014964843750000001,0.00014964843750000001,6664.845830376,,,,,,,,,,,,,,,,,,,,,
1770647380.4542758,9069,4953,0.00014964843750000001,0.00014964843750000001,6665.009835044,,,,,,,,,,,,,,,,,,,,,
1770647380.6018252,9069,4954,,,6665.155634079,0.0017600312130525708,210.0,0.025396782904863358,0.0017600312130525708,0.001760025741532445,0.9925892949104309,,,,,,,,,,,,,,,
1770647384.7304251,9072,4955,,,6669.284155517,,210.0,,,,,0.9940153956413269,0.0014905084390193224,0.0014904880663380027,0.023399611935019493,0.0014905084390193224,,,,,,,,,,
1770647384.7318985,9072,4956,,,6669.285568021,,210.0,,,,,,,,,,0.0014224539045244455,0.0014224539045244455,0.9938344359397888,0.0014281806070357561,0.02316429652273655,,,,,
1770647388.6933033,9079,4957,0.0001492578125,0.0001492578125,6673.247230754,,,,,,,,,,,,,,,,,,,,,
1770647388.8577585,9079,4958,0.0001492578125,0.0001492578125,6673.413859749,,,,,,,,,,,,,,,,,,,,,
1770647389.0217497,9079,4959,0.0001492578125,0.0001492578125,6673.575529795,,,,,,,,,,,,,,,,,,,,,
1770647389.1867616,9079,4960,0.0001492578125,0.0001492578125,6673.740509709,,,,,,,,,,,,,,,,,,,,,
1770647389.3341608,9079,4961,,,6673.887981219,0.0014643286122009158,211.0,0.024119209498167038,0.0014643286122009158,0.0014643247704952955,0.9939083456993103,,,,,,,,,,,,,,,
1770647395.2641735,9089,4962,0.0001488671875,0.0001488671875,6679.818089882,,,,,,,,,,,,,,,,,,,,,
1770647395.4292598,9089,4963,0.0001488671875,0.0001488671875,6679.984864845,,,,,,,,,,,,,,,,,,,,,
1770647395.5935636,9089,4964,0.0001488671875,0.0001488671875,6680.148831736,,,,,,,,,,,,,,,,,,,,,
1770647395.7576873,9089,4965,0.0001488671875,0.0001488671875,6680.31383837,,,,,,,,,,,,,,,,,,,,,
1770647395.9052713,9089,4966,,,6680.45909614,0.0011740446789190173,211.0,0.0213512871414423,0.0011740446789190173,0.0011740181362256408,0.9952466487884521,,,,,,,,,,,,,,,
1770647401.834173,9099,4967,0.0001484765625,0.0001484765625,6686.388089525,,,,,,,,,,,,,,,,,,,,,
1770647401.9988642,9099,4968,0.0001484765625,0.0001484765625,6686.554854874,,,,,,,,,,,,,,,,,,,,,
1770647402.1634104,9099,4969,0.0001484765625,0.0001484765625,6686.718839701,,,,,,,,,,,,,,,,,,,,,
1770647402.3273463,9099,4970,0.0001484765625,0.0001484765625,6686.88285249,,,,,,,,,,,,,,,,,,,,,
1770647402.4751499,9099,4971,,,6687.028990234,0.0012028019409626722,211.0,0.02172066643834114,0.0012028019409626722,0.00120278459507972,0.9948737621307373,,,,,,,,,,,,,,,
1770647408.4024007,9109,4972,0.0001480859375,0.0001480859375,6692.956328489,,,,,,,,,,,,,,,,,,,,,
1770647408.5669465,9109,4973,0.0001480859375,0.0001480859375,6693.122860878,,,,,,,,,,,,,,,,,,,,,
1770647408.731515,9109,4974,0.0001480859375,0.0001480859375,6693.286837021,,,,,,,,,,,,,,,,,,,,,
1770647408.895479,9109,4975,0.0001480859375,0.0001480859375,6693.450832825,,,,,,,,,,,,,,,,,,,,,
1770647409.0431526,9109,4976,,,6693.597012251,0.001137784798629582,211.0,0.02092425338923931,0.001137784798629582,0.0011377721093595028,0.9949143528938293,,,,,,,,,,,,,,,
1770647415.147218,9115,4977,,,6699.700916796,,211.0,,,,,0.9941102862358093,0.00146180868614465,0.0014617868000641465,0.02312769554555416,0.00146180868614465,,,,,,,,,,
1770647415.148655,9115,4978,,,6699.702316671,,211.0,,,,,,,,,,0.0014132667565718293,0.0014132667565718293,0.9938645958900452,0.0014224350452423096,0.023141400888562202,,,,,
1770647417.1383667,9119,4979,0.0001476953125,0.0001476953125,6701.693878713,,,,,,,,,,,,,,,,,,,,,
1770647417.302416,9119,4980,0.0001476953125,0.0001476953125,6701.856227598,,,,,,,,,,,,,,,,,,,,,
1770647417.4668045,9119,4981,0.0001476953125,0.0001476953125,6702.022854819,,,,,,,,,,,,,,,,,,,,,
1770647417.6311145,9119,4982,0.0001476953125,0.0001476953125,6702.184896513,,,,,,,,,,,,,,,,,,,,,
1770647417.7786498,9119,4983,,,6702.332481222,0.0013092898298054934,212.0,0.022195763885974884,0.0013092898298054934,0.0013092925073578954,0.9947364926338196,,,,,,,,,,,,,,,
1770647423.7051668,9129,4984,0.0001473046875,0.0001473046875,6708.260881381,,,,,,,,,,,,,,,,,,,,,
1770647423.8695438,9129,4985,0.0001473046875,0.0001473046875,6708.424840709,,,,,,,,,,,,,,,,,,,,,
1770647424.0333064,9129,4986,0.0001473046875,0.0001473046875,6708.588843142,,,,,,,,,,,,,,,,,,,,,
1770647424.1979446,9129,4987,0.0001473046875,0.0001473046875,6708.751697538,,,,,,,,,,,,,,,,,,,,,
1770647424.3456352,9129,4988,,,6708.899456038,0.0012965135974809527,212.0,0.02236177958548069,0.0012965135974809527,0.0012964984634891152,0.9943693280220032,,,,,,,,,,,,,,,
1770647430.267352,9139,4989,0.0001469140625,0.0001469140625,6714.821272074,,,,,,,,,,,,,,,,,,,,,
1770647430.4320157,9139,4990,0.0001469140625,0.0001469140625,6714.987858242,,,,,,,,,,,,,,,,,,,,,
1770647430.5962465,9139,4991,0.0001469140625,0.0001469140625,6715.151831371,,,,,,,,,,,,,,,,,,,,,
1770647430.7607422,9139,4992,0.0001469140625,0.0001469140625,6715.316839526,,,,,,,,,,,,,,,,,,,,,
1770647430.9082355,9139,4993,,,6715.462058136,0.0011357159819453955,212.0,0.02110959216952324,0.0011357159819453955,0.0011357165640220046,0.9947600364685059,,,,,,,,,,,,,,,
1770647436.8363056,9149,4994,0.0001465234375,0.0001465234375,6721.391880363,,,,,,,,,,,,,,,,,,,,,
1770647437.0002143,9149,4995,0.0001465234375,0.0001465234375,6721.555853291,,,,,,,,,,,,,,,,,,,,,
1770647437.1649191,9149,4996,0.0001465234375,0.0001465234375,6721.720855116,,,,,,,,,,,,,,,,,,,,,
1770647437.3288794,9149,4997,0.0001465234375,0.0001465234375,6721.884835065,,,,,,,,,,,,,,,,,,,,,
1770647437.4769683,9149,4998,,,6722.030786857,0.0014146014582365751,212.0,0.02260410599410534,0.0014146014582365751,0.0014145885361358523,0.9938062429428101,,,,,,,,,,,,,,,
1770647445.5355217,9158,4999,,,6730.089239372,,212.0,,,,,0.994073748588562,0.0014451344031840563,0.0014451140305027366,0.023040398955345154,0.0014451344031840563,,,,,,,,,,
1770647445.53699,9158,5000,,,6730.090649493,,212.0,,,,,,,,,,0.0014191308291628957,0.0014191308291628957,0.9939013719558716,0.0014132519718259573,0.02301829494535923,,,,,
1770647445.557267,9159,5001,0.0001461328125,0.0001461328125,6730.112819489,,,,,,,,,,,,,,,,,,,,,
1770647445.7210567,9159,5002,0.0001461328125,0.0001461328125,6730.276832246,,,,,,,,,,,,,,,,,,,,,
1770647445.8857462,9159,5003,0.0001461328125,0.0001461328125,6730.439477947,,,,,,,,,,,,,,,,,,,,,
1770647446.0499291,9159,5004,0.0001461328125,0.0001461328125,6730.605831936,,,,,,,,,,,,,,,,,,,,,
1770647446.1975155,9159,5005,,,6730.751284898,0.0013395363930612803,213.0,0.02320183254778385,0.0013395363930612803,0.0013395127607509494,0.9944700002670288,,,,,,,,,,,,,,,
1770647452.1204245,9169,5006,0.0001457421875,0.0001457421875,6736.674345482,,,,,,,,,,,,,,,,,,,,,
1770647452.2846975,9169,5007,0.0001457421875,0.0001457421875,6736.838521715,,,,,,,,,,,,,,,,,,,,,
1770647452.4484034,9169,5008,0.0001457421875,0.0001457421875,6737.003856791,,,,,,,,,,,,,,,,,,,,,
1770647452.6126466,9169,5009,0.0001457421875,0.0001457421875,6737.167840224,,,,,,,,,,,,,,,,,,,,,
1770647452.7603588,9169,5010,,,6737.314221432,0.001595815410837531,213.0,0.02381683699786663,0.001595815410837531,0.0015957743162289262,0.9935079216957092,,,,,,,,,,,,,,,
1770647458.681479,9179,5011,0.0001453515625,0.0001453515625,6743.235406225,,,,,,,,,,,,,,,,,,,,,
1770647458.845918,9179,5012,0.0001453515625,0.0001453515625,6743.401848005,,,,,,,,,,,,,,,,,,,,,
1770647459.010467,9179,5013,0.0001453515625,0.0001453515625,6743.56583302,,,,,,,,,,,,,,,,,,,,,
1770647459.1747956,9179,5014,0.0001453515625,0.0001453515625,6743.730832441,,,,,,,,,,,,,,,,,,,,,
1770647459.3224819,9179,5015,,,6743.876292493,0.0013082500081509352,213.0,0.022535689175128937,0.0013082500081509352,0.0013082530349493027,0.9940575957298279,,,,,,,,,,,,,,,
1770647465.2452304,9189,5016,0.0001449609375,0.0001449609375,6749.79916182,,,,,,,,,,,,,,,,,,,,,
1770647465.4094281,9189,5017,0.0001449609375,0.0001449609375,6749.963246354,,,,,,,,,,,,,,,,,,,,,
1770647465.5767405,9189,5018,0.0001449609375,0.0001449609375,6750.13187245,,,,,,,,,,,,,,,,,,,,,
1770647465.7411733,9189,5019,0.0001449609375,0.0001449609375,6750.294931451,,,,,,,,,,,,,,,,,,,,,
1770647465.888486,9189,5020,,,6750.442353825,0.001202085637487471,213.0,0.021608196198940277,0.001202085637487471,0.0012020631693303585,0.9948223829269409,,,,,,,,,,,,,,,
1770647471.80944,9199,5021,0.0001445703125,0.0001445703125,6756.364881047,,,,,,,,,,,,,,,,,,,,,
1770647471.9737077,9199,5022,0.0001445703125,0.0001445703125,6756.529841819,,,,,,,,,,,,,,,,,,,,,
1770647472.1379683,9199,5023,0.0001445703125,0.0001445703125,6756.693831831,,,,,,,,,,,,,,,,,,,,,
1770647472.3019204,9199,5024,0.0001445703125,0.0001445703125,6756.857832559,,,,,,,,,,,,,,,,,,,,,
1770647472.4493036,9199,5025,,,6757.003088704,0.0013905472587794065,213.0,0.02328924648463726,0.0013905472587794065,0.0013905377127230167,0.9939737915992737,,,,,,,,,,,,,,,
1770647475.915552,9201,5026,,,6760.469272495,,213.0,,,,,0.9940541386604309,0.0013866350054740906,0.001386619871482253,0.022256672382354736,0.0013866350054740906,,,,,,,,,,
1770647477.6499138,9201,5027,,,6762.203954281,,213.0,,,,,,,,,,0.0014126135502010584,0.0014126135502010584,0.9938815236091614,0.0014191140653565526,0.023075351491570473,,,,,
1770647482.3086371,9209,5028,0.0001441796875,0.0001441796875,6766.863893923,,,,,,,,,,,,,,,,,,,,,
1770647482.4789867,9209,5029,0.0001441796875,0.0001441796875,6767.033871269,,,,,,,,,,,,,,,,,,,,,
1770647482.6487691,9209,5030,0.0001441796875,0.0001441796875,6767.203860424,,,,,,,,,,,,,,,,,,,,,
1770647482.8200326,9209,5031,0.0001441796875,0.0001441796875,6767.375478298,,,,,,,,,,,,,,,,,,,,,
1770647482.9683735,9209,5032,,,6767.52230126,0.0016182243125513196,214.0,0.024410195648670197,0.0016182243125513196,0.0016182117396965623,0.9929918646812439,,,,,,,,,,,,,,,
1770647488.8958926,9219,5033,0.0001437890625,0.0001437890625,6773.451880002,,,,,,,,,,,,,,,,,,,,,
1770647489.059976,9219,5034,0.0001437890625,0.0001437890625,6773.61584071,,,,,,,,,,,,,,,,,,,,,
1770647489.224493,9219,5035,0.0001437890625,0.0001437890625,6773.778236974,,,,,,,,,,,,,,,,,,,,,
1770647489.3884974,9219,5036,0.0001437890625,0.0001437890625,6773.942280265,,,,,,,,,,,,,,,,,,,,,
1770647489.535968,9219,5037,,,6774.089768306,0.0012034381506964564,214.0,0.021307233721017838,0.0012034381506964564,0.00120343582239002,0.9951872229576111,,,,,,,,,,,,,,,
1770647495.463267,9229,5038,0.0001433984375,0.0001433984375,6780.017099909,,,,,,,,,,,,,,,,,,,,,
1770647495.627779,9229,5039,0.0001433984375,0.0001433984375,6780.183837483,,,,,,,,,,,,,,,,,,,,,
1770647495.792036,9229,5040,0.0001433984375,0.0001433984375,6780.347836938,,,,,,,,,,,,,,,,,,,,,
1770647495.9565332,9229,5041,0.0001433984375,0.0001433984375,6780.511845207,,,,,,,,,,,,,,,,,,,,,
1770647496.1040776,9229,5042,,,6780.657956907,0.001323749660514295,214.0,0.022683419287204742,0.001323749660514295,0.001323727541603148,0.9940154552459717,,,,,,,,,,,,,,,
1770647502.031994,9239,5043,0.00014300781250000001,0.00014300781250000001,6786.587878406,,,,,,,,,,,,,,,,,,,,,
1770647502.1959987,9239,5044,0.00014300781250000001,0.00014300781250000001,6786.751839233,,,,,,,,,,,,,,,,,,,,,
1770647502.3601801,9239,5045,0.00014300781250000001,0.00014300781250000001,6786.915832599,,,,,,,,,,,,,,,,,,,,,
1770647502.5245159,9239,5046,0.00014300781250000001,0.00014300781250000001,6787.079841838,,,,,,,,,,,,,,,,,,,,,
1770647502.672013,9239,5047,,,6787.225841991,0.0013449479592964053,214.0,0.022968361154198647,0.0013449479592964053,0.0013449348043650389,0.9939122200012207,,,,,,,,,,,,,,,
1770647508.1147175,9244,5048,,,6792.668459667,,214.0,,,,,0.9940912127494812,0.0014529777690768242,0.0014529614709317684,0.023113861680030823,0.0014529777690768242,,,,,,,,,,
1770647508.1161592,9244,5049,,,6792.669838651,,214.0,,,,,,,,,,0.0014147795736789703,0.0014147795736789703,0.9938994646072388,0.001412598299793899,0.02303669974207878,,,,,
1770647510.76305,9249,5050,0.0001426171875,0.0001426171875,6795.316959763,,,,,,,,,,,,,,,,,,,,,
1770647510.9272037,9249,5051,0.0001426171875,0.0001426171875,6795.481021351,,,,,,,,,,,,,,,,,,,,,
1770647511.091433,9249,5052,0.0001426171875,0.0001426171875,6795.646861625,,,,,,,,,,,,,,,,,,,,,
1770647511.2556567,9249,5053,0.0001426171875,0.0001426171875,6795.810847028,,,,,,,,,,,,,,,,,,,,,
1770647511.4032483,9249,5054,,,6795.95707941,0.001708570052869618,215.0,0.023809418082237244,0.001708570052869618,0.0017085790168493986,0.9929023385047913,,,,,,,,,,,,,,,
1770647517.3312535,9259,5055,0.0001422265625,0.0001422265625,6801.885189882,,,,,,,,,,,,,,,,,,,,,
1770647517.4962091,9259,5056,0.0001422265625,0.0001422265625,6802.050045544,,,,,,,,,,,,,,,,,,,,,
1770647517.6603045,9259,5057,0.0001422265625,0.0001422265625,6802.215857113,,,,,,,,,,,,,,,,,,,,,
1770647517.8244526,9259,5058,0.0001422265625,0.0001422265625,6802.379836708,,,,,,,,,,,,,,,,,,,,,
1770647517.9721403,9259,5059,,,6802.525993125,0.0014937331434339285,215.0,0.022869601845741272,0.0014937331434339285,0.0014937284868210554,0.9936164617538452,,,,,,,,,,,,,,,
1770647523.917838,9269,5060,0.0001418359375,0.0001418359375,6808.473878229,,,,,,,,,,,,,,,,,,,,,
1770647524.0823052,9269,5061,0.0001418359375,0.0001418359375,6808.637843582,,,,,,,,,,,,,,,,,,,,,
1770647524.2466204,9269,5062,0.0001418359375,0.0001418359375,6808.801833982,,,,,,,,,,,,,,,,,,,,,
1770647524.4106271,9269,5063,0.0001418359375,0.0001418359375,6808.965831413,,,,,,,,,,,,,,,,,,,,,
1770647524.558008,9269,5064,,,6809.111819207,0.0014275064459070563,215.0,0.023437581956386566,0.0014275064459070563,0.001427475013770163,0.9936186075210571,,,,,,,,,,,,,,,
1770647530.564029,9279,5065,0.0001414453125,0.0001414453125,6815.117907221,,,,,,,,,,,,,,,,,,,,,
1770647530.7287636,9279,5066,0.0001414453125,0.0001414453125,6815.284844914,,,,,,,,,,,,,,,,,,,,,
1770647530.8934865,9279,5067,0.0001414453125,0.0001414453125,6815.448842555,,,,,,,,,,,,,,,,,,,,,
1770647531.058208,9279,5068,0.0001414453125,0.0001414453125,6815.613838107,,,,,,,,,,,,,,,,,,,,,
1770647531.2051475,9279,5069,,,6815.758925456,0.001327493111602962,215.0,0.022483324632048607,0.001327493111602962,0.0013274820521473885,0.9946641325950623,,,,,,,,,,,,,,,
1770647538.6161509,9287,5070,,,6823.169921443,,215.0,,,,,0.994106650352478,0.0014410464791581035,0.0014410273870453238,0.022949544712901115,0.0014410464791581035,,,,,,,,,,
1770647538.6176093,9287,5071,,,6823.171265565,,215.0,,,,,,,,,,0.001408174866810441,0.001408174866810441,0.9938931465148926,0.0014147639740258455,0.023037778213620186,,,,,
1770647539.2944489,9289,5072,0.0001410546875,0.0001410546875,6823.848263043,,,,,,,,,,,,,,,,,,,,,
1770647539.4587193,9289,5073,0.0001410546875,0.0001410546875,6824.014852472,,,,,,,,,,,,,,,,,,,,,
1770647539.6228251,9289,5074,0.0001410546875,0.0001410546875,6824.178838064,,,,,,,,,,,,,,,,,,,,,
1770647539.7868407,9289,5075,0.0001410546875,0.0001410546875,6824.34285259,,,,,,,,,,,,,,,,,,,,,
1770647539.9340255,9289,5076,,,6824.487813729,0.0011610345682129264,216.0,0.021551314741373062,0.0011610345682129264,0.0011610249057412148,0.9951127767562866,,,,,,,,,,,,,,,
1770647545.8643193,9299,5077,0.0001406640625,0.0001406640625,6830.4182458,,,,,,,,,,,,,,,,,,,,,
1770647546.0285945,9299,5078,0.0001406640625,0.0001406640625,6830.583882226,,,,,,,,,,,,,,,,,,,,,
1770647546.192947,9299,5079,0.0001406640625,0.0001406640625,6830.748839048,,,,,,,,,,,,,,,,,,,,,
1770647546.3573651,9299,5080,0.0001406640625,0.0001406640625,6830.912841336,,,,,,,,,,,,,,,,,,,,,
1770647546.504815,9299,5081,,,6831.058561746,0.001349990488961339,216.0,0.02331523969769478,0.001349990488961339,0.0013499787310138345,0.9944691061973572,,,,,,,,,,,,,,,
1770647552.4326024,9309,5082,0.0001402734375,0.0001402734375,6836.98787842,,,,,,,,,,,,,,,,,,,,,
1770647552.5967784,9309,5083,0.0001402734375,0.0001402734375,6837.152842234,,,,,,,,,,,,,,,,,,,,,
1770647552.761042,9309,5084,0.0001402734375,0.0001402734375,6837.31683715,,,,,,,,,,,,,,,,,,,,,
1770647552.9251525,9309,5085,0.0001402734375,0.0001402734375,6837.480837764,,,,,,,,,,,,,,,,,,,,,
1770647553.0721765,9309,5086,,,6837.625961587,0.001539169461466372,216.0,0.02389300800859928,0.001539169461466372,0.0015391154447570443,0.9937321543693542,,,,,,,,,,,,,,,
1770647558.9994261,9319,5087,0.0001398828125,0.0001398828125,6843.553343862,,,,,,,,,,,,,,,,,,,,,
1770647559.1644404,9319,5088,0.0001398828125,0.0001398828125,6843.719836494,,,,,,,,,,,,,,,,,,,,,
1770647559.3285527,9319,5089,0.0001398828125,0.0001398828125,6843.883843298,,,,,,,,,,,,,,,,,,,,,
1770647559.4927585,9319,5090,0.0001398828125,0.0001398828125,6844.048838959,,,,,,,,,,,,,,,,,,,,,
1770647559.6398394,9319,5091,,,6844.19361602,0.0013938825577497482,216.0,0.023358209058642387,0.0013938825577497482,0.0013938923366367817,0.9943081140518188,,,,,,,,,,,,,,,
1770647565.5651886,9329,5092,0.0001394921875,0.0001394921875,6850.120898877,,,,,,,,,,,,,,,,,,,,,
1770647565.7293525,9329,5093,0.0001394921875,0.0001394921875,6850.284821664,,,,,,,,,,,,,,,,,,,,,
1770647565.8932412,9329,5094,0.0001394921875,0.0001394921875,6850.448820806,,,,,,,,,,,,,,,,,,,,,
1770647566.057343,9329,5095,0.0001394921875,0.0001394921875,6850.612816733,,,,,,,,,,,,,,,,,,,,,
1770647566.20465,9329,5096,,,6850.758498014,0.0012718087527900934,216.0,0.023185186088085175,0.0012718087527900934,0.0012717823265120387,0.9948956966400146,,,,,,,,,,,,,,,
1770647569.016495,9330,5097,,,6853.570276029,,216.0,,,,,0.9941471219062805,0.0013709883205592632,0.0013709724880754948,0.022152414545416832,0.0013709883205592632,,,,,,,,,,
1770647570.663284,9330,5098,,,6855.217251229,,216.0,,,,,,,,,,0.0013985406840220094,0.0013985406840220094,0.9939227104187012,0.0014081563567742705,0.022972475737333298,,,,,
1770647575.94291,9339,5099,0.0001391015625,0.0001391015625,6860.498889012,,,,,,,,,,,,,,,,,,,,,
1770647576.1069698,9339,5100,0.0001391015625,0.0001391015625,6860.660720013,,,,,,,,,,,,,,,,,,,,,
1770647576.2711132,9339,5101,0.0001391015625,0.0001391015625,6860.824859876,,,,,,,,,,,,,,,,,,,,,
1770647576.4354813,9339,5102,0.0001391015625,0.0001391015625,6860.990816111,,,,,,,,,,,,,,,,,,,,,
1770647576.5826154,9339,5103,,,6861.136464231,0.0012112590484321117,217.0,0.022074516862630844,0.0012112590484321117,0.0012112457770854235,0.9944670796394348,,,,,,,,,,,,,,,
1770647582.5056922,9349,5104,0.0001387109375,0.0001387109375,6867.059622989,,,,,,,,,,,,,,,,,,,,,
1770647582.670228,9349,5105,0.0001387109375,0.0001387109375,6867.225878744,,,,,,,,,,,,,,,,,,,,,
1770647582.836427,9349,5106,0.0001387109375,0.0001387109375,6867.391861929,,,,,,,,,,,,,,,,,,,,,
1770647583.0004025,9349,5107,0.0001387109375,0.0001387109375,6867.555856454,,,,,,,,,,,,,,,,,,,,,
1770647583.1475582,9349,5108,,,6867.701339496,0.0016229290049523115,217.0,0.02419200912117958,0.0016229290049523115,0.001622870215214789,0.9932898879051208,,,,,,,,,,,,,,,
1770647589.1061819,9359,5109,0.0001383203125,0.0001383203125,6873.661827519,,,,,,,,,,,,,,,,,,,,,
1770647589.277081,9359,5110,0.0001383203125,0.0001383203125,6873.832820469,,,,,,,,,,,,,,,,,,,,,
1770647589.4420555,9359,5111,0.0001383203125,0.0001383203125,6873.997815077,,,,,,,,,,,,,,,,,,,,,
1770647589.6094701,9359,5112,0.0001383203125,0.0001383203125,6874.164821891,,,,,,,,,,,,,,,,,,,,,
1770647589.7580621,9359,5113,,,6874.311873122,0.0014597857370972633,217.0,0.023808462545275688,0.0014597857370972633,0.0014597858535125852,0.9945144057273865,,,,,,,,,,,,,,,
1770647595.8286846,9369,5114,0.0001379296875,0.0001379296875,6880.383832071,,,,,,,,,,,,,,,,,,,,,
1770647595.9933822,9369,5115,0.0001379296875,0.0001379296875,6880.548818487,,,,,,,,,,,,,,,,,,,,,
1770647596.1610975,9369,5116,0.0001379296875,0.0001379296875,6880.716814659,,,,,,,,,,,,,,,,,,,,,
1770647596.3255317,9369,5117,0.0001379296875,0.0001379296875,6880.88082088,,,,,,,,,,,,,,,,,,,,,
1770647596.472973,9369,5118,,,6881.026697694,0.0013024847721680999,217.0,0.022516446188092232,0.0013024847721680999,0.0013024756917729974,0.9945205450057983,,,,,,,,,,,,,,,
1770647601.396828,9373,5119,,,6885.95054238,,217.0,,,,,0.994166374206543,0.0014095583464950323,0.0014095422811806202,0.022681942209601402,0.0014095583464950323,,,,,,,,,,
1770647601.3982782,9373,5120,,,6885.951957438,,217.0,,,,,,,,,,0.0013997985515743494,0.0013997985515743494,0.9939634799957275,0.0013985233381390572,0.022903911769390106,,,,,
1770647604.694075,9379,5121,0.0001375390625,0.0001375390625,6889.248028832,,,,,,,,,,,,,,,,,,,,,
1770647604.8580344,9379,5122,0.0001375390625,0.0001375390625,6889.411844066,,,,,,,,,,,,,,,,,,,,,
1770647605.0220134,9379,5123,0.0001375390625,0.0001375390625,6889.577830465,,,,,,,,,,,,,,,,,,,,,
1770647605.1855776,9379,5124,0.0001375390625,0.0001375390625,6889.740819877,,,,,,,,,,,,,,,,,,,,,
1770647605.3331275,9379,5125,,,6889.88686916,0.0013921984937041998,218.0,0.022813592106103897,0.0013921984937041998,0.00139218894764781,0.9942222237586975,,,,,,,,,,,,,,,
1770647611.2468812,9389,5126,0.0001371484375,0.0001371484375,6895.800714858,,,,,,,,,,,,,,,,,,,,,
1770647611.4107332,9389,5127,0.0001371484375,0.0001371484375,6895.964466967,,,,,,,,,,,,,,,,,,,,,
1770647611.5745034,9389,5128,0.0001371484375,0.0001371484375,6896.129820664,,,,,,,,,,,,,,,,,,,,,
1770647611.738356,9389,5129,0.0001371484375,0.0001371484375,6896.293813074,,,,,,,,,,,,,,,,,,,,,
1770647611.8860667,9389,5130,,,6896.439876228,0.0011328279506415129,218.0,0.02126789465546608,0.0011328279506415129,0.0011328131658956409,0.995137631893158,,,,,,,,,,,,,,,
1770647617.7997727,9399,5131,0.0001367578125,0.0001367578125,6902.353719283,,,,,,,,,,,,,,,,,,,,,
1770647617.9637475,9399,5132,0.0001367578125,0.0001367578125,6902.519842587,,,,,,,,,,,,,,,,,,,,,
1770647618.127864,9399,5133,0.0001367578125,0.0001367578125,6902.683816749,,,,,,,,,,,,,,,,,,,,,
1770647618.2914307,9399,5134,0.0001367578125,0.0001367578125,6902.846823637,,,,,,,,,,,,,,,,,,,,,
1770647618.4385052,9399,5135,,,6902.992203823,0.0014895388158038259,218.0,0.023917611688375473,0.0014895388158038259,0.0014895250787958503,0.994128406047821,,,,,,,,,,,,,,,
1770647624.365107,9409,5136,0.0001363671875,0.0001363671875,6908.919044658,,,,,,,,,,,,,,,,,,,,,
1770647624.5291932,9409,5137,0.0001363671875,0.0001363671875,6909.08490743,,,,,,,,,,,,,,,,,,,,,
1770647624.6934123,9409,5138,0.0001363671875,0.0001363671875,6909.248823284,,,,,,,,,,,,,,,,,,,,,
1770647624.85718,9409,5139,0.0001363671875,0.0001363671875,6909.412819429,,,,,,,,,,,,,,,,,,,,,
1770647625.0040054,9409,5140,,,6909.557938743,0.0011812247103080153,218.0,0.021522091701626778,0.0011812247103080153,0.0011812110897153616,0.9949518442153931,,,,,,,,,,,,,,,
1770647631.7497165,9416,5141,,,6916.303606846,,218.0,,,,,0.9940562844276428,0.0014157977420836687,0.0014157770201563835,0.022754773497581482,0.0014157977420836687,,,,,,,,,,
1770647631.751751,9416,5142,,,6916.305455767,,218.0,,,,,,,,,,0.0013959555653855205,0.0013959555653855205,0.9939659237861633,0.0013997822534292936,0.02290789783000946,,,,,
1770647633.0851853,9419,5143,0.0001359765625,0.0001359765625,6917.639120555,,,,,,,,,,,,,,,,,,,,,
1770647633.2492852,9419,5144,0.0001359765625,0.0001359765625,6917.803109609,,,,,,,,,,,,,,,,,,,,,
1770647633.4133737,9419,5145,0.0001359765625,0.0001359765625,6917.968872931,,,,,,,,,,,,,,,,,,,,,
1770647633.5774825,9419,5146,0.0001359765625,0.0001359765625,6918.132842055,,,,,,,,,,,,,,,,,,,,,
1770647633.7242794,9419,5147,,,6918.278124684,0.0012203722726553679,219.0,0.021843217313289642,0.0012203722726553679,0.0012203773949295282,0.9945943355560303,,,,,,,,,,,,,,,
1770647639.6368463,9429,5148,0.00013558593750000002,0.00013558593750000002,6924.190755054,,,,,,,,,,,,,,,,,,,,,
1770647639.801204,9429,5149,0.00013558593750000002,0.00013558593750000002,6924.356850135,,,,,,,,,,,,,,,,,,,,,
1770647639.9656467,9429,5150,0.00013558593750000002,0.00013558593750000002,6924.520854532,,,,,,,,,,,,,,,,,,,,,
1770647640.1297064,9429,5151,0.00013558593750000002,0.00013558593750000002,6924.684841913,,,,,,,,,,,,,,,,,,,,,
1770647640.2769272,9429,5152,,,6924.830686848,0.0014170650392770767,219.0,0.023137377575039864,0.0014170650392770767,0.001417039893567562,0.9943786263465881,,,,,,,,,,,,,,,
1770647646.19061,9439,5153,0.0001351953125,0.0001351953125,6930.744542621,,,,,,,,,,,,,,,,,,,,,
1770647646.3553538,9439,5154,0.0001351953125,0.0001351953125,6930.910858954,,,,,,,,,,,,,,,,,,,,,
1770647646.5197546,9439,5155,0.0001351953125,0.0001351953125,6931.075848142,,,,,,,,,,,,,,,,,,,,,
1770647646.6837187,9439,5156,0.0001351953125,0.0001351953125,6931.23984014,,,,,,,,,,,,,,,,,,,,,
1770647646.83096,9439,5157,,,6931.384770709,0.001228034496307373,219.0,0.022312888875603676,0.001228034496307373,0.0012280067894607782,0.9946250915527344,,,,,,,,,,,,,,,
1770647652.7419064,9449,5158,0.0001348046875,0.0001348046875,6937.295852871,,,,,,,,,,,,,,,,,,,,,
1770647652.9059305,9449,5159,0.0001348046875,0.0001348046875,6937.45975915,,,,,,,,,,,,,,,,,,,,,
1770647653.070371,9449,5160,0.0001348046875,0.0001348046875,6937.625862152,,,,,,,,,,,,,,,,,,,,,
1770647653.2344043,9449,5161,0.0001348046875,0.0001348046875,6937.789846198,,,,,,,,,,,,,,,,,,,,,
1770647653.381668,9449,5162,,,6937.935516169,0.0013674934161826968,219.0,0.023160504177212715,0.0013674934161826968,0.0013674716465175152,0.99482661485672,,,,,,,,,,,,,,,
1770647659.2974377,9459,5163,0.00013441406249999998,0.00013441406249999998,6943.851295586,,,,,,,,,,,,,,,,,,,,,
1770647659.4615433,9459,5164,0.00013441406249999998,0.00013441406249999998,6944.016841521,,,,,,,,,,,,,,,,,,,,,
1770647659.6252296,9459,5165,0.00013441406249999998,0.00013441406249999998,6944.180845606,,,,,,,,,,,,,,,,,,,,,
1770647659.7779105,9459,5166,0.00013441406249999998,0.00013441406249999998,6944.331944993,,,,,,,,,,,,,,,,,,,,,
1770647659.8367147,9459,5167,,,6944.390510466,0.0013415636494755745,219.0,0.023874515667557716,0.0013415636494755745,0.001341560622677207,0.9938057065010071,,,,,,,,,,,,,,,
1770647662.0899496,9459,5168,,,6946.643705096,,219.0,,,,,0.9942260384559631,0.0013886748347431421,0.0013886557426303625,0.022335559129714966,0.0013886748347431421,,,,,,,,,,
1770647664.2512088,9459,5169,,,6948.805056421,,219.0,,,,,,,,,,0.00138764304574579,0.00138764304574579,0.9939789772033691,0.0013959422940388322,0.022895844653248787,,,,,
1770647670.1803536,9469,5170,0.0001340234375,0.0001340234375,6954.734282847,,,,,,,,,,,,,,,,,,,,,
1770647670.3444242,9469,5171,0.0001340234375,0.0001340234375,6954.89986818,,,,,,,,,,,,,,,,,,,,,
1770647670.5084298,9469,5172,0.0001340234375,0.0001340234375,6955.063837904,,,,,,,,,,,,,,,,,,,,,
1770647670.6719408,9469,5173,0.0001340234375,0.0001340234375,6955.227839175,,,,,,,,,,,,,,,,,,,,,
1770647670.8194158,9469,5174,,,6955.373227772,0.0019097005715593696,220.0,0.025784051045775414,0.0019097005715593696,0.0019096691394224763,0.9917892813682556,,,,,,,,,,,,,,,
1770647676.7381353,9479,5175,0.00013363281250000002,0.00013363281250000002,6961.292059946,,,,,,,,,,,,,,,,,,,,,
1770647676.9022057,9479,5176,0.00013363281250000002,0.00013363281250000002,6961.45603702,,,,,,,,,,,,,,,,,,,,,
1770647677.0665185,9479,5177,0.00013363281250000002,0.00013363281250000002,6961.621862855,,,,,,,,,,,,,,,,,,,,,
1770647677.230602,9479,5178,0.00013363281250000002,0.00013363281250000002,6961.784388736,,,,,,,,,,,,,,,,,,,,,
1770647677.3779671,9479,5179,,,6961.931855749,0.001258820528164506,220.0,0.022798186168074608,0.001258820528164506,0.0012587950332090259,0.9949273467063904,,,,,,,,,,,,,,,
1770647683.2924848,9489,5180,0.0001332421875,0.0001332421875,6967.846418302,,,,,,,,,,,,,,,,,,,,,
1770647683.456497,9489,5181,0.0001332421875,0.0001332421875,6968.011858506,,,,,,,,,,,,,,,,,,,,,
1770647683.6206176,9489,5182,0.0001332421875,0.0001332421875,6968.175836061,,,,,,,,,,,,,,,,,,,,,
1770647683.7849317,9489,5183,0.0001332421875,0.0001332421875,6968.340843905,,,,,,,,,,,,,,,,,,,,,
1770647683.9319875,9489,5184,,,6968.485830958,0.0016362321330234408,220.0,0.023983443155884743,0.0016362321330234408,0.0016362195601686835,0.9927151203155518,,,,,,,,,,,,,,,
1770647689.8488278,9499,5185,0.0001328515625,0.0001328515625,6974.402756936,,,,,,,,,,,,,,,,,,,,,
1770647690.0130613,9499,5186,0.0001328515625,0.0001328515625,6974.568856722,,,,,,,,,,,,,,,,,,,,,
1770647690.177243,9499,5187,0.0001328515625,0.0001328515625,6974.732839104,,,,,,,,,,,,,,,,,,,,,
1770647690.3416708,9499,5188,0.0001328515625,0.0001328515625,6974.896835266,,,,,,,,,,,,,,,,,,,,,
1770647690.4884672,9499,5189,,,6975.042311134,0.001128200558014214,220.0,0.02110263891518116,0.001128200558014214,0.0011281787883490324,0.9951651692390442,,,,,,,,,,,,,,,
1770647694.6158917,9502,5190,,,6979.169630704,,220.0,,,,,0.9941704869270325,0.00145935348700732,0.0014593369560316205,0.0232436191290617,0.00145935348700732,,,,,,,,,,
1770647694.617373,9502,5191,,,6979.17107783,,220.0,,,,,,,,,,0.0013863216154277325,0.0013863216154277325,0.9940127730369568,0.0013876274460926652,0.02278924360871315,,,,,
1770647698.5703745,9509,5192,0.00013246093749999998,0.00013246093749999998,6983.124304839,,,,,,,,,,,,,,,,,,,,,
1770647698.735028,9509,5193,0.00013246093749999998,0.00013246093749999998,6983.290867541,,,,,,,,,,,,,,,,,,,,,
1770647698.8992562,9509,5194,0.00013246093749999998,0.00013246093749999998,6983.454854018,,,,,,,,,,,,,,,,,,,,,
1770647699.0636454,9509,5195,0.00013246093749999998,0.00013246093749999998,6983.618842188,,,,,,,,,,,,,,,,,,,,,
1770647699.2109678,9509,5196,,,6983.764685148,0.0017441138625144958,221.0,0.0240312572568655,0.0017441138625144958,0.0017440736992284656,0.9925473928451538,,,,,,,,,,,,,,,
1770647705.1887484,9519,5197,0.0001320703125,0.0001320703125,6989.742710488,,,,,,,,,,,,,,,,,,,,,
1770647705.3530226,9519,5198,0.0001320703125,0.0001320703125,6989.908874,,,,,,,,,,,,,,,,,,,,,
1770647705.5182683,9519,5199,0.0001320703125,0.0001320703125,6990.072041425,,,,,,,,,,,,,,,,,,,,,
1770647705.6827857,9519,5200,0.0001320703125,0.0001320703125,6990.238835595,,,,,,,,,,,,,,,,,,,,,
1770647705.8300142,9519,5201,,,6990.38378505,0.0014035198837518692,221.0,0.02339915744960308,0.0014035198837518692,0.0014035182539373636,0.9936712384223938,,,,,,,,,,,,,,,
1770647711.75247,9529,5202,0.00013167968750000002,0.00013167968750000002,6996.307903625,,,,,,,,,,,,,,,,,,,,,
1770647711.9165459,9529,5203,0.00013167968750000002,0.00013167968750000002,6996.471843612,,,,,,,,,,,,,,,,,,,,,
1770647712.0808513,9529,5204,0.00013167968750000002,0.00013167968750000002,6996.636845326,,,,,,,,,,,,,,,,,,,,,
1770647712.2449737,9529,5205,0.00013167968750000002,0.00013167968750000002,6996.80083676,,,,,,,,,,,,,,,,,,,,,
1770647712.3922458,9529,5206,,,6996.946077233,0.001590921776369214,221.0,0.023808566853404045,0.001590921776369214,0.0015908960485830903,0.9929538369178772,,,,,,,,,,,,,,,
1770647718.3156066,9539,5207,0.0001312890625,0.0001312890625,7002.86954507,,,,,,,,,,,,,,,,,,,,,
1770647718.4803023,9539,5208,0.0001312890625,0.0001312890625,7003.035858145,,,,,,,,,,,,,,,,,,,,,
1770647718.644658,9539,5209,0.0001312890625,0.0001312890625,7003.199838253,,,,,,,,,,,,,,,,,,,,,
1770647718.8092728,9539,5210,0.0001312890625,0.0001312890625,7003.364845535,,,,,,,,,,,,,,,,,,,,,
1770647718.9562957,9539,5211,,,7003.510105346,0.0010387948714196682,221.0,0.020650872960686684,0.0010387948714196682,0.0010387675138190389,0.9960408806800842,,,,,,,,,,,,,,,
1770647725.0642598,9545,5212,,,7009.617970779,,221.0,,,,,0.9941388368606567,0.0014878780348226428,0.0014878573128953576,0.023438913747668266,0.0014878780348226428,,,,,,,,,,
1770647725.065708,9545,5213,,,7009.619387639,,221.0,,,,,,,,,,0.0013875765725970268,0.0013875765725970268,0.9940140843391418,0.0013863040367141366,0.02281506173312664,,,,,
1770647727.0545125,9549,5214,0.0001308984375,0.0001308984375,7011.608444329,,,,,,,,,,,,,,,,,,,,,
1770647727.2191424,9549,5215,0.0001308984375,0.0001308984375,7011.774868712,,,,,,,,,,,,,,,,,,,,,
1770647727.3840601,9549,5216,0.0001308984375,0.0001308984375,7011.937842756,,,,,,,,,,,,,,,,,,,,,
1770647727.5484662,9549,5217,0.0001308984375,0.0001308984375,7012.103851424,,,,,,,,,,,,,,,,,,,,,
1770647727.695559,9549,5218,,,7012.249316434,0.0014106838498264551,222.0,0.0236559696495533,0.0014106838498264551,0.0014106815215200186,0.9936522841453552,,,,,,,,,,,,,,,
1770647733.6194017,9559,5219,0.00013050781249999998,0.00013050781249999998,7018.174870747,,,,,,,,,,,,,,,,,,,,,
1770647733.7837362,9559,5220,0.00013050781249999998,0.00013050781249999998,7018.339842585,,,,,,,,,,,,,,,,,,,,,
1770647733.9479408,9559,5221,0.00013050781249999998,0.00013050781249999998,7018.503843242,,,,,,,,,,,,,,,,,,,,,
1770647734.1120436,9559,5222,0.00013050781249999998,0.00013050781249999998,7018.667838532,,,,,,,,,,,,,,,,,,,,,
1770647734.2592556,9559,5223,,,7018.813095909,0.0013454804429784417,222.0,0.022829191759228706,0.0013454804429784417,0.0013454605359584093,0.9939644932746887,,,,,,,,,,,,,,,
1770647740.1875775,9569,5224,0.00013011718750000002,0.00013011718750000002,7024.742875067,,,,,,,,,,,,,,,,,,,,,
1770647740.3515246,9569,5225,0.00013011718750000002,0.00013011718750000002,7024.906844157,,,,,,,,,,,,,,,,,,,,,
1770647740.5157812,9569,5226,0.00013011718750000002,0.00013011718750000002,7025.071850426,,,,,,,,,,,,,,,,,,,,,
1770647740.6800275,9569,5227,0.00013011718750000002,0.00013011718750000002,7025.235836221,,,,,,,,,,,,,,,,,,,,,
1770647740.8271081,9569,5228,,,7025.380913507,0.001014017965644598,222.0,0.021053891628980637,0.001014017965644598,0.0010139986407011747,0.9949373006820679,,,,,,,,,,,,,,,
1770647746.7511802,9579,5229,0.0001297265625,0.0001297265625,7031.305112764,,,,,,,,,,,,,,,,,,,,,
1770647746.9154606,9579,5230,0.0001297265625,0.0001297265625,7031.470862291,,,,,,,,,,,,,,,,,,,,,
1770647747.0797012,9579,5231,0.0001297265625,0.0001297265625,7031.635838766,,,,,,,,,,,,,,,,,,,,,
1770647747.2438602,9579,5232,0.0001297265625,0.0001297265625,7031.797611161,,,,,,,,,,,,,,,,,,,,,
1770647747.3911788,9579,5233,,,7031.945013865,0.001485850545577705,222.0,0.022378122434020042,0.001485850545577705,0.001485826913267374,0.9929236173629761,,,,,,,,,,,,,,,
1770647755.462312,9588,5234,,,7040.01607036,,222.0,,,,,0.9942550659179688,0.0014145926106721163,0.0014145761961117387,0.02268317900598049,0.0014145926106721163,,,,,,,,,,
1770647755.4637582,9588,5235,,,7040.017429845,,222.0,,,,,,,,,,0.001388820935972035,0.001388820935972035,0.9940136075019836,0.0013875605072826147,0.022831737995147705,,,,,
1770647755.4837768,9589,5236,0.0001293359375,0.0001293359375,7040.037492549,,,,,,,,,,,,,,,,,,,,,
1770647755.6477892,9589,5237,0.0001293359375,0.0001293359375,7040.20158905,,,,,,,,,,,,,,,,,,,,,
1770647755.8124135,9589,5238,0.0001293359375,0.0001293359375,7040.367845329,,,,,,,,,,,,,,,,,,,,,
1770647755.976692,9589,5239,0.0001293359375,0.0001293359375,7040.531840387,,,,,,,,,,,,,,,,,,,,,
1770647756.1236324,9589,5240,,,7040.677455642,0.001090042176656425,223.0,0.020830120891332626,0.001090042176656425,0.0010900198249146342,0.9950572848320007,,,,,,,,,,,,,,,
1770647762.05269,9599,5241,0.0001289453125,0.0001289453125,7046.606631351,,,,,,,,,,,,,,,,,,,,,
1770647762.2168853,9599,5242,0.0001289453125,0.0001289453125,7046.772855903,,,,,,,,,,,,,,,,,,,,,
1770647762.3810565,9599,5243,0.0001289453125,0.0001289453125,7046.936839854,,,,,,,,,,,,,,,,,,,,,
1770647762.545013,9599,5244,0.0001289453125,0.0001289453125,7047.100838337,,,,,,,,,,,,,,,,,,,,,
1770647762.6923122,9599,5245,,,7047.246116174,0.001413040328770876,223.0,0.023460637778043747,0.001413040328770876,0.0014130251947790384,0.9940083026885986,,,,,,,,,,,,,,,
1770647768.622423,9609,5246,0.00012855468749999998,0.00012855468749999998,7053.176363566,,,,,,,,,,,,,,,,,,,,,
1770647768.7869978,9609,5247,0.00012855468749999998,0.00012855468749999998,7053.340853128,,,,,,,,,,,,,,,,,,,,,
1770647768.9515338,9609,5248,0.00012855468749999998,0.00012855468749999998,7053.506868434,,,,,,,,,,,,,,,,,,,,,
1770647769.1165984,9609,5249,0.00012855468749999998,0.00012855468749999998,7053.670302357,,,,,,,,,,,,,,,,,,,,,
1770647769.2640615,9609,5250,,,7053.817897419,0.0014045917196199298,223.0,0.02235438860952854,0.0014045917196199298,0.0014046253636479378,0.9935621619224548,,,,,,,,,,,,,,,
1770647775.1882398,9619,5251,0.00012816406250000002,0.00012816406250000002,7059.743853969,,,,,,,,,,,,,,,,,,,,,
1770647775.3523674,9619,5252,0.00012816406250000002,0.00012816406250000002,7059.907819582,,,,,,,,,,,,,,,,,,,,,
1770647775.5169008,9619,5253,0.00012816406250000002,0.00012816406250000002,7060.070642276,,,,,,,,,,,,,,,,,,,,,
1770647775.6808183,9619,5254,0.00012816406250000002,0.00012816406250000002,7060.23681569,,,,,,,,,,,,,,,,,,,,,
1770647775.828006,9619,5255,,,7060.381916771,0.0015256922924891114,223.0,0.023253902792930603,0.0015256922924891114,0.0015256796032190323,0.9932974576950073,,,,,,,,,,,,,,,
1770647781.7548125,9629,5256,0.0001277734375,0.0001277734375,7066.308671672,,,,,,,,,,,,,,,,,,,,,
1770647781.9188292,9629,5257,0.0001277734375,0.0001277734375,7066.474851244,,,,,,,,,,,,,,,,,,,,,
1770647782.0829659,9629,5258,0.0001277734375,0.0001277734375,7066.638838239,,,,,,,,,,,,,,,,,,,,,
1770647782.2470913,9629,5259,0.0001277734375,0.0001277734375,7066.802840678,,,,,,,,,,,,,,,,,,,,,
1770647782.393922,9629,5260,,,7066.947718653,0.0014547714963555336,223.0,0.02310715988278389,0.0014547714963555336,0.0014547533355653286,0.9935241341590881,,,,,,,,,,,,,,,
1770647785.8647895,9631,5261,,,7070.418540897,,223.0,,,,,0.9940618276596069,0.0014174907701089978,0.0014174702810123563,0.022464275360107422,0.0014174907701089978,,,,,,,,,,
1770647785.866232,9631,5262,,,7070.419911358,,223.0,,,,,,,,,,0.0013896275777369738,0.0013896275777369738,0.9940093159675598,0.001388802076689899,0.022833390161395073,,,,,
1770647790.4808466,9639,5263,0.0001273828125,0.0001273828125,7075.034747373,,,,,,,,,,,,,,,,,,,,,
1770647790.6457722,9639,5264,0.0001273828125,0.0001273828125,7075.201861161,,,,,,,,,,,,,,,,,,,,,
1770647790.8103893,9639,5265,0.0001273828125,0.0001273828125,7075.365843899,,,,,,,,,,,,,,,,,,,,,
1770647790.97511,9639,5266,0.0001273828125,0.0001273828125,7075.530861073,,,,,,,,,,,,,,,,,,,,,
1770647791.1224298,9639,5267,,,7075.676283957,0.001338345231488347,224.0,0.02227092906832695,0.001338345231488347,0.0013383375480771065,0.9942007064819336,,,,,,,,,,,,,,,
1770647797.0632424,9649,5268,0.0001269921875,0.0001269921875,7081.617212044,,,,,,,,,,,,,,,,,,,,,
1770647797.2275834,9649,5269,0.0001269921875,0.0001269921875,7081.782870151,,,,,,,,,,,,,,,,,,,,,
1770647797.3920355,9649,5270,0.0001269921875,0.0001269921875,7081.947841927,,,,,,,,,,,,,,,,,,,,,
1770647797.5565228,9649,5271,0.0001269921875,0.0001269921875,7082.111839437,,,,,,,,,,,,,,,,,,,,,
1770647797.7036018,9649,5272,,,7082.257442372,0.0016742785228416324,224.0,0.025231854990124702,0.0016742785228416324,0.0016742805019021034,0.992580235004425,,,,,,,,,,,,,,,
1770647803.6318185,9659,5273,0.00012660156249999998,0.00012660156249999998,7088.185764389,,,,,,,,,,,,,,,,,,,,,
1770647803.7964761,9659,5274,0.00012660156249999998,0.00012660156249999998,7088.350311336,,,,,,,,,,,,,,,,,,,,,
1770647803.9609642,9659,5275,0.00012660156249999998,0.00012660156249999998,7088.516869106,,,,,,,,,,,,,,,,,,,,,
1770647804.125413,9659,5276,0.00012660156249999998,0.00012660156249999998,7088.67916736,,,,,,,,,,,,,,,,,,,,,
1770647804.272504,9659,5277,,,7088.826357352,0.0013037327444180846,224.0,0.022281117737293243,0.0013037327444180846,0.0013037128373980522,0.9944982528686523,,,,,,,,,,,,,,,
1770647810.2053373,9669,5278,0.00012621093750000002,0.00012621093750000002,7094.759267411,,,,,,,,,,,,,,,,,,,,,
1770647810.369783,9669,5279,0.00012621093750000002,0.00012621093750000002,7094.925852212,,,,,,,,,,,,,,,,,,,,,
1770647810.535598,9669,5280,0.00012621093750000002,0.00012621093750000002,7095.089956372,,,,,,,,,,,,,,,,,,,,,
1770647810.7003422,9669,5281,0.00012621093750000002,0.00012621093750000002,7095.255819968,,,,,,,,,,,,,,,,,,,,,
1770647810.8474634,9669,5282,,,7095.401342171,0.0014664997579529881,224.0,0.022533096373081207,0.0014664997579529881,0.0014665246708318591,0.9938357472419739,,,,,,,,,,,,,,,
1770647816.2902784,9674,5283,,,7100.844026279,,224.0,,,,,0.9942103624343872,0.0014081202680245042,0.0014080983819440007,0.022585423663258553,0.0014081202680245042,,,,,,,,,,
1770647816.2917452,9674,5284,,,7100.845417362,,224.0,,,,,,,,,,0.0013827409129589796,0.0013827409129589796,0.9940093159675598,0.0013896102318540215,0.022831160575151443,,,,,
1770647818.9395394,9679,5285,0.0001258203125,0.0001258203125,7103.493484218,,,,,,,,,,,,,,,,,,,,,
1770647819.104122,9679,5286,0.0001258203125,0.0001258203125,7103.659873485,,,,,,,,,,,,,,,,,,,,,
1770647819.2686422,9679,5287,0.0001258203125,0.0001258203125,7103.822389947,,,,,,,,,,,,,,,,,,,,,
1770647819.4331572,9679,5288,0.0001258203125,0.0001258203125,7103.986930072,,,,,,,,,,,,,,,,,,,,,
1770647819.5804164,9679,5289,,,7104.134208296,0.0016399296000599861,225.0,0.0234550591558218,0.0016399296000599861,0.0016399045707657933,0.9925722479820251,,,,,,,,,,,,,,,
1770647825.503435,9689,5290,0.0001254296875,0.0001254296875,7110.058844179,,,,,,,,,,,,,,,,,,,,,
1770647825.6676805,9689,5291,0.0001254296875,0.0001254296875,7110.222843271,,,,,,,,,,,,,,,,,,,,,
1770647825.8318696,9689,5292,0.0001254296875,0.0001254296875,7110.387850919,,,,,,,,,,,,,,,,,,,,,
1770647826.0801668,9689,5293,0.0001254296875,0.0001254296875,7110.636840695,,,,,,,,,,,,,,,,,,,,,
1770647826.2268357,9689,5294,,,7110.780618344,0.0015516789862886071,225.0,0.024326644837856293,0.0015516789862886071,0.0015516667626798153,0.9927874207496643,,,,,,,,,,,,,,,
1770647832.1541157,9699,5295,0.0001250390625,0.0001250390625,7116.709889209,,,,,,,,,,,,,,,,,,,,,
1770647832.3186405,9699,5296,0.0001250390625,0.0001250390625,7116.873847709,,,,,,,,,,,,,,,,,,,,,
1770647832.4832308,9699,5297,0.0001250390625,0.0001250390625,7117.038839193,,,,,,,,,,,,,,,,,,,,,
1770647832.6476157,9699,5298,0.0001250390625,0.0001250390625,7117.202853968,,,,,,,,,,,,,,,,,,,,,
1770647832.7945623,9699,5299,,,7117.348332554,0.0012685817200690508,225.0,0.021679921075701714,0.0012685817200690508,0.0012685582041740417,0.9944276809692383,,,,,,,,,,,,,,,
1770647838.7244568,9709,5300,0.0001246484375,0.0001246484375,7123.278382132,,,,,,,,,,,,,,,,,,,,,
1770647838.88888,9709,5301,0.0001246484375,0.0001246484375,7123.442721925,,,,,,,,,,,,,,,,,,,,,
1770647839.0540817,9709,5302,0.0001246484375,0.0001246484375,7123.607908532,,,,,,,,,,,,,,,,,,,,,
1770647839.2189698,9709,5303,0.0001246484375,0.0001246484375,7123.774831771,,,,,,,,,,,,,,,,,,,,,
1770647839.3662992,9709,5304,,,7123.920130377,0.0012477354612201452,225.0,0.022347625344991684,0.0012477354612201452,0.0012477297568693757,0.9945719838142395,,,,,,,,,,,,,,,
1770647846.779343,9717,5305,,,7131.33312594,,225.0,,,,,0.9942104816436768,0.0013760856818407774,0.001376070431433618,0.022256607189774513,0.0013760856818407774,,,,,,,,,,
1770647848.5877886,9717,5306,,,7133.141806021,,225.0,,,,,,,,,,0.0013842828338965774,0.0013842828338965774,0.9940271377563477,0.001382724498398602,0.022712713107466698,,,,,
1770647849.2754908,9719,5307,0.0001242578125,0.0001242578125,7133.829308228,,,,,,,,,,,,,,,,,,,,,
1770647849.4398403,9719,5308,0.0001242578125,0.0001242578125,7133.995864665,,,,,,,,,,,,,,,,,,,,,
1770647849.604315,9719,5309,0.0001242578125,0.0001242578125,7134.159841462,,,,,,,,,,,,,,,,,,,,,
1770647849.7687597,9719,5310,0.0001242578125,0.0001242578125,7134.324841778,,,,,,,,,,,,,,,,,,,,,
1770647849.9156528,9719,5311,,,7134.469489695,0.0015665828250348568,226.0,0.023303689435124397,0.0015665828250348568,0.0015665984246879816,0.9933624863624573,,,,,,,,,,,,,,,
1770647855.8741899,9729,5312,0.0001238671875,0.0001238671875,7140.42814434,,,,,,,,,,,,,,,,,,,,,
1770647856.0384061,9729,5313,0.0001238671875,0.0001238671875,7140.592199274,,,,,,,,,,,,,,,,,,,,,
1770647856.2027233,9729,5314,0.0001238671875,0.0001238671875,7140.75884817,,,,,,,,,,,,,,,,,,,,,
1770647856.3668194,9729,5315,0.0001238671875,0.0001238671875,7140.92283419,,,,,,,,,,,,,,,,,,,,,
1770647856.5144458,9729,5316,,,7141.068190042,0.0013865133514627814,226.0,0.023076165467500687,0.0013865133514627814,0.0013865086948499084,0.9939043521881104,,,,,,,,,,,,,,,
1770647862.4310315,9739,5317,0.0001234765625,0.0001234765625,7146.984966654,,,,,,,,,,,,,,,,,,,,,
1770647862.5958943,9739,5318,0.0001234765625,0.0001234765625,7147.151840478,,,,,,,,,,,,,,,,,,,,,
1770647862.760016,9739,5319,0.0001234765625,0.0001234765625,7147.315822532,,,,,,,,,,,,,,,,,,,,,
1770647862.9238052,9739,5320,0.0001234765625,0.0001234765625,7147.479839018,,,,,,,,,,,,,,,,,,,,,
1770647863.0714517,9739,5321,,,7147.625203262,0.0012756622163578868,226.0,0.022164542227983475,0.0012756622163578868,0.0012756383512169123,0.9942949414253235,,,,,,,,,,,,,,,
1770647869.0071895,9749,5322,0.0001230859375,0.0001230859375,7153.562860029,,,,,,,,,,,,,,,,,,,,,
1770647869.1710477,9749,5323,0.0001230859375,0.0001230859375,7153.72492517,,,,,,,,,,,,,,,,,,,,,
1770647869.3354995,9749,5324,0.0001230859375,0.0001230859375,7153.890827031,,,,,,,,,,,,,,,,,,,,,
1770647869.502191,9749,5325,0.0001230859375,0.0001230859375,7154.057816749,,,,,,,,,,,,,,,,,,,,,
1770647869.6498256,9749,5326,,,7154.203573113,0.0014646867057308555,226.0,0.02336016297340393,0.0014646867057308555,0.001464690314605832,0.9935250878334045,,,,,,,,,,,,,,,
1770647875.5653028,9759,5327,0.0001226953125,0.0001226953125,7160.120833859,,,,,,,,,,,,,,,,,,,,,
1770647875.729255,9759,5328,0.0001226953125,0.0001226953125,7160.284820273,,,,,,,,,,,,,,,,,,,,,
1770647875.893078,9759,5329,0.0001226953125,0.0001226953125,7160.448820148,,,,,,,,,,,,,,,,,,,,,
1770647876.056619,9759,5330,0.0001226953125,0.0001226953125,7160.611816783,,,,,,,,,,,,,,,,,,,,,
1770647876.2037706,9759,5331,,,7160.757510244,0.0013241127599030733,226.0,0.02171178162097931,0.0013241127599030733,0.001324114971794188,0.994011640548706,,,,,,,,,,,,,,,
1770647879.0519092,9760,5332,,,7163.605595174,,226.0,,,,,0.9941869378089905,0.0013769037323072553,0.001376889180392027,0.022213365882635117,0.0013769037323072553,,,,,,,,,,
1770647880.7971387,9760,5333,,,7165.351114637,,226.0,,,,,,,,,,0.0013742605224251747,0.0013742605224251747,0.9940314292907715,0.001384267583489418,0.0227519478648901,,,,,
1770647886.0658433,9769,5334,0.0001223046875,0.0001223046875,7170.619864437,,,,,,,,,,,,,,,,,,,,,
1770647886.2300742,9769,5335,0.0001223046875,0.0001223046875,7170.785830158,,,,,,,,,,,,,,,,,,,,,
1770647886.3934987,9769,5336,0.0001223046875,0.0001223046875,7170.948823398,,,,,,,,,,,,,,,,,,,,,
1770647886.557444,9769,5337,0.0001223046875,0.0001223046875,7171.112818836,,,,,,,,,,,,,,,,,,,,,
1770647886.7042458,9769,5338,,,7171.258001177,0.0015275420155376196,227.0,0.023657862097024918,0.0015275420155376196,0.0015275165205821395,0.9930630922317505,,,,,,,,,,,,,,,
1770647892.6129115,9779,5339,0.0001219140625,0.0001219140625,7177.166869209,,,,,,,,,,,,,,,,,,,,,
1770647892.7769685,9779,5340,0.0001219140625,0.0001219140625,7177.330770224,,,,,,,,,,,,,,,,,,,,,
1770647892.9411268,9779,5341,0.0001219140625,0.0001219140625,7177.496854583,,,,,,,,,,,,,,,,,,,,,
1770647893.1054997,9779,5342,0.0001219140625,0.0001219140625,7177.660817962,,,,,,,,,,,,,,,,,,,,,
1770647893.2531164,9779,5343,,,7177.80684858,0.0013361219316720963,227.0,0.02169463410973549,0.0013361219316720963,0.001336089801043272,0.9940810799598694,,,,,,,,,,,,,,,
1770647899.1911159,9789,5344,0.0001215234375,0.0001215234375,7183.745072294,,,,,,,,,,,,,,,,,,,,,
1770647899.3550153,9789,5345,0.0001215234375,0.0001215234375,7183.910828139,,,,,,,,,,,,,,,,,,,,,
1770647899.518957,9789,5346,0.0001215234375,0.0001215234375,7184.072680703,,,,,,,,,,,,,,,,,,,,,
1770647899.6830976,9789,5347,0.0001215234375,0.0001215234375,7184.238819394,,,,,,,,,,,,,,,,,,,,,
1770647899.830374,9789,5348,,,7184.384087414,0.0013562175445258617,227.0,0.021873105317354202,0.0013562175445258617,0.00135621870867908,0.994316816329956,,,,,,,,,,,,,,,
1770647905.7431068,9799,5349,0.00012113281250000001,0.00012113281250000001,7190.297061082,,,,,,,,,,,,,,,,,,,,,
1770647905.9073358,9799,5350,0.00012113281250000001,0.00012113281250000001,7190.461124861,,,,,,,,,,,,,,,,,,,,,
1770647906.0715036,9799,5351,0.00012113281250000001,0.00012113281250000001,7190.626845402,,,,,,,,,,,,,,,,,,,,,
1770647906.2353349,9799,5352,0.00012113281250000001,0.00012113281250000001,7190.79082176,,,,,,,,,,,,,,,,,,,,,
1770647906.382454,9799,5353,,,7190.936186546,0.001208175322972238,227.0,0.02235838770866394,0.001208175322972238,0.001208150410093367,0.9948189854621887,,,,,,,,,,,,,,,
1770647911.2512863,9803,5354,,,7195.805108174,,227.0,,,,,0.994234561920166,0.0013524146052077413,0.0013524015666916966,0.02184899151325226,0.0013524146052077413,,,,,,,,,,
1770647912.9425538,9803,5355,,,7197.496524519,,227.0,,,,,,,,,,0.0013736808905377984,0.0013736808905377984,0.9940699934959412,0.0013742450391873717,0.022696660831570625,,,,,
1770647916.3283496,9809,5356,0.0001207421875,0.0001207421875,7200.882303358,,,,,,,,,,,,,,,,,,,,,
1770647916.5007453,9809,5357,0.0001207421875,0.0001207421875,7201.055832894,,,,,,,,,,,,,,,,,,,,,
1770647916.6655095,9809,5358,0.0001207421875,0.0001207421875,7201.220826882,,,,,,,,,,,,,,,,,,,,,
1770647916.8366878,9809,5359,0.0001207421875,0.0001207421875,7201.39181753,,,,,,,,,,,,,,,,,,,,,
1770647916.9845283,9809,5360,,,7201.53828993,0.0014623814495280385,228.0,0.02329075150191784,0.0014623814495280385,0.0014623552560806274,0.993843138217926,,,,,,,,,,,,,,,
1770647922.955691,9819,5361,0.0001203515625,0.0001203515625,7207.50964365,,,,,,,,,,,,,,,,,,,,,
1770647923.119718,9819,5362,0.0001203515625,0.0001203515625,7207.675846215,,,,,,,,,,,,,,,,,,,,,
1770647923.2835617,9819,5363,0.0001203515625,0.0001203515625,7207.838816399,,,,,,,,,,,,,,,,,,,,,
1770647923.4473007,9819,5364,0.0001203515625,0.0001203515625,7208.002820097,,,,,,,,,,,,,,,,,,,,,
1770647923.5942988,9819,5365,,,7208.148003469,0.0012343430425971746,228.0,0.02243722230195999,0.0012343430425971746,0.001234329422004521,0.9952136278152466,,,,,,,,,,,,,,,
1770647929.571877,9829,5366,0.0001199609375,0.0001199609375,7214.127833087,,,,,,,,,,,,,,,,,,,,,
1770647929.7372396,9829,5367,0.0001199609375,0.0001199609375,7214.292816629,,,,,,,,,,,,,,,,,,,,,
1770647929.901501,9829,5368,0.0001199609375,0.0001199609375,7214.456817353,,,,,,,,,,,,,,,,,,,,,
1770647930.0656862,9829,5369,0.0001199609375,0.0001199609375,7214.6218242,,,,,,,,,,,,,,,,,,,,,
1770647930.2132046,9829,5370,,,7214.766918237,0.0014500442193821073,228.0,0.023042738437652588,0.0014500442193821073,0.0014500385150313377,0.9937653541564941,,,,,,,,,,,,,,,
1770647936.1256135,9839,5371,0.00011957031250000001,0.00011957031250000001,7220.679546732,,,,,,,,,,,,,,,,,,,,,
1770647936.2898245,9839,5372,0.00011957031250000001,0.00011957031250000001,7220.845839342,,,,,,,,,,,,,,,,,,,,,
1770647936.4540186,9839,5373,0.00011957031250000001,0.00011957031250000001,7221.009821568,,,,,,,,,,,,,,,,,,,,,
1770647936.6174233,9839,5374,0.00011957031250000001,0.00011957031250000001,7221.172822618,,,,,,,,,,,,,,,,,,,,,
1770647936.765203,9839,5375,,,7221.31894433,0.0013083381345495582,228.0,0.022928189486265182,0.0013083381345495582,0.0013083152007311583,0.9944507479667664,,,,,,,,,,,,,,,
1770647943.5606925,9846,5376,,,7228.114430046,,228.0,,,,,0.9942218065261841,0.0014027954312041402,0.0014027779689058661,0.022541971877217293,0.0014027954312041402,,,,,,,,,,
1770647943.562177,9846,5377,,,7228.115870182,,228.0,,,,,,,,,,0.0013641903642565012,0.0013641903642565012,0.9940704703330994,0.0013736637774854898,0.022696757689118385,,,,,
1770647944.8917801,9849,5378,0.00011917968750000001,0.00011917968750000001,7229.445724862,,,,,,,,,,,,,,,,,,,,,
1770647945.055924,9849,5379,0.00011917968750000001,0.00011917968750000001,7229.609721058,,,,,,,,,,,,,,,,,,,,,
1770647945.220146,9849,5380,0.00011917968750000001,0.00011917968750000001,7229.775827839,,,,,,,,,,,,,,,,,,,,,
1770647945.383705,9849,5381,0.00011917968750000001,0.00011917968750000001,7229.939818997,,,,,,,,,,,,,,,,,,,,,
1770647945.5312245,9849,5382,,,7230.084966314,0.00110377068631351,229.0,0.020279401913285255,0.00110377068631351,0.001103742397390306,0.9957984685897827,,,,,,,,,,,,,,,
1770647951.467054,9859,5383,0.0001187890625,0.0001187890625,7236.022838845,,,,,,,,,,,,,,,,,,,,,
1770647951.630964,9859,5384,0.0001187890625,0.0001187890625,7236.186817004,,,,,,,,,,,,,,,,,,,,,
1770647951.7944264,9859,5385,0.0001187890625,0.0001187890625,7236.34814069,,,,,,,,,,,,,,,,,,,,,
1770647951.9582393,9859,5386,0.0001187890625,0.0001187890625,7236.513816082,,,,,,,,,,,,,,,,,,,,,
1770647952.1054733,9859,5387,,,7236.659204311,0.0011084233410656452,229.0,0.021292993798851967,0.0011084233410656452,0.0011083916760981083,0.9955131411552429,,,,,,,,,,,,,,,
1770647958.0150347,9869,5388,0.0001183984375,0.0001183984375,7242.568889207,,,,,,,,,,,,,,,,,,,,,
1770647958.179005,9869,5389,0.0001183984375,0.0001183984375,7242.734819262,,,,,,,,,,,,,,,,,,,,,
1770647958.3429198,9869,5390,0.0001183984375,0.0001183984375,7242.89882416,,,,,,,,,,,,,,,,,,,,,
1770647958.5066202,9869,5391,0.0001183984375,0.0001183984375,7243.061814173,,,,,,,,,,,,,,,,,,,,,
1770647958.654192,9869,5392,,,7243.207935374,0.0013378117000684142,229.0,0.02272956073284149,0.0013378117000684142,0.0013377929572016,0.9946421384811401,,,,,,,,,,,,,,,
1770647964.5943155,9879,5393,0.0001180078125,0.0001180078125,7249.149819549,,,,,,,,,,,,,,,,,,,,,
1770647964.757958,9879,5394,0.0001180078125,0.0001180078125,7249.313818239,,,,,,,,,,,,,,,,,,,,,
1770647964.9211473,9879,5395,0.0001180078125,0.0001180078125,7249.476814851,,,,,,,,,,,,,,,,,,,,,
1770647965.0852,9879,5396,0.0001180078125,0.0001180078125,7249.64081331,,,,,,,,,,,,,,,,,,,,,
1770647965.232359,9879,5397,,,7249.786053505,0.0013325827894732356,229.0,0.021876124665141106,0.0013325827894732356,0.0013325930340215564,0.9940848350524902,,,,,,,,,,,,,,,
1770647971.1437652,9889,5398,0.0001176171875,0.0001176171875,7255.699816396,,,,,,,,,,,,,,,,,,,,,
1770647971.3077438,9889,5399,0.0001176171875,0.0001176171875,7255.863815095,,,,,,,,,,,,,,,,,,,,,
1770647971.4713497,9889,5400,0.0001176171875,0.0001176171875,7256.02681358,,,,,,,,,,,,,,,,,,,,,
1770647971.624215,9889,5401,0.0001176171875,0.0001176171875,7256.18081327,,,,,,,,,,,,,,,,,,,,,
1770647971.6838799,9889,5402,,,7256.237599939,0.0012897130800411105,229.0,0.02235248312354088,0.0012897130800411105,0.001289687817916274,0.9939852952957153,,,,,,,,,,,,,,,
1770647973.9404967,9889,5403,,,7258.494246973,,229.0,,,,,0.9941920638084412,0.001371398102492094,0.0013713851803913713,0.02209026739001274,0.001371398102492094,,,,,,,,,,
1770647975.559205,9889,5404,,,7260.113078563,,229.0,,,,,,,,,,0.0013668369501829147,0.0013668369501829147,0.9941114783287048,0.0013641768600791693,0.022602027282118797,,,,,
1770647981.4983244,9899,5405,0.00011722656250000001,0.00011722656250000001,7266.052281351,,,,,,,,,,,,,,,,,,,,,
1770647981.662439,9899,5406,0.00011722656250000001,0.00011722656250000001,7266.216230946,,,,,,,,,,,,,,,,,,,,,
1770647981.8266907,9899,5407,0.00011722656250000001,0.00011722656250000001,7266.381826927,,,,,,,,,,,,,,,,,,,,,
1770647981.9909916,9899,5408,0.00011722656250000001,0.00011722656250000001,7266.546821734,,,,,,,,,,,,,,,,,,,,,
1770647982.1380725,9899,5409,,,7266.691826485,0.0015114540001377463,230.0,0.02234978973865509,0.0015114540001377463,0.0015114109264686704,0.9936237931251526,,,,,,,,,,,,,,,
1770647988.0744753,9909,5410,0.0001168359375,0.0001168359375,7272.629858103,,,,,,,,,,,,,,,,,,,,,
1770647988.2383156,9909,5411,0.0001168359375,0.0001168359375,7272.793820566,,,,,,,,,,,,,,,,,,,,,
1770647988.4018836,9909,5412,0.0001168359375,0.0001168359375,7272.957812695,,,,,,,,,,,,,,,,,,,,,
1770647988.5656295,9909,5413,0.0001168359375,0.0001168359375,7273.120819731,,,,,,,,,,,,,,,,,,,,,
1770647988.713093,9909,5414,,,7273.266807641,0.001527522224932909,230.0,0.023579265922307968,0.001527522224932909,0.0015275335172191262,0.9933817386627197,,,,,,,,,,,,,,,
1770647994.6265066,9919,5415,0.0001164453125,0.0001164453125,7279.181821981,,,,,,,,,,,,,,,,,,,,,
1770647994.790925,9919,5416,0.0001164453125,0.0001164453125,7279.346815695,,,,,,,,,,,,,,,,,,,,,
1770647994.9546528,9919,5417,0.0001164453125,0.0001164453125,7279.50981496,,,,,,,,,,,,,,,,,,,,,
1770647995.1185968,9919,5418,0.0001164453125,0.0001164453125,7279.673813027,,,,,,,,,,,,,,,,,,,,,
1770647995.2659225,9919,5419,,,7279.81966356,0.001316144480369985,230.0,0.02218620851635933,0.001316144480369985,0.0013160983799025416,0.9944714307785034,,,,,,,,,,,,,,,
1770648001.178152,9929,5420,0.0001160546875,0.0001160546875,7285.733825449,,,,,,,,,,,,,,,,,,,,,
1770648001.3421242,9929,5421,0.0001160546875,0.0001160546875,7285.897815193,,,,,,,,,,,,,,,,,,,,,
1770648001.5057116,9929,5422,0.0001160546875,0.0001160546875,7286.061817796,,,,,,,,,,,,,,,,,,,,,
1770648001.6702883,9929,5423,0.0001160546875,0.0001160546875,7286.225825938,,,,,,,,,,,,,,,,,,,,,
1770648001.8181267,9929,5424,,,7286.371969752,0.0011345910606905818,230.0,0.021235141903162003,0.0011345910606905818,0.0011345648672431707,0.9948191046714783,,,,,,,,,,,,,,,
1770648006.1149564,9932,5425,,,7290.668682623,,230.0,,,,,0.9942118525505066,0.0013715379172936082,0.0013715231325477362,0.02201971597969532,0.0013715379172936082,,,,,,,,,,
1770648006.1163917,9932,5426,,,7290.67007642,,230.0,,,,,,,,,,0.0013632081681862473,0.0013632081681862473,0.9941021800041199,0.0013668204192072153,0.022586248815059662,,,,,
1770648010.1901968,9939,5427,0.0001156640625,0.0001156640625,7294.744134048,,,,,,,,,,,,,,,,,,,,,
1770648010.3590672,9939,5428,0.0001156640625,0.0001156640625,7294.914829237,,,,,,,,,,,,,,,,,,,,,
1770648010.5301812,9939,5429,0.0001156640625,0.0001156640625,7295.085818659,,,,,,,,,,,,,,,,,,,,,
1770648010.6950395,9939,5430,0.0001156640625,0.0001156640625,7295.24880263,,,,,,,,,,,,,,,,,,,,,
1770648010.8434749,9939,5431,,,7295.397335567,0.0011728368699550629,231.0,0.02147923968732357,0.0011728368699550629,0.0011728391982614994,0.9942187666893005,,,,,,,,,,,,,,,
1770648016.9686065,9949,5432,0.0001152734375,0.0001152734375,7301.522560005,,,,,,,,,,,,,,,,,,,,,
1770648017.132704,9949,5433,0.0001152734375,0.0001152734375,7301.687856384,,,,,,,,,,,,,,,,,,,,,
1770648017.2977057,9949,5434,0.0001152734375,0.0001152734375,7301.852859832,,,,,,,,,,,,,,,,,,,,,
1770648017.4625397,9949,5435,0.0001152734375,0.0001152734375,7302.017838994,,,,,,,,,,,,,,,,,,,,,
1770648017.6100206,9949,5436,,,7302.1638649,0.0014770975103601813,231.0,0.023708464577794075,0.0014770975103601813,0.0014770783018320799,0.9932574033737183,,,,,,,,,,,,,,,
1770648023.5424552,9959,5437,0.00011488281250000001,0.00011488281250000001,7308.09634629,,,,,,,,,,,,,,,,,,,,,
1770648023.707005,9959,5438,0.00011488281250000001,0.00011488281250000001,7308.260791919,,,,,,,,,,,,,,,,,,,,,
1770648023.871313,9959,5439,0.00011488281250000001,0.00011488281250000001,7308.425121223,,,,,,,,,,,,,,,,,,,,,
1770648024.0357578,9959,5440,0.00011488281250000001,0.00011488281250000001,7308.591855344,,,,,,,,,,,,,,,,,,,,,
1770648024.1830726,9959,5441,,,7308.736870389,0.0017457648646086454,231.0,0.024300429970026016,0.0017457648646086454,0.0017457610229030252,0.9925637245178223,,,,,,,,,,,,,,,
1770648030.1072755,9969,5442,0.0001144921875,0.0001144921875,7314.661192608,,,,,,,,,,,,,,,,,,,,,
1770648030.2715642,9969,5443,0.0001144921875,0.0001144921875,7314.826858813,,,,,,,,,,,,,,,,,,,,,
1770648030.4357452,9969,5444,0.0001144921875,0.0001144921875,7314.991838815,,,,,,,,,,,,,,,,,,,,,
1770648030.6002934,9969,5445,0.0001144921875,0.0001144921875,7315.155841948,,,,,,,,,,,,,,,,,,,,,
1770648030.7473285,9969,5446,,,7315.301143795,0.0013131926534697413,231.0,0.023157022893428802,0.0013131926534697413,0.0013131671585142612,0.99433434009552,,,,,,,,,,,,,,,
1770648036.8463407,9975,5447,,,7321.400067648,,231.0,,,,,0.9942235350608826,0.0013786990894004703,0.0013786815106868744,0.02223861962556839,0.0013786990894004703,,,,,,,,,,
1770648036.847771,9975,5448,,,7321.401437318,,231.0,,,,,,,,,,0.0013638895470649004,0.0013638895470649004,0.9941220283508301,0.0013631937326863408,0.02259010821580887,,,,,
1770648038.8356233,9979,5449,0.0001141015625,0.0001141015625,7323.389544088,,,,,,,,,,,,,,,,,,,,,
1770648038.9998255,9979,5450,0.0001141015625,0.0001141015625,7323.555869324,,,,,,,,,,,,,,,,,,,,,
1770648039.1643717,9979,5451,0.0001141015625,0.0001141015625,7323.719833828,,,,,,,,,,,,,,,,,,,,,
1770648039.3283665,9979,5452,0.0001141015625,0.0001141015625,7323.883837132,,,,,,,,,,,,,,,,,,,,,
1770648039.4754674,9979,5453,,,7324.029213099,0.00116194027941674,232.0,0.021354839205741882,0.00116194027941674,0.0011619077995419502,0.994976282119751,,,,,,,,,,,,,,,
1770648045.4006765,9989,5454,0.0001137109375,0.0001137109375,7329.954552126,,,,,,,,,,,,,,,,,,,,,
1770648045.565064,9989,5455,0.0001137109375,0.0001137109375,7330.120859534,,,,,,,,,,,,,,,,,,,,,
1770648045.7291946,9989,5456,0.0001137109375,0.0001137109375,7330.284839352,,,,,,,,,,,,,,,,,,,,,
1770648045.8933048,9989,5457,0.0001137109375,0.0001137109375,7330.44883931,,,,,,,,,,,,,,,,,,,,,
1770648046.0403235,9989,5458,,,7330.594153654,0.0012730074813589454,232.0,0.022183384746313095,0.0012730074813589454,0.0012729971203953028,0.9940543174743652,,,,,,,,,,,,,,,
1770648051.9673035,9999,5459,0.0001133203125,0.0001133203125,7336.521267972,,,,,,,,,,,,,,,,,,,,,
1770648052.13159,9999,5460,0.0001133203125,0.0001133203125,7336.686865372,,,,,,,,,,,,,,,,,,,,,
1770648052.2959383,9999,5461,0.0001133203125,0.0001133203125,7336.851840957,,,,,,,,,,,,,,,,,,,,,
1770648052.4600224,9999,5462,0.0001133203125,0.0001133203125,7337.01583773,,,,,,,,,,,,,,,,,,,,,
1770648052.6071048,9999,5463,,,7337.160946665,0.0011853115865960717,232.0,0.02140430547297001,0.0011853115865960717,0.0011853075120598078,0.9948177337646484,,,,,,,,,,,,,,,
1770648058.5335357,10009,5464,0.0001129296875,0.0001129296875,7343.088881267,,,,,,,,,,,,,,,,,,,,,
1770648058.6976454,10009,5465,0.0001129296875,0.0001129296875,7343.252850098,,,,,,,,,,,,,,,,,,,,,
1770648058.8617768,10009,5466,0.0001129296875,0.0001129296875,7343.417848207,,,,,,,,,,,,,,,,,,,,,
1770648059.0261128,10009,5467,0.0001129296875,0.0001129296875,7343.581836366,,,,,,,,,,,,,,,,,,,,,
1770648059.1732585,10009,5468,,,7343.727057721,0.00116327207069844,232.0,0.021339600905776024,0.00116327207069844,0.0011632390087470412,0.995052695274353,,,,,,,,,,,,,,,
1770648067.2368999,10018,5469,,,7351.790662106,,232.0,,,,,0.9942230582237244,0.0013491902500391006,0.0013491774443536997,0.021973783150315285,0.0013491902500391006,,,,,,,,,,
1770648068.8494453,10018,5470,,,7353.403468428,,232.0,,,,,,,,,,0.001360383233986795,0.001360383233986795,0.9941218495368958,0.001363873016089201,0.02260763756930828,,,,,
1770648068.8770854,10019,5471,0.0001125390625,0.0001125390625,7353.430890842,,,,,,,,,,,,,,,,,,,,,
1770648069.0415585,10019,5472,0.0001125390625,0.0001125390625,7353.596851327,,,,,,,,,,,,,,,,,,,,,
1770648069.2065892,10019,5473,0.0001125390625,0.0001125390625,7353.760339345,,,,,,,,,,,,,,,,,,,,,
1770648069.3721805,10019,5474,0.0001125390625,0.0001125390625,7353.927857673,,,,,,,,,,,,,,,,,,,,,
1770648069.5191152,10019,5475,,,7354.072946057,0.0014056864893063903,233.0,0.02257843129336834,0.0014056864893063903,0.0014056616928428411,0.9941174387931824,,,,,,,,,,,,,,,
1770648075.447333,10029,5476,0.00011214843750000001,0.00011214843750000001,7360.002894604,,,,,,,,,,,,,,,,,,,,,
1770648075.61137,10029,5477,0.00011214843750000001,0.00011214843750000001,7360.166838958,,,,,,,,,,,,,,,,,,,,,
1770648075.7760544,10029,5478,0.00011214843750000001,0.00011214843750000001,7360.331838969,,,,,,,,,,,,,,,,,,,,,
1770648075.940534,10029,5479,0.00011214843750000001,0.00011214843750000001,7360.495849702,,,,,,,,,,,,,,,,,,,,,
1770648076.0876048,10029,5480,,,7360.641482534,0.0014950678450986743,233.0,0.022884149104356766,0.0014950678450986743,0.0014950415352359414,0.993532121181488,,,,,,,,,,,,,,,
1770648082.014831,10039,5481,0.0001117578125,0.0001117578125,7366.568752574,,,,,,,,,,,,,,,,,,,,,
1770648082.1791394,10039,5482,0.0001117578125,0.0001117578125,7366.734878097,,,,,,,,,,,,,,,,,,,,,
1770648082.343836,10039,5483,0.0001117578125,0.0001117578125,7366.899857176,,,,,,,,,,,,,,,,,,,,,
1770648082.5079594,10039,5484,0.0001117578125,0.0001117578125,7367.063840668,,,,,,,,,,,,,,,,,,,,,
1770648082.654995,10039,5485,,,7367.208865586,0.0017001806991174817,233.0,0.022226497530937195,0.0017001806991174817,0.0017001372762024403,0.9930601716041565,,,,,,,,,,,,,,,
1770648088.5831084,10049,5486,0.0001113671875,0.0001113671875,7373.138880064,,,,,,,,,,,,,,,,,,,,,
1770648088.747751,10049,5487,0.0001113671875,0.0001113671875,7373.303846444,,,,,,,,,,,,,,,,,,,,,
1770648088.9123957,10049,5488,0.0001113671875,0.0001113671875,7373.467835494,,,,,,,,,,,,,,,,,,,,,
1770648089.0765078,10049,5489,0.0001113671875,0.0001113671875,7373.631839576,,,,,,,,,,,,,,,,,,,,,
1770648089.2235584,10049,5490,,,7373.777363284,0.0011498116655275226,233.0,0.02185557410120964,0.0011498116655275226,0.0011497861705720425,0.9946996569633484,,,,,,,,,,,,,,,
1770648095.1510177,10059,5491,0.0001109765625,0.0001109765625,7379.704958515,,,,,,,,,,,,,,,,,,,,,
1770648095.3159535,10059,5492,0.0001109765625,0.0001109765625,7379.869805365,,,,,,,,,,,,,,,,,,,,,
1770648095.481631,10059,5493,0.0001109765625,0.0001109765625,7380.036840966,,,,,,,,,,,,,,,,,,,,,
1770648095.650369,10059,5494,0.0001109765625,0.0001109765625,7380.205851528,,,,,,,,,,,,,,,,,,,,,
1770648095.797678,10059,5495,,,7380.351533183,0.001198183628730476,233.0,0.021862249821424484,0.001198183628730476,0.001198162091895938,0.9943137764930725,,,,,,,,,,,,,,,
1770648099.2783632,10061,5496,,,7383.832110502,,233.0,,,,,0.9942547678947449,0.0013507506810128689,0.0013507328694686294,0.022145897150039673,0.0013507506810128689,,,,,,,,,,
1770648101.0597951,10061,5497,,,7385.613836526,,233.0,,,,,,,,,,0.0013470823178067803,0.0013470823178067803,0.9941317439079285,0.0013603665865957737,0.02255406230688095,,,,,
1770648105.6849546,10069,5498,0.0001105859375,0.0001105859375,7390.238892485,,,,,,,,,,,,,,,,,,,,,
1770648105.8495207,10069,5499,0.0001105859375,0.0001105859375,7390.40487365,,,,,,,,,,,,,,,,,,,,,
1770648106.0141098,10069,5500,0.0001105859375,0.0001105859375,7390.56984698,,,,,,,,,,,,,,,,,,,,,
1770648106.178453,10069,5501,0.0001105859375,0.0001105859375,7390.733839334,,,,,,,,,,,,,,,,,,,,,
1770648106.3256536,10069,5502,,,7390.879498405,0.0012680657673627138,234.0,0.02190995030105114,0.0012680657673627138,0.001268033287487924,0.9942663311958313,,,,,,,,,,,,,,,
1770648112.2566044,10079,5503,0.00011019531250000001,0.00011019531250000001,7396.811877156,,,,,,,,,,,,,,,,,,,,,
1770648112.4209845,10079,5504,0.00011019531250000001,0.00011019531250000001,7396.976843384,,,,,,,,,,,,,,,,,,,,,
1770648112.5851605,10079,5505,0.00011019531250000001,0.00011019531250000001,7397.140834947,,,,,,,,,,,,,,,,,,,,,
1770648112.7498085,10079,5506,0.00011019531250000001,0.00011019531250000001,7397.305843309,,,,,,,,,,,,,,,,,,,,,
1770648112.8967261,10079,5507,,,7397.450565591,0.001192988594993949,234.0,0.021976931020617485,0.001192988594993949,0.0011929754400625825,0.994836688041687,,,,,,,,,,,,,,,
1770648118.8222055,10089,5508,0.0001098046875,0.0001098046875,7403.376143385,,,,,,,,,,,,,,,,,,,,,
1770648118.9869554,10089,5509,0.0001098046875,0.0001098046875,7403.540789231,,,,,,,,,,,,,,,,,,,,,
1770648119.1516383,10089,5510,0.0001098046875,0.0001098046875,7403.706851278,,,,,,,,,,,,,,,,,,,,,
1770648119.3164213,10089,5511,0.0001098046875,0.0001098046875,7403.871841933,,,,,,,,,,,,,,,,,,,,,
1770648119.4635458,10089,5512,,,7404.017361574,0.0014423801330849528,234.0,0.023712798953056335,0.0014423801330849528,0.0014423649990931153,0.9936032295227051,,,,,,,,,,,,,,,
1770648125.383417,10099,5513,0.00010941406250000001,0.00010941406250000001,7409.938891049,,,,,,,,,,,,,,,,,,,,,
1770648125.54906,10099,5514,0.00010941406250000001,0.00010941406250000001,7410.102851174,,,,,,,,,,,,,,,,,,,,,
1770648125.7150102,10099,5515,0.00010941406250000001,0.00010941406250000001,7410.270888181,,,,,,,,,,,,,,,,,,,,,
1770648125.879206,10099,5516,0.00010941406250000001,0.00010941406250000001,7410.434848696,,,,,,,,,,,,,,,,,,,,,
1770648126.0263603,10099,5517,,,7410.580234766,0.001220504753291607,234.0,0.021732358261942863,0.001220504753291607,0.0012204883387312293,0.9944802522659302,,,,,,,,,,,,,,,
1770648131.4631548,10104,5518,,,7416.016885469,,234.0,,,,,0.99433833360672,0.0013253589859232306,0.0013253468787297606,0.021621009334921837,0.0013253589859232306,,,,,,,,,,
1770648133.1129506,10104,5519,,,7417.666978115,,234.0,,,,,,,,,,0.0013591923052445054,0.0013591923052445054,0.9941853284835815,0.0013470648555085063,0.022482793778181076,,,,,
1770648135.768183,10109,5520,0.0001090234375,0.0001090234375,7420.322134397,,,,,,,,,,,,,,,,,,,,,
1770648135.932354,10109,5521,0.0001090234375,0.0001090234375,7420.486190797,,,,,,,,,,,,,,,,,,,,,
1770648136.0965695,10109,5522,0.0001090234375,0.0001090234375,7420.651868615,,,,,,,,,,,,,,,,,,,,,
1770648136.260831,10109,5523,0.0001090234375,0.0001090234375,7420.81684635,,,,,,,,,,,,,,,,,,,,,
1770648136.4079185,10109,5524,,,7420.96176098,0.001257674884982407,235.0,0.022273316979408264,0.001257674884982407,0.0012576618464663625,0.994718611240387,,,,,,,,,,,,,,,
1770648142.3321626,10119,5525,0.00010863281249999999,0.00010863281249999999,7426.887884091,,,,,,,,,,,,,,,,,,,,,
1770648142.49656,10119,5526,0.00010863281249999999,0.00010863281249999999,7427.051849724,,,,,,,,,,,,,,,,,,,,,
1770648142.6607153,10119,5527,0.00010863281249999999,0.00010863281249999999,7427.216838826,,,,,,,,,,,,,,,,,,,,,
1770648142.8250842,10119,5528,0.00010863281249999999,0.00010863281249999999,7427.380842796,,,,,,,,,,,,,,,,,,,,,
1770648142.9720645,10119,5529,,,7427.525914853,0.0011735806474462152,235.0,0.02184109203517437,0.0011735806474462152,0.0011735707521438599,0.9948868155479431,,,,,,,,,,,,,,,
1770648148.8988178,10129,5530,0.00010824218750000001,0.00010824218750000001,7433.452760462,,,,,,,,,,,,,,,,,,,,,
1770648149.063332,10129,5531,0.00010824218750000001,0.00010824218750000001,7433.618862918,,,,,,,,,,,,,,,,,,,,,
1770648149.2277043,10129,5532,0.00010824218750000001,0.00010824218750000001,7433.781469977,,,,,,,,,,,,,,,,,,,,,
1770648149.3919685,10129,5533,0.00010824218750000001,0.00010824218750000001,7433.945773007,,,,,,,,,,,,,,,,,,,,,
1770648149.5390675,10129,5534,,,7434.092896759,0.0011052492773160338,235.0,0.021342119202017784,0.0011052492773160338,0.001105213537812233,0.9952830672264099,,,,,,,,,,,,,,,
1770648155.47076,10139,5535,0.0001078515625,0.0001078515625,7440.025843956,,,,,,,,,,,,,,,,,,,,,
1770648155.635734,10139,5536,0.0001078515625,0.0001078515625,7440.189512431,,,,,,,,,,,,,,,,,,,,,
1770648155.8004868,10139,5537,0.0001078515625,0.0001078515625,7440.35584297,,,,,,,,,,,,,,,,,,,,,
1770648155.9651356,10139,5538,0.0001078515625,0.0001078515625,7440.520846113,,,,,,,,,,,,,,,,,,,,,
1770648156.112764,10139,5539,,,7440.666644331,0.0012485275510698557,235.0,0.022156961262226105,0.0012485275510698557,0.0012485169572755694,0.9951308369636536,,,,,,,,,,,,,,,
1770648163.5269656,10147,5540,,,7448.080710459,,235.0,,,,,0.994242250919342,0.0013652544002979994,0.0013652421766892076,0.021984625607728958,0.0013652544002979994,,,,,,,,,,
1770648163.5284262,10147,5541,,,7448.08209375,,235.0,,,,,,,,,,0.0013613615883514285,0.0013613615883514285,0.9941334128379822,0.0013591735623776913,0.022517170757055283,,,,,
1770648164.2052891,10149,5542,0.00010746093750000001,0.00010746093750000001,7448.759199597,,,,,,,,,,,,,,,,,,,,,
1770648164.3695805,10149,5543,0.00010746093750000001,0.00010746093750000001,7448.924870333,,,,,,,,,,,,,,,,,,,,,
1770648164.5342445,10149,5544,0.00010746093750000001,0.00010746093750000001,7449.089842589,,,,,,,,,,,,,,,,,,,,,
1770648164.6988132,10149,5545,0.00010746093750000001,0.00010746093750000001,7449.253951446,,,,,,,,,,,,,,,,,,,,,
1770648164.846228,10149,5546,,,7449.400031408,0.0013628213200718164,236.0,0.022268492728471756,0.0013628213200718164,0.0013628252781927586,0.9943169951438904,,,,,,,,,,,,,,,
1770648170.7773643,10159,5547,0.0001070703125,0.0001070703125,7455.331279057,,,,,,,,,,,,,,,,,,,,,
1770648170.9418342,10159,5548,0.0001070703125,0.0001070703125,7455.495669818,,,,,,,,,,,,,,,,,,,,,
1770648171.1063006,10159,5549,0.0001070703125,0.0001070703125,7455.661863551,,,,,,,,,,,,,,,,,,,,,
1770648171.2710035,10159,5550,0.0001070703125,0.0001070703125,7455.826842526,,,,,,,,,,,,,,,,,,,,,
1770648171.4182887,10159,5551,,,7455.9721456,0.0019506835378706455,236.0,0.025472046807408333,0.0019506835378706455,0.0019506977405399084,0.9909502863883972,,,,,,,,,,,,,,,
1770648177.3466644,10169,5552,0.0001066796875,0.0001066796875,7461.900601612,,,,,,,,,,,,,,,,,,,,,
1770648177.5114605,10169,5553,0.0001066796875,0.0001066796875,7462.066857227,,,,,,,,,,,,,,,,,,,,,
1770648177.676036,10169,5554,0.0001066796875,0.0001066796875,7462.231840689,,,,,,,,,,,,,,,,,,,,,
1770648177.840347,10169,5555,0.0001066796875,0.0001066796875,7462.395840422,,,,,,,,,,,,,,,,,,,,,
1770648177.9872642,10169,5556,,,7462.541107621,0.0015212401049211621,236.0,0.02386953867971897,0.0015212401049211621,0.0015212096041068435,0.9937921166419983,,,,,,,,,,,,,,,
1770648183.9144232,10179,5557,0.0001062890625,0.0001062890625,7468.468403029,,,,,,,,,,,,,,,,,,,,,
1770648184.0791626,10179,5558,0.0001062890625,0.0001062890625,7468.633010505,,,,,,,,,,,,,,,,,,,,,
1770648184.2438233,10179,5559,0.0001062890625,0.0001062890625,7468.799867244,,,,,,,,,,,,,,,,,,,,,
1770648184.4083405,10179,5560,0.0001062890625,0.0001062890625,7468.963845995,,,,,,,,,,,,,,,,,,,,,
1770648184.5552948,10179,5561,,,7469.109145152,0.0016378051368519664,236.0,0.024440603330731392,0.0016378051368519664,0.001637764391489327,0.993266761302948,,,,,,,,,,,,,,,
1770648190.4841275,10189,5562,0.0001058984375,0.0001058984375,7475.038055049,,,,,,,,,,,,,,,,,,,,,
1770648190.6484616,10189,5563,0.0001058984375,0.0001058984375,7475.202256274,,,,,,,,,,,,,,,,,,,,,
1770648190.8129423,10189,5564,0.0001058984375,0.0001058984375,7475.368857489,,,,,,,,,,,,,,,,,,,,,
1770648190.9778068,10189,5565,0.0001058984375,0.0001058984375,7475.53384034,,,,,,,,,,,,,,,,,,,,,
1770648191.1249409,10189,5566,,,7475.678785594,0.001126249902881682,236.0,0.021078234538435936,0.001126249902881682,0.0011262192856520414,0.9951829314231873,,,,,,,,,,,,,,,
1770648193.9455156,10190,5567,,,7478.499301278,,236.0,,,,,0.9942482113838196,0.001425949390977621,0.0014259342569857836,0.02279091626405716,0.001425949390977621,,,,,,,,,,
1770648193.9469898,10190,5568,,,7478.500653091,,236.0,,,,,,,,,,0.0013622238766402006,0.0013622238766402006,0.9941282272338867,0.0013613434275612235,0.022554947063326836,,,,,
1770648199.2229562,10199,5569,0.00010550781250000001,0.00010550781250000001,7483.778866162,,,,,,,,,,,,,,,,,,,,,
1770648199.3875928,10199,5570,0.00010550781250000001,0.00010550781250000001,7483.942842048,,,,,,,,,,,,,,,,,,,,,
1770648199.5518556,10199,5571,0.00010550781250000001,0.00010550781250000001,7484.107838309,,,,,,,,,,,,,,,,,,,,,
1770648199.715936,10199,5572,0.00010550781250000001,0.00010550781250000001,7484.271845281,,,,,,,,,,,,,,,,,,,,,
1770648199.863161,10199,5573,,,7484.416971107,0.0014669629745185375,237.0,0.02324950322508812,0.0014669629745185375,0.001466965302824974,0.9935318231582642,,,,,,,,,,,,,,,
1770648205.7968884,10209,5574,0.0001051171875,0.0001051171875,7490.350823547,,,,,,,,,,,,,,,,,,,,,
1770648205.9613855,10209,5575,0.0001051171875,0.0001051171875,7490.515221828,,,,,,,,,,,,,,,,,,,,,
1770648206.126161,10209,5576,0.0001051171875,0.0001051171875,7490.681872977,,,,,,,,,,,,,,,,,,,,,
1770648206.2901893,10209,5577,0.0001051171875,0.0001051171875,7490.845837005,,,,,,,,,,,,,,,,,,,,,
1770648206.437183,10209,5578,,,7490.99104931,0.0013134184991940856,237.0,0.02179279737174511,0.0013134184991940856,0.0013134063920006156,0.9943485856056213,,,,,,,,,,,,,,,
1770648212.3648548,10219,5579,0.0001047265625,0.0001047265625,7496.918785553,,,,,,,,,,,,,,,,,,,,,
1770648212.5299706,10219,5580,0.0001047265625,0.0001047265625,7497.085868771,,,,,,,,,,,,,,,,,,,,,
1770648212.6947703,10219,5581,0.0001047265625,0.0001047265625,7497.248593836,,,,,,,,,,,,,,,,,,,,,
1770648212.8592324,10219,5582,0.0001047265625,0.0001047265625,7497.414855439,,,,,,,,,,,,,,,,,,,,,
1770648213.006251,10219,5583,,,7497.560081154,0.0012183139333501458,237.0,0.02200554497539997,0.0012183139333501458,0.0012183093931525946,0.9955743551254272,,,,,,,,,,,,,,,
1770648218.9401703,10229,5584,0.0001043359375,0.0001043359375,7503.494095179,,,,,,,,,,,,,,,,,,,,,
1770648219.104452,10229,5585,0.0001043359375,0.0001043359375,7503.658221491,,,,,,,,,,,,,,,,,,,,,
1770648219.268874,10229,5586,0.0001043359375,0.0001043359375,7503.824838077,,,,,,,,,,,,,,,,,,,,,
1770648219.433037,10229,5587,0.0001043359375,0.0001043359375,7503.988836376,,,,,,,,,,,,,,,,,,,,,
1770648219.580083,10229,5588,,,7504.133920288,0.0011903013801202178,237.0,0.0213343296200037,0.0011903013801202178,0.0011902977712452412,0.9950318336486816,,,,,,,,,,,,,,,
1770648224.3707952,10233,5589,,,7508.924522767,,237.0,,,,,0.9942366480827332,0.001392275677062571,0.0013922597281634808,0.022472338750958443,0.001392275677062571,,,,,,,,,,
1770648224.3722916,10233,5590,,,7508.92597442,,237.0,,,,,,,,,,0.0013534781755879521,0.0013534781755879521,0.9941210746765137,0.001362207462079823,0.022567221894860268,,,,,
1770648227.676602,10239,5591,0.0001039453125,0.0001039453125,7512.230535793,,,,,,,,,,,,,,,,,,,,,
1770648227.8408473,10239,5592,0.0001039453125,0.0001039453125,7512.394695915,,,,,,,,,,,,,,,,,,,,,
1770648228.0051196,10239,5593,0.0001039453125,0.0001039453125,7512.560871538,,,,,,,,,,,,,,,,,,,,,
1770648228.1692572,10239,5594,0.0001039453125,0.0001039453125,7512.723141167,,,,,,,,,,,,,,,,,,,,,
1770648228.3164513,10239,5595,,,7512.870418707,0.0009582191123627126,238.0,0.02018911764025688,0.0009582191123627126,0.0009581954218447208,0.9959701299667358,,,,,,,,,,,,,,,
1770648234.2497263,10249,5596,0.00010355468750000001,0.00010355468750000001,7518.803585948,,,,,,,,,,,,,,,,,,,,,
1770648234.4146383,10249,5597,0.00010355468750000001,0.00010355468750000001,7518.969863234,,,,,,,,,,,,,,,,,,,,,
1770648234.5789437,10249,5598,0.00010355468750000001,0.00010355468750000001,7519.134842888,,,,,,,,,,,,,,,,,,,,,
1770648234.743481,10249,5599,0.00010355468750000001,0.00010355468750000001,7519.298840215,,,,,,,,,,,,,,,,,,,,,
1770648234.890457,10249,5600,,,7519.444210718,0.0011386846890673041,238.0,0.021157072857022285,0.0011386846890673041,0.001138678751885891,0.9948585033416748,,,,,,,,,,,,,,,
1770648240.820404,10259,5601,0.0001031640625,0.0001031640625,7525.374333651,,,,,,,,,,,,,,,,,,,,,
1770648240.9848042,10259,5602,0.0001031640625,0.0001031640625,7525.538647604,,,,,,,,,,,,,,,,,,,,,
1770648241.1496875,10259,5603,0.0001031640625,0.0001031640625,7525.704867944,,,,,,,,,,,,,,,,,,,,,
1770648241.3142061,10259,5604,0.0001031640625,0.0001031640625,7525.8698427,,,,,,,,,,,,,,,,,,,,,
1770648241.4613428,10259,5605,,,7526.015152452,0.00135428411886096,238.0,0.023000085726380348,0.00135428411886096,0.0013542735250666738,0.9939667582511902,,,,,,,,,,,,,,,
1770648247.393483,10269,5606,0.0001027734375,0.0001027734375,7531.947421053,,,,,,,,,,,,,,,,,,,,,
1770648247.558034,10269,5607,0.0001027734375,0.0001027734375,7532.113871098,,,,,,,,,,,,,,,,,,,,,
1770648247.7227533,10269,5608,0.0001027734375,0.0001027734375,7532.278841328,,,,,,,,,,,,,,,,,,,,,
1770648247.8870044,10269,5609,0.0001027734375,0.0001027734375,7532.442843411,,,,,,,,,,,,,,,,,,,,,
1770648248.034145,10269,5610,,,7532.587947162,0.0012059371219947934,238.0,0.022060377523303032,0.0012059371219947934,0.001205927925184369,0.9946028590202332,,,,,,,,,,,,,,,
1770648254.792026,10276,5611,,,7539.345758902,,238.0,,,,,0.9942277073860168,0.0013546610716730356,0.001354646752588451,0.02180814929306507,0.0013546610716730356,,,,,,,,,,
1770648254.7935035,10276,5612,,,7539.347174471,,238.0,,,,,,,,,,0.0013548379065468907,0.0013548379065468907,0.9941601157188416,0.0013534633908420801,0.022515753284096718,,,,,
1770648256.1256452,10279,5613,0.0001023828125,0.0001023828125,7540.679578349,,,,,,,,,,,,,,,,,,,,,
1770648256.2899296,10279,5614,0.0001023828125,0.0001023828125,7540.845871497,,,,,,,,,,,,,,,,,,,,,
1770648256.4542022,10279,5615,0.0001023828125,0.0001023828125,7541.009840981,,,,,,,,,,,,,,,,,,,,,
1770648256.6184194,10279,5616,0.0001023828125,0.0001023828125,7541.17383974,,,,,,,,,,,,,,,,,,,,,
1770648256.7655454,10279,5617,,,7541.319342611,0.00108512700535357,239.0,0.02087550237774849,0.00108512700535357,0.001085092080757022,0.9954182505607605,,,,,,,,,,,,,,,
1770648262.7014685,10289,5618,0.0001019921875,0.0001019921875,7547.255402484,,,,,,,,,,,,,,,,,,,,,
1770648262.86623,10289,5619,0.0001019921875,0.0001019921875,7547.420072081,,,,,,,,,,,,,,,,,,,,,
1770648263.031001,10289,5620,0.0001019921875,0.0001019921875,7547.586868937,,,,,,,,,,,,,,,,,,,,,
1770648263.1953628,10289,5621,0.0001019921875,0.0001019921875,7547.750845842,,,,,,,,,,,,,,,,,,,,,
1770648263.3423736,10289,5622,,,7547.896243064,0.0010978755308315158,239.0,0.02103388123214245,0.0010978755308315158,0.0010978641221299767,0.9953057169914246,,,,,,,,,,,,,,,
1770648269.2712011,10299,5623,0.00010160156250000001,0.00010160156250000001,7553.825038853,,,,,,,,,,,,,,,,,,,,,
1770648269.4353282,10299,5624,0.00010160156250000001,0.00010160156250000001,7553.990859982,,,,,,,,,,,,,,,,,,,,,
1770648269.5999055,10299,5625,0.00010160156250000001,0.00010160156250000001,7554.155844492,,,,,,,,,,,,,,,,,,,,,
1770648269.7644567,10299,5626,0.00010160156250000001,0.00010160156250000001,7554.319841076,,,,,,,,,,,,,,,,,,,,,
1770648269.9114225,10299,5627,,,7554.465156806,0.0014597575645893812,239.0,0.023477109149098396,0.0014597575645893812,0.0014597317203879356,0.9941418766975403,,,,,,,,,,,,,,,
1770648275.8397672,10309,5628,0.0001012109375,0.0001012109375,7560.393683151,,,,,,,,,,,,,,,,,,,,,
1770648276.0049005,10309,5629,0.0001012109375,0.0001012109375,7560.558752699,,,,,,,,,,,,,,,,,,,,,
1770648276.1695414,10309,5630,0.0001012109375,0.0001012109375,7560.724870854,,,,,,,,,,,,,,,,,,,,,
1770648276.334256,10309,5631,0.0001012109375,0.0001012109375,7560.889854152,,,,,,,,,,,,,,,,,,,,,
1770648276.4814146,10309,5632,,,7561.035238454,0.0015094614354893565,239.0,0.02303902804851532,0.0015094614354893565,0.001509418128989637,0.9934675097465515,,,,,,,,,,,,,,,
1770648282.4107826,10319,5633,0.0001008203125,0.0001008203125,7566.964665416,,,,,,,,,,,,,,,,,,,,,
1770648282.575504,10319,5634,0.0001008203125,0.0001008203125,7567.129296103,,,,,,,,,,,,,,,,,,,,,
1770648282.739888,10319,5635,0.0001008203125,0.0001008203125,7567.293662824,,,,,,,,,,,,,,,,,,,,,
1770648282.8926291,10319,5636,0.0001008203125,0.0001008203125,7567.446400375,,,,,,,,,,,,,,,,,,,,,
1770648282.9513645,10319,5637,,,7567.505114668,0.0017730039544403553,239.0,0.02463148720562458,0.0017730039544403553,0.001772971823811531,0.9920496344566345,,,,,,,,,,,,,,,
1770648285.2129743,10319,5638,,,7569.766698584,,239.0,,,,,0.994300901889801,0.001356863765977323,0.0013568473514169455,0.021933328360319138,0.001356863765977323,,,,,,,,,,
1770648285.2144608,10319,5639,,,7569.768116667,,239.0,,,,,,,,,,0.001347087207250297,0.001347087207250297,0.9941529631614685,0.0013548204442486167,0.022513434290885925,,,,,
1770648291.1457317,10329,5640,0.0001004296875,0.0001004296875,7575.701962382,,,,,,,,,,,,,,,,,,,,,
1770648291.311868,10329,5641,0.0001004296875,0.0001004296875,7575.867878082,,,,,,,,,,,,,,,,,,,,,
1770648291.4762266,10329,5642,0.0001004296875,0.0001004296875,7576.031860414,,,,,,,,,,,,,,,,,,,,,
1770648291.6403058,10329,5643,0.0001004296875,0.0001004296875,7576.195827654,,,,,,,,,,,,,,,,,,,,,
1770648291.7873585,10329,5644,,,7576.341250964,0.0010773170506581664,240.0,0.02105054073035717,0.0010773170506581664,0.001077300519682467,0.9955950379371643,,,,,,,,,,,,,,,
1770648297.7183986,10339,5645,0.0001000390625,0.0001000390625,7582.272341938,,,,,,,,,,,,,,,,,,,,,
1770648297.8829582,10339,5646,0.0001000390625,0.0001000390625,7582.436817271,,,,,,,,,,,,,,,,,,,,,
1770648298.0478554,10339,5647,0.0001000390625,0.0001000390625,7582.603861127,,,,,,,,,,,,,,,,,,,,,
1770648298.2121542,10339,5648,0.0001000390625,0.0001000390625,7582.767846243,,,,,,,,,,,,,,,,,,,,,
1770648298.3593597,10339,5649,,,7582.913213349,0.0011258145095780492,240.0,0.02056284062564373,0.0011258145095780492,0.001125813345424831,0.9947410225868225,,,,,,,,,,,,,,,
1770648304.2893147,10349,5650,9.96484375e-05,9.96484375e-05,7588.843256258,,,,,,,,,,,,,,,,,,,,,
1770648304.4537206,10349,5651,9.96484375e-05,9.96484375e-05,7589.009869035,,,,,,,,,,,,,,,,,,,,,
1770648304.618231,10349,5652,9.96484375e-05,9.96484375e-05,7589.173842053,,,,,,,,,,,,,,,,,,,,,
1770648304.7823372,10349,5653,9.96484375e-05,9.96484375e-05,7589.337839087,,,,,,,,,,,,,,,,,,,,,
1770648304.929544,10349,5654,,,7589.483387785,0.0014389163115993142,240.0,0.023369459435343742,0.0014389163115993142,0.0014389277203008533,0.9933884739875793,,,,,,,,,,,,,,,
1770648310.8674107,10359,5655,9.925781250000001e-05,9.925781250000001e-05,7595.423053468,,,,,,,,,,,,,,,,,,,,,
1770648311.0338345,10359,5656,9.925781250000001e-05,9.925781250000001e-05,7595.587728811,,,,,,,,,,,,,,,,,,,,,
1770648311.1982164,10359,5657,9.925781250000001e-05,9.925781250000001e-05,7595.751970072,,,,,,,,,,,,,,,,,,,,,
1770648311.3627741,10359,5658,9.925781250000001e-05,9.925781250000001e-05,7595.916525856,,,,,,,,,,,,,,,,,,,,,
1770648311.5103033,10359,5659,,,7596.064325389,0.0017031561583280563,240.0,0.02454017475247383,0.0017031561583280563,0.0017031567404046655,0.9926372766494751,,,,,,,,,,,,,,,
1770648315.645392,10362,5660,,,7600.199279367,,240.0,,,,,0.994318962097168,0.001326751778833568,0.0013267374597489834,0.021727988496422768,0.001326751778833568,,,,,,,,,,
1770648317.7295034,10362,5661,,,7602.28351326,,240.0,,,,,,,,,,0.0013378509320318699,0.0013378509320318699,0.9941853284835815,0.0013470703270286322,0.022439299151301384,,,,,
1770648321.704537,10369,5662,9.88671875e-05,9.88671875e-05,7606.259888988,,,,,,,,,,,,,,,,,,,,,
1770648321.8692663,10369,5663,9.88671875e-05,9.88671875e-05,7606.424854588,,,,,,,,,,,,,,,,,,,,,
1770648322.033515,10369,5664,9.88671875e-05,9.88671875e-05,7606.588845122,,,,,,,,,,,,,,,,,,,,,
1770648322.197995,10369,5665,9.88671875e-05,9.88671875e-05,7606.75384341,,,,,,,,,,,,,,,,,,,,,
1770648322.3448863,10369,5666,,,7606.898744023,0.0014077159576117992,241.0,0.02379452809691429,0.0014077159576117992,0.0014076991938054562,0.9943764805793762,,,,,,,,,,,,,,,
1770648328.2779107,10379,5667,9.84765625e-05,9.84765625e-05,7612.833899069,,,,,,,,,,,,,,,,,,,,,
1770648328.4419763,10379,5668,9.84765625e-05,9.84765625e-05,7612.997852306,,,,,,,,,,,,,,,,,,,,,
1770648328.6071906,10379,5669,9.84765625e-05,9.84765625e-05,7613.162853389,,,,,,,,,,,,,,,,,,,,,
1770648328.77246,10379,5670,9.84765625e-05,9.84765625e-05,7613.327849204,,,,,,,,,,,,,,,,,,,,,
1770648328.9196093,10379,5671,,,7613.473444692,0.0015221297508105636,241.0,0.024286609143018723,0.0015221297508105636,0.0015221401117742062,0.9931524991989136,,,,,,,,,,,,,,,
1770648334.8581257,10389,5672,9.80859375e-05,9.80859375e-05,7619.414092049,,,,,,,,,,,,,,,,,,,,,
1770648335.0248504,10389,5673,9.80859375e-05,9.80859375e-05,7619.580883174,,,,,,,,,,,,,,,,,,,,,
1770648335.1894271,10389,5674,9.80859375e-05,9.80859375e-05,7619.744844593,,,,,,,,,,,,,,,,,,,,,
1770648335.3539305,10389,5675,9.80859375e-05,9.80859375e-05,7619.909845105,,,,,,,,,,,,,,,,,,,,,
1770648335.500911,10389,5676,,,7620.05474061,0.0011843998217955232,241.0,0.02107221446931362,0.0011843998217955232,0.0011843988904729486,0.9950467944145203,,,,,,,,,,,,,,,
1770648341.4637291,10399,5677,9.76953125e-05,9.76953125e-05,7626.019982678,,,,,,,,,,,,,,,,,,,,,
1770648341.6301427,10399,5678,9.76953125e-05,9.76953125e-05,7626.183898778,,,,,,,,,,,,,,,,,,,,,
1770648341.7949166,10399,5679,9.76953125e-05,9.76953125e-05,7626.348671357,,,,,,,,,,,,,,,,,,,,,
1770648341.9588864,10399,5680,9.76953125e-05,9.76953125e-05,7626.512627478,,,,,,,,,,,,,,,,,,,,,
1770648342.105753,10399,5681,,,7626.659578555,0.0012016838882118464,241.0,0.022213632240891457,0.0012016838882118464,0.0012016781838610768,0.994963526725769,,,,,,,,,,,,,,,
1770648348.2009413,10405,5682,,,7632.754789719,,241.0,,,,,0.994313657283783,0.001404834445565939,0.0014048157026991248,0.022548692300915718,0.001404834445565939,,,,,,,,,,
1770648348.2028718,10405,5683,,,7632.756582516,,241.0,,,,,,,,,,0.0013385657221078873,0.0013385657221078873,0.9942311644554138,0.0013378317235037684,0.022335601970553398,,,,,
1770648350.1956062,10409,5684,9.73046875e-05,9.73046875e-05,7634.751054107,,,,,,,,,,,,,,,,,,,,,
1770648350.3613584,10409,5685,9.73046875e-05,9.73046875e-05,7634.915115095,,,,,,,,,,,,,,,,,,,,,
1770648350.52583,10409,5686,9.73046875e-05,9.73046875e-05,7635.079786251,,,,,,,,,,,,,,,,,,,,,
1770648350.6913743,10409,5687,9.73046875e-05,9.73046875e-05,7635.24522401,,,,,,,,,,,,,,,,,,,,,
1770648350.8384745,10409,5688,,,7635.392315948,0.0015043426537886262,242.0,0.022670546546578407,0.0015043426537886262,0.0015043301973491907,0.9939884543418884,,,,,,,,,,,,,,,
1770648356.7689087,10419,5689,9.69140625e-05,9.69140625e-05,7641.324857917,,,,,,,,,,,,,,,,,,,,,
1770648356.93335,10419,5690,9.69140625e-05,9.69140625e-05,7641.488820386,,,,,,,,,,,,,,,,,,,,,
1770648357.097373,10419,5691,9.69140625e-05,9.69140625e-05,7641.652821384,,,,,,,,,,,,,,,,,,,,,
1770648357.261374,10419,5692,9.69140625e-05,9.69140625e-05,7641.81682108,,,,,,,,,,,,,,,,,,,,,
1770648357.408552,10419,5693,,,7641.962473803,0.001155100530013442,242.0,0.021894516423344612,0.001155100530013442,0.0011550799245014787,0.9949709177017212,,,,,,,,,,,,,,,
1770648363.3346076,10429,5694,9.652343750000001e-05,9.652343750000001e-05,7647.889985097,,,,,,,,,,,,,,,,,,,,,
1770648363.5001988,10429,5695,9.652343750000001e-05,9.652343750000001e-05,7648.055821986,,,,,,,,,,,,,,,,,,,,,
1770648363.6645653,10429,5696,9.652343750000001e-05,9.652343750000001e-05,7648.219818697,,,,,,,,,,,,,,,,,,,,,
1770648363.8285754,10429,5697,9.652343750000001e-05,9.652343750000001e-05,7648.383817552,,,,,,,,,,,,,,,,,,,,,
1770648363.9757144,10429,5698,,,7648.529617366,0.0010967326816171408,242.0,0.020793022587895393,0.0010967326816171408,0.0010967139387503266,0.9956029653549194,,,,,,,,,,,,,,,
1770648369.9068332,10439,5699,9.61328125e-05,9.61328125e-05,7654.462870557,,,,,,,,,,,,,,,,,,,,,
1770648370.0710826,10439,5700,9.61328125e-05,9.61328125e-05,7654.626821449,,,,,,,,,,,,,,,,,,,,,
1770648370.2354405,10439,5701,9.61328125e-05,9.61328125e-05,7654.790821505,,,,,,,,,,,,,,,,,,,,,
1770648370.3996046,10439,5702,9.61328125e-05,9.61328125e-05,7654.954818877,,,,,,,,,,,,,,,,,,,,,
1770648370.5466194,10439,5703,,,7655.100510448,0.0013898219913244247,242.0,0.022884776815772057,0.0013898219913244247,0.0013898041797801852,0.993666410446167,,,,,,,,,,,,,,,
1770648378.617817,10448,5704,,,7663.171561603,,242.0,,,,,0.9943008422851562,0.0013293244410306215,0.0013293115189298987,0.02168029360473156,0.0013293244410306215,,,,,,,,,,
1770648380.1834438,10448,5705,,,7664.737496789,,242.0,,,,,,,,,,0.001337256282567978,0.001337256282567978,0.9942252039909363,0.0013385505881160498,0.02234000898897648,,,,,
1770648380.2133095,10449,5706,9.57421875e-05,9.57421875e-05,7664.768893608,,,,,,,,,,,,,,,,,,,,,
1770648380.3796928,10449,5707,9.57421875e-05,9.57421875e-05,7664.933441287,,,,,,,,,,,,,,,,,,,,,
1770648380.5443084,10449,5708,9.57421875e-05,9.57421875e-05,7665.098114345,,,,,,,,,,,,,,,,,,,,,
1770648380.7109704,10449,5709,9.57421875e-05,9.57421875e-05,7665.264782283,,,,,,,,,,,,,,,,,,,,,
1770648380.85838,10449,5710,,,7665.412250726,0.0012502506142482162,243.0,0.0218268521130085,0.0012502506142482162,0.00125021708663553,0.9951669573783875,,,,,,,,,,,,,,,
1770648386.7903636,10459,5711,9.53515625e-05,9.53515625e-05,7671.345896706,,,,,,,,,,,,,,,,,,,,,
1770648386.9553063,10459,5712,9.53515625e-05,9.53515625e-05,7671.510845598,,,,,,,,,,,,,,,,,,,,,
1770648387.1198585,10459,5713,9.53515625e-05,9.53515625e-05,7671.675842683,,,,,,,,,,,,,,,,,,,,,
1770648387.2843087,10459,5714,9.53515625e-05,9.53515625e-05,7671.839840956,,,,,,,,,,,,,,,,,,,,,
1770648387.4314306,10459,5715,,,7671.985277563,0.0017487284494563937,243.0,0.025519365444779396,0.0017487284494563937,0.001748732291162014,0.9920828938484192,,,,,,,,,,,,,,,
1770648393.3620248,10469,5716,9.49609375e-05,9.49609375e-05,7677.918012675,,,,,,,,,,,,,,,,,,,,,
1770648393.528464,10469,5717,9.49609375e-05,9.49609375e-05,7678.083825125,,,,,,,,,,,,,,,,,,,,,
1770648393.6930897,10469,5718,9.49609375e-05,9.49609375e-05,7678.248817743,,,,,,,,,,,,,,,,,,,,,
1770648393.8569732,10469,5719,9.49609375e-05,9.49609375e-05,7678.412820262,,,,,,,,,,,,,,,,,,,,,
1770648394.0040457,10469,5720,,,7678.557976648,0.0012899084249511361,243.0,0.022125650197267532,0.0012899084249511361,0.0012899133143946528,0.9945353269577026,,,,,,,,,,,,,,,
1770648399.937416,10479,5721,9.457031250000001e-05,9.457031250000001e-05,7684.491299094,,,,,,,,,,,,,,,,,,,,,
1770648400.1018412,10479,5722,9.457031250000001e-05,9.457031250000001e-05,7684.655634223,,,,,,,,,,,,,,,,,,,,,
1770648400.2665277,10479,5723,9.457031250000001e-05,9.457031250000001e-05,7684.820308702,,,,,,,,,,,,,,,,,,,,,
1770648400.4308124,10479,5724,9.457031250000001e-05,9.457031250000001e-05,7684.984591572,,,,,,,,,,,,,,,,,,,,,
1770648400.5780475,10479,5725,,,7685.131858612,0.0012891878141090274,243.0,0.02245001122355461,0.0012891878141090274,0.0012891731457784772,0.9942930340766907,,,,,,,,,,,,,,,
1770648406.50445,10489,5726,9.41796875e-05,9.41796875e-05,7691.058393031,,,,,,,,,,,,,,,,,,,,,
1770648406.6694314,10489,5727,9.41796875e-05,9.41796875e-05,7691.223281011,,,,,,,,,,,,,,,,,,,,,
1770648406.8338664,10489,5728,9.41796875e-05,9.41796875e-05,7691.38770279,,,,,,,,,,,,,,,,,,,,,
1770648406.9979656,10489,5729,9.41796875e-05,9.41796875e-05,7691.551788713,,,,,,,,,,,,,,,,,,,,,
1770648407.1451285,10489,5730,,,7691.698925026,0.0012388706672936678,243.0,0.021943451836705208,0.0012388706672936678,0.0012388494797050953,0.9947351813316345,,,,,,,,,,,,,,,
1770648410.656442,10491,5731,,,7695.210405146,,243.0,,,,,0.9942541718482971,0.001371875056065619,0.0013718591071665287,0.022249674424529076,0.001371875056065619,,,,,,,,,,
1770648410.6583645,10491,5732,,,7695.212096039,,243.0,,,,,,,,,,0.0013284081360325217,0.0013284081360325217,0.9942273497581482,0.0013372412649914622,0.022345708683133125,,,,,
1770648415.2714863,10499,5733,9.378906250000001e-05,9.378906250000001e-05,7699.826879636,,,,,,,,,,,,,,,,,,,,,
1770648415.4363687,10499,5734,9.378906250000001e-05,9.378906250000001e-05,7699.990906601,,,,,,,,,,,,,,,,,,,,,
1770648415.6011462,10499,5735,9.378906250000001e-05,9.378906250000001e-05,7700.154905503,,,,,,,,,,,,,,,,,,,,,
1770648415.765673,10499,5736,9.378906250000001e-05,9.378906250000001e-05,7700.320896422,,,,,,,,,,,,,,,,,,,,,
1770648415.9125268,10499,5737,,,7700.466413759,0.0015218780608847737,244.0,0.023737454786896706,0.0015218780608847737,0.0015218494227156043,0.9930735230445862,,,,,,,,,,,,,,,
1770648421.8432145,10509,5738,9.33984375e-05,9.33984375e-05,7706.398960621,,,,,,,,,,,,,,,,,,,,,
1770648422.009566,10509,5739,9.33984375e-05,9.33984375e-05,7706.564816246,,,,,,,,,,,,,,,,,,,,,
1770648422.1744456,10509,5740,9.33984375e-05,9.33984375e-05,7706.729893871,,,,,,,,,,,,,,,,,,,,,
1770648422.339551,10509,5741,9.33984375e-05,9.33984375e-05,7706.894832907,,,,,,,,,,,,,,,,,,,,,
1770648422.4870157,10509,5742,,,7707.040936496,0.0014286786317825317,244.0,0.02160453610122204,0.0014286786317825317,0.001428672461770475,0.9940035343170166,,,,,,,,,,,,,,,
1770648428.4144235,10519,5743,9.300781249999999e-05,9.300781249999999e-05,7712.968375217,,,,,,,,,,,,,,,,,,,,,
1770648428.5787864,10519,5744,9.300781249999999e-05,9.300781249999999e-05,7713.132631626,,,,,,,,,,,,,,,,,,,,,
1770648428.7432387,10519,5745,9.300781249999999e-05,9.300781249999999e-05,7713.298859491,,,,,,,,,,,,,,,,,,,,,
1770648428.9071696,10519,5746,9.300781249999999e-05,9.300781249999999e-05,7713.461036493,,,,,,,,,,,,,,,,,,,,,
1770648429.0543125,10519,5747,,,7713.608223281,0.0015805651200935245,244.0,0.024078186601400375,0.0015805651200935245,0.0015805468428879976,0.9928870797157288,,,,,,,,,,,,,,,
1770648434.9772773,10529,5748,9.261718750000001e-05,9.261718750000001e-05,7719.531169197,,,,,,,,,,,,,,,,,,,,,
1770648435.1417086,10529,5749,9.261718750000001e-05,9.261718750000001e-05,7719.697817913,,,,,,,,,,,,,,,,,,,,,
1770648435.305894,10529,5750,9.261718750000001e-05,9.261718750000001e-05,7719.861814342,,,,,,,,,,,,,,,,,,,,,
1770648435.470036,10529,5751,9.261718750000001e-05,9.261718750000001e-05,7720.023785935,,,,,,,,,,,,,,,,,,,,,
1770648435.617189,10529,5752,,,7720.171140004,0.0016205246793106198,244.0,0.02352847531437874,0.0016205246793106198,0.0016204945277422667,0.9934845566749573,,,,,,,,,,,,,,,
1770648441.0534806,10534,5753,,,7725.607303017,,244.0,,,,,0.9943617582321167,0.0013371875975281,0.0013371712993830442,0.021906400099396706,0.0013371875975281,,,,,,,,,,
1770648441.0550318,10534,5754,,,7725.608787921,,244.0,,,,,,,,,,0.0013306401669979095,0.0013306401669979095,0.9942725896835327,0.0013283913722261786,0.022280395030975342,,,,,
1770648443.7017384,10539,5755,9.22265625e-05,9.22265625e-05,7728.2569487,,,,,,,,,,,,,,,,,,,,,
1770648443.8674242,10539,5756,9.22265625e-05,9.22265625e-05,7728.421186991,,,,,,,,,,,,,,,,,,,,,
1770648444.0319898,10539,5757,9.22265625e-05,9.22265625e-05,7728.585730492,,,,,,,,,,,,,,,,,,,,,
1770648444.1963515,10539,5758,9.22265625e-05,9.22265625e-05,7728.751846347,,,,,,,,,,,,,,,,,,,,,
1770648444.3435643,10539,5759,,,7728.897337174,0.0012876593973487616,245.0,0.02248450554907322,0.0012876593973487616,0.0012876257533207536,0.9945167303085327,,,,,,,,,,,,,,,
1770648450.2686315,10549,5760,9.183593750000001e-05,9.183593750000001e-05,7734.823895663,,,,,,,,,,,,,,,,,,,,,
1770648450.4329283,10549,5761,9.183593750000001e-05,9.183593750000001e-05,7734.988880928,,,,,,,,,,,,,,,,,,,,,
1770648450.5971615,10549,5762,9.183593750000001e-05,9.183593750000001e-05,7735.152841782,,,,,,,,,,,,,,,,,,,,,
1770648450.761533,10549,5763,9.183593750000001e-05,9.183593750000001e-05,7735.316837839,,,,,,,,,,,,,,,,,,,,,
1770648450.9084406,10549,5764,,,7735.462299763,0.0010918600019067526,245.0,0.021442361176013947,0.0010918600019067526,0.0010918518528342247,0.9955708384513855,,,,,,,,,,,,,,,
1770648456.8340714,10559,5765,9.14453125e-05,9.14453125e-05,7741.389880311,,,,,,,,,,,,,,,,,,,,,
1770648456.9984677,10559,5766,9.14453125e-05,9.14453125e-05,7741.553846993,,,,,,,,,,,,,,,,,,,,,
1770648457.1624868,10559,5767,9.14453125e-05,9.14453125e-05,7741.717837171,,,,,,,,,,,,,,,,,,,,,
1770648457.3266673,10559,5768,9.14453125e-05,9.14453125e-05,7741.88283848,,,,,,,,,,,,,,,,,,,,,
1770648457.473469,10559,5769,,,7742.027278276,0.0012817437527701259,245.0,0.022082490846514702,0.0012817437527701259,0.0012817217502743006,0.9942724108695984,,,,,,,,,,,,,,,
1770648463.3951328,10569,5770,9.10546875e-05,9.10546875e-05,7747.94901014,,,,,,,,,,,,,,,,,,,,,
1770648463.5594566,10569,5771,9.10546875e-05,9.10546875e-05,7748.114862428,,,,,,,,,,,,,,,,,,,,,
1770648463.7237225,10569,5772,9.10546875e-05,9.10546875e-05,7748.27983932,,,,,,,,,,,,,,,,,,,,,
1770648463.8879335,10569,5773,9.10546875e-05,9.10546875e-05,7748.443847344,,,,,,,,,,,,,,,,,,,,,
1770648464.0350673,10569,5774,,,7748.588901584,0.0011522709392011166,245.0,0.022005371749401093,0.0011522709392011166,0.0011522502172738314,0.995308518409729,,,,,,,,,,,,,,,
1770648471.4562724,10577,5775,,,7756.010190518,,245.0,,,,,0.9943025708198547,0.001328940037637949,0.0013289230410009623,0.021610602736473083,0.001328940037637949,,,,,,,,,,
1770648473.0166578,10577,5776,,,7757.570687896,,245.0,,,,,,,,,,0.0013286645989865065,0.0013286645989865065,0.9942625164985657,0.001330623752437532,0.022268135100603104,,,,,
1770648473.706506,10579,5777,9.06640625e-05,9.06640625e-05,7758.2618932,,,,,,,,,,,,,,,,,,,,,
1770648473.8711462,10579,5778,9.06640625e-05,9.06640625e-05,7758.426847718,,,,,,,,,,,,,,,,,,,,,
1770648474.035712,10579,5779,9.06640625e-05,9.06640625e-05,7758.589489077,,,,,,,,,,,,,,,,,,,,,
1770648474.200735,10579,5780,9.06640625e-05,9.06640625e-05,7758.754514151,,,,,,,,,,,,,,,,,,,,,
1770648474.3484967,10579,5781,,,7758.902274229,0.0010546192061156034,246.0,0.020589789375662804,0.0010546192061156034,0.0010545940604060888,0.9953098297119141,,,,,,,,,,,,,,,
1770648480.3198535,10589,5782,9.02734375e-05,9.02734375e-05,7764.87606249,,,,,,,,,,,,,,,,,,,,,
1770648480.487267,10589,5783,9.02734375e-05,9.02734375e-05,7765.042876735,,,,,,,,,,,,,,,,,,,,,
1770648480.65187,10589,5784,9.02734375e-05,9.02734375e-05,7765.205654769,,,,,,,,,,,,,,,,,,,,,
1770648480.8163517,10589,5785,9.02734375e-05,9.02734375e-05,7765.371849982,,,,,,,,,,,,,,,,,,,,,
1770648480.9631956,10589,5786,,,7765.516966024,0.0013529944699257612,246.0,0.02167627401649952,0.0013529944699257612,0.0013529888819903135,0.9946786761283875,,,,,,,,,,,,,,,
1770648486.9101532,10599,5787,8.988281250000001e-05,8.988281250000001e-05,7771.464089275,,,,,,,,,,,,,,,,,,,,,
1770648487.0759928,10599,5788,8.988281250000001e-05,8.988281250000001e-05,7771.631869121,,,,,,,,,,,,,,,,,,,,,
1770648487.2406154,10599,5789,8.988281250000001e-05,8.988281250000001e-05,7771.795849784,,,,,,,,,,,,,,,,,,,,,
1770648487.4050684,10599,5790,8.988281250000001e-05,8.988281250000001e-05,7771.960842709,,,,,,,,,,,,,,,,,,,,,
1770648487.5526679,10599,5791,,,7772.106512764,0.0014153651427477598,246.0,0.022431515157222748,0.0014153651427477598,0.001415345584973693,0.9939498901367188,,,,,,,,,,,,,,,
1770648493.4973512,10609,5792,8.94921875e-05,8.94921875e-05,7778.053038868,,,,,,,,,,,,,,,,,,,,,
1770648493.6636271,10609,5793,8.94921875e-05,8.94921875e-05,7778.217396568,,,,,,,,,,,,,,,,,,,,,
1770648493.8278878,10609,5794,8.94921875e-05,8.94921875e-05,7778.381644732,,,,,,,,,,,,,,,,,,,,,
1770648493.9925888,10609,5795,8.94921875e-05,8.94921875e-05,7778.54634066,,,,,,,,,,,,,,,,,,,,,
1770648494.1399329,10609,5796,,,7778.693765274,0.0012723654508590698,246.0,0.02241750806570053,0.0012723654508590698,0.0012723414693027735,0.9941970705986023,,,,,,,,,,,,,,,
1770648500.08163,10619,5797,8.91015625e-05,8.91015625e-05,7784.635571742,,,,,,,,,,,,,,,,,,,,,
1770648500.246465,10619,5798,8.91015625e-05,8.91015625e-05,7784.801879273,,,,,,,,,,,,,,,,,,,,,
1770648500.4109817,10619,5799,8.91015625e-05,8.91015625e-05,7784.966843174,,,,,,,,,,,,,,,,,,,,,
1770648500.5765796,10619,5800,8.91015625e-05,8.91015625e-05,7785.131835238,,,,,,,,,,,,,,,,,,,,,
1770648500.7244828,10619,5801,,,7785.278303863,0.001371077261865139,246.0,0.022381629794836044,0.001371077261865139,0.001371048972941935,0.9939678311347961,,,,,,,,,,,,,,,
1770648503.5425975,10620,5802,,,7788.096375479,,246.0,,,,,0.9943066239356995,0.0013392430264502764,0.0013392249820753932,0.021819431334733963,0.0013392430264502764,,,,,,,,,,
1770648503.5440693,10620,5803,,,7788.097754413,,246.0,,,,,,,,,,0.001321630785241723,0.001321630785241723,0.9942677617073059,0.001328648068010807,0.02227143570780754,,,,,
1770648508.8214478,10629,5804,8.87109375e-05,8.87109375e-05,7793.375387413,,,,,,,,,,,,,,,,,,,,,
1770648508.9861677,10629,5805,8.87109375e-05,8.87109375e-05,7793.5399967,,,,,,,,,,,,,,,,,,,,,
1770648509.1510947,10629,5806,8.87109375e-05,8.87109375e-05,7793.706843302,,,,,,,,,,,,,,,,,,,,,
1770648509.3154638,10629,5807,8.87109375e-05,8.87109375e-05,7793.870831586,,,,,,,,,,,,,,,,,,,,,
1770648509.463209,10629,5808,,,7794.017037306,0.00157380779273808,247.0,0.023850077763199806,0.00157380779273808,0.0015737841604277492,0.993049681186676,,,,,,,,,,,,,,,
1770648515.393177,10639,5809,8.83203125e-05,8.83203125e-05,7799.948889804,,,,,,,,,,,,,,,,,,,,,
1770648515.5584207,10639,5810,8.83203125e-05,8.83203125e-05,7800.11384404,,,,,,,,,,,,,,,,,,,,,
1770648515.7232487,10639,5811,8.83203125e-05,8.83203125e-05,7800.278848001,,,,,,,,,,,,,,,,,,,,,
1770648515.8879192,10639,5812,8.83203125e-05,8.83203125e-05,7800.44384463,,,,,,,,,,,,,,,,,,,,,
1770648516.036046,10639,5813,,,7800.589886584,0.0010913355508819222,247.0,0.020559847354888916,0.0010913355508819222,0.001091318903490901,0.9954406023025513,,,,,,,,,,,,,,,
1770648521.9690154,10649,5814,8.792968750000001e-05,8.792968750000001e-05,7806.522930516,,,,,,,,,,,,,,,,,,,,,
1770648522.1346028,10649,5815,8.792968750000001e-05,8.792968750000001e-05,7806.689856788,,,,,,,,,,,,,,,,,,,,,
1770648522.2993958,10649,5816,8.792968750000001e-05,8.792968750000001e-05,7806.85484183,,,,,,,,,,,,,,,,,,,,,
1770648522.4635122,10649,5817,8.792968750000001e-05,8.792968750000001e-05,7807.018832146,,,,,,,,,,,,,,,,,,,,,
1770648522.6111171,10649,5818,,,7807.16495443,0.0014343328075483441,247.0,0.023289134725928307,0.0014343328075483441,0.0014343089424073696,0.9940719604492188,,,,,,,,,,,,,,,
1770648528.544465,10659,5819,8.75390625e-05,8.75390625e-05,7813.098395401,,,,,,,,,,,,,,,,,,,,,
1770648528.709964,10659,5820,8.75390625e-05,8.75390625e-05,7813.265866231,,,,,,,,,,,,,,,,,,,,,
1770648528.8748267,10659,5821,8.75390625e-05,8.75390625e-05,7813.430846866,,,,,,,,,,,,,,,,,,,,,
1770648529.0410185,10659,5822,8.75390625e-05,8.75390625e-05,7813.596849548,,,,,,,,,,,,,,,,,,,,,
1770648529.1885252,10659,5823,,,7813.742244999,0.0011483872076496482,247.0,0.02062424086034298,0.0011483872076496482,0.0011483621783554554,0.9950040578842163,,,,,,,,,,,,,,,
1770648533.983578,10663,5824,,,7818.53731314,,247.0,,,,,0.9943451285362244,0.0013300502905622125,0.0013300336431711912,0.021682510152459145,0.0013300502905622125,,,,,,,,,,
1770648533.9850588,10663,5825,,,7818.538731503,,247.0,,,,,,,,,,0.0013212040066719055,0.0013212040066719055,0.9943023324012756,0.0013216128572821617,0.022248338907957077,,,,,
1770648537.290152,10669,5826,8.71484375e-05,8.71484375e-05,7821.844072204,,,,,,,,,,,,,,,,,,,,,
1770648537.454447,10669,5827,8.71484375e-05,8.71484375e-05,7822.00985839,,,,,,,,,,,,,,,,,,,,,
1770648537.6190279,10669,5828,8.71484375e-05,8.71484375e-05,7822.174833647,,,,,,,,,,,,,,,,,,,,,
1770648537.783526,10669,5829,8.71484375e-05,8.71484375e-05,7822.338831153,,,,,,,,,,,,,,,,,,,,,
1770648537.9311347,10669,5830,,,7822.484961108,0.001436072401702404,248.0,0.023622579872608185,0.001436072401702404,0.0014360762434080243,0.9938575625419617,,,,,,,,,,,,,,,
1770648543.8630142,10679,5831,8.67578125e-05,8.67578125e-05,7828.416956997,,,,,,,,,,,,,,,,,,,,,
1770648544.0274594,10679,5832,8.67578125e-05,8.67578125e-05,7828.582859628,,,,,,,,,,,,,,,,,,,,,
1770648544.1917803,10679,5833,8.67578125e-05,8.67578125e-05,7828.747839872,,,,,,,,,,,,,,,,,,,,,
1770648544.3561828,10679,5834,8.67578125e-05,8.67578125e-05,7828.911834234,,,,,,,,,,,,,,,,,,,,,
1770648544.504106,10679,5835,,,7829.057961114,0.001161011285148561,248.0,0.021887406706809998,0.001161011285148561,0.0011609941720962524,0.9953591227531433,,,,,,,,,,,,,,,
1770648550.474229,10689,5836,8.63671875e-05,8.63671875e-05,7835.028187299,,,,,,,,,,,,,,,,,,,,,
1770648550.6380641,10689,5837,8.63671875e-05,8.63671875e-05,7835.194867319,,,,,,,,,,,,,,,,,,,,,
1770648550.8016765,10689,5838,8.63671875e-05,8.63671875e-05,7835.357872643,,,,,,,,,,,,,,,,,,,,,
1770648550.9656186,10689,5839,8.63671875e-05,8.63671875e-05,7835.520824396,,,,,,,,,,,,,,,,,,,,,
1770648551.1131895,10689,5840,,,7835.666966159,0.001227749278768897,248.0,0.021261485293507576,0.001227749278768897,0.0012277559144422412,0.9948180913925171,,,,,,,,,,,,,,,
1770648557.0600324,10699,5841,8.597656250000001e-05,8.597656250000001e-05,7841.615857049,,,,,,,,,,,,,,,,,,,,,
1770648557.2238283,10699,5842,8.597656250000001e-05,8.597656250000001e-05,7841.77982488,,,,,,,,,,,,,,,,,,,,,
1770648557.3878148,10699,5843,8.597656250000001e-05,8.597656250000001e-05,7841.94153133,,,,,,,,,,,,,,,,,,,,,
1770648557.5515294,10699,5844,8.597656250000001e-05,8.597656250000001e-05,7842.106816673,,,,,,,,,,,,,,,,,,,,,
1770648557.6991713,10699,5845,,,7842.252883903,0.0010236083762720227,248.0,0.020437901839613914,0.0010236083762720227,0.0010235989466309547,0.9953925013542175,,,,,,,,,,,,,,,
1770648564.4419315,10706,5846,,,7848.995788821,,248.0,,,,,0.9944124221801758,0.0013345545157790184,0.0013345398474484682,0.021650444716215134,0.0013345545157790184,,,,,,,,,,
1770648564.4434922,10706,5847,,,7848.997175737,,248.0,,,,,,,,,,0.001319057890214026,0.001319057890214026,0.9943026304244995,0.0013211852638050914,0.022182563319802284,,,,,
1770648565.7740579,10709,5848,8.55859375e-05,8.55859375e-05,7850.329819275,,,,,,,,,,,,,,,,,,,,,
1770648565.9381282,10709,5849,8.55859375e-05,8.55859375e-05,7850.493814887,,,,,,,,,,,,,,,,,,,,,
1770648566.1021163,10709,5850,8.55859375e-05,8.55859375e-05,7850.657814486,,,,,,,,,,,,,,,,,,,,,
1770648566.2664618,10709,5851,8.55859375e-05,8.55859375e-05,7850.821815055,,,,,,,,,,,,,,,,,,,,,
1770648566.414245,10709,5852,,,7850.96795207,0.001496912562288344,249.0,0.02364104799926281,0.001496912562288344,0.001496876822784543,0.9935797452926636,,,,,,,,,,,,,,,
1770648572.354231,10719,5853,8.51953125e-05,8.51953125e-05,7856.909832519,,,,,,,,,,,,,,,,,,,,,
1770648572.5179365,10719,5854,8.51953125e-05,8.51953125e-05,7857.073816404,,,,,,,,,,,,,,,,,,,,,
1770648572.6820095,10719,5855,8.51953125e-05,8.51953125e-05,7857.237816473,,,,,,,,,,,,,,,,,,,,,
1770648572.8454528,10719,5856,8.51953125e-05,8.51953125e-05,7857.400815306,,,,,,,,,,,,,,,,,,,,,
1770648572.9925723,10719,5857,,,7857.546311988,0.0015863258158788085,249.0,0.023736776784062386,0.0015863258158788085,0.0015863300068303943,0.9937227368354797,,,,,,,,,,,,,,,
1770648578.906062,10729,5858,8.48046875e-05,8.48046875e-05,7863.461844574,,,,,,,,,,,,,,,,,,,,,
1770648579.088966,10729,5859,8.48046875e-05,8.48046875e-05,7863.642713882,,,,,,,,,,,,,,,,,,,,,
1770648579.2551,10729,5860,8.48046875e-05,8.48046875e-05,7863.808842933,,,,,,,,,,,,,,,,,,,,,
1770648579.4194903,10729,5861,8.48046875e-05,8.48046875e-05,7863.974841697,,,,,,,,,,,,,,,,,,,,,
1770648579.5668721,10729,5862,,,7864.120684409,0.0012389395851641893,249.0,0.022421088069677353,0.0012389395851641893,0.001238937140442431,0.9944990277290344,,,,,,,,,,,,,,,
1770648585.4889388,10739,5863,8.44140625e-05,8.44140625e-05,7870.044887447,,,,,,,,,,,,,,,,,,,,,
1770648585.6531308,10739,5864,8.44140625e-05,8.44140625e-05,7870.208842788,,,,,,,,,,,,,,,,,,,,,
1770648585.817501,10739,5865,8.44140625e-05,8.44140625e-05,7870.372851569,,,,,,,,,,,,,,,,,,,,,
1770648585.9817574,10739,5866,8.44140625e-05,8.44140625e-05,7870.537836429,,,,,,,,,,,,,,,,,,,,,
1770648586.1288884,10739,5867,,,7870.682724705,0.0014108452014625072,249.0,0.022602630779147148,0.0014108452014625072,0.001410842640325427,0.9933318495750427,,,,,,,,,,,,,,,
1770648592.0466552,10749,5868,8.40234375e-05,8.40234375e-05,7876.600573038,,,,,,,,,,,,,,,,,,,,,
1770648592.2111223,10749,5869,8.40234375e-05,8.40234375e-05,7876.766867847,,,,,,,,,,,,,,,,,,,,,
1770648592.3753042,10749,5870,8.40234375e-05,8.40234375e-05,7876.930846764,,,,,,,,,,,,,,,,,,,,,
1770648592.5281937,10749,5871,8.40234375e-05,8.40234375e-05,7877.084827925,,,,,,,,,,,,,,,,,,,,,
1770648592.5874639,10749,5872,,,7877.141216477,0.0017709910171106458,249.0,0.025587772950530052,0.0017709910171106458,0.001770951901562512,0.9922902584075928,,,,,,,,,,,,,,,
1770648594.8431787,10749,5873,,,7879.396957365,,249.0,,,,,0.9942975640296936,0.0014732617419213057,0.0014732438139617443,0.02340656705200672,0.0014732617419213057,,,,,,,,,,
1770648594.8449776,10749,5874,,,7879.398641327,,249.0,,,,,,,,,,0.0013166648568585515,0.0013166648568585515,0.9943125247955322,0.0013190432218834758,0.02214394137263298,,,,,
1770648602.6554425,0,5875,,,7887.20923614,,,,,,,,,,,,,,,,,0.9908719658851624,0.00218361709266901,0.024423273280262947,,
1770648602.7096665,1,5876,,,7887.263481699,,,,,,,,,,,,,,,,,0.9934566617012024,0.001576608163304627,0.022152720019221306,,
1770648602.7626367,2,5877,,,7887.316434805,,,,,,,,,,,,,,,,,0.994663417339325,0.001234073075465858,0.02158030867576599,,
1770648602.8152637,3,5878,,,7887.369057083,,,,,,,,,,,,,,,,,0.9931133389472961,0.0015695674810558558,0.02181400917470455,,
1770648602.8680747,4,5879,,,7887.421890388,,,,,,,,,,,,,,,,,0.9949120879173279,0.0012964847264811397,0.021748976781964302,,
1770648602.920616,5,5880,,,7887.474371715,,,,,,,,,,,,,,,,,0.9949524998664856,0.0012067296775057912,0.021784497424960136,,
1770648602.9731295,6,5881,,,7887.526917327,,,,,,,,,,,,,,,,,0.9949707388877869,0.001308808452449739,0.021312493830919266,,
1770648603.0257177,7,5882,,,7887.57947594,,,,,,,,,,,,,,,,,0.9951785802841187,0.001132878242060542,0.020786654204130173,,
1770648603.0786047,8,5883,,,7887.632392771,,,,,,,,,,,,,,,,,0.9915599822998047,0.0019710417836904526,0.024271229282021523,,
1770648603.1313543,9,5884,,,7887.685117222,,,,,,,,,,,,,,,,,0.9950848817825317,0.001095034065656364,0.020395148545503616,,
1770648603.1842933,10,5885,,,7887.73808471,,,,,,,,,,,,,,,,,0.9930140376091003,0.0016074739396572113,0.023730311542749405,,
1770648603.2369266,11,5886,,,7887.790716682,,,,,,,,,,,,,,,,,0.9951447248458862,0.0012069359654560685,0.021798552945256233,,
1770648603.289603,12,5887,,,7887.843398189,,,,,,,,,,,,,,,,,0.9954718947410583,0.0011438251240178943,0.020608752965927124,,
1770648603.342187,13,5888,,,7887.895941909,,,,,,,,,,,,,,,,,0.9952917098999023,0.0010646420996636152,0.02019033208489418,,
1770648603.3949096,14,5889,,,7887.948703016,,,,,,,,,,,,,,,,,0.9925673604011536,0.001759917475283146,0.024430934339761734,,
1770648603.4475048,15,5890,,,7888.00125584,,,,,,,,,,,,,,,,,0.993351399898529,0.001559500815346837,0.02394712343811989,,
1770648603.5000446,16,5891,,,7888.053848543,,,,,,,,,,,,,,,,,0.9924363493919373,0.0016730938805267215,0.023893380537629128,,
1770648603.552658,17,5892,,,7888.106440786,,,,,,,,,,,,,,,,,0.9962893128395081,0.0009469344513490796,0.019287239760160446,,
1770648603.6056058,18,5893,,,7888.159392209,,,,,,,,,,,,,,,,,0.9939841032028198,0.0013215722283348441,0.02151464857161045,,
1770648603.6582332,19,5894,,,7888.21202329,,,,,,,,,,,,,,,,,0.9947646856307983,0.0012224200181663036,0.020987942814826965,,
1770648603.7107913,20,5895,,,7888.264580751,,,,,,,,,,,,,,,,,0.9957444071769714,0.0010130362352356315,0.019997937604784966,,
1770648603.764177,21,5896,,,7888.317979377,,,,,,,,,,,,,,,,,0.9958887696266174,0.001030278392136097,0.01992868445813656,,
1770648603.8167233,22,5897,,,7888.370521013,,,,,,,,,,,,,,,,,0.9947768449783325,0.001235029543749988,0.022474905475974083,,
1770648603.8693883,23,5898,,,7888.423178444,,,,,,,,,,,,,,,,,0.9955781698226929,0.0009824978187680244,0.019435130059719086,,
1770648603.9219477,24,5899,,,7888.475734693,,,,,,,,,,,,,,,,,0.9925092458724976,0.0017232074169442058,0.022073915228247643,,
1770648603.9744916,25,5900,,,7888.528277742,,,,,,,,,,,,,,,,,0.9945617914199829,0.001309112529270351,0.02091677486896515,,
1770648604.0271466,26,5901,,,7888.580925588,,,,,,,,,,,,,,,,,0.9945797920227051,0.0013722440926358104,0.021703392267227173,,
1770648604.0799248,27,5902,,,7888.633715609,,,,,,,,,,,,,,,,,0.9901410937309265,0.0023885518312454224,0.02603847160935402,,
1770648604.132878,28,5903,,,7888.68663909,,,,,,,,,,,,,,,,,0.9966089725494385,0.0008821392548270524,0.01899602636694908,,
1770648604.1856608,29,5904,,,7888.739449891,,,,,,,,,,,,,,,,,0.9956584572792053,0.001061850693076849,0.020202212035655975,,
1770648604.238447,30,5905,,,7888.792207242,,,,,,,,,,,,,,,,,0.9946001768112183,0.001236002310179174,0.02131180837750435,,
1770648604.2911594,31,5906,,,7888.844957222,,,,,,,,,,,,,,,,,0.9901832938194275,0.002262759953737259,0.023332946002483368,,
1770648604.3437564,32,5907,,,7888.897502625,,,,,,,,,,,,,,,,,0.9947828054428101,0.0011606384068727493,0.020162086933851242,,
1770648604.3965428,33,5908,,,7888.95033604,,,,,,,,,,,,,,,,,0.995036244392395,0.0011651626555249095,0.02036461979150772,,
1770648604.449307,34,5909,,,7889.00305244,,,,,,,,,,,,,,,,,0.9947351217269897,0.0012977775186300278,0.02178824134171009,,
1770648604.502282,35,5910,,,7889.056083052,,,,,,,,,,,,,,,,,0.9952873587608337,0.0011285145301371813,0.020429443567991257,,
1770648604.555237,36,5911,,,7889.109027705,,,,,,,,,,,,,,,,,0.9925946593284607,0.0017411932349205017,0.02352120913565159,,
1770648604.6080143,37,5912,,,7889.161818136,,,,,,,,,,,,,,,,,0.9959943890571594,0.0009946908103302121,0.019441498443484306,,
1770648604.6606343,38,5913,,,7889.214421946,,,,,,,,,,,,,,,,,0.9930889010429382,0.001467064954340458,0.023283667862415314,,
1770648604.7137198,39,5914,,,7889.267522864,,,,,,,,,,,,,,,,,0.9954103827476501,0.0011053245980292559,0.02030770853161812,,
1770648604.7664294,40,5915,,,7889.320221437,,,,,,,,,,,,,,,,,0.9945600032806396,0.0012085750931873918,0.02085263654589653,,
1770648604.819213,41,5916,,,7889.373010125,,,,,,,,,,,,,,,,,0.9945384860038757,0.0013135616900399327,0.022063475102186203,,
1770648604.8719149,42,5917,,,7889.425697521,,,,,,,,,,,,,,,,,0.9944251775741577,0.0013597275828942657,0.020686106756329536,,
1770648604.9248233,43,5918,,,7889.478632159,,,,,,,,,,,,,,,,,0.9931907057762146,0.0014770205598324537,0.02330532670021057,,
1770648604.9775932,44,5919,,,7889.531387187,,,,,,,,,,,,,,,,,0.9948127865791321,0.0011115027591586113,0.02010994963347912,,
1770648605.0306382,45,5920,,,7889.584433352,,,,,,,,,,,,,,,,,0.9954415559768677,0.0011802874505519867,0.020412618294358253,,
1770648605.0833783,46,5921,,,7889.637173007,,,,,,,,,,,,,,,,,0.9959818720817566,0.001001928118057549,0.0203836839646101,,
1770648605.1362092,47,5922,,,7889.689997098,,,,,,,,,,,,,,,,,0.994920015335083,0.0011578996200114489,0.021082501858472824,,
1770648605.1892366,48,5923,,,7889.743028542,,,,,,,,,,,,,,,,,0.9946365356445312,0.0012107874499633908,0.02085588313639164,,
1770648605.2423575,49,5924,,,7889.796098994,,,,,,,,,,,,,,,,,0.9942546486854553,0.0012680597137659788,0.022232217714190483,,
1770648605.2956874,50,5925,,,7889.849479442,,,,,,,,,,,,,,,,,0.9944093227386475,0.0013255670201033354,0.021948786452412605,,
1770648605.3490884,51,5926,,,7889.902819109,,,,,,,,,,,,,,,,,0.9943030476570129,0.0012414464727044106,0.020683960989117622,,
1770648605.4022193,52,5927,,,7889.956014479,,,,,,,,,,,,,,,,,0.9944148659706116,0.0011751129059121013,0.02099025435745716,,
1770648605.455436,53,5928,,,7890.009201386,,,,,,,,,,,,,,,,,0.9954958558082581,0.001032533822581172,0.02016432210803032,,
1770648605.510982,54,5929,,,7890.064804396,,,,,,,,,,,,,,,,,0.9942380785942078,0.0014474221970885992,0.02230190299451351,,
1770648605.5646377,55,5930,,,7890.118446849,,,,,,,,,,,,,,,,,0.995017409324646,0.001121883629821241,0.020498601719737053,,
1770648605.6180027,56,5931,,,7890.171830812,,,,,,,,,,,,,,,,,0.9951293468475342,0.0012400608975440264,0.021080253645777702,,
1770648605.6711712,57,5932,,,7890.224973723,,,,,,,,,,,,,,,,,0.9951613545417786,0.0012428248301148415,0.02105158008635044,,
1770648605.7243495,58,5933,,,7890.278146239,,,,,,,,,,,,,,,,,0.995403528213501,0.0011009536683559418,0.020884618163108826,,
1770648605.7773376,59,5934,,,7890.331131803,,,,,,,,,,,,,,,,,0.994009256362915,0.0013572904281318188,0.022836435586214066,,
1770648605.8303368,60,5935,,,7890.384126551,,,,,,,,,,,,,,,,,0.9946807622909546,0.0012780192773789167,0.021070461720228195,,
1770648605.8834727,61,5936,,,7890.437262382,,,,,,,,,,,,,,,,,0.9938847422599792,0.0013762476155534387,0.022806202992796898,,
1770648605.936404,62,5937,,,7890.490208026,,,,,,,,,,,,,,,,,0.9953426122665405,0.0010217818198725581,0.020507309585809708,,
1770648605.9893575,63,5938,,,7890.54316023,,,,,,,,,,,,,,,,,0.9910739064216614,0.001962551148608327,0.02496800199151039,,
1770648606.0424097,64,5939,,,7890.596180577,,,,,,,,,,,,,,,,,0.9944332242012024,0.0012219372438266873,0.02056879550218582,,
1770648606.0954616,65,5940,,,7890.649255035,,,,,,,,,,,,,,,,,0.9941674470901489,0.001317570568062365,0.02190558612346649,,
1770648606.1486702,66,5941,,,7890.70238758,,,,,,,,,,,,,,,,,0.9946297407150269,0.0012183934450149536,0.02153252810239792,,
1770648606.2016544,67,5942,,,7890.755443721,,,,,,,,,,,,,,,,,0.9928936958312988,0.0015939262229949236,0.02275855280458927,,
1770648606.2548242,68,5943,,,7890.808540843,,,,,,,,,,,,,,,,,0.9939368367195129,0.001360888360068202,0.021533137187361717,,
1770648606.3077338,69,5944,,,7890.86153467,,,,,,,,,,,,,,,,,0.9949687123298645,0.0012328645680099726,0.021388594061136246,,
1770648606.3605747,70,5945,,,7890.914356408,,,,,,,,,,,,,,,,,0.990090012550354,0.002188777783885598,0.02406252548098564,,
1770648606.413403,71,5946,,,7890.967191466,,,,,,,,,,,,,,,,,0.9945604205131531,0.0013296926626935601,0.021567657589912415,,
1770648606.46629,72,5947,,,7891.020078202,,,,,,,,,,,,,,,,,0.9949342608451843,0.001228567329235375,0.020952753722667694,,
1770648606.519246,73,5948,,,7891.07303333,,,,,,,,,,,,,,,,,0.9957798719406128,0.001078827423043549,0.0202071163803339,,
1770648606.5723605,74,5949,,,7891.126136181,,,,,,,,,,,,,,,,,0.9937726855278015,0.0013807754730805755,0.022256510332226753,,
1770648606.625297,75,5950,,,7891.179089487,,,,,,,,,,,,,,,,,0.9927189350128174,0.0017280523898079991,0.023475661873817444,,
1770648606.6782126,76,5951,,,7891.232000429,,,,,,,,,,,,,,,,,0.9944874048233032,0.0013512001605704427,0.021071970462799072,,
1770648606.7313364,77,5952,,,7891.285140876,,,,,,,,,,,,,,,,,0.9953882694244385,0.001192458439618349,0.021138567477464676,,
1770648606.7846005,78,5953,,,7891.338383587,,,,,,,,,,,,,,,,,0.9940551519393921,0.0012997945304960012,0.021436190232634544,,
1770648606.8379033,79,5954,,,7891.39169424,,,,,,,,,,,,,,,,,0.9948429465293884,0.0012271804735064507,0.020310742780566216,,
1770648606.8909488,80,5955,,,7891.444734237,,,,,,,,,,,,,,,,,0.995114803314209,0.0011670849053189158,0.021055206656455994,,
1770648606.9439578,81,5956,,,7891.497745169,,,,,,,,,,,,,,,,,0.9942173957824707,0.0014075166545808315,0.02327592298388481,,
1770648606.997042,82,5957,,,7891.550840609,,,,,,,,,,,,,,,,,0.9953963756561279,0.0010017086751759052,0.019892580807209015,,
1770648607.050033,83,5958,,,7891.603812943,,,,,,,,,,,,,,,,,0.9943112730979919,0.0012612391728907824,0.021427452564239502,,
1770648607.1030087,84,5959,,,7891.656791096,,,,,,,,,,,,,,,,,0.9950400590896606,0.0011409037979319692,0.02075628750026226,,
1770648607.1563873,85,5960,,,7891.710105856,,,,,,,,,,,,,,,,,0.9947985410690308,0.001215229625813663,0.021479608491063118,,
1770648607.2095263,86,5961,,,7891.763313073,,,,,,,,,,,,,,,,,0.994389533996582,0.0013019657926633954,0.02200436405837536,,
1770648607.2624812,87,5962,,,7891.816237155,,,,,,,,,,,,,,,,,0.9948619604110718,0.0011272247647866607,0.02110162563621998,,
1770648607.315655,88,5963,,,7891.869436201,,,,,,,,,,,,,,,,,0.9946821928024292,0.0012959776213392615,0.021204177290201187,,
1770648607.3686779,89,5964,,,7891.922462787,,,,,,,,,,,,,,,,,0.9949657917022705,0.0010838988237082958,0.020673491060733795,,
1770648607.4216993,90,5965,,,7891.975484846,,,,,,,,,,,,,,,,,0.9956181049346924,0.0010959514183923602,0.01983669027686119,,
1770648607.474553,91,5966,,,7892.028336289,,,,,,,,,,,,,,,,,0.9956926703453064,0.0010401684558019042,0.019664563238620758,,
1770648607.5275614,92,5967,,,7892.081345549,,,,,,,,,,,,,,,,,0.9958048462867737,0.0010870768455788493,0.020309746265411377,,
1770648607.5806828,93,5968,,,7892.134430492,,,,,,,,,,,,,,,,,0.9954203963279724,0.001163821667432785,0.0210377499461174,,
1770648607.6339295,94,5969,,,7892.18769083,,,,,,,,,,,,,,,,,0.9923050999641418,0.0017351106507703662,0.02319667860865593,,
1770648607.6873004,95,5970,,,7892.241070137,,,,,,,,,,,,,,,,,0.9948252439498901,0.0012533735716715455,0.02130548469722271,,
1770648607.7403705,96,5971,,,7892.294145215,,,,,,,,,,,,,,,,,0.9948520064353943,0.0011789738200604916,0.020357485860586166,,
1770648607.7935421,97,5972,,,7892.347334266,,,,,,,,,,,,,,,,,0.9954970479011536,0.0011267481604591012,0.020734665915369987,,
1770648607.8470886,98,5973,,,7892.400889617,,,,,,,,,,,,,,,,,0.9952977299690247,0.0010536100016906857,0.020968567579984665,,
1770648607.9002757,99,5974,,,7892.454069344,,,,,,,,,,,,,,,,,0.9951670169830322,0.0012427144683897495,0.021104641258716583,,
1770648607.9533384,100,5975,,,7892.507109931,,,,,,,,,,,,,,,,,0.9945647120475769,0.0012529607629403472,0.02189682424068451,,
1770648608.0062108,101,5976,,,7892.56001273,,,,,,,,,,,,,,,,,0.994866132736206,0.0011728153331205249,0.020484058186411858,,
1770648608.0590785,102,5977,,,7892.612818895,,,,,,,,,,,,,,,,,0.9954135417938232,0.001090095262043178,0.02034818008542061,,
1770648608.1121533,103,5978,,,7892.665952071,,,,,,,,,,,,,,,,,0.9941734075546265,0.0014404390240088105,0.022761143743991852,,
1770648608.1656148,104,5979,,,7892.719381213,,,,,,,,,,,,,,,,,0.9945899844169617,0.0011704096104949713,0.020946679636836052,,
1770648608.2186837,105,5980,,,7892.772491845,,,,,,,,,,,,,,,,,0.9938515424728394,0.001399946748279035,0.022879494354128838,,
1770648608.2717028,106,5981,,,7892.825485372,,,,,,,,,,,,,,,,,0.9932267665863037,0.0015805932926014066,0.023542307317256927,,
1770648608.324695,107,5982,,,7892.878485588,,,,,,,,,,,,,,,,,0.9948501586914062,0.0012263944372534752,0.021478859707713127,,
1770648608.37763,108,5983,,,7892.93141658,,,,,,,,,,,,,,,,,0.9924294948577881,0.0017045289278030396,0.022634165361523628,,
1770648608.4307957,109,5984,,,7892.984580312,,,,,,,,,,,,,,,,,0.9955897927284241,0.0011129273334518075,0.02015741728246212,,
1770648608.4841273,110,5985,,,7893.037916664,,,,,,,,,,,,,,,,,0.994414210319519,0.0012416468234732747,0.021294547244906425,,
1770648608.537228,111,5986,,,7893.091014968,,,,,,,,,,,,,,,,,0.9946005344390869,0.001356893335469067,0.02149048261344433,,
1770648608.590167,112,5987,,,7893.14395905,,,,,,,,,,,,,,,,,0.9953932166099548,0.0011273727286607027,0.020708471536636353,,
1770648608.6433587,113,5988,,,7893.19715409,,,,,,,,,,,,,,,,,0.9947113394737244,0.0011816470650956035,0.02011209726333618,,
1770648608.6962788,114,5989,,,7893.250060385,,,,,,,,,,,,,,,,,0.9937519431114197,0.0013232941273599863,0.021112315356731415,,
1770648608.7500122,115,5990,,,7893.303822066,,,,,,,,,,,,,,,,,0.9930111765861511,0.0016150466399267316,0.02325880341231823,,
1770648608.8028944,116,5991,,,7893.356682763,,,,,,,,,,,,,,,,,0.995578408241272,0.0011265858775004745,0.02001585252583027,,
1770648608.8558743,117,5992,,,7893.409662659,,,,,,,,,,,,,,,,,0.9812367558479309,0.004332412499934435,0.03085087612271309,,
1770648608.9089096,118,5993,,,7893.462694052,,,,,,,,,,,,,,,,,0.9950645565986633,0.0011787876719608903,0.021490655839443207,,
1770648608.9618409,119,5994,,,7893.515578434,,,,,,,,,,,,,,,,,0.9938730001449585,0.0013481323840096593,0.022087691351771355,,
1770648609.0146682,120,5995,,,7893.568454414,,,,,,,,,,,,,,,,,0.9944292902946472,0.001306049874983728,0.02199719287455082,,
1770648609.067995,121,5996,,,7893.621708341,,,,,,,,,,,,,,,,,0.9952390193939209,0.0011302095372229815,0.019418150186538696,,
1770648609.1222477,122,5997,,,7893.675907471,,,,,,,,,,,,,,,,,0.9940032362937927,0.001328600337728858,0.021905623376369476,,
1770648609.1751559,123,5998,,,7893.728903982,,,,,,,,,,,,,,,,,0.9934216737747192,0.001444401452317834,0.022231226786971092,,
1770648609.2281516,124,5999,,,7893.781940332,,,,,,,,,,,,,,,,,0.9942042231559753,0.0013332539238035679,0.021084684878587723,,
1770648609.2811134,125,6000,,,7893.834946227,,,,,,,,,,,,,,,,,0.9932368993759155,0.001531338901259005,0.022891582921147346,,
1770648609.3341963,126,6001,,,7893.88798378,,,,,,,,,,,,,,,,,0.9931747913360596,0.0016797505086287856,0.021739816293120384,,
1770648609.3875418,127,6002,,,7893.941327733,,,,,,,,,,,,,,,,,0.9959976077079773,0.0009077354334294796,0.018643435090780258,,
1770648609.4405143,128,6003,,,7893.994298665,,,,,,,,,,,,,,,,,0.9952990412712097,0.00112772430293262,0.019887041300535202,,
1770648609.4934628,129,6004,,,7894.047245301,,,,,,,,,,,,,,,,,0.9945409297943115,0.001248398213647306,0.021435551345348358,,
1770648609.5464008,130,6005,,,7894.100186779,,,,,,,,,,,,,,,,,0.9923686385154724,0.0015816634986549616,0.02286018244922161,,
1770648609.5994961,131,6006,,,7894.153264412,,,,,,,,,,,,,,,,,0.995694637298584,0.001071949489414692,0.020365428179502487,,
1770648609.6529744,132,6007,,,7894.206765251,,,,,,,,,,,,,,,,,0.9946792721748352,0.0013842058833688498,0.022144509479403496,,
1770648609.7066085,133,6008,,,7894.260422435,,,,,,,,,,,,,,,,,0.9940773248672485,0.0013773468090221286,0.02159816399216652,,
1770648609.7600203,134,6009,,,7894.313848703,,,,,,,,,,,,,,,,,0.9941903948783875,0.0013159787049517035,0.02173830382525921,,
1770648609.813333,135,6010,,,7894.367140237,,,,,,,,,,,,,,,,,0.9936317205429077,0.0013759711291640997,0.02194620482623577,,
1770648609.8665504,136,6011,,,7894.420339733,,,,,,,,,,,,,,,,,0.9941147565841675,0.0014091995544731617,0.022941021248698235,,
1770648609.9197404,137,6012,,,7894.4735328,,,,,,,,,,,,,,,,,0.9936224222183228,0.0013780248118564487,0.022351954132318497,,
1770648609.973336,138,6013,,,7894.527102723,,,,,,,,,,,,,,,,,0.9958362579345703,0.0011154901003465056,0.01973314955830574,,
1770648610.0264578,139,6014,,,7894.580245173,,,,,,,,,,,,,,,,,0.9939594864845276,0.0015071018133312464,0.023226676508784294,,
1770648610.0793505,140,6015,,,7894.633107552,,,,,,,,,,,,,,,,,0.9932625889778137,0.0015021796571090817,0.022721359506249428,,
1770648610.1321886,141,6016,,,7894.68598281,,,,,,,,,,,,,,,,,0.9949609041213989,0.0012219678610563278,0.020870663225650787,,
1770648610.1851625,142,6017,,,7894.738922726,,,,,,,,,,,,,,,,,0.9956015348434448,0.001000062795355916,0.019716482609510422,,
1770648610.2381465,143,6018,,,7894.791930814,,,,,,,,,,,,,,,,,0.9911399483680725,0.0020500298123806715,0.023980634286999702,,
1770648610.2913065,144,6019,,,7894.845086955,,,,,,,,,,,,,,,,,0.9954398274421692,0.001181412604637444,0.020596081390976906,,
1770648610.3478613,145,6020,,,7894.901625282,,,,,,,,,,,,,,,,,0.997022807598114,0.0008705739164724946,0.019546011462807655,,
1770648610.348667,10750,6021,,,7894.902304584,,250.0,,,,,,,,,,,,,,,,,,0.0013323489110916853,0.0013323489110916853
