epoch,validation/loss,validation/cpg_sites_accuracy,train/cpg_sites_cross_entropy_loss_epoch,train/cpg_sites_perplexity_step,lr-AdamW/pg2,train/cpg_sites_accuracy_epoch,_timestamp,validation/cpg_sites_perplexity,_runtime,validation/cpg_sites_cross_entropy_loss,_step,train/cpg_sites_cross_entropy_loss_step,train/cpg_sites_perplexity_epoch,train/cpg_sites_accuracy_step,lr-AdamW/pg1,trainer/global_step,train/loss_epoch,train/loss_step
,,,,,2.25e-07,,1769776728.6957557,,37.949300678,,0,,,,2.25e-07,9,,
,,,,,2.25e-07,,1769776729.5564854,,38.809916565,,1,,,,2.25e-07,9,,
,,,,,2.25e-07,,1769776730.4178433,,39.671288288,,2,,,,2.25e-07,9,,
,,,,,2.25e-07,,1769776731.2792754,,40.532633221,,3,,,,2.25e-07,9,,
0.0,,,,8878.1015625,,,1769776732.1415956,,41.395136104,,4,9.09134292602539,,0.00019613996846601367,,9,,9.09134292602539
,,,,,4.75e-07,,1769776763.1338058,,72.387295922,,5,,,,4.75e-07,19,,
,,,,,4.75e-07,,1769776763.9952543,,73.248645662,,6,,,,4.75e-07,19,,
,,,,,4.75e-07,,1769776764.8568032,,74.110266069,,7,,,,4.75e-07,19,,
,,,,,4.75e-07,,1769776765.7183192,,74.971691142,,8,,,,4.75e-07,19,,
0.0,,,,8869.671875,,,1769776766.5808961,,75.834371222,,9,9.09039306640625,,0.00015574504504911602,,19,,9.09039306640625
,,,,,7.25e-07,,1769776797.5857818,,106.839287994,,10,,,,7.25e-07,29,,
,,,,,7.25e-07,,1769776798.4470444,,107.700394719,,11,,,,7.25e-07,29,,
,,,,,7.25e-07,,1769776799.3086743,,108.562121116,,12,,,,7.25e-07,29,,
,,,,,7.25e-07,,1769776800.1703098,,109.423660051,,13,,,,7.25e-07,29,,
0.0,,,,8889.7421875,,,1769776801.0323453,,110.285803464,,14,9.092653274536133,,0.00023544183932244778,,29,,9.092653274536133
,,,,,9.75e-07,,1769776832.0385041,,141.291983202,,15,,,,9.75e-07,39,,
,,,,,9.75e-07,,1769776832.899449,,142.152798429,,16,,,,9.75e-07,39,,
,,,,,9.75e-07,,1769776833.761239,,143.014669183,,17,,,,9.75e-07,39,,
,,,,,9.75e-07,,1769776834.6229901,,143.876372845,,18,,,,9.75e-07,39,,
0.0,,,,8827.5458984375,,,1769776835.4851627,,144.73864337,,19,9.08563232421875,,0.00011733875726349652,,39,,9.08563232421875
,,,,,1.2250000000000001e-06,,1769776866.493502,,175.746958991,,20,,,,1.2250000000000001e-06,49,,
,,,,,1.2250000000000001e-06,,1769776867.3545647,,176.607975321,,21,,,,1.2250000000000001e-06,49,,
,,,,,1.2250000000000001e-06,,1769776868.2164173,,177.469859364,,22,,,,1.2250000000000001e-06,49,,
,,,,,1.2250000000000001e-06,,1769776869.0780826,,178.331439512,,23,,,,1.2250000000000001e-06,49,,
0.0,,,,8780.2509765625,,,1769776869.9405766,,179.19401235,,24,9.080260276794434,,0.00011710516264429316,,49,,9.080260276794434
,,,,,1.475e-06,,1769776900.956471,,210.209951836,,25,,,,1.475e-06,59,,
,,,,,1.475e-06,,1769776901.8178992,,211.071208116,,26,,,,1.475e-06,59,,
,,,,,1.475e-06,,1769776902.67992,,211.933364289,,27,,,,1.475e-06,59,,
,,,,,1.475e-06,,1769776903.541595,,212.79495369,,28,,,,1.475e-06,59,,
0.0,,,,8795.5634765625,,,1769776904.4046504,,213.658092048,,29,9.082002639770508,,0.00019544229144230485,,59,,9.082002639770508
,,,,,1.7250000000000002e-06,,1769776935.4208279,,244.674347587,,30,,,,1.7250000000000002e-06,69,,
,,,,,1.7250000000000002e-06,,1769776936.2821674,,245.535480853,,31,,,,1.7250000000000002e-06,69,,
,,,,,1.7250000000000002e-06,,1769776937.1439357,,246.397373329,,32,,,,1.7250000000000002e-06,69,,
,,,,,1.7250000000000002e-06,,1769776938.0060568,,247.259415971,,33,,,,1.7250000000000002e-06,69,,
0.0,,,,8715.919921875,,,1769776938.8689566,,248.12244829,,34,9.072906494140625,,0.00015834685473237187,,69,,9.072906494140625
,,,,,1.975e-06,,1769776969.878402,,279.131862978,,35,,,,1.975e-06,79,,
,,,,,1.975e-06,,1769776970.7395208,,279.992909934,,36,,,,1.975e-06,79,,
,,,,,1.975e-06,,1769776971.6011162,,280.854487537,,37,,,,1.975e-06,79,,
,,,,,1.975e-06,,1769776972.4630907,,281.716449337,,38,,,,1.975e-06,79,,
0.0,,,,8749.9990234375,,,1769776973.3261364,,282.57957743,,39,9.07680892944336,,0.0001164641507784836,,79,,9.07680892944336
0.0,9.068204879760742,0.00013729378406424075,,,,,1769777014.4362004,8675.0625,323.689489675,9.068204879760742,40,,,,,85,,
0.0,,,9.082551002502441,,,,1769777018.1686325,,327.422052548,,41,,8800.53125,,,85,9.082551002502441,
,,,,,2.225e-06,,1769777029.5443578,,338.797837139,,42,,,,2.225e-06,89,,
,,,,,2.225e-06,,1769777030.406739,,339.660134029,,43,,,,2.225e-06,89,,
,,,,,2.225e-06,,1769777031.268733,,340.522080002,,44,,,,2.225e-06,89,,
,,,,,2.225e-06,,1769777032.1306753,,341.384032806,,45,,,,2.225e-06,89,,
1.0,,,,8725.517578125,,,1769777032.993284,,342.246679492,,46,9.074007034301758,,7.811584509909153e-05,,89,,9.074007034301758
,,,,,2.4750000000000004e-06,,1769777064.0129976,,373.266409864,,47,,,,2.4750000000000004e-06,99,,
,,,,,2.4750000000000004e-06,,1769777064.8751414,,374.128599974,,48,,,,2.4750000000000004e-06,99,,
,,,,,2.4750000000000004e-06,,1769777065.7366245,,374.989977903,,49,,,,2.4750000000000004e-06,99,,
,,,,,2.4750000000000004e-06,,1769777066.5983474,,375.851742684,,50,,,,2.4750000000000004e-06,99,,
1.0,,,,8672.8291015625,,,1769777067.4616525,,376.715162261,,51,9.067950248718262,,7.837604789528996e-05,,99,,9.067950248718262
,,,,,2.725e-06,,1769777098.481153,,407.734575702,,52,,,,2.725e-06,109,,
,,,,,2.725e-06,,1769777099.343366,,408.596806993,,53,,,,2.725e-06,109,,
,,,,,2.725e-06,,1769777100.2047782,,409.458105272,,54,,,,2.725e-06,109,,
,,,,,2.725e-06,,1769777101.0654578,,410.318837311,,55,,,,2.725e-06,109,,
1.0,,,,8632.08203125,,,1769777101.9280572,,411.18152596,,56,9.063241004943848,,0.0,,109,,9.063241004943848
,,,,,2.975e-06,,1769777132.9477901,,442.201200105,,57,,,,2.975e-06,119,,
,,,,,2.975e-06,,1769777133.809754,,443.063213217,,58,,,,2.975e-06,119,,
,,,,,2.975e-06,,1769777134.6717224,,443.925142364,,59,,,,2.975e-06,119,,
,,,,,2.975e-06,,1769777135.5334299,,444.786800604,,60,,,,2.975e-06,119,,
1.0,,,,8619.306640625,,,1769777136.3968503,,445.650263605,,61,9.061759948730469,,3.9131286030169576e-05,,119,,9.061759948730469
,,,,,3.225e-06,,1769777167.410601,,476.663988231,,62,,,,3.225e-06,129,,
,,,,,3.225e-06,,1769777168.2722325,,477.525597346,,63,,,,3.225e-06,129,,
,,,,,3.225e-06,,1769777169.1339426,,478.387410357,,64,,,,3.225e-06,129,,
,,,,,3.225e-06,,1769777169.995661,,479.249013834,,65,,,,3.225e-06,129,,
1.0,,,,8553.5361328125,,,1769777170.8592038,,480.112670266,,66,9.054100036621094,,0.00011686338984873146,,129,,9.054100036621094
,,,,,3.4750000000000006e-06,,1769777201.8749394,,511.128348382,,67,,,,3.4750000000000006e-06,139,,
,,,,,3.4750000000000006e-06,,1769777202.7373075,,511.990771269,,68,,,,3.4750000000000006e-06,139,,
,,,,,3.4750000000000006e-06,,1769777203.5993505,,512.852693784,,69,,,,3.4750000000000006e-06,139,,
,,,,,3.4750000000000006e-06,,1769777204.461476,,513.714832395,,70,,,,3.4750000000000006e-06,139,,
1.0,,,,8550.787109375,,,1769777205.3246222,,514.57802565,,71,9.053778648376465,,0.0001958403445314616,,139,,9.053778648376465
,,,,,3.725e-06,,1769777236.3493462,,545.602741197,,72,,,,3.725e-06,149,,
,,,,,3.725e-06,,1769777237.2119925,,546.46540804,,73,,,,3.725e-06,149,,
,,,,,3.725e-06,,1769777238.0740278,,547.327385808,,74,,,,3.725e-06,149,,
,,,,,3.725e-06,,1769777238.935943,,548.189288993,,75,,,,3.725e-06,149,,
1.0,,,,8491.2138671875,,,1769777239.7994785,,549.052944692,,76,9.04678726196289,,7.779679435770959e-05,,149,,9.04678726196289
,,,,,3.975e-06,,1769777270.8165598,,580.069961204,,77,,,,3.975e-06,159,,
,,,,,3.975e-06,,1769777271.6786728,,580.932138901,,78,,,,3.975e-06,159,,
,,,,,3.975e-06,,1769777272.5407143,,581.794061114,,79,,,,3.975e-06,159,,
,,,,,3.975e-06,,1769777273.4025462,,582.655884729,,80,,,,3.975e-06,159,,
1.0,,,,8460.69140625,,,1769777274.266097,,583.519583933,,81,9.04318618774414,,0.00011718749738065526,,159,,9.04318618774414
,,,,,4.225e-06,,1769777305.2815163,,614.534887449,,82,,,,4.225e-06,169,,
,,,,,4.225e-06,,1769777306.143348,,615.396823291,,83,,,,4.225e-06,169,,
,,,,,4.225e-06,,1769777307.0054874,,616.258841308,,84,,,,4.225e-06,169,,
,,,,,4.225e-06,,1769777307.8673255,,617.120636209,,85,,,,4.225e-06,169,,
1.0,,,,8419.0302734375,,,1769777308.7293015,,617.98261058,,86,9.038249969482422,,0.00019454496214166284,,169,,9.038249969482422
1.0,9.033076286315918,0.00019020434410776943,,,,,1769777336.12487,8375.6083984375,645.378008359,9.033076286315918,87,,,,,171,,
1.0,,,9.055538177490234,,,0.0001299382420256734,1769777341.0159323,,650.269239494,,88,,8566.2607421875,,,171,9.055538177490234,
,,,,,4.475e-06,,1769777366.168453,,675.421942671,,89,,,,4.475e-06,179,,
,,,,,4.475e-06,,1769777367.0290995,,676.282364805,,90,,,,4.475e-06,179,,
,,,,,4.475e-06,,1769777367.8905137,,677.14393183,,91,,,,4.475e-06,179,,
,,,,,4.475e-06,,1769777368.7524679,,678.005817383,,92,,,,4.475e-06,179,,
2.0,,,,8392.712890625,,,1769777369.6141632,,678.867496656,,93,9.03511905670166,,0.00011679514136631042,,179,,9.03511905670166
,,,,,4.7250000000000005e-06,,1769777407.3504436,,716.603924813,,94,,,,4.7250000000000005e-06,189,,
,,,,,4.7250000000000005e-06,,1769777408.210708,,717.463949831,,95,,,,4.7250000000000005e-06,189,,
,,,,,4.7250000000000005e-06,,1769777409.071911,,718.325299189,,96,,,,4.7250000000000005e-06,189,,
,,,,,4.7250000000000005e-06,,1769777409.9337041,,719.187106525,,97,,,,4.7250000000000005e-06,189,,
2.0,,,,8328.369140625,,,1769777410.7954032,,720.048643305,,98,9.027422904968262,,0.00023421032528858632,,189,,9.027422904968262
,,,,,4.975000000000001e-06,,1769777441.787255,,751.040689621,,99,,,,4.975000000000001e-06,199,,
,,,,,4.975000000000001e-06,,1769777442.6472886,,751.900528959,,100,,,,4.975000000000001e-06,199,,
,,,,,4.975000000000001e-06,,1769777443.5087473,,752.762128832,,101,,,,4.975000000000001e-06,199,,
,,,,,4.975000000000001e-06,,1769777444.3704555,,753.623829847,,102,,,,4.975000000000001e-06,199,,
2.0,,,,8322.4853515625,,,1769777445.2322814,,754.485547588,,103,9.026716232299805,,3.9054870285326615e-05,,199,,9.026716232299805
,,,,,5.225e-06,,1769777476.2268312,,785.480356769,,104,,,,5.225e-06,209,,
,,,,,5.225e-06,,1769777477.0871627,,786.340429136,,105,,,,5.225e-06,209,,
,,,,,5.225e-06,,1769777477.9483187,,787.201692823,,106,,,,5.225e-06,209,,
,,,,,5.225e-06,,1769777478.8100455,,788.063411683,,107,,,,5.225e-06,209,,
2.0,,,,8297.4501953125,,,1769777479.6717129,,788.924976353,,108,9.023703575134277,,0.00011769783304771408,,209,,9.023703575134277
,,,,,5.475e-06,,1769777510.666189,,819.919617452,,109,,,,5.475e-06,219,,
,,,,,5.475e-06,,1769777511.5267818,,820.779999703,,110,,,,5.475e-06,219,,
,,,,,5.475e-06,,1769777512.3882563,,821.641675648,,111,,,,5.475e-06,219,,
,,,,,5.475e-06,,1769777513.2497976,,822.503191733,,112,,,,5.475e-06,219,,
2.0,,,,8252.9326171875,,,1769777514.11157,,823.364795059,,113,9.01832389831543,,0.0001964559342013672,,219,,9.01832389831543
,,,,,5.725e-06,,1769777545.1076717,,854.361101399,,114,,,,5.725e-06,229,,
,,,,,5.725e-06,,1769777545.9679978,,855.221274264,,115,,,,5.725e-06,229,,
,,,,,5.725e-06,,1769777546.8296142,,856.083073102,,116,,,,5.725e-06,229,,
,,,,,5.725e-06,,1769777547.6915867,,856.94497134,,117,,,,5.725e-06,229,,
2.0,,,,8222.6083984375,,,1769777548.5531504,,857.806431339,,118,9.014642715454102,,0.00019535065803211182,,229,,9.014642715454102
,,,,,5.975e-06,,1769777579.5489748,,888.802422713,,119,,,,5.975e-06,239,,
,,,,,5.975e-06,,1769777580.4097838,,889.663062407,,120,,,,5.975e-06,239,,
,,,,,5.975e-06,,1769777581.271754,,890.525192922,,121,,,,5.975e-06,239,,
,,,,,5.975e-06,,1769777582.1335058,,891.38689286,,122,,,,5.975e-06,239,,
2.0,,,,8158.3544921875,,,1769777582.9953737,,892.248625538,,123,9.006797790527344,,0.00027220408082939684,,239,,9.006797790527344
,,,,,6.2250000000000005e-06,,1769777613.9925685,,923.245968556,,124,,,,6.2250000000000005e-06,249,,
,,,,,6.2250000000000005e-06,,1769777614.853712,,924.106953567,,125,,,,6.2250000000000005e-06,249,,
,,,,,6.2250000000000005e-06,,1769777615.7156353,,924.969012643,,126,,,,6.2250000000000005e-06,249,,
,,,,,6.2250000000000005e-06,,1769777616.5773003,,925.830633321,,127,,,,6.2250000000000005e-06,249,,
2.0,,,,8142.3427734375,,,1769777617.4390948,,926.692353678,,128,9.004833221435547,,0.00023395461903419346,,249,,9.004833221435547
2.0,8.993542671203613,0.000312445976305753,,,,,1769777665.3494277,8050.94384765625,974.602618145,8.993542671203613,129,,,,,257,,
2.0,,,9.019243240356445,,,0.00014555362577084452,1769777668.7482169,,978.001701356,,130,,8261.05078125,,,257,9.019243240356445,
,,,,,6.475000000000001e-06,,1769777673.229304,,982.482801408,,131,,,,6.475000000000001e-06,259,,
,,,,,6.475000000000001e-06,,1769777674.0909588,,983.344332244,,132,,,,6.475000000000001e-06,259,,
,,,,,6.475000000000001e-06,,1769777674.9511552,,984.204370838,,133,,,,6.475000000000001e-06,259,,
,,,,,6.475000000000001e-06,,1769777675.8125331,,985.065929697,,134,,,,6.475000000000001e-06,259,,
3.0,,,,8102.3193359375,,,1769777676.6755364,,985.928934479,,135,8.999905586242676,,0.00019537354819476604,,259,,8.999905586242676
,,,,,6.725000000000001e-06,,1769777707.665529,,1016.918955849,,136,,,,6.725000000000001e-06,269,,
,,,,,6.725000000000001e-06,,1769777708.5260367,,1017.779293631,,137,,,,6.725000000000001e-06,269,,
,,,,,6.725000000000001e-06,,1769777709.3863363,,1018.639512134,,138,,,,6.725000000000001e-06,269,,
,,,,,6.725000000000001e-06,,1769777710.2480614,,1019.501404532,,139,,,,6.725000000000001e-06,269,,
3.0,,,,8063.1298828125,,,1769777711.1109297,,1020.364193598,,140,8.995057106018066,,0.0003518924058880657,,269,,8.995057106018066
,,,,,6.975000000000001e-06,,1769777742.1160576,,1051.369435091,,141,,,,6.975000000000001e-06,279,,
,,,,,6.975000000000001e-06,,1769777742.9778852,,1052.231261548,,142,,,,6.975000000000001e-06,279,,
,,,,,6.975000000000001e-06,,1769777743.8396583,,1053.093036988,,143,,,,6.975000000000001e-06,279,,
,,,,,6.975000000000001e-06,,1769777744.701596,,1053.95498603,,144,,,,6.975000000000001e-06,279,,
3.0,,,,8042.40283203125,,,1769777745.5636108,,1054.816842362,,145,8.992483139038086,,0.00031378702260553837,,279,,8.992483139038086
,,,,,7.2249999999999994e-06,,1769777776.5737264,,1085.827090249,,146,,,,7.2249999999999994e-06,289,,
,,,,,7.2249999999999994e-06,,1769777777.4359357,,1086.689309795,,147,,,,7.2249999999999994e-06,289,,
,,,,,7.2249999999999994e-06,,1769777778.298459,,1087.551838415,,148,,,,7.2249999999999994e-06,289,,
,,,,,7.2249999999999994e-06,,1769777779.1607227,,1088.414112904,,149,,,,7.2249999999999994e-06,289,,
3.0,,,,8001.70263671875,,,1769777780.0225058,,1089.275736234,,150,8.987409591674805,,0.00023362666252069175,,289,,8.987409591674805
,,,,,7.4750000000000004e-06,,1769777811.0328388,,1120.286259405,,151,,,,7.4750000000000004e-06,299,,
,,,,,7.4750000000000004e-06,,1769777811.894364,,1121.14772809,,152,,,,7.4750000000000004e-06,299,,
,,,,,7.4750000000000004e-06,,1769777812.7567918,,1122.010160654,,153,,,,7.4750000000000004e-06,299,,
,,,,,7.4750000000000004e-06,,1769777813.6194,,1122.872802943,,154,,,,7.4750000000000004e-06,299,,
3.0,,,,7939.65234375,,,1769777814.4811013,,1123.7343587,,155,8.97962474822998,,0.00042928504990413785,,299,,8.97962474822998
,,,,,7.725e-06,,1769777845.4951243,,1154.74853143,,156,,,,7.725e-06,309,,
,,,,,7.725e-06,,1769777846.356712,,1155.610072322,,157,,,,7.725e-06,309,,
,,,,,7.725e-06,,1769777847.2189057,,1156.472350752,,158,,,,7.725e-06,309,,
,,,,,7.725e-06,,1769777848.080781,,1157.334196573,,159,,,,7.725e-06,309,,
3.0,,,,7913.24072265625,,,1769777848.9424005,,1158.195631346,,160,8.976292610168457,,0.0005784581881016493,,309,,8.976292610168457
,,,,,7.975e-06,,1769777879.9547517,,1189.208154484,,161,,,,7.975e-06,319,,
,,,,,7.975e-06,,1769777880.8167481,,1190.070096176,,162,,,,7.975e-06,319,,
,,,,,7.975e-06,,1769777881.6789267,,1190.932391389,,163,,,,7.975e-06,319,,
,,,,,7.975e-06,,1769777882.5404408,,1191.793840521,,164,,,,7.975e-06,319,,
3.0,,,,7878.076171875,,,1769777883.4026303,,1192.655835594,,165,8.97183895111084,,0.0004663091676775366,,319,,8.97183895111084
,,,,,8.225e-06,,1769777914.418633,,1223.672016671,,166,,,,8.225e-06,329,,
,,,,,8.225e-06,,1769777915.280884,,1224.534293715,,167,,,,8.225e-06,329,,
,,,,,8.225e-06,,1769777916.1426353,,1225.39596638,,168,,,,8.225e-06,329,,
,,,,,8.225e-06,,1769777917.0050642,,1226.258442193,,169,,,,8.225e-06,329,,
3.0,,,,7832.28173828125,,,1769777917.8670316,,1227.120284965,,170,8.966009140014648,,0.000552137556951493,,329,,8.966009140014648
,,,,,8.475000000000001e-06,,1769777948.8837216,,1258.137168497,,171,,,,8.475000000000001e-06,339,,
,,,,,8.475000000000001e-06,,1769777949.7457268,,1258.999093039,,172,,,,8.475000000000001e-06,339,,
,,,,,8.475000000000001e-06,,1769777950.6077626,,1259.861122899,,173,,,,8.475000000000001e-06,339,,
,,,,,8.475000000000001e-06,,1769777951.470332,,1260.723641344,,174,,,,8.475000000000001e-06,339,,
3.0,,,,7794.369140625,,,1769777952.332344,,1261.585592666,,175,8.961156845092773,,0.0010523033561185002,,339,,8.961156845092773
3.0,8.953139305114746,0.001357429544441402,,,,,1769777986.4387438,7732.140625,1295.692005915,8.953139305114746,176,,,,,343,,
3.0,,,8.980597496032715,,,0.00021303031826391816,1769777989.772313,,1299.025742799,,177,,7947.88623046875,,,343,8.980597496032715,
,,,,,8.725e-06,,1769778008.0385523,,1317.292023627,,178,,,,8.725e-06,349,,
,,,,,8.725e-06,,1769778008.8996243,,1318.153029812,,179,,,,8.725e-06,349,,
,,,,,8.725e-06,,1769778009.7601688,,1319.013397147,,180,,,,8.725e-06,349,,
,,,,,8.725e-06,,1769778010.6215985,,1319.874963915,,181,,,,8.725e-06,349,,
4.0,,,,7743.2109375,,,1769778011.4848993,,1320.738296005,,182,8.954571723937988,,0.0016433211276307702,,349,,8.954571723937988
,,,,,8.975e-06,,1769778042.4741554,,1351.727493706,,183,,,,8.975e-06,359,,
,,,,,8.975e-06,,1769778043.3357008,,1352.589069755,,184,,,,8.975e-06,359,,
,,,,,8.975e-06,,1769778044.197425,,1353.450800957,,185,,,,8.975e-06,359,,
,,,,,8.975e-06,,1769778045.0593076,,1354.312619951,,186,,,,8.975e-06,359,,
4.0,,,,7736.1103515625,,,1769778045.9209406,,1355.174139636,,187,8.953654289245605,,0.0014179927529767156,,359,,8.953654289245605
,,,,,9.225e-06,,1769778076.9257753,,1386.179131952,,188,,,,9.225e-06,369,,
,,,,,9.225e-06,,1769778077.7880726,,1387.041474189,,189,,,,9.225e-06,369,,
,,,,,9.225e-06,,1769778078.6503637,,1387.90379188,,190,,,,9.225e-06,369,,
,,,,,9.225e-06,,1769778079.511848,,1388.765240375,,191,,,,9.225e-06,369,,
4.0,,,,7678.0966796875,,,1769778080.3736799,,1389.626891855,,192,8.946126937866211,,0.0017785339150577784,,369,,8.946126937866211
,,,,,9.475e-06,,1769778111.3808107,,1420.634217766,,193,,,,9.475e-06,379,,
,,,,,9.475e-06,,1769778112.2422957,,1421.495635172,,194,,,,9.475e-06,379,,
,,,,,9.475e-06,,1769778113.1042416,,1422.357667031,,195,,,,9.475e-06,379,,
,,,,,9.475e-06,,1769778113.9657366,,1423.219123025,,196,,,,9.475e-06,379,,
4.0,,,,7666.08203125,,,1769778114.8274121,,1424.080597586,,197,8.944561004638672,,0.0017410818254575133,,379,,8.944561004638672
,,,,,9.725000000000001e-06,,1769778145.8345888,,1455.087959218,,198,,,,9.725000000000001e-06,389,,
,,,,,9.725000000000001e-06,,1769778146.6958377,,1455.949243701,,199,,,,9.725000000000001e-06,389,,
,,,,,9.725000000000001e-06,,1769778147.5580847,,1456.811533255,,200,,,,9.725000000000001e-06,389,,
,,,,,9.725000000000001e-06,,1769778148.419919,,1457.673307404,,201,,,,9.725000000000001e-06,389,,
4.0,,,,7649.82568359375,,,1769778149.28162,,1458.534835814,,202,8.942438125610352,,0.0021370011381804943,,389,,8.942438125610352
,,,,,9.975e-06,,1769778180.2813022,,1489.53467689,,203,,,,9.975e-06,399,,
,,,,,9.975e-06,,1769778181.1421745,,1490.395525976,,204,,,,9.975e-06,399,,
,,,,,9.975e-06,,1769778182.0041873,,1491.25762483,,205,,,,9.975e-06,399,,
,,,,,9.975e-06,,1769778182.865779,,1492.119158135,,206,,,,9.975e-06,399,,
4.0,,,,7628.181640625,,,1769778183.727691,,1492.980893764,,207,8.939604759216309,,0.0025557621847838163,,399,,8.939604759216309
,,,,,1.0225e-05,,1769778214.7316139,,1523.985013951,,208,,,,1.0225e-05,409,,
,,,,,1.0225e-05,,1769778215.5929682,,1524.846327903,,209,,,,1.0225e-05,409,,
,,,,,1.0225e-05,,1769778216.4547772,,1525.708221897,,210,,,,1.0225e-05,409,,
,,,,,1.0225e-05,,1769778217.3167813,,1526.570144123,,211,,,,1.0225e-05,409,,
4.0,,,,7569.388671875,,,1769778218.1786242,,1527.431797997,,212,8.931867599487305,,0.0029951767064630985,,409,,8.931867599487305
,,,,,1.0475e-05,,1769778249.1875463,,1558.440981373,,213,,,,1.0475e-05,419,,
,,,,,1.0475e-05,,1769778250.0488439,,1559.302209623,,214,,,,1.0475e-05,419,,
,,,,,1.0475e-05,,1769778250.9111655,,1560.164551838,,215,,,,1.0475e-05,419,,
,,,,,1.0475e-05,,1769778251.7722785,,1561.025638536,,216,,,,1.0475e-05,419,,
4.0,,,,7510.61181640625,,,1769778252.633891,,1561.88708125,,217,8.924072265625,,0.0038699086289852858,,419,,8.924072265625
,,,,,1.0725e-05,,1769778283.6343954,,1592.887814827,,218,,,,1.0725e-05,429,,
,,,,,1.0725e-05,,1769778284.4947042,,1593.747880027,,219,,,,1.0725e-05,429,,
,,,,,1.0725e-05,,1769778285.3546917,,1594.607878817,,220,,,,1.0725e-05,429,,
4.0,,,,7527.17578125,,,1769778285.95133,,1595.204504426,,221,8.926275253295898,,0.003994977567344904,,429,,8.926275253295898
4.0,8.91153621673584,0.007147030904889107,,,,,1769778307.410464,7417.05029296875,1616.663643627,8.91153621673584,222,,,,,429,,
4.0,,,8.942156791687012,,,0.0004972987226210535,1769778310.1963477,,1619.449769747,,223,,7648.16943359375,,,429,8.942156791687012,
,,,,,1.0975e-05,,1769778342.1934423,,1651.446738942,,224,,,,1.0975e-05,439,,
,,,,,1.0975e-05,,1769778343.0537384,,1652.306955882,,225,,,,1.0975e-05,439,,
,,,,,1.0975e-05,,1769778343.9138775,,1653.167065371,,226,,,,1.0975e-05,439,,
,,,,,1.0975e-05,,1769778344.7742758,,1654.027551946,,227,,,,1.0975e-05,439,,
5.0,,,,7484.49267578125,,,1769778345.6359324,,1654.889172095,,228,8.920588493347168,,0.0051388670690357685,,439,,8.920588493347168
,,,,,1.1225e-05,,1769778376.5917869,,1685.845139228,,229,,,,1.1225e-05,449,,
,,,,,1.1225e-05,,1769778377.451164,,1686.704372206,,230,,,,1.1225e-05,449,,
,,,,,1.1225e-05,,1769778378.3114748,,1687.56467356,,231,,,,1.1225e-05,449,,
,,,,,1.1225e-05,,1769778379.1715083,,1688.424695704,,232,,,,1.1225e-05,449,,
5.0,,,,7428.9248046875,,,1769778380.0324535,,1689.285655578,,233,8.91313648223877,,0.007358953356742859,,449,,8.91313648223877
,,,,,1.1475000000000001e-05,,1769778410.9886527,,1720.241864994,,234,,,,1.1475000000000001e-05,459,,
,,,,,1.1475000000000001e-05,,1769778411.8482711,,1721.101416318,,235,,,,1.1475000000000001e-05,459,,
,,,,,1.1475000000000001e-05,,1769778412.7087421,,1721.961880854,,236,,,,1.1475000000000001e-05,459,,
,,,,,1.1475000000000001e-05,,1769778413.5688472,,1722.82202611,,237,,,,1.1475000000000001e-05,459,,
5.0,,,,7401.38818359375,,,1769778414.429656,,1723.682862515,,238,8.909422874450684,,0.008122744038701057,,459,,8.909422874450684
,,,,,1.1725e-05,,1769778445.388934,,1754.642163995,,239,,,,1.1725e-05,469,,
,,,,,1.1725e-05,,1769778446.2490056,,1755.502172242,,240,,,,1.1725e-05,469,,
,,,,,1.1725e-05,,1769778447.1093273,,1756.362492999,,241,,,,1.1725e-05,469,,
,,,,,1.1725e-05,,1769778447.9692495,,1757.222442538,,242,,,,1.1725e-05,469,,
5.0,,,,7389.060546875,,,1769778448.8302755,,1758.083492921,,243,8.907755851745605,,0.008995971642434597,,469,,8.907755851745605
,,,,,1.1975e-05,,1769778479.8058069,,1789.05920054,,244,,,,1.1975e-05,479,,
,,,,,1.1975e-05,,1769778480.666723,,1789.920103538,,245,,,,1.1975e-05,479,,
,,,,,1.1975e-05,,1769778481.5289097,,1790.782119068,,246,,,,1.1975e-05,479,,
,,,,,1.1975e-05,,1769778482.3894029,,1791.642589978,,247,,,,1.1975e-05,479,,
5.0,,,,7354.96240234375,,,1769778483.2494955,,1792.502711022,,248,8.903130531311035,,0.010227183811366558,,479,,8.903130531311035
,,,,,1.2225e-05,,1769778514.2321281,,1823.485446615,,249,,,,1.2225e-05,489,,
,,,,,1.2225e-05,,1769778515.0937893,,1824.347192136,,250,,,,1.2225e-05,489,,
,,,,,1.2225e-05,,1769778515.9548142,,1825.208138516,,251,,,,1.2225e-05,489,,
,,,,,1.2225e-05,,1769778516.8153968,,1826.068560819,,252,,,,1.2225e-05,489,,
5.0,,,,7317.9580078125,,,1769778517.6763322,,1826.92952723,,253,8.898086547851562,,0.012821014039218426,,489,,8.898086547851562
,,,,,1.2475e-05,,1769778548.6648095,,1857.918147718,,254,,,,1.2475e-05,499,,
,,,,,1.2475e-05,,1769778549.526799,,1858.78020158,,255,,,,1.2475e-05,499,,
,,,,,1.2475e-05,,1769778550.3886075,,1859.641956141,,256,,,,1.2475e-05,499,,
,,,,,1.2475e-05,,1769778551.248833,,1860.501980152,,257,,,,1.2475e-05,499,,
5.0,,,,7243.74560546875,,,1769778552.1100717,,1861.363259861,,258,8.887893676757812,,0.015557578764855862,,499,,8.887893676757812
,,,,,1.2725000000000001e-05,,1769778583.0920565,,1892.34524689,,259,,,,1.2725000000000001e-05,509,,
,,,,,1.2725000000000001e-05,,1769778583.9536512,,1893.206978944,,260,,,,1.2725000000000001e-05,509,,
,,,,,1.2725000000000001e-05,,1769778584.8156564,,1894.069012389,,261,,,,1.2725000000000001e-05,509,,
,,,,,1.2725000000000001e-05,,1769778585.6761427,,1894.929331648,,262,,,,1.2725000000000001e-05,509,,
5.0,,,,7220.53662109375,,,1769778586.5374165,,1895.790609987,,263,8.884684562683105,,0.01824604906141758,,509,,8.884684562683105
5.0,8.866761207580566,0.028611840680241585,,,,,1769778627.5683205,7092.2890625,1936.82155471,8.866761207580566,264,,,,,515,,
5.0,,,8.902621269226074,,,0.002319739433005452,1769778631.6027977,,1940.85613146,,265,,7351.6943359375,,,515,8.902621269226074,
,,,,,1.2975e-05,,1769778642.9690137,,1952.22248315,,266,,,,1.2975e-05,519,,
,,,,,1.2975e-05,,1769778643.830543,,1953.083925182,,267,,,,1.2975e-05,519,,
,,,,,1.2975e-05,,1769778644.690968,,1953.944202726,,268,,,,1.2975e-05,519,,
,,,,,1.2975e-05,,1769778645.5523338,,1954.805656706,,269,,,,1.2975e-05,519,,
6.0,,,,7197.7939453125,,,1769778646.4153244,,1955.668784089,,270,8.881529808044434,,0.020153887569904327,,519,,8.881529808044434
,,,,,1.3225000000000001e-05,,1769778677.4264052,,1986.679880062,,271,,,,1.3225000000000001e-05,529,,
,,,,,1.3225000000000001e-05,,1769778678.2877896,,1987.541147301,,272,,,,1.3225000000000001e-05,529,,
,,,,,1.3225000000000001e-05,,1769778679.1493423,,1988.402723834,,273,,,,1.3225000000000001e-05,529,,
,,,,,1.3225000000000001e-05,,1769778680.010626,,1989.263963192,,274,,,,1.3225000000000001e-05,529,,
6.0,,,,7150.8037109375,,,1769778680.872396,,1990.125626987,,275,8.874979972839355,,0.02206285670399666,,529,,8.874979972839355
,,,,,1.3475000000000002e-05,,1769778711.8607414,,2021.11397298,,276,,,,1.3475000000000002e-05,539,,
,,,,,1.3475000000000002e-05,,1769778712.7223341,,2021.975735552,,277,,,,1.3475000000000002e-05,539,,
,,,,,1.3475000000000002e-05,,1769778713.5837224,,2022.837100919,,278,,,,1.3475000000000002e-05,539,,
,,,,,1.3475000000000002e-05,,1769778714.4444194,,2023.697660325,,279,,,,1.3475000000000002e-05,539,,
6.0,,,,7111.8271484375,,,1769778715.305477,,2024.558706442,,280,8.869514465332031,,0.026497023180127144,,539,,8.869514465332031
,,,,,1.3725000000000002e-05,,1769778746.293827,,2055.5469839,,281,,,,1.3725000000000002e-05,549,,
,,,,,1.3725000000000002e-05,,1769778747.155404,,2056.408784997,,282,,,,1.3725000000000002e-05,549,,
,,,,,1.3725000000000002e-05,,1769778748.0172386,,2057.27062924,,283,,,,1.3725000000000002e-05,549,,
,,,,,1.3725000000000002e-05,,1769778748.878188,,2058.131439474,,284,,,,1.3725000000000002e-05,549,,
6.0,,,,7076.68701171875,,,1769778749.7394154,,2058.992632461,,285,8.864561080932617,,0.030248483642935753,,549,,8.864561080932617
,,,,,1.3975000000000003e-05,,1769778780.7300768,,2089.983430387,,286,,,,1.3975000000000003e-05,559,,
,,,,,1.3975000000000003e-05,,1769778781.5922182,,2090.845610847,,287,,,,1.3975000000000003e-05,559,,
,,,,,1.3975000000000003e-05,,1769778782.4535985,,2091.706909292,,288,,,,1.3975000000000003e-05,559,,
,,,,,1.3975000000000003e-05,,1769778783.314404,,2092.567593795,,289,,,,1.3975000000000003e-05,559,,
6.0,,,,7065.35107421875,,,1769778784.1753333,,2093.428533992,,290,8.862957954406738,,0.03365665674209595,,559,,8.862957954406738
,,,,,1.4225e-05,,1769778815.162472,,2124.415842671,,291,,,,1.4225e-05,569,,
,,,,,1.4225e-05,,1769778816.0239222,,2125.277356669,,292,,,,1.4225e-05,569,,
,,,,,1.4225e-05,,1769778816.8853242,,2126.138699069,,293,,,,1.4225e-05,569,,
,,,,,1.4225e-05,,1769778817.7459836,,2126.999205455,,294,,,,1.4225e-05,569,,
6.0,,,,7050.32763671875,,,1769778818.6068275,,2127.860037189,,295,8.86082935333252,,0.034428734332323074,,569,,8.86082935333252
,,,,,1.4475e-05,,1769778849.592289,,2158.845609679,,296,,,,1.4475e-05,579,,
,,,,,1.4475e-05,,1769778850.4538126,,2159.707191889,,297,,,,1.4475e-05,579,,
,,,,,1.4475e-05,,1769778851.314568,,2160.567734848,,298,,,,1.4475e-05,579,,
,,,,,1.4475e-05,,1769778852.1749313,,2161.428087602,,299,,,,1.4475e-05,579,,
6.0,,,,6994.974609375,,,1769778853.036278,,2162.289491805,,300,8.852947235107422,,0.03932628035545349,,579,,8.852947235107422
,,,,,1.4725e-05,,1769778884.0222497,,2193.275527928,,301,,,,1.4725e-05,589,,
,,,,,1.4725e-05,,1769778884.8847504,,2194.138115857,,302,,,,1.4725e-05,589,,
,,,,,1.4725e-05,,1769778885.7461138,,2194.99947354,,303,,,,1.4725e-05,589,,
,,,,,1.4725e-05,,1769778886.6075578,,2195.86096349,,304,,,,1.4725e-05,589,,
6.0,,,,6931.9462890625,,,1769778887.4696436,,2196.722928124,,305,8.84389591217041,,0.045390624552965164,,589,,8.84389591217041
,,,,,1.4975e-05,,1769778918.4717515,,2227.725098999,,306,,,,1.4975e-05,599,,
,,,,,1.4975e-05,,1769778919.333957,,2228.587386436,,307,,,,1.4975e-05,599,,
,,,,,1.4975e-05,,1769778920.1957743,,2229.449142826,,308,,,,1.4975e-05,599,,
,,,,,1.4975e-05,,1769778921.0556326,,2230.308776249,,309,,,,1.4975e-05,599,,
6.0,,,,6891.0078125,,,1769778921.916793,,2231.170026219,,310,8.837972640991211,,0.04867514967918396,,599,,8.837972640991211
6.0,8.818327903747559,0.0631391778588295,,,,,1769778952.7485204,6756.99365234375,2262.001665672,8.818327903747559,311,,,,,601,,
6.0,,,8.860248565673828,,,0.010810177773237228,1769778956.565941,,2265.819397129,,312,,7046.826171875,,,601,8.860248565673828,
,,,,,1.5225e-05,,1769778981.7152119,,2290.968604584,,313,,,,1.5225e-05,609,,
,,,,,1.5225e-05,,1769778982.5772882,,2291.830684095,,314,,,,1.5225e-05,609,,
,,,,,1.5225e-05,,1769778983.439161,,2292.692547433,,315,,,,1.5225e-05,609,,
,,,,,1.5225e-05,,1769778984.299635,,2293.552801183,,316,,,,1.5225e-05,609,,
7.0,,,,6858.724609375,,,1769778985.1618564,,2294.415246715,,317,8.833276748657227,,0.05212956294417381,,609,,8.833276748657227
,,,,,1.5475e-05,,1769779016.1728086,,2325.426044206,,318,,,,1.5475e-05,619,,
,,,,,1.5475e-05,,1769779017.0355659,,2326.289004119,,319,,,,1.5475e-05,619,,
,,,,,1.5475e-05,,1769779017.8974285,,2327.15077745,,320,,,,1.5475e-05,619,,
,,,,,1.5475e-05,,1769779018.7578,,2328.010996497,,321,,,,1.5475e-05,619,,
7.0,,,,6837.048828125,,,1769779019.6206896,,2328.874041479,,322,8.830111503601074,,0.05773284286260605,,619,,8.830111503601074
,,,,,1.5725e-05,,1769779050.634064,,2359.887404495,,323,,,,1.5725e-05,629,,
,,,,,1.5725e-05,,1769779051.4963787,,2360.749714651,,324,,,,1.5725e-05,629,,
,,,,,1.5725e-05,,1769779052.3581195,,2361.6114544,,325,,,,1.5725e-05,629,,
,,,,,1.5725e-05,,1769779053.2189438,,2362.472169812,,326,,,,1.5725e-05,629,,
7.0,,,,6810.8876953125,,,1769779054.0814118,,2363.334778016,,327,8.826277732849121,,0.0583089254796505,,629,,8.826277732849121
,,,,,1.5975000000000002e-05,,1769779085.0961115,,2394.349441896,,328,,,,1.5975000000000002e-05,639,,
,,,,,1.5975000000000002e-05,,1769779085.9582713,,2395.211628055,,329,,,,1.5975000000000002e-05,639,,
,,,,,1.5975000000000002e-05,,1769779086.8207738,,2396.074070699,,330,,,,1.5975000000000002e-05,639,,
,,,,,1.5975000000000002e-05,,1769779087.6821046,,2396.935276667,,331,,,,1.5975000000000002e-05,639,,
7.0,,,,6752.44140625,,,1769779088.5453944,,2397.798800184,,332,8.817659378051758,,0.06324296444654465,,639,,8.817659378051758
,,,,,1.6225e-05,,1769779119.5627801,,2428.816147482,,333,,,,1.6225e-05,649,,
,,,,,1.6225e-05,,1769779120.4251866,,2429.67861999,,334,,,,1.6225e-05,649,,
,,,,,1.6225e-05,,1769779121.2872493,,2430.540412326,,335,,,,1.6225e-05,649,,
,,,,,1.6225e-05,,1769779122.1484067,,2431.401551231,,336,,,,1.6225e-05,649,,
7.0,,,,6692.517578125,,,1769779123.011394,,2432.26479629,,337,8.808745384216309,,0.06934894621372223,,649,,8.808745384216309
,,,,,1.6475e-05,,1769779154.0321808,,2463.285572201,,338,,,,1.6475e-05,659,,
,,,,,1.6475e-05,,1769779154.8946948,,2464.148111288,,339,,,,1.6475e-05,659,,
,,,,,1.6475e-05,,1769779155.7567055,,2465.010089141,,340,,,,1.6475e-05,659,,
,,,,,1.6475e-05,,1769779156.6177633,,2465.870935105,,341,,,,1.6475e-05,659,,
7.0,,,,6722.28125,,,1769779157.4809103,,2466.734342396,,342,8.813182830810547,,0.06993553787469864,,659,,8.813182830810547
,,,,,1.6725000000000003e-05,,1769779188.5034149,,2497.756744122,,343,,,,1.6725000000000003e-05,669,,
,,,,,1.6725000000000003e-05,,1769779189.3658276,,2498.619249176,,344,,,,1.6725000000000003e-05,669,,
,,,,,1.6725000000000003e-05,,1769779190.228168,,2499.481510324,,345,,,,1.6725000000000003e-05,669,,
,,,,,1.6725000000000003e-05,,1769779191.089189,,2500.342385831,,346,,,,1.6725000000000003e-05,669,,
7.0,,,,6677.38916015625,,,1769779191.9523332,,2501.205690176,,347,8.806482315063477,,0.07240628451108932,,669,,8.806482315063477
,,,,,1.6975000000000003e-05,,1769779222.9688983,,2532.222273995,,348,,,,1.6975000000000003e-05,679,,
,,,,,1.6975000000000003e-05,,1769779223.8309503,,2533.084370103,,349,,,,1.6975000000000003e-05,679,,
,,,,,1.6975000000000003e-05,,1769779224.692821,,2533.946170397,,350,,,,1.6975000000000003e-05,679,,
,,,,,1.6975000000000003e-05,,1769779225.5536964,,2534.806873804,,351,,,,1.6975000000000003e-05,679,,
7.0,,,,6630.60888671875,,,1769779226.4163082,,2535.669665808,,352,8.79945182800293,,0.07681509852409363,,679,,8.79945182800293
7.0,8.76883602142334,0.08946309238672256,,,,,1769779274.230885,6430.73876953125,2583.484047398,8.76883602142334,353,,,,,687,,
7.0,,,8.816113471984863,,,0.033485427498817444,1769779277.4461823,,2586.699569567,,354,,6742.60791015625,,,687,8.816113471984863,
,,,,,1.7225e-05,,1769779281.9279659,,2591.181419155,,355,,,,1.7225e-05,689,,
,,,,,1.7225e-05,,1769779282.7897615,,2592.043062107,,356,,,,1.7225e-05,689,,
,,,,,1.7225e-05,,1769779283.6505969,,2592.903785609,,357,,,,1.7225e-05,689,,
,,,,,1.7225e-05,,1769779284.5126872,,2593.766027351,,358,,,,1.7225e-05,689,,
8.0,,,,6594.29150390625,,,1769779285.3758616,,2594.62925253,,359,8.793959617614746,,0.07865739613771439,,689,,8.793959617614746
,,,,,1.7475e-05,,1769779316.387397,,2625.640760673,,360,,,,1.7475e-05,699,,
,,,,,1.7475e-05,,1769779317.2492406,,2626.502548121,,361,,,,1.7475e-05,699,,
,,,,,1.7475e-05,,1769779318.1100197,,2627.363259583,,362,,,,1.7475e-05,699,,
,,,,,1.7475e-05,,1769779318.9715533,,2628.224848953,,363,,,,1.7475e-05,699,,
8.0,,,,6548.28076171875,,,1769779319.8350358,,2629.088471998,,364,8.786957740783691,,0.08300750702619553,,699,,8.786957740783691
,,,,,1.7725e-05,,1769779350.8503366,,2660.103835762,,365,,,,1.7725e-05,709,,
,,,,,1.7725e-05,,1769779351.7119973,,2660.9652314,,366,,,,1.7725e-05,709,,
,,,,,1.7725e-05,,1769779352.572628,,2661.825794437,,367,,,,1.7725e-05,709,,
,,,,,1.7725e-05,,1769779353.4343464,,2662.687710146,,368,,,,1.7725e-05,709,,
8.0,,,,6558.2177734375,,,1769779354.2977636,,2663.551220721,,369,8.788474082946777,,0.08123161643743515,,709,,8.788474082946777
,,,,,1.7975e-05,,1769779385.3136737,,2694.567083742,,370,,,,1.7975e-05,719,,
,,,,,1.7975e-05,,1769779386.1754563,,2695.428822564,,371,,,,1.7975e-05,719,,
,,,,,1.7975e-05,,1769779387.0363314,,2696.289565239,,372,,,,1.7975e-05,719,,
,,,,,1.7975e-05,,1769779387.8979783,,2697.151317471,,373,,,,1.7975e-05,719,,
8.0,,,,6523.92041015625,,,1769779388.7613583,,2698.014775735,,374,8.783230781555176,,0.08348259329795837,,719,,8.783230781555176
,,,,,1.8225e-05,,1769779419.778766,,2729.032153497,,375,,,,1.8225e-05,729,,
,,,,,1.8225e-05,,1769779420.6400669,,2729.89344875,,376,,,,1.8225e-05,729,,
,,,,,1.8225e-05,,1769779421.5010543,,2730.754248619,,377,,,,1.8225e-05,729,,
,,,,,1.8225e-05,,1769779422.3626049,,2731.615963283,,378,,,,1.8225e-05,729,,
8.0,,,,6423.4501953125,,,1769779423.2262921,,2732.479700133,,379,8.76771068572998,,0.09026693552732468,,729,,8.76771068572998
,,,,,1.8475000000000002e-05,,1769779454.2388034,,2763.492143167,,380,,,,1.8475000000000002e-05,739,,
,,,,,1.8475000000000002e-05,,1769779455.1009264,,2764.354310057,,381,,,,1.8475000000000002e-05,739,,
,,,,,1.8475000000000002e-05,,1769779455.9614143,,2765.214599919,,382,,,,1.8475000000000002e-05,739,,
,,,,,1.8475000000000002e-05,,1769779456.823119,,2766.076445296,,383,,,,1.8475000000000002e-05,739,,
8.0,,,,6452.8544921875,,,1769779457.6863909,,2766.939763113,,384,8.77227783203125,,0.08892831206321716,,739,,8.77227783203125
,,,,,1.8725e-05,,1769779488.6979687,,2797.951368228,,385,,,,1.8725e-05,749,,
,,,,,1.8725e-05,,1769779489.559456,,2798.812816557,,386,,,,1.8725e-05,749,,
,,,,,1.8725e-05,,1769779490.4196649,,2799.672897363,,387,,,,1.8725e-05,749,,
,,,,,1.8725e-05,,1769779491.2811754,,2800.534496389,,388,,,,1.8725e-05,749,,
8.0,,,,6438.8203125,,,1769779492.1445465,,2801.397958453,,389,8.770100593566895,,0.08832672983407974,,749,,8.770100593566895
,,,,,1.8975e-05,,1769779523.1602597,,2832.413643434,,390,,,,1.8975e-05,759,,
,,,,,1.8975e-05,,1769779524.0218194,,2833.275174455,,391,,,,1.8975e-05,759,,
,,,,,1.8975e-05,,1769779524.882521,,2834.13572185,,392,,,,1.8975e-05,759,,
,,,,,1.8975e-05,,1769779525.7443793,,2834.997721575,,393,,,,1.8975e-05,759,,
8.0,,,,6325.97509765625,,,1769779526.6076064,,2835.860989937,,394,8.752419471740723,,0.09453383833169937,,759,,8.752419471740723
,,,,,1.9225e-05,,1769779557.619818,,2866.873130139,,395,,,,1.9225e-05,769,,
,,,,,1.9225e-05,,1769779558.481136,,2867.734502931,,396,,,,1.9225e-05,769,,
,,,,,1.9225e-05,,1769779559.342187,,2868.595437174,,397,,,,1.9225e-05,769,,
,,,,,1.9225e-05,,1769779560.2037604,,2869.45712523,,398,,,,1.9225e-05,769,,
8.0,,,,6327.83984375,,,1769779561.066692,,2870.31990171,,399,8.752714157104492,,0.09291449189186096,,769,,8.752714157104492
8.0,8.718596458435059,0.09837258607149124,,,,,1769779595.2364216,6115.6708984375,2904.489577076,8.718596458435059,400,,,,,773,,
8.0,,,8.771501541137695,,,0.06494176387786865,1769779600.043029,,2909.296438485,,401,,6448.44140625,,,773,8.771501541137695,
,,,,,1.9475000000000002e-05,,1769779618.312592,,2927.56592737,,402,,,,1.9475000000000002e-05,779,,
,,,,,1.9475000000000002e-05,,1769779619.174502,,2928.427826075,,403,,,,1.9475000000000002e-05,779,,
,,,,,1.9475000000000002e-05,,1769779620.037133,,2929.290652674,,404,,,,1.9475000000000002e-05,779,,
,,,,,1.9475000000000002e-05,,1769779620.8990307,,2930.152359742,,405,,,,1.9475000000000002e-05,779,,
9.0,,,,6219.8984375,,,1769779621.7612343,,2931.014411939,,406,8.735508918762207,,0.09934267401695251,,779,,8.735508918762207
,,,,,1.9725000000000002e-05,,1769779652.772492,,2962.025866507,,407,,,,1.9725000000000002e-05,789,,
,,,,,1.9725000000000002e-05,,1769779653.6343093,,2962.887659543,,408,,,,1.9725000000000002e-05,789,,
,,,,,1.9725000000000002e-05,,1769779654.4964335,,2963.749881983,,409,,,,1.9725000000000002e-05,789,,
,,,,,1.9725000000000002e-05,,1769779655.358007,,2964.611398524,,410,,,,1.9725000000000002e-05,789,,
9.0,,,,6212.45263671875,,,1769779656.2204044,,2965.47363108,,411,8.7343111038208,,0.09784150123596191,,789,,8.7343111038208
,,,,,1.9975e-05,,1769779687.2352502,,2996.488640042,,412,,,,1.9975e-05,799,,
,,,,,1.9975e-05,,1769779688.0970654,,2997.350432764,,413,,,,1.9975e-05,799,,
,,,,,1.9975e-05,,1769779688.959372,,2998.212822983,,414,,,,1.9975e-05,799,,
,,,,,1.9975e-05,,1769779689.8209538,,2999.074349705,,415,,,,1.9975e-05,799,,
9.0,,,,6153.49365234375,,,1769779690.6826525,,2999.935903167,,416,8.724775314331055,,0.10044849663972855,,799,,8.724775314331055
,,,,,2.0225000000000004e-05,,1769779721.695987,,3030.949247181,,417,,,,2.0225000000000004e-05,809,,
,,,,,2.0225000000000004e-05,,1769779722.5579443,,3031.811287079,,418,,,,2.0225000000000004e-05,809,,
,,,,,2.0225000000000004e-05,,1769779723.4208086,,3032.674249504,,419,,,,2.0225000000000004e-05,809,,
,,,,,2.0225000000000004e-05,,1769779724.282233,,3033.535633638,,420,,,,2.0225000000000004e-05,809,,
9.0,,,,6156.51708984375,,,1769779725.1449664,,3034.398193048,,421,8.725266456604004,,0.09862261265516281,,809,,8.725266456604004
,,,,,2.0475e-05,,1769779756.164102,,3065.417485456,,422,,,,2.0475e-05,819,,
,,,,,2.0475e-05,,1769779757.0255516,,3066.278881775,,423,,,,2.0475e-05,819,,
,,,,,2.0475e-05,,1769779757.8878584,,3067.14124166,,424,,,,2.0475e-05,819,,
,,,,,2.0475e-05,,1769779758.7503564,,3068.003799473,,425,,,,2.0475e-05,819,,
9.0,,,,6132.77783203125,,,1769779759.6127372,,3068.865916304,,426,8.721403121948242,,0.09884601831436157,,819,,8.721403121948242
,,,,,2.0725e-05,,1769779790.6289911,,3099.882367284,,427,,,,2.0725e-05,829,,
,,,,,2.0725e-05,,1769779791.4914534,,3100.744807937,,428,,,,2.0725e-05,829,,
,,,,,2.0725e-05,,1769779792.354041,,3101.607502701,,429,,,,2.0725e-05,829,,
,,,,,2.0725e-05,,1769779793.2159705,,3102.469309843,,430,,,,2.0725e-05,829,,
9.0,,,,6173.74951171875,,,1769779794.0777895,,3103.330966308,,431,8.72806167602539,,0.09498915821313858,,829,,8.72806167602539
,,,,,2.0975e-05,,1769779825.0921805,,3134.345592393,,432,,,,2.0975e-05,839,,
,,,,,2.0975e-05,,1769779825.953986,,3135.207348704,,433,,,,2.0975e-05,839,,
,,,,,2.0975e-05,,1769779826.8165035,,3136.069943795,,434,,,,2.0975e-05,839,,
,,,,,2.0975e-05,,1769779827.6783645,,3136.931824323,,435,,,,2.0975e-05,839,,
9.0,,,,6111.998046875,,,1769779828.5404263,,3137.793626694,,436,8.718008995056152,,0.0973626896739006,,839,,8.718008995056152
,,,,,2.1225e-05,,1769779859.552574,,3168.805964977,,437,,,,2.1225e-05,849,,
,,,,,2.1225e-05,,1769779860.4141703,,3169.667488304,,438,,,,2.1225e-05,849,,
,,,,,2.1225e-05,,1769779861.2763753,,3170.529812564,,439,,,,2.1225e-05,849,,
,,,,,2.1225e-05,,1769779862.13858,,3171.391956003,,440,,,,2.1225e-05,849,,
9.0,,,,5981.9609375,,,1769779863.0003715,,3172.253550858,,441,8.696503639221191,,0.10323665291070938,,849,,8.696503639221191
,,,,,2.1475e-05,,1769779894.007679,,3203.261047762,,442,,,,2.1475e-05,859,,
,,,,,2.1475e-05,,1769779894.8686676,,3204.12186221,,443,,,,2.1475e-05,859,,
,,,,,2.1475e-05,,1769779895.7290235,,3204.982230969,,444,,,,2.1475e-05,859,,
9.0,,,,6111.3798828125,,,1769779896.3261273,,3205.579336587,,445,8.717907905578613,,0.09393905103206635,,859,,8.717907905578613
9.0,8.66700267791748,0.10000825673341751,,,,,1769779917.7837474,5808.17236328125,3227.036924479,8.66700267791748,446,,,,,859,,
9.0,,,8.725910186767578,,,0.08801458030939102,1769779923.1529057,,3232.406270174,,447,,6161.07470703125,,,859,8.725910186767578,
,,,,,2.1725e-05,,1769779955.184118,,3264.437569131,,448,,,,2.1725e-05,869,,
,,,,,2.1725e-05,,1769779956.0469878,,3265.300415802,,449,,,,2.1725e-05,869,,
,,,,,2.1725e-05,,1769779956.9078074,,3266.160973886,,450,,,,2.1725e-05,869,,
,,,,,2.1725e-05,,1769779957.7682137,,3267.021404608,,451,,,,2.1725e-05,869,,
10.0,,,,5986.7548828125,,,1769779958.630899,,3267.884305591,,452,8.697304725646973,,0.10018829256296158,,869,,8.697304725646973
,,,,,2.1975000000000002e-05,,1769779989.626799,,3298.88030049,,453,,,,2.1975000000000002e-05,879,,
,,,,,2.1975000000000002e-05,,1769779990.488397,,3299.741802998,,454,,,,2.1975000000000002e-05,879,,
,,,,,2.1975000000000002e-05,,1769779991.3490617,,3300.602299174,,455,,,,2.1975000000000002e-05,879,,
,,,,,2.1975000000000002e-05,,1769779992.2098436,,3301.463130924,,456,,,,2.1975000000000002e-05,879,,
10.0,,,,5949.04296875,,,1769779993.0730078,,3302.326417071,,457,8.690985679626465,,0.10022193938493729,,879,,8.690985679626465
,,,,,2.2225e-05,,1769780024.0654552,,3333.318920882,,458,,,,2.2225e-05,889,,
,,,,,2.2225e-05,,1769780024.9266999,,3334.180101672,,459,,,,2.2225e-05,889,,
,,,,,2.2225e-05,,1769780025.787367,,3335.040578676,,460,,,,2.2225e-05,889,,
,,,,,2.2225e-05,,1769780026.647719,,3335.900947907,,461,,,,2.2225e-05,889,,
10.0,,,,5957.34375,,,1769780027.5104403,,3336.763833118,,462,8.69237995147705,,0.09743368625640869,,889,,8.69237995147705
,,,,,2.2475e-05,,1769780058.504035,,3367.75751209,,463,,,,2.2475e-05,899,,
,,,,,2.2475e-05,,1769780059.365541,,3368.618943502,,464,,,,2.2475e-05,899,,
,,,,,2.2475e-05,,1769780060.22597,,3369.479173019,,465,,,,2.2475e-05,899,,
,,,,,2.2475e-05,,1769780061.0860562,,3370.339302906,,466,,,,2.2475e-05,899,,
10.0,,,,5939.701171875,,,1769780061.948673,,3371.202092019,,467,8.689414024353027,,0.09707826375961304,,899,,8.689414024353027
,,,,,2.2725000000000003e-05,,1769780092.9400673,,3402.193515925,,468,,,,2.2725000000000003e-05,909,,
,,,,,2.2725000000000003e-05,,1769780093.8017497,,3403.055157879,,469,,,,2.2725000000000003e-05,909,,
,,,,,2.2725000000000003e-05,,1769780094.662977,,3403.916168795,,470,,,,2.2725000000000003e-05,909,,
,,,,,2.2725000000000003e-05,,1769780095.5232859,,3404.776467862,,471,,,,2.2725000000000003e-05,909,,
10.0,,,,5921.0654296875,,,1769780096.3858507,,3405.639276379,,472,8.686271667480469,,0.09700211137533188,,909,,8.686271667480469
,,,,,2.2975000000000003e-05,,1769780127.3770323,,3436.630466325,,473,,,,2.2975000000000003e-05,919,,
,,,,,2.2975000000000003e-05,,1769780128.2385383,,3437.49185922,,474,,,,2.2975000000000003e-05,919,,
,,,,,2.2975000000000003e-05,,1769780129.0989456,,3438.352137552,,475,,,,2.2975000000000003e-05,919,,
,,,,,2.2975000000000003e-05,,1769780129.9593763,,3439.212601081,,476,,,,2.2975000000000003e-05,919,,
10.0,,,,5859.5107421875,,,1769780130.8218424,,3440.075250645,,477,8.675821304321289,,0.09908924251794815,,919,,8.675821304321289
,,,,,2.3225000000000002e-05,,1769780161.8093874,,3471.062835845,,478,,,,2.3225000000000002e-05,929,,
,,,,,2.3225000000000002e-05,,1769780162.6709867,,3471.924403909,,479,,,,2.3225000000000002e-05,929,,
,,,,,2.3225000000000002e-05,,1769780163.5310788,,3472.784247513,,480,,,,2.3225000000000002e-05,929,,
,,,,,2.3225000000000002e-05,,1769780164.3913915,,3473.644603497,,481,,,,2.3225000000000002e-05,929,,
10.0,,,,5778.12109375,,,1769780165.253886,,3474.507318374,,482,8.661833763122559,,0.10082735866308212,,929,,8.661833763122559
,,,,,2.3475e-05,,1769780196.2456732,,3505.499147397,,483,,,,2.3475e-05,939,,
,,,,,2.3475e-05,,1769780197.1072605,,3506.360673283,,484,,,,2.3475e-05,939,,
,,,,,2.3475e-05,,1769780197.9684775,,3507.221702573,,485,,,,2.3475e-05,939,,
,,,,,2.3475e-05,,1769780198.8289897,,3508.082202569,,486,,,,2.3475e-05,939,,
10.0,,,,5750.392578125,,,1769780199.6914213,,3508.944812895,,487,8.657023429870605,,0.09992624074220657,,939,,8.657023429870605
10.0,8.613513946533203,0.10027417540550232,,,,,1769780240.7440028,5505.70703125,3549.997155183,8.613513946533203,488,,,,,945,,
10.0,,,8.679006576538086,,,0.09738928079605103,1769780245.5444543,,3554.797896642,,489,,5878.84375,,,945,8.679006576538086,
,,,,,2.3725e-05,,1769780256.9108799,,3566.164312407,,490,,,,2.3725e-05,949,,
,,,,,2.3725e-05,,1769780257.7707124,,3567.023899892,,491,,,,2.3725e-05,949,,
,,,,,2.3725e-05,,1769780258.6320434,,3567.885629784,,492,,,,2.3725e-05,949,,
,,,,,2.3725e-05,,1769780259.4939709,,3568.747352135,,493,,,,2.3725e-05,949,,
11.0,,,,5727.42236328125,,,1769780260.355202,,3569.608383579,,494,8.653020858764648,,0.0993243008852005,,949,,8.653020858764648
,,,,,2.3975e-05,,1769780291.3436234,,3600.596833673,,495,,,,2.3975e-05,959,,
,,,,,2.3975e-05,,1769780292.2036326,,3601.456845309,,496,,,,2.3975e-05,959,,
,,,,,2.3975e-05,,1769780293.0651557,,3602.318537881,,497,,,,2.3975e-05,959,,
,,,,,2.3975e-05,,1769780293.9266615,,3603.180019786,,498,,,,2.3975e-05,959,,
11.0,,,,5665.99951171875,,,1769780294.788046,,3604.041256343,,499,8.64223861694336,,0.10141860693693161,,959,,8.64223861694336
,,,,,2.4225e-05,,1769780325.775185,,3635.028596912,,500,,,,2.4225e-05,969,,
,,,,,2.4225e-05,,1769780326.6352673,,3635.888445619,,501,,,,2.4225e-05,969,,
,,,,,2.4225e-05,,1769780327.4969313,,3636.750318968,,502,,,,2.4225e-05,969,,
,,,,,2.4225e-05,,1769780328.358685,,3637.612038496,,503,,,,2.4225e-05,969,,
11.0,,,,5650.71240234375,,,1769780329.2198822,,3638.473080786,,504,8.63953685760498,,0.10015174746513367,,969,,8.63953685760498
,,,,,2.4475000000000002e-05,,1769780360.2055404,,3669.458910475,,505,,,,2.4475000000000002e-05,979,,
,,,,,2.4475000000000002e-05,,1769780361.065689,,3670.318861671,,506,,,,2.4475000000000002e-05,979,,
,,,,,2.4475000000000002e-05,,1769780361.9268267,,3671.18023267,,507,,,,2.4475000000000002e-05,979,,
,,,,,2.4475000000000002e-05,,1769780362.7886484,,3672.042009149,,508,,,,2.4475000000000002e-05,979,,
11.0,,,,5630.45361328125,,,1769780363.6500793,,3672.90330153,,509,8.635945320129395,,0.09986303746700287,,979,,8.635945320129395
,,,,,2.4725e-05,,1769780394.6431134,,3703.896479937,,510,,,,2.4725e-05,989,,
,,,,,2.4725e-05,,1769780395.5034516,,3704.75664488,,511,,,,2.4725e-05,989,,
,,,,,2.4725e-05,,1769780396.3653233,,3705.618774464,,512,,,,2.4725e-05,989,,
,,,,,2.4725e-05,,1769780397.2273052,,3706.480670236,,513,,,,2.4725e-05,989,,
11.0,,,,5635.9765625,,,1769780398.0889094,,3707.342111787,,514,8.63692569732666,,0.09765883535146713,,989,,8.63692569732666
,,,,,2.4975e-05,,1769780429.0778234,,3738.33125596,,515,,,,2.4975e-05,999,,
,,,,,2.4975e-05,,1769780429.9387293,,3739.191925786,,516,,,,2.4975e-05,999,,
,,,,,2.4975e-05,,1769780430.8001204,,3740.0535194,,517,,,,2.4975e-05,999,,
,,,,,2.4975e-05,,1769780431.6625786,,3740.915791874,,518,,,,2.4975e-05,999,,
11.0,,,,5661.79736328125,,,1769780432.5240636,,3741.777297797,,519,8.641496658325195,,0.09529591351747513,,999,,8.641496658325195
,,,,,2.5225e-05,,1769780463.5144105,,3772.767745143,,520,,,,2.5225e-05,1009,,
,,,,,2.5225e-05,,1769780464.3743987,,3773.627588893,,521,,,,2.5225e-05,1009,,
,,,,,2.5225e-05,,1769780465.2358744,,3774.48926735,,522,,,,2.5225e-05,1009,,
,,,,,2.5225e-05,,1769780466.0974514,,3775.350789832,,523,,,,2.5225e-05,1009,,
11.0,,,,5575.27392578125,,,1769780466.959146,,3776.21240218,,524,8.626096725463867,,0.09868523478507996,,1009,,8.626096725463867
,,,,,2.5475e-05,,1769780497.9529476,,3807.206343789,,525,,,,2.5475e-05,1019,,
,,,,,2.5475e-05,,1769780498.8134203,,3808.066579503,,526,,,,2.5475e-05,1019,,
,,,,,2.5475e-05,,1769780499.6750827,,3808.928475211,,527,,,,2.5475e-05,1019,,
,,,,,2.5475e-05,,1769780500.5371568,,3809.790501465,,528,,,,2.5475e-05,1019,,
11.0,,,,5485.04345703125,,,1769780501.398646,,3810.65184233,,529,8.609780311584473,,0.10144530981779099,,1019,,8.609780311584473
,,,,,2.5725e-05,,1769780532.3922036,,3841.645476459,,530,,,,2.5725e-05,1029,,
,,,,,2.5725e-05,,1769780533.2523377,,3842.505534571,,531,,,,2.5725e-05,1029,,
,,,,,2.5725e-05,,1769780534.1144257,,3843.367821803,,532,,,,2.5725e-05,1029,,
,,,,,2.5725e-05,,1769780534.9763756,,3844.229735112,,533,,,,2.5725e-05,1029,,
11.0,,,,5443.70849609375,,,1769780535.8381925,,3845.091401381,,534,8.602215766906738,,0.1008521094918251,,1029,,8.602215766906738
11.0,8.557707786560059,0.10028603672981262,,,,,1769780563.1121686,5206.90673828125,3872.365351811,8.557707786560059,535,,,,,1031,,
11.0,,,8.630071640014648,,,0.0996483787894249,1769780566.9533157,,3876.20679386,,536,,5598.16064453125,,,1031,8.630071640014648,
,,,,,2.5974999999999998e-05,,1769780592.0961814,,3901.349504705,,537,,,,2.5974999999999998e-05,1039,,
,,,,,2.5974999999999998e-05,,1769780592.9582238,,3902.211590612,,538,,,,2.5974999999999998e-05,1039,,
,,,,,2.5974999999999998e-05,,1769780593.8207798,,3903.074356411,,539,,,,2.5974999999999998e-05,1039,,
,,,,,2.5974999999999998e-05,,1769780594.6824176,,3903.935813314,,540,,,,2.5974999999999998e-05,1039,,
12.0,,,,5423.64404296875,,,1769780595.544468,,3904.797672921,,541,8.598523139953613,,0.10044382512569427,,1039,,8.598523139953613
,,,,,2.6225e-05,,1769780626.5548584,,3935.808272987,,542,,,,2.6225e-05,1049,,
,,,,,2.6225e-05,,1769780627.4164557,,3936.669807001,,543,,,,2.6225e-05,1049,,
,,,,,2.6225e-05,,1769780628.278846,,3937.532301317,,544,,,,2.6225e-05,1049,,
,,,,,2.6225e-05,,1769780629.1408412,,3938.394533459,,545,,,,2.6225e-05,1049,,
12.0,,,,5415.2919921875,,,1769780630.002509,,3939.255695283,,546,8.5969820022583,,0.09942228347063065,,1049,,8.5969820022583
,,,,,2.6475e-05,,1769780661.0153267,,3970.268497344,,547,,,,2.6475e-05,1059,,
,,,,,2.6475e-05,,1769780661.876453,,3971.12980401,,548,,,,2.6475e-05,1059,,
,,,,,2.6475e-05,,1769780662.73717,,3971.990335883,,549,,,,2.6475e-05,1059,,
,,,,,2.6475e-05,,1769780663.59862,,3972.851909601,,550,,,,2.6475e-05,1059,,
12.0,,,,5394.205078125,,,1769780664.4617128,,3973.715158746,,551,8.593080520629883,,0.09904315322637558,,1059,,8.593080520629883
,,,,,2.6725e-05,,1769780695.472468,,4004.725886456,,552,,,,2.6725e-05,1069,,
,,,,,2.6725e-05,,1769780696.3340695,,4005.587234449,,553,,,,2.6725e-05,1069,,
,,,,,2.6725e-05,,1769780697.1947582,,4006.447940348,,554,,,,2.6725e-05,1069,,
,,,,,2.6725e-05,,1769780698.0563412,,4007.309695253,,555,,,,2.6725e-05,1069,,
12.0,,,,5316.5654296875,,,1769780698.920278,,4008.173657194,,556,8.578582763671875,,0.10114166885614395,,1069,,8.578582763671875
,,,,,2.6975000000000002e-05,,1769780729.9321039,,4039.18548129,,557,,,,2.6975000000000002e-05,1079,,
,,,,,2.6975000000000002e-05,,1769780730.7942986,,4040.047670491,,558,,,,2.6975000000000002e-05,1079,,
,,,,,2.6975000000000002e-05,,1769780731.6549492,,4040.908104975,,559,,,,2.6975000000000002e-05,1079,,
,,,,,2.6975000000000002e-05,,1769780732.51679,,4041.770151001,,560,,,,2.6975000000000002e-05,1079,,
12.0,,,,5231.5146484375,,,1769780733.3802397,,4042.633698503,,561,8.562456130981445,,0.10310007631778717,,1079,,8.562456130981445
,,,,,2.7225e-05,,1769780764.387751,,4073.641201852,,562,,,,2.7225e-05,1089,,
,,,,,2.7225e-05,,1769780765.2495148,,4074.502893389,,563,,,,2.7225e-05,1089,,
,,,,,2.7225e-05,,1769780766.1101046,,4075.363391623,,564,,,,2.7225e-05,1089,,
,,,,,2.7225e-05,,1769780766.9718406,,4076.225206255,,565,,,,2.7225e-05,1089,,
12.0,,,,5302.7060546875,,,1769780767.835287,,4077.088762474,,566,8.575972557067871,,0.09888650476932526,,1089,,8.575972557067871
,,,,,2.7475e-05,,1769780798.8440218,,4108.097465968,,567,,,,2.7475e-05,1099,,
,,,,,2.7475e-05,,1769780799.7057014,,4108.959040553,,568,,,,2.7475e-05,1099,,
,,,,,2.7475e-05,,1769780800.5666785,,4109.81985748,,569,,,,2.7475e-05,1099,,
,,,,,2.7475e-05,,1769780801.4283085,,4110.681627959,,570,,,,2.7475e-05,1099,,
12.0,,,,5279.37890625,,,1769780802.291647,,4111.545097441,,571,8.571563720703125,,0.09830455482006073,,1099,,8.571563720703125
,,,,,2.7725e-05,,1769780833.302294,,4142.555740952,,572,,,,2.7725e-05,1109,,
,,,,,2.7725e-05,,1769780834.1637352,,4143.417060948,,573,,,,2.7725e-05,1109,,
,,,,,2.7725e-05,,1769780835.0240543,,4144.277350707,,574,,,,2.7725e-05,1109,,
,,,,,2.7725e-05,,1769780835.8853078,,4145.138660788,,575,,,,2.7725e-05,1109,,
12.0,,,,5209.91162109375,,,1769780836.7486238,,4146.002070123,,576,8.558318138122559,,0.09970365464687347,,1109,,8.558318138122559
12.0,8.499824523925781,0.10024087876081467,,,,,1769780884.6586332,4914.11474609375,4193.911800336,8.499824523925781,577,,,,,1117,,
12.0,,,8.578919410705566,,,0.10005654394626617,1769780888.1087272,,4197.362166113,,578,,5319.06103515625,,,1117,8.578919410705566,
,,,,,2.7975000000000002e-05,,1769780892.5865302,,4201.839984925,,579,,,,2.7975000000000002e-05,1119,,
,,,,,2.7975000000000002e-05,,1769780893.4479373,,4202.701292449,,580,,,,2.7975000000000002e-05,1119,,
,,,,,2.7975000000000002e-05,,1769780894.3082106,,4203.561451687,,581,,,,2.7975000000000002e-05,1119,,
,,,,,2.7975000000000002e-05,,1769780895.1699862,,4204.423334645,,582,,,,2.7975000000000002e-05,1119,,
13.0,,,,5188.26904296875,,,1769780896.0328667,,4205.286326209,,583,8.554155349731445,,0.09960144013166428,,1119,,8.554155349731445
,,,,,2.8225e-05,,1769780927.0291755,,4236.282585723,,584,,,,2.8225e-05,1129,,
,,,,,2.8225e-05,,1769780927.890965,,4237.144351278,,585,,,,2.8225e-05,1129,,
,,,,,2.8225e-05,,1769780928.7531495,,4238.006528883,,586,,,,2.8225e-05,1129,,
,,,,,2.8225e-05,,1769780929.614655,,4238.868039094,,587,,,,2.8225e-05,1129,,
13.0,,,,5124.75830078125,,,1769780930.475943,,4239.729153722,,588,8.541838645935059,,0.10056302696466446,,1129,,8.541838645935059
,,,,,2.8475e-05,,1769780961.4729152,,4270.726113976,,589,,,,2.8475e-05,1139,,
,,,,,2.8475e-05,,1769780962.3340075,,4271.587368487,,590,,,,2.8475e-05,1139,,
,,,,,2.8475e-05,,1769780963.1962256,,4272.449664683,,591,,,,2.8475e-05,1139,,
,,,,,2.8475e-05,,1769780964.057641,,4273.310967507,,592,,,,2.8475e-05,1139,,
13.0,,,,5174.19140625,,,1769780964.9186425,,4274.171820645,,593,8.551438331604004,,0.0977838784456253,,1139,,8.551438331604004
,,,,,2.8725e-05,,1769780995.914474,,4305.167775766,,594,,,,2.8725e-05,1149,,
,,,,,2.8725e-05,,1769780996.775755,,4306.029119174,,595,,,,2.8725e-05,1149,,
,,,,,2.8725e-05,,1769780997.6376226,,4306.891070976,,596,,,,2.8725e-05,1149,,
,,,,,2.8725e-05,,1769780998.4990416,,4307.752409777,,597,,,,2.8725e-05,1149,,
13.0,,,,5129.53564453125,,,1769780999.3599875,,4308.613171462,,598,8.542770385742188,,0.09753913432359695,,1149,,8.542770385742188
,,,,,2.8975000000000003e-05,,1769781030.354878,,4339.608298694,,599,,,,2.8975000000000003e-05,1159,,
,,,,,2.8975000000000003e-05,,1769781031.2165215,,4340.469834435,,600,,,,2.8975000000000003e-05,1159,,
,,,,,2.8975000000000003e-05,,1769781032.0787323,,4341.332151679,,601,,,,2.8975000000000003e-05,1159,,
,,,,,2.8975000000000003e-05,,1769781032.9398937,,4342.193284395,,602,,,,2.8975000000000003e-05,1159,,
13.0,,,,5007.982421875,,,1769781033.8013427,,4343.05455676,,603,8.51878833770752,,0.10158444941043854,,1159,,8.51878833770752
,,,,,2.9225000000000002e-05,,1769781064.7969005,,4374.050287023,,604,,,,2.9225000000000002e-05,1169,,
,,,,,2.9225000000000002e-05,,1769781065.6580563,,4374.91143849,,605,,,,2.9225000000000002e-05,1169,,
,,,,,2.9225000000000002e-05,,1769781066.5201428,,4375.773600485,,606,,,,2.9225000000000002e-05,1169,,
,,,,,2.9225000000000002e-05,,1769781067.381676,,4376.635015247,,607,,,,2.9225000000000002e-05,1169,,
13.0,,,,5061.716796875,,,1769781068.2427602,,4377.495953614,,608,8.529460906982422,,0.09826076775789261,,1169,,8.529460906982422
,,,,,2.9475e-05,,1769781099.2419019,,4408.495293874,,609,,,,2.9475e-05,1179,,
,,,,,2.9475e-05,,1769781100.103231,,4409.356577773,,610,,,,2.9475e-05,1179,,
,,,,,2.9475e-05,,1769781100.9654105,,4410.218828845,,611,,,,2.9475e-05,1179,,
,,,,,2.9475e-05,,1769781101.8269901,,4411.080347107,,612,,,,2.9475e-05,1179,,
13.0,,,,5058.35302734375,,,1769781102.6883512,,4411.941570124,,613,8.528796195983887,,0.09695344418287277,,1179,,8.528796195983887
,,,,,2.9725000000000004e-05,,1769781133.6872005,,4442.940557717,,614,,,,2.9725000000000004e-05,1189,,
,,,,,2.9725000000000004e-05,,1769781134.54904,,4443.802406007,,615,,,,2.9725000000000004e-05,1189,,
,,,,,2.9725000000000004e-05,,1769781135.4113445,,4444.664727048,,616,,,,2.9725000000000004e-05,1189,,
,,,,,2.9725000000000004e-05,,1769781136.2733383,,4445.526646996,,617,,,,2.9725000000000004e-05,1189,,
13.0,,,,4927.8818359375,,,1769781137.1341937,,4446.387428104,,618,8.502664566040039,,0.10119892656803131,,1189,,8.502664566040039
,,,,,2.9975000000000004e-05,,1769781168.1317127,,4477.385112921,,619,,,,2.9975000000000004e-05,1199,,
,,,,,2.9975000000000004e-05,,1769781168.9930027,,4478.246383406,,620,,,,2.9975000000000004e-05,1199,,
,,,,,2.9975000000000004e-05,,1769781169.8554788,,4479.108893124,,621,,,,2.9975000000000004e-05,1199,,
,,,,,2.9975000000000004e-05,,1769781170.7168071,,4479.970209328,,622,,,,2.9975000000000004e-05,1199,,
13.0,,,,4942.12841796875,,,1769781171.5780354,,4480.831234365,,623,8.5055513381958,,0.09856574982404709,,1199,,8.5055513381958
13.0,8.44002628326416,0.10025091469287872,,,,,1769781205.686489,4628.9228515625,4514.93964858,8.44002628326416,624,,,,,1203,,
13.0,,,8.525503158569336,,,0.10009780526161194,1769781212.08426,,4521.337725978,,625,,5042.513671875,,,1203,8.525503158569336,
,,,,,3.0225000000000003e-05,,1769781230.3295126,,4539.582959322,,626,,,,3.0225000000000003e-05,1209,,
,,,,,3.0225000000000003e-05,,1769781231.1900153,,4540.443198023,,627,,,,3.0225000000000003e-05,1209,,
,,,,,3.0225000000000003e-05,,1769781232.0511897,,4541.304550097,,628,,,,3.0225000000000003e-05,1209,,
,,,,,3.0225000000000003e-05,,1769781232.9132109,,4542.166665228,,629,,,,3.0225000000000003e-05,1209,,
14.0,,,,4790.28515625,,,1769781233.775384,,4543.028785096,,630,8.474345207214355,,0.10384224355220795,,1209,,8.474345207214355
,,,,,3.0475000000000002e-05,,1769781264.7691746,,4574.022540615,,631,,,,3.0475000000000002e-05,1219,,
,,,,,3.0475000000000002e-05,,1769781265.6291142,,4574.88233344,,632,,,,3.0475000000000002e-05,1219,,
,,,,,3.0475000000000002e-05,,1769781266.4901836,,4575.743546328,,633,,,,3.0475000000000002e-05,1219,,
,,,,,3.0475000000000002e-05,,1769781267.352798,,4576.606332901,,634,,,,3.0475000000000002e-05,1219,,
14.0,,,,4796.77197265625,,,1769781268.2152674,,4577.468679343,,635,8.475698471069336,,0.10229241847991943,,1219,,8.475698471069336
,,,,,3.0725e-05,,1769781299.2160754,,4608.469460625,,636,,,,3.0725e-05,1229,,
,,,,,3.0725e-05,,1769781300.0762665,,4609.329462537,,637,,,,3.0725e-05,1229,,
,,,,,3.0725e-05,,1769781300.9373698,,4610.190738433,,638,,,,3.0725e-05,1229,,
,,,,,3.0725e-05,,1769781301.799653,,4611.053119701,,639,,,,3.0725e-05,1229,,
14.0,,,,4722.35107421875,,,1769781302.662196,,4611.915623832,,640,8.460062026977539,,0.10361892729997635,,1229,,8.460062026977539
,,,,,3.0975e-05,,1769781333.6689622,,4642.922355311,,641,,,,3.0975e-05,1239,,
,,,,,3.0975e-05,,1769781334.5316007,,4643.784949391,,642,,,,3.0975e-05,1239,,
,,,,,3.0975e-05,,1769781335.3938832,,4644.647210952,,643,,,,3.0975e-05,1239,,
,,,,,3.0975e-05,,1769781336.2567627,,4645.510110731,,644,,,,3.0975e-05,1239,,
14.0,,,,4717.48046875,,,1769781337.1194916,,4646.372877992,,645,8.459030151367188,,0.10222084820270538,,1239,,8.459030151367188
,,,,,3.122500000000001e-05,,1769781368.1233962,,4677.376784212,,646,,,,3.122500000000001e-05,1249,,
,,,,,3.122500000000001e-05,,1769781368.9837813,,4678.236970687,,647,,,,3.122500000000001e-05,1249,,
,,,,,3.122500000000001e-05,,1769781369.845773,,4679.099163688,,648,,,,3.122500000000001e-05,1249,,
,,,,,3.122500000000001e-05,,1769781370.7081127,,4679.961477781,,649,,,,3.122500000000001e-05,1249,,
14.0,,,,4524.21435546875,,,1769781371.571255,,4680.824478005,,650,8.41719913482666,,0.10129385441541672,,1249,,8.41719913482666
,,,,,3.1475e-05,,1769781402.583385,,4711.836798762,,651,,,,3.1475e-05,1259,,
,,,,,3.1475e-05,,1769781403.4437795,,4712.697016808,,652,,,,3.1475e-05,1259,,
,,,,,3.1475e-05,,1769781404.3055212,,4713.55885596,,653,,,,3.1475e-05,1259,,
,,,,,3.1475e-05,,1769781405.1679752,,4714.421459381,,654,,,,3.1475e-05,1259,,
14.0,,,,4347.7626953125,,,1769781406.0310361,,4715.284472708,,655,8.377416610717773,,0.09661555290222168,,1259,,8.377416610717773
,,,,,3.1725e-05,,1769781437.0469654,,4746.300374249,,656,,,,3.1725e-05,1269,,
,,,,,3.1725e-05,,1769781437.9075518,,4747.160783996,,657,,,,3.1725e-05,1269,,
,,,,,3.1725e-05,,1769781438.7694604,,4748.022824885,,658,,,,3.1725e-05,1269,,
,,,,,3.1725e-05,,1769781439.6318321,,4748.8853027,,659,,,,3.1725e-05,1269,,
14.0,,,,4015.481689453125,,,1769781440.494555,,4749.747939864,,660,8.29791259765625,,0.09895752370357513,,1269,,8.29791259765625
,,,,,3.1975e-05,,1769781471.5057054,,4780.75888438,,661,,,,3.1975e-05,1279,,
,,,,,3.1975e-05,,1769781472.3660004,,4781.619217216,,662,,,,3.1975e-05,1279,,
,,,,,3.1975e-05,,1769781473.227542,,4782.480898948,,663,,,,3.1975e-05,1279,,
,,,,,3.1975e-05,,1769781474.0899448,,4783.343314492,,664,,,,3.1975e-05,1279,,
14.0,,,,3589.606201171875,,,1769781474.9526725,,4784.20607177,,665,8.185797691345215,,0.10456570982933044,,1279,,8.185797691345215
,,,,,3.2225e-05,,1769781505.9570174,,4815.21032868,,666,,,,3.2225e-05,1289,,
,,,,,3.2225e-05,,1769781506.8171532,,4816.070393917,,667,,,,3.2225e-05,1289,,
,,,,,3.2225e-05,,1769781507.6777122,,4816.930972755,,668,,,,3.2225e-05,1289,,
14.0,,,,3525.7099609375,,,1769781508.2741055,,4817.527329382,,669,8.167837142944336,,0.09473804384469986,,1289,,8.167837142944336
14.0,8.058568000793457,0.1004023477435112,,,,,1769781529.7584536,3161.248779296875,4839.011637088,8.058568000793457,670,,,,,1289,,
14.0,,,8.385917663574219,,,0.10010407865047455,1769781533.2672555,,4842.520692715,,671,,4413.29345703125,,,1289,8.385917663574219,
,,,,,3.2474999999999997e-05,,1769781565.3063672,,4874.559843482,,672,,,,3.2474999999999997e-05,1299,,
,,,,,3.2474999999999997e-05,,1769781566.1689363,,4875.422338144,,673,,,,3.2474999999999997e-05,1299,,
,,,,,3.2474999999999997e-05,,1769781567.0310962,,4876.284425944,,674,,,,3.2474999999999997e-05,1299,,
,,,,,3.2474999999999997e-05,,1769781567.891429,,4877.144627431,,675,,,,3.2474999999999997e-05,1299,,
15.0,,,,3343.49462890625,,,1769781568.754182,,4878.007622525,,676,8.114771842956543,,0.10116899758577347,,1299,,8.114771842956543
,,,,,3.2725e-05,,1769781599.7668092,,4909.020205855,,677,,,,3.2725e-05,1309,,
,,,,,3.2725e-05,,1769781600.6291656,,4909.88256111,,678,,,,3.2725e-05,1309,,
,,,,,3.2725e-05,,1769781601.4916563,,4910.745063687,,679,,,,3.2725e-05,1309,,
,,,,,3.2725e-05,,1769781602.35265,,4911.605849895,,680,,,,3.2725e-05,1309,,
15.0,,,,3113.00732421875,,,1769781603.2153928,,4912.468857561,,681,8.043344497680664,,0.1008838564157486,,1309,,8.043344497680664
,,,,,3.2975e-05,,1769781634.227043,,4943.480440086,,682,,,,3.2975e-05,1319,,
,,,,,3.2975e-05,,1769781635.0890756,,4944.342504587,,683,,,,3.2975e-05,1319,,
,,,,,3.2975e-05,,1769781635.9508507,,4945.204267716,,684,,,,3.2975e-05,1319,,
,,,,,3.2975e-05,,1769781636.8117013,,4946.064892755,,685,,,,3.2975e-05,1319,,
15.0,,,,3198.689697265625,,,1769781637.6743102,,4946.927766021,,686,8.070496559143066,,0.09825772792100906,,1319,,8.070496559143066
,,,,,3.3225e-05,,1769781668.687595,,4977.940973025,,687,,,,3.3225e-05,1329,,
,,,,,3.3225e-05,,1769781669.5500016,,4978.803461646,,688,,,,3.3225e-05,1329,,
,,,,,3.3225e-05,,1769781670.4117525,,4979.665160361,,689,,,,3.3225e-05,1329,,
,,,,,3.3225e-05,,1769781671.2724748,,4980.525687115,,690,,,,3.3225e-05,1329,,
15.0,,,,2970.70166015625,,,1769781672.1351278,,4981.38853026,,691,7.996553421020508,,0.09762584418058395,,1329,,7.996553421020508
,,,,,3.3475e-05,,1769781703.1467957,,5012.40017335,,692,,,,3.3475e-05,1339,,
,,,,,3.3475e-05,,1769781704.0093346,,5013.262805571,,693,,,,3.3475e-05,1339,,
,,,,,3.3475e-05,,1769781704.8711236,,5014.124488966,,694,,,,3.3475e-05,1339,,
,,,,,3.3475e-05,,1769781705.731478,,5014.984691996,,695,,,,3.3475e-05,1339,,
15.0,,,,2936.181640625,,,1769781706.5940633,,5015.847453441,,696,7.984865188598633,,0.09739245474338531,,1339,,7.984865188598633
,,,,,3.3725e-05,,1769781737.6066496,,5046.86002336,,697,,,,3.3725e-05,1349,,
,,,,,3.3725e-05,,1769781738.4690583,,5047.722524866,,698,,,,3.3725e-05,1349,,
,,,,,3.3725e-05,,1769781739.3306477,,5048.584013001,,699,,,,3.3725e-05,1349,,
,,,,,3.3725e-05,,1769781740.1914105,,5049.444658369,,700,,,,3.3725e-05,1349,,
15.0,,,,2878.329345703125,,,1769781741.0541565,,5050.307587278,,701,7.964965343475342,,0.09963648021221161,,1349,,7.964965343475342
,,,,,3.3975e-05,,1769781772.0686908,,5081.322089492,,702,,,,3.3975e-05,1359,,
,,,,,3.3975e-05,,1769781772.9314148,,5082.184849987,,703,,,,3.3975e-05,1359,,
,,,,,3.3975e-05,,1769781773.7932165,,5083.046607574,,704,,,,3.3975e-05,1359,,
,,,,,3.3975e-05,,1769781774.6537673,,5083.906936385,,705,,,,3.3975e-05,1359,,
15.0,,,,2642.670654296875,,,1769781775.5165083,,5084.769954427,,706,7.879545211791992,,0.10150033980607986,,1359,,7.879545211791992
,,,,,3.4225e-05,,1769781806.5289114,,5115.782300707,,707,,,,3.4225e-05,1369,,
,,,,,3.4225e-05,,1769781807.39133,,5116.644777827,,708,,,,3.4225e-05,1369,,
,,,,,3.4225e-05,,1769781808.252893,,5117.506276487,,709,,,,3.4225e-05,1369,,
,,,,,3.4225e-05,,1769781809.1135623,,5118.366723366,,710,,,,3.4225e-05,1369,,
15.0,,,,2528.82177734375,,,1769781809.9762347,,5119.22962864,,711,7.835508823394775,,0.10039209574460983,,1369,,7.835508823394775
15.0,7.773675918579102,0.10056564211845398,,,,,1769781850.996664,2378.661865234375,5160.249831332,7.773675918579102,712,,,,,1375,,
15.0,,,7.981034278869629,,,0.10016630589962006,1769781854.8579226,,5164.11131177,,713,,2935.19580078125,,,1375,7.981034278869629,
,,,,,3.4475000000000005e-05,,1769781866.2305915,,5175.484033125,,714,,,,3.4475000000000005e-05,1379,,
,,,,,3.4475000000000005e-05,,1769781867.0922916,,5176.345716504,,715,,,,3.4475000000000005e-05,1379,,
,,,,,3.4475000000000005e-05,,1769781867.9546652,,5177.208078384,,716,,,,3.4475000000000005e-05,1379,,
,,,,,3.4475000000000005e-05,,1769781868.8169749,,5178.07039238,,717,,,,3.4475000000000005e-05,1379,,
16.0,,,,2450.499267578125,,,1769781869.6787682,,5178.931971653,,718,7.804047107696533,,0.09983205050230026,,1379,,7.804047107696533
,,,,,3.4725000000000004e-05,,1769781900.688923,,5209.942360642,,719,,,,3.4725000000000004e-05,1389,,
,,,,,3.4725000000000004e-05,,1769781901.5506127,,5210.803989781,,720,,,,3.4725000000000004e-05,1389,,
,,,,,3.4725000000000004e-05,,1769781902.41302,,5211.666509138,,721,,,,3.4725000000000004e-05,1389,,
,,,,,3.4725000000000004e-05,,1769781903.2750187,,5212.528417196,,722,,,,3.4725000000000004e-05,1389,,
16.0,,,,2514.458984375,,,1769781904.1363525,,5213.389562127,,723,7.829813003540039,,0.10184967517852783,,1389,,7.829813003540039
,,,,,3.4975e-05,,1769781935.1471832,,5244.400616716,,724,,,,3.4975e-05,1399,,
,,,,,3.4975e-05,,1769781936.0089622,,5245.262333728,,725,,,,3.4975e-05,1399,,
,,,,,3.4975e-05,,1769781936.8713214,,5246.124763562,,726,,,,3.4975e-05,1399,,
,,,,,3.4975e-05,,1769781937.7332182,,5246.986603178,,727,,,,3.4975e-05,1399,,
16.0,,,,2461.561767578125,,,1769781938.5947988,,5247.847994361,,728,7.80855131149292,,0.10030738264322281,,1399,,7.80855131149292
,,,,,3.5225e-05,,1769781969.6057568,,5278.859162183,,729,,,,3.5225e-05,1409,,
,,,,,3.5225e-05,,1769781970.4678051,,5279.721197575,,730,,,,3.5225e-05,1409,,
,,,,,3.5225e-05,,1769781971.3305173,,5280.583969654,,731,,,,3.5225e-05,1409,,
,,,,,3.5225e-05,,1769781972.1926165,,5281.445971365,,732,,,,3.5225e-05,1409,,
16.0,,,,2280.463134765625,,,1769781973.0541098,,5282.307318933,,733,7.732133865356445,,0.10029348731040955,,1409,,7.732133865356445
,,,,,3.5475e-05,,1769782004.0697603,,5313.323110289,,734,,,,3.5475e-05,1419,,
,,,,,3.5475e-05,,1769782004.931905,,5314.185282747,,735,,,,3.5475e-05,1419,,
,,,,,3.5475e-05,,1769782005.7945516,,5315.04801035,,736,,,,3.5475e-05,1419,,
,,,,,3.5475e-05,,1769782006.6563325,,5315.909699793,,737,,,,3.5475e-05,1419,,
16.0,,,,2418.6416015625,,,1769782007.5181565,,5316.771376757,,738,7.790961265563965,,0.0980483815073967,,1419,,7.790961265563965
,,,,,3.5725e-05,,1769782038.5336592,,5347.787061502,,739,,,,3.5725e-05,1429,,
,,,,,3.5725e-05,,1769782039.3953378,,5348.648716894,,740,,,,3.5725e-05,1429,,
,,,,,3.5725e-05,,1769782040.2580059,,5349.511447573,,741,,,,3.5725e-05,1429,,
,,,,,3.5725e-05,,1769782041.1198838,,5350.373251118,,742,,,,3.5725e-05,1429,,
16.0,,,,2341.302001953125,,,1769782041.9814076,,5351.234631728,,743,7.758462429046631,,0.09572676569223404,,1429,,7.758462429046631
,,,,,3.5975e-05,,1769782072.9953213,,5382.248733623,,744,,,,3.5975e-05,1439,,
,,,,,3.5975e-05,,1769782073.857392,,5383.11077099,,745,,,,3.5975e-05,1439,,
,,,,,3.5975e-05,,1769782074.7201853,,5383.973617764,,746,,,,3.5975e-05,1439,,
,,,,,3.5975e-05,,1769782075.5820234,,5384.835371035,,747,,,,3.5975e-05,1439,,
16.0,,,,2353.051513671875,,,1769782076.4444394,,5385.697676426,,748,7.763468265533447,,0.09930761158466339,,1439,,7.763468265533447
,,,,,3.6225000000000006e-05,,1769782107.4606366,,5416.714089421,,749,,,,3.6225000000000006e-05,1449,,
,,,,,3.6225000000000006e-05,,1769782108.322412,,5417.575793269,,750,,,,3.6225000000000006e-05,1449,,
,,,,,3.6225000000000006e-05,,1769782109.1848505,,5418.438315517,,751,,,,3.6225000000000006e-05,1449,,
,,,,,3.6225000000000006e-05,,1769782110.0468116,,5419.30016948,,752,,,,3.6225000000000006e-05,1449,,
16.0,,,,2204.775390625,,,1769782110.9090748,,5420.16235389,,753,7.698380947113037,,0.10171875357627869,,1449,,7.698380947113037
,,,,,3.6475000000000006e-05,,1769782141.926015,,5451.179376289,,754,,,,3.6475000000000006e-05,1459,,
,,,,,3.6475000000000006e-05,,1769782142.787942,,5452.041371406,,755,,,,3.6475000000000006e-05,1459,,
,,,,,3.6475000000000006e-05,,1769782143.6505914,,5452.903977891,,756,,,,3.6475000000000006e-05,1459,,
,,,,,3.6475000000000006e-05,,1769782144.5125957,,5453.76597495,,757,,,,3.6475000000000006e-05,1459,,
16.0,,,,2087.47412109375,,,1769782145.37404,,5454.627271847,,758,7.643710136413574,,0.10159137845039368,,1459,,7.643710136413574
16.0,7.624814987182617,0.10068560391664505,,,,,1769782172.6380658,2050.707763671875,5481.89128671,7.624814987182617,759,,,,,1461,,
16.0,,,7.780290126800537,,,0.10031288862228394,1769782176.566063,,5485.819531565,,760,,2397.744384765625,,,1461,7.780290126800537,
,,,,,3.6725000000000005e-05,,1769782201.7102802,,5510.963708664,,761,,,,3.6725000000000005e-05,1469,,
,,,,,3.6725000000000005e-05,,1769782202.5721114,,5511.825480066,,762,,,,3.6725000000000005e-05,1469,,
,,,,,3.6725000000000005e-05,,1769782203.4344954,,5512.687849347,,763,,,,3.6725000000000005e-05,1469,,
,,,,,3.6725000000000005e-05,,1769782204.296574,,5513.549944255,,764,,,,3.6725000000000005e-05,1469,,
17.0,,,,2210.38916015625,,,1769782205.159987,,5514.413362382,,765,7.700923919677734,,0.10098886489868164,,1469,,7.700923919677734
,,,,,3.6975000000000004e-05,,1769782236.1795807,,5545.432954094,,766,,,,3.6975000000000004e-05,1479,,
,,,,,3.6975000000000004e-05,,1769782237.0413299,,5546.294696954,,767,,,,3.6975000000000004e-05,1479,,
,,,,,3.6975000000000004e-05,,1769782237.9020188,,5547.155241423,,768,,,,3.6975000000000004e-05,1479,,
,,,,,3.6975000000000004e-05,,1769782238.763874,,5548.017250213,,769,,,,3.6975000000000004e-05,1479,,
17.0,,,,2252.139404296875,,,1769782239.6274807,,5548.880797154,,770,7.719635963439941,,0.1000078096985817,,1479,,7.719635963439941
,,,,,3.7225000000000004e-05,,1769782270.648686,,5579.90211,,771,,,,3.7225000000000004e-05,1489,,
,,,,,3.7225000000000004e-05,,1769782271.5108132,,5580.763993703,,772,,,,3.7225000000000004e-05,1489,,
,,,,,3.7225000000000004e-05,,1769782272.3720384,,5581.625218295,,773,,,,3.7225000000000004e-05,1489,,
,,,,,3.7225000000000004e-05,,1769782273.2337923,,5582.487133185,,774,,,,3.7225000000000004e-05,1489,,
17.0,,,,2019.1630859375,,,1769782274.0971084,,5583.350530983,,775,7.610438346862793,,0.0994727611541748,,1489,,7.610438346862793
,,,,,3.7475e-05,,1769782305.117441,,5614.370828118,,776,,,,3.7475e-05,1499,,
,,,,,3.7475e-05,,1769782305.9791381,,5615.232502077,,777,,,,3.7475e-05,1499,,
,,,,,3.7475e-05,,1769782306.8402164,,5616.093406229,,778,,,,3.7475e-05,1499,,
,,,,,3.7475e-05,,1769782307.7023358,,5616.955653349,,779,,,,3.7475e-05,1499,,
17.0,,,,1988.60107421875,,,1769782308.565687,,5617.819098489,,780,7.595186710357666,,0.10157322883605957,,1499,,7.595186710357666
,,,,,3.7725e-05,,1769782339.5892615,,5648.842694578,,781,,,,3.7725e-05,1509,,
,,,,,3.7725e-05,,1769782340.450916,,5649.704231712,,782,,,,3.7725e-05,1509,,
,,,,,3.7725e-05,,1769782341.311922,,5650.565101273,,783,,,,3.7725e-05,1509,,
,,,,,3.7725e-05,,1769782342.1736822,,5651.427017246,,784,,,,3.7725e-05,1509,,
17.0,,,,2064.967529296875,,,1769782343.0373576,,5652.290762248,,785,7.632869720458984,,0.10345369577407837,,1509,,7.632869720458984
,,,,,3.7975e-05,,1769782374.0650733,,5683.318515921,,786,,,,3.7975e-05,1519,,
,,,,,3.7975e-05,,1769782374.9273102,,5684.180605186,,787,,,,3.7975e-05,1519,,
,,,,,3.7975e-05,,1769782375.788325,,5685.041522529,,788,,,,3.7975e-05,1519,,
,,,,,3.7975e-05,,1769782376.6504605,,5685.903801229,,789,,,,3.7975e-05,1519,,
17.0,,,,2103.09033203125,,,1769782377.5140538,,5686.767505951,,790,7.651163101196289,,0.09947255253791809,,1519,,7.651163101196289
,,,,,3.8225e-05,,1769782408.5427754,,5717.796215726,,791,,,,3.8225e-05,1529,,
,,,,,3.8225e-05,,1769782409.404874,,5718.658268637,,792,,,,3.8225e-05,1529,,
,,,,,3.8225e-05,,1769782410.2658365,,5719.519050228,,793,,,,3.8225e-05,1529,,
,,,,,3.8225e-05,,1769782411.127771,,5720.380982348,,794,,,,3.8225e-05,1529,,
17.0,,,,2335.58056640625,,,1769782411.9911892,,5721.244631498,,795,7.756015777587891,,0.09873230755329132,,1529,,7.756015777587891
,,,,,3.8475e-05,,1769782443.0146365,,5752.268055364,,796,,,,3.8475e-05,1539,,
,,,,,3.8475e-05,,1769782443.8764446,,5753.129804029,,797,,,,3.8475e-05,1539,,
,,,,,3.8475e-05,,1769782444.7376359,,5753.990841796,,798,,,,3.8475e-05,1539,,
,,,,,3.8475e-05,,1769782445.5996287,,5754.852956901,,799,,,,3.8475e-05,1539,,
17.0,,,,1850.5703125,,,1769782446.4632175,,5755.716678291,,800,7.52324914932251,,0.10028854757547379,,1539,,7.52324914932251
17.0,7.517834663391113,0.10083065181970596,,,,,1769782494.383565,1843.28955078125,5803.636737376,7.517834663391113,801,,,,,1547,,
17.0,,,7.659497261047363,,,0.10045969486236572,1769782499.0230153,,5808.276421458,,802,,2125.126220703125,,,1547,7.659497261047363,
,,,,,3.8725e-05,,1769782503.5168571,,5812.770298675,,803,,,,3.8725e-05,1549,,
,,,,,3.8725e-05,,1769782504.378885,,5813.632281514,,804,,,,3.8725e-05,1549,,
,,,,,3.8725e-05,,1769782505.2404382,,5814.49365714,,805,,,,3.8725e-05,1549,,
,,,,,3.8725e-05,,1769782506.1013372,,5815.35450991,,806,,,,3.8725e-05,1549,,
18.0,,,,1781.7369384765625,,,1769782506.9644396,,5816.217788726,,807,7.485343933105469,,0.10007033497095108,,1549,,7.485343933105469
,,,,,3.8975e-05,,1769782537.9695916,,5847.223058437,,808,,,,3.8975e-05,1559,,
,,,,,3.8975e-05,,1769782538.831321,,5848.084716418,,809,,,,3.8975e-05,1559,,
,,,,,3.8975e-05,,1769782539.6928716,,5848.946059556,,810,,,,3.8975e-05,1559,,
,,,,,3.8975e-05,,1769782540.5536904,,5849.806891616,,811,,,,3.8975e-05,1559,,
18.0,,,,1941.2359619140625,,,1769782541.416708,,5850.670125325,,812,7.571080207824707,,0.10142321139574051,,1559,,7.571080207824707
,,,,,3.9225e-05,,1769782572.420577,,5881.674044671,,813,,,,3.9225e-05,1569,,
,,,,,3.9225e-05,,1769782573.282307,,5882.535686869,,814,,,,3.9225e-05,1569,,
,,,,,3.9225e-05,,1769782574.14315,,5883.396347482,,815,,,,3.9225e-05,1569,,
,,,,,3.9225e-05,,1769782575.0037827,,5884.25701779,,816,,,,3.9225e-05,1569,,
18.0,,,,1935.87646484375,,,1769782575.8668485,,5885.120270759,,817,7.568315505981445,,0.09817611426115036,,1569,,7.568315505981445
,,,,,3.9475000000000004e-05,,1769782606.8836887,,5916.137122773,,818,,,,3.9475000000000004e-05,1579,,
,,,,,3.9475000000000004e-05,,1769782607.7458935,,5916.999291945,,819,,,,3.9475000000000004e-05,1579,,
,,,,,3.9475000000000004e-05,,1769782608.6069188,,5917.860136726,,820,,,,3.9475000000000004e-05,1579,,
,,,,,3.9475000000000004e-05,,1769782609.4685988,,5918.721975851,,821,,,,3.9475000000000004e-05,1579,,
18.0,,,,1944.273681640625,,,1769782610.332633,,5919.585984827,,822,7.572643756866455,,0.0977727621793747,,1579,,7.572643756866455
,,,,,3.9725e-05,,1769782641.3542693,,5950.60772445,,823,,,,3.9725e-05,1589,,
,,,,,3.9725e-05,,1769782642.2161803,,5951.469578929,,824,,,,3.9725e-05,1589,,
,,,,,3.9725e-05,,1769782643.0771244,,5952.330395339,,825,,,,3.9725e-05,1589,,
,,,,,3.9725e-05,,1769782643.9392092,,5953.192535347,,826,,,,3.9725e-05,1589,,
18.0,,,,1858.7303466796875,,,1769782644.8031409,,5954.056580869,,827,7.52764892578125,,0.1020137369632721,,1589,,7.52764892578125
,,,,,3.9975e-05,,1769782675.834645,,5985.088113241,,828,,,,3.9975e-05,1599,,
,,,,,3.9975e-05,,1769782676.696706,,5985.950090226,,829,,,,3.9975e-05,1599,,
,,,,,3.9975e-05,,1769782677.558408,,5986.811738456,,830,,,,3.9975e-05,1599,,
,,,,,3.9975e-05,,1769782678.4214442,,5987.674775593,,831,,,,3.9975e-05,1599,,
18.0,,,,2140.757080078125,,,1769782679.2848585,,5988.538303188,,832,7.668914794921875,,0.09899348020553589,,1599,,7.668914794921875
,,,,,4.0225e-05,,1769782710.3221598,,6019.575720808,,833,,,,4.0225e-05,1609,,
,,,,,4.0225e-05,,1769782711.1839519,,6020.43732313,,834,,,,4.0225e-05,1609,,
,,,,,4.0225e-05,,1769782712.0457718,,6021.299104491,,835,,,,4.0225e-05,1609,,
,,,,,4.0225e-05,,1769782712.9083316,,6022.161637332,,836,,,,4.0225e-05,1609,,
18.0,,,,1796.948974609375,,,1769782713.771767,,6023.025196965,,837,7.493845462799072,,0.09773062914609909,,1609,,7.493845462799072
,,,,,4.0475e-05,,1769782744.808974,,6054.062454367,,838,,,,4.0475e-05,1619,,
,,,,,4.0475e-05,,1769782745.6709065,,6054.924314778,,839,,,,4.0475e-05,1619,,
,,,,,4.0475e-05,,1769782746.5328822,,6055.786240847,,840,,,,4.0475e-05,1619,,
,,,,,4.0475e-05,,1769782747.395637,,6056.648971246,,841,,,,4.0475e-05,1619,,
18.0,,,,1750.65576171875,,,1769782748.2597015,,6057.513164603,,842,7.467745780944824,,0.10143555700778961,,1619,,7.467745780944824
,,,,,4.0725e-05,,1769782779.294655,,6088.548076231,,843,,,,4.0725e-05,1629,,
,,,,,4.0725e-05,,1769782780.1565976,,6089.40996786,,844,,,,4.0725e-05,1629,,
,,,,,4.0725e-05,,1769782781.0188348,,6090.272189174,,845,,,,4.0725e-05,1629,,
,,,,,4.0725e-05,,1769782781.8814416,,6091.134796538,,846,,,,4.0725e-05,1629,,
18.0,,,,1842.2247314453125,,,1769782782.745235,,6091.998680391,,847,7.518729209899902,,0.09911138564348221,,1629,,7.518729209899902
18.0,7.443463325500488,0.10089496523141861,,,,,1769782816.861255,1711.0860595703125,6126.114388063,7.443463325500488,848,,,,,1633,,
18.0,,,7.569121837615967,,,0.10056809335947037,1769782821.089788,,6130.343031114,,849,,1940.9468994140625,,,1633,7.569121837615967,
,,,,,4.0975e-05,,1769782839.3635638,,6148.616979076,,850,,,,4.0975e-05,1639,,
,,,,,4.0975e-05,,1769782840.2261548,,6149.479582286,,851,,,,4.0975e-05,1639,,
,,,,,4.0975e-05,,1769782841.0879893,,6150.341371923,,852,,,,4.0975e-05,1639,,
,,,,,4.0975e-05,,1769782841.948985,,6151.202172624,,853,,,,4.0975e-05,1639,,
19.0,,,,1748.8760986328125,,,1769782842.8114505,,6152.064897036,,854,7.466728687286377,,0.10454652458429337,,1639,,7.466728687286377
,,,,,4.1225e-05,,1769782873.8291798,,6183.082585279,,855,,,,4.1225e-05,1649,,
,,,,,4.1225e-05,,1769782874.6918359,,6183.945338435,,856,,,,4.1225e-05,1649,,
,,,,,4.1225e-05,,1769782875.553495,,6184.806757696,,857,,,,4.1225e-05,1649,,
,,,,,4.1225e-05,,1769782876.4145167,,6185.667665809,,858,,,,4.1225e-05,1649,,
19.0,,,,1662.6424560546875,,,1769782877.2777681,,6186.531195482,,859,7.416163444519043,,0.10272569954395294,,1649,,7.416163444519043
,,,,,4.1475000000000005e-05,,1769782908.2968678,,6217.550271272,,860,,,,4.1475000000000005e-05,1659,,
,,,,,4.1475000000000005e-05,,1769782909.1594687,,6218.412926371,,861,,,,4.1475000000000005e-05,1659,,
,,,,,4.1475000000000005e-05,,1769782910.0216327,,6219.275034699,,862,,,,4.1475000000000005e-05,1659,,
,,,,,4.1475000000000005e-05,,1769782910.8827653,,6220.135930625,,863,,,,4.1475000000000005e-05,1659,,
19.0,,,,1916.5103759765625,,,1769782911.7457585,,6220.999211435,,864,7.558261394500732,,0.10392823815345764,,1659,,7.558261394500732
,,,,,4.1725000000000005e-05,,1769782942.7654443,,6252.018820377,,865,,,,4.1725000000000005e-05,1669,,
,,,,,4.1725000000000005e-05,,1769782943.628275,,6252.881672403,,866,,,,4.1725000000000005e-05,1669,,
,,,,,4.1725000000000005e-05,,1769782944.4905427,,6253.743900171,,867,,,,4.1725000000000005e-05,1669,,
,,,,,4.1725000000000005e-05,,1769782945.3507361,,6254.60394586,,868,,,,4.1725000000000005e-05,1669,,
19.0,,,,1952.1541748046875,,,1769782946.2138362,,6255.467315234,,869,7.576688766479492,,0.10287858545780182,,1669,,7.576688766479492
,,,,,4.1975000000000004e-05,,1769782977.230215,,6286.483605119,,870,,,,4.1975000000000004e-05,1679,,
,,,,,4.1975000000000004e-05,,1769782978.0927913,,6287.346274552,,871,,,,4.1975000000000004e-05,1679,,
,,,,,4.1975000000000004e-05,,1769782978.9548037,,6288.208214538,,872,,,,4.1975000000000004e-05,1679,,
,,,,,4.1975000000000004e-05,,1769782979.8157563,,6289.068920039,,873,,,,4.1975000000000004e-05,1679,,
19.0,,,,1822.0718994140625,,,1769782980.6790407,,6289.932478969,,874,7.507729530334473,,0.10187667608261108,,1679,,7.507729530334473
,,,,,4.2225e-05,,1769783011.694229,,6320.947612287,,875,,,,4.2225e-05,1689,,
,,,,,4.2225e-05,,1769783012.5563097,,6321.809780857,,876,,,,4.2225e-05,1689,,
,,,,,4.2225e-05,,1769783013.4185286,,6322.671920865,,877,,,,4.2225e-05,1689,,
,,,,,4.2225e-05,,1769783014.279268,,6323.532453007,,878,,,,4.2225e-05,1689,,
19.0,,,,1801.793212890625,,,1769783015.1422524,,6324.395642542,,879,7.496537685394287,,0.09711895883083344,,1689,,7.496537685394287
,,,,,4.2475e-05,,1769783046.158292,,6355.411677085,,880,,,,4.2475e-05,1699,,
,,,,,4.2475e-05,,1769783047.0208807,,6356.274284796,,881,,,,4.2475e-05,1699,,
,,,,,4.2475e-05,,1769783047.8832576,,6357.136636994,,882,,,,4.2475e-05,1699,,
,,,,,4.2475e-05,,1769783048.7439935,,6357.997157379,,883,,,,4.2475e-05,1699,,
19.0,,,,1825.1231689453125,,,1769783049.6071143,,6358.860546885,,884,7.509402751922607,,0.09919091314077377,,1699,,7.509402751922607
,,,,,4.2725e-05,,1769783080.628,,6389.88142082,,885,,,,4.2725e-05,1709,,
,,,,,4.2725e-05,,1769783081.4904811,,6390.743921302,,886,,,,4.2725e-05,1709,,
,,,,,4.2725e-05,,1769783082.3525288,,6391.605910214,,887,,,,4.2725e-05,1709,,
,,,,,4.2725e-05,,1769783083.2131677,,6392.466381847,,888,,,,4.2725e-05,1709,,
19.0,,,,1804.43017578125,,,1769783084.0759432,,6393.329362429,,889,7.498000144958496,,0.1051129698753357,,1709,,7.498000144958496
,,,,,4.2975e-05,,1769783115.0784092,,6424.331830194,,890,,,,4.2975e-05,1719,,
,,,,,4.2975e-05,,1769783115.9387712,,6425.191989187,,891,,,,4.2975e-05,1719,,
,,,,,4.2975e-05,,1769783116.7994578,,6426.052652869,,892,,,,4.2975e-05,1719,,
19.0,,,,1920.1329345703125,,,1769783117.3963902,,6426.649591095,,893,7.560149669647217,,0.0949663296341896,,1719,,7.560149669647217
19.0,7.408349990844727,0.10099440068006516,,,,,1769783138.8549364,1651.97607421875,6448.108129734,7.408349990844727,894,,,,,1719,,
19.0,,,7.492759704589844,,,0.1006215512752533,1769783142.361583,,6451.614793116,,895,,1798.147705078125,,,1719,7.492759704589844,
,,,,,4.322500000000001e-05,,1769783174.4197464,,6483.673167131,,896,,,,4.322500000000001e-05,1729,,
,,,,,4.322500000000001e-05,,1769783175.2822013,,6484.535589177,,897,,,,4.322500000000001e-05,1729,,
,,,,,4.322500000000001e-05,,1769783176.1435263,,6485.396719151,,898,,,,4.322500000000001e-05,1729,,
,,,,,4.322500000000001e-05,,1769783177.005406,,6486.258746423,,899,,,,4.322500000000001e-05,1729,,
20.0,,,,1863.7989501953125,,,1769783177.8692458,,6487.122670436,,900,7.530372142791748,,0.10171818733215332,,1729,,7.530372142791748
,,,,,4.3475000000000006e-05,,1769783208.8988981,,6518.152377746,,901,,,,4.3475000000000006e-05,1739,,
,,,,,4.3475000000000006e-05,,1769783209.7608528,,6519.014270357,,902,,,,4.3475000000000006e-05,1739,,
,,,,,4.3475000000000006e-05,,1769783210.6221685,,6519.875415825,,903,,,,4.3475000000000006e-05,1739,,
,,,,,4.3475000000000006e-05,,1769783211.4844167,,6520.737761336,,904,,,,4.3475000000000006e-05,1739,,
20.0,,,,1856.287353515625,,,1769783212.34866,,6521.602047004,,905,7.526333808898926,,0.10131215304136276,,1739,,7.526333808898926
,,,,,4.3725000000000006e-05,,1769783243.3789408,,6552.63235126,,906,,,,4.3725000000000006e-05,1749,,
,,,,,4.3725000000000006e-05,,1769783244.241149,,6553.494520056,,907,,,,4.3725000000000006e-05,1749,,
,,,,,4.3725000000000006e-05,,1769783245.1023374,,6554.355586707,,908,,,,4.3725000000000006e-05,1749,,
,,,,,4.3725000000000006e-05,,1769783245.9642358,,6555.217510064,,909,,,,4.3725000000000006e-05,1749,,
20.0,,,,1729.1805419921875,,,1769783246.8280761,,6556.081517965,,910,7.455402851104736,,0.09849317371845245,,1749,,7.455402851104736
,,,,,4.3975e-05,,1769783277.8572357,,6587.110672772,,911,,,,4.3975e-05,1759,,
,,,,,4.3975e-05,,1769783278.7190711,,6587.972465545,,912,,,,4.3975e-05,1759,,
,,,,,4.3975e-05,,1769783279.5803585,,6588.833566307,,913,,,,4.3975e-05,1759,,
,,,,,4.3975e-05,,1769783280.4422584,,6589.6955855,,914,,,,4.3975e-05,1759,,
20.0,,,,1682.752197265625,,,1769783281.306117,,6590.55946604,,915,7.428185939788818,,0.09774318337440491,,1759,,7.428185939788818
,,,,,4.4225e-05,,1769783312.334326,,6621.587734824,,916,,,,4.4225e-05,1769,,
,,,,,4.4225e-05,,1769783313.19647,,6622.449874478,,917,,,,4.4225e-05,1769,,
,,,,,4.4225e-05,,1769783314.05775,,6623.310979348,,918,,,,4.4225e-05,1769,,
,,,,,4.4225e-05,,1769783314.9196877,,6624.173002117,,919,,,,4.4225e-05,1769,,
20.0,,,,1609.21923828125,,,1769783315.7835293,,6625.036852532,,920,7.383504390716553,,0.09809508919715881,,1769,,7.383504390716553
,,,,,4.4475e-05,,1769783346.8119802,,6656.065475857,,921,,,,4.4475e-05,1779,,
,,,,,4.4475e-05,,1769783347.6745596,,6656.927999059,,922,,,,4.4475e-05,1779,,
,,,,,4.4475e-05,,1769783348.536168,,6657.789333754,,923,,,,4.4475e-05,1779,,
,,,,,4.4475e-05,,1769783349.398242,,6658.651571016,,924,,,,4.4475e-05,1779,,
20.0,,,,1597.0296630859375,,,1769783350.2619934,,6659.515448543,,925,7.375900745391846,,0.09987100958824158,,1779,,7.375900745391846
,,,,,4.4725e-05,,1769783381.28976,,6690.543251494,,926,,,,4.4725e-05,1789,,
,,,,,4.4725e-05,,1769783382.151813,,6691.405159822,,927,,,,4.4725e-05,1789,,
,,,,,4.4725e-05,,1769783383.013036,,6692.266248108,,928,,,,4.4725e-05,1789,,
,,,,,4.4725e-05,,1769783383.8753781,,6693.128739002,,929,,,,4.4725e-05,1789,,
20.0,,,,1654.930419921875,,,1769783384.7394989,,6693.99296242,,930,7.4115142822265625,,0.10146074742078781,,1789,,7.4115142822265625
,,,,,4.4975e-05,,1769783415.7663975,,6725.019865195,,931,,,,4.4975e-05,1799,,
,,,,,4.4975e-05,,1769783416.628399,,6725.881788697,,932,,,,4.4975e-05,1799,,
,,,,,4.4975e-05,,1769783417.489622,,6726.742809022,,933,,,,4.4975e-05,1799,,
,,,,,4.4975e-05,,1769783418.3516397,,6727.604973706,,934,,,,4.4975e-05,1799,,
20.0,,,,1621.4005126953125,,,1769783419.215675,,6728.469142162,,935,7.391045570373535,,0.10058620572090149,,1799,,7.391045570373535
20.0,7.346343994140625,0.10097387433052063,,,,,1769783460.158084,1552.8468017578125,6769.411296893,7.346343994140625,936,,,,,1805,,
20.0,,,7.43445348739624,,,0.1006956398487091,1769783465.096106,,6774.349530005,,937,,1696.46337890625,,,1805,7.43445348739624,
,,,,,4.5225e-05,,1769783476.4769342,,6785.730404102,,938,,,,4.5225e-05,1809,,
,,,,,4.5225e-05,,1769783477.3389914,,6786.592383499,,939,,,,4.5225e-05,1809,,
,,,,,4.5225e-05,,1769783478.1995602,,6787.452772887,,940,,,,4.5225e-05,1809,,
,,,,,4.5225e-05,,1769783479.0610936,,6788.314466284,,941,,,,4.5225e-05,1809,,
21.0,,,,1696.5284423828125,,,1769783479.9240997,,6789.177550923,,942,7.436339378356934,,0.10010545700788498,,1809,,7.436339378356934
,,,,,4.5475e-05,,1769783510.941423,,6820.194783591,,943,,,,4.5475e-05,1819,,
,,,,,4.5475e-05,,1769783511.8029954,,6821.05638423,,944,,,,4.5475e-05,1819,,
,,,,,4.5475e-05,,1769783512.6635456,,6821.916743714,,945,,,,4.5475e-05,1819,,
,,,,,4.5475e-05,,1769783513.525446,,6822.778799727,,946,,,,4.5475e-05,1819,,
21.0,,,,1608.7044677734375,,,1769783514.3890936,,6823.642531879,,947,7.383184432983398,,0.10200642794370651,,1819,,7.383184432983398
,,,,,4.5725e-05,,1769783545.4187853,,6854.672226813,,948,,,,4.5725e-05,1829,,
,,,,,4.5725e-05,,1769783546.2808878,,6855.534237228,,949,,,,4.5725e-05,1829,,
,,,,,4.5725e-05,,1769783547.1436884,,6856.39710382,,950,,,,4.5725e-05,1829,,
,,,,,4.5725e-05,,1769783548.005953,,6857.259332073,,951,,,,4.5725e-05,1829,,
21.0,,,,1657.40234375,,,1769783548.868259,,6858.121518713,,952,7.413006782531738,,0.10069647431373596,,1829,,7.413006782531738
,,,,,4.5975e-05,,1769783579.8993804,,6889.152771376,,953,,,,4.5975e-05,1839,,
,,,,,4.5975e-05,,1769783580.7616973,,6890.015022674,,954,,,,4.5975e-05,1839,,
,,,,,4.5975e-05,,1769783581.6242518,,6890.87769165,,955,,,,4.5975e-05,1839,,
,,,,,4.5975e-05,,1769783582.4866476,,6891.739983639,,956,,,,4.5975e-05,1839,,
21.0,,,,1546.693115234375,,,1769783583.3499002,,6892.603126026,,957,7.343874454498291,,0.10103698074817657,,1839,,7.343874454498291
,,,,,4.6225e-05,,1769783614.3822768,,6923.635685929,,958,,,,4.6225e-05,1849,,
,,,,,4.6225e-05,,1769783615.244752,,6924.498083057,,959,,,,4.6225e-05,1849,,
,,,,,4.6225e-05,,1769783616.1075027,,6925.360944703,,960,,,,4.6225e-05,1849,,
,,,,,4.6225e-05,,1769783616.9693968,,6926.222769711,,961,,,,4.6225e-05,1849,,
21.0,,,,1777.73876953125,,,1769783617.8318336,,6927.085096534,,962,7.483097553253174,,0.09882747381925583,,1849,,7.483097553253174
,,,,,4.6475000000000005e-05,,1769783648.8630946,,6958.116529048,,963,,,,4.6475000000000005e-05,1859,,
,,,,,4.6475000000000005e-05,,1769783649.725328,,6958.978689812,,964,,,,4.6475000000000005e-05,1859,,
,,,,,4.6475000000000005e-05,,1769783650.5882432,,6959.841711759,,965,,,,4.6475000000000005e-05,1859,,
,,,,,4.6475000000000005e-05,,1769783651.4509144,,6960.704197161,,966,,,,4.6475000000000005e-05,1859,,
21.0,,,,1697.34814453125,,,1769783652.3134067,,6961.56665454,,967,7.436822414398193,,0.09592260420322418,,1859,,7.436822414398193
,,,,,4.6725000000000004e-05,,1769783683.3454664,,6992.598882135,,968,,,,4.6725000000000004e-05,1869,,
,,,,,4.6725000000000004e-05,,1769783684.2078722,,6993.461209801,,969,,,,4.6725000000000004e-05,1869,,
,,,,,4.6725000000000004e-05,,1769783685.0704691,,6994.323918799,,970,,,,4.6725000000000004e-05,1869,,
,,,,,4.6725000000000004e-05,,1769783685.9329982,,6995.186388617,,971,,,,4.6725000000000004e-05,1869,,
21.0,,,,1650.0765380859375,,,1769783686.795338,,6996.048605346,,972,7.408576965332031,,0.09922981262207031,,1869,,7.408576965332031
,,,,,4.6975000000000003e-05,,1769783717.8267238,,7027.080140797,,973,,,,4.6975000000000003e-05,1879,,
,,,,,4.6975000000000003e-05,,1769783718.6890466,,7027.942381592,,974,,,,4.6975000000000003e-05,1879,,
,,,,,4.6975000000000003e-05,,1769783719.5520327,,7028.805491664,,975,,,,4.6975000000000003e-05,1879,,
,,,,,4.6975000000000003e-05,,1769783720.4142668,,7029.667637576,,976,,,,4.6975000000000003e-05,1879,,
21.0,,,,1590.11572265625,,,1769783721.276985,,7030.530237742,,977,7.3715620040893555,,0.10203125327825546,,1879,,7.3715620040893555
,,,,,4.7225e-05,,1769783752.3070753,,7061.560441447,,978,,,,4.7225e-05,1889,,
,,,,,4.7225e-05,,1769783753.1692312,,7062.422594561,,979,,,,4.7225e-05,1889,,
,,,,,4.7225e-05,,1769783754.032296,,7063.2857426,,980,,,,4.7225e-05,1889,,
,,,,,4.7225e-05,,1769783754.8943794,,7064.147752469,,981,,,,4.7225e-05,1889,,
21.0,,,,1725.6533203125,,,1769783755.7568555,,7065.01007639,,982,7.4533610343933105,,0.1012801080942154,,1889,,7.4533610343933105
21.0,7.323159694671631,0.10098253935575485,,,,,1769783783.0156574,1517.2684326171875,7092.268800703,7.323159694671631,983,,,,,1891,,
21.0,,,7.387015342712402,,,0.10074624419212341,1769783788.365877,,7097.619352842,,984,,1617.5015869140625,,,1891,7.387015342712402,
,,,,,4.7475e-05,,1769783813.5214813,,7122.774913392,,985,,,,4.7475e-05,1899,,
,,,,,4.7475e-05,,1769783814.3828566,,7123.636117401,,986,,,,4.7475e-05,1899,,
,,,,,4.7475e-05,,1769783815.243408,,7124.496638745,,987,,,,4.7475e-05,1899,,
,,,,,4.7475e-05,,1769783816.1055505,,7125.35877837,,988,,,,4.7475e-05,1899,,
22.0,,,,1569.214111328125,,,1769783816.9680831,,7126.221442413,,989,7.358330249786377,,0.1013781800866127,,1899,,7.358330249786377
,,,,,4.7725e-05,,1769783847.970017,,7157.223478177,,990,,,,4.7725e-05,1909,,
,,,,,4.7725e-05,,1769783848.8309073,,7158.084087463,,991,,,,4.7725e-05,1909,,
,,,,,4.7725e-05,,1769783849.6919842,,7158.94515009,,992,,,,4.7725e-05,1909,,
,,,,,4.7725e-05,,1769783850.5539727,,7159.807377338,,993,,,,4.7725e-05,1909,,
22.0,,,,1523.93701171875,,,1769783851.4166727,,7160.669899469,,994,7.329052448272705,,0.10035911947488785,,1909,,7.329052448272705
,,,,,4.7975e-05,,1769783882.4202535,,7191.673656568,,995,,,,4.7975e-05,1919,,
,,,,,4.7975e-05,,1769783883.2805722,,7192.53381294,,996,,,,4.7975e-05,1919,,
,,,,,4.7975e-05,,1769783884.1415029,,7193.394693241,,997,,,,4.7975e-05,1919,,
,,,,,4.7975e-05,,1769783885.003443,,7194.256818241,,998,,,,4.7975e-05,1919,,
22.0,,,,1635.22802734375,,,1769783885.8663917,,7195.119742083,,999,7.399537563323975,,0.09951181709766388,,1919,,7.399537563323975
,,,,,4.822500000000001e-05,,1769783916.87083,,7226.124266639,,1000,,,,4.822500000000001e-05,1929,,
,,,,,4.822500000000001e-05,,1769783917.7319784,,7226.985193099,,1001,,,,4.822500000000001e-05,1929,,
,,,,,4.822500000000001e-05,,1769783918.5928392,,7227.846037597,,1002,,,,4.822500000000001e-05,1929,,
,,,,,4.822500000000001e-05,,1769783919.455119,,7228.708527256,,1003,,,,4.822500000000001e-05,1929,,
22.0,,,,1512.9163818359375,,,1769783920.3177087,,7229.571098729,,1004,7.321794509887695,,0.10157322883605957,,1929,,7.321794509887695
,,,,,4.8475000000000006e-05,,1769783951.3237479,,7260.576924136,,1005,,,,4.8475000000000006e-05,1939,,
,,,,,4.8475000000000006e-05,,1769783952.184834,,7261.438046983,,1006,,,,4.8475000000000006e-05,1939,,
,,,,,4.8475000000000006e-05,,1769783953.0456958,,7262.298883149,,1007,,,,4.8475000000000006e-05,1939,,
,,,,,4.8475000000000006e-05,,1769783953.9078848,,7263.161267131,,1008,,,,4.8475000000000006e-05,1939,,
22.0,,,,1463.3660888671875,,,1769783954.770686,,7264.024074279,,1009,7.28849458694458,,0.10388589650392532,,1939,,7.28849458694458
,,,,,4.8725000000000005e-05,,1769783985.7759342,,7295.029321075,,1010,,,,4.8725000000000005e-05,1949,,
,,,,,4.8725000000000005e-05,,1769783986.6367128,,7295.889908598,,1011,,,,4.8725000000000005e-05,1949,,
,,,,,4.8725000000000005e-05,,1769783987.497335,,7296.75052816,,1012,,,,4.8725000000000005e-05,1949,,
,,,,,4.8725000000000005e-05,,1769783988.3595705,,7297.612947906,,1013,,,,4.8725000000000005e-05,1949,,
22.0,,,,1582.8909912109375,,,1769783989.2225544,,7298.475963789,,1014,7.367008209228516,,0.09935534000396729,,1949,,7.367008209228516
,,,,,4.8975000000000005e-05,,1769784020.2309854,,7329.4844124,,1015,,,,4.8975000000000005e-05,1959,,
,,,,,4.8975000000000005e-05,,1769784021.091955,,7330.34511022,,1016,,,,4.8975000000000005e-05,1959,,
,,,,,4.8975000000000005e-05,,1769784021.952945,,7331.206082622,,1017,,,,4.8975000000000005e-05,1959,,
,,,,,4.8975000000000005e-05,,1769784022.815028,,7332.068426376,,1018,,,,4.8975000000000005e-05,1959,,
22.0,,,,1465.2764892578125,,,1769784023.6778526,,7332.931209289,,1019,7.289799213409424,,0.09896562248468399,,1959,,7.289799213409424
,,,,,4.9225000000000004e-05,,1769784054.6851625,,7363.938551383,,1020,,,,4.9225000000000004e-05,1969,,
,,,,,4.9225000000000004e-05,,1769784055.5464094,,7364.799632039,,1021,,,,4.9225000000000004e-05,1969,,
,,,,,4.9225000000000004e-05,,1769784056.4073708,,7365.660539265,,1022,,,,4.9225000000000004e-05,1969,,
,,,,,4.9225000000000004e-05,,1769784057.2692647,,7366.522654576,,1023,,,,4.9225000000000004e-05,1969,,
22.0,,,,1640.755615234375,,,1769784058.1324759,,7367.385868488,,1024,7.402912139892578,,0.10028854757547379,,1969,,7.402912139892578
22.0,7.300216197967529,0.10101720690727234,,,,,1769784106.0671015,1482.948974609375,7415.320261709,7.300216197967529,1025,,,,,1977,,
22.0,,,7.352628231048584,,,0.10081132501363754,1769784110.384436,,7419.637851802,,1026,,1562.5164794921875,,,1977,7.352628231048584,
,,,,,4.9475e-05,,1769784114.86604,,7424.119448328,,1027,,,,4.9475e-05,1979,,
,,,,,4.9475e-05,,1769784115.727932,,7424.981353875,,1028,,,,4.9475e-05,1979,,
,,,,,4.9475e-05,,1769784116.5901039,,7425.843316639,,1029,,,,4.9475e-05,1979,,
,,,,,4.9475e-05,,1769784117.4505758,,7426.703790315,,1030,,,,4.9475e-05,1979,,
23.0,,,,1539.09619140625,,,1769784118.3119178,,7427.565125375,,1031,7.3389506340026855,,0.10057830810546875,,1979,,7.3389506340026855
,,,,,4.9725e-05,,1769784149.3158214,,7458.569199844,,1032,,,,4.9725e-05,1989,,
,,,,,4.9725e-05,,1769784150.1777096,,7459.431078192,,1033,,,,4.9725e-05,1989,,
,,,,,4.9725e-05,,1769784151.0401506,,7460.293332725,,1034,,,,4.9725e-05,1989,,
,,,,,4.9725e-05,,1769784151.901269,,7461.154466083,,1035,,,,4.9725e-05,1989,,
23.0,,,,1615.024658203125,,,1769784152.7632678,,7462.01642352,,1036,7.387105464935303,,0.10142321139574051,,1989,,7.387105464935303
,,,,,4.9975e-05,,1769784183.7690704,,7493.022473121,,1037,,,,4.9975e-05,1999,,
,,,,,4.9975e-05,,1769784184.631042,,7493.884385581,,1038,,,,4.9975e-05,1999,,
,,,,,4.9975e-05,,1769784185.4937,,7494.747079105,,1039,,,,4.9975e-05,1999,,
,,,,,4.9975e-05,,1769784186.3546083,,7495.60776429,,1040,,,,4.9975e-05,1999,,
23.0,,,,1477.092041015625,,,1769784187.2162483,,7496.469445152,,1041,7.297830581665039,,0.09860756993293762,,1999,,7.297830581665039
,,,,,4.993181818181819e-05,,1769784218.2175708,,7527.470920895,,1042,,,,4.993181818181819e-05,2009,,
,,,,,4.993181818181819e-05,,1769784219.0794685,,7528.332842349,,1043,,,,4.993181818181819e-05,2009,,
,,,,,4.993181818181819e-05,,1769784219.9416244,,7529.195000399,,1044,,,,4.993181818181819e-05,2009,,
,,,,,4.993181818181819e-05,,1769784220.802765,,7530.055950073,,1045,,,,4.993181818181819e-05,2009,,
23.0,,,,1615.0216064453125,,,1769784221.6644192,,7530.917634772,,1046,7.38710355758667,,0.09812320023775101,,2009,,7.38710355758667
,,,,,4.985606060606061e-05,,1769784252.672322,,7561.925549904,,1047,,,,4.985606060606061e-05,2019,,
,,,,,4.985606060606061e-05,,1769784253.533966,,7562.787339381,,1048,,,,4.985606060606061e-05,2019,,
,,,,,4.985606060606061e-05,,1769784254.3960147,,7563.649378994,,1049,,,,4.985606060606061e-05,2019,,
,,,,,4.985606060606061e-05,,1769784255.2579834,,7564.511138456,,1050,,,,4.985606060606061e-05,2019,,
23.0,,,,1635.87451171875,,,1769784256.119942,,7565.373150938,,1051,7.399932861328125,,0.10252107679843903,,2019,,7.399932861328125
,,,,,4.9780303030303034e-05,,1769784287.1249592,,7596.37829484,,1052,,,,4.9780303030303034e-05,2029,,
,,,,,4.9780303030303034e-05,,1769784287.9858642,,7597.239262593,,1053,,,,4.9780303030303034e-05,2029,,
,,,,,4.9780303030303034e-05,,1769784288.848079,,7598.101455237,,1054,,,,4.9780303030303034e-05,2029,,
,,,,,4.9780303030303034e-05,,1769784289.7089849,,7598.96221023,,1055,,,,4.9780303030303034e-05,2029,,
23.0,,,,1667.2525634765625,,,1769784290.5704987,,7599.823710834,,1056,7.4189324378967285,,0.09891635179519653,,2029,,7.4189324378967285
,,,,,4.970454545454546e-05,,1769784321.5750246,,7630.828222509,,1057,,,,4.970454545454546e-05,2039,,
,,,,,4.970454545454546e-05,,1769784322.4370306,,7631.690404798,,1058,,,,4.970454545454546e-05,2039,,
,,,,,4.970454545454546e-05,,1769784323.2991567,,7632.552524864,,1059,,,,4.970454545454546e-05,2039,,
,,,,,4.970454545454546e-05,,1769784324.1602528,,7633.413460339,,1060,,,,4.970454545454546e-05,2039,,
23.0,,,,1535.4302978515625,,,1769784325.0220833,,7634.275302878,,1061,7.336565971374512,,0.0978083461523056,,2039,,7.336565971374512
,,,,,4.962878787878788e-05,,1769784356.027776,,7665.280973527,,1062,,,,4.962878787878788e-05,2049,,
,,,,,4.962878787878788e-05,,1769784356.8897452,,7666.143120113,,1063,,,,4.962878787878788e-05,2049,,
,,,,,4.962878787878788e-05,,1769784357.7520015,,7667.00537349,,1064,,,,4.962878787878788e-05,2049,,
,,,,,4.962878787878788e-05,,1769784358.6135468,,7667.866734216,,1065,,,,4.962878787878788e-05,2049,,
23.0,,,,1594.6790771484375,,,1769784359.4751883,,7668.728392138,,1066,7.374427795410156,,0.10179050266742706,,2049,,7.374427795410156
,,,,,4.9553030303030306e-05,,1769784390.4827678,,7699.73621216,,1067,,,,4.9553030303030306e-05,2059,,
,,,,,4.9553030303030306e-05,,1769784391.345176,,7700.59843413,,1068,,,,4.9553030303030306e-05,2059,,
,,,,,4.9553030303030306e-05,,1769784392.2076256,,7701.460992807,,1069,,,,4.9553030303030306e-05,2059,,
,,,,,4.9553030303030306e-05,,1769784393.068812,,7702.321996827,,1070,,,,4.9553030303030306e-05,2059,,
23.0,,,,1604.7755126953125,,,1769784393.9305027,,7703.183722292,,1071,7.380739212036133,,0.09930625557899475,,2059,,7.380739212036133
23.0,7.269851207733154,0.10109246522188187,,,,,1769784428.0885468,1438.729248046875,7737.341737266,7.269851207733154,1072,,,,,2063,,
23.0,,,7.320967197418213,,,0.10082454979419708,1769784431.4863174,,7740.73956282,,1073,,1514.302490234375,,,2063,7.320967197418213,
,,,,,4.9477272727272726e-05,,1769784449.7585428,,7759.012034104,,1074,,,,4.9477272727272726e-05,2069,,
,,,,,4.9477272727272726e-05,,1769784450.6203377,,7759.87370656,,1075,,,,4.9477272727272726e-05,2069,,
,,,,,4.9477272727272726e-05,,1769784451.4814026,,7760.734593566,,1076,,,,4.9477272727272726e-05,2069,,
,,,,,4.9477272727272726e-05,,1769784452.3428068,,7761.595940824,,1077,,,,4.9477272727272726e-05,2069,,
24.0,,,,1361.510498046875,,,1769784453.2060905,,7762.459533676,,1078,7.216350078582764,,0.10462477803230286,,2069,,7.216350078582764
,,,,,4.940151515151515e-05,,1769784484.2170854,,7793.470514225,,1079,,,,4.940151515151515e-05,2079,,
,,,,,4.940151515151515e-05,,1769784485.0791297,,7794.332512341,,1080,,,,4.940151515151515e-05,2079,,
,,,,,4.940151515151515e-05,,1769784485.9401903,,7795.193405107,,1081,,,,4.940151515151515e-05,2079,,
,,,,,4.940151515151515e-05,,1769784486.8010142,,7796.054223871,,1082,,,,4.940151515151515e-05,2079,,
24.0,,,,1564.7138671875,,,1769784487.664069,,7796.917504856,,1083,7.3554582595825195,,0.10319836437702179,,2079,,7.3554582595825195
,,,,,4.932575757575758e-05,,1769784518.6764886,,7827.929939712,,1084,,,,4.932575757575758e-05,2089,,
,,,,,4.932575757575758e-05,,1769784519.538751,,7828.79211165,,1085,,,,4.932575757575758e-05,2089,,
,,,,,4.932575757575758e-05,,1769784520.4001336,,7829.65338555,,1086,,,,4.932575757575758e-05,2089,,
,,,,,4.932575757575758e-05,,1769784521.261319,,7830.514506489,,1087,,,,4.932575757575758e-05,2089,,
24.0,,,,1331.9716796875,,,1769784522.124519,,7831.377947885,,1088,7.19441556930542,,0.1043148785829544,,2089,,7.19441556930542
,,,,,4.9250000000000004e-05,,1769784553.1378026,,7862.391247372,,1089,,,,4.9250000000000004e-05,2099,,
,,,,,4.9250000000000004e-05,,1769784553.9999156,,7863.253301384,,1090,,,,4.9250000000000004e-05,2099,,
,,,,,4.9250000000000004e-05,,1769784554.8616347,,7864.114817368,,1091,,,,4.9250000000000004e-05,2099,,
,,,,,4.9250000000000004e-05,,1769784555.722379,,7864.975595673,,1092,,,,4.9250000000000004e-05,2099,,
24.0,,,,1696.0755615234375,,,1769784556.5850303,,7865.838405702,,1093,7.43607234954834,,0.10260775685310364,,2099,,7.43607234954834
,,,,,4.917424242424243e-05,,1769784587.5976217,,7896.851051246,,1094,,,,4.917424242424243e-05,2109,,
,,,,,4.917424242424243e-05,,1769784588.459736,,7897.713108394,,1095,,,,4.917424242424243e-05,2109,,
,,,,,4.917424242424243e-05,,1769784589.3209233,,7898.574089686,,1096,,,,4.917424242424243e-05,2109,,
,,,,,4.917424242424243e-05,,1769784590.18156,,7899.434775092,,1097,,,,4.917424242424243e-05,2109,,
24.0,,,,1498.819091796875,,,1769784591.0444984,,7900.297711461,,1098,7.312432765960693,,0.10214865952730179,,2109,,7.312432765960693
,,,,,4.909848484848485e-05,,1769784622.058057,,7931.311469329,,1099,,,,4.909848484848485e-05,2119,,
,,,,,4.909848484848485e-05,,1769784622.9199293,,7932.173321379,,1100,,,,4.909848484848485e-05,2119,,
,,,,,4.909848484848485e-05,,1769784623.781498,,7933.034667419,,1101,,,,4.909848484848485e-05,2119,,
,,,,,4.909848484848485e-05,,1769784624.6426091,,7933.895818777,,1102,,,,4.909848484848485e-05,2119,,
24.0,,,,1556.4256591796875,,,1769784625.5056493,,7934.759069169,,1103,7.350147247314453,,0.09739002585411072,,2119,,7.350147247314453
,,,,,4.902272727272728e-05,,1769784656.5195997,,7965.772859836,,1104,,,,4.902272727272728e-05,2129,,
,,,,,4.902272727272728e-05,,1769784657.381193,,7966.634546179,,1105,,,,4.902272727272728e-05,2129,,
,,,,,4.902272727272728e-05,,1769784658.2425082,,7967.495729896,,1106,,,,4.902272727272728e-05,2129,,
,,,,,4.902272727272728e-05,,1769784659.1035757,,7968.356802125,,1107,,,,4.902272727272728e-05,2129,,
24.0,,,,1762.5743408203125,,,1769784659.9668336,,7969.220269073,,1108,7.4745306968688965,,0.09946320205926895,,2129,,7.4745306968688965
,,,,,4.8946969696969696e-05,,1769784690.9775193,,8000.230969547,,1109,,,,4.8946969696969696e-05,2139,,
,,,,,4.8946969696969696e-05,,1769784691.840178,,8001.093478817,,1110,,,,4.8946969696969696e-05,2139,,
,,,,,4.8946969696969696e-05,,1769784692.7014992,,8001.954695505,,1111,,,,4.8946969696969696e-05,2139,,
,,,,,4.8946969696969696e-05,,1769784693.5623655,,8002.815581065,,1112,,,,4.8946969696969696e-05,2139,,
24.0,,,,1317.10546875,,,1769784694.4255803,,8003.679024258,,1113,7.183191776275635,,0.10515206307172775,,2139,,7.183191776275635
,,,,,4.887121212121212e-05,,1769784725.4303122,,8034.683569152,,1114,,,,4.887121212121212e-05,2149,,
,,,,,4.887121212121212e-05,,1769784726.2900875,,8035.543278985,,1115,,,,4.887121212121212e-05,2149,,
,,,,,4.887121212121212e-05,,1769784727.1507154,,8036.403900129,,1116,,,,4.887121212121212e-05,2149,,
24.0,,,,1579.989990234375,,,1769784727.7475026,,8037.000719742,,1117,7.365173816680908,,0.09519461542367935,,2149,,7.365173816680908
24.0,7.257558345794678,0.1011248528957367,,,,,1769784749.1286185,1420.973388671875,8058.381775779,7.257558345794678,1118,,,,,2149,,
24.0,,,7.297636032104492,,,0.10086079686880112,1769784752.7271047,,8061.980560781,,1119,,1479.576171875,,,2149,7.297636032104492,
,,,,,4.879545454545455e-05,,1769784784.8070292,,8094.06054334,,1120,,,,4.879545454545455e-05,2159,,
,,,,,4.879545454545455e-05,,1769784785.670056,,8094.923418732,,1121,,,,4.879545454545455e-05,2159,,
,,,,,4.879545454545455e-05,,1769784786.532549,,8095.785816246,,1122,,,,4.879545454545455e-05,2159,,
,,,,,4.879545454545455e-05,,1769784787.3955016,,8096.648946852,,1123,,,,4.879545454545455e-05,2159,,
25.0,,,,1410.5611572265625,,,1769784788.2597868,,8097.513208327,,1124,7.251742839813232,,0.10171818733215332,,2159,,7.251742839813232
,,,,,4.871969696969697e-05,,1769784819.3079958,,8128.561491859,,1125,,,,4.871969696969697e-05,2169,,
,,,,,4.871969696969697e-05,,1769784820.170686,,8129.424043296,,1126,,,,4.871969696969697e-05,2169,,
,,,,,4.871969696969697e-05,,1769784821.0332668,,8130.286602764,,1127,,,,4.871969696969697e-05,2169,,
,,,,,4.871969696969697e-05,,1769784821.8963604,,8131.149691438,,1128,,,,4.871969696969697e-05,2169,,
25.0,,,,1421.046875,,,1769784822.760736,,8132.01417003,,1129,7.259149074554443,,0.10189619660377502,,2169,,7.259149074554443
,,,,,4.8643939393939395e-05,,1769784853.8100142,,8163.063438271,,1130,,,,4.8643939393939395e-05,2179,,
,,,,,4.8643939393939395e-05,,1769784854.672661,,8163.926046944,,1131,,,,4.8643939393939395e-05,2179,,
,,,,,4.8643939393939395e-05,,1769784855.535268,,8164.788610399,,1132,,,,4.8643939393939395e-05,2179,,
,,,,,4.8643939393939395e-05,,1769784856.3979313,,8165.651294616,,1133,,,,4.8643939393939395e-05,2179,,
25.0,,,,1542.3096923828125,,,1769784857.2621686,,8166.515623484,,1134,7.341036319732666,,0.09876785427331924,,2179,,7.341036319732666
,,,,,4.856818181818182e-05,,1769784888.3087199,,8197.562192602,,1135,,,,4.856818181818182e-05,2189,,
,,,,,4.856818181818182e-05,,1769784889.1714735,,8198.424813469,,1136,,,,4.856818181818182e-05,2189,,
,,,,,4.856818181818182e-05,,1769784890.0341313,,8199.287476399,,1137,,,,4.856818181818182e-05,2189,,
,,,,,4.856818181818182e-05,,1769784890.896799,,8200.150158798,,1138,,,,4.856818181818182e-05,2189,,
25.0,,,,1409.771728515625,,,1769784891.7604449,,8201.013885307,,1139,7.251183032989502,,0.09813431650400162,,2189,,7.251183032989502
,,,,,4.849242424242425e-05,,1769784922.8066535,,8232.060121679,,1140,,,,4.849242424242425e-05,2199,,
,,,,,4.849242424242425e-05,,1769784923.669466,,8232.922806653,,1141,,,,4.849242424242425e-05,2199,,
,,,,,4.849242424242425e-05,,1769784924.5323377,,8233.785678658,,1142,,,,4.849242424242425e-05,2199,,
,,,,,4.849242424242425e-05,,1769784925.395161,,8234.648520498,,1143,,,,4.849242424242425e-05,2199,,
25.0,,,,1306.9117431640625,,,1769784926.258817,,8235.512265005,,1144,7.175422191619873,,0.0983683317899704,,2199,,7.175422191619873
,,,,,4.8416666666666673e-05,,1769784957.3063428,,8266.559797312,,1145,,,,4.8416666666666673e-05,2209,,
,,,,,4.8416666666666673e-05,,1769784958.1689079,,8267.422251241,,1146,,,,4.8416666666666673e-05,2209,,
,,,,,4.8416666666666673e-05,,1769784959.0315526,,8268.28490577,,1147,,,,4.8416666666666673e-05,2209,,
,,,,,4.8416666666666673e-05,,1769784959.8936799,,8269.146998315,,1148,,,,4.8416666666666673e-05,2209,,
25.0,,,,1384.0616455078125,,,1769784960.757565,,8270.0110073,,1149,7.2327775955200195,,0.10006645321846008,,2209,,7.2327775955200195
,,,,,4.834090909090909e-05,,1769784991.8073285,,8301.060794334,,1150,,,,4.834090909090909e-05,2219,,
,,,,,4.834090909090909e-05,,1769784992.670259,,8301.923586181,,1151,,,,4.834090909090909e-05,2219,,
,,,,,4.834090909090909e-05,,1769784993.532964,,8302.786329295,,1152,,,,4.834090909090909e-05,2219,,
,,,,,4.834090909090909e-05,,1769784994.395822,,8303.649158107,,1153,,,,4.834090909090909e-05,2219,,
25.0,,,,1461.8477783203125,,,1769784995.259666,,8304.513113773,,1154,7.287456512451172,,0.10177744179964066,,2219,,7.287456512451172
,,,,,4.826515151515152e-05,,1769785026.3074763,,8335.560944976,,1155,,,,4.826515151515152e-05,2229,,
,,,,,4.826515151515152e-05,,1769785027.1698482,,8336.423161991,,1156,,,,4.826515151515152e-05,2229,,
,,,,,4.826515151515152e-05,,1769785028.0320036,,8337.285340347,,1157,,,,4.826515151515152e-05,2229,,
,,,,,4.826515151515152e-05,,1769785028.8946552,,8338.147988369,,1158,,,,4.826515151515152e-05,2229,,
25.0,,,,1324.849365234375,,,1769785029.758962,,8339.012385078,,1159,7.189054012298584,,0.10144027322530746,,2229,,7.189054012298584
25.0,7.243680477142334,0.1011253073811531,,,,,1769785070.8418782,1401.427490234375,8380.095099734,7.243680477142334,1160,,,,,2235,,
25.0,,,7.277385234832764,,,0.10087800770998001,1769785074.802619,,8384.056015365,,1161,,1449.7271728515625,,,2235,7.277385234832764,
,,,,,4.818939393939394e-05,,1769785086.18665,,8395.440134469,,1162,,,,4.818939393939394e-05,2239,,
,,,,,4.818939393939394e-05,,1769785087.0492709,,8396.302564425,,1163,,,,4.818939393939394e-05,2239,,
,,,,,4.818939393939394e-05,,1769785087.9102407,,8397.163492104,,1164,,,,4.818939393939394e-05,2239,,
,,,,,4.818939393939394e-05,,1769785088.772248,,8398.025596921,,1165,,,,4.818939393939394e-05,2239,,
26.0,,,,1522.0169677734375,,,1769785089.635918,,8398.889335324,,1166,7.327791690826416,,0.1002226322889328,,2239,,7.327791690826416
,,,,,4.8113636363636365e-05,,1769785120.6638155,,8429.917214227,,1167,,,,4.8113636363636365e-05,2249,,
,,,,,4.8113636363636365e-05,,1769785121.525854,,8430.779032204,,1168,,,,4.8113636363636365e-05,2249,,
,,,,,4.8113636363636365e-05,,1769785122.3863845,,8431.639597118,,1169,,,,4.8113636363636365e-05,2249,,
,,,,,4.8113636363636365e-05,,1769785123.2483983,,8432.501780936,,1170,,,,4.8113636363636365e-05,2249,,
26.0,,,,1477.8782958984375,,,1769785124.1122582,,8433.365716796,,1171,7.298362731933594,,0.10231993347406387,,2249,,7.298362731933594
,,,,,4.803787878787879e-05,,1769785155.1420696,,8464.395542941,,1172,,,,4.803787878787879e-05,2259,,
,,,,,4.803787878787879e-05,,1769785156.0044138,,8465.25780039,,1173,,,,4.803787878787879e-05,2259,,
,,,,,4.803787878787879e-05,,1769785156.8657007,,8466.11890708,,1174,,,,4.803787878787879e-05,2259,,
,,,,,4.803787878787879e-05,,1769785157.7276073,,8466.980970327,,1175,,,,4.803787878787879e-05,2259,,
26.0,,,,1364.3636474609375,,,1769785158.5916004,,8467.845086409,,1176,7.218443393707275,,0.10100774466991425,,2259,,7.218443393707275
,,,,,4.796212121212121e-05,,1769785189.6212616,,8498.874708634,,1177,,,,4.796212121212121e-05,2269,,
,,,,,4.796212121212121e-05,,1769785190.4832635,,8499.736635798,,1178,,,,4.796212121212121e-05,2269,,
,,,,,4.796212121212121e-05,,1769785191.3442757,,8500.597464471,,1179,,,,4.796212121212121e-05,2269,,
,,,,,4.796212121212121e-05,,1769785192.206721,,8501.460043944,,1180,,,,4.796212121212121e-05,2269,,
26.0,,,,1290.89453125,,,1769785193.0707388,,8502.324113327,,1181,7.163090705871582,,0.10095871984958649,,2269,,7.163090705871582
,,,,,4.788636363636364e-05,,1769785224.1040013,,8533.357426836,,1182,,,,4.788636363636364e-05,2279,,
,,,,,4.788636363636364e-05,,1769785224.966014,,8534.219344857,,1183,,,,4.788636363636364e-05,2279,,
,,,,,4.788636363636364e-05,,1769785225.8286643,,8535.082055108,,1184,,,,4.788636363636364e-05,2279,,
,,,,,4.788636363636364e-05,,1769785226.6914413,,8535.944662424,,1185,,,,4.788636363636364e-05,2279,,
26.0,,,,1479.77294921875,,,1769785227.5540955,,8536.807333437,,1186,7.2996439933776855,,0.0985158383846283,,2279,,7.2996439933776855
,,,,,4.7810606060606064e-05,,1769785258.5915563,,8567.844927085,,1187,,,,4.7810606060606064e-05,2289,,
,,,,,4.7810606060606064e-05,,1769785259.4541886,,8568.707540812,,1188,,,,4.7810606060606064e-05,2289,,
,,,,,4.7810606060606064e-05,,1769785260.3171082,,8569.570486688,,1189,,,,4.7810606060606064e-05,2289,,
,,,,,4.7810606060606064e-05,,1769785261.1802382,,8570.433583682,,1190,,,,4.7810606060606064e-05,2289,,
26.0,,,,1519.7021484375,,,1769785262.0424895,,8571.295737308,,1191,7.326269626617432,,0.09576593339443207,,2289,,7.326269626617432
,,,,,4.773484848484849e-05,,1769785293.0775044,,8602.330913116,,1192,,,,4.773484848484849e-05,2299,,
,,,,,4.773484848484849e-05,,1769785293.9400847,,8603.193420254,,1193,,,,4.773484848484849e-05,2299,,
,,,,,4.773484848484849e-05,,1769785294.8027747,,8604.056138489,,1194,,,,4.773484848484849e-05,2299,,
,,,,,4.773484848484849e-05,,1769785295.6657805,,8604.919216155,,1195,,,,4.773484848484849e-05,2299,,
26.0,,,,1429.4808349609375,,,1769785296.5286026,,8605.781868651,,1196,7.265066623687744,,0.09957990050315857,,2299,,7.265066623687744
,,,,,4.765909090909091e-05,,1769785327.5653105,,8636.818759622,,1197,,,,4.765909090909091e-05,2309,,
,,,,,4.765909090909091e-05,,1769785328.4271142,,8637.680478667,,1198,,,,4.765909090909091e-05,2309,,
,,,,,4.765909090909091e-05,,1769785329.2894547,,8638.542844414,,1199,,,,4.765909090909091e-05,2309,,
,,,,,4.765909090909091e-05,,1769785330.1522512,,8639.405645174,,1200,,,,4.765909090909091e-05,2309,,
26.0,,,,1387.5723876953125,,,1769785331.0146883,,8640.267852793,,1201,7.235311031341553,,0.10210937261581421,,2309,,7.235311031341553
,,,,,4.7583333333333336e-05,,1769785362.0419734,,8671.295285586,,1202,,,,4.7583333333333336e-05,2319,,
,,,,,4.7583333333333336e-05,,1769785362.9047081,,8672.158070964,,1203,,,,4.7583333333333336e-05,2319,,
,,,,,4.7583333333333336e-05,,1769785363.7683773,,8673.021808372,,1204,,,,4.7583333333333336e-05,2319,,
,,,,,4.7583333333333336e-05,,1769785364.6301897,,8673.88361486,,1205,,,,4.7583333333333336e-05,2319,,
26.0,,,,1498.75390625,,,1769785365.4918494,,8674.745131481,,1206,7.312389373779297,,0.10159137845039368,,2319,,7.312389373779297
26.0,7.223339557647705,0.10120102763175964,,,,,1769785392.6506963,1373.5333251953125,8701.903875705,7.223339557647705,1207,,,,,2321,,
26.0,,,7.261727809906006,,,0.1009204089641571,1769785396.947687,,8706.201102073,,1208,,1427.3402099609375,,,2321,7.261727809906006,
,,,,,4.750757575757576e-05,,1769785422.1385264,,8731.391937853,,1209,,,,4.750757575757576e-05,2329,,
,,,,,4.750757575757576e-05,,1769785423.0011954,,8732.254558445,,1210,,,,4.750757575757576e-05,2329,,
,,,,,4.750757575757576e-05,,1769785423.8640413,,8733.117411016,,1211,,,,4.750757575757576e-05,2329,,
,,,,,4.750757575757576e-05,,1769785424.726864,,8733.980255204,,1212,,,,4.750757575757576e-05,2329,,
27.0,,,,1281.9974365234375,,,1769785425.5905023,,8734.843978844,,1213,7.156174659729004,,0.10168963670730591,,2329,,7.156174659729004
,,,,,4.743181818181818e-05,,1769785456.6393037,,8765.892704178,,1214,,,,4.743181818181818e-05,2339,,
,,,,,4.743181818181818e-05,,1769785457.501996,,8766.755348807,,1215,,,,4.743181818181818e-05,2339,,
,,,,,4.743181818181818e-05,,1769785458.3651862,,8767.618569572,,1216,,,,4.743181818181818e-05,2339,,
,,,,,4.743181818181818e-05,,1769785459.2278438,,8768.481222233,,1217,,,,4.743181818181818e-05,2339,,
27.0,,,,1469.2750244140625,,,1769785460.091953,,8769.34540956,,1218,7.292524337768555,,0.10055429488420486,,2339,,7.292524337768555
,,,,,4.735606060606061e-05,,1769785491.1399841,,8800.393406523,,1219,,,,4.735606060606061e-05,2349,,
,,,,,4.735606060606061e-05,,1769785492.002807,,8801.256160227,,1220,,,,4.735606060606061e-05,2349,,
,,,,,4.735606060606061e-05,,1769785492.8650815,,8802.118458036,,1221,,,,4.735606060606061e-05,2349,,
,,,,,4.735606060606061e-05,,1769785493.7274039,,8802.980756676,,1222,,,,4.735606060606061e-05,2349,,
27.0,,,,1516.8402099609375,,,1769785494.5912452,,8803.844631215,,1223,7.324384689331055,,0.09990236163139343,,2349,,7.324384689331055
,,,,,4.728030303030303e-05,,1769785525.6369846,,8834.890366513,,1224,,,,4.728030303030303e-05,2359,,
,,,,,4.728030303030303e-05,,1769785526.499697,,8835.753044193,,1225,,,,4.728030303030303e-05,2359,,
,,,,,4.728030303030303e-05,,1769785527.3620648,,8836.615419149,,1226,,,,4.728030303030303e-05,2359,,
,,,,,4.728030303030303e-05,,1769785528.2246199,,8837.477984531,,1227,,,,4.728030303030303e-05,2359,,
27.0,,,,1506.748779296875,,,1769785529.0878084,,8838.34122664,,1228,7.317709445953369,,0.102044016122818,,2359,,7.317709445953369
,,,,,4.7204545454545454e-05,,1769785560.1359131,,8869.389306445,,1229,,,,4.7204545454545454e-05,2369,,
,,,,,4.7204545454545454e-05,,1769785560.9986258,,8870.251995173,,1230,,,,4.7204545454545454e-05,2369,,
,,,,,4.7204545454545454e-05,,1769785561.8615184,,8871.114874597,,1231,,,,4.7204545454545454e-05,2369,,
,,,,,4.7204545454545454e-05,,1769785562.7243304,,8871.977697998,,1232,,,,4.7204545454545454e-05,2369,,
27.0,,,,1435.962158203125,,,1769785563.5880768,,8872.841551216,,1233,7.269590377807617,,0.10361085832118988,,2369,,7.269590377807617
,,,,,4.712878787878789e-05,,1769785594.6389096,,8903.892297621,,1234,,,,4.712878787878789e-05,2379,,
,,,,,4.712878787878789e-05,,1769785595.501879,,8904.755245329,,1235,,,,4.712878787878789e-05,2379,,
,,,,,4.712878787878789e-05,,1769785596.3652918,,8905.618657776,,1236,,,,4.712878787878789e-05,2379,,
,,,,,4.712878787878789e-05,,1769785597.2279248,,8906.481294647,,1237,,,,4.712878787878789e-05,2379,,
27.0,,,,1313.610595703125,,,1769785598.0919278,,8907.345365243,,1238,7.180534839630127,,0.09966790676116943,,2379,,7.180534839630127
,,,,,4.7053030303030306e-05,,1769785629.141471,,8938.394894661,,1239,,,,4.7053030303030306e-05,2389,,
,,,,,4.7053030303030306e-05,,1769785630.004453,,8939.257810753,,1240,,,,4.7053030303030306e-05,2389,,
,,,,,4.7053030303030306e-05,,1769785630.8675919,,8940.120914326,,1241,,,,4.7053030303030306e-05,2389,,
,,,,,4.7053030303030306e-05,,1769785631.7303264,,8940.983651339,,1242,,,,4.7053030303030306e-05,2389,,
27.0,,,,1383.250732421875,,,1769785632.5942092,,8941.847647093,,1243,7.232191562652588,,0.09900451451539993,,2389,,7.232191562652588
,,,,,4.697727272727273e-05,,1769785663.6388865,,8972.892306707,,1244,,,,4.697727272727273e-05,2399,,
,,,,,4.697727272727273e-05,,1769785664.5019433,,8973.755324082,,1245,,,,4.697727272727273e-05,2399,,
,,,,,4.697727272727273e-05,,1769785665.3650095,,8974.618380736,,1246,,,,4.697727272727273e-05,2399,,
,,,,,4.697727272727273e-05,,1769785666.2277954,,8975.481118921,,1247,,,,4.697727272727273e-05,2399,,
27.0,,,,1443.542724609375,,,1769785667.0910304,,8976.344498821,,1248,7.274855613708496,,0.1006004810333252,,2399,,7.274855613708496
27.0,7.209682941436768,0.10121744126081467,,,,,1769785714.9119205,1354.9014892578125,9024.165068233,7.209682941436768,1249,,,,,2407,,
27.0,,,7.244486331939697,,,0.10094058513641357,1769785719.322808,,9028.576276476,,1250,,1403.263671875,,,2407,7.244486331939697,
,,,,,4.690151515151515e-05,,1769785723.8038142,,9033.057216417,,1251,,,,4.690151515151515e-05,2409,,
,,,,,4.690151515151515e-05,,1769785724.6660695,,9033.919369865,,1252,,,,4.690151515151515e-05,2409,,
,,,,,4.690151515151515e-05,,1769785725.528742,,9034.782157136,,1253,,,,4.690151515151515e-05,2409,,
,,,,,4.690151515151515e-05,,1769785726.390976,,9035.644341761,,1254,,,,4.690151515151515e-05,2409,,
28.0,,,,1418.316650390625,,,1769785727.2531445,,9036.506328699,,1255,7.25722599029541,,0.10026571154594421,,2409,,7.25722599029541
,,,,,4.682575757575758e-05,,1769785758.2720299,,9067.525320958,,1256,,,,4.682575757575758e-05,2419,,
,,,,,4.682575757575758e-05,,1769785759.1340585,,9068.387385614,,1257,,,,4.682575757575758e-05,2419,,
,,,,,4.682575757575758e-05,,1769785759.996756,,9069.250165214,,1258,,,,4.682575757575758e-05,2419,,
,,,,,4.682575757575758e-05,,1769785760.858794,,9070.112161046,,1259,,,,4.682575757575758e-05,2419,,
28.0,,,,1303.4078369140625,,,1769785761.7209208,,9070.974079201,,1260,7.1727375984191895,,0.10181420296430588,,2419,,7.1727375984191895
,,,,,4.6750000000000005e-05,,1769785792.748588,,9102.001901932,,1261,,,,4.6750000000000005e-05,2429,,
,,,,,4.6750000000000005e-05,,1769785793.6108541,,9102.864158077,,1262,,,,4.6750000000000005e-05,2429,,
,,,,,4.6750000000000005e-05,,1769785794.47347,,9103.726836716,,1263,,,,4.6750000000000005e-05,2429,,
,,,,,4.6750000000000005e-05,,1769785795.3350272,,9104.588249723,,1264,,,,4.6750000000000005e-05,2429,,
28.0,,,,1298.9686279296875,,,1769785796.197044,,9105.450216532,,1265,7.169325828552246,,0.09860756993293762,,2429,,7.169325828552246
,,,,,4.6674242424242424e-05,,1769785827.2202926,,9136.473505992,,1266,,,,4.6674242424242424e-05,2439,,
,,,,,4.6674242424242424e-05,,1769785828.0829504,,9137.336299264,,1267,,,,4.6674242424242424e-05,2439,,
,,,,,4.6674242424242424e-05,,1769785828.9454951,,9138.198971615,,1268,,,,4.6674242424242424e-05,2439,,
,,,,,4.6674242424242424e-05,,1769785829.808022,,9139.061412958,,1269,,,,4.6674242424242424e-05,2439,,
28.0,,,,1392.1114501953125,,,1769785830.6701057,,9139.9233342,,1270,7.238576889038086,,0.0984347015619278,,2439,,7.238576889038086
,,,,,4.659848484848485e-05,,1769785861.6960287,,9170.94927184,,1271,,,,4.659848484848485e-05,2449,,
,,,,,4.659848484848485e-05,,1769785862.5583234,,9171.811620916,,1272,,,,4.659848484848485e-05,2449,,
,,,,,4.659848484848485e-05,,1769785863.4208004,,9172.674245966,,1273,,,,4.659848484848485e-05,2449,,
,,,,,4.659848484848485e-05,,1769785864.2836645,,9173.537025308,,1274,,,,4.659848484848485e-05,2449,,
28.0,,,,1223.7672119140625,,,1769785865.146678,,9174.399896849,,1275,7.109689235687256,,0.10232594609260559,,2449,,7.109689235687256
,,,,,4.652272727272727e-05,,1769785896.1709907,,9205.42437737,,1276,,,,4.652272727272727e-05,2459,,
,,,,,4.652272727272727e-05,,1769785897.0331824,,9206.286528008,,1277,,,,4.652272727272727e-05,2459,,
,,,,,4.652272727272727e-05,,1769785897.895841,,9207.14928683,,1278,,,,4.652272727272727e-05,2459,,
,,,,,4.652272727272727e-05,,1769785898.758139,,9208.011522306,,1279,,,,4.652272727272727e-05,2459,,
28.0,,,,1447.9195556640625,,,1769785899.619859,,9208.873065101,,1280,7.277883052825928,,0.0991477370262146,,2459,,7.277883052825928
,,,,,4.64469696969697e-05,,1769785930.6470068,,9239.900433212,,1281,,,,4.64469696969697e-05,2469,,
,,,,,4.64469696969697e-05,,1769785931.5098166,,9240.763143281,,1282,,,,4.64469696969697e-05,2469,,
,,,,,4.64469696969697e-05,,1769785932.3721402,,9241.625544056,,1283,,,,4.64469696969697e-05,2469,,
,,,,,4.64469696969697e-05,,1769785933.2342937,,9242.487675176,,1284,,,,4.64469696969697e-05,2469,,
28.0,,,,1448.683349609375,,,1769785934.0965903,,9243.349759285,,1285,7.2784104347229,,0.09792492538690567,,2469,,7.2784104347229
,,,,,4.637121212121212e-05,,1769785965.1199007,,9274.373333025,,1286,,,,4.637121212121212e-05,2479,,
,,,,,4.637121212121212e-05,,1769785965.982193,,9275.235537247,,1287,,,,4.637121212121212e-05,2479,,
,,,,,4.637121212121212e-05,,1769785966.845103,,9276.098426309,,1288,,,,4.637121212121212e-05,2479,,
,,,,,4.637121212121212e-05,,1769785967.707508,,9276.960825604,,1289,,,,4.637121212121212e-05,2479,,
28.0,,,,1297.306640625,,,1769785968.569066,,9277.822224485,,1290,7.168045520782471,,0.10226376354694366,,2479,,7.168045520782471
,,,,,4.629545454545455e-05,,1769785999.5938206,,9308.847253267,,1291,,,,4.629545454545455e-05,2489,,
,,,,,4.629545454545455e-05,,1769786000.4558804,,9309.709285336,,1292,,,,4.629545454545455e-05,2489,,
,,,,,4.629545454545455e-05,,1769786001.317469,,9310.570765195,,1293,,,,4.629545454545455e-05,2489,,
,,,,,4.629545454545455e-05,,1769786002.1799932,,9311.433361853,,1294,,,,4.629545454545455e-05,2489,,
28.0,,,,1362.9876708984375,,,1769786003.0437148,,9312.297127538,,1295,7.217434406280518,,0.09942318499088287,,2489,,7.217434406280518
28.0,7.202489852905273,0.10125438868999481,,,,,1769786037.1785374,1345.1796875,9346.431679698,7.202489852905273,1296,,,,,2493,,
28.0,,,7.231329441070557,,,0.10097420960664749,1769786041.291494,,9350.544794932,,1297,,1384.544189453125,,,2493,7.231329441070557,
,,,,,4.6219696969696975e-05,,1769786059.5831726,,9368.836664133,,1298,,,,4.6219696969696975e-05,2499,,
,,,,,4.6219696969696975e-05,,1769786060.444024,,9369.697300957,,1299,,,,4.6219696969696975e-05,2499,,
,,,,,4.6219696969696975e-05,,1769786061.3067465,,9370.560127452,,1300,,,,4.6219696969696975e-05,2499,,
,,,,,4.6219696969696975e-05,,1769786062.1692524,,9371.422647127,,1301,,,,4.6219696969696975e-05,2499,,
29.0,,,,1226.1181640625,,,1769786063.032818,,9372.286261337,,1302,7.111608505249023,,0.10505516827106476,,2499,,7.111608505249023
,,,,,4.6143939393939395e-05,,1769786094.0599136,,9403.313388705,,1303,,,,4.6143939393939395e-05,2509,,
,,,,,4.6143939393939395e-05,,1769786094.9207008,,9404.173925955,,1304,,,,4.6143939393939395e-05,2509,,
,,,,,4.6143939393939395e-05,,1769786095.783343,,9405.036665556,,1305,,,,4.6143939393939395e-05,2509,,
,,,,,4.6143939393939395e-05,,1769786096.6459868,,9405.899465297,,1306,,,,4.6143939393939395e-05,2509,,
29.0,,,,1378.677490234375,,,1769786097.5091586,,9406.762562065,,1307,7.228879928588867,,0.10339530557394028,,2509,,7.228879928588867
,,,,,4.606818181818182e-05,,1769786128.5333545,,9437.786796821,,1308,,,,4.606818181818182e-05,2519,,
,,,,,4.606818181818182e-05,,1769786129.3939219,,9438.647164271,,1309,,,,4.606818181818182e-05,2519,,
,,,,,4.606818181818182e-05,,1769786130.2557716,,9439.509145387,,1310,,,,4.606818181818182e-05,2519,,
,,,,,4.606818181818182e-05,,1769786131.1188235,,9440.372313207,,1311,,,,4.606818181818182e-05,2519,,
29.0,,,,1278.7799072265625,,,1769786131.9820788,,9441.23551591,,1312,7.153661727905273,,0.10439220815896988,,2519,,7.153661727905273
,,,,,4.599242424242424e-05,,1769786163.0105631,,9472.26398555,,1313,,,,4.599242424242424e-05,2529,,
,,,,,4.599242424242424e-05,,1769786163.8718283,,9473.125092388,,1314,,,,4.599242424242424e-05,2529,,
,,,,,4.599242424242424e-05,,1769786164.7339723,,9473.987300761,,1315,,,,4.599242424242424e-05,2529,,
,,,,,4.599242424242424e-05,,1769786165.596657,,9474.850099342,,1316,,,,4.599242424242424e-05,2529,,
29.0,,,,1339.9173583984375,,,1769786166.4598165,,9475.71323556,,1317,7.2003631591796875,,0.1031494215130806,,2529,,7.2003631591796875
,,,,,4.591666666666667e-05,,1769786197.485138,,9506.738584628,,1318,,,,4.591666666666667e-05,2539,,
,,,,,4.591666666666667e-05,,1769786198.346244,,9507.599482076,,1319,,,,4.591666666666667e-05,2539,,
,,,,,4.591666666666667e-05,,1769786199.207856,,9508.46124765,,1320,,,,4.591666666666667e-05,2539,,
,,,,,4.591666666666667e-05,,1769786200.0709758,,9509.324455883,,1321,,,,4.591666666666667e-05,2539,,
29.0,,,,1294.323486328125,,,1769786200.933908,,9510.187257384,,1322,7.165743350982666,,0.1022263690829277,,2539,,7.165743350982666
,,,,,4.584090909090909e-05,,1769786231.9619772,,9541.215429164,,1323,,,,4.584090909090909e-05,2549,,
,,,,,4.584090909090909e-05,,1769786232.8233483,,9542.076595263,,1324,,,,4.584090909090909e-05,2549,,
,,,,,4.584090909090909e-05,,1769786233.685088,,9542.938467282,,1325,,,,4.584090909090909e-05,2549,,
,,,,,4.584090909090909e-05,,1769786234.5473452,,9543.800780104,,1326,,,,4.584090909090909e-05,2549,,
29.0,,,,1311.8961181640625,,,1769786235.4098608,,9544.66328783,,1327,7.179228782653809,,0.09746747463941574,,2549,,7.179228782653809
,,,,,4.576515151515152e-05,,1769786266.437087,,9575.690509523,,1328,,,,4.576515151515152e-05,2559,,
,,,,,4.576515151515152e-05,,1769786267.2978969,,9576.551219231,,1329,,,,4.576515151515152e-05,2559,,
,,,,,4.576515151515152e-05,,1769786268.1599061,,9577.413259489,,1330,,,,4.576515151515152e-05,2559,,
,,,,,4.576515151515152e-05,,1769786269.0230196,,9578.27645168,,1331,,,,4.576515151515152e-05,2559,,
29.0,,,,1451.3758544921875,,,1769786269.8863964,,9579.139738141,,1332,7.280267238616943,,0.09969659149646759,,2559,,7.280267238616943
,,,,,4.5689393939393946e-05,,1769786300.9102895,,9610.163690862,,1333,,,,4.5689393939393946e-05,2569,,
,,,,,4.5689393939393946e-05,,1769786301.7717512,,9611.024997935,,1334,,,,4.5689393939393946e-05,2569,,
,,,,,4.5689393939393946e-05,,1769786302.6340084,,9611.887336528,,1335,,,,4.5689393939393946e-05,2569,,
,,,,,4.5689393939393946e-05,,1769786303.4966164,,9612.750048331,,1336,,,,4.5689393939393946e-05,2569,,
29.0,,,,1391.2095947265625,,,1769786304.359293,,9613.61267662,,1337,7.237928867340088,,0.10507387667894363,,2569,,7.237928867340088
,,,,,4.5613636363636365e-05,,1769786335.379745,,9644.633166899,,1338,,,,4.5613636363636365e-05,2579,,
,,,,,4.5613636363636365e-05,,1769786336.2404082,,9645.493685151,,1339,,,,4.5613636363636365e-05,2579,,
,,,,,4.5613636363636365e-05,,1769786337.101339,,9646.354586559,,1340,,,,4.5613636363636365e-05,2579,,
29.0,,,,1198.7779541015625,,,1769786337.6984456,,9646.951644305,,1341,7.089057922363281,,0.09576532244682312,,2579,,7.089057922363281
29.0,7.191101551055908,0.1012580394744873,,,,,1769786359.039375,1330.00732421875,9668.292557344,7.191101551055908,1342,,,,,2579,,
29.0,,,7.218510627746582,,,0.10099107772111893,1769786363.1908112,,9672.444294908,,1343,,1366.6533203125,,,2579,7.218510627746582,
,,,,,4.553787878787879e-05,,1769786395.2601457,,9704.513631056,,1344,,,,4.553787878787879e-05,2589,,
,,,,,4.553787878787879e-05,,1769786396.122969,,9705.376151831,,1345,,,,4.553787878787879e-05,2589,,
,,,,,4.553787878787879e-05,,1769786396.9854949,,9706.238899128,,1346,,,,4.553787878787879e-05,2589,,
,,,,,4.553787878787879e-05,,1769786397.847577,,9707.100883217,,1347,,,,4.553787878787879e-05,2589,,
30.0,,,,1386.5458984375,,,1769786398.7110097,,9707.96439344,,1348,7.2345709800720215,,0.10195355117321014,,2589,,7.2345709800720215
,,,,,4.546212121212122e-05,,1769786429.7474942,,9739.001008837,,1349,,,,4.546212121212122e-05,2599,,
,,,,,4.546212121212122e-05,,1769786430.6094432,,9739.862832751,,1350,,,,4.546212121212122e-05,2599,,
,,,,,4.546212121212122e-05,,1769786431.4721172,,9740.725496157,,1351,,,,4.546212121212122e-05,2599,,
,,,,,4.546212121212122e-05,,1769786432.3348289,,9741.588254055,,1352,,,,4.546212121212122e-05,2599,,
30.0,,,,1283.0634765625,,,1769786433.1984122,,9742.451795972,,1353,7.157005786895752,,0.10197407007217407,,2599,,7.157005786895752
,,,,,4.538636363636364e-05,,1769786464.2395349,,9773.492950141,,1354,,,,4.538636363636364e-05,2609,,
,,,,,4.538636363636364e-05,,1769786465.1014526,,9774.354890396,,1355,,,,4.538636363636364e-05,2609,,
,,,,,4.538636363636364e-05,,1769786465.9639254,,9775.217261459,,1356,,,,4.538636363636364e-05,2609,,
,,,,,4.538636363636364e-05,,1769786466.8263505,,9776.079704349,,1357,,,,4.538636363636364e-05,2609,,
30.0,,,,1355.53076171875,,,1769786467.689811,,9776.943110418,,1358,7.211948394775391,,0.09908177703619003,,2609,,7.211948394775391
,,,,,4.5310606060606064e-05,,1769786498.7314372,,9807.984834453,,1359,,,,4.5310606060606064e-05,2619,,
,,,,,4.5310606060606064e-05,,1769786499.59325,,9808.846603737,,1360,,,,4.5310606060606064e-05,2619,,
,,,,,4.5310606060606064e-05,,1769786500.455443,,9809.708754315,,1361,,,,4.5310606060606064e-05,2619,,
,,,,,4.5310606060606064e-05,,1769786501.317631,,9810.571034016,,1362,,,,4.5310606060606064e-05,2619,,
30.0,,,,1340.45849609375,,,1769786502.1809309,,9811.434321202,,1363,7.2007670402526855,,0.09809520095586777,,2619,,7.2007670402526855
,,,,,4.523484848484848e-05,,1769786533.224296,,9842.477685192,,1364,,,,4.523484848484848e-05,2629,,
,,,,,4.523484848484848e-05,,1769786534.087369,,9843.3407428,,1365,,,,4.523484848484848e-05,2629,,
,,,,,4.523484848484848e-05,,1769786534.95012,,9844.203420115,,1366,,,,4.523484848484848e-05,2629,,
,,,,,4.523484848484848e-05,,1769786535.8129637,,9845.06630378,,1367,,,,4.523484848484848e-05,2629,,
30.0,,,,1467.2530517578125,,,1769786536.6763172,,9845.929733337,,1368,7.291147232055664,,0.09817315638065338,,2629,,7.291147232055664
,,,,,4.515909090909091e-05,,1769786567.7170708,,9876.970507505,,1369,,,,4.515909090909091e-05,2639,,
,,,,,4.515909090909091e-05,,1769786568.57964,,9877.83300058,,1370,,,,4.515909090909091e-05,2639,,
,,,,,4.515909090909091e-05,,1769786569.4421763,,9878.695520955,,1371,,,,4.515909090909091e-05,2639,,
,,,,,4.515909090909091e-05,,1769786570.3047483,,9879.55808064,,1372,,,,4.515909090909091e-05,2639,,
30.0,,,,1255.7252197265625,,,1769786571.1678007,,9880.421122039,,1373,7.135468482971191,,0.10018371790647507,,2639,,7.135468482971191
,,,,,4.5083333333333336e-05,,1769786602.2092614,,9911.462686668,,1374,,,,4.5083333333333336e-05,2649,,
,,,,,4.5083333333333336e-05,,1769786603.0721114,,9912.3254926,,1375,,,,4.5083333333333336e-05,2649,,
,,,,,4.5083333333333336e-05,,1769786603.9345908,,9913.187961665,,1376,,,,4.5083333333333336e-05,2649,,
,,,,,4.5083333333333336e-05,,1769786604.7969916,,9914.050332782,,1377,,,,4.5083333333333336e-05,2649,,
30.0,,,,1394.2305908203125,,,1769786605.6601987,,9914.913623412,,1378,7.240097999572754,,0.10169827193021774,,2649,,7.240097999572754
,,,,,4.500757575757576e-05,,1769786636.7049954,,9945.95843085,,1379,,,,4.500757575757576e-05,2659,,
,,,,,4.500757575757576e-05,,1769786637.5674021,,9946.820777727,,1380,,,,4.500757575757576e-05,2659,,
,,,,,4.500757575757576e-05,,1769786638.4289296,,9947.682293876,,1381,,,,4.500757575757576e-05,2659,,
,,,,,4.500757575757576e-05,,1769786639.29157,,9948.544909797,,1382,,,,4.500757575757576e-05,2659,,
30.0,,,,1359.3348388671875,,,1769786640.1548364,,9949.408210518,,1383,7.21475076675415,,0.100702665746212,,2659,,7.21475076675415
30.0,7.183056831359863,0.10126715898513794,,,,,1769786681.0999303,1319.4720458984375,9990.353093786,7.183056831359863,1384,,,,,2665,,
30.0,,,7.210781574249268,,,0.10102526843547821,1769786685.2444103,,9994.497823451,,1385,,1356.247802734375,,,2665,7.210781574249268,
,,,,,4.493181818181819e-05,,1769786696.6297052,,10005.883226197,,1386,,,,4.493181818181819e-05,2669,,
,,,,,4.493181818181819e-05,,1769786697.4915974,,10006.74492928,,1387,,,,4.493181818181819e-05,2669,,
,,,,,4.493181818181819e-05,,1769786698.3525288,,10007.605760352,,1388,,,,4.493181818181819e-05,2669,,
,,,,,4.493181818181819e-05,,1769786699.21395,,10008.467272077,,1389,,,,4.493181818181819e-05,2669,,
31.0,,,,1303.1817626953125,,,1769786700.0776792,,10009.33114362,,1390,7.1725640296936035,,0.10080850124359131,,2669,,7.1725640296936035
,,,,,4.485606060606061e-05,,1769786731.1127412,,10040.366232571,,1391,,,,4.485606060606061e-05,2679,,
,,,,,4.485606060606061e-05,,1769786731.9748871,,10041.228231055,,1392,,,,4.485606060606061e-05,2679,,
,,,,,4.485606060606061e-05,,1769786732.8360384,,10042.089235404,,1393,,,,4.485606060606061e-05,2679,,
,,,,,4.485606060606061e-05,,1769786733.6986308,,10042.951942743,,1394,,,,4.485606060606061e-05,2679,,
31.0,,,,1332.0611572265625,,,1769786734.562404,,10043.815796265,,1395,7.194482803344727,,0.10263343155384064,,2679,,7.194482803344727
,,,,,4.4780303030303034e-05,,1769786765.6017008,,10074.855155614,,1396,,,,4.4780303030303034e-05,2689,,
,,,,,4.4780303030303034e-05,,1769786766.4645462,,10075.717906164,,1397,,,,4.4780303030303034e-05,2689,,
,,,,,4.4780303030303034e-05,,1769786767.3273647,,10076.580697826,,1398,,,,4.4780303030303034e-05,2689,,
,,,,,4.4780303030303034e-05,,1769786768.1908293,,10077.444157723,,1399,,,,4.4780303030303034e-05,2689,,
31.0,,,,1366.9937744140625,,,1769786769.054802,,10078.30828969,,1400,7.220369338989258,,0.10116337984800339,,2689,,7.220369338989258
,,,,,4.4704545454545454e-05,,1769786800.1052454,,10109.358703016,,1401,,,,4.4704545454545454e-05,2699,,
,,,,,4.4704545454545454e-05,,1769786800.9678283,,10110.221170337,,1402,,,,4.4704545454545454e-05,2699,,
,,,,,4.4704545454545454e-05,,1769786801.8298857,,10111.083297066,,1403,,,,4.4704545454545454e-05,2699,,
,,,,,4.4704545454545454e-05,,1769786802.6929479,,10111.946278119,,1404,,,,4.4704545454545454e-05,2699,,
31.0,,,,1367.0186767578125,,,1769786803.5566275,,10112.810079616,,1405,7.2203874588012695,,0.10091958194971085,,2699,,7.2203874588012695
,,,,,4.462878787878788e-05,,1769786834.5944664,,10143.847911338,,1406,,,,4.462878787878788e-05,2709,,
,,,,,4.462878787878788e-05,,1769786835.45698,,10144.710375851,,1407,,,,4.462878787878788e-05,2709,,
,,,,,4.462878787878788e-05,,1769786836.3180072,,10145.571280389,,1408,,,,4.462878787878788e-05,2709,,
,,,,,4.462878787878788e-05,,1769786837.1807969,,10146.434131843,,1409,,,,4.462878787878788e-05,2709,,
31.0,,,,1249.7320556640625,,,1769786838.0446904,,10147.298099136,,1410,7.1306843757629395,,0.09882747381925583,,2709,,7.1306843757629395
,,,,,4.4553030303030306e-05,,1769786869.0803752,,10178.333834958,,1411,,,,4.4553030303030306e-05,2719,,
,,,,,4.4553030303030306e-05,,1769786869.9429584,,10179.196361031,,1412,,,,4.4553030303030306e-05,2719,,
,,,,,4.4553030303030306e-05,,1769786870.8041162,,10180.057438575,,1413,,,,4.4553030303030306e-05,2719,,
,,,,,4.4553030303030306e-05,,1769786871.666828,,10180.920200992,,1414,,,,4.4553030303030306e-05,2719,,
31.0,,,,1442.06982421875,,,1769786872.5311615,,10181.784637656,,1415,7.273834705352783,,0.0960792750120163,,2719,,7.273834705352783
,,,,,4.4477272727272726e-05,,1769786903.5682113,,10212.821705194,,1416,,,,4.4477272727272726e-05,2729,,
,,,,,4.4477272727272726e-05,,1769786904.4307988,,10213.684168197,,1417,,,,4.4477272727272726e-05,2729,,
,,,,,4.4477272727272726e-05,,1769786905.29221,,10214.545462564,,1418,,,,4.4477272727272726e-05,2729,,
,,,,,4.4477272727272726e-05,,1769786906.1550148,,10215.40838615,,1419,,,,4.4477272727272726e-05,2729,,
31.0,,,,1476.2498779296875,,,1769786907.0187154,,10216.272191362,,1420,7.297260284423828,,0.09992998093366623,,2729,,7.297260284423828
,,,,,4.440151515151515e-05,,1769786938.057114,,10247.310605857,,1421,,,,4.440151515151515e-05,2739,,
,,,,,4.440151515151515e-05,,1769786938.9196188,,10248.17295717,,1422,,,,4.440151515151515e-05,2739,,
,,,,,4.440151515151515e-05,,1769786939.780658,,10249.033905873,,1423,,,,4.440151515151515e-05,2739,,
,,,,,4.440151515151515e-05,,1769786940.643297,,10249.896635835,,1424,,,,4.440151515151515e-05,2739,,
31.0,,,,1268.4998779296875,,,1769786941.507419,,10250.760900283,,1425,7.145590305328369,,0.10257812589406967,,2739,,7.145590305328369
,,,,,4.432575757575758e-05,,1769786972.5424523,,10281.795914632,,1426,,,,4.432575757575758e-05,2749,,
,,,,,4.432575757575758e-05,,1769786973.4048786,,10282.658150597,,1427,,,,4.432575757575758e-05,2749,,
,,,,,4.432575757575758e-05,,1769786974.2675302,,10283.520763489,,1428,,,,4.432575757575758e-05,2749,,
,,,,,4.432575757575758e-05,,1769786975.1301763,,10284.383549852,,1429,,,,4.432575757575758e-05,2749,,
31.0,,,,1242.1612548828125,,,1769786975.9927719,,10285.246043305,,1430,7.124608039855957,,0.10174701362848282,,2749,,7.124608039855957
31.0,7.1779937744140625,0.101246178150177,,,,,1769787003.2181346,1313.0142822265625,10312.471324289,7.1779937744140625,1431,,,,,2751,,
31.0,,,7.200616359710693,,,0.10100030899047852,1769787008.541882,,10317.795335535,,1432,,1342.58642578125,,,2751,7.200616359710693,
,,,,,4.4250000000000005e-05,,1769787033.710452,,10342.963838911,,1433,,,,4.4250000000000005e-05,2759,,
,,,,,4.4250000000000005e-05,,1769787034.573475,,10343.826880331,,1434,,,,4.4250000000000005e-05,2759,,
,,,,,4.4250000000000005e-05,,1769787035.435138,,10344.688392783,,1435,,,,4.4250000000000005e-05,2759,,
,,,,,4.4250000000000005e-05,,1769787036.2964783,,10345.54967647,,1436,,,,4.4250000000000005e-05,2759,,
32.0,,,,1390.4383544921875,,,1769787037.1598601,,10346.413337422,,1437,7.237374305725098,,0.10168963670730591,,2759,,7.237374305725098
,,,,,4.417424242424243e-05,,1769787068.1838448,,10377.437225402,,1438,,,,4.417424242424243e-05,2769,,
,,,,,4.417424242424243e-05,,1769787069.0464845,,10378.299871054,,1439,,,,4.417424242424243e-05,2769,,
,,,,,4.417424242424243e-05,,1769787069.9090497,,10379.162410606,,1440,,,,4.417424242424243e-05,2769,,
,,,,,4.417424242424243e-05,,1769787070.7700279,,10380.023218475,,1441,,,,4.417424242424243e-05,2769,,
32.0,,,,1263.96728515625,,,1769787071.6331666,,10380.886556368,,1442,7.142010688781738,,0.10086657851934433,,2769,,7.142010688781738
,,,,,4.409848484848485e-05,,1769787102.657978,,10411.911366482,,1443,,,,4.409848484848485e-05,2779,,
,,,,,4.409848484848485e-05,,1769787103.520381,,10412.773807774,,1444,,,,4.409848484848485e-05,2779,,
,,,,,4.409848484848485e-05,,1769787104.382423,,10413.635778988,,1445,,,,4.409848484848485e-05,2779,,
,,,,,4.409848484848485e-05,,1769787105.2433076,,10414.496554836,,1446,,,,4.409848484848485e-05,2779,,
32.0,,,,1417.45263671875,,,1769787106.1064796,,10415.3598764,,1447,7.256616592407227,,0.09958992153406143,,2779,,7.256616592407227
,,,,,4.402272727272728e-05,,1769787137.1275933,,10446.380949006,,1448,,,,4.402272727272728e-05,2789,,
,,,,,4.402272727272728e-05,,1769787137.9896271,,10447.24295484,,1449,,,,4.402272727272728e-05,2789,,
,,,,,4.402272727272728e-05,,1769787138.8515685,,10448.104896066,,1450,,,,4.402272727272728e-05,2789,,
,,,,,4.402272727272728e-05,,1769787139.7124512,,10448.965641765,,1451,,,,4.402272727272728e-05,2789,,
32.0,,,,1394.1767578125,,,1769787140.5753758,,10449.828750346,,1452,7.2400593757629395,,0.102044016122818,,2789,,7.2400593757629395
,,,,,4.3946969696969697e-05,,1769787171.599349,,10480.85270804,,1453,,,,4.3946969696969697e-05,2799,,
,,,,,4.3946969696969697e-05,,1769787172.4619496,,10481.715385019,,1454,,,,4.3946969696969697e-05,2799,,
,,,,,4.3946969696969697e-05,,1769787173.3242302,,10482.577506482,,1455,,,,4.3946969696969697e-05,2799,,
,,,,,4.3946969696969697e-05,,1769787174.1852336,,10483.438447341,,1456,,,,4.3946969696969697e-05,2799,,
32.0,,,,1267.819580078125,,,1769787175.0478787,,10484.301288307,,1457,7.145053863525391,,0.10388589650392532,,2799,,7.145053863525391
,,,,,4.387121212121212e-05,,1769787206.069989,,10515.323201649,,1458,,,,4.387121212121212e-05,2809,,
,,,,,4.387121212121212e-05,,1769787206.9327414,,10516.186143523,,1459,,,,4.387121212121212e-05,2809,,
,,,,,4.387121212121212e-05,,1769787207.7954335,,10517.048783293,,1460,,,,4.387121212121212e-05,2809,,
,,,,,4.387121212121212e-05,,1769787208.6564608,,10517.909623106,,1461,,,,4.387121212121212e-05,2809,,
32.0,,,,1504.8646240234375,,,1769787209.5194628,,10518.772904521,,1462,7.316458225250244,,0.09943348169326782,,2809,,7.316458225250244
,,,,,4.379545454545454e-05,,1769787240.5422328,,10549.795619591,,1463,,,,4.379545454545454e-05,2819,,
,,,,,4.379545454545454e-05,,1769787241.4049587,,10550.658306518,,1464,,,,4.379545454545454e-05,2819,,
,,,,,4.379545454545454e-05,,1769787242.266964,,10551.520333333,,1465,,,,4.379545454545454e-05,2819,,
,,,,,4.379545454545454e-05,,1769787243.1282716,,10552.381443029,,1466,,,,4.379545454545454e-05,2819,,
32.0,,,,1232.250244140625,,,1769787243.9913518,,10553.244797881,,1467,7.1165971755981445,,0.09912116825580597,,2819,,7.1165971755981445
,,,,,4.371969696969697e-05,,1769787275.0204206,,10584.273822049,,1468,,,,4.371969696969697e-05,2829,,
,,,,,4.371969696969697e-05,,1769787275.8827674,,10585.136218967,,1469,,,,4.371969696969697e-05,2829,,
,,,,,4.371969696969697e-05,,1769787276.744804,,10585.998191688,,1470,,,,4.371969696969697e-05,2829,,
,,,,,4.371969696969697e-05,,1769787277.6052794,,10586.858464032,,1471,,,,4.371969696969697e-05,2829,,
32.0,,,,1392.93017578125,,,1769787278.4682777,,10587.721694603,,1472,7.23916482925415,,0.1006394773721695,,2829,,7.23916482925415
32.0,7.165371894836426,0.10128084570169449,,,,,1769787326.2445796,1296.2886962890625,10635.497772383,7.165371894836426,1473,,,,,2837,,
32.0,,,7.191227436065674,,,0.10100669413805008,1769787331.2328525,,10640.486329868,,1474,,1329.7791748046875,,,2837,7.191227436065674,
,,,,,4.3643939393939395e-05,,1769787335.7245858,,10644.978050586,,1475,,,,4.3643939393939395e-05,2839,,
,,,,,4.3643939393939395e-05,,1769787336.5876994,,10645.841155593,,1476,,,,4.3643939393939395e-05,2839,,
,,,,,4.3643939393939395e-05,,1769787337.4501145,,10646.703498234,,1477,,,,4.3643939393939395e-05,2839,,
,,,,,4.3643939393939395e-05,,1769787338.3127155,,10647.566073925,,1478,,,,4.3643939393939395e-05,2839,,
33.0,,,,1336.2784423828125,,,1769787339.1767335,,10648.430105124,,1479,7.197643756866455,,0.10026571154594421,,2839,,7.197643756866455
,,,,,4.356818181818182e-05,,1769787370.222476,,10679.475886367,,1480,,,,4.356818181818182e-05,2849,,
,,,,,4.356818181818182e-05,,1769787371.0849085,,10680.338271108,,1481,,,,4.356818181818182e-05,2849,,
,,,,,4.356818181818182e-05,,1769787371.947124,,10681.20052966,,1482,,,,4.356818181818182e-05,2849,,
,,,,,4.356818181818182e-05,,1769787372.8098063,,10682.063239619,,1483,,,,4.356818181818182e-05,2849,,
33.0,,,,1221.9945068359375,,,1769787373.674037,,10682.927481072,,1484,7.108239650726318,,0.10154050588607788,,2849,,7.108239650726318
,,,,,4.349242424242425e-05,,1769787404.7234924,,10713.976879899,,1485,,,,4.349242424242425e-05,2859,,
,,,,,4.349242424242425e-05,,1769787405.5860653,,10714.839493021,,1486,,,,4.349242424242425e-05,2859,,
,,,,,4.349242424242425e-05,,1769787406.4486434,,10715.702039472,,1487,,,,4.349242424242425e-05,2859,,
,,,,,4.349242424242425e-05,,1769787407.3111167,,10716.564482818,,1488,,,,4.349242424242425e-05,2859,,
33.0,,,,1298.7982177734375,,,1769787408.1752038,,10717.428634472,,1489,7.16919469833374,,0.09880368411540985,,2859,,7.16919469833374
,,,,,4.341666666666667e-05,,1769787439.2218006,,10748.475288381,,1490,,,,4.341666666666667e-05,2869,,
,,,,,4.341666666666667e-05,,1769787440.083759,,10749.337129749,,1491,,,,4.341666666666667e-05,2869,,
,,,,,4.341666666666667e-05,,1769787440.9450936,,10750.198398747,,1492,,,,4.341666666666667e-05,2869,,
,,,,,4.341666666666667e-05,,1769787441.807806,,10751.061194399,,1493,,,,4.341666666666667e-05,2869,,
33.0,,,,1416.904541015625,,,1769787442.6717203,,10751.925138889,,1494,7.256229877471924,,0.09851257503032684,,2869,,7.256229877471924
,,,,,4.3340909090909093e-05,,1769787473.707248,,10782.960710537,,1495,,,,4.3340909090909093e-05,2879,,
,,,,,4.3340909090909093e-05,,1769787474.569325,,10783.822697691,,1496,,,,4.3340909090909093e-05,2879,,
,,,,,4.3340909090909093e-05,,1769787475.4310129,,10784.684238224,,1497,,,,4.3340909090909093e-05,2879,,
,,,,,4.3340909090909093e-05,,1769787476.2929828,,10785.546365008,,1498,,,,4.3340909090909093e-05,2879,,
33.0,,,,1282.813232421875,,,1769787477.1568747,,10786.410315193,,1499,7.156810760498047,,0.10271620005369186,,2879,,7.156810760498047
,,,,,4.326515151515152e-05,,1769787508.196981,,10817.450370562,,1500,,,,4.326515151515152e-05,2889,,
,,,,,4.326515151515152e-05,,1769787509.0596035,,10818.313006308,,1501,,,,4.326515151515152e-05,2889,,
,,,,,4.326515151515152e-05,,1769787509.922151,,10819.175506951,,1502,,,,4.326515151515152e-05,2889,,
,,,,,4.326515151515152e-05,,1769787510.7849705,,10820.03834407,,1503,,,,4.326515151515152e-05,2889,,
33.0,,,,1341.436279296875,,,1769787511.6494524,,10820.902897999,,1504,7.201496124267578,,0.09937912225723267,,2889,,7.201496124267578
,,,,,4.318939393939394e-05,,1769787542.6988032,,10851.95220047,,1505,,,,4.318939393939394e-05,2899,,
,,,,,4.318939393939394e-05,,1769787543.5614786,,10852.814935252,,1506,,,,4.318939393939394e-05,2899,,
,,,,,4.318939393939394e-05,,1769787544.424056,,10853.677446428,,1507,,,,4.318939393939394e-05,2899,,
,,,,,4.318939393939394e-05,,1769787545.286058,,10854.539427877,,1508,,,,4.318939393939394e-05,2899,,
33.0,,,,1298.448486328125,,,1769787546.149438,,10855.402878565,,1509,7.1689252853393555,,0.0978083461523056,,2899,,7.1689252853393555
,,,,,4.3113636363636366e-05,,1769787577.1967962,,10886.45020705,,1510,,,,4.3113636363636366e-05,2909,,
,,,,,4.3113636363636366e-05,,1769787578.0593767,,10887.312848168,,1511,,,,4.3113636363636366e-05,2909,,
,,,,,4.3113636363636366e-05,,1769787578.921611,,10888.174966591,,1512,,,,4.3113636363636366e-05,2909,,
,,,,,4.3113636363636366e-05,,1769787579.783765,,10889.037131863,,1513,,,,4.3113636363636366e-05,2909,,
33.0,,,,1391.18896484375,,,1769787580.6482086,,10889.901597264,,1514,7.237914085388184,,0.10190881788730621,,2909,,7.237914085388184
,,,,,4.3037878787878785e-05,,1769787611.6938958,,10920.947302922,,1515,,,,4.3037878787878785e-05,2919,,
,,,,,4.3037878787878785e-05,,1769787612.5569496,,10921.810333963,,1516,,,,4.3037878787878785e-05,2919,,
,,,,,4.3037878787878785e-05,,1769787613.4200294,,10922.673333056,,1517,,,,4.3037878787878785e-05,2919,,
,,,,,4.3037878787878785e-05,,1769787614.28249,,10923.535837977,,1518,,,,4.3037878787878785e-05,2919,,
33.0,,,,1291.841552734375,,,1769787615.1464653,,10924.399850413,,1519,7.163824081420898,,0.09938421100378036,,2919,,7.163824081420898
33.0,7.157657623291016,0.10132189840078354,,,,,1769787649.3135827,1286.4493408203125,10958.566773704,7.157657623291016,1520,,,,,2923,,
33.0,,,7.184535026550293,,,0.1010231077671051,1769787653.8836873,,10963.137049784,,1521,,1321.4493408203125,,,2923,7.184535026550293,
,,,,,4.296212121212121e-05,,1769787672.1658814,,10981.419387968,,1522,,,,4.296212121212121e-05,2929,,
,,,,,4.296212121212121e-05,,1769787673.0285165,,10982.281939383,,1523,,,,4.296212121212121e-05,2929,,
,,,,,4.296212121212121e-05,,1769787673.891114,,10983.144477508,,1524,,,,4.296212121212121e-05,2929,,
,,,,,4.296212121212121e-05,,1769787674.7541964,,10984.007515295,,1525,,,,4.296212121212121e-05,2929,,
34.0,,,,1482.7254638671875,,,1769787675.6179843,,10984.871401837,,1526,7.301637172698975,,0.10478128492832184,,2929,,7.301637172698975
,,,,,4.2886363636363644e-05,,1769787706.6669369,,11015.920401845,,1527,,,,4.2886363636363644e-05,2939,,
,,,,,4.2886363636363644e-05,,1769787707.5295439,,11016.782890052,,1528,,,,4.2886363636363644e-05,2939,,
,,,,,4.2886363636363644e-05,,1769787708.392311,,11017.645682948,,1529,,,,4.2886363636363644e-05,2939,,
,,,,,4.2886363636363644e-05,,1769787709.255145,,11018.508499719,,1530,,,,4.2886363636363644e-05,2939,,
34.0,,,,1362.13330078125,,,1769787710.1189027,,11019.372356263,,1531,7.2168073654174805,,0.10343469679355621,,2939,,7.2168073654174805
,,,,,4.2810606060606064e-05,,1769787741.1552808,,11050.408690168,,1532,,,,4.2810606060606064e-05,2949,,
,,,,,4.2810606060606064e-05,,1769787742.0174096,,11051.270803569,,1533,,,,4.2810606060606064e-05,2949,,
,,,,,4.2810606060606064e-05,,1769787742.878829,,11052.132028835,,1534,,,,4.2810606060606064e-05,2949,,
,,,,,4.2810606060606064e-05,,1769787743.741578,,11052.994919675,,1535,,,,4.2810606060606064e-05,2949,,
34.0,,,,1473.6138916015625,,,1769787744.6053863,,11053.858786231,,1536,7.295473098754883,,0.10435353964567184,,2949,,7.295473098754883
,,,,,4.273484848484849e-05,,1769787775.6355515,,11084.889005521,,1537,,,,4.273484848484849e-05,2959,,
,,,,,4.273484848484849e-05,,1769787776.4981518,,11085.75145218,,1538,,,,4.273484848484849e-05,2959,,
,,,,,4.273484848484849e-05,,1769787777.3596761,,11086.61288807,,1539,,,,4.273484848484849e-05,2959,,
,,,,,4.273484848484849e-05,,1769787778.221998,,11087.475320908,,1540,,,,4.273484848484849e-05,2959,,
34.0,,,,1271.222412109375,,,1769787779.085578,,11088.338960721,,1541,7.14773416519165,,0.10291727632284164,,2959,,7.14773416519165
,,,,,4.265909090909091e-05,,1769787810.1200843,,11119.373502817,,1542,,,,4.265909090909091e-05,2969,,
,,,,,4.265909090909091e-05,,1769787810.9819653,,11120.235321519,,1543,,,,4.265909090909091e-05,2969,,
,,,,,4.265909090909091e-05,,1769787811.8437088,,11121.09696607,,1544,,,,4.265909090909091e-05,2969,,
,,,,,4.265909090909091e-05,,1769787812.7055128,,11121.958858112,,1545,,,,4.265909090909091e-05,2969,,
34.0,,,,1318.851318359375,,,1769787813.5689802,,11122.822401066,,1546,7.184516429901123,,0.10214865952730179,,2969,,7.184516429901123
,,,,,4.2583333333333336e-05,,1769787844.6028888,,11153.8563168,,1547,,,,4.2583333333333336e-05,2979,,
,,,,,4.2583333333333336e-05,,1769787845.4650888,,11154.718450453,,1548,,,,4.2583333333333336e-05,2979,,
,,,,,4.2583333333333336e-05,,1769787846.3266575,,11155.579839196,,1549,,,,4.2583333333333336e-05,2979,,
,,,,,4.2583333333333336e-05,,1769787847.1896691,,11156.443008145,,1550,,,,4.2583333333333336e-05,2979,,
34.0,,,,1322.52978515625,,,1769787848.0538862,,11157.307328675,,1551,7.1873016357421875,,0.09739002585411072,,2979,,7.1873016357421875
,,,,,4.2507575757575756e-05,,1769787879.0892522,,11188.34267624,,1552,,,,4.2507575757575756e-05,2989,,
,,,,,4.2507575757575756e-05,,1769787879.952395,,11189.205731426,,1553,,,,4.2507575757575756e-05,2989,,
,,,,,4.2507575757575756e-05,,1769787880.8137076,,11190.066928589,,1554,,,,4.2507575757575756e-05,2989,,
,,,,,4.2507575757575756e-05,,1769787881.6757088,,11190.929069019,,1555,,,,4.2507575757575756e-05,2989,,
34.0,,,,1278.704345703125,,,1769787882.5398343,,11191.793302706,,1556,7.153602600097656,,0.10016337037086487,,2989,,7.153602600097656
,,,,,4.243181818181818e-05,,1769787913.5704126,,11222.823878648,,1557,,,,4.243181818181818e-05,2999,,
,,,,,4.243181818181818e-05,,1769787914.4323473,,11223.685677693,,1558,,,,4.243181818181818e-05,2999,,
,,,,,4.243181818181818e-05,,1769787915.2939496,,11224.547098198,,1559,,,,4.243181818181818e-05,2999,,
,,,,,4.243181818181818e-05,,1769787916.1561437,,11225.409488011,,1560,,,,4.243181818181818e-05,2999,,
34.0,,,,1253.1656494140625,,,1769787917.0197468,,11226.27319953,,1561,7.13342809677124,,0.1053084209561348,,2999,,7.13342809677124
,,,,,4.235606060606061e-05,,1769787948.0484602,,11257.301884601,,1562,,,,4.235606060606061e-05,3009,,
,,,,,4.235606060606061e-05,,1769787948.9093955,,11258.162593905,,1563,,,,4.235606060606061e-05,3009,,
,,,,,4.235606060606061e-05,,1769787949.770377,,11259.023541096,,1564,,,,4.235606060606061e-05,3009,,
34.0,,,,1418.390380859375,,,1769787950.3672516,,11259.620448769,,1565,7.257277965545654,,0.09559410810470581,,3009,,7.257277965545654
34.0,7.156405448913574,0.1013045608997345,,,,,1769787971.8864439,1284.9371337890625,11281.139593067,7.156405448913574,1566,,,,,3009,,
34.0,,,7.1750383377075195,,,0.10106322169303894,1769787975.6903255,,11284.943729985,,1567,,1309.24365234375,,,3009,7.1750383377075195,
,,,,,4.228030303030303e-05,,1769788007.764711,,11317.018159653,,1568,,,,4.228030303030303e-05,3019,,
,,,,,4.228030303030303e-05,,1769788008.6266909,,11317.879961825,,1569,,,,4.228030303030303e-05,3019,,
,,,,,4.228030303030303e-05,,1769788009.4892015,,11318.74255143,,1570,,,,4.228030303030303e-05,3019,,
,,,,,4.228030303030303e-05,,1769788010.3516214,,11319.605010309,,1571,,,,4.228030303030303e-05,3019,,
35.0,,,,1279.2264404296875,,,1769788011.2132356,,11320.46642007,,1572,7.154010772705078,,0.10222814977169037,,3019,,7.154010772705078
,,,,,4.220454545454546e-05,,1769788042.2462418,,11351.499519514,,1573,,,,4.220454545454546e-05,3029,,
,,,,,4.220454545454546e-05,,1769788043.1076365,,11352.360995131,,1574,,,,4.220454545454546e-05,3029,,
,,,,,4.220454545454546e-05,,1769788043.9703987,,11353.22372892,,1575,,,,4.220454545454546e-05,3029,,
,,,,,4.220454545454546e-05,,1769788044.8330433,,11354.086458041,,1576,,,,4.220454545454546e-05,3029,,
35.0,,,,1337.688720703125,,,1769788045.6965842,,11354.949956109,,1577,7.1986985206604,,0.1017015129327774,,3029,,7.1986985206604
,,,,,4.212878787878788e-05,,1769788076.7327619,,11385.985973168,,1578,,,,4.212878787878788e-05,3039,,
,,,,,4.212878787878788e-05,,1769788077.594912,,11386.848257347,,1579,,,,4.212878787878788e-05,3039,,
,,,,,4.212878787878788e-05,,1769788078.4581509,,11387.711514749,,1580,,,,4.212878787878788e-05,3039,,
,,,,,4.212878787878788e-05,,1769788079.3207855,,11388.574161473,,1581,,,,4.212878787878788e-05,3039,,
35.0,,,,1288.7664794921875,,,1769788080.184402,,11389.43777447,,1582,7.161440849304199,,0.09857165068387985,,3039,,7.161440849304199
,,,,,4.205303030303031e-05,,1769788111.209536,,11420.463004137,,1583,,,,4.205303030303031e-05,3049,,
,,,,,4.205303030303031e-05,,1769788112.0718093,,11421.325209885,,1584,,,,4.205303030303031e-05,3049,,
,,,,,4.205303030303031e-05,,1769788112.9333217,,11422.186521819,,1585,,,,4.205303030303031e-05,3049,,
,,,,,4.205303030303031e-05,,1769788113.7945118,,11423.04769265,,1586,,,,4.205303030303031e-05,3049,,
35.0,,,,1372.874267578125,,,1769788114.6580434,,11423.911517232,,1587,7.224661827087402,,0.09817342460155487,,3049,,7.224661827087402
,,,,,4.197727272727273e-05,,1769788145.668507,,11454.921973594,,1588,,,,4.197727272727273e-05,3059,,
,,,,,4.197727272727273e-05,,1769788146.5302682,,11455.783652657,,1589,,,,4.197727272727273e-05,3059,,
,,,,,4.197727272727273e-05,,1769788147.3917885,,11456.644997888,,1590,,,,4.197727272727273e-05,3059,,
,,,,,4.197727272727273e-05,,1769788148.2529058,,11457.506106823,,1591,,,,4.197727272727273e-05,3059,,
35.0,,,,1429.81005859375,,,1769788149.1157715,,11458.369199341,,1592,7.265296936035156,,0.0981341227889061,,3059,,7.265296936035156
,,,,,4.190151515151515e-05,,1769788180.1266801,,11489.380147352,,1593,,,,4.190151515151515e-05,3069,,
,,,,,4.190151515151515e-05,,1769788180.9886894,,11490.242065541,,1594,,,,4.190151515151515e-05,3069,,
,,,,,4.190151515151515e-05,,1769788181.850396,,11491.103686112,,1595,,,,4.190151515151515e-05,3069,,
,,,,,4.190151515151515e-05,,1769788182.7119665,,11491.965154615,,1596,,,,4.190151515151515e-05,3069,,
35.0,,,,1228.7806396484375,,,1769788183.575193,,11492.828616855,,1597,7.1137776374816895,,0.10010553896427155,,3069,,7.1137776374816895
,,,,,4.182575757575758e-05,,1769788214.589623,,11523.843066031,,1598,,,,4.182575757575758e-05,3079,,
,,,,,4.182575757575758e-05,,1769788215.4514582,,11524.704851587,,1599,,,,4.182575757575758e-05,3079,,
,,,,,4.182575757575758e-05,,1769788216.3135276,,11525.56669538,,1600,,,,4.182575757575758e-05,3079,,
,,,,,4.182575757575758e-05,,1769788217.174622,,11526.427759201,,1601,,,,4.182575757575758e-05,3079,,
35.0,,,,1407.654296875,,,1769788218.0376453,,11527.291059184,,1602,7.249680042266846,,0.10197537392377853,,3079,,7.249680042266846
,,,,,4.175e-05,,1769788249.0479803,,11558.301424992,,1603,,,,4.175e-05,3089,,
,,,,,4.175e-05,,1769788249.9100838,,11559.163469875,,1604,,,,4.175e-05,3089,,
,,,,,4.175e-05,,1769788250.7717109,,11560.024942607,,1605,,,,4.175e-05,3089,,
,,,,,4.175e-05,,1769788251.6319625,,11560.88519859,,1606,,,,4.175e-05,3089,,
35.0,,,,1505.939208984375,,,1769788252.4958217,,11561.749248367,,1607,7.317172050476074,,0.1004309207201004,,3089,,7.317172050476074
35.0,7.156259059906006,0.10129361599683762,,,,,1769788293.529124,1285.0753173828125,11602.782298386,7.156259059906006,1608,,,,,3095,,
35.0,,,7.171885013580322,,,0.10105136781930923,1769788298.2641788,,11607.517664956,,1609,,1304.9095458984375,,,3095,7.171885013580322,
,,,,,4.1674242424242425e-05,,1769788309.6505427,,11618.903955833,,1610,,,,4.1674242424242425e-05,3099,,
,,,,,4.1674242424242425e-05,,1769788310.5129428,,11619.766284787,,1611,,,,4.1674242424242425e-05,3099,,
,,,,,4.1674242424242425e-05,,1769788311.37567,,11620.629114534,,1612,,,,4.1674242424242425e-05,3099,,
,,,,,4.1674242424242425e-05,,1769788312.2376027,,11621.49095214,,1613,,,,4.1674242424242425e-05,3099,,
36.0,,,,1357.4635009765625,,,1769788313.1017027,,11622.355069242,,1614,7.213373184204102,,0.10061320662498474,,3099,,7.213373184204102
,,,,,4.159848484848485e-05,,1769788344.1243896,,11653.377703803,,1615,,,,4.159848484848485e-05,3109,,
,,,,,4.159848484848485e-05,,1769788344.9847538,,11654.237940208,,1616,,,,4.159848484848485e-05,3109,,
,,,,,4.159848484848485e-05,,1769788345.8458896,,11655.099085429,,1617,,,,4.159848484848485e-05,3109,,
,,,,,4.159848484848485e-05,,1769788346.7082176,,11655.961617095,,1618,,,,4.159848484848485e-05,3109,,
36.0,,,,1232.3970947265625,,,1769788347.571373,,11656.824763815,,1619,7.116716384887695,,0.10204561799764633,,3109,,7.116716384887695
,,,,,4.152272727272728e-05,,1769788378.581421,,11687.834837107,,1620,,,,4.152272727272728e-05,3119,,
,,,,,4.152272727272728e-05,,1769788379.4423048,,11688.695512118,,1621,,,,4.152272727272728e-05,3119,,
,,,,,4.152272727272728e-05,,1769788380.3033204,,11689.556501982,,1622,,,,4.152272727272728e-05,3119,,
,,,,,4.152272727272728e-05,,1769788381.164951,,11690.418190447,,1623,,,,4.152272727272728e-05,3119,,
36.0,,,,1226.459716796875,,,1769788382.0275166,,11691.280899426,,1624,7.111886978149414,,0.10092992335557938,,3119,,7.111886978149414
,,,,,4.1446969696969704e-05,,1769788413.0382729,,11722.29169484,,1625,,,,4.1446969696969704e-05,3129,,
,,,,,4.1446969696969704e-05,,1769788413.898806,,11723.151974723,,1626,,,,4.1446969696969704e-05,3129,,
,,,,,4.1446969696969704e-05,,1769788414.7596943,,11724.012895451,,1627,,,,4.1446969696969704e-05,3129,,
,,,,,4.1446969696969704e-05,,1769788415.6214266,,11724.874819236,,1628,,,,4.1446969696969704e-05,3129,,
36.0,,,,1241.5950927734375,,,1769788416.4846234,,11725.738013902,,1629,7.124152183532715,,0.1012326329946518,,3129,,7.124152183532715
,,,,,4.137121212121212e-05,,1769788447.4941232,,11756.747514907,,1630,,,,4.137121212121212e-05,3139,,
,,,,,4.137121212121212e-05,,1769788448.3548486,,11757.60799606,,1631,,,,4.137121212121212e-05,3139,,
,,,,,4.137121212121212e-05,,1769788449.2163017,,11758.469461503,,1632,,,,4.137121212121212e-05,3139,,
,,,,,4.137121212121212e-05,,1769788450.0785902,,11759.332003986,,1633,,,,4.137121212121212e-05,3139,,
36.0,,,,1354.7657470703125,,,1769788450.9419463,,11760.195304147,,1634,7.211383819580078,,0.09886642545461655,,3139,,7.211383819580078
,,,,,4.129545454545455e-05,,1769788481.9513326,,11791.204673532,,1635,,,,4.129545454545455e-05,3149,,
,,,,,4.129545454545455e-05,,1769788482.8125842,,11792.065773994,,1636,,,,4.129545454545455e-05,3149,,
,,,,,4.129545454545455e-05,,1769788483.6735482,,11792.926744109,,1637,,,,4.129545454545455e-05,3149,,
,,,,,4.129545454545455e-05,,1769788484.535308,,11793.788686716,,1638,,,,4.129545454545455e-05,3149,,
36.0,,,,1258.2862548828125,,,1769788485.3985653,,11794.651927085,,1639,7.137506008148193,,0.0960792750120163,,3149,,7.137506008148193
,,,,,4.121969696969697e-05,,1769788516.4112313,,11825.664612194,,1640,,,,4.121969696969697e-05,3159,,
,,,,,4.121969696969697e-05,,1769788517.2725277,,11826.525722277,,1641,,,,4.121969696969697e-05,3159,,
,,,,,4.121969696969697e-05,,1769788518.1335812,,11827.386795334,,1642,,,,4.121969696969697e-05,3159,,
,,,,,4.121969696969697e-05,,1769788518.9954863,,11828.248815525,,1643,,,,4.121969696969697e-05,3159,,
36.0,,,,1380.312744140625,,,1769788519.858158,,11829.111551542,,1644,7.23006534576416,,0.09973549097776413,,3159,,7.23006534576416
,,,,,4.1143939393939395e-05,,1769788550.86841,,11860.121816303,,1645,,,,4.1143939393939395e-05,3169,,
,,,,,4.1143939393939395e-05,,1769788551.7289522,,11860.9821262,,1646,,,,4.1143939393939395e-05,3169,,
,,,,,4.1143939393939395e-05,,1769788552.5896842,,11861.842902998,,1647,,,,4.1143939393939395e-05,3169,,
,,,,,4.1143939393939395e-05,,1769788553.4521177,,11862.705534305,,1648,,,,4.1143939393939395e-05,3169,,
36.0,,,,1350.559814453125,,,1769788554.3148127,,11863.568120023,,1649,7.2082743644714355,,0.10246093571186066,,3169,,7.2082743644714355
,,,,,4.106818181818182e-05,,1769788585.3269353,,11894.580313454,,1650,,,,4.106818181818182e-05,3179,,
,,,,,4.106818181818182e-05,,1769788586.1882925,,11895.441455188,,1651,,,,4.106818181818182e-05,3179,,
,,,,,4.106818181818182e-05,,1769788587.0494401,,11896.302597924,,1652,,,,4.106818181818182e-05,3179,,
,,,,,4.106818181818182e-05,,1769788587.911702,,11897.165071911,,1653,,,,4.106818181818182e-05,3179,,
36.0,,,,1211.09521484375,,,1769788588.7740376,,11898.027257475,,1654,7.09928035736084,,0.10182483494281769,,3179,,7.09928035736084
36.0,7.138618469238281,0.10130730271339417,,,,,1769788616.0272272,1262.1204833984375,11925.280333082,7.138618469238281,1655,,,,,3181,,
36.0,,,7.160116195678711,,,0.10106482356786728,1769788620.3377035,,11929.591066194,,1656,,1289.4423828125,,,3181,7.160116195678711,
,,,,,4.099242424242424e-05,,1769788645.5021865,,11954.755603983,,1657,,,,4.099242424242424e-05,3189,,
,,,,,4.099242424242424e-05,,1769788646.3644748,,11955.617654588,,1658,,,,4.099242424242424e-05,3189,,
,,,,,4.099242424242424e-05,,1769788647.225556,,11956.478776177,,1659,,,,4.099242424242424e-05,3189,,
,,,,,4.099242424242424e-05,,1769788648.0860267,,11957.339223361,,1660,,,,4.099242424242424e-05,3189,,
37.0,,,,1285.010498046875,,,1769788648.9490085,,11958.202408703,,1661,7.158522129058838,,0.10114458948373795,,3189,,7.158522129058838
,,,,,4.091666666666667e-05,,1769788679.9568765,,11989.21025935,,1662,,,,4.091666666666667e-05,3199,,
,,,,,4.091666666666667e-05,,1769788680.8190103,,11990.072333989,,1663,,,,4.091666666666667e-05,3199,,
,,,,,4.091666666666667e-05,,1769788681.6799345,,11990.933106339,,1664,,,,4.091666666666667e-05,3199,,
,,,,,4.091666666666667e-05,,1769788682.5401392,,11991.793307441,,1665,,,,4.091666666666667e-05,3199,,
37.0,,,,1177.3355712890625,,,1769788683.4036005,,11992.657049977,,1666,7.071009159088135,,0.10012491047382355,,3199,,7.071009159088135
,,,,,4.0840909090909094e-05,,1769788714.4133182,,12023.666701967,,1667,,,,4.0840909090909094e-05,3209,,
,,,,,4.0840909090909094e-05,,1769788715.2752438,,12024.528597904,,1668,,,,4.0840909090909094e-05,3209,,
,,,,,4.0840909090909094e-05,,1769788716.1365974,,12025.389825746,,1669,,,,4.0840909090909094e-05,3209,,
,,,,,4.0840909090909094e-05,,1769788716.9970276,,12026.250173135,,1670,,,,4.0840909090909094e-05,3209,,
37.0,,,,1214.2611083984375,,,1769788717.8595572,,12027.112922165,,1671,7.101891040802002,,0.10001952946186066,,3209,,7.101891040802002
,,,,,4.076515151515152e-05,,1769788748.8722298,,12058.125645047,,1672,,,,4.076515151515152e-05,3219,,
,,,,,4.076515151515152e-05,,1769788749.7343931,,12058.987662744,,1673,,,,4.076515151515152e-05,3219,,
,,,,,4.076515151515152e-05,,1769788750.5953805,,12059.848599166,,1674,,,,4.076515151515152e-05,3219,,
,,,,,4.076515151515152e-05,,1769788751.4563024,,12060.709469097,,1675,,,,4.076515151515152e-05,3219,,
37.0,,,,1364.26806640625,,,1769788752.3191783,,12061.572576142,,1676,7.2183732986450195,,0.10173016041517258,,3219,,7.2183732986450195
,,,,,4.0689393939393946e-05,,1769788783.33197,,12092.58537881,,1677,,,,4.0689393939393946e-05,3229,,
,,,,,4.0689393939393946e-05,,1769788784.1943831,,12093.447628072,,1678,,,,4.0689393939393946e-05,3229,,
,,,,,4.0689393939393946e-05,,1769788785.0561075,,12094.309321159,,1679,,,,4.0689393939393946e-05,3229,,
,,,,,4.0689393939393946e-05,,1769788785.9164214,,12095.169608141,,1680,,,,4.0689393939393946e-05,3229,,
37.0,,,,1321.4581298828125,,,1769788786.7790253,,12096.032422874,,1681,7.186491012573242,,0.10384660959243774,,3229,,7.186491012573242
,,,,,4.0613636363636366e-05,,1769788817.7891054,,12127.042523516,,1682,,,,4.0613636363636366e-05,3239,,
,,,,,4.0613636363636366e-05,,1769788818.6514711,,12127.904819526,,1683,,,,4.0613636363636366e-05,3239,,
,,,,,4.0613636363636366e-05,,1769788819.5127773,,12128.76596096,,1684,,,,4.0613636363636366e-05,3239,,
,,,,,4.0613636363636366e-05,,1769788820.3738148,,12129.626995704,,1685,,,,4.0613636363636366e-05,3239,,
37.0,,,,1203.4703369140625,,,1769788821.2366395,,12130.489927639,,1686,7.0929646492004395,,0.09982418268918991,,3239,,7.0929646492004395
,,,,,4.053787878787879e-05,,1769788852.247767,,12161.501145259,,1687,,,,4.053787878787879e-05,3249,,
,,,,,4.053787878787879e-05,,1769788853.1107042,,12162.36402258,,1688,,,,4.053787878787879e-05,3249,,
,,,,,4.053787878787879e-05,,1769788853.9724524,,12163.225620488,,1689,,,,4.053787878787879e-05,3249,,
,,,,,4.053787878787879e-05,,1769788854.8329616,,12164.086137971,,1690,,,,4.053787878787879e-05,3249,,
37.0,,,,1243.7554931640625,,,1769788855.6961772,,12164.949596125,,1691,7.125890731811523,,0.09919894486665726,,3249,,7.125890731811523
,,,,,4.046212121212121e-05,,1769788886.7104127,,12195.963807454,,1692,,,,4.046212121212121e-05,3259,,
,,,,,4.046212121212121e-05,,1769788887.5725522,,12196.825900043,,1693,,,,4.046212121212121e-05,3259,,
,,,,,4.046212121212121e-05,,1769788888.433876,,12197.687103294,,1694,,,,4.046212121212121e-05,3259,,
,,,,,4.046212121212121e-05,,1769788889.2947595,,12198.54793028,,1695,,,,4.046212121212121e-05,3259,,
37.0,,,,1296.319091796875,,,1769788890.1579752,,12199.411398867,,1696,7.16728401184082,,0.1009124219417572,,3259,,7.16728401184082
37.0,7.135022163391113,0.10128768533468246,,,,,1769788938.1170592,1257.84521484375,12247.370239011,7.135022163391113,1697,,,,,3267,,
37.0,,,7.148603439331055,,,0.10107781738042831,1769788942.233134,,12251.486465523,,1698,,1274.75146484375,,,3267,7.148603439331055,
,,,,,4.038636363636364e-05,,1769788946.7280176,,12255.981289455,,1699,,,,4.038636363636364e-05,3269,,
,,,,,4.038636363636364e-05,,1769788947.5900757,,12256.843488558,,1700,,,,4.038636363636364e-05,3269,,
,,,,,4.038636363636364e-05,,1769788948.452332,,12257.705685499,,1701,,,,4.038636363636364e-05,3269,,
,,,,,4.038636363636364e-05,,1769788949.3136134,,12258.566785831,,1702,,,,4.038636363636364e-05,3269,,
38.0,,,,1219.0374755859375,,,1769788950.176513,,12259.429981503,,1703,7.105816841125488,,0.10065645724534988,,3269,,7.105816841125488
,,,,,4.031060606060606e-05,,1769788981.202636,,12290.455869033,,1704,,,,4.031060606060606e-05,3279,,
,,,,,4.031060606060606e-05,,1769788982.066126,,12291.319563994,,1705,,,,4.031060606060606e-05,3279,,
,,,,,4.031060606060606e-05,,1769788982.9285035,,12292.181868894,,1706,,,,4.031060606060606e-05,3279,,
,,,,,4.031060606060606e-05,,1769788983.7898922,,12293.043088462,,1707,,,,4.031060606060606e-05,3279,,
38.0,,,,1087.2496337890625,,,1769788984.6533077,,12293.906658204,,1708,6.991406440734863,,0.10185330361127853,,3279,,6.991406440734863
,,,,,4.0234848484848484e-05,,1769789015.6823437,,12324.935710013,,1709,,,,4.0234848484848484e-05,3289,,
,,,,,4.0234848484848484e-05,,1769789016.5452569,,12325.798653811,,1710,,,,4.0234848484848484e-05,3289,,
,,,,,4.0234848484848484e-05,,1769789017.4071333,,12326.660486449,,1711,,,,4.0234848484848484e-05,3289,,
,,,,,4.0234848484848484e-05,,1769789018.2680116,,12327.52127116,,1712,,,,4.0234848484848484e-05,3289,,
38.0,,,,1259.6910400390625,,,1769789019.131019,,12328.384458685,,1713,7.138621807098389,,0.09899980574846268,,3289,,7.138621807098389
,,,,,4.015909090909091e-05,,1769789050.159543,,12359.412923091,,1714,,,,4.015909090909091e-05,3299,,
,,,,,4.015909090909091e-05,,1769789051.0227063,,12360.276097494,,1715,,,,4.015909090909091e-05,3299,,
,,,,,4.015909090909091e-05,,1769789051.8849764,,12361.138330442,,1716,,,,4.015909090909091e-05,3299,,
,,,,,4.015909090909091e-05,,1769789052.7459676,,12361.999205639,,1717,,,,4.015909090909091e-05,3299,,
38.0,,,,1244.2176513671875,,,1769789053.609684,,12362.863108036,,1718,7.126262187957764,,0.09866832941770554,,3299,,7.126262187957764
,,,,,4.0083333333333336e-05,,1769789084.6380818,,12393.891401707,,1719,,,,4.0083333333333336e-05,3309,,
,,,,,4.0083333333333336e-05,,1769789085.5010664,,12394.754465832,,1720,,,,4.0083333333333336e-05,3309,,
,,,,,4.0083333333333336e-05,,1769789086.363622,,12395.61695355,,1721,,,,4.0083333333333336e-05,3309,,
,,,,,4.0083333333333336e-05,,1769789087.2243657,,12396.477589084,,1722,,,,4.0083333333333336e-05,3309,,
38.0,,,,1378.4185791015625,,,1769789088.087662,,12397.341067401,,1723,7.228692054748535,,0.1025991290807724,,3309,,7.228692054748535
,,,,,4.000757575757576e-05,,1769789119.1190224,,12428.372364529,,1724,,,,4.000757575757576e-05,3319,,
,,,,,4.000757575757576e-05,,1769789119.981654,,12429.235053097,,1725,,,,4.000757575757576e-05,3319,,
,,,,,4.000757575757576e-05,,1769789120.8440387,,12430.097421263,,1726,,,,4.000757575757576e-05,3319,,
,,,,,4.000757575757576e-05,,1769789121.705618,,12430.958760462,,1727,,,,4.000757575757576e-05,3319,,
38.0,,,,1386.3045654296875,,,1769789122.5690913,,12431.822502834,,1728,7.234396934509277,,0.09895491600036621,,3319,,7.234396934509277
,,,,,3.993181818181818e-05,,1769789153.6018178,,12462.855186778,,1729,,,,3.993181818181818e-05,3329,,
,,,,,3.993181818181818e-05,,1769789154.4642417,,12463.717572699,,1730,,,,3.993181818181818e-05,3329,,
,,,,,3.993181818181818e-05,,1769789155.3266892,,12464.580041704,,1731,,,,3.993181818181818e-05,3329,,
,,,,,3.993181818181818e-05,,1769789156.1878111,,12465.440990113,,1732,,,,3.993181818181818e-05,3329,,
38.0,,,,1384.1895751953125,,,1769789157.0511744,,12466.304647004,,1733,7.232870101928711,,0.09792492538690567,,3329,,7.232870101928711
,,,,,3.985606060606061e-05,,1769789188.0836256,,12497.336993684,,1734,,,,3.985606060606061e-05,3339,,
,,,,,3.985606060606061e-05,,1769789188.946456,,12498.199791351,,1735,,,,3.985606060606061e-05,3339,,
,,,,,3.985606060606061e-05,,1769789189.8085225,,12499.061952571,,1736,,,,3.985606060606061e-05,3339,,
,,,,,3.985606060606061e-05,,1769789190.669594,,12499.922886166,,1737,,,,3.985606060606061e-05,3339,,
38.0,,,,1284.986572265625,,,1769789191.5325217,,12500.785877183,,1738,7.158503532409668,,0.10242151468992233,,3339,,7.158503532409668
,,,,,3.9780303030303035e-05,,1769789222.5606022,,12531.813990562,,1739,,,,3.9780303030303035e-05,3349,,
,,,,,3.9780303030303035e-05,,1769789223.423746,,12532.677103521,,1740,,,,3.9780303030303035e-05,3349,,
,,,,,3.9780303030303035e-05,,1769789224.2864637,,12533.53980453,,1741,,,,3.9780303030303035e-05,3349,,
,,,,,3.9780303030303035e-05,,1769789225.1471746,,12534.400358111,,1742,,,,3.9780303030303035e-05,3349,,
38.0,,,,1193.1026611328125,,,1769789226.0104082,,12535.263783669,,1743,7.084312438964844,,0.10008574277162552,,3349,,7.084312438964844
38.0,7.113003253936768,0.10133329778909683,,,,,1769789260.0076852,1230.4482421875,12569.260854079,7.113003253936768,1744,,,,,3353,,
38.0,,,7.1396613121032715,,,0.10107941180467606,1769789262.7664375,,12572.019803103,,1745,,1263.6689453125,,,3353,7.1396613121032715,
,,,,,3.9704545454545454e-05,,1769789281.0532012,,12590.306608558,,1746,,,,3.9704545454545454e-05,3359,,
,,,,,3.9704545454545454e-05,,1769789281.9157615,,12591.169145446,,1747,,,,3.9704545454545454e-05,3359,,
,,,,,3.9704545454545454e-05,,1769789282.7778988,,12592.031351727,,1748,,,,3.9704545454545454e-05,3359,,
,,,,,3.9704545454545454e-05,,1769789283.6399016,,12592.893349405,,1749,,,,3.9704545454545454e-05,3359,,
39.0,,,,1361.514404296875,,,1769789284.5030723,,12593.756464583,,1750,7.216352939605713,,0.10478128492832184,,3359,,7.216352939605713
,,,,,3.962878787878788e-05,,1769789315.5383265,,12624.791714922,,1751,,,,3.962878787878788e-05,3369,,
,,,,,3.962878787878788e-05,,1769789316.4015317,,12625.654880053,,1752,,,,3.962878787878788e-05,3369,,
,,,,,3.962878787878788e-05,,1769789317.2638757,,12626.51727156,,1753,,,,3.962878787878788e-05,3369,,
,,,,,3.962878787878788e-05,,1769789318.1266468,,12627.380002148,,1754,,,,3.962878787878788e-05,3369,,
39.0,,,,1335.9676513671875,,,1769789318.9898164,,12628.243244184,,1755,7.197411060333252,,0.10292264074087143,,3369,,7.197411060333252
,,,,,3.95530303030303e-05,,1769789350.030243,,12659.283632854,,1756,,,,3.95530303030303e-05,3379,,
,,,,,3.95530303030303e-05,,1769789350.8930604,,12660.146441697,,1757,,,,3.95530303030303e-05,3379,,
,,,,,3.95530303030303e-05,,1769789351.7561712,,12661.009529398,,1758,,,,3.95530303030303e-05,3379,,
,,,,,3.95530303030303e-05,,1769789352.6182039,,12661.871538519,,1759,,,,3.95530303030303e-05,3379,,
39.0,,,,1111.60986328125,,,1769789353.4816632,,12662.735042566,,1760,7.013564586639404,,0.10501082241535187,,3379,,7.013564586639404
,,,,,3.9477272727272726e-05,,1769789384.5202355,,12693.77362625,,1761,,,,3.9477272727272726e-05,3389,,
,,,,,3.9477272727272726e-05,,1769789385.3830447,,12694.636424324,,1762,,,,3.9477272727272726e-05,3389,,
,,,,,3.9477272727272726e-05,,1769789386.2458127,,12695.499279614,,1763,,,,3.9477272727272726e-05,3389,,
,,,,,3.9477272727272726e-05,,1769789387.1086497,,12696.362009986,,1764,,,,3.9477272727272726e-05,3389,,
39.0,,,,1257.0928955078125,,,1769789387.9721441,,12697.225543947,,1765,7.136557102203369,,0.10326549410820007,,3389,,7.136557102203369
,,,,,3.940151515151515e-05,,1769789419.0169528,,12728.270328059,,1766,,,,3.940151515151515e-05,3399,,
,,,,,3.940151515151515e-05,,1769789419.8792498,,12729.132613831,,1767,,,,3.940151515151515e-05,3399,,
,,,,,3.940151515151515e-05,,1769789420.742118,,12729.995570411,,1768,,,,3.940151515151515e-05,3399,,
,,,,,3.940151515151515e-05,,1769789421.6045825,,12730.857811375,,1769,,,,3.940151515151515e-05,3399,,
39.0,,,,1133.8658447265625,,,1769789422.467703,,12731.721110761,,1770,7.033388137817383,,0.10253719985485077,,3399,,7.033388137817383
,,,,,3.932575757575758e-05,,1769789453.5103586,,12762.763747473,,1771,,,,3.932575757575758e-05,3409,,
,,,,,3.932575757575758e-05,,1769789454.3733296,,12763.626706605,,1772,,,,3.932575757575758e-05,3409,,
,,,,,3.932575757575758e-05,,1769789455.2362633,,12764.489733008,,1773,,,,3.932575757575758e-05,3409,,
,,,,,3.932575757575758e-05,,1769789456.098273,,12765.351439306,,1774,,,,3.932575757575758e-05,3409,,
39.0,,,,1235.701171875,,,1769789456.9614146,,12766.214803096,,1775,7.119393825531006,,0.097661092877388,,3409,,7.119393825531006
,,,,,3.9250000000000005e-05,,1769789488.0024157,,12797.25579912,,1776,,,,3.9250000000000005e-05,3419,,
,,,,,3.9250000000000005e-05,,1769789488.8653498,,12798.11873166,,1777,,,,3.9250000000000005e-05,3419,,
,,,,,3.9250000000000005e-05,,1769789489.728428,,12798.981852092,,1778,,,,3.9250000000000005e-05,3419,,
,,,,,3.9250000000000005e-05,,1769789490.5911224,,12799.844492092,,1779,,,,3.9250000000000005e-05,3419,,
39.0,,,,1346.748779296875,,,1769789491.4547374,,12800.708206096,,1780,7.205448627471924,,0.09977439045906067,,3419,,7.205448627471924
,,,,,3.9174242424242425e-05,,1769789522.5001152,,12831.753530226,,1781,,,,3.9174242424242425e-05,3429,,
,,,,,3.9174242424242425e-05,,1769789523.3630269,,12832.616416134,,1782,,,,3.9174242424242425e-05,3429,,
,,,,,3.9174242424242425e-05,,1769789524.2260296,,12833.479506749,,1783,,,,3.9174242424242425e-05,3429,,
,,,,,3.9174242424242425e-05,,1769789525.0882924,,12834.341672633,,1784,,,,3.9174242424242425e-05,3429,,
39.0,,,,1126.3447265625,,,1769789525.9514108,,12835.20481776,,1785,7.026732921600342,,0.10558205097913742,,3429,,7.026732921600342
,,,,,3.909848484848485e-05,,1769789556.986688,,12866.240163519,,1786,,,,3.909848484848485e-05,3439,,
,,,,,3.909848484848485e-05,,1769789557.847555,,12867.100750899,,1787,,,,3.909848484848485e-05,3439,,
,,,,,3.909848484848485e-05,,1769789558.708325,,12867.961516516,,1788,,,,3.909848484848485e-05,3439,,
39.0,,,,1313.659423828125,,,1769789559.3054247,,12868.558628345,,1789,7.180572032928467,,0.09519461542367935,,3439,,7.180572032928467
39.0,7.125265121459961,0.10120513290166855,,,,,1769789580.660081,1245.6588134765625,12889.913253587,7.125265121459961,1790,,,,,3439,,
39.0,,,7.139066696166992,,,0.10109513998031616,1769789585.441296,,12894.694744494,,1791,,1262.7874755859375,,,3439,7.139066696166992,
,,,,,3.902272727272727e-05,,1769789617.5054977,,12926.758882762,,1792,,,,3.902272727272727e-05,3449,,
,,,,,3.902272727272727e-05,,1769789618.3677733,,12927.62114764,,1793,,,,3.902272727272727e-05,3449,,
,,,,,3.902272727272727e-05,,1769789619.2308857,,12928.484334694,,1794,,,,3.902272727272727e-05,3449,,
,,,,,3.902272727272727e-05,,1769789620.093528,,12929.346809577,,1795,,,,3.902272727272727e-05,3449,,
40.0,,,,1213.49072265625,,,1769789620.9560914,,12930.209314495,,1796,7.101256370544434,,0.10207124054431915,,3449,,7.101256370544434
,,,,,3.89469696969697e-05,,1769789651.9824407,,12961.235826818,,1797,,,,3.89469696969697e-05,3459,,
,,,,,3.89469696969697e-05,,1769789652.8439555,,12962.097328926,,1798,,,,3.89469696969697e-05,3459,,
,,,,,3.89469696969697e-05,,1769789653.707228,,12962.960646294,,1799,,,,3.89469696969697e-05,3459,,
,,,,,3.89469696969697e-05,,1769789654.569802,,12963.823147014,,1800,,,,3.89469696969697e-05,3459,,
40.0,,,,1249.87744140625,,,1769789655.431539,,12964.684757675,,1801,7.130800724029541,,0.10205194354057312,,3459,,7.130800724029541
,,,,,3.887121212121212e-05,,1769789686.4615543,,12995.714999107,,1802,,,,3.887121212121212e-05,3469,,
,,,,,3.887121212121212e-05,,1769789687.3243775,,12996.577745524,,1803,,,,3.887121212121212e-05,3469,,
,,,,,3.887121212121212e-05,,1769789688.1876059,,12997.440977351,,1804,,,,3.887121212121212e-05,3469,,
,,,,,3.887121212121212e-05,,1769789689.0502524,,12998.303581054,,1805,,,,3.887121212121212e-05,3469,,
40.0,,,,1320.744384765625,,,1769789689.912505,,12999.165741379,,1806,7.185950756072998,,0.09888557344675064,,3469,,7.185950756072998
,,,,,3.879545454545454e-05,,1769789720.9485118,,13030.201904908,,1807,,,,3.879545454545454e-05,3479,,
,,,,,3.879545454545454e-05,,1769789721.8110204,,13031.0644168,,1808,,,,3.879545454545454e-05,3479,,
,,,,,3.879545454545454e-05,,1769789722.6748767,,13031.928284191,,1809,,,,3.879545454545454e-05,3479,,
,,,,,3.879545454545454e-05,,1769789723.5377874,,13032.791198237,,1810,,,,3.879545454545454e-05,3479,,
40.0,,,,1425.9638671875,,,1769789724.4002128,,13033.653430379,,1811,7.262603282928467,,0.09793874621391296,,3479,,7.262603282928467
,,,,,3.871969696969697e-05,,1769789755.4397533,,13064.693116297,,1812,,,,3.871969696969697e-05,3489,,
,,,,,3.871969696969697e-05,,1769789756.302973,,13065.556338836,,1813,,,,3.871969696969697e-05,3489,,
,,,,,3.871969696969697e-05,,1769789757.166648,,13066.420085653,,1814,,,,3.871969696969697e-05,3489,,
,,,,,3.871969696969697e-05,,1769789758.0293014,,13067.282650472,,1815,,,,3.871969696969697e-05,3489,,
40.0,,,,1369.979248046875,,,1769789758.8916306,,13068.144826488,,1816,7.222550868988037,,0.09793894737958908,,3489,,7.222550868988037
,,,,,3.8643939393939395e-05,,1769789789.9301376,,13099.183542512,,1817,,,,3.8643939393939395e-05,3499,,
,,,,,3.8643939393939395e-05,,1769789790.7924688,,13100.045872136,,1818,,,,3.8643939393939395e-05,3499,,
,,,,,3.8643939393939395e-05,,1769789791.6550817,,13100.9084878,,1819,,,,3.8643939393939395e-05,3499,,
,,,,,3.8643939393939395e-05,,1769789792.5178616,,13101.771278718,,1820,,,,3.8643939393939395e-05,3499,,
40.0,,,,1547.4071044921875,,,1769789793.3796089,,13102.632844664,,1821,7.344336032867432,,0.09932377189397812,,3499,,7.344336032867432
,,,,,3.856818181818182e-05,,1769789824.4072175,,13133.660622359,,1822,,,,3.856818181818182e-05,3509,,
,,,,,3.856818181818182e-05,,1769789825.269378,,13134.522724269,,1823,,,,3.856818181818182e-05,3509,,
,,,,,3.856818181818182e-05,,1769789826.1326277,,13135.386095437,,1824,,,,3.856818181818182e-05,3509,,
,,,,,3.856818181818182e-05,,1769789826.9948044,,13136.248210506,,1825,,,,3.856818181818182e-05,3509,,
40.0,,,,1802.8140869140625,,,1769789827.8569667,,13137.110226897,,1826,7.497104167938232,,0.10062942653894424,,3509,,7.497104167938232
,,,,,3.849242424242425e-05,,1769789858.8856199,,13168.139022478,,1827,,,,3.849242424242425e-05,3519,,
,,,,,3.849242424242425e-05,,1769789859.7471817,,13169.000559217,,1828,,,,3.849242424242425e-05,3519,,
,,,,,3.849242424242425e-05,,1769789860.6103916,,13169.863833537,,1829,,,,3.849242424242425e-05,3519,,
,,,,,3.849242424242425e-05,,1769789861.4724267,,13170.725728193,,1830,,,,3.849242424242425e-05,3519,,
40.0,,,,1630.8843994140625,,,1769789862.3352928,,13171.588573879,,1831,7.396877765655518,,0.10012034326791763,,3519,,7.396877765655518
40.0,7.321091175079346,0.10084205120801926,,,,,1769789903.4047976,1514.6778564453125,13212.657999353,7.321091175079346,1832,,,,,3525,,
40.0,,,7.265508651733398,,,0.10107986629009247,1769789903.4071634,,13212.660256487,,1833,,1444.960205078125,,,3525,7.265508651733398,
,,,,,3.841666666666667e-05,,1769789914.792943,,13224.046454283,,1834,,,,3.841666666666667e-05,3529,,
,,,,,3.841666666666667e-05,,1769789915.654913,,13224.908332181,,1835,,,,3.841666666666667e-05,3529,,
,,,,,3.841666666666667e-05,,1769789916.5162976,,13225.7694393,,1836,,,,3.841666666666667e-05,3529,,
,,,,,3.841666666666667e-05,,1769789917.3787162,,13226.632067135,,1837,,,,3.841666666666667e-05,3529,,
41.0,,,,1572.59326171875,,,1769789918.242707,,13227.496166162,,1838,7.360481262207031,,0.09901183098554611,,3529,,7.360481262207031
,,,,,3.8340909090909094e-05,,1769789949.2715628,,13258.525063676,,1839,,,,3.8340909090909094e-05,3539,,
,,,,,3.8340909090909094e-05,,1769789950.1339004,,13259.387309265,,1840,,,,3.8340909090909094e-05,3539,,
,,,,,3.8340909090909094e-05,,1769789950.9950488,,13260.248222911,,1841,,,,3.8340909090909094e-05,3539,,
,,,,,3.8340909090909094e-05,,1769789951.8574774,,13261.1108549,,1842,,,,3.8340909090909094e-05,3539,,
41.0,,,,1714.9664306640625,,,1769789952.721579,,13261.97493111,,1843,7.44714879989624,,0.10153616964817047,,3539,,7.44714879989624
,,,,,3.8265151515151513e-05,,1769789983.7494013,,13293.002869009,,1844,,,,3.8265151515151513e-05,3549,,
,,,,,3.8265151515151513e-05,,1769789984.6112404,,13293.864637518,,1845,,,,3.8265151515151513e-05,3549,,
,,,,,3.8265151515151513e-05,,1769789985.4719357,,13294.725201897,,1846,,,,3.8265151515151513e-05,3549,,
,,,,,3.8265151515151513e-05,,1769789986.3341217,,13295.587465891,,1847,,,,3.8265151515151513e-05,3549,,
41.0,,,,1705.06103515625,,,1769789987.19772,,13296.451144522,,1848,7.441356182098389,,0.10057974606752396,,3549,,7.441356182098389
,,,,,3.818939393939394e-05,,1769790018.2390366,,13327.492528073,,1849,,,,3.818939393939394e-05,3559,,
,,,,,3.818939393939394e-05,,1769790019.101425,,13328.354849992,,1850,,,,3.818939393939394e-05,3559,,
,,,,,3.818939393939394e-05,,1769790019.9633615,,13329.216774454,,1851,,,,3.818939393939394e-05,3559,,
,,,,,3.818939393939394e-05,,1769790020.8262584,,13330.0796134,,1852,,,,3.818939393939394e-05,3559,,
41.0,,,,1758.7694091796875,,,1769790021.690328,,13330.943732802,,1853,7.47236967086792,,0.1008804515004158,,3559,,7.47236967086792
,,,,,3.8113636363636366e-05,,1769790052.7294016,,13361.982843585,,1854,,,,3.8113636363636366e-05,3569,,
,,,,,3.8113636363636366e-05,,1769790053.5920856,,13362.845504933,,1855,,,,3.8113636363636366e-05,3569,,
,,,,,3.8113636363636366e-05,,1769790054.454603,,13363.707993751,,1856,,,,3.8113636363636366e-05,3569,,
,,,,,3.8113636363636366e-05,,1769790055.317055,,13364.570434226,,1857,,,,3.8113636363636366e-05,3569,,
41.0,,,,1683.86865234375,,,1769790056.1809442,,13365.43438339,,1858,7.428849220275879,,0.09859374165534973,,3569,,7.428849220275879
,,,,,3.803787878787879e-05,,1769790087.219075,,13396.472537425,,1859,,,,3.803787878787879e-05,3579,,
,,,,,3.803787878787879e-05,,1769790088.0815494,,13397.334973051,,1860,,,,3.803787878787879e-05,3579,,
,,,,,3.803787878787879e-05,,1769790088.9436514,,13398.197048766,,1861,,,,3.803787878787879e-05,3579,,
,,,,,3.803787878787879e-05,,1769790089.8060246,,13399.059363871,,1862,,,,3.803787878787879e-05,3579,,
41.0,,,,1784.853271484375,,,1769790090.669687,,13399.923141154,,1863,7.487091541290283,,0.09474755823612213,,3579,,7.487091541290283
,,,,,3.796212121212122e-05,,1769790121.7066038,,13430.960069006,,1864,,,,3.796212121212122e-05,3589,,
,,,,,3.796212121212122e-05,,1769790122.5692408,,13431.822654125,,1865,,,,3.796212121212122e-05,3589,,
,,,,,3.796212121212122e-05,,1769790123.4313784,,13432.68476377,,1866,,,,3.796212121212122e-05,3589,,
,,,,,3.796212121212122e-05,,1769790124.2936609,,13433.547024982,,1867,,,,3.796212121212122e-05,3589,,
41.0,,,,1856.932861328125,,,1769790125.1571107,,13434.410593629,,1868,7.526681423187256,,0.0977516695857048,,3589,,7.526681423187256
,,,,,3.788636363636364e-05,,1769790156.1985717,,13465.452041257,,1869,,,,3.788636363636364e-05,3599,,
,,,,,3.788636363636364e-05,,1769790157.0608296,,13466.314280114,,1870,,,,3.788636363636364e-05,3599,,
,,,,,3.788636363636364e-05,,1769790157.9223998,,13467.17581333,,1871,,,,3.788636363636364e-05,3599,,
,,,,,3.788636363636364e-05,,1769790158.7850506,,13468.038416334,,1872,,,,3.788636363636364e-05,3599,,
41.0,,,,2032.3433837890625,,,1769790159.648819,,13468.902254725,,1873,7.616944789886475,,0.09992187470197678,,3599,,7.616944789886475
,,,,,3.7810606060606064e-05,,1769790190.6870227,,13499.940517837,,1874,,,,3.7810606060606064e-05,3609,,
,,,,,3.7810606060606064e-05,,1769790191.54936,,13500.802784493,,1875,,,,3.7810606060606064e-05,3609,,
,,,,,3.7810606060606064e-05,,1769790192.411847,,13501.665263809,,1876,,,,3.7810606060606064e-05,3609,,
,,,,,3.7810606060606064e-05,,1769790193.2742,,13502.527580551,,1877,,,,3.7810606060606064e-05,3609,,
41.0,,,,1865.9090576171875,,,1769790194.1378515,,13503.391314043,,1878,7.531503677368164,,0.10081319510936737,,3609,,7.531503677368164
41.0,7.464836120605469,0.10047304630279541,,,,,1769790221.265079,1748.85009765625,13530.518253741,7.464836120605469,1879,,,,,3611,,
41.0,,,7.46655797958374,,,0.10065141320228577,1769790221.2667706,,13530.519855779,,1880,,1752.9166259765625,,,3611,7.46655797958374,
,,,,,3.7734848484848484e-05,,1769790246.4578807,,13555.71137152,,1881,,,,3.7734848484848484e-05,3619,,
,,,,,3.7734848484848484e-05,,1769790247.3206294,,13556.574003773,,1882,,,,3.7734848484848484e-05,3619,,
,,,,,3.7734848484848484e-05,,1769790248.1834593,,13557.43682458,,1883,,,,3.7734848484848484e-05,3619,,
,,,,,3.7734848484848484e-05,,1769790249.045739,,13558.299226977,,1884,,,,3.7734848484848484e-05,3619,,
42.0,,,,1924.56298828125,,,1769790249.9089413,,13559.162333383,,1885,7.5624542236328125,,0.09803005307912827,,3619,,7.5624542236328125
,,,,,3.765909090909091e-05,,1769790280.9452977,,13590.198745975,,1886,,,,3.765909090909091e-05,3629,,
,,,,,3.765909090909091e-05,,1769790281.8080401,,13591.061404837,,1887,,,,3.765909090909091e-05,3629,,
,,,,,3.765909090909091e-05,,1769790282.6714437,,13591.924818623,,1888,,,,3.765909090909091e-05,3629,,
,,,,,3.765909090909091e-05,,1769790283.5347366,,13592.788205568,,1889,,,,3.765909090909091e-05,3629,,
42.0,,,,1823.5972900390625,,,1769790284.3979154,,13593.651308998,,1890,7.508566379547119,,0.0953235998749733,,3629,,7.508566379547119
,,,,,3.7583333333333337e-05,,1769790315.4448118,,13624.698264105,,1891,,,,3.7583333333333337e-05,3639,,
,,,,,3.7583333333333337e-05,,1769790316.3073144,,13625.56068758,,1892,,,,3.7583333333333337e-05,3639,,
,,,,,3.7583333333333337e-05,,1769790317.170105,,13626.423476856,,1893,,,,3.7583333333333337e-05,3639,,
,,,,,3.7583333333333337e-05,,1769790318.0328174,,13627.28621207,,1894,,,,3.7583333333333337e-05,3639,,
42.0,,,,1815.961181640625,,,1769790318.8966422,,13628.150024834,,1895,7.504370212554932,,0.08760007470846176,,3639,,7.504370212554932
,,,,,3.7507575757575756e-05,,1769790349.9384015,,13659.191841169,,1896,,,,3.7507575757575756e-05,3649,,
,,,,,3.7507575757575756e-05,,1769790350.8006377,,13660.053995458,,1897,,,,3.7507575757575756e-05,3649,,
,,,,,3.7507575757575756e-05,,1769790351.6634207,,13660.91679658,,1898,,,,3.7507575757575756e-05,3649,,
,,,,,3.7507575757575756e-05,,1769790352.526297,,13661.779751472,,1899,,,,3.7507575757575756e-05,3649,,
42.0,,,,2121.980712890625,,,1769790353.3898475,,13662.643278094,,1900,7.660105228424072,,0.09176507592201233,,3649,,7.660105228424072
,,,,,3.743181818181818e-05,,1769790384.42687,,13693.680302851,,1901,,,,3.743181818181818e-05,3659,,
,,,,,3.743181818181818e-05,,1769790385.2889113,,13694.542287403,,1902,,,,3.743181818181818e-05,3659,,
,,,,,3.743181818181818e-05,,1769790386.1516755,,13695.405050856,,1903,,,,3.743181818181818e-05,3659,,
,,,,,3.743181818181818e-05,,1769790387.0146456,,13696.268099197,,1904,,,,3.743181818181818e-05,3659,,
42.0,,,,2241.91455078125,,,1769790387.8779023,,13697.131293808,,1905,7.715085506439209,,0.0913127213716507,,3659,,7.715085506439209
,,,,,3.735606060606061e-05,,1769790418.9163408,,13728.169769471,,1906,,,,3.735606060606061e-05,3669,,
,,,,,3.735606060606061e-05,,1769790419.7781215,,13729.031483746,,1907,,,,3.735606060606061e-05,3669,,
,,,,,3.735606060606061e-05,,1769790420.640365,,13729.893716118,,1908,,,,3.735606060606061e-05,3669,,
,,,,,3.735606060606061e-05,,1769790421.5028949,,13730.756359128,,1909,,,,3.735606060606061e-05,3669,,
42.0,,,,2401.03369140625,,,1769790422.3662465,,13731.619630433,,1910,7.783654689788818,,0.07993748784065247,,3669,,7.783654689788818
,,,,,3.7280303030303035e-05,,1769790453.4126582,,13762.66608712,,1911,,,,3.7280303030303035e-05,3679,,
,,,,,3.7280303030303035e-05,,1769790454.2753186,,13763.528668136,,1912,,,,3.7280303030303035e-05,3679,,
,,,,,3.7280303030303035e-05,,1769790455.1381567,,13764.391541741,,1913,,,,3.7280303030303035e-05,3679,,
,,,,,3.7280303030303035e-05,,1769790456.001338,,13765.254783489,,1914,,,,3.7280303030303035e-05,3679,,
42.0,,,,3758.529052734375,,,1769790456.865045,,13766.118433521,,1915,8.231782913208008,,0.08216674625873566,,3679,,8.231782913208008
,,,,,3.720454545454546e-05,,1769790487.9033837,,13797.156847604,,1916,,,,3.720454545454546e-05,3689,,
,,,,,3.720454545454546e-05,,1769790488.765447,,13798.018817278,,1917,,,,3.720454545454546e-05,3689,,
,,,,,3.720454545454546e-05,,1769790489.628053,,13798.881484872,,1918,,,,3.720454545454546e-05,3689,,
,,,,,3.720454545454546e-05,,1769790490.4905577,,13799.743944934,,1919,,,,3.720454545454546e-05,3689,,
42.0,,,,2348.1376953125,,,1769790491.3539295,,13800.607334012,,1920,7.761377811431885,,0.08862980455160141,,3689,,7.761377811431885
42.0,7.487217903137207,0.09959682822227478,,,,,1769790539.3617032,1788.3555908203125,13848.614903738,7.487217903137207,1921,,,,,3697,,
42.0,,,7.763722896575928,,,0.09993959963321686,1769790539.3634353,,13848.616513649,,1922,,2414.318115234375,,,3697,7.763722896575928,
,,,,,3.712878787878788e-05,,1769790543.856983,,13853.110462532,,1923,,,,3.712878787878788e-05,3699,,
,,,,,3.712878787878788e-05,,1769790544.7187057,,13853.972052654,,1924,,,,3.712878787878788e-05,3699,,
,,,,,3.712878787878788e-05,,1769790545.580709,,13854.834086752,,1925,,,,3.712878787878788e-05,3699,,
,,,,,3.712878787878788e-05,,1769790546.442547,,13855.695900339,,1926,,,,3.712878787878788e-05,3699,,
43.0,,,,2584.987060546875,,,1769790547.3056784,,13856.559119419,,1927,7.857475757598877,,0.06838074326515198,,3699,,7.857475757598877
,,,,,3.705303030303031e-05,,1769790578.3238947,,13887.57734674,,1928,,,,3.705303030303031e-05,3709,,
,,,,,3.705303030303031e-05,,1769790579.1852906,,13888.438629006,,1929,,,,3.705303030303031e-05,3709,,
,,,,,3.705303030303031e-05,,1769790580.0473742,,13889.300742061,,1930,,,,3.705303030303031e-05,3709,,
,,,,,3.705303030303031e-05,,1769790580.9095993,,13890.162935428,,1931,,,,3.705303030303031e-05,3709,,
43.0,,,,2688.432861328125,,,1769790581.7728481,,13891.026210019,,1932,7.896713733673096,,0.048834845423698425,,3709,,7.896713733673096
,,,,,3.697727272727273e-05,,1769790612.7989125,,13922.052376833,,1933,,,,3.697727272727273e-05,3719,,
,,,,,3.697727272727273e-05,,1769790613.6608255,,13922.91422628,,1934,,,,3.697727272727273e-05,3719,,
,,,,,3.697727272727273e-05,,1769790614.5239065,,13923.777291225,,1935,,,,3.697727272727273e-05,3719,,
,,,,,3.697727272727273e-05,,1769790615.385951,,13924.639313092,,1936,,,,3.697727272727273e-05,3719,,
43.0,,,,2845.402099609375,,,1769790616.2490132,,13925.502439699,,1937,7.953459739685059,,0.033026084303855896,,3719,,7.953459739685059
,,,,,3.690151515151515e-05,,1769790647.270178,,13956.523656802,,1938,,,,3.690151515151515e-05,3729,,
,,,,,3.690151515151515e-05,,1769790648.1318471,,13957.385284985,,1939,,,,3.690151515151515e-05,3729,,
,,,,,3.690151515151515e-05,,1769790648.9938104,,13958.247168732,,1940,,,,3.690151515151515e-05,3729,,
,,,,,3.690151515151515e-05,,1769790649.8556228,,13959.109005248,,1941,,,,3.690151515151515e-05,3729,,
43.0,,,,2923.49072265625,,,1769790650.718923,,13959.972404464,,1942,7.980533599853516,,0.035589128732681274,,3729,,7.980533599853516
,,,,,3.682575757575758e-05,,1769790681.7396839,,13990.993146222,,1943,,,,3.682575757575758e-05,3739,,
,,,,,3.682575757575758e-05,,1769790682.6014035,,13991.854824528,,1944,,,,3.682575757575758e-05,3739,,
,,,,,3.682575757575758e-05,,1769790683.4635062,,13992.716862916,,1945,,,,3.682575757575758e-05,3739,,
,,,,,3.682575757575758e-05,,1769790684.3260124,,13993.579390169,,1946,,,,3.682575757575758e-05,3739,,
43.0,,,,2728.05712890625,,,1769790685.189213,,13994.442693789,,1947,7.9113450050354,,0.03414767235517502,,3739,,7.9113450050354
,,,,,3.675e-05,,1769790716.2113435,,14025.464806428,,1948,,,,3.675e-05,3749,,
,,,,,3.675e-05,,1769790717.0730746,,14026.32649568,,1949,,,,3.675e-05,3749,,
,,,,,3.675e-05,,1769790717.9349144,,14027.188289508,,1950,,,,3.675e-05,3749,,
,,,,,3.675e-05,,1769790718.7972286,,14028.050601436,,1951,,,,3.675e-05,3749,,
43.0,,,,2803.691162109375,,,1769790719.6602278,,14028.91368257,,1952,7.938692092895508,,0.028267323970794678,,3749,,7.938692092895508
,,,,,3.6674242424242425e-05,,1769790750.6781495,,14059.931680713,,1953,,,,3.6674242424242425e-05,3759,,
,,,,,3.6674242424242425e-05,,1769790751.5394845,,14060.792915901,,1954,,,,3.6674242424242425e-05,3759,,
,,,,,3.6674242424242425e-05,,1769790752.4015315,,14061.654888667,,1955,,,,3.6674242424242425e-05,3759,,
,,,,,3.6674242424242425e-05,,1769790753.2636824,,14062.51705927,,1956,,,,3.6674242424242425e-05,3759,,
43.0,,,,2753.40673828125,,,1769790754.126764,,14063.380252481,,1957,7.920594215393066,,0.03268050029873848,,3759,,7.920594215393066
,,,,,3.659848484848485e-05,,1769790785.1476946,,14094.4012004,,1958,,,,3.659848484848485e-05,3769,,
,,,,,3.659848484848485e-05,,1769790786.009402,,14095.262808156,,1959,,,,3.659848484848485e-05,3769,,
,,,,,3.659848484848485e-05,,1769790786.871493,,14096.124838797,,1960,,,,3.659848484848485e-05,3769,,
,,,,,3.659848484848485e-05,,1769790787.733648,,14096.987016289,,1961,,,,3.659848484848485e-05,3769,,
43.0,,,,3393.74462890625,,,1769790788.5968835,,14097.85035018,,1962,8.12968921661377,,0.026818109676241875,,3769,,8.12968921661377
,,,,,3.652272727272728e-05,,1769790819.6210897,,14128.874637761,,1963,,,,3.652272727272728e-05,3779,,
,,,,,3.652272727272728e-05,,1769790820.482959,,14129.73640168,,1964,,,,3.652272727272728e-05,3779,,
,,,,,3.652272727272728e-05,,1769790821.3447893,,14130.598157426,,1965,,,,3.652272727272728e-05,3779,,
,,,,,3.652272727272728e-05,,1769790822.207029,,14131.460394877,,1966,,,,3.652272727272728e-05,3779,,
43.0,,,,2807.30712890625,,,1769790823.070363,,14132.323839102,,1967,7.939980983734131,,0.03078961744904518,,3779,,7.939980983734131
43.0,7.6107177734375,0.0921245813369751,,,,,1769790857.1284158,2023.069091796875,14166.381580047,7.6107177734375,1968,,,,,3783,,
43.0,,,7.945173740386963,,,0.0880197063088417,1769790857.1301134,,14166.383203678,,1969,,2827.787109375,,,3783,7.945173740386963,
,,,,,3.64469696969697e-05,,1769790875.3991535,,14184.652639423,,1970,,,,3.64469696969697e-05,3789,,
,,,,,3.64469696969697e-05,,1769790876.2609773,,14185.514401767,,1971,,,,3.64469696969697e-05,3789,,
,,,,,3.64469696969697e-05,,1769790877.1229272,,14186.376375659,,1972,,,,3.64469696969697e-05,3789,,
,,,,,3.64469696969697e-05,,1769790877.9847891,,14187.238171853,,1973,,,,3.64469696969697e-05,3789,,
44.0,,,,2671.37451171875,,,1769790878.8473144,,14188.100750294,,1974,7.890348434448242,,0.037561625242233276,,3789,,7.890348434448242
,,,,,3.6371212121212124e-05,,1769790909.864965,,14219.118391552,,1975,,,,3.6371212121212124e-05,3799,,
,,,,,3.6371212121212124e-05,,1769790910.7267241,,14219.98011062,,1976,,,,3.6371212121212124e-05,3799,,
,,,,,3.6371212121212124e-05,,1769790911.588265,,14220.841521844,,1977,,,,3.6371212121212124e-05,3799,,
,,,,,3.6371212121212124e-05,,1769790912.4502468,,14221.703616206,,1978,,,,3.6371212121212124e-05,3799,,
44.0,,,,2665.15283203125,,,1769790913.3132894,,14222.566656547,,1979,7.888016700744629,,0.04332755506038666,,3799,,7.888016700744629
,,,,,3.629545454545455e-05,,1769790944.33659,,14253.59005288,,1980,,,,3.629545454545455e-05,3809,,
,,,,,3.629545454545455e-05,,1769790945.1984272,,14254.451811655,,1981,,,,3.629545454545455e-05,3809,,
,,,,,3.629545454545455e-05,,1769790946.060933,,14255.314278716,,1982,,,,3.629545454545455e-05,3809,,
,,,,,3.629545454545455e-05,,1769790946.9234126,,14256.176825956,,1983,,,,3.629545454545455e-05,3809,,
44.0,,,,2408.859375,,,1769790947.786488,,14257.039861341,,1984,7.7869086265563965,,0.05231209471821785,,3809,,7.7869086265563965
,,,,,3.621969696969697e-05,,1769790978.8041074,,14288.057522576,,1985,,,,3.621969696969697e-05,3819,,
,,,,,3.621969696969697e-05,,1769790979.6661458,,14288.919538526,,1986,,,,3.621969696969697e-05,3819,,
,,,,,3.621969696969697e-05,,1769790980.5280356,,14289.781404271,,1987,,,,3.621969696969697e-05,3819,,
,,,,,3.621969696969697e-05,,1769790981.3900013,,14290.64333284,,1988,,,,3.621969696969697e-05,3819,,
44.0,,,,3224.50634765625,,,1769790982.2527432,,14291.50612653,,1989,8.078535079956055,,0.037220459431409836,,3819,,8.078535079956055
,,,,,3.6143939393939396e-05,,1769791013.271563,,14322.524960041,,1990,,,,3.6143939393939396e-05,3829,,
,,,,,3.6143939393939396e-05,,1769791014.1334484,,14323.386830261,,1991,,,,3.6143939393939396e-05,3829,,
,,,,,3.6143939393939396e-05,,1769791014.9951134,,14324.248481472,,1992,,,,3.6143939393939396e-05,3829,,
,,,,,3.6143939393939396e-05,,1769791015.857236,,14325.110588538,,1993,,,,3.6143939393939396e-05,3829,,
44.0,,,,4113.392578125,,,1769791016.720215,,14325.973617109,,1994,8.322003364562988,,0.007188094779849052,,3829,,8.322003364562988
,,,,,3.6068181818181815e-05,,1769791047.736004,,14356.98942763,,1995,,,,3.6068181818181815e-05,3839,,
,,,,,3.6068181818181815e-05,,1769791048.5975964,,14357.850974703,,1996,,,,3.6068181818181815e-05,3839,,
,,,,,3.6068181818181815e-05,,1769791049.4596064,,14358.712989358,,1997,,,,3.6068181818181815e-05,3839,,
,,,,,3.6068181818181815e-05,,1769791050.3223953,,14359.575803736,,1998,,,,3.6068181818181815e-05,3839,,
44.0,,,,3847.906005859375,,,1769791051.1844068,,14360.437595396,,1999,8.255284309387207,,0.023815056309103966,,3839,,8.255284309387207
,,,,,3.599242424242424e-05,,1769791082.2048447,,14391.458308923,,2000,,,,3.599242424242424e-05,3849,,
,,,,,3.599242424242424e-05,,1769791083.0666149,,14392.319996666,,2001,,,,3.599242424242424e-05,3849,,
,,,,,3.599242424242424e-05,,1769791083.9285288,,14393.181952501,,2002,,,,3.599242424242424e-05,3849,,
,,,,,3.599242424242424e-05,,1769791084.7904463,,14394.043872653,,2003,,,,3.599242424242424e-05,3849,,
44.0,,,,3051.14892578125,,,1769791085.6533902,,14394.906828241,,2004,8.023273468017578,,0.04251594841480255,,3849,,8.023273468017578
,,,,,3.591666666666667e-05,,1769791116.672795,,14425.926238976,,2005,,,,3.591666666666667e-05,3859,,
,,,,,3.591666666666667e-05,,1769791117.5347645,,14426.788188961,,2006,,,,3.591666666666667e-05,3859,,
,,,,,3.591666666666667e-05,,1769791118.3968515,,14427.650270123,,2007,,,,3.591666666666667e-05,3859,,
,,,,,3.591666666666667e-05,,1769791119.2584465,,14428.511803823,,2008,,,,3.591666666666667e-05,3859,,
44.0,,,,2991.74072265625,,,1769791120.1216094,,14429.375007292,,2009,8.003610610961914,,0.054921429604291916,,3859,,8.003610610961914
,,,,,3.5840909090909094e-05,,1769791151.1284492,,14460.381903389,,2010,,,,3.5840909090909094e-05,3869,,
,,,,,3.5840909090909094e-05,,1769791151.9892633,,14461.242628372,,2011,,,,3.5840909090909094e-05,3869,,
,,,,,3.5840909090909094e-05,,1769791152.8499434,,14462.10332423,,2012,,,,3.5840909090909094e-05,3869,,
44.0,,,,3025.9931640625,,,1769791153.4478683,,14462.701241852,,2013,8.014994621276855,,0.046398814767599106,,3869,,8.014994621276855
44.0,7.767316818237305,0.08539216965436935,,,,,1769791174.9232028,2363.61279296875,14484.176388775,7.767316818237305,2014,,,,,3869,,
44.0,,,8.039021492004395,,,0.03731119632720947,1769791174.9258914,,14484.178976084,,2015,,3135.4755859375,,,3869,8.039021492004395,
,,,,,3.576515151515152e-05,,1769791206.9757252,,14516.229147778,,2016,,,,3.576515151515152e-05,3879,,
,,,,,3.576515151515152e-05,,1769791207.8379848,,14517.091385663,,2017,,,,3.576515151515152e-05,3879,,
,,,,,3.576515151515152e-05,,1769791208.6998763,,14517.953244459,,2018,,,,3.576515151515152e-05,3879,,
,,,,,3.576515151515152e-05,,1769791209.5617177,,14518.815105548,,2019,,,,3.576515151515152e-05,3879,,
45.0,,,,4607.470703125,,,1769791210.4246957,,14519.678123396,,2020,8.435434341430664,,0.005295779090374708,,3879,,8.435434341430664
,,,,,3.568939393939394e-05,,1769791241.4249272,,14550.678343308,,2021,,,,3.568939393939394e-05,3889,,
,,,,,3.568939393939394e-05,,1769791242.2868114,,14551.540292108,,2022,,,,3.568939393939394e-05,3889,,
,,,,,3.568939393939394e-05,,1769791243.1485424,,14552.401969911,,2023,,,,3.568939393939394e-05,3889,,
,,,,,3.568939393939394e-05,,1769791244.009472,,14553.262796073,,2024,,,,3.568939393939394e-05,3889,,
45.0,,,,5043.9638671875,,,1769791244.8728218,,14554.126240441,,2025,8.525947570800781,,0.0015185142401605844,,3889,,8.525947570800781
,,,,,3.5613636363636366e-05,,1769791275.8705082,,14585.1238802,,2026,,,,3.5613636363636366e-05,3899,,
,,,,,3.5613636363636366e-05,,1769791276.73105,,14585.984495855,,2027,,,,3.5613636363636366e-05,3899,,
,,,,,3.5613636363636366e-05,,1769791277.5916748,,14586.845090769,,2028,,,,3.5613636363636366e-05,3899,,
,,,,,3.5613636363636366e-05,,1769791278.4519005,,14587.705307975,,2029,,,,3.5613636363636366e-05,3899,,
45.0,,,,4986.74560546875,,,1769791279.3134868,,14588.566869873,,2030,8.514538764953613,,0.0007848061504773796,,3899,,8.514538764953613
,,,,,3.553787878787879e-05,,1769791310.30127,,14619.554648309,,2031,,,,3.553787878787879e-05,3909,,
,,,,,3.553787878787879e-05,,1769791311.1624358,,14620.41588033,,2032,,,,3.553787878787879e-05,3909,,
,,,,,3.553787878787879e-05,,1769791312.0234785,,14621.276886382,,2033,,,,3.553787878787879e-05,3909,,
,,,,,3.553787878787879e-05,,1769791312.8842328,,14622.137638802,,2034,,,,3.553787878787879e-05,3909,,
45.0,,,,4828.2333984375,,,1769791313.7463055,,14622.999691907,,2035,8.4822359085083,,0.0005866937572136521,,3909,,8.4822359085083
,,,,,3.546212121212121e-05,,1769791344.7270417,,14653.980417835,,2036,,,,3.546212121212121e-05,3919,,
,,,,,3.546212121212121e-05,,1769791345.588028,,14654.841474281,,2037,,,,3.546212121212121e-05,3919,,
,,,,,3.546212121212121e-05,,1769791346.448447,,14655.701847531,,2038,,,,3.546212121212121e-05,3919,,
,,,,,3.546212121212121e-05,,1769791347.308887,,14656.562322623,,2039,,,,3.546212121212121e-05,3919,,
45.0,,,,5645.65966796875,,,1769791348.169651,,14657.423067952,,2040,8.638642311096191,,0.0014442970277741551,,3919,,8.638642311096191
,,,,,3.538636363636364e-05,,1769791379.1523225,,14688.405671566,,2041,,,,3.538636363636364e-05,3929,,
,,,,,3.538636363636364e-05,,1769791380.0136232,,14689.267057918,,2042,,,,3.538636363636364e-05,3929,,
,,,,,3.538636363636364e-05,,1769791380.8748062,,14690.128236858,,2043,,,,3.538636363636364e-05,3929,,
,,,,,3.538636363636364e-05,,1769791381.7354293,,14690.98883209,,2044,,,,3.538636363636364e-05,3929,,
45.0,,,,6243.70703125,,,1769791382.5977042,,14691.851094949,,2045,8.73932933807373,,0.001368095981888473,,3929,,8.73932933807373
,,,,,3.531060606060606e-05,,1769791413.5834103,,14722.836802884,,2046,,,,3.531060606060606e-05,3939,,
,,,,,3.531060606060606e-05,,1769791414.4446063,,14723.698050216,,2047,,,,3.531060606060606e-05,3939,,
,,,,,3.531060606060606e-05,,1769791415.3055506,,14724.558951197,,2048,,,,3.531060606060606e-05,3939,,
,,,,,3.531060606060606e-05,,1769791416.1659837,,14725.419383093,,2049,,,,3.531060606060606e-05,3939,,
45.0,,,,5633.080078125,,,1769791417.0280268,,14726.281424829,,2050,8.636411666870117,,0.0017814021557569504,,3939,,8.636411666870117
,,,,,3.5234848484848484e-05,,1769791448.0104022,,14757.263768,,2051,,,,3.5234848484848484e-05,3949,,
,,,,,3.5234848484848484e-05,,1769791448.8715653,,14758.125011115,,2052,,,,3.5234848484848484e-05,3949,,
,,,,,3.5234848484848484e-05,,1769791449.7328017,,14758.986205747,,2053,,,,3.5234848484848484e-05,3949,,
,,,,,3.5234848484848484e-05,,1769791450.5933225,,14759.846712996,,2054,,,,3.5234848484848484e-05,3949,,
45.0,,,,5737.5361328125,,,1769791451.4551628,,14760.708593769,,2055,8.65478515625,,0.0014363911468535662,,3949,,8.65478515625
45.0,8.503363609313965,0.0030989167280495167,,,,,1769791492.464963,4932.08544921875,14801.718102015,8.503363609313965,2056,,,,,3955,,
45.0,,,8.609094619750977,,,0.03940468281507492,1769791492.4665673,,14801.719616141,,2057,,5588.1904296875,,,3955,8.609094619750977,
,,,,,3.515909090909091e-05,,1769791503.8381343,,14813.091553057,,2058,,,,3.515909090909091e-05,3959,,
,,,,,3.515909090909091e-05,,1769791504.699539,,14813.952892435,,2059,,,,3.515909090909091e-05,3959,,
,,,,,3.515909090909091e-05,,1769791505.5607846,,14814.814117702,,2060,,,,3.515909090909091e-05,3959,,
,,,,,3.515909090909091e-05,,1769791506.4218988,,14815.675228036,,2061,,,,3.515909090909091e-05,3959,,
46.0,,,,5499.05419921875,,,1769791507.284051,,14816.537420667,,2062,8.61233139038086,,0.0014451431343331933,,3959,,8.61233139038086
,,,,,3.508333333333334e-05,,1769791538.2761226,,14847.529490053,,2063,,,,3.508333333333334e-05,3969,,
,,,,,3.508333333333334e-05,,1769791539.1372135,,14848.390567677,,2064,,,,3.508333333333334e-05,3969,,
,,,,,3.508333333333334e-05,,1769791539.9982443,,14849.251565411,,2065,,,,3.508333333333334e-05,3969,,
,,,,,3.508333333333334e-05,,1769791540.8593535,,14850.112665449,,2066,,,,3.508333333333334e-05,3969,,
46.0,,,,5232.4482421875,,,1769791541.7217617,,14850.975243779,,2067,8.562634468078613,,0.0027039735578000546,,3969,,8.562634468078613
,,,,,3.500757575757576e-05,,1769791572.7123744,,14881.965870391,,2068,,,,3.500757575757576e-05,3979,,
,,,,,3.500757575757576e-05,,1769791573.573996,,14882.827455227,,2069,,,,3.500757575757576e-05,3979,,
,,,,,3.500757575757576e-05,,1769791574.4349291,,14883.688380601,,2070,,,,3.500757575757576e-05,3979,,
,,,,,3.500757575757576e-05,,1769791575.2959304,,14884.549305305,,2071,,,,3.500757575757576e-05,3979,,
46.0,,,,5495.1484375,,,1769791576.158076,,14885.411439407,,2072,8.611620903015137,,0.0019454496214166284,,3979,,8.611620903015137
,,,,,3.493181818181818e-05,,1769791607.1453304,,14916.398717842,,2073,,,,3.493181818181818e-05,3989,,
,,,,,3.493181818181818e-05,,1769791608.0064857,,14917.259871148,,2074,,,,3.493181818181818e-05,3989,,
,,,,,3.493181818181818e-05,,1769791608.8676984,,14918.121068461,,2075,,,,3.493181818181818e-05,3989,,
,,,,,3.493181818181818e-05,,1769791609.7287896,,14918.98214984,,2076,,,,3.493181818181818e-05,3989,,
46.0,,,,5448.00830078125,,,1769791610.59068,,14919.844148767,,2077,8.603005409240723,,0.0016043826472014189,,3989,,8.603005409240723
,,,,,3.485606060606061e-05,,1769791641.5778792,,14950.831273055,,2078,,,,3.485606060606061e-05,3999,,
,,,,,3.485606060606061e-05,,1769791642.4390888,,14951.692478819,,2079,,,,3.485606060606061e-05,3999,,
,,,,,3.485606060606061e-05,,1769791643.3003192,,14952.553680128,,2080,,,,3.485606060606061e-05,3999,,
,,,,,3.485606060606061e-05,,1769791644.1612062,,14953.414579191,,2081,,,,3.485606060606061e-05,3999,,
46.0,,,,5963.02783203125,,,1769791645.0234818,,14954.276855155,,2082,8.693333625793457,,0.0015192240243777633,,3999,,8.693333625793457
,,,,,3.478030303030303e-05,,1769791676.0060751,,14985.259457029,,2083,,,,3.478030303030303e-05,4009,,
,,,,,3.478030303030303e-05,,1769791676.866747,,14986.120204064,,2084,,,,3.478030303030303e-05,4009,,
,,,,,3.478030303030303e-05,,1769791677.7276297,,14986.980993402,,2085,,,,3.478030303030303e-05,4009,,
,,,,,3.478030303030303e-05,,1769791678.5886476,,14987.842004083,,2086,,,,3.478030303030303e-05,4009,,
46.0,,,,5722.07763671875,,,1769791679.4506469,,14988.704095468,,2087,8.652087211608887,,0.0010967060225084424,,4009,,8.652087211608887
,,,,,3.4704545454545455e-05,,1769791710.4339235,,15019.687348267,,2088,,,,3.4704545454545455e-05,4019,,
,,,,,3.4704545454545455e-05,,1769791711.2951448,,15020.548616755,,2089,,,,3.4704545454545455e-05,4019,,
,,,,,3.4704545454545455e-05,,1769791712.1554654,,15021.408811859,,2090,,,,3.4704545454545455e-05,4019,,
,,,,,3.4704545454545455e-05,,1769791713.0156589,,15022.269022096,,2091,,,,3.4704545454545455e-05,4019,,
46.0,,,,5633.34326171875,,,1769791713.8778696,,15023.131343917,,2092,8.636458396911621,,0.001400342327542603,,4019,,8.636458396911621
,,,,,3.462878787878788e-05,,1769791744.8417242,,15054.095218492,,2093,,,,3.462878787878788e-05,4029,,
,,,,,3.462878787878788e-05,,1769791745.7021468,,15054.955577342,,2094,,,,3.462878787878788e-05,4029,,
,,,,,3.462878787878788e-05,,1769791746.5616443,,15055.814851291,,2095,,,,3.462878787878788e-05,4029,,
,,,,,3.462878787878788e-05,,1769791747.421567,,15056.674922538,,2096,,,,3.462878787878788e-05,4029,,
46.0,,,,6016.7353515625,,,1769791748.2836564,,15057.537106331,,2097,8.702300071716309,,0.0017968750325962901,,4029,,8.702300071716309
,,,,,3.45530303030303e-05,,1769791779.2454941,,15088.49898433,,2098,,,,3.45530303030303e-05,4039,,
,,,,,3.45530303030303e-05,,1769791780.1060522,,15089.359492664,,2099,,,,3.45530303030303e-05,4039,,
,,,,,3.45530303030303e-05,,1769791780.9652078,,15090.218410948,,2100,,,,3.45530303030303e-05,4039,,
,,,,,3.45530303030303e-05,,1769791781.8253345,,15091.078711629,,2101,,,,3.45530303030303e-05,4039,,
46.0,,,,5840.4580078125,,,1769791782.6860766,,15091.939299052,,2102,8.672564506530762,,0.0019843585323542356,,4039,,8.672564506530762
46.0,8.483585357666016,0.006367056164890528,,,,,1769791809.9092996,4835.4775390625,15119.162467699,8.483585357666016,2103,,,,,4041,,
46.0,,,8.636984825134277,,,0.004017029423266649,1769791809.9109201,,15119.163994334,,2104,,5640.4736328125,,,4041,8.636984825134277,
,,,,,3.447727272727273e-05,,1769791835.0317483,,15144.285213315,,2105,,,,3.447727272727273e-05,4049,,
,,,,,3.447727272727273e-05,,1769791835.8920505,,15145.145427365,,2106,,,,3.447727272727273e-05,4049,,
,,,,,3.447727272727273e-05,,1769791836.7526646,,15146.006055508,,2107,,,,3.447727272727273e-05,4049,,
,,,,,3.447727272727273e-05,,1769791837.6132371,,15146.866625313,,2108,,,,3.447727272727273e-05,4049,,
47.0,,,,5563.6259765625,,,1769791838.4728487,,15147.726069697,,2109,8.624005317687988,,0.0016351320082321763,,4049,,8.624005317687988
,,,,,3.440151515151515e-05,,1769791869.4244113,,15178.677827281,,2110,,,,3.440151515151515e-05,4059,,
,,,,,3.440151515151515e-05,,1769791870.284396,,15179.537761951,,2111,,,,3.440151515151515e-05,4059,,
,,,,,3.440151515151515e-05,,1769791871.1454332,,15180.398899369,,2112,,,,3.440151515151515e-05,4059,,
,,,,,3.440151515151515e-05,,1769791872.0057163,,15181.259011165,,2113,,,,3.440151515151515e-05,4059,,
47.0,,,,5722.3994140625,,,1769791872.8662584,,15182.119529061,,2114,8.652143478393555,,0.0017565774032846093,,4059,,8.652143478393555
,,,,,3.432575757575758e-05,,1769791903.8185463,,15213.071945273,,2115,,,,3.432575757575758e-05,4069,,
,,,,,3.432575757575758e-05,,1769791904.6785426,,15213.93191155,,2116,,,,3.432575757575758e-05,4069,,
,,,,,3.432575757575758e-05,,1769791905.539335,,15214.792782667,,2117,,,,3.432575757575758e-05,4069,,
,,,,,3.432575757575758e-05,,1769791906.399186,,15215.652577706,,2118,,,,3.432575757575758e-05,4069,,
47.0,,,,5477.42724609375,,,1769791907.259146,,15216.512410512,,2119,8.608390808105469,,0.00128881074488163,,4069,,8.608390808105469
,,,,,3.4250000000000006e-05,,1769791938.209165,,15247.462574555,,2120,,,,3.4250000000000006e-05,4079,,
,,,,,3.4250000000000006e-05,,1769791939.069008,,15248.322377926,,2121,,,,3.4250000000000006e-05,4079,,
,,,,,3.4250000000000006e-05,,1769791939.9298015,,15249.183268722,,2122,,,,3.4250000000000006e-05,4079,,
,,,,,3.4250000000000006e-05,,1769791940.7900815,,15250.043451483,,2123,,,,3.4250000000000006e-05,4079,,
47.0,,,,5297.5556640625,,,1769791941.6508124,,15250.904032583,,2124,8.575000762939453,,0.0020793282892555,,4079,,8.575000762939453
,,,,,3.4174242424242425e-05,,1769791972.6024904,,15281.855900505,,2125,,,,3.4174242424242425e-05,4089,,
,,,,,3.4174242424242425e-05,,1769791973.4627829,,15282.716158089,,2126,,,,3.4174242424242425e-05,4089,,
,,,,,3.4174242424242425e-05,,1769791974.3237348,,15283.577207703,,2127,,,,3.4174242424242425e-05,4089,,
,,,,,3.4174242424242425e-05,,1769791975.1843534,,15284.437723534,,2128,,,,3.4174242424242425e-05,4089,,
47.0,,,,4931.4453125,,,1769791976.0443854,,15285.297611992,,2129,8.503387451171875,,0.0026325094513595104,,4089,,8.503387451171875
,,,,,3.409848484848485e-05,,1769792007.0012717,,15316.254675252,,2130,,,,3.409848484848485e-05,4099,,
,,,,,3.409848484848485e-05,,1769792007.861396,,15317.114765213,,2131,,,,3.409848484848485e-05,4099,,
,,,,,3.409848484848485e-05,,1769792008.7220414,,15317.975483668,,2132,,,,3.409848484848485e-05,4099,,
,,,,,3.409848484848485e-05,,1769792009.5822647,,15318.835647119,,2133,,,,3.409848484848485e-05,4099,,
47.0,,,,4835.78173828125,,,1769792010.4421544,,15319.695384179,,2134,8.483798027038574,,0.002422348130494356,,4099,,8.483798027038574
,,,,,3.402272727272727e-05,,1769792041.3994794,,15350.652883031,,2135,,,,3.402272727272727e-05,4109,,
,,,,,3.402272727272727e-05,,1769792042.260126,,15351.513523599,,2136,,,,3.402272727272727e-05,4109,,
,,,,,3.402272727272727e-05,,1769792043.1213243,,15352.374775075,,2137,,,,3.402272727272727e-05,4109,,
,,,,,3.402272727272727e-05,,1769792043.9819024,,15353.23532034,,2138,,,,3.402272727272727e-05,4109,,
47.0,,,,5097.96240234375,,,1769792044.8418872,,15354.095096798,,2139,8.536596298217773,,0.00213874620385468,,4109,,8.536596298217773
,,,,,3.39469696969697e-05,,1769792075.7979977,,15385.051411458,,2140,,,,3.39469696969697e-05,4119,,
,,,,,3.39469696969697e-05,,1769792076.657945,,15385.911340966,,2141,,,,3.39469696969697e-05,4119,,
,,,,,3.39469696969697e-05,,1769792077.5185416,,15386.771990056,,2142,,,,3.39469696969697e-05,4119,,
,,,,,3.39469696969697e-05,,1769792078.379141,,15387.632564864,,2143,,,,3.39469696969697e-05,4119,,
47.0,,,,4779.44287109375,,,1769792079.2393067,,15388.492515254,,2144,8.472079277038574,,0.0021835763473063707,,4119,,8.472079277038574
47.0,8.35106372833252,0.009927571751177311,,,,,1769792127.0031009,4236.27783203125,15436.256239835,8.35106372833252,2145,,,,,4127,,
47.0,,,8.562686920166016,,,0.0016331184888258576,1769792127.0054648,,15436.258549517,,2146,,5242.05126953125,,,4127,8.562686920166016,
,,,,,3.387121212121212e-05,,1769792131.470456,,15440.723942317,,2147,,,,3.387121212121212e-05,4129,,
,,,,,3.387121212121212e-05,,1769792132.330788,,15441.584139367,,2148,,,,3.387121212121212e-05,4129,,
,,,,,3.387121212121212e-05,,1769792133.1897316,,15442.442932826,,2149,,,,3.387121212121212e-05,4129,,
,,,,,3.387121212121212e-05,,1769792134.0500073,,15443.303349696,,2150,,,,3.387121212121212e-05,4129,,
48.0,,,,5080.65087890625,,,1769792134.9119081,,15444.16529971,,2151,8.533194541931152,,0.0019146607955917716,,4129,,8.533194541931152
,,,,,3.379545454545455e-05,,1769792165.8645558,,15475.118038478,,2152,,,,3.379545454545455e-05,4139,,
,,,,,3.379545454545455e-05,,1769792166.7247448,,15475.97809125,,2153,,,,3.379545454545455e-05,4139,,
,,,,,3.379545454545455e-05,,1769792167.5836196,,15476.836856947,,2154,,,,3.379545454545455e-05,4139,,
,,,,,3.379545454545455e-05,,1769792168.4435291,,15477.696864161,,2155,,,,3.379545454545455e-05,4139,,
48.0,,,,5025.29150390625,,,1769792169.3051748,,15478.558569236,,2156,8.522238731384277,,0.0017594619421288371,,4139,,8.522238731384277
,,,,,3.3719696969696976e-05,,1769792200.2636554,,15509.51714005,,2157,,,,3.3719696969696976e-05,4149,,
,,,,,3.3719696969696976e-05,,1769792201.1238973,,15510.377284919,,2158,,,,3.3719696969696976e-05,4149,,
,,,,,3.3719696969696976e-05,,1769792201.9827461,,15511.235937626,,2159,,,,3.3719696969696976e-05,4149,,
,,,,,3.3719696969696976e-05,,1769792202.8430278,,15512.096372822,,2160,,,,3.3719696969696976e-05,4149,,
48.0,,,,4807.67626953125,,,1769792203.7046938,,15512.958134793,,2161,8.4779691696167,,0.0016473818104714155,,4149,,8.4779691696167
,,,,,3.3643939393939396e-05,,1769792234.6647744,,15543.918324268,,2162,,,,3.3643939393939396e-05,4159,,
,,,,,3.3643939393939396e-05,,1769792235.52496,,15544.778357359,,2163,,,,3.3643939393939396e-05,4159,,
,,,,,3.3643939393939396e-05,,1769792236.3840306,,15545.637208253,,2164,,,,3.3643939393939396e-05,4159,,
,,,,,3.3643939393939396e-05,,1769792237.244068,,15546.497390308,,2165,,,,3.3643939393939396e-05,4159,,
48.0,,,,4826.41015625,,,1769792238.1062393,,15547.359657468,,2166,8.481858253479004,,0.002063702093437314,,4159,,8.481858253479004
,,,,,3.356818181818182e-05,,1769792269.0820923,,15578.335543798,,2167,,,,3.356818181818182e-05,4169,,
,,,,,3.356818181818182e-05,,1769792269.9424424,,15579.195782008,,2168,,,,3.356818181818182e-05,4169,,
,,,,,3.356818181818182e-05,,1769792270.8026416,,15580.056017272,,2169,,,,3.356818181818182e-05,4169,,
,,,,,3.356818181818182e-05,,1769792271.6636846,,15580.917054873,,2170,,,,3.356818181818182e-05,4169,,
48.0,,,,4867.9072265625,,,1769792272.5259287,,15581.779402222,,2171,8.490419387817383,,0.0021464251913130283,,4169,,8.490419387817383
,,,,,3.349242424242424e-05,,1769792303.5045974,,15612.758044474,,2172,,,,3.349242424242424e-05,4179,,
,,,,,3.349242424242424e-05,,1769792304.3652756,,15613.618604787,,2173,,,,3.349242424242424e-05,4179,,
,,,,,3.349242424242424e-05,,1769792305.225885,,15614.479268725,,2174,,,,3.349242424242424e-05,4179,,
,,,,,3.349242424242424e-05,,1769792306.0872517,,15615.340606707,,2175,,,,3.349242424242424e-05,4179,,
48.0,,,,4788.087890625,,,1769792306.9494119,,15616.202814686,,2176,8.473886489868164,,0.0020824496168643236,,4179,,8.473886489868164
,,,,,3.341666666666667e-05,,1769792337.9312117,,15647.184690468,,2177,,,,3.341666666666667e-05,4189,,
,,,,,3.341666666666667e-05,,1769792338.7915938,,15648.044935216,,2178,,,,3.341666666666667e-05,4189,,
,,,,,3.341666666666667e-05,,1769792339.652006,,15648.905365722,,2179,,,,3.341666666666667e-05,4189,,
,,,,,3.341666666666667e-05,,1769792340.513272,,15649.766639917,,2180,,,,3.341666666666667e-05,4189,,
48.0,,,,4795.60546875,,,1769792341.375232,,15650.628706774,,2181,8.475455284118652,,0.002914432203397155,,4189,,8.475455284118652
,,,,,3.3340909090909094e-05,,1769792372.3518326,,15681.605321036,,2182,,,,3.3340909090909094e-05,4199,,
,,,,,3.3340909090909094e-05,,1769792373.2123375,,15682.465746345,,2183,,,,3.3340909090909094e-05,4199,,
,,,,,3.3340909090909094e-05,,1769792374.0726485,,15683.326021658,,2184,,,,3.3340909090909094e-05,4199,,
,,,,,3.3340909090909094e-05,,1769792374.933791,,15684.18714152,,2185,,,,3.3340909090909094e-05,4199,,
48.0,,,,5235.91259765625,,,1769792375.795701,,15685.049162046,,2186,8.5632963180542,,0.0013014670694246888,,4199,,8.5632963180542
,,,,,3.3265151515151514e-05,,1769792406.7666366,,15716.020123601,,2187,,,,3.3265151515151514e-05,4209,,
,,,,,3.3265151515151514e-05,,1769792407.6268191,,15716.880174356,,2188,,,,3.3265151515151514e-05,4209,,
,,,,,3.3265151515151514e-05,,1769792408.4869742,,15717.740365261,,2189,,,,3.3265151515151514e-05,4209,,
,,,,,3.3265151515151514e-05,,1769792409.3479154,,15718.601293886,,2190,,,,3.3265151515151514e-05,4209,,
48.0,,,,5360.09375,,,1769792410.210112,,15719.46355254,,2191,8.586736679077148,,0.001519993762485683,,4209,,8.586736679077148
48.0,8.396682739257812,0.004003413487225771,,,,,1769792444.242508,4433.65478515625,15753.495660782,8.396682739257812,2192,,,,,4213,,
48.0,,,8.511900901794434,,,0.0018894615350291133,1769792444.2441676,,15753.497250712,,2193,,4977.37646484375,,,4213,8.511900901794434,
