lr-AdamW/pg3,_timestamp,trainer/global_step,_step,lr-AdamW/pg4,lr-AdamW/pg1,lr-AdamW/pg2,_runtime,epoch,train/loss_step,val/mae_epoch,val/loss,val/mae,val/r2,train/loss_epoch,train/mae,test/r2,test/mae_epoch,test/mae
4.5e-06,1770719118.2177544,9,0,4.5e-06,4.4999999999999996e-05,4.4999999999999996e-05,15.502193675000001,,,,,,,,,,,
4.5e-06,1770719118.284758,9,1,4.5e-06,4.4999999999999996e-05,4.4999999999999996e-05,15.571100198,,,,,,,,,,,
,1770719118.334804,9,2,,,,15.618974391,0.0,1.0324091911315918,,,,,,,,,
9.5e-06,1770719119.5223126,19,3,9.5e-06,9.5e-05,9.5e-05,16.809240083,,,,,,,,,,,
9.5e-06,1770719119.5897753,19,4,9.5e-06,9.5e-05,9.5e-05,16.873785883,,,,,,,,,,,
,1770719119.6394258,19,5,,,,16.923447906,0.0,0.9209645390510559,,,,,,,,,
1.45e-05,1770719120.8276255,29,6,1.45e-05,0.000145,0.000145,18.114171406,,,,,,,,,,,
1.45e-05,1770719120.8967009,29,7,1.45e-05,0.000145,0.000145,18.180760191,,,,,,,,,,,
,1770719120.9466937,29,8,,,,18.230787764,0.0,0.6578471064567566,,,,,,,,,
1.9500000000000003e-05,1770719122.1333778,39,9,1.9500000000000003e-05,0.00019500000000000002,0.00019500000000000002,19.420184577,,,,,,,,,,,
1.9500000000000003e-05,1770719122.203956,39,10,1.9500000000000003e-05,0.00019500000000000002,0.00019500000000000002,19.488015351,,,,,,,,,,,
,1770719122.2539945,39,11,,,,19.538031607,0.0,0.4474821090698242,,,,,,,,,
2.45e-05,1770719123.4384484,49,12,2.45e-05,0.000245,0.000245,20.725245394,,,,,,,,,,,
2.45e-05,1770719123.5059788,49,13,2.45e-05,0.000245,0.000245,20.790016374,,,,,,,,,,,
,1770719123.5559258,49,14,,,,20.840036746,0.0,0.5443357229232788,,,,,,,,,
2.95e-05,1770719124.7320507,59,15,2.95e-05,0.000295,0.000295,22.01918814,,,,,,,,,,,
2.95e-05,1770719124.7994835,59,16,2.95e-05,0.000295,0.000295,22.083473939,,,,,,,,,,,
,1770719124.8488414,59,17,,,,22.132927188,0.0,0.12115336954593658,,,,,,,,,
3.45e-05,1770719126.0224566,69,18,3.45e-05,0.000345,0.000345,23.309145848,,,,,,,,,,,
3.45e-05,1770719126.0895352,69,19,3.45e-05,0.000345,0.000345,23.373521592,,,,,,,,,,,
,1770719126.1388197,69,20,,,,23.42290751,0.0,0.34733253717422485,,,,,,,,,
3.9500000000000005e-05,1770719127.3115263,79,21,3.9500000000000005e-05,0.000395,0.000395,24.599084256,,,,,,,,,,,
3.9500000000000005e-05,1770719127.3784862,79,22,3.9500000000000005e-05,0.000395,0.000395,24.665051255,,,,,,,,,,,
,1770719127.4278333,79,23,,,,24.711792332,0.0,0.2333827167749405,,,,,,,,,
,1770719130.2377236,85,24,,,,27.521872192,0.0,,11.326119422912598,0.3134905993938446,11.326118469238281,0.6892140507698059,,,,,
,1770719130.9257736,85,25,,,,28.209909109,0.0,,,,,,0.5967538356781006,15.970970153808594,,,
4.4500000000000004e-05,1770719131.3313634,89,26,4.4500000000000004e-05,0.00044500000000000003,0.00044500000000000003,28.618130592,,,,,,,,,,,
4.4500000000000004e-05,1770719131.398432,89,27,4.4500000000000004e-05,0.00044500000000000003,0.00044500000000000003,28.685138888,,,,,,,,,,,
,1770719131.4478536,89,28,,,,28.731817812,1.0,0.27036887407302856,,,,,,,,,
4.9500000000000004e-05,1770719132.6782277,99,29,4.9500000000000004e-05,0.000495,0.000495,29.965124706,,,,,,,,,,,
4.9500000000000004e-05,1770719132.7431676,99,30,4.9500000000000004e-05,0.000495,0.000495,30.030065621,,,,,,,,,,,
,1770719133.2965739,99,31,,,,30.580667481,1.0,0.3298170566558838,,,,,,,,,
4.9999985098838806e-05,1770719134.470245,109,32,4.9999985098838806e-05,0.000499999850988388,0.000499999850988388,31.757124595,,,,,,,,,,,
4.9999985098838806e-05,1770719134.5347397,109,33,4.9999985098838806e-05,0.000499999850988388,0.000499999850988388,31.81870984,,,,,,,,,,,
,1770719134.5840151,109,34,,,,31.8680112,1.0,0.24729469418525696,,,,,,,,,
4.999993145465851e-05,1770719135.7624712,119,35,4.999993145465851e-05,0.0004999993145465851,0.0004999993145465851,33.049122698,,,,,,,,,,,
4.999993145465851e-05,1770719135.830453,119,36,4.999993145465851e-05,0.0004999993145465851,0.0004999993145465851,33.114478176,,,,,,,,,,,
,1770719135.8799932,119,37,,,,33.16408131,1.0,0.2470090389251709,,,,,,,,,
4.999983906745911e-05,1770719137.084151,129,38,4.999983906745911e-05,0.0004999983906745911,0.0004999983906745911,34.371202888,,,,,,,,,,,
4.999983906745911e-05,1770719137.1517098,129,39,4.999983906745911e-05,0.0004999983906745911,0.0004999983906745911,34.435719454,,,,,,,,,,,
,1770719137.201129,129,40,,,,34.485140944,1.0,0.5855609178543091,,,,,,,,,
4.9999709427356724e-05,1770719138.374205,139,41,4.9999709427356724e-05,0.0004999970942735672,0.0004999970942735672,35.661153026,,,,,,,,,,,
4.9999709427356724e-05,1770719138.441516,139,42,4.9999709427356724e-05,0.0004999970942735672,0.0004999970942735672,35.725503653,,,,,,,,,,,
,1770719138.4908044,139,43,,,,35.774885494,1.0,0.4915655255317688,,,,,,,,,
4.999954104423523e-05,1770719139.66547,149,44,4.999954104423523e-05,0.0004999954104423523,0.0004999954104423523,36.95220343,,,,,,,,,,,
4.999954104423523e-05,1770719139.7326853,149,45,4.999954104423523e-05,0.0004999954104423523,0.0004999954104423523,37.016679525,,,,,,,,,,,
,1770719139.781949,149,46,,,,37.065919974,1.0,0.303073525428772,,,,,,,,,
4.999933391809464e-05,1770719140.9852924,159,47,4.999933391809464e-05,0.0004999933391809464,0.0004999933391809464,38.272183197,,,,,,,,,,,
4.999933391809464e-05,1770719141.0524862,159,48,4.999933391809464e-05,0.0004999933391809464,0.0004999933391809464,38.336570989,,,,,,,,,,,
,1770719141.1020193,159,49,,,,38.386056987,1.0,0.22203920781612396,,,,,,,,,
4.999908953905106e-05,1770719142.2777467,169,50,4.999908953905106e-05,0.0004999908953905106,0.0004999908953905106,39.564183038,,,,,,,,,,,
4.999908953905106e-05,1770719142.344762,169,51,4.999908953905106e-05,0.0004999908953905106,0.0004999908953905106,39.628787196,,,,,,,,,,,
,1770719142.3941739,169,52,,,,39.678361967,1.0,0.2683206796646118,,,,,,,,,
,1770719144.088598,171,53,,,,41.372812264,1.0,,10.2191743850708,0.3010381758213043,10.2191743850708,0.7015750408172607,,,,,
,1770719144.6336226,171,54,,,,41.917848155,1.0,,,,,,0.30807480216026306,11.026640892028809,,,
4.999880641698837e-05,1770719145.5671046,179,55,4.999880641698837e-05,0.0004999880641698837,0.0004999880641698837,42.854258716,,,,,,,,,,,
4.999880641698837e-05,1770719145.636796,179,56,4.999880641698837e-05,0.0004999880641698837,0.0004999880641698837,42.923131657,,,,,,,,,,,
,1770719145.686692,179,57,,,,42.970756124,2.0,0.4358315169811249,,,,,,,,,
4.999848604202271e-05,1770719146.9972267,189,58,4.999848604202271e-05,0.000499984860420227,0.000499984860420227,44.281355741,,,,,,,,,,,
4.999848604202271e-05,1770719147.0620925,189,59,4.999848604202271e-05,0.000499984860420227,0.000499984860420227,44.346075082,,,,,,,,,,,
,1770719147.1116583,189,60,,,,44.395623954,2.0,0.223414808511734,,,,,,,,,
4.999812543392182e-05,1770719148.2913795,199,61,4.999812543392182e-05,0.0004999812543392181,0.0004999812543392181,45.575568389,,,,,,,,,,,
4.999812543392182e-05,1770719148.3565688,199,62,4.999812543392182e-05,0.0004999812543392181,0.0004999812543392181,45.643093021,,,,,,,,,,,
,1770719148.406095,199,63,,,,45.690160138,2.0,0.5869894623756409,,,,,,,,,
4.999772757291794e-05,1770719149.5863273,209,64,4.999772757291794e-05,0.0004999772757291794,0.0004999772757291794,46.870451444,,,,,,,,,,,
4.999772757291794e-05,1770719149.6514409,209,65,4.999772757291794e-05,0.0004999772757291794,0.0004999772757291794,46.938084269,,,,,,,,,,,
,1770719149.7009475,209,66,,,,46.984968952,2.0,0.22443589568138123,,,,,,,,,
4.999729245901108e-05,1770719150.9115763,219,67,4.999729245901108e-05,0.0004999729245901107,0.0004999729245901107,48.198137831,,,,,,,,,,,
4.999729245901108e-05,1770719150.9763758,219,68,4.999729245901108e-05,0.0004999729245901107,0.0004999729245901107,48.262120334,,,,,,,,,,,
,1770719151.0259626,219,69,,,,48.310007825,2.0,0.34941667318344116,,,,,,,,,
4.999681860208512e-05,1770719152.2697158,229,70,4.999681860208512e-05,0.0004999681860208511,0.0004999681860208511,49.55626763,,,,,,,,,,,
4.999681860208512e-05,1770719152.3370876,229,71,4.999681860208512e-05,0.0004999681860208511,0.0004999681860208511,49.624058403,,,,,,,,,,,
,1770719152.3867114,229,72,,,,49.670874202,2.0,0.390480637550354,,,,,,,,,
4.999630600214005e-05,1770719153.6239579,239,73,4.999630600214005e-05,0.0004999630600214005,0.0004999630600214005,50.90814535,,,,,,,,,,,
4.999630600214005e-05,1770719153.6892104,239,74,4.999630600214005e-05,0.0004999630600214005,0.0004999630600214005,50.976091847,,,,,,,,,,,
,1770719153.7388544,239,75,,,,51.022826494,2.0,0.17050239443778992,,,,,,,,,
4.9995754659175874e-05,1770719154.979249,249,76,4.9995754659175874e-05,0.0004999575465917587,0.0004999575465917587,52.26609826,,,,,,,,,,,
4.9995754659175874e-05,1770719155.0441072,249,77,4.9995754659175874e-05,0.0004999575465917587,0.0004999575465917587,52.32808591,,,,,,,,,,,
,1770719155.0943565,249,78,,,,52.37868991,2.0,0.4326907694339752,,,,,,,,,
,1770719157.5554655,257,79,,,,54.839568059,2.0,,9.352560043334961,0.25086355209350586,9.352558135986328,0.7513120174407959,,,,,
,1770719158.1597793,257,80,,,,55.443873137,2.0,,,,,,0.26358434557914734,10.045948028564453,,,
4.999516606330872e-05,1770719158.3104522,259,81,4.999516606330872e-05,0.0004999516606330872,0.0004999516606330872,55.597225233,,,,,,,,,,,
4.999516606330872e-05,1770719158.3782034,259,82,4.999516606330872e-05,0.0004999516606330872,0.0004999516606330872,55.662210193,,,,,,,,,,,
,1770719158.4278274,259,83,,,,55.71194811,3.0,0.20359034836292267,,,,,,,,,
4.9994538724422456e-05,1770719159.607277,269,84,4.9994538724422456e-05,0.0004999453872442245,0.0004999453872442245,56.894239259,,,,,,,,,,,
4.9994538724422456e-05,1770719159.6752462,269,85,4.9994538724422456e-05,0.0004999453872442245,0.0004999453872442245,56.959260073,,,,,,,,,,,
,1770719159.7250867,269,86,,,,57.009186844,3.0,0.23985815048217773,,,,,,,,,
4.999387264251709e-05,1770719160.904612,279,87,4.999387264251709e-05,0.0004999387264251709,0.0004999387264251709,58.191178742,,,,,,,,,,,
4.999387264251709e-05,1770719160.9719255,279,88,4.999387264251709e-05,0.0004999387264251709,0.0004999387264251709,58.25598283,,,,,,,,,,,
,1770719161.0217764,279,89,,,,58.305868619,3.0,0.17949190735816956,,,,,,,,,
4.999316930770874e-05,1770719162.2530956,289,90,4.999316930770874e-05,0.0004999316930770874,0.0004999316930770874,59.537175006,,,,,,,,,,,
4.999316930770874e-05,1770719162.3184328,289,91,4.999316930770874e-05,0.0004999316930770874,0.0004999316930770874,59.602411164,,,,,,,,,,,
,1770719162.3681145,289,92,,,,59.652143942,3.0,0.3359212577342987,,,,,,,,,
4.9992427229881286e-05,1770719163.5495386,299,93,4.9992427229881286e-05,0.0004999242722988128,0.0004999242722988128,60.833768667,,,,,,,,,,,
4.9992427229881286e-05,1770719163.614807,299,94,4.9992427229881286e-05,0.0004999242722988128,0.0004999242722988128,60.898846427,,,,,,,,,,,
,1770719163.664576,299,95,,,,60.94860898,3.0,0.2749122977256775,,,,,,,,,
4.999164789915085e-05,1770719164.845235,309,96,4.999164789915085e-05,0.0004999164789915084,0.0004999164789915084,62.129406298,,,,,,,,,,,
4.999164789915085e-05,1770719164.9103303,309,97,4.999164789915085e-05,0.0004999164789915084,0.0004999164789915084,62.197089709,,,,,,,,,,,
,1770719164.959895,309,98,,,,62.243916935,3.0,0.26926180720329285,,,,,,,,,
4.9990829825401307e-05,1770719166.1673276,319,99,4.9990829825401307e-05,0.000499908298254013,0.000499908298254013,63.454110749,,,,,,,,,,,
4.9990829825401307e-05,1770719166.2322865,319,100,4.9990829825401307e-05,0.000499908298254013,0.000499908298254013,63.516250888,,,,,,,,,,,
,1770719166.2818286,319,101,,,,63.565790216,3.0,0.2057296335697174,,,,,,,,,
4.998997300863266e-05,1770719167.4695606,329,102,4.998997300863266e-05,0.0004998997300863266,0.0004998997300863266,64.756265827,,,,,,,,,,,
4.998997300863266e-05,1770719167.5371091,329,103,4.998997300863266e-05,0.0004998997300863266,0.0004998997300863266,64.821090916,,,,,,,,,,,
,1770719167.5867455,329,104,,,,64.870764275,3.0,0.3211110532283783,,,,,,,,,
4.998907744884491e-05,1770719168.7700636,339,105,4.998907744884491e-05,0.0004998907744884491,0.0004998907744884491,66.057181068,,,,,,,,,,,
4.998907744884491e-05,1770719168.8379915,339,106,4.998907744884491e-05,0.0004998907744884491,0.0004998907744884491,66.121970243,,,,,,,,,,,
,1770719168.887654,339,107,,,,66.171671414,3.0,0.1987149566411972,,,,,,,,,
,1770719170.811467,343,108,,,,68.095570556,3.0,,9.182000160217285,0.24128594994544983,9.182000160217285,0.7608169913291931,,,,,
,1770719171.384445,343,109,,,,68.668547056,3.0,,,,,,0.24790599942207336,9.637317657470703,,,
4.998814463615418e-05,1770719172.0655506,349,110,4.998814463615418e-05,0.0004998814463615418,0.0004998814463615418,69.352160644,,,,,,,,,,,
4.998814463615418e-05,1770719172.1331956,349,111,4.998814463615418e-05,0.0004998814463615418,0.0004998814463615418,69.420059058,,,,,,,,,,,
,1770719172.1829267,349,112,,,,69.467139756,4.0,0.16891750693321228,,,,,,,,,
4.998717308044434e-05,1770719173.3667338,359,113,4.998717308044434e-05,0.0004998717308044434,0.0004998717308044434,70.650933008,,,,,,,,,,,
4.998717308044434e-05,1770719173.4370296,359,114,4.998717308044434e-05,0.0004998717308044434,0.0004998717308044434,70.72414625,,,,,,,,,,,
,1770719173.487416,359,115,,,,70.771516563,4.0,0.08888105303049088,,,,,,,,,
4.9986164271831515e-05,1770719174.689915,369,116,4.9986164271831515e-05,0.0004998616427183151,0.0004998616427183151,71.974111798,,,,,,,,,,,
4.9986164271831515e-05,1770719174.75528,369,117,4.9986164271831515e-05,0.0004998616427183151,0.0004998616427183151,72.042088019,,,,,,,,,,,
,1770719174.804914,369,118,,,,72.088977479,4.0,0.16260261833667755,,,,,,,,,
4.998511672019959e-05,1770719175.9887965,379,119,4.998511672019959e-05,0.0004998511672019959,0.0004998511672019959,73.276071456,,,,,,,,,,,
4.998511672019959e-05,1770719176.0537384,379,120,4.998511672019959e-05,0.0004998511672019959,0.0004998511672019959,73.340054348,,,,,,,,,,,
,1770719176.1033432,379,121,,,,73.387458983,4.0,0.33132144808769226,,,,,,,,,
4.9984030425548556e-05,1770719177.2872388,389,122,4.9984030425548556e-05,0.0004998403042554856,0.0004998403042554856,74.571427026,,,,,,,,,,,
4.9984030425548556e-05,1770719177.3527424,389,123,4.9984030425548556e-05,0.0004998403042554856,0.0004998403042554856,74.63908007,,,,,,,,,,,
,1770719177.4023733,389,124,,,,74.686400518,4.0,0.21420828998088837,,,,,,,,,
4.998290687799454e-05,1770719178.587032,399,125,4.998290687799454e-05,0.0004998290687799454,0.0004998290687799454,75.871182335,,,,,,,,,,,
4.998290687799454e-05,1770719178.6523962,399,126,4.998290687799454e-05,0.0004998290687799454,0.0004998290687799454,75.939084295,,,,,,,,,,,
,1770719178.7020135,399,127,,,,75.986076689,4.0,0.14791631698608398,,,,,,,,,
4.998174458742142e-05,1770719179.885371,409,128,4.998174458742142e-05,0.0004998174458742142,0.0004998174458742142,77.169588314,,,,,,,,,,,
4.998174458742142e-05,1770719179.9507174,409,129,4.998174458742142e-05,0.0004998174458742142,0.0004998174458742142,77.237098393,,,,,,,,,,,
,1770719180.0003347,409,130,,,,77.284425081,4.0,0.11528737843036652,,,,,,,,,
4.99805435538292e-05,1770719181.1916697,419,131,4.99805435538292e-05,0.0004998054355382919,0.0004998054355382919,78.475881139,,,,,,,,,,,
4.99805435538292e-05,1770719181.2580411,419,132,4.99805435538292e-05,0.0004998054355382919,0.0004998054355382919,78.542170151,,,,,,,,,,,
,1770719181.3086634,419,133,,,,78.592942965,4.0,0.25881826877593994,,,,,,,,,
4.997930377721787e-05,1770719182.5150917,429,134,4.997930377721787e-05,0.0004997930377721786,0.0004997930377721786,79.799265243,,,,,,,,,,,
4.997930377721787e-05,1770719182.5707538,429,135,4.997930377721787e-05,0.0004997930377721786,0.0004997930377721786,79.854822286,,,,,,,,,,,
,1770719182.5902853,429,136,,,,79.87432904,4.0,0.5519030094146729,,,,,,,,,
,1770719184.0865808,429,137,,,,81.370841787,4.0,,9.049521446228027,0.2220313400030136,9.049521446228027,0.7799056768417358,,,,,
,1770719184.6845703,429,138,,,,81.968748339,4.0,,,,,,0.23617848753929138,9.31045150756836,,,
4.997802823781968e-05,1770719188.4240093,439,139,4.997802823781968e-05,0.0004997802823781967,0.0004997802823781967,85.708219262,,,,,,,,,,,
4.997802823781968e-05,1770719188.5833738,439,140,4.997802823781968e-05,0.0004997802823781967,0.0004997802823781967,85.867413648,,,,,,,,,,,
,1770719188.7320464,439,141,,,,86.016032089,5.0,0.6013793349266052,,,,,,,,,
4.9976712465286255e-05,1770719191.628952,449,142,4.9976712465286255e-05,0.0004997671246528626,0.0004997671246528626,88.916141144,,,,,,,,,,,
4.9976712465286255e-05,1770719191.7882128,449,143,4.9976712465286255e-05,0.0004997671246528626,0.0004997671246528626,89.07233186,,,,,,,,,,,
,1770719191.9333627,449,144,,,,89.217337224,5.0,0.31418874859809875,,,,,,,,,
4.9975359439849854e-05,1770719194.8269274,459,145,4.9975359439849854e-05,0.0004997535943984985,0.0004997535943984985,92.114086799,,,,,,,,,,,
4.9975359439849854e-05,1770719194.9860086,459,146,4.9975359439849854e-05,0.0004997535943984985,0.0004997535943984985,92.27305853,,,,,,,,,,,
,1770719195.1305087,459,147,,,,92.414549695,5.0,0.15509919822216034,,,,,,,,,
4.997396767139435e-05,1770719198.0251458,469,148,4.997396767139435e-05,0.0004997396767139435,0.0004997396767139435,95.309320058,,,,,,,,,,,
4.997396767139435e-05,1770719198.1846728,469,149,4.997396767139435e-05,0.0004997396767139435,0.0004997396767139435,95.468710238,,,,,,,,,,,
,1770719198.3292031,469,150,,,,95.613193706,5.0,0.17513273656368256,,,,,,,,,
4.9972537159919743e-05,1770719201.220458,479,151,4.9972537159919743e-05,0.0004997253715991974,0.0004997253715991974,98.50460527,,,,,,,,,,,
4.9972537159919743e-05,1770719201.3798025,479,152,4.9972537159919743e-05,0.0004997253715991974,0.0004997253715991974,98.667058609,,,,,,,,,,,
,1770719201.5242608,479,153,,,,98.808305096,5.0,0.24543723464012146,,,,,,,,,
4.997106939554215e-05,1770719204.417579,489,154,4.997106939554215e-05,0.0004997106939554214,0.0004997106939554214,101.701780322,,,,,,,,,,,
4.997106939554215e-05,1770719204.577422,489,155,4.997106939554215e-05,0.0004997106939554214,0.0004997106939554214,101.861465155,,,,,,,,,,,
,1770719204.7220318,489,156,,,,102.005999719,5.0,0.32139062881469727,,,,,,,,,
4.9969562888145446e-05,1770719207.6163547,499,157,4.9969562888145446e-05,0.0004996956288814545,0.0004996956288814545,104.900522987,,,,,,,,,,,
4.9969562888145446e-05,1770719207.8397868,499,158,4.9969562888145446e-05,0.0004996956288814545,0.0004996956288814545,105.123959112,,,,,,,,,,,
,1770719207.9858062,499,159,,,,105.269834935,5.0,0.20235130190849304,,,,,,,,,
4.9968019127845765e-05,1770719210.9442403,509,160,4.9968019127845765e-05,0.0004996801912784577,0.0004996801912784577,108.228416022,,,,,,,,,,,
4.9968019127845765e-05,1770719211.105265,509,161,4.9968019127845765e-05,0.0004996801912784577,0.0004996801912784577,108.389346299,,,,,,,,,,,
,1770719211.2505605,509,162,,,,108.534618603,5.0,0.10792993754148483,,,,,,,,,
,1770719214.5637913,515,163,,,,111.848052194,5.0,,8.746676445007324,0.22111205756664276,8.74667739868164,0.7808206081390381,,,,,
,1770719216.0485091,515,164,,,,113.332627977,5.0,,,,,,0.3552461266517639,11.271777153015137,,,
4.996643662452698e-05,1770719217.050762,519,165,4.996643662452698e-05,0.0004996643662452698,0.0004996643662452698,114.337178743,,,,,,,,,,,
4.996643662452698e-05,1770719217.2176738,519,166,4.996643662452698e-05,0.0004996643662452698,0.0004996643662452698,114.504063359,,,,,,,,,,,
,1770719217.3636386,519,167,,,,114.64780481,6.0,0.25854602456092834,,,,,,,,,
4.996481537818909e-05,1770719220.3996665,529,168,4.996481537818909e-05,0.0004996481537818909,0.0004996481537818909,117.683858304,,,,,,,,,,,
4.996481537818909e-05,1770719220.55976,529,169,4.996481537818909e-05,0.0004996481537818909,0.0004996481537818909,117.843797107,,,,,,,,,,,
,1770719220.7063167,529,170,,,,117.990288466,6.0,0.25617310404777527,,,,,,,,,
4.9963155388832094e-05,1770719223.5984256,539,171,4.9963155388832094e-05,0.0004996315538883209,0.0004996315538883209,120.882704331,,,,,,,,,,,
4.9963155388832094e-05,1770719223.7585173,539,172,4.9963155388832094e-05,0.0004996315538883209,0.0004996315538883209,121.042558487,,,,,,,,,,,
,1770719223.90306,539,173,,,,121.187054373,6.0,0.1814311444759369,,,,,,,,,
4.996145814657212e-05,1770719226.7943158,549,174,4.996145814657212e-05,0.0004996145814657212,0.0004996145814657212,124.078473754,,,,,,,,,,,
4.996145814657212e-05,1770719226.9539077,549,175,4.996145814657212e-05,0.0004996145814657212,0.0004996145814657212,124.237942631,,,,,,,,,,,
,1770719227.0988934,549,176,,,,124.382864376,6.0,0.24401423335075378,,,,,,,,,
4.995972365140915e-05,1770719229.9944587,559,177,4.995972365140915e-05,0.0004995972365140915,0.0004995972365140915,127.281124338,,,,,,,,,,,
4.995972365140915e-05,1770719230.1542933,559,178,4.995972365140915e-05,0.0004995972365140915,0.0004995972365140915,127.441054628,,,,,,,,,,,
,1770719230.299342,559,179,,,,127.583386767,6.0,0.1893017292022705,,,,,,,,,
4.9957950413227085e-05,1770719233.1959043,569,180,4.9957950413227085e-05,0.0004995795041322709,0.0004995795041322709,130.480104693,,,,,,,,,,,
4.9957950413227085e-05,1770719233.356043,569,181,4.9957950413227085e-05,0.0004995795041322709,0.0004995795041322709,130.643155008,,,,,,,,,,,
,1770719233.500716,569,182,,,,130.78472503,6.0,0.17266002297401428,,,,,,,,,
4.9956138432025914e-05,1770719236.3928168,579,183,4.9956138432025914e-05,0.0004995613843202591,0.0004995613843202591,133.67696214,,,,,,,,,,,
4.9956138432025914e-05,1770719236.5521493,579,184,4.9956138432025914e-05,0.0004995613843202591,0.0004995613843202591,133.836185736,,,,,,,,,,,
,1770719236.6972067,579,185,,,,133.981183656,6.0,0.1450709104537964,,,,,,,,,
4.9954287707805635e-05,1770719239.590015,589,186,4.9954287707805635e-05,0.0004995428770780563,0.0004995428770780563,136.874219122,,,,,,,,,,,
4.9954287707805635e-05,1770719239.750954,589,187,4.9954287707805635e-05,0.0004995428770780563,0.0004995428770780563,137.034994414,,,,,,,,,,,
,1770719239.8960238,589,188,,,,137.179987596,6.0,0.19019025564193726,,,,,,,,,
4.995239973068238e-05,1770719242.7907515,599,189,4.995239973068238e-05,0.0004995239973068237,0.0004995239973068237,140.074893082,,,,,,,,,,,
4.995239973068238e-05,1770719242.9501374,599,190,4.995239973068238e-05,0.0004995239973068237,0.0004995239973068237,140.234220895,,,,,,,,,,,
,1770719243.0949776,599,191,,,,140.379069309,6.0,0.18841052055358887,,,,,,,,,
,1770719245.0766985,601,192,,,,142.360866459,6.0,,7.307793140411377,0.1524229198694229,7.3077921867370605,0.8489145040512085,,,,,
,1770719246.605567,601,193,,,,143.889847201,6.0,,,,,,0.19043581187725067,8.268885612487793,,,
4.995047450065613e-05,1770719248.8656332,609,194,4.995047450065613e-05,0.0004995047450065613,0.0004995047450065613,146.149748431,,,,,,,,,,,
4.995047450065613e-05,1770719249.0249565,609,195,4.995047450065613e-05,0.0004995047450065613,0.0004995047450065613,146.312064089,,,,,,,,,,,
,1770719249.1699855,609,196,,,,146.454044478,7.0,0.16391362249851227,,,,,,,,,
4.994850903749466e-05,1770719252.0629015,619,197,4.994850903749466e-05,0.0004994850903749466,0.0004994850903749466,149.35013147,,,,,,,,,,,
4.994850903749466e-05,1770719252.2226448,619,198,4.994850903749466e-05,0.0004994850903749466,0.0004994850903749466,149.509128213,,,,,,,,,,,
,1770719252.3672779,619,199,,,,149.651347221,7.0,0.23365013301372528,,,,,,,,,
4.994650632143021e-05,1770719255.2597299,629,200,4.994650632143021e-05,0.0004994650632143021,0.0004994650632143021,152.546084147,,,,,,,,,,,
4.994650632143021e-05,1770719255.4195611,629,201,4.994650632143021e-05,0.0004994650632143021,0.0004994650632143021,152.706055778,,,,,,,,,,,
,1770719255.5656428,629,202,,,,152.849692438,7.0,0.3477180004119873,,,,,,,,,
4.994446635246277e-05,1770719258.4593163,639,203,4.994446635246277e-05,0.0004994446635246277,0.0004994446635246277,155.743520813,,,,,,,,,,,
4.994446635246277e-05,1770719258.6184328,639,204,4.994446635246277e-05,0.0004994446635246277,0.0004994446635246277,155.902476594,,,,,,,,,,,
,1770719258.762696,639,205,,,,156.046663983,7.0,0.13951686024665833,,,,,,,,,
4.994238764047623e-05,1770719261.6410575,649,206,4.994238764047623e-05,0.0004994238764047623,0.0004994238764047623,158.92523832,,,,,,,,,,,
4.994238764047623e-05,1770719261.8001842,649,207,4.994238764047623e-05,0.0004994238764047623,0.0004994238764047623,159.087114436,,,,,,,,,,,
,1770719261.9444041,649,208,,,,159.228412937,7.0,0.10851728916168213,,,,,,,,,
4.994027018547058e-05,1770719264.823921,659,209,4.994027018547058e-05,0.0004994027018547058,0.0004994027018547058,162.108127215,,,,,,,,,,,
4.994027018547058e-05,1770719264.983117,659,210,4.994027018547058e-05,0.0004994027018547058,0.0004994027018547058,162.270132856,,,,,,,,,,,
,1770719265.1271706,659,211,,,,162.411177535,7.0,0.14530235528945923,,,,,,,,,
4.9938113987445834e-05,1770719268.006692,669,212,4.9938113987445834e-05,0.0004993811398744583,0.0004993811398744583,165.293100573,,,,,,,,,,,
4.9938113987445834e-05,1770719268.1656132,669,213,4.9938113987445834e-05,0.0004993811398744583,0.0004993811398744583,165.452057446,,,,,,,,,,,
,1770719268.3093154,669,214,,,,165.593329817,7.0,0.1494138240814209,,,,,,,,,
4.99359205365181e-05,1770719271.1894927,679,215,4.99359205365181e-05,0.000499359205365181,0.000499359205365181,168.473700434,,,,,,,,,,,
4.99359205365181e-05,1770719271.348244,679,216,4.99359205365181e-05,0.000499359205365181,0.000499359205365181,168.632301291,,,,,,,,,,,
,1770719271.4920862,679,217,,,,168.776073214,7.0,0.32412973046302795,,,,,,,,,
,1770719275.4366417,687,218,,,,172.72082019,7.0,,7.626999378204346,0.15498040616512299,7.627000331878662,0.8463411927223206,,,,,
,1770719276.9202762,687,219,,,,174.204475867,7.0,,,,,,0.1713840514421463,8.013176918029785,,,
4.993368983268738e-05,1770719277.382096,689,220,4.993368983268738e-05,0.0004993368983268738,0.0004993368983268738,174.666243777,,,,,,,,,,,
4.993368983268738e-05,1770719277.5423157,689,221,4.993368983268738e-05,0.0004993368983268738,0.0004993368983268738,174.826307214,,,,,,,,,,,
,1770719277.687369,689,222,,,,174.971334245,8.0,0.1449546217918396,,,,,,,,,
4.993142038583756e-05,1770719280.5802786,699,223,4.993142038583756e-05,0.0004993142038583755,0.0004993142038583755,177.86447116,,,,,,,,,,,
4.993142038583756e-05,1770719280.7400846,699,224,4.993142038583756e-05,0.0004993142038583755,0.0004993142038583755,178.02411149,,,,,,,,,,,
,1770719280.8852255,699,225,,,,178.169190058,8.0,0.09172358363866806,,,,,,,,,
4.992911219596863e-05,1770719283.7819297,709,226,4.992911219596863e-05,0.0004992911219596863,0.0004992911219596863,181.066106517,,,,,,,,,,,
4.992911219596863e-05,1770719283.9419532,709,227,4.992911219596863e-05,0.0004992911219596863,0.0004992911219596863,181.2291052,,,,,,,,,,,
,1770719284.0869744,709,228,,,,181.370975451,8.0,0.16656936705112457,,,,,,,,,
4.992676675319672e-05,1770719286.9807398,719,229,4.992676675319672e-05,0.0004992676675319672,0.0004992676675319672,184.26492465,,,,,,,,,,,
4.992676675319672e-05,1770719287.1406868,719,230,4.992676675319672e-05,0.0004992676675319672,0.0004992676675319672,184.424722627,,,,,,,,,,,
,1770719287.2859023,719,231,,,,184.569867625,8.0,0.25491034984588623,,,,,,,,,
4.9924382567405704e-05,1770719290.1786575,729,232,4.9924382567405704e-05,0.000499243825674057,0.000499243825674057,187.462847621,,,,,,,,,,,
4.9924382567405704e-05,1770719290.338206,729,233,4.9924382567405704e-05,0.000499243825674057,0.000499243825674057,187.622241951,,,,,,,,,,,
,1770719290.4829707,729,234,,,,187.766979916,8.0,0.15360704064369202,,,,,,,,,
4.992195963859558e-05,1770719293.3793306,739,235,4.992195963859558e-05,0.0004992195963859558,0.0004992195963859558,190.663505995,,,,,,,,,,,
4.992195963859558e-05,1770719293.5386233,739,236,4.992195963859558e-05,0.0004992195963859558,0.0004992195963859558,190.822658661,,,,,,,,,,,
,1770719293.6836567,739,237,,,,190.967627313,8.0,0.1540818214416504,,,,,,,,,
4.9919499456882476e-05,1770719296.5792327,749,238,4.9919499456882476e-05,0.0004991949945688248,0.0004991949945688248,193.866130702,,,,,,,,,,,
4.9919499456882476e-05,1770719296.738955,749,239,4.9919499456882476e-05,0.0004991949945688248,0.0004991949945688248,194.02606244,,,,,,,,,,,
,1770719296.8837044,749,240,,,,194.167739198,8.0,0.1290697157382965,,,,,,,,,
4.991700053215027e-05,1770719299.780951,759,241,4.991700053215027e-05,0.0004991700053215027,0.0004991700053215027,197.065154236,,,,,,,,,,,
4.991700053215027e-05,1770719299.9409196,759,242,4.991700053215027e-05,0.0004991700053215027,0.0004991700053215027,197.224962367,,,,,,,,,,,
,1770719300.086214,759,243,,,,197.370190499,8.0,0.07850281149148941,,,,,,,,,
4.9914464354515075e-05,1770719302.9811218,769,244,4.9914464354515075e-05,0.0004991446435451507,0.0004991446435451507,200.265327685,,,,,,,,,,,
4.9914464354515075e-05,1770719303.1407535,769,245,4.9914464354515075e-05,0.0004991446435451507,0.0004991446435451507,200.427139762,,,,,,,,,,,
,1770719303.2859564,769,246,,,,200.569958688,8.0,0.12625154852867126,,,,,,,,,
,1770719305.9166272,773,247,,,,203.200788364,8.0,,8.784311294555664,0.2046695053577423,8.784310340881348,0.7970279455184937,,,,,
,1770719305.918246,773,248,,,,203.202177755,8.0,,,,,,0.1604362279176712,7.705355644226074,,,
4.991188943386078e-05,1770719307.5339956,779,249,4.991188943386078e-05,0.0004991188943386078,0.0004991188943386078,204.81818032,,,,,,,,,,,
4.991188943386078e-05,1770719307.6939154,779,250,4.991188943386078e-05,0.0004991188943386078,0.0004991188943386078,204.977958555,,,,,,,,,,,
,1770719307.8390005,779,251,,,,205.122970532,9.0,0.12893804907798767,,,,,,,,,
4.99092772603035e-05,1770719310.7325802,789,252,4.99092772603035e-05,0.000499092772603035,0.000499092772603035,208.016782513,,,,,,,,,,,
4.99092772603035e-05,1770719310.8925676,789,253,4.99092772603035e-05,0.000499092772603035,0.000499092772603035,208.176604675,,,,,,,,,,,
,1770719311.0377579,789,254,,,,208.321721539,9.0,0.061851583421230316,,,,,,,,,
4.9906626343727114e-05,1770719313.932665,799,255,4.9906626343727114e-05,0.0004990662634372712,0.0004990662634372712,211.216858089,,,,,,,,,,,
4.9906626343727114e-05,1770719314.0925786,799,256,4.9906626343727114e-05,0.0004990662634372712,0.0004990662634372712,211.376616876,,,,,,,,,,,
,1770719314.2389665,799,257,,,,211.522941387,9.0,0.06708788871765137,,,,,,,,,
4.9903936684131625e-05,1770719317.1345735,809,258,4.9903936684131625e-05,0.0004990393668413163,0.0004990393668413163,214.41876051,,,,,,,,,,,
4.9903936684131625e-05,1770719317.2943687,809,259,4.9903936684131625e-05,0.0004990393668413163,0.0004990393668413163,214.578409801,,,,,,,,,,,
,1770719317.439497,809,260,,,,214.723462578,9.0,0.26569855213165283,,,,,,,,,
4.990120977163315e-05,1770719320.3343093,819,261,4.990120977163315e-05,0.0004990120977163315,0.0004990120977163315,217.618506701,,,,,,,,,,,
4.990120977163315e-05,1770719320.493827,819,262,4.990120977163315e-05,0.0004990120977163315,0.0004990120977163315,217.77786862,,,,,,,,,,,
,1770719320.6386006,819,263,,,,217.922568105,9.0,0.08237648010253906,,,,,,,,,
4.989844411611557e-05,1770719323.5588684,829,264,4.989844411611557e-05,0.0004989844411611557,0.0004989844411611557,220.846147562,,,,,,,,,,,
4.989844411611557e-05,1770719323.7184305,829,265,4.989844411611557e-05,0.0004989844411611557,0.0004989844411611557,221.005136269,,,,,,,,,,,
,1770719323.8633633,829,266,,,,221.147410044,9.0,0.20737116038799286,,,,,,,,,
4.989564120769501e-05,1770719326.7581255,839,267,4.989564120769501e-05,0.0004989564120769501,0.0004989564120769501,224.042280207,,,,,,,,,,,
4.989564120769501e-05,1770719326.9176514,839,268,4.989564120769501e-05,0.0004989564120769501,0.0004989564120769501,224.201699491,,,,,,,,,,,
,1770719327.0629468,839,269,,,,224.346915864,9.0,0.2008708268404007,,,,,,,,,
4.989279955625534e-05,1770719329.9554915,849,270,4.989279955625534e-05,0.0004989279955625534,0.0004989279955625534,227.242152034,,,,,,,,,,,
4.989279955625534e-05,1770719330.1155443,849,271,4.989279955625534e-05,0.0004989279955625534,0.0004989279955625534,227.402059673,,,,,,,,,,,
,1770719330.2607913,849,272,,,,227.544838457,9.0,0.09699591994285583,,,,,,,,,
4.9889920651912694e-05,1770719333.1536913,859,273,4.9889920651912694e-05,0.0004988992065191269,0.0004988992065191269,230.4379061,,,,,,,,,,,
4.9889920651912694e-05,1770719333.303347,859,274,4.9889920651912694e-05,0.0004988992065191269,0.0004988992065191269,230.587336953,,,,,,,,,,,
,1770719333.3604906,859,275,,,,230.644437935,9.0,0.11898170411586761,,,,,,,,,
,1770719334.8091507,859,276,,,,232.093352467,9.0,,8.170866012573242,0.18906961381435394,8.170866966247559,0.8124727606773376,,,,,
,1770719336.384251,859,277,,,,233.668540016,9.0,,,,,,0.1404479295015335,7.158874034881592,,,
4.988700300455094e-05,1770719339.2751162,869,278,4.988700300455094e-05,0.0004988700300455094,0.0004988700300455094,236.562127102,,,,,,,,,,,
4.988700300455094e-05,1770719339.4339287,869,279,4.988700300455094e-05,0.0004988700300455094,0.0004988700300455094,236.721058131,,,,,,,,,,,
,1770719339.5780814,869,280,,,,236.86213909,10.0,0.19392552971839905,,,,,,,,,
4.9884046614170076e-05,1770719342.4580283,879,281,4.9884046614170076e-05,0.0004988404661417007,0.0004988404661417007,239.745143768,,,,,,,,,,,
4.9884046614170076e-05,1770719342.6167932,879,282,4.9884046614170076e-05,0.0004988404661417007,0.0004988404661417007,239.900803184,,,,,,,,,,,
,1770719342.760666,879,283,,,,240.04463403,10.0,0.12022675573825836,,,,,,,,,
4.9881052970886235e-05,1770719345.6407807,889,284,4.9881052970886235e-05,0.0004988105297088623,0.0004988105297088623,242.924952042,,,,,,,,,,,
4.9881052970886235e-05,1770719345.7999387,889,285,4.9881052970886235e-05,0.0004988105297088623,0.0004988105297088623,243.083990462,,,,,,,,,,,
,1770719345.9439828,889,286,,,,243.227957784,10.0,0.13948053121566772,,,,,,,,,
4.98780220746994e-05,1770719348.8255084,899,287,4.98780220746994e-05,0.000498780220746994,0.000498780220746994,246.109710089,,,,,,,,,,,
4.98780220746994e-05,1770719348.984179,899,288,4.98780220746994e-05,0.000498780220746994,0.000498780220746994,246.268223829,,,,,,,,,,,
,1770719349.128537,899,289,,,,246.412511553,10.0,0.0778210386633873,,,,,,,,,
4.9874952435493473e-05,1770719352.0101414,909,290,4.9874952435493473e-05,0.0004987495243549347,0.0004987495243549347,249.29432695,,,,,,,,,,,
4.9874952435493473e-05,1770719352.1693869,909,291,4.9874952435493473e-05,0.0004987495243549347,0.0004987495243549347,249.4534261,,,,,,,,,,,
,1770719352.3134692,909,292,,,,249.597430578,10.0,0.11745396256446838,,,,,,,,,
4.987184405326844e-05,1770719355.1943235,919,293,4.987184405326844e-05,0.0004987184405326843,0.0004987184405326843,252.47850821,,,,,,,,,,,
4.987184405326844e-05,1770719355.3531983,919,294,4.987184405326844e-05,0.0004987184405326843,0.0004987184405326843,252.637238956,,,,,,,,,,,
,1770719355.497335,919,295,,,,252.781310825,10.0,0.09144993871450424,,,,,,,,,
4.986869841814042e-05,1770719358.3798335,929,296,4.986869841814042e-05,0.0004986869841814042,0.0004986869841814042,255.667083878,,,,,,,,,,,
4.986869841814042e-05,1770719358.5390143,929,297,4.986869841814042e-05,0.0004986869841814042,0.0004986869841814042,255.826180745,,,,,,,,,,,
,1770719358.6830366,929,298,,,,255.96708677,10.0,0.10979461669921875,,,,,,,,,
4.986551403999329e-05,1770719361.5644078,939,299,4.986551403999329e-05,0.0004986551403999329,0.0004986551403999329,258.848608943,,,,,,,,,,,
4.986551403999329e-05,1770719361.7230039,939,300,4.986551403999329e-05,0.0004986551403999329,0.0004986551403999329,259.007063643,,,,,,,,,,,
,1770719361.8670702,939,301,,,,259.151072637,10.0,0.10466261953115463,,,,,,,,,
,1770719365.119827,945,302,,,,262.404006607,10.0,,7.069993495941162,0.1333785504102707,7.069992542266846,0.8677285313606262,,,,,
,1770719366.7721894,945,303,,,,264.056434189,10.0,,,,,,0.12489905953407288,6.857755661010742,,,
4.986229240894318e-05,1770719367.7532582,949,304,4.986229240894318e-05,0.0004986229240894318,0.0004986229240894318,265.037411315,,,,,,,,,,,
4.986229240894318e-05,1770719367.912377,949,305,4.986229240894318e-05,0.0004986229240894318,0.0004986229240894318,265.196428411,,,,,,,,,,,
,1770719368.056503,949,306,,,,265.340474169,11.0,0.08307511359453201,,,,,,,,,
4.9859032034873965e-05,1770719370.9393044,959,307,4.9859032034873965e-05,0.0004985903203487397,0.0004985903203487397,268.223475887,,,,,,,,,,,
4.9859032034873965e-05,1770719371.098136,959,308,4.9859032034873965e-05,0.0004985903203487397,0.0004985903203487397,268.38216577,,,,,,,,,,,
,1770719371.2418985,959,309,,,,268.52587339,11.0,0.08762583136558533,,,,,,,,,
4.9855734407901764e-05,1770719374.1267285,969,310,4.9855734407901764e-05,0.0004985573440790176,0.0004985573440790176,271.410906059,,,,,,,,,,,
4.9855734407901764e-05,1770719374.2858758,969,311,4.9855734407901764e-05,0.0004985573440790176,0.0004985573440790176,271.569915894,,,,,,,,,,,
,1770719374.4301267,969,312,,,,271.71411345,11.0,0.18199633061885834,,,,,,,,,
4.985239803791046e-05,1770719377.3124838,979,313,4.985239803791046e-05,0.0004985239803791047,0.0004985239803791047,274.597162491,,,,,,,,,,,
4.985239803791046e-05,1770719377.471249,979,314,4.985239803791046e-05,0.0004985239803791047,0.0004985239803791047,274.758093076,,,,,,,,,,,
,1770719377.615653,979,315,,,,274.899662437,11.0,0.09566760063171387,,,,,,,,,
4.9849024415016175e-05,1770719380.496623,989,316,4.9849024415016175e-05,0.0004984902441501618,0.0004984902441501618,277.780825326,,,,,,,,,,,
4.9849024415016175e-05,1770719380.6558187,989,317,4.9849024415016175e-05,0.0004984902441501618,0.0004984902441501618,277.939867839,,,,,,,,,,,
,1770719380.800343,989,318,,,,278.084348421,11.0,0.15006153285503387,,,,,,,,,
4.984561204910279e-05,1770719383.6822934,999,319,4.984561204910279e-05,0.0004984561204910278,0.0004984561204910278,280.966474434,,,,,,,,,,,
4.984561204910279e-05,1770719383.841504,999,320,4.984561204910279e-05,0.0004984561204910278,0.0004984561204910278,281.125544269,,,,,,,,,,,
,1770719383.9853191,999,321,,,,281.269288292,11.0,0.12816652655601501,,,,,,,,,
4.984216243028641e-05,1770719386.8682997,1009,322,4.984216243028641e-05,0.000498421624302864,0.000498421624302864,284.15514146,,,,,,,,,,,
4.984216243028641e-05,1770719387.0273032,1009,323,4.984216243028641e-05,0.000498421624302864,0.000498421624302864,284.314139646,,,,,,,,,,,
,1770719387.171284,1009,324,,,,284.455286582,11.0,0.13023613393306732,,,,,,,,,
4.983867406845093e-05,1770719390.0544899,1019,325,4.983867406845093e-05,0.0004983867406845092,0.0004983867406845092,287.341092354,,,,,,,,,,,
4.983867406845093e-05,1770719390.2131379,1019,326,4.983867406845093e-05,0.0004983867406845092,0.0004983867406845092,287.50005728,,,,,,,,,,,
,1770719390.3570497,1019,327,,,,287.641117545,11.0,0.08797075599431992,,,,,,,,,
4.983514696359635e-05,1770719393.249415,1029,328,4.983514696359635e-05,0.0004983514696359634,0.0004983514696359634,290.533622874,,,,,,,,,,,
4.983514696359635e-05,1770719393.4082541,1029,329,4.983514696359635e-05,0.0004983514696359634,0.0004983514696359634,290.692285345,,,,,,,,,,,
,1770719393.5527613,1029,330,,,,290.836734178,11.0,0.1361396312713623,,,,,,,,,
,1770719395.5323021,1031,331,,,,292.816545366,11.0,,7.304297924041748,0.15669147670269012,7.304297924041748,0.844700276851654,,,,,
,1770719397.0756388,1031,332,,,,294.359874013,11.0,,,,,,0.12345796078443527,6.807784557342529,,,
4.9831584095954896e-05,1770719399.3378305,1039,333,4.9831584095954896e-05,0.000498315840959549,0.000498315840959549,296.625138611,,,,,,,,,,,
4.9831584095954896e-05,1770719399.496863,1039,334,4.9831584095954896e-05,0.000498315840959549,0.000498315840959549,296.784058509,,,,,,,,,,,
,1770719399.6409254,1039,335,,,,296.924968557,12.0,0.04882802069187164,,,,,,,,,
4.982798099517823e-05,1770719402.5245557,1049,336,4.982798099517823e-05,0.0004982798099517822,0.0004982798099517822,299.808759401,,,,,,,,,,,
4.982798099517823e-05,1770719402.683821,1049,337,4.982798099517823e-05,0.0004982798099517822,0.0004982798099517822,299.967869946,,,,,,,,,,,
,1770719402.828141,1049,338,,,,300.112171116,12.0,0.16323353350162506,,,,,,,,,
4.9824340641498566e-05,1770719405.7105687,1059,339,4.9824340641498566e-05,0.0004982434064149856,0.0004982434064149856,302.995197707,,,,,,,,,,,
4.9824340641498566e-05,1770719405.869734,1059,340,4.9824340641498566e-05,0.0004982434064149856,0.0004982434064149856,303.153807337,,,,,,,,,,,
,1770719406.013808,1059,341,,,,303.297784891,12.0,0.17994117736816406,,,,,,,,,
4.9820663034915926e-05,1770719408.8964174,1069,342,4.9820663034915926e-05,0.0004982066303491592,0.0004982066303491592,306.180573389,,,,,,,,,,,
4.9820663034915926e-05,1770719409.0552976,1069,343,4.9820663034915926e-05,0.0004982066303491592,0.0004982066303491592,306.339327366,,,,,,,,,,,
,1770719409.1995177,1069,344,,,,306.483486182,12.0,0.12698018550872803,,,,,,,,,
4.981694668531418e-05,1770719412.0841136,1079,345,4.981694668531418e-05,0.0004981694668531418,0.0004981694668531418,309.368319013,,,,,,,,,,,
4.981694668531418e-05,1770719412.2435322,1079,346,4.981694668531418e-05,0.0004981694668531418,0.0004981694668531418,309.527574354,,,,,,,,,,,
,1770719412.3882008,1079,347,,,,309.67217838,12.0,0.11231754720211029,,,,,,,,,
4.981319308280945e-05,1770719415.2717788,1089,348,4.981319308280945e-05,0.0004981319308280945,0.0004981319308280945,312.555972433,,,,,,,,,,,
4.981319308280945e-05,1770719415.4311182,1089,349,4.981319308280945e-05,0.0004981319308280945,0.0004981319308280945,312.715157448,,,,,,,,,,,
,1770719415.5753083,1089,350,,,,312.859272759,12.0,0.1809341311454773,,,,,,,,,
4.980940073728562e-05,1770719418.4598174,1099,351,4.980940073728562e-05,0.0004980940073728562,0.0004980940073728562,315.744011439,,,,,,,,,,,
4.980940073728562e-05,1770719418.61885,1099,352,4.980940073728562e-05,0.0004980940073728562,0.0004980940073728562,315.903138998,,,,,,,,,,,
,1770719418.7631068,1099,353,,,,316.047089901,12.0,0.06449360400438309,,,,,,,,,
4.98055711388588e-05,1770719421.643851,1109,354,4.98055711388588e-05,0.000498055711388588,0.000498055711388588,318.928065835,,,,,,,,,,,
4.98055711388588e-05,1770719421.803085,1109,355,4.98055711388588e-05,0.000498055711388588,0.000498055711388588,319.090129782,,,,,,,,,,,
,1770719421.9470766,1109,356,,,,319.231101812,12.0,0.08015695214271545,,,,,,,,,
,1770719425.836989,1117,357,,,,323.121020674,12.0,,6.041576862335205,0.10180914402008057,6.041576862335205,0.8990743160247803,,,,,
,1770719427.4059334,1117,358,,,,324.690163974,12.0,,,,,,0.12106326222419739,6.6824517250061035,,,
4.9801702797412876e-05,1770719427.7501116,1119,359,4.9801702797412876e-05,0.0004980170279741288,0.0004980170279741288,325.037137333,,,,,,,,,,,
4.9801702797412876e-05,1770719427.9088562,1119,360,4.9801702797412876e-05,0.0004980170279741288,0.0004980170279741288,325.192928811,,,,,,,,,,,
,1770719428.0531988,1119,361,,,,325.337176019,13.0,0.1522597074508667,,,,,,,,,
4.979779720306397e-05,1770719430.9324944,1129,362,4.979779720306397e-05,0.0004979779720306396,0.0004979779720306396,328.216689411,,,,,,,,,,,
4.979779720306397e-05,1770719431.0915973,1129,363,4.979779720306397e-05,0.0004979779720306396,0.0004979779720306396,328.375642106,,,,,,,,,,,
,1770719431.235192,1129,364,,,,328.5191626,13.0,0.09968885779380798,,,,,,,,,
4.979385435581208e-05,1770719434.1152604,1139,365,4.979385435581208e-05,0.0004979385435581208,0.0004979385435581208,331.402134943,,,,,,,,,,,
4.979385435581208e-05,1770719434.2735074,1139,366,4.979385435581208e-05,0.0004979385435581208,0.0004979385435581208,331.560064458,,,,,,,,,,,
,1770719434.4176383,1139,367,,,,331.701684202,13.0,0.08943153917789459,,,,,,,,,
4.978987276554108e-05,1770719437.3002932,1149,368,4.978987276554108e-05,0.0004978987276554107,0.0004978987276554107,334.584489349,,,,,,,,,,,
4.978987276554108e-05,1770719437.4589143,1149,369,4.978987276554108e-05,0.0004978987276554107,0.0004978987276554107,334.742963674,,,,,,,,,,,
,1770719437.6027787,1149,370,,,,334.88674464,13.0,0.07115958631038666,,,,,,,,,
4.978585243225098e-05,1770719440.4830184,1159,371,4.978585243225098e-05,0.0004978585243225098,0.0004978585243225098,337.767202501,,,,,,,,,,,
4.978585243225098e-05,1770719440.64232,1159,372,4.978585243225098e-05,0.0004978585243225098,0.0004978585243225098,337.92637101,,,,,,,,,,,
,1770719440.7865584,1159,373,,,,338.070527681,13.0,0.1672459840774536,,,,,,,,,
4.978179484605789e-05,1770719443.6677508,1169,374,4.978179484605789e-05,0.000497817948460579,0.000497817948460579,340.951952333,,,,,,,,,,,
4.978179484605789e-05,1770719443.8269928,1169,375,4.978179484605789e-05,0.000497817948460579,0.000497817948460579,341.111035343,,,,,,,,,,,
,1770719443.97093,1169,376,,,,341.254928086,13.0,0.07491473853588104,,,,,,,,,
4.977770000696183e-05,1770719446.8510695,1179,377,4.977770000696183e-05,0.0004977770000696183,0.0004977770000696183,344.135278728,,,,,,,,,,,
4.977770000696183e-05,1770719447.010117,1179,378,4.977770000696183e-05,0.0004977770000696183,0.0004977770000696183,344.294167226,,,,,,,,,,,
,1770719447.1542602,1179,379,,,,344.438234682,13.0,0.10699403285980225,,,,,,,,,
4.977356642484665e-05,1770719450.0355673,1189,380,4.977356642484665e-05,0.0004977356642484665,0.0004977356642484665,347.319766646,,,,,,,,,,,
4.977356642484665e-05,1770719450.1945543,1189,381,4.977356642484665e-05,0.0004977356642484665,0.0004977356642484665,347.47863341,,,,,,,,,,,
,1770719450.3386722,1189,382,,,,347.622639318,13.0,0.10874058306217194,,,,,,,,,
4.976939558982849e-05,1770719453.2185361,1199,383,4.976939558982849e-05,0.0004976939558982849,0.0004976939558982849,350.502735443,,,,,,,,,,,
4.976939558982849e-05,1770719453.3776035,1199,384,4.976939558982849e-05,0.0004976939558982849,0.0004976939558982849,350.66163735,,,,,,,,,,,
,1770719453.5218258,1199,385,,,,350.805788787,13.0,0.07951389253139496,,,,,,,,,
,1770719456.1365082,1203,386,,,,353.42057905,13.0,,6.286722183227539,0.10918165743350983,6.286720275878906,0.8917404413223267,,,,,
,1770719457.6230848,1203,387,,,,354.907300357,13.0,,,,,,0.11483003944158554,6.510708332061768,,,
4.976518601179123e-05,1770719459.2419739,1209,388,4.976518601179123e-05,0.0004976518601179123,0.0004976518601179123,356.529133066,,,,,,,,,,,
4.976518601179123e-05,1770719459.4008057,1209,389,4.976518601179123e-05,0.0004976518601179123,0.0004976518601179123,356.688072248,,,,,,,,,,,
,1770719459.544491,1209,390,,,,356.828546343,14.0,0.10730646550655365,,,,,,,,,
4.976093918085099e-05,1770719462.4277675,1219,391,4.976093918085099e-05,0.0004976093918085099,0.0004976093918085099,359.711983485,,,,,,,,,,,
4.976093918085099e-05,1770719462.5868204,1219,392,4.976093918085099e-05,0.0004976093918085099,0.0004976093918085099,359.870870038,,,,,,,,,,,
,1770719462.7315598,1219,393,,,,360.015546325,14.0,0.09568855166435242,,,,,,,,,
4.9756653606891635e-05,1770719465.8298872,1229,394,4.9756653606891635e-05,0.0004975665360689163,0.0004975665360689163,363.114072124,,,,,,,,,,,
4.9756653606891635e-05,1770719465.9890623,1229,395,4.9756653606891635e-05,0.0004975665360689163,0.0004975665360689163,363.276080411,,,,,,,,,,,
,1770719466.133531,1229,396,,,,363.417592399,14.0,0.0984584391117096,,,,,,,,,
4.97523307800293e-05,1770719469.0163305,1239,397,4.97523307800293e-05,0.000497523307800293,0.000497523307800293,366.300514582,,,,,,,,,,,
4.97523307800293e-05,1770719469.1756096,1239,398,4.97523307800293e-05,0.000497523307800293,0.000497523307800293,366.459646724,,,,,,,,,,,
,1770719469.31955,1239,399,,,,366.603518318,14.0,0.0812482237815857,,,,,,,,,
4.974797070026398e-05,1770719472.203212,1249,400,4.974797070026398e-05,0.0004974797070026398,0.0004974797070026398,369.487407603,,,,,,,,,,,
4.974797070026398e-05,1770719472.3619082,1249,401,4.974797070026398e-05,0.0004974797070026398,0.0004974797070026398,369.645954543,,,,,,,,,,,
,1770719472.5057366,1249,402,,,,369.789706286,14.0,0.09201529622077942,,,,,,,,,
4.974357187747956e-05,1770719475.3863323,1259,403,4.974357187747956e-05,0.0004974357187747955,0.0004974357187747955,372.67052749,,,,,,,,,,,
4.974357187747956e-05,1770719475.5452118,1259,404,4.974357187747956e-05,0.0004974357187747955,0.0004974357187747955,372.829255032,,,,,,,,,,,
,1770719475.68961,1259,405,,,,372.97358074,14.0,0.15245148539543152,,,,,,,,,
4.973913580179215e-05,1770719478.5701647,1269,406,4.973913580179215e-05,0.0004973913580179214,0.0004973913580179214,375.854418473,,,,,,,,,,,
4.973913580179215e-05,1770719478.7294986,1269,407,4.973913580179215e-05,0.0004973913580179214,0.0004973913580179214,376.013543904,,,,,,,,,,,
,1770719478.874013,1269,408,,,,376.15799455,14.0,0.04312785342335701,,,,,,,,,
4.973466247320175e-05,1770719481.7571628,1279,409,4.973466247320175e-05,0.0004973466247320175,0.0004973466247320175,379.041364733,,,,,,,,,,,
4.973466247320175e-05,1770719481.9161417,1279,410,4.973466247320175e-05,0.0004973466247320175,0.0004973466247320175,379.201102137,,,,,,,,,,,
,1770719482.060209,1279,411,,,,379.344204039,14.0,0.15274864435195923,,,,,,,,,
4.9730150401592256e-05,1770719484.943369,1289,412,4.9730150401592256e-05,0.0004973015040159225,0.0004973015040159225,382.229178845,,,,,,,,,,,
4.9730150401592256e-05,1770719485.0916066,1289,413,4.9730150401592256e-05,0.0004973015040159225,0.0004973015040159225,382.375602944,,,,,,,,,,,
,1770719485.147963,1289,414,,,,382.431912676,14.0,0.05235046148300171,,,,,,,,,
,1770719486.588048,1289,415,,,,383.872160406,14.0,,6.729092597961426,0.1288958489894867,6.729091644287109,0.8721833229064941,,,,,
,1770719488.1185825,1289,416,,,,385.402752859,14.0,,,,,,0.10345061868429184,6.251669883728027,,,
4.972559958696366e-05,1770719491.009336,1299,417,4.972559958696366e-05,0.0004972559958696366,0.0004972559958696366,388.296149936,,,,,,,,,,,
4.972559958696366e-05,1770719491.1680722,1299,418,4.972559958696366e-05,0.0004972559958696366,0.0004972559958696366,388.455142967,,,,,,,,,,,
,1770719491.3121393,1299,419,,,,388.596198304,15.0,0.08428941667079926,,,,,,,,,
4.972101300954819e-05,1770719494.1938705,1309,420,4.972101300954819e-05,0.0004972101300954819,0.0004972101300954819,391.48115204,,,,,,,,,,,
4.972101300954819e-05,1770719494.3526964,1309,421,4.972101300954819e-05,0.0004972101300954819,0.0004972101300954819,391.639067436,,,,,,,,,,,
,1770719494.4967985,1309,422,,,,391.780843389,15.0,0.05843758210539818,,,,,,,,,
4.971638768911362e-05,1770719497.3803885,1319,423,4.971638768911362e-05,0.0004971638768911362,0.0004971638768911362,394.664580375,,,,,,,,,,,
4.971638768911362e-05,1770719497.539591,1319,424,4.971638768911362e-05,0.0004971638768911362,0.0004971638768911362,394.823632254,,,,,,,,,,,
,1770719497.6838222,1319,425,,,,394.967796626,15.0,0.12777215242385864,,,,,,,,,
4.971172362565995e-05,1770719500.566275,1329,426,4.971172362565995e-05,0.0004971172362565994,0.0004971172362565994,397.850475001,,,,,,,,,,,
4.971172362565995e-05,1770719500.725775,1329,427,4.971172362565995e-05,0.0004971172362565994,0.0004971172362565994,398.00981941,,,,,,,,,,,
,1770719500.8697898,1329,428,,,,398.153757611,15.0,0.14098310470581055,,,,,,,,,
4.970702230930329e-05,1770719503.7513063,1339,429,4.970702230930329e-05,0.0004970702230930328,0.0004970702230930328,401.035508062,,,,,,,,,,,
4.970702230930329e-05,1770719503.9102292,1339,430,4.970702230930329e-05,0.0004970702230930328,0.0004970702230930328,401.19425534,,,,,,,,,,,
,1770719504.0545146,1339,431,,,,401.338478571,15.0,0.13467124104499817,,,,,,,,,
4.970228374004364e-05,1770719506.9361975,1349,432,4.970228374004364e-05,0.0004970228374004364,0.0004970228374004364,404.220409287,,,,,,,,,,,
4.970228374004364e-05,1770719507.0951824,1349,433,4.970228374004364e-05,0.0004970228374004364,0.0004970228374004364,404.382147372,,,,,,,,,,,
,1770719507.2391667,1349,434,,,,404.523164691,15.0,0.08795908093452454,,,,,,,,,
4.969750642776489e-05,1770719510.1225536,1359,435,4.969750642776489e-05,0.0004969750642776489,0.0004969750642776489,407.406749674,,,,,,,,,,,
4.969750642776489e-05,1770719510.2815332,1359,436,4.969750642776489e-05,0.0004969750642776489,0.0004969750642776489,407.565567598,,,,,,,,,,,
,1770719510.4258413,1359,437,,,,407.709813192,15.0,0.17784744501113892,,,,,,,,,
4.9692691862583166e-05,1770719513.3085344,1369,438,4.9692691862583166e-05,0.0004969269186258316,0.0004969269186258316,410.592731744,,,,,,,,,,,
4.9692691862583166e-05,1770719513.4678924,1369,439,4.9692691862583166e-05,0.0004969269186258316,0.0004969269186258316,410.751933016,,,,,,,,,,,
,1770719513.6120002,1369,440,,,,410.895975824,15.0,0.10635356605052948,,,,,,,,,
,1770719516.8646724,1375,441,,,,414.148904778,15.0,,5.981964111328125,0.10148787498474121,5.981963157653809,0.8993999361991882,,,,,
,1770719518.3884351,1375,442,,,,415.672601659,15.0,,,,,,0.10633087903261185,6.335825443267822,,,
4.968784004449845e-05,1770719519.4963567,1379,443,4.968784004449845e-05,0.0004968784004449844,0.0004968784004449844,416.783148578,,,,,,,,,,,
4.968784004449845e-05,1770719519.6554093,1379,444,4.968784004449845e-05,0.0004968784004449844,0.0004968784004449844,416.939385742,,,,,,,,,,,
,1770719519.7994614,1379,445,,,,417.083575931,16.0,0.11513004451990128,,,,,,,,,
4.968295097351074e-05,1770719522.6886437,1389,446,4.968295097351074e-05,0.0004968295097351075,0.0004968295097351075,419.972860169,,,,,,,,,,,
4.968295097351074e-05,1770719522.8491523,1389,447,4.968295097351074e-05,0.0004968295097351075,0.0004968295097351075,420.133297933,,,,,,,,,,,
,1770719522.9938807,1389,448,,,,420.277959332,16.0,0.08696498721837997,,,,,,,,,
4.967802315950394e-05,1770719525.8844867,1399,449,4.967802315950394e-05,0.0004967802315950394,0.0004967802315950394,423.171089179,,,,,,,,,,,
4.967802315950394e-05,1770719526.0437305,1399,450,4.967802315950394e-05,0.0004967802315950394,0.0004967802315950394,423.330068405,,,,,,,,,,,
,1770719526.187961,1399,451,,,,423.471951176,16.0,0.06496387720108032,,,,,,,,,
4.967305660247803e-05,1770719529.0778012,1409,452,4.967305660247803e-05,0.0004967305660247802,0.0004967305660247802,426.364147871,,,,,,,,,,,
4.967305660247803e-05,1770719529.2370138,1409,453,4.967305660247803e-05,0.0004967305660247802,0.0004967305660247802,426.524085391,,,,,,,,,,,
,1770719529.3810616,1409,454,,,,426.665073444,16.0,0.16590987145900726,,,,,,,,,
4.9668054282665256e-05,1770719532.3850293,1419,455,4.9668054282665256e-05,0.0004966805428266525,0.0004966805428266525,429.67214389,,,,,,,,,,,
4.9668054282665256e-05,1770719532.5442374,1419,456,4.9668054282665256e-05,0.0004966805428266525,0.0004966805428266525,429.831071777,,,,,,,,,,,
,1770719532.6886508,1419,457,,,,429.972701807,16.0,0.1443777233362198,,,,,,,,,
4.966301321983338e-05,1770719535.7265522,1429,458,4.966301321983338e-05,0.0004966301321983337,0.0004966301321983337,433.010532723,,,,,,,,,,,
4.966301321983338e-05,1770719535.8860495,1429,459,4.966301321983338e-05,0.0004966301321983337,0.0004966301321983337,433.170089148,,,,,,,,,,,
,1770719536.0307276,1429,460,,,,433.314698387,16.0,0.1168469488620758,,,,,,,,,
4.9657933413982394e-05,1770719538.921938,1439,461,4.9657933413982394e-05,0.0004965793341398239,0.0004965793341398239,436.206135589,,,,,,,,,,,
4.9657933413982394e-05,1770719539.143608,1439,462,4.9657933413982394e-05,0.0004965793341398239,0.0004965793341398239,436.427814833,,,,,,,,,,,
,1770719539.291793,1439,463,,,,436.575872238,16.0,0.09951227903366089,,,,,,,,,
4.9652817845344546e-05,1770719542.206361,1449,464,4.9652817845344546e-05,0.0004965281784534455,0.0004965281784534455,439.490587614,,,,,,,,,,,
4.9652817845344546e-05,1770719542.3652303,1449,465,4.9652817845344546e-05,0.0004965281784534455,0.0004965281784534455,439.649268499,,,,,,,,,,,
,1770719542.5095541,1449,466,,,,439.793519968,16.0,0.07690779864788055,,,,,,,,,
4.96476635336876e-05,1770719545.3904443,1459,467,4.96476635336876e-05,0.0004964766353368759,0.0004964766353368759,442.674636814,,,,,,,,,,,
4.96476635336876e-05,1770719545.5496795,1459,468,4.96476635336876e-05,0.0004964766353368759,0.0004964766353368759,442.833715398,,,,,,,,,,,
,1770719545.6938326,1459,469,,,,442.977797852,16.0,0.09872117638587952,,,,,,,,,
,1770719547.6749175,1461,470,,,,444.95917242,16.0,,6.376567363739014,0.12810780107975006,6.376566410064697,0.8729850053787231,,,,,
,1770719547.6764505,1461,471,,,,444.9603935,16.0,,,,,,0.10918223112821579,6.432162284851074,,,
4.9642471969127656e-05,1770719549.9202988,1469,472,4.9642471969127656e-05,0.0004964247196912766,0.0004964247196912766,447.204495448,,,,,,,,,,,
4.9642471969127656e-05,1770719550.078938,1469,473,4.9642471969127656e-05,0.0004964247196912766,0.0004964247196912766,447.362975029,,,,,,,,,,,
,1770719550.223336,1469,474,,,,447.507306137,17.0,0.06648831069469452,,,,,,,,,
4.9637241661548614e-05,1770719553.1017206,1479,475,4.9637241661548614e-05,0.0004963724166154862,0.0004963724166154862,450.385916952,,,,,,,,,,,
4.9637241661548614e-05,1770719553.261115,1479,476,4.9637241661548614e-05,0.0004963724166154862,0.0004963724166154862,450.54812431,,,,,,,,,,,
,1770719553.4052541,1479,477,,,,450.689266472,17.0,0.08577001094818115,,,,,,,,,
4.963197410106659e-05,1770719556.2838256,1489,478,4.963197410106659e-05,0.0004963197410106659,0.0004963197410106659,453.568011984,,,,,,,,,,,
4.963197410106659e-05,1770719556.4428942,1489,479,4.963197410106659e-05,0.0004963197410106659,0.0004963197410106659,453.730095265,,,,,,,,,,,
,1770719556.5864305,1489,480,,,,453.870434888,17.0,0.06007777526974678,,,,,,,,,
4.962666928768158e-05,1770719559.5209308,1499,481,4.962666928768158e-05,0.0004962666928768158,0.0004962666928768158,456.808107116,,,,,,,,,,,
4.962666928768158e-05,1770719559.6796675,1499,482,4.962666928768158e-05,0.0004962666928768158,0.0004962666928768158,456.96377609,,,,,,,,,,,
,1770719559.8240092,1499,483,,,,457.107977342,17.0,0.10315234959125519,,,,,,,,,
4.962132722139359e-05,1770719562.7066393,1509,484,4.962132722139359e-05,0.0004962132722139359,0.0004962132722139359,459.99082864,,,,,,,,,,,
4.962132722139359e-05,1770719562.8657098,1509,485,4.962132722139359e-05,0.0004962132722139359,0.0004962132722139359,460.149744616,,,,,,,,,,,
,1770719563.009465,1509,486,,,,460.293437672,17.0,0.12228642404079437,,,,,,,,,
4.961594641208649e-05,1770719565.8901935,1519,487,4.961594641208649e-05,0.0004961594641208649,0.0004961594641208649,463.174392095,,,,,,,,,,,
4.961594641208649e-05,1770719566.0493708,1519,488,4.961594641208649e-05,0.0004961594641208649,0.0004961594641208649,463.333410155,,,,,,,,,,,
,1770719566.193736,1519,489,,,,463.477701592,17.0,0.06443643569946289,,,,,,,,,
4.9610528349876404e-05,1770719569.130736,1529,490,4.9610528349876404e-05,0.000496105283498764,0.000496105283498764,466.414920079,,,,,,,,,,,
4.9610528349876404e-05,1770719569.289609,1529,491,4.9610528349876404e-05,0.000496105283498764,0.000496105283498764,466.573634041,,,,,,,,,,,
,1770719569.4332533,1529,492,,,,466.717227976,17.0,0.1433320939540863,,,,,,,,,
4.960507303476334e-05,1770719572.3129022,1539,493,4.960507303476334e-05,0.0004960507303476333,0.0004960507303476333,469.597112735,,,,,,,,,,,
4.960507303476334e-05,1770719572.4720523,1539,494,4.960507303476334e-05,0.0004960507303476333,0.0004960507303476333,469.759085588,,,,,,,,,,,
,1770719572.6158643,1539,495,,,,469.899872603,17.0,0.11658307909965515,,,,,,,,,
,1770719576.504523,1547,496,,,,473.788810803,17.0,,5.83663272857666,0.1018327847123146,5.83663272857666,0.8990497589111328,,,,,
,1770719578.0237582,1547,497,,,,475.307930757,17.0,,,,,,0.09762153029441833,6.044416904449463,,,
4.9599580466747284e-05,1770719578.369371,1549,498,4.9599580466747284e-05,0.0004959958046674729,0.0004959958046674729,475.65356963199997,,,,,,,,,,,
4.9599580466747284e-05,1770719578.528511,1549,499,4.9599580466747284e-05,0.0004959958046674729,0.0004959958046674729,475.812577445,,,,,,,,,,,
,1770719578.6725855,1549,500,,,,475.956554688,18.0,0.20763161778450012,,,,,,,,,
4.959404915571213e-05,1770719581.553253,1559,501,4.959404915571213e-05,0.0004959404915571213,0.0004959404915571213,478.837438154,,,,,,,,,,,
4.959404915571213e-05,1770719581.712369,1559,502,4.959404915571213e-05,0.0004959404915571213,0.0004959404915571213,478.9964081,,,,,,,,,,,
,1770719581.8564935,1559,503,,,,479.140457932,18.0,0.1270933896303177,,,,,,,,,
4.958848059177399e-05,1770719584.778526,1569,504,4.958848059177399e-05,0.0004958848059177399,0.0004958848059177399,482.0652954,,,,,,,,,,,
4.958848059177399e-05,1770719584.9403484,1569,505,4.958848059177399e-05,0.0004958848059177399,0.0004958848059177399,482.224371717,,,,,,,,,,,
,1770719585.0846956,1569,506,,,,482.368775301,18.0,0.045220740139484406,,,,,,,,,
4.9582874774932864e-05,1770719587.9718797,1579,507,4.9582874774932864e-05,0.0004958287477493286,0.0004958287477493286,485.259114725,,,,,,,,,,,
4.9582874774932864e-05,1770719588.1311274,1579,508,4.9582874774932864e-05,0.0004958287477493286,0.0004958287477493286,485.415161065,,,,,,,,,,,
,1770719588.2754245,1579,509,,,,485.559477488,18.0,0.12149830907583237,,,,,,,,,
4.957723170518875e-05,1770719591.1893444,1589,510,4.957723170518875e-05,0.0004957723170518876,0.0004957723170518876,488.473526957,,,,,,,,,,,
4.957723170518875e-05,1770719591.3489819,1589,511,4.957723170518875e-05,0.0004957723170518876,0.0004957723170518876,488.633042003,,,,,,,,,,,
,1770719591.493361,1589,512,,,,488.777350915,18.0,0.09571721404790878,,,,,,,,,
4.9571549892425536e-05,1770719594.380702,1599,513,4.9571549892425536e-05,0.0004957154989242554,0.0004957154989242554,491.664893802,,,,,,,,,,,
4.9571549892425536e-05,1770719594.5396214,1599,514,4.9571549892425536e-05,0.0004957154989242554,0.0004957154989242554,491.823677186,,,,,,,,,,,
,1770719594.6839318,1599,515,,,,491.967922151,18.0,0.12859514355659485,,,,,,,,,
4.9565830826759344e-05,1770719597.6407993,1609,516,4.9565830826759344e-05,0.0004956583082675934,0.0004956583082675934,494.924970866,,,,,,,,,,,
4.9565830826759344e-05,1770719597.8009436,1609,517,4.9565830826759344e-05,0.0004956583082675934,0.0004956583082675934,495.08810086,,,,,,,,,,,
,1770719597.9451468,1609,518,,,,495.229182918,18.0,0.08847685158252716,,,,,,,,,
4.956007450819016e-05,1770719600.860831,1619,519,4.956007450819016e-05,0.0004956007450819016,0.0004956007450819016,498.144853862,,,,,,,,,,,
4.956007450819016e-05,1770719601.0199473,1619,520,4.956007450819016e-05,0.0004956007450819016,0.0004956007450819016,498.307082838,,,,,,,,,,,
,1770719601.1639526,1619,521,,,,498.447917612,18.0,0.09588021039962769,,,,,,,,,
4.955428093671799e-05,1770719604.0511804,1629,522,4.955428093671799e-05,0.0004955428093671799,0.0004955428093671799,501.335377447,,,,,,,,,,,
4.955428093671799e-05,1770719604.2104845,1629,523,4.955428093671799e-05,0.0004955428093671799,0.0004955428093671799,501.494533491,,,,,,,,,,,
,1770719604.3544383,1629,524,,,,501.63841728,18.0,0.08566274493932724,,,,,,,,,
,1770719606.9722574,1633,525,,,,504.256454336,18.0,,5.846030235290527,0.09971103072166443,5.846030235290527,0.9011579751968384,,,,,
,1770719608.4764855,1633,526,,,,505.760747255,18.0,,,,,,0.09822411090135574,6.0541462898254395,,,
4.9548448622226716e-05,1770719610.1053417,1639,527,4.9548448622226716e-05,0.0004954844862222671,0.0004954844862222671,507.392144856,,,,,,,,,,,
4.9548448622226716e-05,1770719610.2642808,1639,528,4.9548448622226716e-05,0.0004954844862222671,0.0004954844862222671,507.551074278,,,,,,,,,,,
,1770719610.4086034,1639,529,,,,507.69257071,19.0,0.21391087770462036,,,,,,,,,
4.954257905483246e-05,1770719613.2985904,1649,530,4.954257905483246e-05,0.0004954257905483246,0.0004954257905483246,510.585112545,,,,,,,,,,,
4.954257905483246e-05,1770719613.5019941,1649,531,4.954257905483246e-05,0.0004954257905483246,0.0004954257905483246,510.789097274,,,,,,,,,,,
,1770719613.6467638,1649,532,,,,510.930818704,19.0,0.14613857865333557,,,,,,,,,
4.953667223453522e-05,1770719616.5343835,1659,533,4.953667223453522e-05,0.0004953667223453522,0.0004953667223453522,513.818508292,,,,,,,,,,,
4.953667223453522e-05,1770719616.693425,1659,534,4.953667223453522e-05,0.0004953667223453522,0.0004953667223453522,513.977446556,,,,,,,,,,,
,1770719616.837538,1659,535,,,,514.12153965,19.0,0.10318063199520111,,,,,,,,,
4.9530728161334996e-05,1770719619.733078,1669,536,4.9530728161334996e-05,0.0004953072816133499,0.0004953072816133499,517.017256478,,,,,,,,,,,
4.9530728161334996e-05,1770719619.8925343,1669,537,4.9530728161334996e-05,0.0004953072816133499,0.0004953072816133499,517.179094102,,,,,,,,,,,
,1770719620.037146,1669,538,,,,517.321202474,19.0,0.08700383454561234,,,,,,,,,
4.952474683523178e-05,1770719622.9315662,1679,539,4.952474683523178e-05,0.0004952474683523178,0.0004952474683523178,520.215755313,,,,,,,,,,,
4.952474683523178e-05,1770719623.0914958,1679,540,4.952474683523178e-05,0.0004952474683523178,0.0004952474683523178,520.37810672,,,,,,,,,,,
,1770719623.2365787,1679,541,,,,520.520649787,19.0,0.05768650397658348,,,,,,,,,
4.951872825622559e-05,1770719626.129937,1689,542,4.951872825622559e-05,0.0004951872825622558,0.0004951872825622558,523.41716035,,,,,,,,,,,
4.951872825622559e-05,1770719626.2918887,1689,543,4.951872825622559e-05,0.0004951872825622558,0.0004951872825622558,523.579054298,,,,,,,,,,,
,1770719626.4361265,1689,544,,,,523.720168351,19.0,0.060808099806308746,,,,,,,,,
4.951267093420029e-05,1770719629.3288112,1699,545,4.951267093420029e-05,0.0004951267093420029,0.0004951267093420029,526.616246897,,,,,,,,,,,
4.951267093420029e-05,1770719629.4911194,1699,546,4.951267093420029e-05,0.0004951267093420029,0.0004951267093420029,526.775195966,,,,,,,,,,,
,1770719629.6357706,1699,547,,,,526.919876013,19.0,0.25423532724380493,,,,,,,,,
4.9506576359272005e-05,1770719632.5284631,1709,548,4.9506576359272005e-05,0.00049506576359272,0.00049506576359272,529.812642632,,,,,,,,,,,
4.9506576359272005e-05,1770719632.6878247,1709,549,4.9506576359272005e-05,0.00049506576359272,0.00049506576359272,529.97188275,,,,,,,,,,,
,1770719632.8318512,1709,550,,,,530.11604065,19.0,0.12124155461788177,,,,,,,,,
4.9500444531440734e-05,1770719635.8315268,1719,551,4.9500444531440734e-05,0.0004950044453144074,0.0004950044453144074,533.118082846,,,,,,,,,,,
4.9500444531440734e-05,1770719635.9810455,1719,552,4.9500444531440734e-05,0.0004950044453144074,0.0004950044453144074,533.265185343,,,,,,,,,,,
,1770719636.0385718,1719,553,,,,533.322546363,19.0,0.019869910553097725,,,,,,,,,
,1770719637.4822857,1719,554,,,,534.766521278,19.0,,7.427074909210205,0.1619473099708557,7.427074909210205,0.8393884897232056,,,,,
,1770719637.4837089,1719,555,,,,534.767633584,19.0,,,,,,0.11355923861265182,6.545626163482666,,,
4.9494275450706485e-05,1770719640.3784268,1729,556,4.9494275450706485e-05,0.0004949427545070649,0.0004949427545070649,537.662620714,,,,,,,,,,,
4.9494275450706485e-05,1770719640.5389242,1729,557,4.9494275450706485e-05,0.0004949427545070649,0.0004949427545070649,537.823020869,,,,,,,,,,,
,1770719640.6838858,1729,558,,,,537.968041749,20.0,0.11754416674375534,,,,,,,,,
4.9488069117069243e-05,1770719643.6133442,1739,559,4.9488069117069243e-05,0.0004948806911706925,0.0004948806911706925,540.897506939,,,,,,,,,,,
4.9488069117069243e-05,1770719643.7723734,1739,560,4.9488069117069243e-05,0.0004948806911706925,0.0004948806911706925,541.05642488,,,,,,,,,,,
,1770719643.9166882,1739,561,,,,541.200670281,20.0,0.03246399760246277,,,,,,,,,
4.948182404041291e-05,1770719646.8087804,1749,562,4.948182404041291e-05,0.0004948182404041291,0.0004948182404041291,544.095175914,,,,,,,,,,,
4.948182404041291e-05,1770719646.9703243,1749,563,4.948182404041291e-05,0.0004948182404041291,0.0004948182404041291,544.254324102,,,,,,,,,,,
,1770719647.1144865,1749,564,,,,544.398553047,20.0,0.048675067722797394,,,,,,,,,
4.9475543200969695e-05,1770719650.0081735,1759,565,4.9475543200969695e-05,0.0004947554320096969,0.0004947554320096969,547.295228384,,,,,,,,,,,
4.9475543200969695e-05,1770719650.1702745,1759,566,4.9475543200969695e-05,0.0004947554320096969,0.0004947554320096969,547.457065924,,,,,,,,,,,
,1770719650.3144262,1759,567,,,,547.598412105,20.0,0.07267892360687256,,,,,,,,,
4.946922361850739e-05,1770719653.2071455,1769,568,4.946922361850739e-05,0.0004946922361850739,0.0004946922361850739,550.494236994,,,,,,,,,,,
4.946922361850739e-05,1770719653.3689857,1769,569,4.946922361850739e-05,0.0004946922361850739,0.0004946922361850739,550.652980512,,,,,,,,,,,
,1770719653.513143,1769,570,,,,550.797204809,20.0,0.06279337406158447,,,,,,,,,
4.946286678314209e-05,1770719656.4070668,1779,571,4.946286678314209e-05,0.0004946286678314209,0.0004946286678314209,553.694136059,,,,,,,,,,,
4.946286678314209e-05,1770719656.569082,1779,572,4.946286678314209e-05,0.0004946286678314209,0.0004946286678314209,553.85605342,,,,,,,,,,,
,1770719656.7130704,1779,573,,,,553.997122823,20.0,0.0850985050201416,,,,,,,,,
4.945647269487381e-05,1770719659.610036,1789,574,4.945647269487381e-05,0.0004945647269487381,0.0004945647269487381,556.897207339,,,,,,,,,,,
4.945647269487381e-05,1770719659.7722118,1789,575,4.945647269487381e-05,0.0004945647269487381,0.0004945647269487381,557.059062695,,,,,,,,,,,
,1770719659.916736,1789,576,,,,557.200743009,20.0,0.12220096588134766,,,,,,,,,
4.945004135370255e-05,1770719662.9538727,1799,577,4.945004135370255e-05,0.0004945004135370254,0.0004945004135370254,560.23806013,,,,,,,,,,,
4.945004135370255e-05,1770719663.1131213,1799,578,4.945004135370255e-05,0.0004945004135370254,0.0004945004135370254,560.39715116,,,,,,,,,,,
,1770719663.2571497,1799,579,,,,560.541118901,20.0,0.10229792445898056,,,,,,,,,
,1770719666.510892,1805,580,,,,563.795072783,20.0,,5.821314811706543,0.10152766108512878,5.821314811706543,0.8993270397186279,,,,,
,1770719668.161664,1805,581,,,,565.445923828,20.0,,,,,,0.09974744915962219,6.097265243530273,,,
4.94435727596283e-05,1770719669.1453228,1809,582,4.94435727596283e-05,0.000494435727596283,0.000494435727596283,566.429477088,,,,,,,,,,,
4.94435727596283e-05,1770719669.3049438,1809,583,4.94435727596283e-05,0.000494435727596283,0.000494435727596283,566.588965727,,,,,,,,,,,
,1770719669.449244,1809,584,,,,566.733211405,21.0,0.026543624699115753,,,,,,,,,
4.943706691265107e-05,1770719672.3307228,1819,585,4.943706691265107e-05,0.0004943706691265107,0.0004943706691265107,569.614891053,,,,,,,,,,,
4.943706691265107e-05,1770719672.4900184,1819,586,4.943706691265107e-05,0.0004943706691265107,0.0004943706691265107,569.77405355,,,,,,,,,,,
,1770719672.6340516,1819,587,,,,569.91805476,21.0,0.09184268116950989,,,,,,,,,
4.943052381277085e-05,1770719675.5170603,1829,588,4.943052381277085e-05,0.0004943052381277084,0.0004943052381277084,572.801257677,,,,,,,,,,,
4.943052381277085e-05,1770719675.6767814,1829,589,4.943052381277085e-05,0.0004943052381277084,0.0004943052381277084,572.960829571,,,,,,,,,,,
,1770719675.8207622,1829,590,,,,573.104731531,21.0,0.07037679105997086,,,,,,,,,
4.942394196987152e-05,1770719678.7004378,1839,591,4.942394196987152e-05,0.0004942394196987152,0.0004942394196987152,575.984622121,,,,,,,,,,,
4.942394196987152e-05,1770719678.859137,1839,592,4.942394196987152e-05,0.0004942394196987152,0.0004942394196987152,576.143178133,,,,,,,,,,,
,1770719679.003648,1839,593,,,,576.287623251,21.0,0.1416885405778885,,,,,,,,,
4.941732436418534e-05,1770719681.8855894,1849,594,4.941732436418534e-05,0.0004941732436418533,0.0004941732436418533,579.169774782,,,,,,,,,,,
4.941732436418534e-05,1770719682.044828,1849,595,4.941732436418534e-05,0.0004941732436418533,0.0004941732436418533,579.328863708,,,,,,,,,,,
,1770719682.188825,1849,596,,,,579.47280083,21.0,0.11000943183898926,,,,,,,,,
4.9410668015480046e-05,1770719685.0689495,1859,597,4.9410668015480046e-05,0.0004941066801548004,0.0004941066801548004,582.353155638,,,,,,,,,,,
4.9410668015480046e-05,1770719685.2283278,1859,598,4.9410668015480046e-05,0.0004941066801548004,0.0004941066801548004,582.512366837,,,,,,,,,,,
,1770719685.3722465,1859,599,,,,582.656229116,21.0,0.036306194961071014,,,,,,,,,
4.9403975903987885e-05,1770719688.2528098,1869,600,4.9403975903987885e-05,0.0004940397590398788,0.0004940397590398788,585.537018813,,,,,,,,,,,
4.9403975903987885e-05,1770719688.4121954,1869,601,4.9403975903987885e-05,0.0004940397590398788,0.0004940397590398788,585.699088079,,,,,,,,,,,
,1770719688.556301,1869,602,,,,585.840301146,21.0,0.09840430319309235,,,,,,,,,
4.939724504947662e-05,1770719691.4367862,1879,603,4.939724504947662e-05,0.0004939724504947662,0.0004939724504947662,588.720983546,,,,,,,,,,,
4.939724504947662e-05,1770719691.5959105,1879,604,4.939724504947662e-05,0.0004939724504947662,0.0004939724504947662,588.879957327,,,,,,,,,,,
,1770719691.7395785,1879,605,,,,589.023574967,21.0,0.12958522140979767,,,,,,,,,
4.93904784321785e-05,1770719694.6204967,1889,606,4.93904784321785e-05,0.000493904784321785,0.000493904784321785,591.907101426,,,,,,,,,,,
4.93904784321785e-05,1770719694.779498,1889,607,4.93904784321785e-05,0.000493904784321785,0.000493904784321785,592.066060414,,,,,,,,,,,
,1770719694.923796,1889,608,,,,592.207844221,21.0,0.0899450033903122,,,,,,,,,
,1770719696.902906,1891,609,,,,594.187099785,21.0,,6.096682071685791,0.10971574485301971,6.096681594848633,0.891186535358429,,,,,
,1770719696.9043553,1891,610,,,,594.188449088,21.0,,,,,,0.08872032165527344,5.8321356773376465,,,
4.938367307186127e-05,1770719699.150694,1899,611,4.938367307186127e-05,0.0004938367307186127,0.0004938367307186127,596.434869113,,,,,,,,,,,
4.938367307186127e-05,1770719699.3097582,1899,612,4.938367307186127e-05,0.0004938367307186127,0.0004938367307186127,596.593775321,,,,,,,,,,,
,1770719699.4538765,1899,613,,,,596.737847586,22.0,0.04127519577741623,,,,,,,,,
4.937683045864105e-05,1770719702.333131,1909,614,4.937683045864105e-05,0.0004937683045864106,0.0004937683045864106,599.61731206,,,,,,,,,,,
4.937683045864105e-05,1770719702.492243,1909,615,4.937683045864105e-05,0.0004937683045864106,0.0004937683045864106,599.776276826,,,,,,,,,,,
,1770719702.6365676,1909,616,,,,599.920536162,22.0,0.06650492548942566,,,,,,,,,
4.9369950592517856e-05,1770719705.5169072,1919,617,4.9369950592517856e-05,0.0004936995059251785,0.0004936995059251785,602.801123984,,,,,,,,,,,
4.9369950592517856e-05,1770719705.6758003,1919,618,4.9369950592517856e-05,0.0004936995059251785,0.0004936995059251785,602.959845212,,,,,,,,,,,
,1770719705.8197176,1919,619,,,,603.103762894,22.0,0.10974597930908203,,,,,,,,,
4.936303496360779e-05,1770719708.6981678,1929,620,4.936303496360779e-05,0.0004936303496360779,0.0004936303496360779,605.982368222,,,,,,,,,,,
4.936303496360779e-05,1770719708.8567684,1929,621,4.936303496360779e-05,0.0004936303496360779,0.0004936303496360779,606.140801576,,,,,,,,,,,
,1770719709.001164,1929,622,,,,606.285131308,22.0,0.18365120887756348,,,,,,,,,
4.935608059167862e-05,1770719711.8817942,1939,623,4.935608059167862e-05,0.0004935608059167862,0.0004935608059167862,609.166003537,,,,,,,,,,,
4.935608059167862e-05,1770719712.0409443,1939,624,4.935608059167862e-05,0.0004935608059167862,0.0004935608059167862,609.324979829,,,,,,,,,,,
,1770719712.1850717,1939,625,,,,609.469059183,22.0,0.06795040518045425,,,,,,,,,
4.934908896684647e-05,1770719715.0655088,1949,626,4.934908896684647e-05,0.0004934908896684646,0.0004934908896684646,612.349705405,,,,,,,,,,,
4.934908896684647e-05,1770719715.2247221,1949,627,4.934908896684647e-05,0.0004934908896684646,0.0004934908896684646,612.508758613,,,,,,,,,,,
,1770719715.3685389,1949,628,,,,612.652506868,22.0,0.06963448971509933,,,,,,,,,
4.934206008911133e-05,1770719718.2496455,1959,629,4.934206008911133e-05,0.0004934206008911133,0.0004934206008911133,615.5338274,,,,,,,,,,,
4.934206008911133e-05,1770719718.4086857,1959,630,4.934206008911133e-05,0.0004934206008911133,0.0004934206008911133,615.692711684,,,,,,,,,,,
,1770719718.552838,1959,631,,,,615.836802575,22.0,0.07669398188591003,,,,,,,,,
4.9334993958473205e-05,1770719721.4916232,1969,632,4.9334993958473205e-05,0.0004933499395847321,0.0004933499395847321,618.775797951,,,,,,,,,,,
4.9334993958473205e-05,1770719721.6508691,1969,633,4.9334993958473205e-05,0.0004933499395847321,0.0004933499395847321,618.934909266,,,,,,,,,,,
,1770719721.7949142,1969,634,,,,619.078911954,22.0,0.07727892696857452,,,,,,,,,
,1770719725.6890748,1977,635,,,,622.973270059,22.0,,5.60951566696167,0.0937761440873146,5.609515190124512,0.9070438146591187,,,,,
,1770719727.4198427,1977,636,,,,624.704058891,22.0,,,,,,0.09246904402971268,5.915586471557617,,,
4.932789206504822e-05,1770719727.7671063,1979,637,4.932789206504822e-05,0.0004932789206504822,0.0004932789206504822,625.05132821,,,,,,,,,,,
4.932789206504822e-05,1770719727.9268968,1979,638,4.932789206504822e-05,0.0004932789206504822,0.0004932789206504822,625.210953909,,,,,,,,,,,
,1770719728.072124,1979,639,,,,625.356137446,23.0,0.061136357486248016,,,,,,,,,
4.932075142860413e-05,1770719730.9557557,1989,640,4.932075142860413e-05,0.0004932075142860412,0.0004932075142860412,628.23996292,,,,,,,,,,,
4.932075142860413e-05,1770719731.1147308,1989,641,4.932075142860413e-05,0.0004932075142860412,0.0004932075142860412,628.398777767,,,,,,,,,,,
,1770719731.2590244,1989,642,,,,628.542996129,23.0,0.10685202479362488,,,,,,,,,
4.931357353925705e-05,1770719734.1436977,1999,643,4.931357353925705e-05,0.0004931357353925705,0.0004931357353925705,631.430102091,,,,,,,,,,,
4.931357353925705e-05,1770719734.3027935,1999,644,4.931357353925705e-05,0.0004931357353925705,0.0004931357353925705,631.590057897,,,,,,,,,,,
,1770719734.446964,1999,645,,,,631.731018099,23.0,0.06326920539140701,,,,,,,,,
4.930635839700699e-05,1770719737.331,2009,646,4.930635839700699e-05,0.0004930635839700699,0.0004930635839700699,634.615209733,,,,,,,,,,,
4.930635839700699e-05,1770719737.4904811,2009,647,4.930635839700699e-05,0.0004930635839700699,0.0004930635839700699,634.774534929,,,,,,,,,,,
,1770719737.6345742,2009,648,,,,634.918554951,23.0,0.044470906257629395,,,,,,,,,
4.929910749197007e-05,1770719740.5182266,2019,649,4.929910749197007e-05,0.0004929910749197007,0.0004929910749197007,637.802420418,,,,,,,,,,,
4.929910749197007e-05,1770719740.6774967,2019,650,4.929910749197007e-05,0.0004929910749197007,0.0004929910749197007,637.961545802,,,,,,,,,,,
,1770719740.8217127,2019,651,,,,638.10568896,23.0,0.07294818758964539,,,,,,,,,
4.929181784391404e-05,1770719743.7053525,2029,652,4.929181784391404e-05,0.0004929181784391404,0.0004929181784391404,640.98954712,,,,,,,,,,,
4.929181784391404e-05,1770719743.8641448,2029,653,4.929181784391404e-05,0.0004929181784391404,0.0004929181784391404,641.148199942,,,,,,,,,,,
,1770719744.0084875,2029,654,,,,641.29246267,23.0,0.11819007992744446,,,,,,,,,
4.928449243307114e-05,1770719746.8918715,2039,655,4.928449243307114e-05,0.0004928449243307114,0.0004928449243307114,644.176086,,,,,,,,,,,
4.928449243307114e-05,1770719747.0513206,2039,656,4.928449243307114e-05,0.0004928449243307114,0.0004928449243307114,644.338086426,,,,,,,,,,,
,1770719747.1953151,2039,657,,,,644.479332648,23.0,0.10308796167373657,,,,,,,,,
4.927712827920914e-05,1770719750.080272,2049,658,4.927712827920914e-05,0.0004927712827920914,0.0004927712827920914,647.364493149,,,,,,,,,,,
4.927712827920914e-05,1770719750.2393444,2049,659,4.927712827920914e-05,0.0004927712827920914,0.0004927712827920914,647.523383819,,,,,,,,,,,
,1770719750.3833115,2049,660,,,,647.667287765,23.0,0.07107347249984741,,,,,,,,,
4.926972836256027e-05,1770719753.268695,2059,661,4.926972836256027e-05,0.0004926972836256028,0.0004926972836256028,650.552909175,,,,,,,,,,,
4.926972836256027e-05,1770719753.427944,2059,662,4.926972836256027e-05,0.0004926972836256028,0.0004926972836256028,650.711998473,,,,,,,,,,,
,1770719753.5721736,2059,663,,,,650.856160999,23.0,0.037360407412052155,,,,,,,,,
,1770719756.1888692,2063,664,,,,653.472981213,23.0,,6.139014720916748,0.11265221983194351,6.139013767242432,0.8883243203163147,,,,,
,1770719756.190303,2063,665,,,,653.474225818,23.0,,,,,,0.0880361869931221,5.768180847167969,,,
4.926228970289231e-05,1770719757.8024533,2069,666,4.926228970289231e-05,0.000492622897028923,0.000492622897028923,655.086743086,,,,,,,,,,,
4.926228970289231e-05,1770719757.961814,2069,667,4.926228970289231e-05,0.000492622897028923,0.000492622897028923,655.249078105,,,,,,,,,,,
,1770719758.1058447,2069,668,,,,655.389855869,24.0,0.12027433514595032,,,,,,,,,
4.925481528043747e-05,1770719760.9907062,2079,669,4.925481528043747e-05,0.0004925481528043747,0.0004925481528043747,658.274872705,,,,,,,,,,,
4.925481528043747e-05,1770719761.1498218,2079,670,4.925481528043747e-05,0.0004925481528043747,0.0004925481528043747,658.433863033,,,,,,,,,,,
,1770719761.2943883,2079,671,,,,658.578370688,24.0,0.07117870450019836,,,,,,,,,
4.924730360507965e-05,1770719764.1789215,2089,672,4.924730360507965e-05,0.0004924730360507966,0.0004924730360507966,661.466082508,,,,,,,,,,,
4.924730360507965e-05,1770719764.3382351,2089,673,4.924730360507965e-05,0.0004924730360507966,0.0004924730360507966,661.62505471,,,,,,,,,,,
,1770719764.4823618,2089,674,,,,661.766419819,24.0,0.10206625610589981,,,,,,,,,
4.923975467681885e-05,1770719767.3669353,2099,675,4.923975467681885e-05,0.0004923975467681884,0.0004923975467681884,664.651170291,,,,,,,,,,,
4.923975467681885e-05,1770719767.5262938,2099,676,4.923975467681885e-05,0.0004923975467681884,0.0004923975467681884,664.81034049,,,,,,,,,,,
,1770719767.670148,2099,677,,,,664.954140829,24.0,0.094541534781456,,,,,,,,,
4.923216849565506e-05,1770719770.5531716,2109,678,4.923216849565506e-05,0.0004923216849565506,0.0004923216849565506,667.837347559,,,,,,,,,,,
4.923216849565506e-05,1770719770.7121055,2109,679,4.923216849565506e-05,0.0004923216849565506,0.0004923216849565506,667.996149042,,,,,,,,,,,
,1770719770.8561351,2109,680,,,,668.140123403,24.0,0.09145103394985199,,,,,,,,,
4.922454655170441e-05,1770719773.7398932,2119,681,4.922454655170441e-05,0.0004922454655170441,0.0004922454655170441,671.024076723,,,,,,,,,,,
4.922454655170441e-05,1770719773.8987973,2119,682,4.922454655170441e-05,0.0004922454655170441,0.0004922454655170441,671.182829182,,,,,,,,,,,
,1770719774.0425367,2119,683,,,,671.326512453,24.0,0.08861640840768814,,,,,,,,,
4.9216885864734654e-05,1770719776.9266138,2129,684,4.9216885864734654e-05,0.0004921688586473466,0.0004921688586473466,674.210809485,,,,,,,,,,,
4.9216885864734654e-05,1770719777.0855763,2129,685,4.9216885864734654e-05,0.0004921688586473466,0.0004921688586473466,674.369624157,,,,,,,,,,,
,1770719777.2299383,2129,686,,,,674.513914263,24.0,0.1334124505519867,,,,,,,,,
4.920918792486191e-05,1770719780.1137724,2139,687,4.920918792486191e-05,0.0004920918792486191,0.0004920918792486191,677.397975754,,,,,,,,,,,
4.920918792486191e-05,1770719780.273546,2139,688,4.920918792486191e-05,0.0004920918792486191,0.0004920918792486191,677.557594919,,,,,,,,,,,
,1770719780.4177918,2139,689,,,,677.701765885,24.0,0.06854481995105743,,,,,,,,,
4.92014542222023e-05,1770719783.3026614,2149,690,4.92014542222023e-05,0.0004920145422220231,0.0004920145422220231,680.586861248,,,,,,,,,,,
4.92014542222023e-05,1770719783.4519022,2149,691,4.92014542222023e-05,0.0004920145422220231,0.0004920145422220231,680.735912838,,,,,,,,,,,
,1770719783.5085118,2149,692,,,,680.792452245,24.0,0.05430677533149719,,,,,,,,,
,1770719784.9493678,2149,693,,,,682.23359687,24.0,,5.416961669921875,0.08629458397626877,5.416961669921875,0.9144371747970581,,,,,
,1770719786.5924475,2149,694,,,,683.876607749,24.0,,,,,,0.08879340440034866,5.831275463104248,,,
4.9193683266639714e-05,1770719789.488799,2159,695,4.9193683266639714e-05,0.0004919368326663971,0.0004919368326663971,686.772999082,,,,,,,,,,,
4.9193683266639714e-05,1770719789.6480176,2159,696,4.9193683266639714e-05,0.0004919368326663971,0.0004919368326663971,686.932074817,,,,,,,,,,,
,1770719789.7918444,2159,697,,,,687.075844337,25.0,0.06181366741657257,,,,,,,,,
4.918587505817413e-05,1770719792.6756492,2169,698,4.918587505817413e-05,0.0004918587505817414,0.0004918587505817414,689.959856932,,,,,,,,,,,
4.918587505817413e-05,1770719792.835082,2169,699,4.918587505817413e-05,0.0004918587505817414,0.0004918587505817414,690.119148962,,,,,,,,,,,
,1770719792.979618,2169,700,,,,690.26362023,25.0,0.06671598553657532,,,,,,,,,
4.917802959680557e-05,1770719795.864707,2179,701,4.917802959680557e-05,0.0004917802959680558,0.0004917802959680558,693.148901301,,,,,,,,,,,
4.917802959680557e-05,1770719796.023696,2179,702,4.917802959680557e-05,0.0004917802959680558,0.0004917802959680558,693.307753098,,,,,,,,,,,
,1770719796.167792,2179,703,,,,693.451771823,25.0,0.11059148609638214,,,,,,,,,
4.917014688253403e-05,1770719799.0533168,2189,704,4.917014688253403e-05,0.0004917014688253403,0.0004917014688253403,696.337517478,,,,,,,,,,,
4.917014688253403e-05,1770719799.2127094,2189,705,4.917014688253403e-05,0.0004917014688253403,0.0004917014688253403,696.499102673,,,,,,,,,,,
,1770719799.3571324,2189,706,,,,696.641108515,25.0,0.08552808314561844,,,,,,,,,
4.916222840547562e-05,1770719802.240832,2199,707,4.916222840547562e-05,0.0004916222840547562,0.0004916222840547562,699.525020161,,,,,,,,,,,
4.916222840547562e-05,1770719802.40021,2199,708,4.916222840547562e-05,0.0004916222840547562,0.0004916222840547562,699.687148233,,,,,,,,,,,
,1770719802.5443132,2199,709,,,,699.828322522,25.0,0.054025761783123016,,,,,,,,,
4.9154272675514225e-05,1770719805.4287317,2209,710,4.9154272675514225e-05,0.0004915427267551423,0.0004915427267551423,702.712928448,,,,,,,,,,,
4.9154272675514225e-05,1770719805.5881312,2209,711,4.9154272675514225e-05,0.0004915427267551423,0.0004915427267551423,702.87220281,,,,,,,,,,,
,1770719805.7321842,2209,712,,,,703.016161014,25.0,0.09313111007213593,,,,,,,,,
4.914627820253372e-05,1770719808.6178415,2219,713,4.914627820253372e-05,0.0004914627820253372,0.0004914627820253372,705.902019792,,,,,,,,,,,
4.914627820253372e-05,1770719808.7774556,2219,714,4.914627820253372e-05,0.0004914627820253372,0.0004914627820253372,706.061527606,,,,,,,,,,,
,1770719808.9218998,2219,715,,,,706.205883578,25.0,0.08579909056425095,,,,,,,,,
4.913824945688248e-05,1770719811.8065765,2229,716,4.913824945688248e-05,0.0004913824945688248,0.0004913824945688248,709.090780361,,,,,,,,,,,
4.913824945688248e-05,1770719811.965813,2229,717,4.913824945688248e-05,0.0004913824945688248,0.0004913824945688248,709.249871777,,,,,,,,,,,
,1770719812.110527,2229,718,,,,709.394510896,25.0,0.15691211819648743,,,,,,,,,
,1770719815.4643803,2235,719,,,,712.748627273,25.0,,5.719616413116455,0.09581852704286575,5.719615936279297,0.905007541179657,,,,,
,1770719817.0230849,2235,720,,,,714.307271163,25.0,,,,,,0.08262352645397186,5.611184597015381,,,
4.913018196821213e-05,1770719818.0114853,2239,721,4.913018196821213e-05,0.0004913018196821213,0.0004913018196821213,715.298069519,,,,,,,,,,,
4.913018196821213e-05,1770719818.1713183,2239,722,4.913018196821213e-05,0.0004913018196821213,0.0004913018196821213,715.458053609,,,,,,,,,,,
,1770719818.3161511,2239,723,,,,715.600211158,26.0,0.11060259491205215,,,,,,,,,
4.9122077226638795e-05,1770719821.2727382,2249,724,4.9122077226638795e-05,0.000491220772266388,0.000491220772266388,718.556943168,,,,,,,,,,,
4.9122077226638795e-05,1770719821.4328573,2249,725,4.9122077226638795e-05,0.000491220772266388,0.000491220772266388,718.716897964,,,,,,,,,,,
,1770719821.5779483,2249,726,,,,718.861924205,26.0,0.0547090545296669,,,,,,,,,
4.91139367222786e-05,1770719824.474796,2259,727,4.91139367222786e-05,0.000491139367222786,0.000491139367222786,721.759039107,,,,,,,,,,,
4.91139367222786e-05,1770719824.6349955,2259,728,4.91139367222786e-05,0.000491139367222786,0.000491139367222786,721.919074825,,,,,,,,,,,
,1770719824.780086,2259,729,,,,722.064077981,26.0,0.061758726835250854,,,,,,,,,
4.910575896501541e-05,1770719827.6772094,2269,730,4.910575896501541e-05,0.0004910575896501542,0.0004910575896501542,724.961420339,,,,,,,,,,,
4.910575896501541e-05,1770719827.8368044,2269,731,4.910575896501541e-05,0.0004910575896501542,0.0004910575896501542,725.120856954,,,,,,,,,,,
,1770719827.9813187,2269,732,,,,725.265301197,26.0,0.07488404959440231,,,,,,,,,
4.9097545444965366e-05,1770719830.8777044,2279,733,4.9097545444965366e-05,0.0004909754544496536,0.0004909754544496536,728.161902854,,,,,,,,,,,
4.9097545444965366e-05,1770719831.037577,2279,734,4.9097545444965366e-05,0.0004909754544496536,0.0004909754544496536,728.321627422,,,,,,,,,,,
,1770719831.1827142,2279,735,,,,728.46668496,26.0,0.17379456758499146,,,,,,,,,
4.908929318189621e-05,1770719834.0843627,2289,736,4.908929318189621e-05,0.0004908929318189621,0.0004908929318189621,731.368554599,,,,,,,,,,,
4.908929318189621e-05,1770719834.244205,2289,737,4.908929318189621e-05,0.0004908929318189621,0.0004908929318189621,731.528256542,,,,,,,,,,,
,1770719834.3893328,2289,738,,,,731.673309002,26.0,0.08040511608123779,,,,,,,,,
4.908100515604019e-05,1770719837.2924616,2299,739,4.908100515604019e-05,0.0004908100515604019,0.0004908100515604019,734.576665325,,,,,,,,,,,
4.908100515604019e-05,1770719837.4525821,2299,740,4.908100515604019e-05,0.0004908100515604019,0.0004908100515604019,734.73664054,,,,,,,,,,,
,1770719837.5975428,2299,741,,,,734.881521882,26.0,0.07102011144161224,,,,,,,,,
4.907267987728119e-05,1770719840.5014277,2309,742,4.907267987728119e-05,0.0004907267987728119,0.0004907267987728119,737.785634649,,,,,,,,,,,
4.907267987728119e-05,1770719840.6616442,2309,743,4.907267987728119e-05,0.0004907267987728119,0.0004907267987728119,737.945708032,,,,,,,,,,,
,1770719840.8061802,2309,744,,,,738.090274829,26.0,0.10830177366733551,,,,,,,,,
4.90643173456192e-05,1770719843.6954262,2319,745,4.90643173456192e-05,0.000490643173456192,0.000490643173456192,740.979636274,,,,,,,,,,,
4.90643173456192e-05,1770719843.8551173,2319,746,4.90643173456192e-05,0.000490643173456192,0.000490643173456192,741.139184375,,,,,,,,,,,
,1770719843.9998515,2319,747,,,,741.283832103,26.0,0.06997406482696533,,,,,,,,,
,1770719845.9806557,2321,748,,,,743.264739002,26.0,,5.446434020996094,0.08751977980136871,5.4464335441589355,0.9132103323936462,,,,,
,1770719847.8543043,2321,749,,,,745.138492326,26.0,,,,,,0.08080409467220306,5.4782938957214355,,,
4.905591905117035e-05,1770719850.1259217,2329,750,4.905591905117035e-05,0.0004905591905117035,0.0004905591905117035,747.410143589,,,,,,,,,,,
4.905591905117035e-05,1770719850.2861478,2329,751,4.905591905117035e-05,0.0004905591905117035,0.0004905591905117035,747.570207296,,,,,,,,,,,
,1770719850.4310193,2329,752,,,,747.715003939,27.0,0.060844939202070236,,,,,,,,,
4.904748350381851e-05,1770719853.3335962,2339,753,4.904748350381851e-05,0.0004904748350381852,0.0004904748350381852,750.617787891,,,,,,,,,,,
4.904748350381851e-05,1770719853.4939203,2339,754,4.904748350381851e-05,0.0004904748350381852,0.0004904748350381852,750.777976116,,,,,,,,,,,
,1770719853.6389332,2339,755,,,,750.922924257,27.0,0.04976692423224449,,,,,,,,,
4.9039010703563696e-05,1770719856.5425096,2349,756,4.9039010703563696e-05,0.0004903901070356369,0.0004903901070356369,753.826713548,,,,,,,,,,,
4.9039010703563696e-05,1770719856.7027602,2349,757,4.9039010703563696e-05,0.0004903901070356369,0.0004903901070356369,753.986818707,,,,,,,,,,,
,1770719856.8477085,2349,758,,,,754.131689962,27.0,0.09014514088630676,,,,,,,,,
4.9030502140522e-05,1770719859.7502723,2359,759,4.9030502140522e-05,0.0004903050214052201,0.0004903050214052201,757.037110997,,,,,,,,,,,
4.9030502140522e-05,1770719859.9103441,2359,760,4.9030502140522e-05,0.0004903050214052201,0.0004903050214052201,757.197055914,,,,,,,,,,,
,1770719860.0554118,2359,761,,,,757.339452019,27.0,0.0573115199804306,,,,,,,,,
4.902195632457733e-05,1770719862.957294,2369,762,4.902195632457733e-05,0.0004902195632457733,0.0004902195632457733,760.241495148,,,,,,,,,,,
4.902195632457733e-05,1770719863.1174119,2369,763,4.902195632457733e-05,0.0004902195632457733,0.0004902195632457733,760.401466244,,,,,,,,,,,
,1770719863.2624123,2369,764,,,,760.546402025,27.0,0.05199522525072098,,,,,,,,,
4.9013373255729676e-05,1770719866.1639156,2379,765,4.9013373255729676e-05,0.0004901337325572967,0.0004901337325572967,763.44813422,,,,,,,,,,,
4.9013373255729676e-05,1770719866.3241298,2379,766,4.9013373255729676e-05,0.0004901337325572967,0.0004901337325572967,763.611070995,,,,,,,,,,,
,1770719866.4690526,2379,767,,,,763.753078324,27.0,0.14608339965343475,,,,,,,,,
4.9004754424095156e-05,1770719869.371976,2389,768,4.9004754424095156e-05,0.0004900475442409515,0.0004900475442409515,766.656180387,,,,,,,,,,,
4.9004754424095156e-05,1770719869.53224,2389,769,4.9004754424095156e-05,0.0004900475442409515,0.0004900475442409515,766.816292686,,,,,,,,,,,
,1770719869.677262,2389,770,,,,766.961241616,27.0,0.05142867565155029,,,,,,,,,
4.899609833955765e-05,1770719872.5788474,2399,771,4.899609833955765e-05,0.0004899609833955765,0.0004899609833955765,769.863063425,,,,,,,,,,,
4.899609833955765e-05,1770719872.7391303,2399,772,4.899609833955765e-05,0.0004899609833955765,0.0004899609833955765,770.026087481,,,,,,,,,,,
,1770719872.8840184,2399,773,,,,770.16804293,27.0,0.08522798866033554,,,,,,,,,
,1770719876.7931607,2407,774,,,,774.077339632,27.0,,5.636960983276367,0.08849186450242996,5.636960506439209,0.9122941493988037,,,,,
,1770719876.794617,2407,775,,,,774.078773853,27.0,,,,,,0.0796118825674057,5.499184608459473,,,
4.898740500211716e-05,1770719877.1318989,2409,776,4.898740500211716e-05,0.0004898740500211716,0.0004898740500211716,774.416043082,,,,,,,,,,,
4.898740500211716e-05,1770719877.291701,2409,777,4.898740500211716e-05,0.0004898740500211716,0.0004898740500211716,774.578066389,,,,,,,,,,,
,1770719877.4356856,2409,778,,,,774.719690459,28.0,0.06561850011348724,,,,,,,,,
4.89786759018898e-05,1770719880.3255885,2419,779,4.89786759018898e-05,0.0004897867590188981,0.0004897867590188981,777.609793636,,,,,,,,,,,
4.89786759018898e-05,1770719880.484665,2419,780,4.89786759018898e-05,0.0004897867590188981,0.0004897867590188981,777.768720237,,,,,,,,,,,
,1770719880.6288762,2419,781,,,,777.912854228,28.0,0.07886160910129547,,,,,,,,,
4.896990954875946e-05,1770719883.519781,2429,782,4.896990954875946e-05,0.0004896990954875946,0.0004896990954875946,780.803934763,,,,,,,,,,,
4.896990954875946e-05,1770719883.679574,2429,783,4.896990954875946e-05,0.0004896990954875946,0.0004896990954875946,780.963619286,,,,,,,,,,,
,1770719883.8237598,2429,784,,,,781.107747678,28.0,0.050926536321640015,,,,,,,,,
4.896110743284226e-05,1770719886.7153664,2439,785,4.896110743284226e-05,0.0004896110743284226,0.0004896110743284226,783.999590887,,,,,,,,,,,
4.896110743284226e-05,1770719886.8747594,2439,786,4.896110743284226e-05,0.0004896110743284226,0.0004896110743284226,784.161099187,,,,,,,,,,,
,1770719887.0192633,2439,787,,,,784.303238202,28.0,0.06662176549434662,,,,,,,,,
4.895226657390595e-05,1770719889.9061196,2449,788,4.895226657390595e-05,0.0004895226657390594,0.0004895226657390594,787.193109363,,,,,,,,,,,
4.895226657390595e-05,1770719890.0654907,2449,789,4.895226657390595e-05,0.0004895226657390594,0.0004895226657390594,787.35205363,,,,,,,,,,,
,1770719890.2093978,2449,790,,,,787.493454071,28.0,0.09331688284873962,,,,,,,,,
4.894339144229889e-05,1770719893.0987978,2459,791,4.894339144229889e-05,0.0004894339144229889,0.0004894339144229889,790.383002441,,,,,,,,,,,
4.894339144229889e-05,1770719893.2584858,2459,792,4.894339144229889e-05,0.0004894339144229889,0.0004894339144229889,790.542541243,,,,,,,,,,,
,1770719893.402563,2459,793,,,,790.686550105,28.0,0.044102057814598083,,,,,,,,,
4.893447905778885e-05,1770719896.2949362,2469,794,4.893447905778885e-05,0.0004893447905778885,0.0004893447905778885,793.5791527,,,,,,,,,,,
4.893447905778885e-05,1770719896.454905,2469,795,4.893447905778885e-05,0.0004893447905778885,0.0004893447905778885,793.738964573,,,,,,,,,,,
,1770719896.5989256,2469,796,,,,793.882931191,28.0,0.0919240266084671,,,,,,,,,
4.892552942037583e-05,1770719899.4877832,2479,797,4.892552942037583e-05,0.0004892552942037582,0.0004892552942037582,796.771967858,,,,,,,,,,,
4.892552942037583e-05,1770719899.6467402,2479,798,4.892552942037583e-05,0.0004892552942037582,0.0004892552942037582,796.930790631,,,,,,,,,,,
,1770719899.790932,2479,799,,,,797.074924841,28.0,0.050310127437114716,,,,,,,,,
4.8916542530059815e-05,1770719902.6797292,2489,800,4.8916542530059815e-05,0.0004891654253005982,0.0004891654253005982,799.963926059,,,,,,,,,,,
4.8916542530059815e-05,1770719902.8396935,2489,801,4.8916542530059815e-05,0.0004891654253005982,0.0004891654253005982,800.123733595,,,,,,,,,,,
,1770719902.984482,2489,802,,,,800.268466968,28.0,0.1279369294643402,,,,,,,,,
,1770719905.6051784,2493,803,,,,802.889347389,28.0,,5.647005081176758,0.09676124900579453,5.647004127502441,0.9040566086769104,,,,,
,1770719905.6067955,2493,804,,,,802.89070171,28.0,,,,,,0.0778094008564949,5.469003677368164,,,
4.8907519876956945e-05,1770719907.2203948,2499,805,4.8907519876956945e-05,0.0004890751987695694,0.0004890751987695694,804.504587281,,,,,,,,,,,
4.8907519876956945e-05,1770719907.3797982,2499,806,4.8907519876956945e-05,0.0004890751987695694,0.0004890751987695694,804.663851589,,,,,,,,,,,
,1770719907.5242016,2499,807,,,,804.808184658,29.0,0.07513837516307831,,,,,,,,,
4.88984614610672e-05,1770719910.4155073,2509,808,4.88984614610672e-05,0.000488984614610672,0.000488984614610672,807.699708313,,,,,,,,,,,
4.88984614610672e-05,1770719910.575449,2509,809,4.88984614610672e-05,0.000488984614610672,0.000488984614610672,807.859508517,,,,,,,,,,,
,1770719910.7195303,2509,810,,,,808.003514694,29.0,0.051825348287820816,,,,,,,,,
4.888936579227448e-05,1770719913.6101258,2519,811,4.888936579227448e-05,0.0004888936579227447,0.0004888936579227447,810.894333231,,,,,,,,,,,
4.888936579227448e-05,1770719913.7701137,2519,812,4.888936579227448e-05,0.0004888936579227447,0.0004888936579227447,811.057078573,,,,,,,,,,,
,1770719913.9143052,2519,813,,,,811.198322847,29.0,0.06729530543088913,,,,,,,,,
4.888023287057877e-05,1770719916.8043532,2529,814,4.888023287057877e-05,0.0004888023287057876,0.0004888023287057876,814.088550398,,,,,,,,,,,
4.888023287057877e-05,1770719916.9643233,2529,815,4.888023287057877e-05,0.0004888023287057876,0.0004888023287057876,814.24838204,,,,,,,,,,,
,1770719917.1088016,2529,816,,,,814.3927896,29.0,0.09820658713579178,,,,,,,,,
4.8871064186096197e-05,1770719919.9990613,2539,817,4.8871064186096197e-05,0.0004887106418609619,0.0004887106418609619,817.283262936,,,,,,,,,,,
4.8871064186096197e-05,1770719920.1589005,2539,818,4.8871064186096197e-05,0.0004887106418609619,0.0004887106418609619,817.446150932,,,,,,,,,,,
,1770719920.3028758,2539,819,,,,817.586885277,29.0,0.05523548275232315,,,,,,,,,
4.886185973882675e-05,1770719923.194742,2549,820,4.886185973882675e-05,0.0004886185973882676,0.0004886185973882676,820.478938839,,,,,,,,,,,
4.886185973882675e-05,1770719923.3540123,2549,821,4.886185973882675e-05,0.0004886185973882676,0.0004886185973882676,820.638097075,,,,,,,,,,,
,1770719923.4986234,2549,822,,,,820.782616744,29.0,0.06509421765804291,,,,,,,,,
4.885261803865433e-05,1770719926.3924146,2559,823,4.885261803865433e-05,0.0004885261803865432,0.0004885261803865432,823.676623813,,,,,,,,,,,
4.885261803865433e-05,1770719926.5517218,2559,824,4.885261803865433e-05,0.0004885261803865432,0.0004885261803865432,823.83579585,,,,,,,,,,,
,1770719926.6963015,2559,825,,,,823.980280025,29.0,0.11659254133701324,,,,,,,,,
4.8843339085578924e-05,1770719929.5883398,2569,826,4.8843339085578924e-05,0.0004884333908557892,0.0004884333908557892,826.872541839,,,,,,,,,,,
4.8843339085578924e-05,1770719929.7476292,2569,827,4.8843339085578924e-05,0.0004884333908557892,0.0004884333908557892,827.031688807,,,,,,,,,,,
,1770719929.8921647,2569,828,,,,827.176149306,29.0,0.053850214928388596,,,,,,,,,
4.883402436971665e-05,1770719932.7842746,2579,829,4.883402436971665e-05,0.0004883402436971665,0.0004883402436971665,830.068478777,,,,,,,,,,,
4.883402436971665e-05,1770719932.9338121,2579,830,4.883402436971665e-05,0.0004883402436971665,0.0004883402436971665,830.217861292,,,,,,,,,,,
,1770719932.9908476,2579,831,,,,830.274801438,29.0,0.10593254119157791,,,,,,,,,
,1770719934.4333124,2579,832,,,,831.717533364,29.0,,5.25779390335083,0.08601028472185135,5.25779390335083,0.9147325754165649,,,,,
,1770719936.0147638,2579,833,,,,833.298986609,29.0,,,,,,0.07578548789024353,5.36366081237793,,,
4.882467240095139e-05,1770719938.9195344,2589,834,4.882467240095139e-05,0.00048824672400951387,0.00048824672400951387,836.203765288,,,,,,,,,,,
4.882467240095139e-05,1770719939.0786986,2589,835,4.882467240095139e-05,0.00048824672400951387,0.00048824672400951387,836.36274977,,,,,,,,,,,
,1770719939.2233222,2589,836,,,,836.507303649,30.0,0.10748593509197235,,,,,,,,,
4.8815284669399265e-05,1770719942.1111896,2599,837,4.8815284669399265e-05,0.00048815284669399264,0.00048815284669399264,839.395373435,,,,,,,,,,,
4.8815284669399265e-05,1770719942.2705808,2599,838,4.8815284669399265e-05,0.00048815284669399264,0.00048815284669399264,839.554628315,,,,,,,,,,,
,1770719942.4151917,2599,839,,,,839.699177136,30.0,0.070797860622406,,,,,,,,,
4.8805861175060277e-05,1770719945.303396,2609,840,4.8805861175060277e-05,0.00048805861175060274,0.00048805861175060274,842.587589623,,,,,,,,,,,
4.8805861175060277e-05,1770719945.4626637,2609,841,4.8805861175060277e-05,0.00048805861175060274,0.00048805861175060274,842.749110347,,,,,,,,,,,
,1770719945.607033,2609,842,,,,842.891056907,30.0,0.038369473069906235,,,,,,,,,
4.87964004278183e-05,1770719948.4999492,2619,843,4.87964004278183e-05,0.00048796400427818297,0.00048796400427818297,845.784175538,,,,,,,,,,,
4.87964004278183e-05,1770719948.6599174,2619,844,4.87964004278183e-05,0.00048796400427818297,0.00048796400427818297,845.94396977,,,,,,,,,,,
,1770719948.8042135,2619,845,,,,846.088202584,30.0,0.04831845685839653,,,,,,,,,
4.878690391778946e-05,1770719951.6958034,2629,846,4.878690391778946e-05,0.0004878690391778946,0.0004878690391778946,848.979997026,,,,,,,,,,,
4.878690391778946e-05,1770719951.8558078,2629,847,4.878690391778946e-05,0.0004878690391778946,0.0004878690391778946,849.139853441,,,,,,,,,,,
,1770719952.0001101,2629,848,,,,849.284103261,30.0,0.07068297266960144,,,,,,,,,
4.8777370154857636e-05,1770719954.889918,2639,849,4.8777370154857636e-05,0.0004877737015485764,0.0004877737015485764,852.174126449,,,,,,,,,,,
4.8777370154857636e-05,1770719955.0496778,2639,850,4.8777370154857636e-05,0.0004877737015485764,0.0004877737015485764,852.336129488,,,,,,,,,,,
,1770719955.1937582,2639,851,,,,852.4777659,30.0,0.08859050273895264,,,,,,,,,
4.876780062913895e-05,1770719958.1443343,2649,852,4.876780062913895e-05,0.00048767800629138946,0.00048767800629138946,855.428572678,,,,,,,,,,,
4.876780062913895e-05,1770719958.303794,2649,853,4.876780062913895e-05,0.00048767800629138946,0.00048767800629138946,855.587837831,,,,,,,,,,,
,1770719958.447585,2649,854,,,,855.731560817,30.0,0.05008985474705696,,,,,,,,,
4.8758195340633395e-05,1770719961.3366547,2659,855,4.8758195340633395e-05,0.0004875819534063339,0.0004875819534063339,858.62083193,,,,,,,,,,,
4.8758195340633395e-05,1770719961.4963465,2659,856,4.8758195340633395e-05,0.0004875819534063339,0.0004875819534063339,858.780388993,,,,,,,,,,,
,1770719961.6403842,2659,857,,,,858.924350848,30.0,0.11054806411266327,,,,,,,,,
,1770719964.8973145,2665,858,,,,862.181605446,30.0,,7.3699212074279785,0.1338777244091034,7.369922161102295,0.86725914478302,,,,,
,1770719964.8990777,2665,859,,,,862.183009151,30.0,,,,,,0.07649979740381241,5.385218143463135,,,
4.8748552799224854e-05,1770719965.8732777,2669,860,4.8748552799224854e-05,0.00048748552799224857,0.00048748552799224857,863.157437843,,,,,,,,,,,
4.8748552799224854e-05,1770719966.0326266,2669,861,4.8748552799224854e-05,0.00048748552799224857,0.00048748552799224857,863.316667552,,,,,,,,,,,
,1770719966.1766224,2669,862,,,,863.460596407,31.0,0.06734581291675568,,,,,,,,,
4.8738873004913335e-05,1770719969.063071,2679,863,4.8738873004913335e-05,0.0004873887300491333,0.0004873887300491333,866.347278907,,,,,,,,,,,
4.8738873004913335e-05,1770719969.222481,2679,864,4.8738873004913335e-05,0.0004873887300491333,0.0004873887300491333,866.506527274,,,,,,,,,,,
,1770719969.3670897,2679,865,,,,866.651070334,31.0,0.10776370763778687,,,,,,,,,
4.872915893793106e-05,1770719972.2542465,2689,866,4.872915893793106e-05,0.0004872915893793106,0.0004872915893793106,869.538439403,,,,,,,,,,,
4.872915893793106e-05,1770719972.4140167,2689,867,4.872915893793106e-05,0.0004872915893793106,0.0004872915893793106,869.698069315,,,,,,,,,,,
,1770719972.5582497,2689,868,,,,869.842224039,31.0,0.12548154592514038,,,,,,,,,
4.871940761804581e-05,1770719975.444883,2699,869,4.871940761804581e-05,0.0004871940761804581,0.0004871940761804581,872.732102343,,,,,,,,,,,
4.871940761804581e-05,1770719975.6038756,2699,870,4.871940761804581e-05,0.0004871940761804581,0.0004871940761804581,872.891084539,,,,,,,,,,,
,1770719975.7478855,2699,871,,,,873.031941995,31.0,0.0615399144589901,,,,,,,,,
4.870961904525757e-05,1770719978.635712,2709,872,4.870961904525757e-05,0.0004870961904525757,0.0004870961904525757,875.922078012,,,,,,,,,,,
4.870961904525757e-05,1770719978.7948015,2709,873,4.870961904525757e-05,0.0004870961904525757,0.0004870961904525757,876.082052953,,,,,,,,,,,
,1770719978.938849,2709,874,,,,876.222885211,31.0,0.0770111083984375,,,,,,,,,
4.8699796199798586e-05,1770719981.82752,2719,875,4.8699796199798586e-05,0.00048699796199798586,0.00048699796199798586,879.111734534,,,,,,,,,,,
4.8699796199798586e-05,1770719981.9868088,2719,876,4.8699796199798586e-05,0.00048699796199798586,0.00048699796199798586,879.270852383,,,,,,,,,,,
,1770719982.1314263,2719,877,,,,879.415395813,31.0,0.10136593878269196,,,,,,,,,
4.86899346113205e-05,1770719985.0195944,2729,878,4.86899346113205e-05,0.000486899346113205,0.000486899346113205,882.303797155,,,,,,,,,,,
4.86899346113205e-05,1770719985.178885,2729,879,4.86899346113205e-05,0.000486899346113205,0.000486899346113205,882.462929937,,,,,,,,,,,
,1770719985.3232741,2729,880,,,,882.607252313,31.0,0.06270961463451385,,,,,,,,,
4.8680038750171666e-05,1770719988.2134259,2739,881,4.8680038750171666e-05,0.0004868003875017166,0.0004868003875017166,885.497629727,,,,,,,,,,,
4.8680038750171666e-05,1770719988.3723772,2739,882,4.8680038750171666e-05,0.0004868003875017166,0.0004868003875017166,885.656420503,,,,,,,,,,,
,1770719988.5162497,2739,883,,,,885.800223407,31.0,0.04411611706018448,,,,,,,,,
4.8670105636119846e-05,1770719991.4050975,2749,884,4.8670105636119846e-05,0.00048670105636119845,0.00048670105636119845,888.689304502,,,,,,,,,,,
4.8670105636119846e-05,1770719991.5640986,2749,885,4.8670105636119846e-05,0.00048670105636119845,0.00048670105636119845,888.848151182,,,,,,,,,,,
,1770719991.7083602,2749,886,,,,888.9923357,31.0,0.09035170078277588,,,,,,,,,
,1770719993.689425,2751,887,,,,890.973681824,31.0,,5.646234512329102,0.09508110582828522,5.646233081817627,0.9057276844978333,,,,,
,1770719993.6911552,2751,888,,,,890.975075795,31.0,,,,,,0.07831033319234848,5.468776226043701,,,
4.866013675928116e-05,1770719995.9400768,2759,889,4.866013675928116e-05,0.0004866013675928116,0.0004866013675928116,893.224277975,,,,,,,,,,,
4.866013675928116e-05,1770719996.0998526,2759,890,4.866013675928116e-05,0.0004866013675928116,0.0004866013675928116,893.383897879,,,,,,,,,,,
,1770719996.2441502,2759,891,,,,893.528147254,32.0,0.05508524179458618,,,,,,,,,
4.865013211965561e-05,1770719999.1325166,2769,892,4.865013211965561e-05,0.0004865013211965561,0.0004865013211965561,896.416716896,,,,,,,,,,,
4.865013211965561e-05,1770719999.2917037,2769,893,4.865013211965561e-05,0.0004865013211965561,0.0004865013211965561,896.575756536,,,,,,,,,,,
,1770719999.4359555,2769,894,,,,896.719932971,32.0,0.04012636840343475,,,,,,,,,
4.86400917172432e-05,1770720002.3233638,2779,895,4.86400917172432e-05,0.000486400917172432,0.000486400917172432,899.607552286,,,,,,,,,,,
4.86400917172432e-05,1770720002.4824624,2779,896,4.86400917172432e-05,0.000486400917172432,0.000486400917172432,899.766507068,,,,,,,,,,,
,1770720002.6267588,2779,897,,,,899.910732196,32.0,0.04900364577770233,,,,,,,,,
4.86300140619278e-05,1770720005.5154173,2789,898,4.86300140619278e-05,0.00048630014061927794,0.00048630014061927794,902.799599535,,,,,,,,,,,
4.86300140619278e-05,1770720005.6747832,2789,899,4.86300140619278e-05,0.00048630014061927794,0.00048630014061927794,902.958809301,,,,,,,,,,,
,1770720005.8186917,2789,900,,,,903.102783711,32.0,0.027529601007699966,,,,,,,,,
4.8619900643825534e-05,1770720008.7059958,2799,901,4.8619900643825534e-05,0.0004861990064382553,0.0004861990064382553,905.993097495,,,,,,,,,,,
4.8619900643825534e-05,1770720008.8652763,2799,902,4.8619900643825534e-05,0.0004861990064382553,0.0004861990064382553,906.149394221,,,,,,,,,,,
,1770720009.0094683,2799,903,,,,906.293450324,32.0,0.048612698912620544,,,,,,,,,
4.8609749972820285e-05,1770720011.8972983,2809,904,4.8609749972820285e-05,0.00048609749972820283,0.00048609749972820283,909.181493,,,,,,,,,,,
4.8609749972820285e-05,1770720012.0575175,2809,905,4.8609749972820285e-05,0.00048609749972820283,0.00048609749972820283,909.341579156,,,,,,,,,,,
,1770720012.2014437,2809,906,,,,909.485415527,32.0,0.06554831564426422,,,,,,,,,
4.859956502914429e-05,1770720015.1450465,2819,907,4.859956502914429e-05,0.0004859956502914429,0.0004859956502914429,912.429244102,,,,,,,,,,,
4.859956502914429e-05,1770720015.3044605,2819,908,4.859956502914429e-05,0.0004859956502914429,0.0004859956502914429,912.588506055,,,,,,,,,,,
,1770720015.4483807,2819,909,,,,912.732358391,32.0,0.047881223261356354,,,,,,,,,
4.858934283256531e-05,1770720018.3386655,2829,910,4.858934283256531e-05,0.0004858934283256531,0.0004858934283256531,915.622906731,,,,,,,,,,,
4.858934283256531e-05,1770720018.4983232,2829,911,4.858934283256531e-05,0.0004858934283256531,0.0004858934283256531,915.782374625,,,,,,,,,,,
,1770720018.6428137,2829,912,,,,915.926799823,32.0,0.06445419043302536,,,,,,,,,
,1770720022.5401616,2837,913,,,,919.824414934,32.0,,5.7071533203125,0.10139301419258118,5.707152843475342,0.899446427822113,,,,,
,1770720022.5416722,2837,914,,,,919.825643495,32.0,,,,,,0.07480950653553009,5.328061103820801,,,
4.857908487319946e-05,1770720022.878071,2839,915,4.857908487319946e-05,0.0004857908487319946,0.0004857908487319946,920.162245209,,,,,,,,,,,
4.857908487319946e-05,1770720023.0373747,2839,916,4.857908487319946e-05,0.0004857908487319946,0.0004857908487319946,920.321425639,,,,,,,,,,,
,1770720023.1818304,2839,917,,,,920.465805458,33.0,0.0938970223069191,,,,,,,,,
4.8568791151046754e-05,1770720026.0721567,2849,918,4.8568791151046754e-05,0.00048568791151046753,0.00048568791151046753,923.356359314,,,,,,,,,,,
4.8568791151046754e-05,1770720026.2312171,2849,919,4.8568791151046754e-05,0.00048568791151046753,0.00048568791151046753,923.515272972,,,,,,,,,,,
,1770720026.3756287,2849,920,,,,923.659604538,33.0,0.05134198069572449,,,,,,,,,
4.855846017599106e-05,1770720029.2638917,2859,921,4.855846017599106e-05,0.00048558460175991057,0.00048558460175991057,926.548092626,,,,,,,,,,,
4.855846017599106e-05,1770720029.4238865,2859,922,4.855846017599106e-05,0.00048558460175991057,0.00048558460175991057,926.711124619,,,,,,,,,,,
,1770720029.5684187,2859,923,,,,926.852431197,33.0,0.08169183135032654,,,,,,,,,
4.854809492826462e-05,1770720032.4584951,2869,924,4.854809492826462e-05,0.0004854809492826462,0.0004854809492826462,929.742666262,,,,,,,,,,,
4.854809492826462e-05,1770720032.618433,2869,925,4.854809492826462e-05,0.0004854809492826462,0.0004854809492826462,929.902466405,,,,,,,,,,,
,1770720032.762569,2869,926,,,,930.046543667,33.0,0.07953482866287231,,,,,,,,,
4.8537692427635194e-05,1770720035.6542315,2879,927,4.8537692427635194e-05,0.00048537692427635194,0.00048537692427635194,932.938427741,,,,,,,,,,,
4.8537692427635194e-05,1770720035.8135984,2879,928,4.8537692427635194e-05,0.00048537692427635194,0.00048537692427635194,933.097682682,,,,,,,,,,,
,1770720035.9581153,2879,929,,,,933.242098685,33.0,0.04983118921518326,,,,,,,,,
4.8527254164218905e-05,1770720038.8470678,2889,930,4.8527254164218905e-05,0.000485272541642189,0.000485272541642189,936.131251689,,,,,,,,,,,
4.8527254164218905e-05,1770720039.0062537,2889,931,4.8527254164218905e-05,0.000485272541642189,0.000485272541642189,936.290307109,,,,,,,,,,,
,1770720039.150305,2889,932,,,,936.434286614,33.0,0.08032357692718506,,,,,,,,,
4.8516780138015746e-05,1770720042.0401757,2899,933,4.8516780138015746e-05,0.0004851678013801575,0.0004851678013801575,939.324361621,,,,,,,,,,,
4.8516780138015746e-05,1770720042.1992786,2899,934,4.8516780138015746e-05,0.0004851678013801575,0.0004851678013801575,939.483328367,,,,,,,,,,,
,1770720042.343389,2899,935,,,,939.627358999,33.0,0.06088928133249283,,,,,,,,,
4.850627034902573e-05,1770720045.232636,2909,936,4.850627034902573e-05,0.0004850627034902573,0.0004850627034902573,942.516827708,,,,,,,,,,,
4.850627034902573e-05,1770720045.3919537,2909,937,4.850627034902573e-05,0.0004850627034902573,0.0004850627034902573,942.676009858,,,,,,,,,,,
,1770720045.5366082,2909,938,,,,942.820590017,33.0,0.04304393008351326,,,,,,,,,
4.8495723307132724e-05,1770720048.4247165,2919,939,4.8495723307132724e-05,0.0004849572330713272,0.0004849572330713272,945.708920896,,,,,,,,,,,
4.8495723307132724e-05,1770720048.5845718,2919,940,4.8495723307132724e-05,0.0004849572330713272,0.0004849572330713272,945.871091589,,,,,,,,,,,
,1770720048.7287652,2919,941,,,,946.01279211,33.0,0.04349934682250023,,,,,,,,,
,1770720051.3521538,2923,942,,,,948.636318612,33.0,,5.262187480926514,0.08322206139564514,5.262187957763672,0.9175114631652832,,,,,
,1770720052.9434717,2923,943,,,,950.227690082,33.0,,,,,,0.07289499789476395,5.264829635620117,,,
4.848514199256897e-05,1770720054.5670907,2929,944,4.848514199256897e-05,0.0004848514199256897,0.0004848514199256897,951.851299955,,,,,,,,,,,
4.848514199256897e-05,1770720054.7263834,2929,945,4.848514199256897e-05,0.0004848514199256897,0.0004848514199256897,952.010483416,,,,,,,,,,,
,1770720054.8701358,2929,946,,,,952.154125702,34.0,0.06641282141208649,,,,,,,,,
4.8474523425102236e-05,1770720057.7610288,2939,947,4.8474523425102236e-05,0.00048474523425102236,0.00048474523425102236,955.045229453,,,,,,,,,,,
4.8474523425102236e-05,1770720057.9206748,2939,948,4.8474523425102236e-05,0.00048474523425102236,0.00048474523425102236,955.204737053,,,,,,,,,,,
,1770720058.0646656,2939,949,,,,955.348647542,34.0,0.06851603090763092,,,,,,,,,
4.8463870584964755e-05,1770720060.9565873,2949,950,4.8463870584964755e-05,0.0004846387058496475,0.0004846387058496475,958.240803102,,,,,,,,,,,
4.8463870584964755e-05,1770720061.1159794,2949,951,4.8463870584964755e-05,0.0004846387058496475,0.0004846387058496475,958.400047926,,,,,,,,,,,
,1770720061.2604256,2949,952,,,,958.544414722,34.0,0.052698735147714615,,,,,,,,,
4.845318049192429e-05,1770720064.149534,2959,953,4.845318049192429e-05,0.00048453180491924287,0.00048453180491924287,961.436075782,,,,,,,,,,,
4.845318049192429e-05,1770720064.3083603,2959,954,4.845318049192429e-05,0.00048453180491924287,0.00048453180491924287,961.595054915,,,,,,,,,,,
,1770720064.4524484,2959,955,,,,961.736504927,34.0,0.0787467211484909,,,,,,,,,
4.844245463609696e-05,1770720067.3432834,2969,956,4.844245463609696e-05,0.00048442454636096955,0.00048442454636096955,964.62748779,,,,,,,,,,,
4.844245463609696e-05,1770720067.502495,2969,957,4.844245463609696e-05,0.00048442454636096955,0.00048442454636096955,964.786577389,,,,,,,,,,,
,1770720067.6465573,2969,958,,,,964.930535309,34.0,0.06591615080833435,,,,,,,,,
4.843169301748276e-05,1770720070.537947,2979,959,4.843169301748276e-05,0.00048431693017482756,0.00048431693017482756,967.825115286,,,,,,,,,,,
4.843169301748276e-05,1770720070.6973295,2979,960,4.843169301748276e-05,0.00048431693017482756,0.00048431693017482756,967.984054338,,,,,,,,,,,
,1770720070.8414006,2979,961,,,,968.125461094,34.0,0.08191230893135071,,,,,,,,,
4.84208956360817e-05,1770720073.7311878,2989,962,4.84208956360817e-05,0.00048420895636081695,0.00048420895636081695,971.015388475,,,,,,,,,,,
4.84208956360817e-05,1770720073.8913562,2989,963,4.84208956360817e-05,0.00048420895636081695,0.00048420895636081695,971.175427504,,,,,,,,,,,
,1770720074.035885,2989,964,,,,971.319862903,34.0,0.036057598888874054,,,,,,,,,
4.841006249189377e-05,1770720076.9255028,2999,965,4.841006249189377e-05,0.00048410062491893767,0.00048410062491893767,974.209706513,,,,,,,,,,,
4.841006249189377e-05,1770720077.0851345,2999,966,4.841006249189377e-05,0.00048410062491893767,0.00048410062491893767,974.370105034,,,,,,,,,,,
,1770720077.2290723,2999,967,,,,974.513063718,34.0,0.060600392520427704,,,,,,,,,
4.839919358491898e-05,1770720080.1186743,3009,968,4.839919358491898e-05,0.0004839919358491898,0.0004839919358491898,977.402876536,,,,,,,,,,,
4.839919358491898e-05,1770720080.2673218,3009,969,4.839919358491898e-05,0.0004839919358491898,0.0004839919358491898,977.551339633,,,,,,,,,,,
,1770720080.3242786,3009,970,,,,977.608219122,34.0,0.06571504473686218,,,,,,,,,
,1770720082.0984018,3009,971,,,,979.382562326,34.0,,5.71494722366333,0.09328003227710724,5.71494722366333,0.9075020551681519,,,,,
,1770720082.0998425,3009,972,,,,979.38374616,34.0,,,,,,0.07241066545248032,5.299612998962402,,,
4.838828891515732e-05,1770720084.990089,3019,973,4.838828891515732e-05,0.0004838828891515732,0.0004838828891515732,982.274301369,,,,,,,,,,,
4.838828891515732e-05,1770720085.1491215,3019,974,4.838828891515732e-05,0.0004838828891515732,0.0004838828891515732,982.433178045,,,,,,,,,,,
,1770720085.2937956,3019,975,,,,982.577808337,35.0,0.04160984978079796,,,,,,,,,
4.83773484826088e-05,1770720088.1821222,3029,976,4.83773484826088e-05,0.00048377348482608797,0.00048377348482608797,985.466321364,,,,,,,,,,,
4.83773484826088e-05,1770720088.3414774,3029,977,4.83773484826088e-05,0.00048377348482608797,0.00048377348482608797,985.625527606,,,,,,,,,,,
,1770720088.4859369,3029,978,,,,985.769909794,35.0,0.08794412016868591,,,,,,,,,
4.836637228727341e-05,1770720091.3757443,3039,979,4.836637228727341e-05,0.00048366372287273406,0.00048366372287273406,988.659944048,,,,,,,,,,,
4.836637228727341e-05,1770720091.5350919,3039,980,4.836637228727341e-05,0.00048366372287273406,0.00048366372287273406,988.819144541,,,,,,,,,,,
,1770720091.6795738,3039,981,,,,988.963544986,35.0,0.05007017031311989,,,,,,,,,
4.8355360329151154e-05,1770720094.5693018,3049,982,4.8355360329151154e-05,0.00048355360329151154,0.00048355360329151154,991.856142096,,,,,,,,,,,
4.8355360329151154e-05,1770720094.7285867,3049,983,4.8355360329151154e-05,0.00048355360329151154,0.00048355360329151154,992.015158902,,,,,,,,,,,
,1770720094.8725893,3049,984,,,,992.156638046,35.0,0.045567937195301056,,,,,,,,,
4.834431260824204e-05,1770720097.7629962,3059,985,4.834431260824204e-05,0.00048344312608242034,0.00048344312608242034,995.047188967,,,,,,,,,,,
4.834431260824204e-05,1770720097.9225905,3059,986,4.834431260824204e-05,0.00048344312608242034,0.00048344312608242034,995.209139363,,,,,,,,,,,
,1770720098.0666506,3059,987,,,,995.350651736,35.0,0.11942771077156067,,,,,,,,,
4.833322912454605e-05,1770720100.956532,3069,988,4.833322912454605e-05,0.00048333229124546053,0.00048333229124546053,998.240736159,,,,,,,,,,,
4.833322912454605e-05,1770720101.116219,3069,989,4.833322912454605e-05,0.00048333229124546053,0.00048333229124546053,998.40028046,,,,,,,,,,,
,1770720101.2604988,3069,990,,,,998.544473912,35.0,0.07425098121166229,,,,,,,,,
4.832210987806321e-05,1770720104.1499188,3079,991,4.832210987806321e-05,0.00048322109878063204,0.00048322109878063204,1001.43412675,,,,,,,,,,,
4.832210987806321e-05,1770720104.3092818,3079,992,4.832210987806321e-05,0.00048322109878063204,0.00048322109878063204,1001.596161053,,,,,,,,,,,
,1770720104.4531028,3079,993,,,,1001.737127151,35.0,0.05956248939037323,,,,,,,,,
4.831095486879349e-05,1770720107.3438578,3089,994,4.831095486879349e-05,0.0004831095486879349,0.0004831095486879349,1004.628074944,,,,,,,,,,,
4.831095486879349e-05,1770720107.5032597,3089,995,4.831095486879349e-05,0.0004831095486879349,0.0004831095486879349,1004.790086672,,,,,,,,,,,
,1770720107.6477492,3089,996,,,,1004.931766868,35.0,0.11205051839351654,,,,,,,,,
,1770720110.90735,3095,997,,,,1008.19139257,35.0,,5.475215435028076,0.08905362337827682,5.47521448135376,0.9117100238800049,,,,,
,1770720110.9086812,3095,998,,,,1008.192615703,35.0,,,,,,0.07143668830394745,5.233609676361084,,,
4.829976409673691e-05,1770720111.8832521,3099,999,4.829976409673691e-05,0.00048299764096736906,0.00048299764096736906,1009.167460599,,,,,,,,,,,
4.829976409673691e-05,1770720112.0430768,3099,1000,4.829976409673691e-05,0.00048299764096736906,0.00048299764096736906,1009.330103748,,,,,,,,,,,
,1770720112.1876218,3099,1001,,,,1009.471596631,36.0,0.09723246842622757,,,,,,,,,
4.8288537561893466e-05,1770720115.077585,3109,1002,4.8288537561893466e-05,0.0004828853756189346,0.0004828853756189346,1012.3617935,,,,,,,,,,,
4.8288537561893466e-05,1770720115.2370713,3109,1003,4.8288537561893466e-05,0.0004828853756189346,0.0004828853756189346,1012.521128023,,,,,,,,,,,
,1770720115.381659,3109,1004,,,,1012.665639914,36.0,0.14672641456127167,,,,,,,,,
4.827727526426316e-05,1770720118.2744784,3119,1005,4.827727526426316e-05,0.00048277275264263156,0.00048277275264263156,1015.558691839,,,,,,,,,,,
4.827727526426316e-05,1770720118.4345493,3119,1006,4.827727526426316e-05,0.00048277275264263156,0.00048277275264263156,1015.71860866,,,,,,,,,,,
,1770720118.5786588,3119,1007,,,,1015.862633006,36.0,0.04963916540145874,,,,,,,,,
4.82659786939621e-05,1770720121.4704523,3129,1008,4.82659786939621e-05,0.00048265978693962097,0.00048265978693962097,1018.754653081,,,,,,,,,,,
4.82659786939621e-05,1770720121.6297872,3129,1009,4.82659786939621e-05,0.00048265978693962097,0.00048265978693962097,1018.913840883,,,,,,,,,,,
,1770720121.7737267,3129,1010,,,,1019.057722935,36.0,0.04054739326238632,,,,,,,,,
4.825464487075806e-05,1770720124.6644702,3139,1011,4.825464487075806e-05,0.00048254644870758057,0.00048254644870758057,1021.948639432,,,,,,,,,,,
4.825464487075806e-05,1770720124.8242314,3139,1012,4.825464487075806e-05,0.00048254644870758057,0.00048254644870758057,1022.108279916,,,,,,,,,,,
,1770720124.9684196,3139,1013,,,,1022.252394577,36.0,0.04143516346812248,,,,,,,,,
4.824327677488327e-05,1770720127.861053,3149,1014,4.824327677488327e-05,0.0004824327677488327,0.0004824327677488327,1025.145266716,,,,,,,,,,,
4.824327677488327e-05,1770720128.0205216,3149,1015,4.824327677488327e-05,0.0004824327677488327,0.0004824327677488327,1025.304569781,,,,,,,,,,,
,1770720128.1650083,3149,1016,,,,1025.448992036,36.0,0.060521844774484634,,,,,,,,,
4.823187291622162e-05,1770720131.0549045,3159,1017,4.823187291622162e-05,0.0004823187291622162,0.0004823187291622162,1028.339127346,,,,,,,,,,,
4.823187291622162e-05,1770720131.2140152,3159,1018,4.823187291622162e-05,0.0004823187291622162,0.0004823187291622162,1028.501102807,,,,,,,,,,,
,1770720131.3580391,3159,1019,,,,1028.642072079,36.0,0.042538389563560486,,,,,,,,,
4.8220433294773104e-05,1770720134.2491083,3169,1020,4.8220433294773104e-05,0.00048220433294773104,0.00048220433294773104,1031.533299749,,,,,,,,,,,
4.8220433294773104e-05,1770720134.4081254,3169,1021,4.8220433294773104e-05,0.00048220433294773104,0.00048220433294773104,1031.692183211,,,,,,,,,,,
,1770720134.5525599,3169,1022,,,,1031.836535711,36.0,0.0793006494641304,,,,,,,,,
4.820895791053772e-05,1770720137.4428098,3179,1023,4.820895791053772e-05,0.0004820895791053772,0.0004820895791053772,1034.727015278,,,,,,,,,,,
4.820895791053772e-05,1770720137.6027124,3179,1024,4.820895791053772e-05,0.0004820895791053772,0.0004820895791053772,1034.886765406,,,,,,,,,,,
,1770720137.7474916,3179,1025,,,,1035.031468563,36.0,0.04944601655006409,,,,,,,,,
,1770720139.7310977,3181,1026,,,,1037.015332504,36.0,,5.2462382316589355,0.08472518622875214,5.246237754821777,0.9159967303276062,,,,,
,1770720141.2672374,3181,1027,,,,1038.551490065,36.0,,,,,,0.06678763031959534,5.099203109741211,,,
4.819744676351548e-05,1770720143.5296614,3189,1028,4.819744676351548e-05,0.00048197446763515475,0.00048197446763515475,1040.816100227,,,,,,,,,,,
4.819744676351548e-05,1770720143.6889055,3189,1029,4.819744676351548e-05,0.00048197446763515475,0.00048197446763515475,1040.97605307,,,,,,,,,,,
,1770720143.8327794,3189,1030,,,,1041.116861068,37.0,0.04539899900555611,,,,,,,,,
4.818589985370636e-05,1770720146.7215805,3199,1031,4.818589985370636e-05,0.00048185899853706363,0.00048185899853706363,1044.008073144,,,,,,,,,,,
4.818589985370636e-05,1770720146.8809915,3199,1032,4.818589985370636e-05,0.00048185899853706363,0.00048185899853706363,1044.168052256,,,,,,,,,,,
,1770720147.0249004,3199,1033,,,,1044.308958102,37.0,0.14496475458145142,,,,,,,,,
4.81743186712265e-05,1770720149.9160335,3209,1034,4.81743186712265e-05,0.00048174318671226503,0.00048174318671226503,1047.203091374,,,,,,,,,,,
4.81743186712265e-05,1770720150.0757465,3209,1035,4.81743186712265e-05,0.00048174318671226503,0.00048174318671226503,1047.362062467,,,,,,,,,,,
,1770720150.2203221,3209,1036,,,,1047.50438723,37.0,0.054813534021377563,,,,,,,,,
4.816270172595978e-05,1770720153.1088305,3219,1037,4.816270172595978e-05,0.00048162701725959776,0.00048162701725959776,1050.396076494,,,,,,,,,,,
4.816270172595978e-05,1770720153.2679286,3219,1038,4.816270172595978e-05,0.00048162701725959776,0.00048162701725959776,1050.555056831,,,,,,,,,,,
,1770720153.412291,3219,1039,,,,1050.696348427,37.0,0.08882494270801544,,,,,,,,,
4.815104901790619e-05,1770720156.3035722,3229,1040,4.815104901790619e-05,0.0004815104901790619,0.0004815104901790619,1053.58778091,,,,,,,,,,,
4.815104901790619e-05,1770720156.4628408,3229,1041,4.815104901790619e-05,0.0004815104901790619,0.0004815104901790619,1053.746897932,,,,,,,,,,,
,1770720156.6072507,3229,1042,,,,1053.891232021,37.0,0.0664597600698471,,,,,,,,,
4.813936203718186e-05,1770720159.4963412,3239,1043,4.813936203718186e-05,0.0004813936203718186,0.0004813936203718186,1056.780526578,,,,,,,,,,,
4.813936203718186e-05,1770720159.6560922,3239,1044,4.813936203718186e-05,0.0004813936203718186,0.0004813936203718186,1056.940147389,,,,,,,,,,,
,1770720159.8003364,3239,1045,,,,1057.084347516,37.0,0.08297576010227203,,,,,,,,,
4.812763780355454e-05,1770720162.6898422,3249,1046,4.812763780355454e-05,0.00048127637803554535,0.00048127637803554535,1059.974053217,,,,,,,,,,,
4.812763780355454e-05,1770720162.8493671,3249,1047,4.812763780355454e-05,0.00048127637803554535,0.00048127637803554535,1060.136114675,,,,,,,,,,,
,1770720162.995024,3249,1048,,,,1060.279053982,37.0,0.060368288308382034,,,,,,,,,
4.811587929725647e-05,1770720165.8841844,3259,1049,4.811587929725647e-05,0.0004811587929725647,0.0004811587929725647,1063.168371082,,,,,,,,,,,
4.811587929725647e-05,1770720166.0438612,3259,1050,4.811587929725647e-05,0.0004811587929725647,0.0004811587929725647,1063.331075779,,,,,,,,,,,
,1770720166.1879215,3259,1051,,,,1063.471930896,37.0,0.039576899260282516,,,,,,,,,
,1770720170.084599,3267,1052,,,,1067.368861335,37.0,,5.6306304931640625,0.089161217212677,5.6306304931640625,0.9115965962409973,,,,,
,1770720170.0863268,3267,1053,,,,1067.37025868,37.0,,,,,,0.068287193775177,5.0756516456604,,,
4.810408502817154e-05,1770720170.4231546,3269,1054,4.810408502817154e-05,0.0004810408502817154,0.0004810408502817154,1067.707267398,,,,,,,,,,,
4.810408502817154e-05,1770720170.5827644,3269,1055,4.810408502817154e-05,0.0004810408502817154,0.0004810408502817154,1067.866811854,,,,,,,,,,,
,1770720170.7283297,3269,1056,,,,1068.01227949,38.0,0.11030898988246918,,,,,,,,,
4.8092254996299744e-05,1770720173.6169603,3279,1057,4.8092254996299744e-05,0.00048092254996299745,0.00048092254996299745,1070.901245358,,,,,,,,,,,
4.8092254996299744e-05,1770720173.7766297,3279,1058,4.8092254996299744e-05,0.00048092254996299745,0.00048092254996299745,1071.063099332,,,,,,,,,,,
,1770720173.9205573,3279,1059,,,,1071.204566982,38.0,0.09274141490459442,,,,,,,,,
4.8080390691757206e-05,1770720176.8103733,3289,1060,4.8080390691757206e-05,0.00048080390691757204,0.00048080390691757204,1074.094582175,,,,,,,,,,,
4.8080390691757206e-05,1770720176.9702165,3289,1061,4.8080390691757206e-05,0.00048080390691757204,0.00048080390691757204,1074.254280722,,,,,,,,,,,
,1770720177.1139903,3289,1062,,,,1074.397981946,38.0,0.0543123222887516,,,,,,,,,
4.80684906244278e-05,1770720180.0041823,3299,1063,4.80684906244278e-05,0.00048068490624427797,0.00048068490624427797,1077.28839874,,,,,,,,,,,
4.80684906244278e-05,1770720180.1634777,3299,1064,4.80684906244278e-05,0.00048068490624427797,0.00048068490624427797,1077.447536902,,,,,,,,,,,
,1770720180.307987,3299,1065,,,,1077.591972913,38.0,0.12620264291763306,,,,,,,,,
4.805655479431153e-05,1770720183.2000387,3309,1066,4.805655479431153e-05,0.00048056554794311527,0.00048056554794311527,1080.487090394,,,,,,,,,,,
4.805655479431153e-05,1770720183.3590825,3309,1067,4.805655479431153e-05,0.00048056554794311527,0.00048056554794311527,1080.646053712,,,,,,,,,,,
,1770720183.5031292,3309,1068,,,,1080.787177633,38.0,0.058069586753845215,,,,,,,,,
4.804458469152451e-05,1770720186.3938282,3319,1069,4.804458469152451e-05,0.00048044584691524505,0.00048044584691524505,1083.681070203,,,,,,,,,,,
4.804458469152451e-05,1770720186.5534925,3319,1070,4.804458469152451e-05,0.00048044584691524505,0.00048044584691524505,1083.84005918,,,,,,,,,,,
,1770720186.6978416,3319,1071,,,,1083.981894943,38.0,0.051952384412288666,,,,,,,,,
4.803257882595063e-05,1770720189.5838134,3329,1072,4.803257882595063e-05,0.00048032578825950626,0.00048032578825950626,1086.868008307,,,,,,,,,,,
4.803257882595063e-05,1770720189.7428586,3329,1073,4.803257882595063e-05,0.00048032578825950626,0.00048032578825950626,1087.026900528,,,,,,,,,,,
,1770720189.886873,3329,1074,,,,1087.170843896,38.0,0.07008709013462067,,,,,,,,,
4.8020537197589876e-05,1770720192.7712717,3339,1075,4.8020537197589876e-05,0.00048020537197589875,0.00048020537197589875,1090.055469313,,,,,,,,,,,
4.8020537197589876e-05,1770720192.9302008,3339,1076,4.8020537197589876e-05,0.00048020537197589875,0.00048020537197589875,1090.214249535,,,,,,,,,,,
,1770720193.0741496,3339,1077,,,,1090.358135947,38.0,0.08993669599294662,,,,,,,,,
4.8008461296558384e-05,1770720195.9602568,3349,1078,4.8008461296558384e-05,0.0004800846129655838,0.0004800846129655838,1093.244453549,,,,,,,,,,,
4.8008461296558384e-05,1770720196.1193702,3349,1079,4.8008461296558384e-05,0.0004800846129655838,0.0004800846129655838,1093.403411478,,,,,,,,,,,
,1770720196.26352,3349,1080,,,,1093.547491532,38.0,0.0669001117348671,,,,,,,,,
,1770720198.8810441,3353,1081,,,,1096.16530779,38.0,,5.461977481842041,0.09078114479780197,5.461976528167725,0.9099869728088379,,,,,
,1770720198.8827574,3353,1082,,,,1096.166686757,38.0,,,,,,0.06758265197277069,5.074544906616211,,,
4.799634963274002e-05,1770720200.4959588,3359,1083,4.799634963274002e-05,0.0004799634963274002,0.0004799634963274002,1097.78015864,,,,,,,,,,,
4.799634963274002e-05,1770720200.6553793,3359,1084,4.799634963274002e-05,0.0004799634963274002,0.0004799634963274002,1097.93942263,,,,,,,,,,,
,1770720200.7993805,3359,1085,,,,1098.083402042,39.0,0.03706870228052139,,,,,,,,,
4.79842022061348e-05,1770720203.6849332,3369,1086,4.79842022061348e-05,0.000479842022061348,0.000479842022061348,1100.969138746,,,,,,,,,,,
4.79842022061348e-05,1770720203.8439658,3369,1087,4.79842022061348e-05,0.000479842022061348,0.000479842022061348,1101.128009263,,,,,,,,,,,
,1770720203.9881217,3369,1088,,,,1101.272162526,39.0,0.05288722366094589,,,,,,,,,
4.7972020506858826e-05,1770720206.8756251,3379,1089,4.7972020506858826e-05,0.00047972020506858824,0.00047972020506858824,1104.15982048,,,,,,,,,,,
4.7972020506858826e-05,1770720207.0347588,3379,1090,4.7972020506858826e-05,0.00047972020506858824,0.00047972020506858824,1104.318809474,,,,,,,,,,,
,1770720207.1790085,3379,1091,,,,1104.462980734,39.0,0.038754526525735855,,,,,,,,,
4.795980304479599e-05,1770720210.0639372,3389,1092,4.795980304479599e-05,0.00047959803044795993,0.00047959803044795993,1107.348144966,,,,,,,,,,,
4.795980304479599e-05,1770720210.2235656,3389,1093,4.795980304479599e-05,0.00047959803044795993,0.00047959803044795993,1107.50761189,,,,,,,,,,,
,1770720210.367768,3389,1094,,,,1107.651739915,39.0,0.04632120579481125,,,,,,,,,
4.794755131006241e-05,1770720213.2554233,3399,1095,4.794755131006241e-05,0.0004794755131006241,0.0004794755131006241,1110.539608806,,,,,,,,,,,
4.794755131006241e-05,1770720213.4145977,3399,1096,4.794755131006241e-05,0.0004794755131006241,0.0004794755131006241,1110.698642097,,,,,,,,,,,
,1770720213.5583959,3399,1097,,,,1110.842372122,39.0,0.04896886274218559,,,,,,,,,
4.793526381254196e-05,1770720216.4442558,3409,1098,4.793526381254196e-05,0.00047935263812541964,0.00047935263812541964,1113.72847651,,,,,,,,,,,
4.793526381254196e-05,1770720216.6032798,3409,1099,4.793526381254196e-05,0.00047935263812541964,0.00047935263812541964,1113.887333805,,,,,,,,,,,
,1770720216.7473385,3409,1100,,,,1114.031321758,39.0,0.08222181349992752,,,,,,,,,
4.792294204235077e-05,1770720219.6343591,3419,1101,4.792294204235077e-05,0.0004792294204235077,0.0004792294204235077,1116.918536734,,,,,,,,,,,
4.792294204235077e-05,1770720219.793607,3419,1102,4.792294204235077e-05,0.0004792294204235077,0.0004792294204235077,1117.077658798,,,,,,,,,,,
,1770720219.9381456,3419,1103,,,,1117.222126965,39.0,0.06283959746360779,,,,,,,,,
4.7910584509372714e-05,1770720222.8262517,3429,1104,4.7910584509372714e-05,0.0004791058450937271,0.0004791058450937271,1120.113119607,,,,,,,,,,,
4.7910584509372714e-05,1770720222.985035,3429,1105,4.7910584509372714e-05,0.0004791058450937271,0.0004791058450937271,1120.272060207,,,,,,,,,,,
,1770720223.1292398,3429,1106,,,,1120.413301392,39.0,0.04739396274089813,,,,,,,,,
4.789819270372391e-05,1770720226.0176353,3439,1107,4.789819270372391e-05,0.0004789819270372391,0.0004789819270372391,1123.301833812,,,,,,,,,,,
4.789819270372391e-05,1770720226.1665835,3439,1108,4.789819270372391e-05,0.0004789819270372391,0.0004789819270372391,1123.450582797,,,,,,,,,,,
,1770720226.2234888,3439,1109,,,,1123.50743434,39.0,0.08256014436483383,,,,,,,,,
,1770720227.664757,3439,1110,,,,1124.948954586,39.0,,5.7020368576049805,0.0955156683921814,5.702036380767822,0.9052923917770386,,,,,
,1770720227.666421,3439,1111,,,,1124.950351811,39.0,,,,,,0.06719595193862915,5.106069087982178,,,
4.7885765135288244e-05,1770720230.5545142,3449,1112,4.7885765135288244e-05,0.0004788576513528824,0.0004788576513528824,1127.838716131,,,,,,,,,,,
4.7885765135288244e-05,1770720230.7145069,3449,1113,4.7885765135288244e-05,0.0004788576513528824,0.0004788576513528824,1127.99859227,,,,,,,,,,,
,1770720230.8588912,3449,1114,,,,1128.142955017,40.0,0.04307585209608078,,,,,,,,,
4.787330180406571e-05,1770720233.7454371,3459,1115,4.787330180406571e-05,0.00047873301804065703,0.00047873301804065703,1131.029650687,,,,,,,,,,,
4.787330180406571e-05,1770720233.9047332,3459,1116,4.787330180406571e-05,0.00047873301804065703,0.00047873301804065703,1131.188788534,,,,,,,,,,,
,1770720234.0494244,3459,1117,,,,1131.333394307,40.0,0.06928184628486633,,,,,,,,,
4.7860804200172424e-05,1770720236.9377453,3469,1118,4.7860804200172424e-05,0.00047860804200172425,0.00047860804200172425,1134.221937335,,,,,,,,,,,
4.7860804200172424e-05,1770720237.0974133,3469,1119,4.7860804200172424e-05,0.00047860804200172425,0.00047860804200172425,1134.38145908,,,,,,,,,,,
,1770720237.2416823,3469,1120,,,,1134.52565845,40.0,0.0695376917719841,,,,,,,,,
4.78482723236084e-05,1770720240.127649,3479,1121,4.78482723236084e-05,0.000478482723236084,0.000478482723236084,1137.41182958,,,,,,,,,,,
4.78482723236084e-05,1770720240.2871861,3479,1122,4.78482723236084e-05,0.000478482723236084,0.000478482723236084,1137.571231324,,,,,,,,,,,
,1770720240.4314876,3479,1123,,,,1137.715450654,40.0,0.07051794230937958,,,,,,,,,
4.783570468425751e-05,1770720243.3183787,3489,1124,4.783570468425751e-05,0.00047835704684257507,0.00047835704684257507,1140.605080309,,,,,,,,,,,
4.783570468425751e-05,1770720243.4773092,3489,1125,4.783570468425751e-05,0.00047835704684257507,0.00047835704684257507,1140.76405559,,,,,,,,,,,
,1770720243.6212897,3489,1126,,,,1140.90533459,40.0,0.048887573182582855,,,,,,,,,
4.782310277223587e-05,1770720246.5076969,3499,1127,4.782310277223587e-05,0.0004782310277223587,0.0004782310277223587,1143.791901757,,,,,,,,,,,
4.782310277223587e-05,1770720246.667084,3499,1128,4.782310277223587e-05,0.0004782310277223587,0.0004782310277223587,1143.95113145,,,,,,,,,,,
,1770720246.8108728,3499,1129,,,,1144.094859149,40.0,0.043070338666439056,,,,,,,,,
4.781046509742737e-05,1770720249.6978302,3509,1130,4.781046509742737e-05,0.0004781046509742737,0.0004781046509742737,1146.985093806,,,,,,,,,,,
4.781046509742737e-05,1770720249.8570955,3509,1131,4.781046509742737e-05,0.0004781046509742737,0.0004781046509742737,1147.144070819,,,,,,,,,,,
,1770720250.0010457,3509,1132,,,,1147.28511196,40.0,0.09133541584014893,,,,,,,,,
4.779779314994812e-05,1770720252.8885067,3519,1133,4.779779314994812e-05,0.0004779779314994812,0.0004779779314994812,1150.172721206,,,,,,,,,,,
4.779779314994812e-05,1770720253.047717,3519,1134,4.779779314994812e-05,0.0004779779314994812,0.0004779779314994812,1150.331757017,,,,,,,,,,,
,1770720253.1917963,3519,1135,,,,1150.475770917,40.0,0.04479067772626877,,,,,,,,,
,1770720256.4515135,3525,1136,,,,1153.735691306,40.0,,5.352356910705566,0.08326825499534607,5.352356910705566,0.9174454808235168,,,,,
,1770720256.4529572,3525,1137,,,,1153.736936102,40.0,,,,,,0.0691397562623024,5.135459899902344,,,
4.7785085439682006e-05,1770720257.4273255,3529,1138,4.7785085439682006e-05,0.0004778508543968201,0.0004778508543968201,1154.711515338,,,,,,,,,,,
4.7785085439682006e-05,1770720257.5862687,3529,1139,4.7785085439682006e-05,0.0004778508543968201,0.0004778508543968201,1154.870313961,,,,,,,,,,,
,1770720257.7302125,3529,1140,,,,1155.014186738,41.0,0.061299532651901245,,,,,,,,,
4.777234345674515e-05,1770720260.6177533,3539,1141,4.777234345674515e-05,0.00047772343456745146,0.00047772343456745146,1157.901946579,,,,,,,,,,,
4.777234345674515e-05,1770720260.7772584,3539,1142,4.777234345674515e-05,0.00047772343456745146,0.00047772343456745146,1158.061330584,,,,,,,,,,,
,1770720260.9215527,3539,1143,,,,1158.205522981,41.0,0.04106806591153145,,,,,,,,,
4.775956720113755e-05,1770720263.8050728,3549,1144,4.775956720113755e-05,0.00047759567201137546,0.00047759567201137546,1161.092151432,,,,,,,,,,,
4.775956720113755e-05,1770720263.9644248,3549,1145,4.775956720113755e-05,0.00047759567201137546,0.00047759567201137546,1161.251093462,,,,,,,,,,,
,1770720264.108983,3549,1146,,,,1161.392979554,41.0,0.06452164053916931,,,,,,,,,
4.7746755182743074e-05,1770720266.9969413,3559,1147,4.7746755182743074e-05,0.00047746755182743073,0.00047746755182743073,1164.281148682,,,,,,,,,,,
4.7746755182743074e-05,1770720267.156038,3559,1148,4.7746755182743074e-05,0.00047746755182743073,0.00047746755182743073,1164.440092172,,,,,,,,,,,
,1770720267.2999284,3559,1149,,,,1164.583923976,41.0,0.057097528129816055,,,,,,,,,
4.773390889167786e-05,1770720270.184951,3569,1150,4.773390889167786e-05,0.0004773390889167786,0.0004773390889167786,1167.469147781,,,,,,,,,,,
4.773390889167786e-05,1770720270.3440115,3569,1151,4.773390889167786e-05,0.0004773390889167786,0.0004773390889167786,1167.628075208,,,,,,,,,,,
,1770720270.488668,3569,1152,,,,1167.772639365,41.0,0.07586111128330231,,,,,,,,,
4.77210283279419e-05,1770720273.373947,3579,1153,4.77210283279419e-05,0.00047721028327941896,0.00047721028327941896,1170.65812588,,,,,,,,,,,
4.77210283279419e-05,1770720273.5330389,3579,1154,4.77210283279419e-05,0.00047721028327941896,0.00047721028327941896,1170.820087768,,,,,,,,,,,
,1770720273.676996,3579,1155,,,,1170.961005571,41.0,0.045328497886657715,,,,,,,,,
4.770811200141907e-05,1770720276.564459,3589,1156,4.770811200141907e-05,0.00047708112001419066,0.00047708112001419066,1173.848656553,,,,,,,,,,,
4.770811200141907e-05,1770720276.7239254,3589,1157,4.770811200141907e-05,0.00047708112001419066,0.00047708112001419066,1174.007970371,,,,,,,,,,,
,1770720276.8684888,3589,1158,,,,1174.152467366,41.0,0.04617971181869507,,,,,,,,,
4.76951614022255e-05,1770720279.7572029,3599,1159,4.76951614022255e-05,0.00047695161402225495,0.00047695161402225495,1177.041412182,,,,,,,,,,,
4.76951614022255e-05,1770720279.916647,3599,1160,4.76951614022255e-05,0.00047695161402225495,0.00047695161402225495,1177.200695514,,,,,,,,,,,
,1770720280.060492,3599,1161,,,,1177.344468628,41.0,0.03716988489031792,,,,,,,,,
4.768217653036118e-05,1770720282.9490328,3609,1162,4.768217653036118e-05,0.00047682176530361176,0.00047682176530361176,1180.233215541,,,,,,,,,,,
4.768217653036118e-05,1770720283.108328,3609,1163,4.768217653036118e-05,0.00047682176530361176,0.00047682176530361176,1180.395129766,,,,,,,,,,,
,1770720283.252306,3609,1164,,,,1180.536303394,41.0,0.06499969959259033,,,,,,,,,
,1770720285.2333183,3611,1165,,,,1182.517566604,41.0,,5.6308088302612305,0.09693241119384766,5.6308088302612305,0.9038770198822021,,,,,
,1770720285.23501,3611,1166,,,,1182.518922427,41.0,,,,,,0.07238321751356125,5.2844719886779785,,,
4.766915589570999e-05,1770720287.483884,3619,1167,4.766915589570999e-05,0.0004766915589570999,0.0004766915589570999,1184.768098444,,,,,,,,,,,
4.766915589570999e-05,1770720287.642986,3619,1168,4.766915589570999e-05,0.0004766915589570999,0.0004766915589570999,1184.930117938,,,,,,,,,,,
,1770720287.7871466,3619,1169,,,,1185.071164604,42.0,0.05034467577934265,,,,,,,,,
4.765610098838806e-05,1770720290.6768005,3629,1170,4.765610098838806e-05,0.0004765610098838806,0.0004765610098838806,1187.960962738,,,,,,,,,,,
4.765610098838806e-05,1770720290.8360195,3629,1171,4.765610098838806e-05,0.0004765610098838806,0.0004765610098838806,1188.120104926,,,,,,,,,,,
,1770720290.9799426,3629,1172,,,,1188.263933363,42.0,0.06676621735095978,,,,,,,,,
4.7643011808395385e-05,1770720293.8665154,3639,1173,4.7643011808395385e-05,0.0004764301180839539,0.0004764301180839539,1191.150715568,,,,,,,,,,,
4.7643011808395385e-05,1770720294.0256188,3639,1174,4.7643011808395385e-05,0.0004764301180839539,0.0004764301180839539,1191.309660459,,,,,,,,,,,
,1770720294.1698372,3639,1175,,,,1191.45380997,42.0,0.037385184317827225,,,,,,,,,
4.762988835573197e-05,1770720297.057408,3649,1176,4.762988835573197e-05,0.00047629888355731965,0.00047629888355731965,1194.341612116,,,,,,,,,,,
4.762988835573197e-05,1770720297.2163773,3649,1177,4.762988835573197e-05,0.00047629888355731965,0.00047629888355731965,1194.500418899,,,,,,,,,,,
,1770720297.3605754,3649,1178,,,,1194.644552164,42.0,0.08749662339687347,,,,,,,,,
4.761672914028168e-05,1770720300.2482646,3659,1179,4.761672914028168e-05,0.0004761672914028168,0.0004761672914028168,1197.53245654,,,,,,,,,,,
4.761672914028168e-05,1770720300.4074907,3659,1180,4.761672914028168e-05,0.0004761672914028168,0.0004761672914028168,1197.691527109,,,,,,,,,,,
,1770720300.5517097,3659,1181,,,,1197.835679674,42.0,0.047458499670028687,,,,,,,,,
4.7603535652160646e-05,1770720303.438707,3669,1182,4.7603535652160646e-05,0.00047603535652160643,0.00047603535652160643,1200.722915638,,,,,,,,,,,
4.7603535652160646e-05,1770720303.598516,3669,1183,4.7603535652160646e-05,0.00047603535652160643,0.00047603535652160643,1200.882557307,,,,,,,,,,,
,1770720303.7431161,3669,1184,,,,1201.027086018,42.0,0.08736985921859741,,,,,,,,,
4.759030789136887e-05,1770720306.629462,3679,1185,4.759030789136887e-05,0.0004759030789136887,0.0004759030789136887,1203.913659078,,,,,,,,,,,
4.759030789136887e-05,1770720306.7891307,3679,1186,4.759030789136887e-05,0.0004759030789136887,0.0004759030789136887,1204.07318965,,,,,,,,,,,
,1770720306.9332342,3679,1187,,,,1204.217210826,42.0,0.04673439636826515,,,,,,,,,
4.757704585790634e-05,1770720309.820248,3689,1188,4.757704585790634e-05,0.00047577045857906343,0.00047577045857906343,1207.104441332,,,,,,,,,,,
4.757704585790634e-05,1770720309.979961,3689,1189,4.757704585790634e-05,0.00047577045857906343,0.00047577045857906343,1207.267103091,,,,,,,,,,,
,1770720310.1239944,3689,1190,,,,1207.407962423,42.0,0.051848895847797394,,,,,,,,,
,1770720314.0186777,3697,1191,,,,1211.302863523,42.0,,5.633566379547119,0.09525610506534576,5.633565902709961,0.9055337905883789,,,,,
,1770720314.0203145,3697,1192,,,,1211.30424207,42.0,,,,,,0.06529852747917175,5.056427478790283,,,
4.7563748061656956e-05,1770720314.356949,3699,1193,4.7563748061656956e-05,0.00047563748061656955,0.00047563748061656955,1211.641052142,,,,,,,,,,,
4.7563748061656956e-05,1770720314.5161889,3699,1194,4.7563748061656956e-05,0.00047563748061656955,0.00047563748061656955,1211.803126385,,,,,,,,,,,
,1770720314.6606836,3699,1195,,,,1211.944683128,43.0,0.04755716770887375,,,,,,,,,
4.755041748285294e-05,1770720317.5468285,3709,1196,4.755041748285294e-05,0.0004755041748285294,0.0004755041748285294,1214.831045013,,,,,,,,,,,
4.755041748285294e-05,1770720317.7066317,3709,1197,4.755041748285294e-05,0.0004755041748285294,0.0004755041748285294,1214.993095881,,,,,,,,,,,
,1770720317.85083,3709,1198,,,,1215.134841528,43.0,0.043528757989406586,,,,,,,,,
4.753705114126206e-05,1770720320.7380288,3719,1199,4.753705114126206e-05,0.00047537051141262056,0.00047537051141262056,1218.022037674,,,,,,,,,,,
4.753705114126206e-05,1770720320.8976448,3719,1200,4.753705114126206e-05,0.00047537051141262056,0.00047537051141262056,1218.181661195,,,,,,,,,,,
,1770720321.041812,3719,1201,,,,1218.325776432,43.0,0.03583040088415146,,,,,,,,,
4.752365052700043e-05,1770720323.927405,3729,1202,4.752365052700043e-05,0.0004752365052700043,0.0004752365052700043,1221.21413233,,,,,,,,,,,
4.752365052700043e-05,1770720324.0864713,3729,1203,4.752365052700043e-05,0.0004752365052700043,0.0004752365052700043,1221.373055926,,,,,,,,,,,
,1770720324.230423,3729,1204,,,,1221.51447464,43.0,0.07492409646511078,,,,,,,,,
4.7510215640068055e-05,1770720327.118316,3739,1205,4.7510215640068055e-05,0.0004751021564006805,0.0004751021564006805,1224.402519625,,,,,,,,,,,
4.7510215640068055e-05,1770720327.277516,3739,1206,4.7510215640068055e-05,0.0004751021564006805,0.0004751021564006805,1224.561560678,,,,,,,,,,,
,1770720327.4220643,3739,1207,,,,1224.706047895,43.0,0.03931340575218201,,,,,,,,,
4.749674648046494e-05,1770720330.3078792,3749,1208,4.749674648046494e-05,0.0004749674648046494,0.0004749674648046494,1227.592088085,,,,,,,,,,,
4.749674648046494e-05,1770720330.4672046,3749,1209,4.749674648046494e-05,0.0004749674648046494,0.0004749674648046494,1227.754116688,,,,,,,,,,,
,1770720330.611326,3749,1210,,,,1227.895323572,43.0,0.06765320152044296,,,,,,,,,
4.7483243048191076e-05,1770720333.4991612,3759,1211,4.7483243048191076e-05,0.0004748324304819107,0.0004748324304819107,1230.786077859,,,,,,,,,,,
4.7483243048191076e-05,1770720333.6580894,3759,1212,4.7483243048191076e-05,0.0004748324304819107,0.0004748324304819107,1230.945061805,,,,,,,,,,,
,1770720333.8020325,3759,1213,,,,1231.08608961,43.0,0.05668678879737854,,,,,,,,,
4.746970385313034e-05,1770720336.68888,3769,1214,4.746970385313034e-05,0.0004746970385313034,0.0004746970385313034,1233.976085168,,,,,,,,,,,
4.746970385313034e-05,1770720336.8479645,3769,1215,4.746970385313034e-05,0.0004746970385313034,0.0004746970385313034,1234.135056285,,,,,,,,,,,
,1770720336.9925404,3769,1216,,,,1234.276583121,43.0,0.10286568105220795,,,,,,,,,
4.7456131875514985e-05,1770720339.8797438,3779,1217,4.7456131875514985e-05,0.00047456131875514985,0.00047456131875514985,1237.16394695,,,,,,,,,,,
4.7456131875514985e-05,1770720340.0390444,3779,1218,4.7456131875514985e-05,0.00047456131875514985,0.00047456131875514985,1237.323104647,,,,,,,,,,,
,1770720340.1835232,3779,1219,,,,1237.467505232,43.0,0.0650361180305481,,,,,,,,,
,1770720342.8302684,3783,1220,,,,1240.114441113,43.0,,5.312900066375732,0.08207905292510986,5.312900066375732,0.9186151623725891,,,,,
,1770720342.8318753,3783,1221,,,,1240.115785959,43.0,,,,,,0.06460898369550705,4.97477388381958,,,
4.7442525625228886e-05,1770720344.442289,3789,1222,4.7442525625228886e-05,0.0004744252562522888,0.0004744252562522888,1241.726458336,,,,,,,,,,,
4.7442525625228886e-05,1770720344.6015992,3789,1223,4.7442525625228886e-05,0.0004744252562522888,0.0004744252562522888,1241.885621892,,,,,,,,,,,
,1770720344.745622,3789,1224,,,,1242.029587261,44.0,0.04868265613913536,,,,,,,,,
4.742888361215592e-05,1770720347.632725,3799,1225,4.742888361215592e-05,0.00047428883612155915,0.00047428883612155915,1244.916913692,,,,,,,,,,,
4.742888361215592e-05,1770720347.7924438,3799,1226,4.742888361215592e-05,0.00047428883612155915,0.00047428883612155915,1245.079081774,,,,,,,,,,,
,1770720347.9365613,3799,1227,,,,1245.220565734,44.0,0.04490472748875618,,,,,,,,,
4.7415208816528324e-05,1770720350.8243275,3809,1228,4.7415208816528324e-05,0.0004741520881652832,0.0004741520881652832,1248.10840994,,,,,,,,,,,
4.7415208816528324e-05,1770720350.9833002,3809,1229,4.7415208816528324e-05,0.0004741520881652832,0.0004741520881652832,1248.267336959,,,,,,,,,,,
,1770720351.1273825,3809,1230,,,,1248.411355447,44.0,0.06717445701360703,,,,,,,,,
4.740149825811386e-05,1770720354.0138264,3819,1231,4.740149825811386e-05,0.0004740149825811386,0.0004740149825811386,1251.298024818,,,,,,,,,,,
4.740149825811386e-05,1770720354.1728694,3819,1232,4.740149825811386e-05,0.0004740149825811386,0.0004740149825811386,1251.456912087,,,,,,,,,,,
,1770720354.317036,3819,1233,,,,1251.601010996,44.0,0.07228872179985046,,,,,,,,,
4.738775491714478e-05,1770720357.204084,3829,1234,4.738775491714478e-05,0.0004738775491714478,0.0004738775491714478,1254.488293886,,,,,,,,,,,
4.738775491714478e-05,1770720357.3637187,3829,1235,4.738775491714478e-05,0.0004738775491714478,0.0004738775491714478,1254.647765134,,,,,,,,,,,
,1770720357.5079525,3829,1236,,,,1254.791923784,44.0,0.04841707646846771,,,,,,,,,
4.7373977303504944e-05,1770720360.394193,3839,1237,4.7373977303504944e-05,0.0004737397730350494,0.0004737397730350494,1257.678388837,,,,,,,,,,,
4.7373977303504944e-05,1770720360.5537336,3839,1238,4.7373977303504944e-05,0.0004737397730350494,0.0004737397730350494,1257.837777711,,,,,,,,,,,
,1770720360.6975713,3839,1239,,,,1257.981554554,44.0,0.05671185255050659,,,,,,,,,
4.736016392707825e-05,1770720363.585473,3849,1240,4.736016392707825e-05,0.0004736016392707825,0.0004736016392707825,1260.869668817,,,,,,,,,,,
4.736016392707825e-05,1770720363.7447941,3849,1241,4.736016392707825e-05,0.0004736016392707825,0.0004736016392707825,1261.028843958,,,,,,,,,,,
,1770720363.8893757,3849,1242,,,,1261.173349119,44.0,0.08448559790849686,,,,,,,,,
4.734631776809693e-05,1770720366.7756128,3859,1243,4.734631776809693e-05,0.00047346317768096925,0.00047346317768096925,1264.05979954,,,,,,,,,,,
4.734631776809693e-05,1770720366.9347115,3859,1244,4.734631776809693e-05,0.00047346317768096925,0.00047346317768096925,1264.218756072,,,,,,,,,,,
,1770720367.079204,3859,1245,,,,1264.363188513,44.0,0.03861667215824127,,,,,,,,,
4.7332435846328734e-05,1770720369.9659805,3869,1246,4.7332435846328734e-05,0.0004733243584632874,0.0004733243584632874,1267.250165793,,,,,,,,,,,
4.7332435846328734e-05,1770720370.1146789,3869,1247,4.7332435846328734e-05,0.0004733243584632874,0.0004733243584632874,1267.398676157,,,,,,,,,,,
,1770720370.171258,3869,1248,,,,1267.4551925,44.0,0.09349501132965088,,,,,,,,,
,1770720371.6121361,3869,1249,,,,1268.896275284,44.0,,5.231916904449463,0.08163359016180038,5.2319159507751465,0.9190627932548523,,,,,
,1770720373.212214,3869,1250,,,,1270.496438675,44.0,,,,,,0.06142054870724678,4.882258892059326,,,
4.731852114200592e-05,1770720376.1114533,3879,1251,4.731852114200592e-05,0.00047318521142005924,0.00047318521142005924,1273.398076211,,,,,,,,,,,
4.731852114200592e-05,1770720376.270547,3879,1252,4.731852114200592e-05,0.00047318521142005924,0.00047318521142005924,1273.557061425,,,,,,,,,,,
,1770720376.4142804,3879,1253,,,,1273.698319493,45.0,0.0327262207865715,,,,,,,,,
4.730457216501236e-05,1770720379.350398,3889,1254,4.730457216501236e-05,0.0004730457216501236,0.0004730457216501236,1276.637079991,,,,,,,,,,,
4.730457216501236e-05,1770720379.5094633,3889,1255,4.730457216501236e-05,0.0004730457216501236,0.0004730457216501236,1276.793452389,,,,,,,,,,,
,1770720379.6563413,3889,1256,,,,1276.940389722,45.0,0.02974831312894821,,,,,,,,,
4.7290588915348057e-05,1770720382.853652,3899,1257,4.7290588915348057e-05,0.0004729058891534805,0.0004729058891534805,1280.140112789,,,,,,,,,,,
4.7290588915348057e-05,1770720383.012756,3899,1258,4.7290588915348057e-05,0.0004729058891534805,0.0004729058891534805,1280.299055259,,,,,,,,,,,
,1770720383.1568813,3899,1259,,,,1280.440925839,45.0,0.05533304065465927,,,,,,,,,
4.7276571393013e-05,1770720386.0423853,3909,1260,4.7276571393013e-05,0.00047276571393013,0.00047276571393013,1283.326582124,,,,,,,,,,,
4.7276571393013e-05,1770720386.2017205,3909,1261,4.7276571393013e-05,0.00047276571393013,0.00047276571393013,1283.485763983,,,,,,,,,,,
,1770720386.3455017,3909,1262,,,,1283.629478622,45.0,0.07006477564573288,,,,,,,,,
4.726251959800721e-05,1770720389.5480192,3919,1263,4.726251959800721e-05,0.000472625195980072,0.000472625195980072,1286.83509806,,,,,,,,,,,
4.726251959800721e-05,1770720389.7450762,3919,1264,4.726251959800721e-05,0.000472625195980072,0.000472625195980072,1287.032061067,,,,,,,,,,,
,1770720389.8905213,3919,1265,,,,1287.174680795,45.0,0.03898968547582626,,,,,,,,,
4.724843353033066e-05,1770720392.820456,3929,1266,4.724843353033066e-05,0.0004724843353033066,0.0004724843353033066,1290.107237496,,,,,,,,,,,
4.724843353033066e-05,1770720392.9824736,3929,1267,4.724843353033066e-05,0.0004724843353033066,0.0004724843353033066,1290.269059993,,,,,,,,,,,
,1770720393.1267374,3929,1268,,,,1290.410776441,45.0,0.04125561565160751,,,,,,,,,
4.723431468009949e-05,1770720396.0251515,3939,1269,4.723431468009949e-05,0.0004723431468009949,0.0004723431468009949,1293.309261707,,,,,,,,,,,
4.723431468009949e-05,1770720396.1852162,3939,1270,4.723431468009949e-05,0.0004723431468009949,0.0004723431468009949,1293.472096399,,,,,,,,,,,
,1770720396.329807,3939,1271,,,,1293.613829331,45.0,0.07165047526359558,,,,,,,,,
4.7220160067081455e-05,1770720399.2302747,3949,1272,4.7220160067081455e-05,0.0004722016006708145,0.0004722016006708145,1296.517099531,,,,,,,,,,,
4.7220160067081455e-05,1770720399.3897657,3949,1273,4.7220160067081455e-05,0.0004722016006708145,0.0004722016006708145,1296.673760391,,,,,,,,,,,
,1770720399.5344138,3949,1274,,,,1296.818585962,45.0,0.050695739686489105,,,,,,,,,
,1770720402.7986877,3955,1275,,,,1300.082888094,45.0,,5.56016206741333,0.09146109968423843,5.560161590576172,0.9093394875526428,,,,,
,1770720402.8001873,3955,1276,,,,1300.084094491,45.0,,,,,,0.06147944554686546,4.8767194747924805,,,
4.720597267150879e-05,1770720403.7780929,3959,1277,4.720597267150879e-05,0.0004720597267150879,0.0004720597267150879,1301.062273963,,,,,,,,,,,
4.720597267150879e-05,1770720403.9374766,3959,1278,4.720597267150879e-05,0.0004720597267150879,0.0004720597267150879,1301.221549092,,,,,,,,,,,
,1770720404.0817895,3959,1279,,,,1301.365786647,46.0,0.06718175858259201,,,,,,,,,
4.7191751003265384e-05,1770720406.9768398,3969,1280,4.7191751003265384e-05,0.00047191751003265384,0.00047191751003265384,1304.261017523,,,,,,,,,,,
4.7191751003265384e-05,1770720407.1366534,3969,1281,4.7191751003265384e-05,0.00047191751003265384,0.00047191751003265384,1304.423102184,,,,,,,,,,,
,1770720407.2807453,3969,1282,,,,1304.564732972,46.0,0.05066487193107605,,,,,,,,,
4.717749655246735e-05,1770720410.1781185,3979,1283,4.717749655246735e-05,0.00047177496552467345,0.00047177496552467345,1307.462300934,,,,,,,,,,,
4.717749655246735e-05,1770720410.3375292,3979,1284,4.717749655246735e-05,0.00047177496552467345,0.00047177496552467345,1307.621599367,,,,,,,,,,,
,1770720410.4821274,3979,1285,,,,1307.766191426,46.0,0.05614771321415901,,,,,,,,,
4.716320633888245e-05,1770720413.3756404,3989,1286,4.716320633888245e-05,0.00047163206338882445,0.00047163206338882445,1310.662220855,,,,,,,,,,,
4.716320633888245e-05,1770720413.5373933,3989,1287,4.716320633888245e-05,0.00047163206338882445,0.00047163206338882445,1310.824056801,,,,,,,,,,,
,1770720413.6813793,3989,1288,,,,1310.965494487,46.0,0.05800289660692215,,,,,,,,,
4.714888334274292e-05,1770720416.575518,3999,1289,4.714888334274292e-05,0.0004714888334274292,0.0004714888334274292,1313.862124346,,,,,,,,,,,
4.714888334274292e-05,1770720416.7351456,3999,1290,4.714888334274292e-05,0.0004714888334274292,0.0004714888334274292,1314.022070845,,,,,,,,,,,
,1770720416.879263,3999,1291,,,,1314.163238935,46.0,0.08548473566770554,,,,,,,,,
4.713452607393265e-05,1770720419.8091419,4009,1292,4.713452607393265e-05,0.00047134526073932647,0.00047134526073932647,1317.096144539,,,,,,,,,,,
4.713452607393265e-05,1770720419.9683127,4009,1293,4.713452607393265e-05,0.00047134526073932647,0.00047134526073932647,1317.25505746,,,,,,,,,,,
,1770720420.112816,4009,1294,,,,1317.396881888,46.0,0.05116735026240349,,,,,,,,,
4.712013453245163e-05,1770720423.012028,4019,1295,4.712013453245163e-05,0.0004712013453245163,0.0004712013453245163,1320.29907573,,,,,,,,,,,
4.712013453245163e-05,1770720423.1717706,4019,1296,4.712013453245163e-05,0.0004712013453245163,0.0004712013453245163,1320.458057746,,,,,,,,,,,
,1770720423.3156714,4019,1297,,,,1320.599724385,46.0,0.08021582663059235,,,,,,,,,
4.7105710208415986e-05,1770720426.2099633,4029,1298,4.7105710208415986e-05,0.00047105710208415985,0.00047105710208415985,1323.494099253,,,,,,,,,,,
4.7105710208415986e-05,1770720426.3698473,4029,1299,4.7105710208415986e-05,0.00047105710208415985,0.00047105710208415985,1323.653916246,,,,,,,,,,,
,1770720426.5144908,4029,1300,,,,1323.798488964,46.0,0.07507956773042679,,,,,,,,,
4.70912516117096e-05,1770720429.4085286,4039,1301,4.70912516117096e-05,0.000470912516117096,0.000470912516117096,1326.692722283,,,,,,,,,,,
4.70912516117096e-05,1770720429.568525,4039,1302,4.70912516117096e-05,0.000470912516117096,0.000470912516117096,1326.855098962,,,,,,,,,,,
,1770720429.7126796,4039,1303,,,,1326.996660253,46.0,0.04981198534369469,,,,,,,,,
,1770720431.9191113,4041,1304,,,,1329.203346194,46.0,,5.416576385498047,0.08717600256204605,5.416576385498047,0.9135563969612122,,,,,
,1770720431.9205956,4041,1305,,,,1329.204481345,46.0,,,,,,0.06159473583102226,4.910801887512207,,,
4.707675874233246e-05,1770720434.1763182,4049,1306,4.707675874233246e-05,0.0004707675874233246,0.0004707675874233246,1331.460521315,,,,,,,,,,,
4.707675874233246e-05,1770720434.3356798,4049,1307,4.707675874233246e-05,0.0004707675874233246,0.0004707675874233246,1331.619729931,,,,,,,,,,,
,1770720434.4803603,4049,1308,,,,1331.764421787,47.0,0.0730360597372055,,,,,,,,,
4.706223160028458e-05,1770720437.3767047,4059,1309,4.706223160028458e-05,0.00047062231600284577,0.00047062231600284577,1334.660903451,,,,,,,,,,,
4.706223160028458e-05,1770720437.5361586,4059,1310,4.706223160028458e-05,0.00047062231600284577,0.00047062231600284577,1334.820234692,,,,,,,,,,,
,1770720437.680574,4059,1311,,,,1334.964574298,47.0,0.07945048063993454,,,,,,,,,
4.704767167568207e-05,1770720440.5777423,4069,1312,4.704767167568207e-05,0.00047047671675682067,0.00047047671675682067,1337.861936003,,,,,,,,,,,
4.704767167568207e-05,1770720440.7382634,4069,1313,4.704767167568207e-05,0.00047047671675682067,0.00047047671675682067,1338.025063782,,,,,,,,,,,
,1770720440.8825243,4069,1314,,,,1338.166562248,47.0,0.05574631690979004,,,,,,,,,
4.7033077478408816e-05,1770720443.7765422,4079,1315,4.7033077478408816e-05,0.00047033077478408816,0.00047033077478408816,1341.060749065,,,,,,,,,,,
4.7033077478408816e-05,1770720443.9357567,4079,1316,4.7033077478408816e-05,0.00047033077478408816,0.00047033077478408816,1341.219829307,,,,,,,,,,,
,1770720444.080259,4079,1317,,,,1341.364254831,47.0,0.0986604243516922,,,,,,,,,
4.7018450498580934e-05,1770720446.9743977,4089,1318,4.7018450498580934e-05,0.0004701845049858093,0.0004701845049858093,1344.261205908,,,,,,,,,,,
4.7018450498580934e-05,1770720447.1365206,4089,1319,4.7018450498580934e-05,0.0004701845049858093,0.0004701845049858093,1344.420520753,,,,,,,,,,,
,1770720447.2808926,4089,1320,,,,1344.564943243,47.0,0.09440858662128448,,,,,,,,,
4.700378924608231e-05,1770720450.1754227,4099,1321,4.700378924608231e-05,0.00047003789246082304,0.00047003789246082304,1347.462184362,,,,,,,,,,,
4.700378924608231e-05,1770720450.3371565,4099,1322,4.700378924608231e-05,0.00047003789246082304,0.00047003789246082304,1347.621158913,,,,,,,,,,,
,1770720450.4811618,4099,1323,,,,1347.765221831,47.0,0.06734897196292877,,,,,,,,,
4.6989093720912934e-05,1770720453.3763716,4109,1324,4.6989093720912934e-05,0.00046989093720912936,0.00046989093720912936,1350.663178613,,,,,,,,,,,
4.6989093720912934e-05,1770720453.5381622,4109,1325,4.6989093720912934e-05,0.00046989093720912936,0.00046989093720912936,1350.825053635,,,,,,,,,,,
,1770720453.6825929,4109,1326,,,,1350.966635344,47.0,0.14962102472782135,,,,,,,,,
4.6974366903305055e-05,1770720456.5750806,4119,1327,4.6974366903305055e-05,0.00046974366903305054,0.00046974366903305054,1353.859268902,,,,,,,,,,,
4.6974366903305055e-05,1770720456.7344372,4119,1328,4.6974366903305055e-05,0.00046974366903305054,0.00046974366903305054,1354.018509524,,,,,,,,,,,
,1770720456.8784068,4119,1329,,,,1354.162407824,47.0,0.03746286407113075,,,,,,,,,
,1770720460.8239915,4127,1330,,,,1358.10824389,47.0,,5.586182117462158,0.09259975701570511,5.586181163787842,0.9082171320915222,,,,,
,1770720460.8254554,4127,1331,,,,1358.109377628,47.0,,,,,,0.060951363295316696,4.866302490234375,,,
4.695960432291031e-05,1770720461.1635454,4129,1332,4.695960432291031e-05,0.0004695960432291031,0.0004695960432291031,1358.447675505,,,,,,,,,,,
4.695960432291031e-05,1770720461.324332,4129,1333,4.695960432291031e-05,0.0004695960432291031,0.0004695960432291031,1358.608418781,,,,,,,,,,,
,1770720461.46876,4129,1334,,,,1358.752823433,48.0,0.07209313660860062,,,,,,,,,
4.694480746984482e-05,1770720464.3658488,4139,1335,4.694480746984482e-05,0.0004694480746984482,0.0004694480746984482,1361.650064099,,,,,,,,,,,
4.694480746984482e-05,1770720464.525604,4139,1336,4.694480746984482e-05,0.0004694480746984482,0.0004694480746984482,1361.812099922,,,,,,,,,,,
,1770720464.6697226,4139,1337,,,,1361.953719588,48.0,0.10627362132072449,,,,,,,,,
4.6929979324340824e-05,1770720467.5636003,4149,1338,4.6929979324340824e-05,0.0004692997932434082,0.0004692997932434082,1364.847786148,,,,,,,,,,,
4.6929979324340824e-05,1770720467.7548616,4149,1339,4.6929979324340824e-05,0.0004692997932434082,0.0004692997932434082,1365.039024182,,,,,,,,,,,
,1770720467.8998046,4149,1340,,,,1365.183878741,48.0,0.06511314958333969,,,,,,,,,
4.691511541604996e-05,1770720470.792269,4159,1341,4.691511541604996e-05,0.0004691511541604996,0.0004691511541604996,1368.079068729,,,,,,,,,,,
4.691511541604996e-05,1770720470.9510932,4159,1342,4.691511541604996e-05,0.0004691511541604996,0.0004691511541604996,1368.238069659,,,,,,,,,,,
,1770720471.0950763,4159,1343,,,,1368.379126727,48.0,0.05735364556312561,,,,,,,,,
4.690022021532059e-05,1770720473.9865742,4169,1344,4.690022021532059e-05,0.0004690022021532059,0.0004690022021532059,1371.270768815,,,,,,,,,,,
4.690022021532059e-05,1770720474.146079,4169,1345,4.690022021532059e-05,0.0004690022021532059,0.0004690022021532059,1371.430144048,,,,,,,,,,,
,1770720474.2902324,4169,1346,,,,1371.574207124,48.0,0.06606417894363403,,,,,,,,,
4.6885289251804355e-05,1770720477.1779983,4179,1347,4.6885289251804355e-05,0.00046885289251804354,0.00046885289251804354,1374.465079928,,,,,,,,,,,
4.6885289251804355e-05,1770720477.3368251,4179,1348,4.6885289251804355e-05,0.00046885289251804354,0.00046885289251804354,1374.624055289,,,,,,,,,,,
,1770720477.4808886,4179,1349,,,,1374.764934589,48.0,0.09864296019077301,,,,,,,,,
4.6870325505733495e-05,1770720480.3671808,4189,1350,4.6870325505733495e-05,0.0004687032550573349,0.0004687032550573349,1377.654093857,,,,,,,,,,,
4.6870325505733495e-05,1770720480.526024,4189,1351,4.6870325505733495e-05,0.0004687032550573349,0.0004687032550573349,1377.813061346,,,,,,,,,,,
,1770720480.670486,4189,1352,,,,1377.954530905,48.0,0.0826902762055397,,,,,,,,,
4.6855330467224126e-05,1770720483.5552409,4199,1353,4.6855330467224126e-05,0.00046855330467224124,0.00046855330467224124,1380.842094203,,,,,,,,,,,
4.6855330467224126e-05,1770720483.714485,4199,1354,4.6855330467224126e-05,0.00046855330467224124,0.00046855330467224124,1381.001059449,,,,,,,,,,,
,1770720483.858633,4199,1355,,,,1381.142701567,48.0,0.029434647411108017,,,,,,,,,
4.684029966592789e-05,1770720486.7454925,4209,1356,4.684029966592789e-05,0.0004684029966592789,0.0004684029966592789,1384.029668683,,,,,,,,,,,
4.684029966592789e-05,1770720486.9051976,4209,1357,4.684029966592789e-05,0.0004684029966592789,0.0004684029966592789,1384.1892463,,,,,,,,,,,
,1770720487.0495024,4209,1358,,,,1384.333474545,48.0,0.0412743017077446,,,,,,,,,
,1770720489.6681592,4213,1359,,,,1386.952338699,48.0,,5.5346527099609375,0.08763013035058975,5.534653186798096,0.9131190180778503,,,,,
,1770720489.669801,4213,1360,,,,1386.953718287,48.0,,,,,,0.06566854566335678,4.978785037994385,,,
4.682523608207703e-05,1770720491.2811723,4219,1361,4.682523608207703e-05,0.0004682523608207703,0.0004682523608207703,1388.565350285,,,,,,,,,,,
4.682523608207703e-05,1770720491.4403794,4219,1362,4.682523608207703e-05,0.0004682523608207703,0.0004682523608207703,1388.724420508,,,,,,,,,,,
,1770720491.5850434,4219,1363,,,,1388.869008984,49.0,0.04637140780687332,,,,,,,,,
4.681013822555542e-05,1770720494.4731925,4229,1364,4.681013822555542e-05,0.0004681013822555542,0.0004681013822555542,1391.757373654,,,,,,,,,,,
4.681013822555542e-05,1770720494.6323082,4229,1365,4.681013822555542e-05,0.0004681013822555542,0.0004681013822555542,1391.916328072,,,,,,,,,,,
,1770720494.7763863,4229,1366,,,,1392.060356795,49.0,0.07504094392061234,,,,,,,,,
4.679500758647919e-05,1770720497.6648097,4239,1367,4.679500758647919e-05,0.0004679500758647919,0.0004679500758647919,1394.949011386,,,,,,,,,,,
4.679500758647919e-05,1770720497.8242517,4239,1368,4.679500758647919e-05,0.0004679500758647919,0.0004679500758647919,1395.11107666,,,,,,,,,,,
,1770720497.9681256,4239,1369,,,,1395.252133096,49.0,0.04339168220758438,,,,,,,,,
4.677984416484833e-05,1770720500.8557,4249,1370,4.677984416484833e-05,0.0004677984416484833,0.0004677984416484833,1398.142062483,,,,,,,,,,,
4.677984416484833e-05,1770720501.0146744,4249,1371,4.677984416484833e-05,0.0004677984416484833,0.0004677984416484833,1398.30105688,,,,,,,,,,,
,1770720501.158657,4249,1372,,,,1398.442703604,49.0,0.05778403952717781,,,,,,,,,
4.676464796066284e-05,1770720504.0464263,4259,1373,4.676464796066284e-05,0.00046764647960662845,0.00046764647960662845,1401.330601136,,,,,,,,,,,
4.676464796066284e-05,1770720504.2059002,4259,1374,4.676464796066284e-05,0.00046764647960662845,0.00046764647960662845,1401.489932161,,,,,,,,,,,
,1770720504.3499331,4259,1375,,,,1401.633904237,49.0,0.027333714067935944,,,,,,,,,
4.6749417483806615e-05,1770720507.236444,4269,1376,4.6749417483806615e-05,0.0004674941748380661,0.0004674941748380661,1404.520643337,,,,,,,,,,,
4.6749417483806615e-05,1770720507.3955703,4269,1377,4.6749417483806615e-05,0.0004674941748380661,0.0004674941748380661,1404.67962111,,,,,,,,,,,
,1770720507.5402443,4269,1378,,,,1404.824215653,49.0,0.054291367530822754,,,,,,,,,
4.6734154224395756e-05,1770720510.428405,4279,1379,4.6734154224395756e-05,0.00046734154224395755,0.00046734154224395755,1407.712595841,,,,,,,,,,,
4.6734154224395756e-05,1770720510.5882688,4279,1380,4.6734154224395756e-05,0.00046734154224395755,0.00046734154224395755,1407.872328632,,,,,,,,,,,
,1770720510.7323976,4279,1381,,,,1408.016366896,49.0,0.04014988988637924,,,,,,,,,
4.671885669231415e-05,1770720513.6215165,4289,1382,4.671885669231415e-05,0.0004671885669231415,0.0004671885669231415,1410.908085318,,,,,,,,,,,
4.671885669231415e-05,1770720513.7801018,4289,1383,4.671885669231415e-05,0.0004671885669231415,0.0004671885669231415,1411.067068179,,,,,,,,,,,
,1770720513.924058,4289,1384,,,,1411.208104951,49.0,0.08515553176403046,,,,,,,,,
4.670352637767792e-05,1770720516.8123403,4299,1385,4.670352637767792e-05,0.0004670352637767792,0.0004670352637767792,1414.096524157,,,,,,,,,,,
4.670352637767792e-05,1770720516.961544,4299,1386,4.670352637767792e-05,0.0004670352637767792,0.0004670352637767792,1414.245543396,,,,,,,,,,,
,1770720517.0185833,4299,1387,,,,1414.302526028,49.0,0.05705816298723221,,,,,,,,,
,1770720518.4607954,4299,1388,,,,1415.744998537,49.0,,5.2526350021362305,0.08202661573886871,5.2526350021362305,0.9186609387397766,,,,,
,1770720519.9957774,4299,1389,,,,1417.280039572,49.0,,,,,,0.05851003900170326,4.740047454833984,,,
4.668816328048706e-05,1770720522.8944306,4309,1390,4.668816328048706e-05,0.0004668816328048706,0.0004668816328048706,1420.181121507,,,,,,,,,,,
4.668816328048706e-05,1770720523.053202,4309,1391,4.668816328048706e-05,0.0004668816328048706,0.0004668816328048706,1420.340061953,,,,,,,,,,,
,1770720523.1971953,4309,1392,,,,1420.481254799,50.0,0.05659312754869461,,,,,,,,,
4.667276740074158e-05,1770720526.1269128,4319,1393,4.667276740074158e-05,0.0004667276740074158,0.0004667276740074158,1423.414108146,,,,,,,,,,,
4.667276740074158e-05,1770720526.2863297,4319,1394,4.667276740074158e-05,0.0004667276740074158,0.0004667276740074158,1423.57306723,,,,,,,,,,,
,1770720526.4308558,4319,1395,,,,1423.714903325,50.0,0.07895587384700775,,,,,,,,,
4.665733724832535e-05,1770720529.334565,4329,1396,4.665733724832535e-05,0.00046657337248325346,0.00046657337248325346,1426.618746129,,,,,,,,,,,
4.665733724832535e-05,1770720529.4939477,4329,1397,4.665733724832535e-05,0.00046657337248325346,0.00046657337248325346,1426.778017032,,,,,,,,,,,
,1770720529.6391935,4329,1398,,,,1426.923277987,50.0,0.054548874497413635,,,,,,,,,
4.664187431335449e-05,1770720532.5397887,4339,1399,4.664187431335449e-05,0.00046641874313354495,0.00046641874313354495,1429.823984591,,,,,,,,,,,
4.664187431335449e-05,1770720532.6993823,4339,1400,4.664187431335449e-05,0.00046641874313354495,0.00046641874313354495,1429.986100099,,,,,,,,,,,
,1770720532.8438883,4339,1401,,,,1430.128134603,50.0,0.03888297080993652,,,,,,,,,
4.6626378595829014e-05,1770720535.7977452,4349,1402,4.6626378595829014e-05,0.0004662637859582901,0.0004662637859582901,1433.081961725,,,,,,,,,,,
4.6626378595829014e-05,1770720535.9570267,4349,1403,4.6626378595829014e-05,0.0004662637859582901,0.0004662637859582901,1433.241089872,,,,,,,,,,,
,1770720536.1015604,4349,1404,,,,1433.385546004,50.0,0.03855932503938675,,,,,,,,,
4.661084860563278e-05,1770720538.993863,4359,1405,4.661084860563278e-05,0.00046610848605632785,0.00046610848605632785,1436.278072162,,,,,,,,,,,
4.661084860563278e-05,1770720539.1534953,4359,1406,4.661084860563278e-05,0.00046610848605632785,0.00046610848605632785,1436.440096903,,,,,,,,,,,
,1770720539.2974985,4359,1407,,,,1436.581503881,50.0,0.026657575741410255,,,,,,,,,
4.6595287322998046e-05,1770720542.1875966,4369,1408,4.6595287322998046e-05,0.00046595287322998046,0.00046595287322998046,1439.471806033,,,,,,,,,,,
4.6595287322998046e-05,1770720542.3473577,4369,1409,4.6595287322998046e-05,0.00046595287322998046,0.00046595287322998046,1439.631413392,,,,,,,,,,,
,1770720542.4915118,4369,1410,,,,1439.77548842,50.0,0.03299568593502045,,,,,,,,,
4.657969176769257e-05,1770720545.3843908,4379,1411,4.657969176769257e-05,0.00046579691767692564,0.00046579691767692564,1442.66858728,,,,,,,,,,,
4.657969176769257e-05,1770720545.5435565,4379,1412,4.657969176769257e-05,0.00046579691767692564,0.00046579691767692564,1442.827607865,,,,,,,,,,,
,1770720545.688027,4379,1413,,,,1442.972001743,50.0,0.08661466091871262,,,,,,,,,
,1770720548.9457211,4385,1414,,,,1446.229900164,50.0,,5.152562618255615,0.0784342959523201,5.152562618255615,0.9222375154495239,,,,,
,1770720550.6250494,4385,1415,,,,1447.909318115,50.0,,,,,,0.060345280915498734,4.849575042724609,,,
4.656406491994858e-05,1770720551.6149428,4389,1416,4.656406491994858e-05,0.0004656406491994858,0.0004656406491994858,1448.902062416,,,,,,,,,,,
4.656406491994858e-05,1770720551.7741828,4389,1417,4.656406491994858e-05,0.0004656406491994858,0.0004656406491994858,1449.061053646,,,,,,,,,,,
,1770720551.9185905,4389,1418,,,,1449.202641305,51.0,0.03389694169163704,,,,,,,,,
4.6548403799533845e-05,1770720554.80963,4399,1419,4.6548403799533845e-05,0.00046548403799533843,0.00046548403799533843,1452.093816232,,,,,,,,,,,
4.6548403799533845e-05,1770720554.9689455,4399,1420,4.6548403799533845e-05,0.00046548403799533843,0.00046548403799533843,1452.252997949,,,,,,,,,,,
,1770720555.113324,4399,1421,,,,1452.39730856,51.0,0.03897015377879143,,,,,,,,,
4.6532708406448364e-05,1770720558.0048554,4409,1422,4.6532708406448364e-05,0.00046532708406448364,0.00046532708406448364,1455.289077958,,,,,,,,,,,
4.6532708406448364e-05,1770720558.1646276,4409,1423,4.6532708406448364e-05,0.00046532708406448364,0.00046532708406448364,1455.451076137,,,,,,,,,,,
,1770720558.309191,4409,1424,,,,1455.593213594,51.0,0.09251468628644943,,,,,,,,,
4.651698172092438e-05,1770720561.1993268,4419,1425,4.651698172092438e-05,0.0004651698172092438,0.0004651698172092438,1458.483491169,,,,,,,,,,,
4.651698172092438e-05,1770720561.3586893,4419,1426,4.651698172092438e-05,0.0004651698172092438,0.0004651698172092438,1458.642741298,,,,,,,,,,,
,1770720561.5031178,4419,1427,,,,1458.787095805,51.0,0.03278224170207977,,,,,,,,,
4.650122225284577e-05,1770720564.3924067,4429,1428,4.650122225284577e-05,0.00046501222252845763,0.00046501222252845763,1461.676569854,,,,,,,,,,,
4.650122225284577e-05,1770720564.5521255,4429,1429,4.650122225284577e-05,0.00046501222252845763,0.00046501222252845763,1461.839127526,,,,,,,,,,,
,1770720564.696337,4429,1430,,,,1461.980343053,51.0,0.06477130949497223,,,,,,,,,
4.6485428512096405e-05,1770720567.6418064,4439,1431,4.6485428512096405e-05,0.00046485428512096406,0.00046485428512096406,1464.926014235,,,,,,,,,,,
4.6485428512096405e-05,1770720567.8012967,4439,1432,4.6485428512096405e-05,0.00046485428512096406,0.00046485428512096406,1465.085362191,,,,,,,,,,,
,1770720567.9458811,4439,1433,,,,1465.229850589,51.0,0.04707614332437515,,,,,,,,,
4.646960347890854e-05,1770720570.8328695,4449,1434,4.646960347890854e-05,0.0004646960347890854,0.0004646960347890854,1468.117070622,,,,,,,,,,,
4.646960347890854e-05,1770720570.9933622,4449,1435,4.646960347890854e-05,0.0004646960347890854,0.0004646960347890854,1468.277426987,,,,,,,,,,,
,1770720571.137756,4449,1436,,,,1468.421732259,51.0,0.04293173551559448,,,,,,,,,
4.645374566316605e-05,1770720574.0284262,4459,1437,4.645374566316605e-05,0.0004645374566316605,0.0004645374566316605,1471.312659311,,,,,,,,,,,
4.645374566316605e-05,1770720574.1876395,4459,1438,4.645374566316605e-05,0.0004645374566316605,0.0004645374566316605,1471.471682598,,,,,,,,,,,
,1770720574.3317926,4459,1439,,,,1471.615768699,51.0,0.07452329248189926,,,,,,,,,
4.6437853574752807e-05,1770720577.2198658,4469,1440,4.6437853574752807e-05,0.0004643785357475281,0.0004643785357475281,1474.504091954,,,,,,,,,,,
4.6437853574752807e-05,1770720577.379422,4469,1441,4.6437853574752807e-05,0.0004643785357475281,0.0004643785357475281,1474.666079636,,,,,,,,,,,
,1770720577.5235093,4469,1442,,,,1474.807507933,51.0,0.09734605252742767,,,,,,,,,
,1770720579.5053644,4471,1443,,,,1476.789601,51.0,,6.237185955047607,0.11223763227462769,6.237185001373291,0.888679027557373,,,,,
,1770720579.5070574,4471,1444,,,,1476.790992106,51.0,,,,,,0.06099840626120567,4.832553863525391,,,
4.642193019390107e-05,1770720581.7580626,4479,1445,4.642193019390107e-05,0.0004642193019390106,0.0004642193019390106,1479.042250267,,,,,,,,,,,
4.642193019390107e-05,1770720581.9176755,4479,1446,4.642193019390107e-05,0.0004642193019390106,0.0004642193019390106,1479.201718372,,,,,,,,,,,
,1770720582.061685,4479,1447,,,,1479.345654227,52.0,0.04037691280245781,,,,,,,,,
4.640597254037857e-05,1770720584.9520674,4489,1448,4.640597254037857e-05,0.0004640597254037857,0.0004640597254037857,1482.236236643,,,,,,,,,,,
4.640597254037857e-05,1770720585.1115675,4489,1449,4.640597254037857e-05,0.0004640597254037857,0.0004640597254037857,1482.398124764,,,,,,,,,,,
,1770720585.256049,4489,1450,,,,1482.540074997,52.0,0.04699455946683884,,,,,,,,,
4.6389983594417576e-05,1770720588.1461053,4499,1451,4.6389983594417576e-05,0.00046389983594417574,0.00046389983594417574,1485.430254241,,,,,,,,,,,
4.6389983594417576e-05,1770720588.3051503,4499,1452,4.6389983594417576e-05,0.00046389983594417574,0.00046389983594417574,1485.592087609,,,,,,,,,,,
,1770720588.449277,4499,1453,,,,1485.733277076,52.0,0.056807033717632294,,,,,,,,,
4.637396186590195e-05,1770720591.3389175,4509,1454,4.637396186590195e-05,0.0004637396186590195,0.0004637396186590195,1488.62308177,,,,,,,,,,,
4.637396186590195e-05,1770720591.4982998,4509,1455,4.637396186590195e-05,0.0004637396186590195,0.0004637396186590195,1488.785071123,,,,,,,,,,,
,1770720591.6421404,4509,1456,,,,1488.926144695,52.0,0.07643751800060272,,,,,,,,,
4.635790586471558e-05,1770720594.5319633,4519,1457,4.635790586471558e-05,0.00046357905864715575,0.00046357905864715575,1491.816160593,,,,,,,,,,,
4.635790586471558e-05,1770720594.69118,4519,1458,4.635790586471558e-05,0.00046357905864715575,0.00046357905864715575,1491.978084627,,,,,,,,,,,
,1770720594.8355973,4519,1459,,,,1492.119601396,52.0,0.06406688690185547,,,,,,,,,
4.63418185710907e-05,1770720597.7252586,4529,1460,4.63418185710907e-05,0.000463418185710907,0.000463418185710907,1495.009428665,,,,,,,,,,,
4.63418185710907e-05,1770720597.8848474,4529,1461,4.63418185710907e-05,0.000463418185710907,0.000463418185710907,1495.168887995,,,,,,,,,,,
,1770720598.0294871,4529,1462,,,,1495.313462751,52.0,0.0640249252319336,,,,,,,,,
4.63256984949112e-05,1770720600.9204154,4539,1463,4.63256984949112e-05,0.00046325698494911196,0.00046325698494911196,1498.207106645,,,,,,,,,,,
4.63256984949112e-05,1770720601.0795968,4539,1464,4.63256984949112e-05,0.00046325698494911196,0.00046325698494911196,1498.366054775,,,,,,,,,,,
,1770720601.2236803,4539,1465,,,,1498.507731956,52.0,0.08283507823944092,,,,,,,,,
4.6309544146060947e-05,1770720604.113307,4549,1466,4.6309544146060947e-05,0.00046309544146060945,0.00046309544146060945,1501.400069846,,,,,,,,,,,
4.6309544146060947e-05,1770720604.2726018,4549,1467,4.6309544146060947e-05,0.00046309544146060945,0.00046309544146060945,1501.557177654,,,,,,,,,,,
,1770720604.4164882,4549,1468,,,,1501.700469587,52.0,0.07444832473993301,,,,,,,,,
,1770720608.3140476,4557,1469,,,,1505.598170935,52.0,,5.454085826873779,0.08947176486253738,5.454085350036621,0.9112738966941833,,,,,
,1770720608.315451,4557,1470,,,,1505.599609762,52.0,,,,,,0.0575082041323185,4.714302062988281,,,
4.6293358504772186e-05,1770720608.6519935,4559,1471,4.6293358504772186e-05,0.00046293358504772186,0.00046293358504772186,1505.936130902,,,,,,,,,,,
4.6293358504772186e-05,1770720608.8113854,4559,1472,4.6293358504772186e-05,0.00046293358504772186,0.00046293358504772186,1506.098066603,,,,,,,,,,,
,1770720608.9554498,4559,1473,,,,1506.239458222,53.0,0.03549085557460785,,,,,,,,,
4.6277141571044924e-05,1770720611.8422127,4569,1474,4.6277141571044924e-05,0.00046277141571044925,0.00046277141571044925,1509.126413061,,,,,,,,,,,
4.6277141571044924e-05,1770720612.0018342,4569,1475,4.6277141571044924e-05,0.00046277141571044925,0.00046277141571044925,1509.285876857,,,,,,,,,,,
,1770720612.1461325,4569,1476,,,,1509.430130769,53.0,0.06325651705265045,,,,,,,,,
4.6260890364646914e-05,1770720615.0328643,4579,1477,4.6260890364646914e-05,0.0004626089036464691,0.0004626089036464691,1512.317049598,,,,,,,,,,,
4.6260890364646914e-05,1770720615.1921794,4579,1478,4.6260890364646914e-05,0.0004626089036464691,0.0004626089036464691,1512.479158079,,,,,,,,,,,
,1770720615.336084,4579,1479,,,,1512.620098167,53.0,0.0685814917087555,,,,,,,,,
4.6244607865810394e-05,1770720618.224431,4589,1480,4.6244607865810394e-05,0.00046244607865810394,0.00046244607865810394,1515.508618524,,,,,,,,,,,
4.6244607865810394e-05,1770720618.3838134,4589,1481,4.6244607865810394e-05,0.00046244607865810394,0.00046244607865810394,1515.667849119,,,,,,,,,,,
,1770720618.5278988,4589,1482,,,,1515.81187745,53.0,0.10766482353210449,,,,,,,,,
4.6228291094303134e-05,1770720621.4154382,4599,1483,4.6228291094303134e-05,0.0004622829109430313,0.0004622829109430313,1518.699623125,,,,,,,,,,,
4.6228291094303134e-05,1770720621.5746288,4599,1484,4.6228291094303134e-05,0.0004622829109430313,0.0004622829109430313,1518.858671114,,,,,,,,,,,
,1770720621.7193573,4599,1485,,,,1519.003340821,53.0,0.05342414230108261,,,,,,,,,
4.6211943030357364e-05,1770720624.6091633,4609,1486,4.6211943030357364e-05,0.00046211943030357363,0.00046211943030357363,1521.893358935,,,,,,,,,,,
4.6211943030357364e-05,1770720624.7684517,4609,1487,4.6211943030357364e-05,0.00046211943030357363,0.00046211943030357363,1522.052500935,,,,,,,,,,,
,1770720624.913214,4609,1488,,,,1522.197185585,53.0,0.0666525587439537,,,,,,,,,
4.619556218385697e-05,1770720627.800115,4619,1489,4.619556218385697e-05,0.00046195562183856963,0.00046195562183856963,1525.087244044,,,,,,,,,,,
4.619556218385697e-05,1770720627.9622765,4619,1490,4.619556218385697e-05,0.00046195562183856963,0.00046195562183856963,1525.249056708,,,,,,,,,,,
,1770720628.1064959,4619,1491,,,,1525.390548206,53.0,0.0524250864982605,,,,,,,,,
4.617914855480194e-05,1770720630.993117,4629,1492,4.617914855480194e-05,0.0004617914855480194,0.0004617914855480194,1528.27728717,,,,,,,,,,,
4.617914855480194e-05,1770720631.152302,4629,1493,4.617914855480194e-05,0.0004617914855480194,0.0004617914855480194,1528.439113113,,,,,,,,,,,
,1770720631.2962577,4629,1494,,,,1528.580262947,53.0,0.0634458065032959,,,,,,,,,
4.6162703633308414e-05,1770720634.185,4639,1495,4.6162703633308414e-05,0.0004616270363330841,0.0004616270363330841,1531.469204103,,,,,,,,,,,
4.6162703633308414e-05,1770720634.3448138,4639,1496,4.6162703633308414e-05,0.0004616270363330841,0.0004616270363330841,1531.628863131,,,,,,,,,,,
,1770720634.4890366,4639,1497,,,,1531.773020926,53.0,0.03411302715539932,,,,,,,,,
,1770720637.1099563,4643,1498,,,,1534.394113343,53.0,,5.21506404876709,0.08216990530490875,5.21506404876709,0.918524444103241,,,,,
,1770720638.6375473,4643,1499,,,,1535.921805596,53.0,,,,,,0.054281316697597504,4.641742706298828,,,
4.614622592926025e-05,1770720640.2590423,4649,1500,4.614622592926025e-05,0.0004614622592926026,0.0004614622592926026,1537.543217354,,,,,,,,,,,
4.614622592926025e-05,1770720640.41831,4649,1501,4.614622592926025e-05,0.0004614622592926026,0.0004614622592926026,1537.702350851,,,,,,,,,,,
,1770720640.5629067,4649,1502,,,,1537.846875297,54.0,0.057204946875572205,,,,,,,,,
4.6129715442657474e-05,1770720643.451412,4659,1503,4.6129715442657474e-05,0.0004612971544265747,0.0004612971544265747,1540.735597299,,,,,,,,,,,
4.6129715442657474e-05,1770720643.6109402,4659,1504,4.6129715442657474e-05,0.0004612971544265747,0.0004612971544265747,1540.894982023,,,,,,,,,,,
,1770720643.7552114,4659,1505,,,,1541.039204134,54.0,0.06834641098976135,,,,,,,,,
4.6113173663616186e-05,1770720646.643614,4669,1506,4.6113173663616186e-05,0.00046113173663616183,0.00046113173663616183,1543.930074657,,,,,,,,,,,
4.6113173663616186e-05,1770720646.8025246,4669,1507,4.6113173663616186e-05,0.00046113173663616183,0.00046113173663616183,1544.089052289,,,,,,,,,,,
,1770720646.9467943,4669,1508,,,,1544.230835255,54.0,0.026929982006549835,,,,,,,,,
4.6096599102020266e-05,1770720649.833493,4679,1509,4.6096599102020266e-05,0.00046096599102020267,0.00046096599102020267,1547.117745326,,,,,,,,,,,
4.6096599102020266e-05,1770720649.9927776,4679,1510,4.6096599102020266e-05,0.00046096599102020267,0.00046096599102020267,1547.276823058,,,,,,,,,,,
,1770720650.136882,4679,1511,,,,1547.420848672,54.0,0.06875543296337128,,,,,,,,,
4.607999175786972e-05,1770720653.0256858,4689,1512,4.607999175786972e-05,0.00046079991757869723,0.00046079991757869723,1550.312102553,,,,,,,,,,,
4.607999175786972e-05,1770720653.184647,4689,1513,4.607999175786972e-05,0.00046079991757869723,0.00046079991757869723,1550.471057349,,,,,,,,,,,
,1770720653.328562,4689,1514,,,,1550.612603859,54.0,0.039189413189888,,,,,,,,,
4.606335312128067e-05,1770720656.217615,4699,1515,4.606335312128067e-05,0.0004606335312128067,0.0004606335312128067,1553.504072117,,,,,,,,,,,
4.606335312128067e-05,1770720656.3765068,4699,1516,4.606335312128067e-05,0.0004606335312128067,0.0004606335312128067,1553.663056297,,,,,,,,,,,
,1770720656.5205755,4699,1517,,,,1553.8046116,54.0,0.09119843691587448,,,,,,,,,
4.604668021202088e-05,1770720659.410947,4709,1518,4.604668021202088e-05,0.0004604668021202088,0.0004604668021202088,1556.695152526,,,,,,,,,,,
4.604668021202088e-05,1770720659.5704029,4709,1519,4.604668021202088e-05,0.0004604668021202088,0.0004604668021202088,1556.85444438,,,,,,,,,,,
,1770720659.7143013,4709,1520,,,,1556.998272065,54.0,0.06151273846626282,,,,,,,,,
4.6029977500438695e-05,1770720662.602214,4719,1521,4.6029977500438695e-05,0.0004602997750043869,0.0004602997750043869,1559.886431289,,,,,,,,,,,
4.6029977500438695e-05,1770720662.7627926,4719,1522,4.6029977500438695e-05,0.0004602997750043869,0.0004602997750043869,1560.04910682,,,,,,,,,,,
,1770720662.9071343,4719,1523,,,,1560.19113204,54.0,0.05123783275485039,,,,,,,,,
4.6013240516185766e-05,1770720665.7957194,4729,1524,4.6013240516185766e-05,0.0004601324051618576,0.0004601324051618576,1563.079699744,,,,,,,,,,,
4.6013240516185766e-05,1770720665.9445114,4729,1525,4.6013240516185766e-05,0.0004601324051618576,0.0004601324051618576,1563.228539309,,,,,,,,,,,
,1770720666.0015383,4729,1526,,,,1563.285479073,54.0,0.06450916826725006,,,,,,,,,
,1770720667.4420655,4729,1527,,,,1564.726271132,54.0,,5.320110321044922,0.08389713615179062,5.32011079788208,0.9168108105659485,,,,,
,1770720667.4437177,4729,1528,,,,1564.727646765,54.0,,,,,,0.054748646914958954,4.6489949226379395,,,
4.5996472239494326e-05,1770720670.3310723,4739,1529,4.5996472239494326e-05,0.0004599647223949432,0.0004599647223949432,1567.615261356,,,,,,,,,,,
4.5996472239494326e-05,1770720670.4907498,4739,1530,4.5996472239494326e-05,0.0004599647223949432,0.0004599647223949432,1567.774778407,,,,,,,,,,,
,1770720670.6348817,4739,1531,,,,1567.918844912,55.0,0.03459913283586502,,,,,,,,,
4.5979672670364385e-05,1770720673.5203195,4749,1532,4.5979672670364385e-05,0.0004597967267036438,0.0004597967267036438,1570.80450301,,,,,,,,,,,
4.5979672670364385e-05,1770720673.679931,4749,1533,4.5979672670364385e-05,0.0004597967267036438,0.0004597967267036438,1570.963979561,,,,,,,,,,,
,1770720673.8244114,4749,1534,,,,1571.108383483,55.0,0.03778374567627907,,,,,,,,,
4.596284031867981e-05,1770720676.7111444,4759,1535,4.596284031867981e-05,0.0004596284031867981,0.0004596284031867981,1573.99527815,,,,,,,,,,,
4.596284031867981e-05,1770720676.8705742,4759,1536,4.596284031867981e-05,0.0004596284031867981,0.0004596284031867981,1574.154612416,,,,,,,,,,,
,1770720677.0151713,4759,1537,,,,1574.299140936,55.0,0.04497406259179115,,,,,,,,,
4.5945976674556735e-05,1770720679.9020054,4769,1538,4.5945976674556735e-05,0.0004594597667455673,0.0004594597667455673,1577.186233125,,,,,,,,,,,
4.5945976674556735e-05,1770720680.0613194,4769,1539,4.5945976674556735e-05,0.0004594597667455673,0.0004594597667455673,1577.345365807,,,,,,,,,,,
,1770720680.2054555,4769,1540,,,,1577.489426452,55.0,0.05324840918183327,,,,,,,,,
4.592908024787903e-05,1770720683.0919883,4779,1541,4.592908024787903e-05,0.0004592908024787903,0.0004592908024787903,1580.376192605,,,,,,,,,,,
4.592908024787903e-05,1770720683.2514443,4779,1542,4.592908024787903e-05,0.0004592908024787903,0.0004592908024787903,1580.535481882,,,,,,,,,,,
,1770720683.3960133,4779,1543,,,,1580.679978173,55.0,0.029969871044158936,,,,,,,,,
4.59121510386467e-05,1770720686.2817073,4789,1544,4.59121510386467e-05,0.000459121510386467,0.000459121510386467,1583.565876284,,,,,,,,,,,
4.59121510386467e-05,1770720686.4410276,4789,1545,4.59121510386467e-05,0.000459121510386467,0.000459121510386467,1583.725082225,,,,,,,,,,,
,1770720686.585162,4789,1546,,,,1583.869140586,55.0,0.04589415341615677,,,,,,,,,
4.5895190536975866e-05,1770720689.4710884,4799,1547,4.5895190536975866e-05,0.00045895190536975863,0.00045895190536975863,1586.75527634,,,,,,,,,,,
4.5895190536975866e-05,1770720689.6305916,4799,1548,4.5895190536975866e-05,0.00045895190536975863,0.00045895190536975863,1586.914615602,,,,,,,,,,,
,1770720689.7746189,4799,1549,,,,1587.058587412,55.0,0.062231868505477905,,,,,,,,,
4.58781972527504e-05,1770720692.6595979,4809,1550,4.58781972527504e-05,0.00045878197252750396,0.00045878197252750396,1589.943772919,,,,,,,,,,,
4.58781972527504e-05,1770720692.8194544,4809,1551,4.58781972527504e-05,0.00045878197252750396,0.00045878197252750396,1590.106087764,,,,,,,,,,,
,1770720692.9634724,4809,1552,,,,1590.247475922,55.0,0.07162012159824371,,,,,,,,,
,1770720696.2191782,4815,1553,,,,1593.503359868,55.0,,5.510071754455566,0.09005896002054214,5.510072231292725,0.9106979370117188,,,,,
,1770720696.2208102,4815,1554,,,,1593.504742761,55.0,,,,,,0.05198075249791145,4.519075870513916,,,
4.5861174166202545e-05,1770720697.2122703,4819,1555,4.5861174166202545e-05,0.00045861174166202546,0.00045861174166202546,1594.496435369,,,,,,,,,,,
4.5861174166202545e-05,1770720697.3718083,4819,1556,4.5861174166202545e-05,0.00045861174166202546,0.00045861174166202546,1594.655859319,,,,,,,,,,,
,1770720697.516427,4819,1557,,,,1594.800404312,56.0,0.050973691046237946,,,,,,,,,
4.584411829710007e-05,1770720700.405262,4829,1558,4.584411829710007e-05,0.0004584411829710007,0.0004584411829710007,1597.689444544,,,,,,,,,,,
4.584411829710007e-05,1770720700.565257,4829,1559,4.584411829710007e-05,0.0004584411829710007,0.0004584411829710007,1597.849298811,,,,,,,,,,,
,1770720700.7091892,4829,1560,,,,1597.99317041,56.0,0.030552146956324577,,,,,,,,,
4.582702964544297e-05,1770720703.5974588,4839,1561,4.582702964544297e-05,0.0004582702964544296,0.0004582702964544296,1600.881646948,,,,,,,,,,,
4.582702964544297e-05,1770720703.7571917,4839,1562,4.582702964544297e-05,0.0004582702964544296,0.0004582702964544296,1601.041247703,,,,,,,,,,,
,1770720703.9013782,4839,1563,,,,1601.185354576,56.0,0.06021881103515625,,,,,,,,,
4.5809909701347354e-05,1770720706.7943695,4849,1564,4.5809909701347354e-05,0.00045809909701347354,0.00045809909701347354,1604.081075784,,,,,,,,,,,
4.5809909701347354e-05,1770720706.9538448,4849,1565,4.5809909701347354e-05,0.00045809909701347354,0.00045809909701347354,1604.241058884,,,,,,,,,,,
,1770720707.098119,4849,1566,,,,1604.382193599,56.0,0.05434641242027283,,,,,,,,,
4.5792756974697115e-05,1770720709.9897966,4859,1567,4.5792756974697115e-05,0.00045792756974697113,0.00045792756974697113,1607.273995147,,,,,,,,,,,
4.5792756974697115e-05,1770720710.1487875,4859,1568,4.5792756974697115e-05,0.00045792756974697113,0.00045792756974697113,1607.432834154,,,,,,,,,,,
,1770720710.2927516,4859,1569,,,,1607.576732832,56.0,0.05704781413078308,,,,,,,,,
4.577557444572449e-05,1770720713.1838398,4869,1570,4.577557444572449e-05,0.0004577557444572449,0.0004577557444572449,1610.468052379,,,,,,,,,,,
4.577557444572449e-05,1770720713.3429637,4869,1571,4.577557444572449e-05,0.0004577557444572449,0.0004577557444572449,1610.627134101,,,,,,,,,,,
,1770720713.487008,4869,1572,,,,1610.770976955,56.0,0.061365000903606415,,,,,,,,,
4.575835764408112e-05,1770720716.375803,4879,1573,4.575835764408112e-05,0.00045758357644081117,0.00045758357644081117,1613.659953597,,,,,,,,,,,
4.575835764408112e-05,1770720716.5356202,4879,1574,4.575835764408112e-05,0.00045758357644081117,0.00045758357644081117,1613.819666861,,,,,,,,,,,
,1770720716.67971,4879,1575,,,,1613.963690046,56.0,0.03290092945098877,,,,,,,,,
4.574111253023148e-05,1770720719.5704653,4889,1576,4.574111253023148e-05,0.00045741112530231476,0.00045741112530231476,1616.854639766,,,,,,,,,,,
4.574111253023148e-05,1770720719.7298152,4889,1577,4.574111253023148e-05,0.00045741112530231476,0.00045741112530231476,1617.013866486,,,,,,,,,,,
,1770720719.873743,4889,1578,,,,1617.157720236,56.0,0.057169657200574875,,,,,,,,,
4.5723833143711094e-05,1770720722.7644565,4899,1579,4.5723833143711094e-05,0.0004572383314371109,0.0004572383314371109,1620.048667297,,,,,,,,,,,
4.5723833143711094e-05,1770720722.9238696,4899,1580,4.5723833143711094e-05,0.0004572383314371109,0.0004572383314371109,1620.207933616,,,,,,,,,,,
,1770720723.0683706,4899,1581,,,,1620.3523542,56.0,0.04475771635770798,,,,,,,,,
,1770720725.049545,4901,1582,,,,1622.333792666,56.0,,5.856223106384277,0.09942887723445892,5.856222152709961,0.9013914465904236,,,,,
,1770720725.051264,4901,1583,,,,1622.335187597,56.0,,,,,,0.05569382756948471,4.6430487632751465,,,
4.57065224647522e-05,1770720727.304041,4909,1584,4.57065224647522e-05,0.000457065224647522,0.000457065224647522,1624.588232222,,,,,,,,,,,
4.57065224647522e-05,1770720727.4634638,4909,1585,4.57065224647522e-05,0.000457065224647522,0.000457065224647522,1624.747514105,,,,,,,,,,,
,1770720727.607536,4909,1586,,,,1624.891519292,57.0,0.06697480380535126,,,,,,,,,
4.568917900323868e-05,1770720730.498287,4919,1587,4.568917900323868e-05,0.0004568917900323868,0.0004568917900323868,1627.78245889,,,,,,,,,,,
4.568917900323868e-05,1770720730.6578815,4919,1588,4.568917900323868e-05,0.0004568917900323868,0.0004568917900323868,1627.941914384,,,,,,,,,,,
,1770720730.8019083,4919,1589,,,,1628.085895906,57.0,0.04876159876585007,,,,,,,,,
4.5671805739402774e-05,1770720733.6929286,4929,1590,4.5671805739402774e-05,0.00045671805739402774,0.00045671805739402774,1630.977118495,,,,,,,,,,,
4.5671805739402774e-05,1770720733.8529396,4929,1591,4.5671805739402774e-05,0.00045671805739402774,0.00045671805739402774,1631.140134002,,,,,,,,,,,
,1770720733.9970894,4929,1592,,,,1631.281113461,57.0,0.06830315291881561,,,,,,,,,
4.565439969301224e-05,1770720736.886683,4939,1593,4.565439969301224e-05,0.0004565439969301224,0.0004565439969301224,1634.170873782,,,,,,,,,,,
4.565439969301224e-05,1770720737.0455987,4939,1594,4.565439969301224e-05,0.0004565439969301224,0.0004565439969301224,1634.329653447,,,,,,,,,,,
,1770720737.1898644,4939,1595,,,,1634.473842481,57.0,0.07187232375144958,,,,,,,,,
4.563696384429932e-05,1770720740.0816078,4949,1596,4.563696384429932e-05,0.00045636963844299317,0.00045636963844299317,1637.365803022,,,,,,,,,,,
4.563696384429932e-05,1770720740.2409463,4949,1597,4.563696384429932e-05,0.00045636963844299317,0.00045636963844299317,1637.525012224,,,,,,,,,,,
,1770720740.3854651,4949,1598,,,,1637.669450684,57.0,0.04072670266032219,,,,,,,,,
4.5619495213031773e-05,1770720743.275415,4959,1599,4.5619495213031773e-05,0.0004561949521303177,0.0004561949521303177,1640.55960628,,,,,,,,,,,
4.5619495213031773e-05,1770720743.4352765,4959,1600,4.5619495213031773e-05,0.0004561949521303177,0.0004561949521303177,1640.719329717,,,,,,,,,,,
,1770720743.5795593,4959,1601,,,,1640.86353215,57.0,0.023479091003537178,,,,,,,,,
4.56019937992096e-05,1770720746.4709873,4969,1602,4.56019937992096e-05,0.00045601993799209594,0.00045601993799209594,1643.755174783,,,,,,,,,,,
4.56019937992096e-05,1770720746.6305938,4969,1603,4.56019937992096e-05,0.00045601993799209594,0.00045601993799209594,1643.914640781,,,,,,,,,,,
,1770720746.7751565,4969,1604,,,,1644.059142335,57.0,0.02906135469675064,,,,,,,,,
4.5584462583065036e-05,1770720749.665083,4979,1605,4.5584462583065036e-05,0.00045584462583065033,0.00045584462583065033,1646.949210681,,,,,,,,,,,
4.5584462583065036e-05,1770720749.824264,4979,1606,4.5584462583065036e-05,0.00045584462583065033,0.00045584462583065033,1647.11105382,,,,,,,,,,,
,1770720749.9682395,4979,1607,,,,1647.252293871,57.0,0.05978129431605339,,,,,,,,,
,1770720753.8666434,4987,1608,,,,1651.150905015,57.0,,6.302493572235107,0.11442520469427109,6.302493572235107,0.8865051865577698,,,,,
,1770720753.8683674,4987,1609,,,,1651.152321319,57.0,,,,,,0.055044665932655334,4.636102676391602,,,
4.556689858436585e-05,1770720754.2051742,4989,1610,4.556689858436585e-05,0.00045566898584365845,0.00045566898584365845,1651.492080961,,,,,,,,,,,
4.556689858436585e-05,1770720754.3647225,4989,1611,4.556689858436585e-05,0.00045566898584365845,0.00045566898584365845,1651.651055438,,,,,,,,,,,
,1770720754.5090551,4989,1612,,,,1651.793097697,58.0,0.03902878239750862,,,,,,,,,
4.554930329322815e-05,1770720757.396685,4999,1613,4.554930329322815e-05,0.0004554930329322815,0.0004554930329322815,1654.680849951,,,,,,,,,,,
4.554930329322815e-05,1770720757.556065,4999,1614,4.554930329322815e-05,0.0004554930329322815,0.0004554930329322815,1654.840121045,,,,,,,,,,,
,1770720757.7001665,4999,1615,,,,1654.984162515,58.0,0.07656066864728928,,,,,,,,,
4.553167819976807e-05,1770720760.5911865,5009,1616,4.553167819976807e-05,0.0004553167819976807,0.0004553167819976807,1657.875388098,,,,,,,,,,,
4.553167819976807e-05,1770720760.750742,5009,1617,4.553167819976807e-05,0.0004553167819976807,0.0004553167819976807,1658.034800544,,,,,,,,,,,
,1770720760.895006,5009,1618,,,,1658.178999401,58.0,0.029986590147018433,,,,,,,,,
4.551402032375336e-05,1770720763.784607,5019,1619,4.551402032375336e-05,0.00045514020323753356,0.00045514020323753356,1661.068803087,,,,,,,,,,,
4.551402032375336e-05,1770720763.9438794,5019,1620,4.551402032375336e-05,0.00045514020323753356,0.00045514020323753356,1661.227972056,,,,,,,,,,,
,1770720764.0883908,5019,1621,,,,1661.372372096,58.0,0.05985308438539505,,,,,,,,,
4.549633115530014e-05,1770720766.9782884,5029,1622,4.549633115530014e-05,0.0004549633115530014,0.0004549633115530014,1664.265084389,,,,,,,,,,,
4.549633115530014e-05,1770720767.1372578,5029,1623,4.549633115530014e-05,0.0004549633115530014,0.0004549633115530014,1664.424054749,,,,,,,,,,,
,1770720767.2809103,5029,1624,,,,1664.564975847,58.0,0.041206929832696915,,,,,,,,,
4.547861069440842e-05,1770720770.1750302,5039,1625,4.547861069440842e-05,0.00045478610694408417,0.00045478610694408417,1667.462082505,,,,,,,,,,,
4.547861069440842e-05,1770720770.3343806,5039,1626,4.547861069440842e-05,0.00045478610694408417,0.00045478610694408417,1667.621060296,,,,,,,,,,,
,1770720770.4784455,5039,1627,,,,1667.762499665,58.0,0.03445787727832794,,,,,,,,,
4.546085894107819e-05,1770720773.3711839,5049,1628,4.546085894107819e-05,0.00045460858941078185,0.00045460858941078185,1670.658108281,,,,,,,,,,,
4.546085894107819e-05,1770720773.5303686,5049,1629,4.546085894107819e-05,0.00045460858941078185,0.00045460858941078185,1670.817065982,,,,,,,,,,,
,1770720773.6748002,5049,1630,,,,1670.958846965,58.0,0.05686802789568901,,,,,,,,,
4.544307589530945e-05,1770720776.5635743,5059,1631,4.544307589530945e-05,0.0004544307589530945,0.0004544307589530945,1673.847739048,,,,,,,,,,,
4.544307589530945e-05,1770720776.7231011,5059,1632,4.544307589530945e-05,0.0004544307589530945,0.0004544307589530945,1674.007155549,,,,,,,,,,,
,1770720776.8670707,5059,1633,,,,1674.151076276,58.0,0.0990278422832489,,,,,,,,,
4.5425263047218325e-05,1770720779.7567306,5069,1634,4.5425263047218325e-05,0.00045425263047218324,0.00045425263047218324,1677.043115515,,,,,,,,,,,
4.5425263047218325e-05,1770720779.9157252,5069,1635,4.5425263047218325e-05,0.00045425263047218324,0.00045425263047218324,1677.202057652,,,,,,,,,,,
,1770720780.059895,5069,1636,,,,1677.343952186,58.0,0.0640723705291748,,,,,,,,,
,1770720782.681038,5073,1637,,,,1679.965304891,58.0,,5.334943771362305,0.08566626161336899,5.334943771362305,0.9150354266166687,,,,,
,1770720782.6827502,5073,1638,,,,1679.966683097,58.0,,,,,,0.053086694329977036,4.575089931488037,,,
4.5407417416572574e-05,1770720784.2975752,5079,1639,4.5407417416572574e-05,0.00045407417416572574,0.00045407417416572574,1681.584085541,,,,,,,,,,,
4.5407417416572574e-05,1770720784.4567456,5079,1640,4.5407417416572574e-05,0.00045407417416572574,0.00045407417416572574,1681.743091503,,,,,,,,,,,
,1770720784.6007862,5079,1641,,,,1681.884828099,59.0,0.02296045795083046,,,,,,,,,
4.538954049348831e-05,1770720787.49143,5089,1642,4.538954049348831e-05,0.0004538954049348831,0.0004538954049348831,1684.775625195,,,,,,,,,,,
4.538954049348831e-05,1770720787.6508794,5089,1643,4.538954049348831e-05,0.0004538954049348831,0.0004538954049348831,1684.934944219,,,,,,,,,,,
,1770720787.7954364,5089,1644,,,,1685.079419971,59.0,0.05216597020626068,,,,,,,,,
4.537163227796555e-05,1770720790.6862833,5099,1645,4.537163227796555e-05,0.0004537163227796555,0.0004537163227796555,1687.970464235,,,,,,,,,,,
4.537163227796555e-05,1770720790.846094,5099,1646,4.537163227796555e-05,0.0004537163227796555,0.0004537163227796555,1688.133130941,,,,,,,,,,,
,1770720790.989906,5099,1647,,,,1688.273921652,59.0,0.07006809860467911,,,,,,,,,
4.5353692770004276e-05,1770720793.878921,5109,1648,4.5353692770004276e-05,0.00045353692770004275,0.00045353692770004275,1691.163133921,,,,,,,,,,,
4.5353692770004276e-05,1770720794.0385344,5109,1649,4.5353692770004276e-05,0.00045353692770004275,0.00045353692770004275,1691.325110748,,,,,,,,,,,
,1770720794.183056,5109,1650,,,,1691.467076057,59.0,0.05617433786392212,,,,,,,,,
4.533572345972062e-05,1770720797.073933,5119,1651,4.533572345972062e-05,0.0004533572345972061,0.0004533572345972061,1694.361088293,,,,,,,,,,,
4.533572345972062e-05,1770720797.233273,5119,1652,4.533572345972062e-05,0.0004533572345972061,0.0004533572345972061,1694.520056337,,,,,,,,,,,
,1770720797.3771927,5119,1653,,,,1694.661255241,59.0,0.028701186180114746,,,,,,,,,
4.5317721366882325e-05,1770720800.2668154,5129,1654,4.5317721366882325e-05,0.0004531772136688233,0.0004531772136688233,1697.551020524,,,,,,,,,,,
4.5317721366882325e-05,1770720800.4262042,5129,1655,4.5317721366882325e-05,0.0004531772136688233,0.0004531772136688233,1697.713099955,,,,,,,,,,,
,1770720800.5700524,5129,1656,,,,1697.854081532,59.0,0.03620414808392525,,,,,,,,,
4.529968947172165e-05,1770720803.45925,5139,1657,4.529968947172165e-05,0.0004529968947172165,0.0004529968947172165,1700.746102007,,,,,,,,,,,
4.529968947172165e-05,1770720803.618522,5139,1658,4.529968947172165e-05,0.0004529968947172165,0.0004529968947172165,1700.905054868,,,,,,,,,,,
,1770720803.762766,5139,1659,,,,1701.046809049,59.0,0.043619342148303986,,,,,,,,,
4.528162628412247e-05,1770720806.654706,5149,1660,4.528162628412247e-05,0.0004528162628412247,0.0004528162628412247,1703.938879324,,,,,,,,,,,
4.528162628412247e-05,1770720806.8145926,5149,1661,4.528162628412247e-05,0.0004528162628412247,0.0004528162628412247,1704.098657428,,,,,,,,,,,
,1770720806.959125,5149,1662,,,,1704.243109703,59.0,0.06092708557844162,,,,,,,,,
4.526353180408478e-05,1770720809.848373,5159,1663,4.526353180408478e-05,0.0004526353180408478,0.0004526353180408478,1707.132563081,,,,,,,,,,,
4.526353180408478e-05,1770720809.9969559,5159,1664,4.526353180408478e-05,0.0004526353180408478,0.0004526353180408478,1707.280966859,,,,,,,,,,,
,1770720810.0532672,5159,1665,,,,1707.337202898,59.0,0.0546080656349659,,,,,,,,,
,1770720811.494318,5159,1666,,,,1708.778511155,59.0,,5.810272216796875,0.09726391732692719,5.810271263122559,0.9035859704017639,,,,,
,1770720811.4959602,5159,1667,,,,1708.779866838,59.0,,,,,,0.054456666111946106,4.606408596038818,,,
4.524540603160858e-05,1770720814.3894796,5169,1668,4.524540603160858e-05,0.0004524540603160858,0.0004524540603160858,1711.673668079,,,,,,,,,,,
4.524540603160858e-05,1770720814.5488007,5169,1669,4.524540603160858e-05,0.0004524540603160858,0.0004524540603160858,1711.832849664,,,,,,,,,,,
,1770720814.6931932,5169,1670,,,,1711.97718339,60.0,0.060824647545814514,,,,,,,,,
4.522724896669388e-05,1770720817.5852478,5179,1671,4.522724896669388e-05,0.0004522724896669388,0.0004522724896669388,1714.869451256,,,,,,,,,,,
4.522724896669388e-05,1770720817.7452598,5179,1672,4.522724896669388e-05,0.0004522724896669388,0.0004522724896669388,1715.029315188,,,,,,,,,,,
,1770720817.889227,5179,1673,,,,1715.173217144,60.0,0.04508019611239433,,,,,,,,,
4.520906209945679e-05,1770720820.781885,5189,1674,4.520906209945679e-05,0.0004520906209945679,0.0004520906209945679,1718.066095165,,,,,,,,,,,
4.520906209945679e-05,1770720820.941174,5189,1675,4.520906209945679e-05,0.0004520906209945679,0.0004520906209945679,1718.228109456,,,,,,,,,,,
,1770720821.0850408,5189,1676,,,,1718.369076159,60.0,0.029957329854369164,,,,,,,,,
4.519084393978119e-05,1770720823.9781039,5199,1677,4.519084393978119e-05,0.0004519084393978119,0.0004519084393978119,1721.264089122,,,,,,,,,,,
4.519084393978119e-05,1770720824.1378253,5199,1678,4.519084393978119e-05,0.0004519084393978119,0.0004519084393978119,1721.425097267,,,,,,,,,,,
,1770720824.281995,5199,1679,,,,1721.566047155,60.0,0.0430496409535408,,,,,,,,,
4.5172595977783204e-05,1770720827.1751513,5209,1680,4.5172595977783204e-05,0.000451725959777832,0.000451725959777832,1724.46208759,,,,,,,,,,,
4.5172595977783204e-05,1770720827.3346424,5209,1681,4.5172595977783204e-05,0.000451725959777832,0.000451725959777832,1724.621058806,,,,,,,,,,,
,1770720827.4788828,5209,1682,,,,1724.762942991,60.0,0.05881425738334656,,,,,,,,,
4.515431523323059e-05,1770720830.687712,5219,1683,4.515431523323059e-05,0.0004515431523323059,0.0004515431523323059,1727.974288521,,,,,,,,,,,
4.515431523323059e-05,1770720830.8574197,5219,1684,4.515431523323059e-05,0.0004515431523323059,0.0004515431523323059,1728.14161896,,,,,,,,,,,
,1770720831.0028036,5219,1685,,,,1728.286855375,60.0,0.033361487090587616,,,,,,,,,
4.5136004686355595e-05,1770720834.22454,5229,1686,4.5136004686355595e-05,0.00045136004686355594,0.00045136004686355594,1731.508696009,,,,,,,,,,,
4.5136004686355595e-05,1770720834.4405265,5229,1687,4.5136004686355595e-05,0.00045136004686355594,0.00045136004686355594,1731.72456536,,,,,,,,,,,
,1770720834.5849588,5229,1688,,,,1731.869094169,60.0,0.04429391026496887,,,,,,,,,
4.511766284704209e-05,1770720837.9305236,5239,1689,4.511766284704209e-05,0.00045117662847042085,0.00045117662847042085,1735.217296657,,,,,,,,,,,
4.511766284704209e-05,1770720838.0923774,5239,1690,4.511766284704209e-05,0.00045117662847042085,0.00045117662847042085,1735.379056203,,,,,,,,,,,
,1770720838.2372997,5239,1691,,,,1735.521370816,60.0,0.07257433980703354,,,,,,,,,
,1770720841.5017934,5245,1692,,,,1738.786058536,60.0,,5.220077037811279,0.08035743236541748,5.220077037811279,0.920339822769165,,,,,
,1770720842.973286,5245,1693,,,,1740.257497201,60.0,,,,,,0.054894912987947464,4.654492378234863,,,
4.509928971529007e-05,1770720843.9865074,5249,1694,4.509928971529007e-05,0.0004509928971529007,0.0004509928971529007,1741.273082436,,,,,,,,,,,
4.509928971529007e-05,1770720844.1459095,5249,1695,4.509928971529007e-05,0.0004509928971529007,0.0004509928971529007,1741.433061059,,,,,,,,,,,
,1770720844.2901533,5249,1696,,,,1741.574214031,61.0,0.04808414354920387,,,,,,,,,
4.508088678121567e-05,1770720847.1801586,5259,1697,4.508088678121567e-05,0.0004508088678121567,0.0004508088678121567,1744.467074316,,,,,,,,,,,
4.508088678121567e-05,1770720847.3390105,5259,1698,4.508088678121567e-05,0.0004508088678121567,0.0004508088678121567,1744.626050848,,,,,,,,,,,
,1770720847.4831483,5259,1699,,,,1744.767198462,61.0,0.0486089289188385,,,,,,,,,
4.506245255470276e-05,1770720850.3723345,5269,1700,4.506245255470276e-05,0.0004506245255470276,0.0004506245255470276,1747.656520152,,,,,,,,,,,
4.506245255470276e-05,1770720850.5320163,5269,1701,4.506245255470276e-05,0.0004506245255470276,0.0004506245255470276,1747.816073793,,,,,,,,,,,
,1770720850.6759717,5269,1702,,,,1747.959969457,61.0,0.054820917546749115,,,,,,,,,
4.504398852586747e-05,1770720853.6024125,5279,1703,4.504398852586747e-05,0.00045043988525867465,0.00045043988525867465,1750.889109456,,,,,,,,,,,
4.504398852586747e-05,1770720853.7617605,5279,1704,4.504398852586747e-05,0.00045043988525867465,0.00045043988525867465,1751.048050936,,,,,,,,,,,
,1770720853.9058053,5279,1705,,,,1751.189845233,61.0,0.06026790291070938,,,,,,,,,
4.502549320459366e-05,1770720856.7955668,5289,1706,4.502549320459366e-05,0.0004502549320459366,0.0004502549320459366,1754.079747177,,,,,,,,,,,
4.502549320459366e-05,1770720856.9548476,5289,1707,4.502549320459366e-05,0.0004502549320459366,0.0004502549320459366,1754.242070932,,,,,,,,,,,
,1770720857.0987837,5289,1708,,,,1754.382794506,61.0,0.03751002252101898,,,,,,,,,
4.500696659088135e-05,1770720859.9904776,5299,1709,4.500696659088135e-05,0.0004500696659088135,0.0004500696659088135,1757.27467781,,,,,,,,,,,
4.500696659088135e-05,1770720860.1496584,5299,1710,4.500696659088135e-05,0.0004500696659088135,0.0004500696659088135,1757.433715644,,,,,,,,,,,
,1770720860.2942152,5299,1711,,,,1757.578205192,61.0,0.05057329684495926,,,,,,,,,
4.4988410174846654e-05,1770720863.185525,5309,1712,4.4988410174846654e-05,0.0004498841017484665,0.0004498841017484665,1760.469776841,,,,,,,,,,,
4.4988410174846654e-05,1770720863.3448718,5309,1713,4.4988410174846654e-05,0.0004498841017484665,0.0004498841017484665,1760.628935737,,,,,,,,,,,
,1770720863.4892068,5309,1714,,,,1760.773242349,61.0,0.03187642991542816,,,,,,,,,
4.496982395648957e-05,1770720866.3808267,5319,1715,4.496982395648957e-05,0.00044969823956489565,0.00044969823956489565,1763.664988988,,,,,,,,,,,
4.496982395648957e-05,1770720866.540284,5319,1716,4.496982395648957e-05,0.00044969823956489565,0.00044969823956489565,1763.827116355,,,,,,,,,,,
,1770720866.684829,5319,1717,,,,1763.968838153,61.0,0.02983694151043892,,,,,,,,,
4.495120644569397e-05,1770720869.575917,5329,1718,4.495120644569397e-05,0.00044951206445693973,0.00044951206445693973,1766.860126196,,,,,,,,,,,
4.495120644569397e-05,1770720869.73594,5329,1719,4.495120644569397e-05,0.00044951206445693973,0.00044951206445693973,1767.023089763,,,,,,,,,,,
,1770720869.8806956,5329,1720,,,,1767.164707143,61.0,0.07746873795986176,,,,,,,,,
,1770720871.8631997,5331,1721,,,,1769.147458705,61.0,,5.124428749084473,0.08114543557167053,5.124428749084473,0.9195514917373657,,,,,
,1770720873.384421,5331,1722,,,,1770.668673181,61.0,,,,,,0.05143403634428978,4.507778644561768,,,
4.4932557642459874e-05,1770720875.6482325,5339,1723,4.4932557642459874e-05,0.0004493255764245987,0.0004493255764245987,1772.934180617,,,,,,,,,,,
4.4932557642459874e-05,1770720875.8075156,5339,1724,4.4932557642459874e-05,0.0004493255764245987,0.0004493255764245987,1773.091602886,,,,,,,,,,,
,1770720875.951326,5339,1725,,,,1773.235312197,62.0,0.03165319934487343,,,,,,,,,
4.491387903690338e-05,1770720878.8801634,5349,1726,4.491387903690338e-05,0.0004491387903690338,0.0004491387903690338,1776.167289283,,,,,,,,,,,
4.491387903690338e-05,1770720879.0425103,5349,1727,4.491387903690338e-05,0.0004491387903690338,0.0004491387903690338,1776.326526816,,,,,,,,,,,
,1770720879.186844,5349,1728,,,,1776.470946607,62.0,0.04842996224761009,,,,,,,,,
4.489517062902451e-05,1770720882.0814722,5359,1729,4.489517062902451e-05,0.00044895170629024504,0.00044895170629024504,1779.368243434,,,,,,,,,,,
4.489517062902451e-05,1770720882.243879,5359,1730,4.489517062902451e-05,0.00044895170629024504,0.00044895170629024504,1779.52788185,,,,,,,,,,,
,1770720882.3880181,5359,1731,,,,1779.672056642,62.0,0.05688013881444931,,,,,,,,,
4.487643092870712e-05,1770720885.2807202,5369,1732,4.487643092870712e-05,0.00044876430928707126,0.00044876430928707126,1782.567208372,,,,,,,,,,,
4.487643092870712e-05,1770720885.4425545,5369,1733,4.487643092870712e-05,0.00044876430928707126,0.00044876430928707126,1782.726542621,,,,,,,,,,,
,1770720885.5868526,5369,1734,,,,1782.870829131,62.0,0.04106644168496132,,,,,,,,,
4.485765993595124e-05,1770720888.4806466,5379,1735,4.485765993595124e-05,0.00044857659935951233,0.00044857659935951233,1785.767123287,,,,,,,,,,,
4.485765993595124e-05,1770720888.6403322,5379,1736,4.485765993595124e-05,0.00044857659935951233,0.00044857659935951233,1785.924367917,,,,,,,,,,,
,1770720888.7847548,5379,1737,,,,1786.068786386,62.0,0.03854081779718399,,,,,,,,,
4.4838860630989075e-05,1770720891.6776574,5389,1738,4.4838860630989075e-05,0.0004483886063098908,0.0004483886063098908,1788.961820507,,,,,,,,,,,
4.4838860630989075e-05,1770720891.8935363,5389,1739,4.4838860630989075e-05,0.0004483886063098908,0.0004483886063098908,1789.177598854,,,,,,,,,,,
,1770720892.0376692,5389,1740,,,,1789.321684631,62.0,0.057247091084718704,,,,,,,,,
4.482003003358841e-05,1770720894.93044,5399,1741,4.482003003358841e-05,0.0004482003003358841,0.0004482003003358841,1792.214628401,,,,,,,,,,,
4.482003003358841e-05,1770720895.0908973,5399,1742,4.482003003358841e-05,0.0004482003003358841,0.0004482003003358841,1792.378119501,,,,,,,,,,,
,1770720895.2353134,5399,1743,,,,1792.519294022,62.0,0.05110733211040497,,,,,,,,,
4.4801168143749236e-05,1770720898.128298,5409,1744,4.4801168143749236e-05,0.0004480116814374924,0.0004480116814374924,1795.415118487,,,,,,,,,,,
4.4801168143749236e-05,1770720898.2875447,5409,1745,4.4801168143749236e-05,0.0004480116814374924,0.0004480116814374924,1795.571565575,,,,,,,,,,,
,1770720898.432173,5409,1746,,,,1795.716232697,62.0,0.025246087461709976,,,,,,,,,
,1770720902.3308368,5417,1747,,,,1799.614990813,62.0,,5.199582099914551,0.08390461653470993,5.199582099914551,0.9168078899383545,,,,,
,1770720903.804783,5417,1748,,,,1801.089066044,62.0,,,,,,0.05038157105445862,4.449776649475098,,,
4.47822779417038e-05,1770720904.1536903,5419,1749,4.47822779417038e-05,0.000447822779417038,0.000447822779417038,1801.44014377,,,,,,,,,,,
4.47822779417038e-05,1770720904.313659,5419,1750,4.47822779417038e-05,0.000447822779417038,0.000447822779417038,1801.597687229,,,,,,,,,,,
,1770720904.4577212,5419,1751,,,,1801.741722639,63.0,0.046004295349121094,,,,,,,,,
4.4763354957103733e-05,1770720907.350269,5429,1752,4.4763354957103733e-05,0.0004476335495710373,0.0004476335495710373,1804.634438648,,,,,,,,,,,
4.4763354957103733e-05,1770720907.5096247,5429,1753,4.4763354957103733e-05,0.0004476335495710373,0.0004476335495710373,1804.793675899,,,,,,,,,,,
,1770720907.6537006,5429,1754,,,,1804.937689385,63.0,0.05045345053076744,,,,,,,,,
4.47444036602974e-05,1770720910.5450132,5439,1755,4.47444036602974e-05,0.00044744403660297393,0.00044744403660297393,1807.82921105,,,,,,,,,,,
4.47444036602974e-05,1770720910.7044034,5439,1756,4.47444036602974e-05,0.00044744403660297393,0.00044744403660297393,1807.988477374,,,,,,,,,,,
,1770720910.8490036,5439,1757,,,,1808.132986357,63.0,0.07626616954803467,,,,,,,,,
4.4725422561168676e-05,1770720913.7408452,5449,1758,4.4725422561168676e-05,0.00044725422561168673,0.00044725422561168673,1811.02505377,,,,,,,,,,,
4.4725422561168676e-05,1770720913.9002495,5449,1759,4.4725422561168676e-05,0.00044725422561168673,0.00044725422561168673,1811.18709927,,,,,,,,,,,
,1770720914.0441904,5449,1760,,,,1811.328188441,63.0,0.03459154814481735,,,,,,,,,
4.4706410169601444e-05,1770720916.9456885,5459,1761,4.4706410169601444e-05,0.0004470641016960144,0.0004470641016960144,1814.22988848,,,,,,,,,,,
4.4706410169601444e-05,1770720917.1047497,5459,1762,4.4706410169601444e-05,0.0004470641016960144,0.0004470641016960144,1814.388791426,,,,,,,,,,,
,1770720917.2485783,5459,1763,,,,1814.532552581,63.0,0.04426761344075203,,,,,,,,,
4.4687367975711826e-05,1770720920.1359031,5469,1764,4.4687367975711826e-05,0.00044687367975711824,0.00044687367975711824,1817.420117021,,,,,,,,,,,
4.4687367975711826e-05,1770720920.295687,5469,1765,4.4687367975711826e-05,0.00044687367975711824,0.00044687367975711824,1817.57969946,,,,,,,,,,,
,1770720920.439818,5469,1766,,,,1817.723820438,63.0,0.04204633831977844,,,,,,,,,
4.46682944893837e-05,1770720923.3285484,5479,1767,4.46682944893837e-05,0.000446682944893837,0.000446682944893837,1820.612784311,,,,,,,,,,,
4.46682944893837e-05,1770720923.4877622,5479,1768,4.46682944893837e-05,0.000446682944893837,0.000446682944893837,1820.771805555,,,,,,,,,,,
,1770720923.6322806,5479,1769,,,,1820.91625,63.0,0.11166846007108688,,,,,,,,,
4.4649192690849305e-05,1770720926.5191596,5489,1770,4.4649192690849305e-05,0.000446491926908493,0.000446491926908493,1823.803361708,,,,,,,,,,,
4.4649192690849305e-05,1770720926.6786065,5489,1771,4.4649192690849305e-05,0.000446491926908493,0.000446491926908493,1823.962646559,,,,,,,,,,,
,1770720926.8231118,5489,1772,,,,1824.107091875,63.0,0.044093407690525055,,,,,,,,,
4.46300595998764e-05,1770720929.709884,5499,1773,4.46300595998764e-05,0.0004463005959987641,0.0004463005959987641,1826.997102495,,,,,,,,,,,
4.46300595998764e-05,1770720929.8690982,5499,1774,4.46300595998764e-05,0.0004463005959987641,0.0004463005959987641,1827.15606534,,,,,,,,,,,
,1770720930.0131996,5499,1775,,,,1827.29726071,63.0,0.029533622786402702,,,,,,,,,
,1770720932.632506,5503,1776,,,,1829.916759972,63.0,,5.7483673095703125,0.10370366275310516,5.748366832733154,0.8971855640411377,,,,,
,1770720932.634212,5503,1777,,,,1829.918133641,63.0,,,,,,0.05129038542509079,4.461778163909912,,,
4.461089819669724e-05,1770720934.275912,5509,1778,4.461089819669724e-05,0.0004461089819669724,0.0004461089819669724,1831.563113604,,,,,,,,,,,
4.461089819669724e-05,1770720934.4350302,5509,1779,4.461089819669724e-05,0.0004461089819669724,0.0004461089819669724,1831.722061977,,,,,,,,,,,
,1770720934.5786488,5509,1780,,,,1831.862698094,64.0,0.023947305977344513,,,,,,,,,
4.459170550107956e-05,1770720937.4667904,5519,1781,4.459170550107956e-05,0.0004459170550107956,0.0004459170550107956,1834.750994111,,,,,,,,,,,
4.459170550107956e-05,1770720937.6267028,5519,1782,4.459170550107956e-05,0.0004459170550107956,0.0004459170550107956,1834.910744361,,,,,,,,,,,
,1770720937.7709687,5519,1783,,,,1835.05494615,64.0,0.0366969108581543,,,,,,,,,
4.45724830031395e-05,1770720940.6574256,5529,1784,4.45724830031395e-05,0.00044572483003139495,0.00044572483003139495,1837.941651385,,,,,,,,,,,
4.45724830031395e-05,1770720940.8169816,5529,1785,4.45724830031395e-05,0.00044572483003139495,0.00044572483003139495,1838.104113801,,,,,,,,,,,
,1770720940.961525,5529,1786,,,,1838.245529873,64.0,0.03449290245771408,,,,,,,,,
4.4553229212760926e-05,1770720943.8477223,5539,1787,4.4553229212760926e-05,0.00044553229212760927,0.00044553229212760927,1841.131904095,,,,,,,,,,,
4.4553229212760926e-05,1770720944.0066817,5539,1788,4.4553229212760926e-05,0.00044553229212760927,0.00044553229212760927,1841.29072845,,,,,,,,,,,
,1770720944.151344,5539,1789,,,,1841.435315709,64.0,0.06607542932033539,,,,,,,,,
4.453394711017609e-05,1770720947.0377026,5549,1790,4.453394711017609e-05,0.0004453394711017609,0.0004453394711017609,1844.321897669,,,,,,,,,,,
4.453394711017609e-05,1770720947.1972787,5549,1791,4.453394711017609e-05,0.0004453394711017609,0.0004453394711017609,1844.481319574,,,,,,,,,,,
,1770720947.3414643,5549,1792,,,,1844.62543336,64.0,0.06322935223579407,,,,,,,,,
4.4514635205268865e-05,1770720950.227217,5559,1793,4.4514635205268865e-05,0.0004451463520526886,0.0004451463520526886,1847.511411055,,,,,,,,,,,
4.4514635205268865e-05,1770720950.3868814,5559,1794,4.4514635205268865e-05,0.0004451463520526886,0.0004451463520526886,1847.670920983,,,,,,,,,,,
,1770720950.531219,5559,1795,,,,1847.815199115,64.0,0.02797476388514042,,,,,,,,,
4.449529349803925e-05,1770720953.4209087,5569,1796,4.449529349803925e-05,0.00044495293498039246,0.00044495293498039246,1850.705126596,,,,,,,,,,,
4.449529349803925e-05,1770720953.580353,5569,1797,4.449529349803925e-05,0.00044495293498039246,0.00044495293498039246,1850.867092754,,,,,,,,,,,
,1770720953.7248192,5569,1798,,,,1851.008823218,64.0,0.0460381954908371,,,,,,,,,
4.447592049837113e-05,1770720956.6226294,5579,1799,4.447592049837113e-05,0.00044475920498371124,0.00044475920498371124,1853.906840901,,,,,,,,,,,
4.447592049837113e-05,1770720956.7819035,5579,1800,4.447592049837113e-05,0.00044475920498371124,0.00044475920498371124,1854.069078958,,,,,,,,,,,
,1770720956.925709,5579,1801,,,,1854.209711128,64.0,0.04855283349752426,,,,,,,,,
4.4456519186496735e-05,1770720959.8115933,5589,1802,4.4456519186496735e-05,0.00044456519186496734,0.00044456519186496734,1857.095767438,,,,,,,,,,,
4.4456519186496735e-05,1770720959.9603913,5589,1803,4.4456519186496735e-05,0.00044456519186496734,0.00044456519186496734,1857.244386409,,,,,,,,,,,
,1770720960.0173583,5589,1804,,,,1857.30129738,64.0,0.026301542297005653,,,,,,,,,
,1770720961.4591491,5589,1805,,,,1858.743354746,64.0,,5.2873382568359375,0.08318885415792465,5.287337303161621,0.917543888092041,,,,,
,1770720961.4608302,5589,1806,,,,1858.744743017,64.0,,,,,,0.05083621293306351,4.476724147796631,,,
4.4437088072299956e-05,1770720964.3483686,5599,1807,4.4437088072299956e-05,0.0004443708807229996,0.0004443708807229996,1861.632562857,,,,,,,,,,,
4.4437088072299956e-05,1770720964.5076597,5599,1808,4.4437088072299956e-05,0.0004443708807229996,0.0004443708807229996,1861.791702736,,,,,,,,,,,
,1770720964.6516824,5599,1809,,,,1861.935663389,65.0,0.05769994109869003,,,,,,,,,
4.4417625665664675e-05,1770720967.5396497,5609,1810,4.4417625665664675e-05,0.00044417625665664674,0.00044417625665664674,1864.823943047,,,,,,,,,,,
4.4417625665664675e-05,1770720967.699405,5609,1811,4.4417625665664675e-05,0.00044417625665664674,0.00044417625665664674,1864.986082625,,,,,,,,,,,
,1770720967.843506,5609,1812,,,,1865.127499886,65.0,0.04764228314161301,,,,,,,,,
4.439813494682312e-05,1770720970.7894733,5619,1813,4.439813494682312e-05,0.0004439813494682312,0.0004439813494682312,1868.076098064,,,,,,,,,,,
4.439813494682312e-05,1770720970.948559,5619,1814,4.439813494682312e-05,0.0004439813494682312,0.0004439813494682312,1868.235056349,,,,,,,,,,,
,1770720971.092593,5619,1815,,,,1868.376640872,65.0,0.04149980470538139,,,,,,,,,
4.437861442565918e-05,1770720973.9852395,5629,1816,4.437861442565918e-05,0.0004437861442565918,0.0004437861442565918,1871.269446849,,,,,,,,,,,
4.437861442565918e-05,1770720974.1447268,5629,1817,4.437861442565918e-05,0.0004437861442565918,0.0004437861442565918,1871.428774821,,,,,,,,,,,
,1770720974.289068,5629,1818,,,,1871.573048315,65.0,0.0567878857254982,,,,,,,,,
4.4359064102172856e-05,1770720977.1786964,5639,1819,4.4359064102172856e-05,0.00044359064102172854,0.00044359064102172854,1874.462877874,,,,,,,,,,,
4.4359064102172856e-05,1770720977.3381698,5639,1820,4.4359064102172856e-05,0.00044359064102172854,0.00044359064102172854,1874.622258645,,,,,,,,,,,
,1770720977.4822874,5639,1821,,,,1874.766271586,65.0,0.03249616175889969,,,,,,,,,
4.4339483976364136e-05,1770720980.3722913,5649,1822,4.4339483976364136e-05,0.0004433948397636414,0.0004433948397636414,1877.659085316,,,,,,,,,,,
4.4339483976364136e-05,1770720980.5311506,5649,1823,4.4339483976364136e-05,0.0004433948397636414,0.0004433948397636414,1877.818061387,,,,,,,,,,,
,1770720980.675167,5649,1824,,,,1877.959215801,65.0,0.03596814349293709,,,,,,,,,
4.431987553834915e-05,1770720983.567656,5659,1825,4.431987553834915e-05,0.00044319875538349155,0.00044319875538349155,1880.851867472,,,,,,,,,,,
4.431987553834915e-05,1770720983.7270582,5659,1826,4.431987553834915e-05,0.00044319875538349155,0.00044319875538349155,1881.014089904,,,,,,,,,,,
,1770720983.8709955,5659,1827,,,,1881.155017657,65.0,0.027960870414972305,,,,,,,,,
4.4300235807895663e-05,1770720986.7619085,5669,1828,4.4300235807895663e-05,0.00044300235807895663,0.00044300235807895663,1884.046145347,,,,,,,,,,,
4.4300235807895663e-05,1770720986.9216835,5669,1829,4.4300235807895663e-05,0.00044300235807895663,0.00044300235807895663,1884.205734732,,,,,,,,,,,
,1770720987.065805,5669,1830,,,,1884.3497859,65.0,0.05542765557765961,,,,,,,,,
,1770720990.3236601,5675,1831,,,,1887.607930718,65.0,,5.553954601287842,0.09265498071908951,5.553953647613525,0.9081112146377563,,,,,
,1770720990.3254108,5675,1832,,,,1887.609326991,65.0,,,,,,0.04953138157725334,4.447079181671143,,,
4.428056627511978e-05,1770720991.2997587,5679,1833,4.428056627511978e-05,0.00044280566275119783,0.00044280566275119783,1888.583918398,,,,,,,,,,,
4.428056627511978e-05,1770720991.4597456,5679,1834,4.428056627511978e-05,0.00044280566275119783,0.00044280566275119783,1888.743785681,,,,,,,,,,,
,1770720991.6039317,5679,1835,,,,1888.887916268,66.0,0.04988786578178406,,,,,,,,,
4.4260868430137636e-05,1770720994.4964821,5689,1836,4.4260868430137636e-05,0.00044260868430137635,0.00044260868430137635,1891.780677438,,,,,,,,,,,
4.4260868430137636e-05,1770720994.6557064,5689,1837,4.4260868430137636e-05,0.00044260868430137635,0.00044260868430137635,1891.939775763,,,,,,,,,,,
,1770720994.7997038,5689,1838,,,,1892.08368106,66.0,0.05047488957643509,,,,,,,,,
4.424114227294922e-05,1770720997.690167,5699,1839,4.424114227294922e-05,0.0004424114227294922,0.0004424114227294922,1894.974379398,,,,,,,,,,,
4.424114227294922e-05,1770720997.8495827,5699,1840,4.424114227294922e-05,0.0004424114227294922,0.0004424114227294922,1895.133632275,,,,,,,,,,,
,1770720997.994049,5699,1841,,,,1895.278039879,66.0,0.03250710293650627,,,,,,,,,
4.42213848233223e-05,1770721000.8833442,5709,1842,4.42213848233223e-05,0.000442213848233223,0.000442213848233223,1898.167545025,,,,,,,,,,,
4.42213848233223e-05,1770721001.0431113,5709,1843,4.42213848233223e-05,0.000442213848233223,0.000442213848233223,1898.33010953,,,,,,,,,,,
,1770721001.1872072,5709,1844,,,,1898.471184254,66.0,0.03139081597328186,,,,,,,,,
4.4201597571372985e-05,1770721004.0772781,5719,1845,4.4201597571372985e-05,0.0004420159757137299,0.0004420159757137299,1901.361468379,,,,,,,,,,,
4.4201597571372985e-05,1770721004.2369723,5719,1846,4.4201597571372985e-05,0.0004420159757137299,0.0004420159757137299,1901.524120956,,,,,,,,,,,
,1770721004.381059,5719,1847,,,,1901.66505676,66.0,0.05315752699971199,,,,,,,,,
4.418178200721741e-05,1770721007.2707129,5729,1848,4.418178200721741e-05,0.00044181782007217407,0.00044181782007217407,1904.55488932,,,,,,,,,,,
4.418178200721741e-05,1770721007.4299068,5729,1849,4.418178200721741e-05,0.00044181782007217407,0.00044181782007217407,1904.713964148,,,,,,,,,,,
,1770721007.5736668,5729,1850,,,,1904.8576408,66.0,0.045523665845394135,,,,,,,,,
4.416193664073944e-05,1770721010.4656613,5739,1851,4.416193664073944e-05,0.0004416193664073944,0.0004416193664073944,1907.749895014,,,,,,,,,,,
4.416193664073944e-05,1770721010.625701,5739,1852,4.416193664073944e-05,0.0004416193664073944,0.0004416193664073944,1907.909750477,,,,,,,,,,,
,1770721010.7703702,5739,1853,,,,1908.054388297,66.0,0.03474629297852516,,,,,,,,,
4.4142062962055205e-05,1770721013.659467,5749,1854,4.4142062962055205e-05,0.0004414206296205521,0.0004414206296205521,1910.943650409,,,,,,,,,,,
4.4142062962055205e-05,1770721013.8186543,5749,1855,4.4142062962055205e-05,0.0004414206296205521,0.0004414206296205521,1911.102712968,,,,,,,,,,,
,1770721013.963294,5749,1856,,,,1911.247267412,66.0,0.029710678383708,,,,,,,,,
4.412215948104859e-05,1770721016.8549042,5759,1857,4.412215948104859e-05,0.00044122159481048586,0.00044122159481048586,1914.139122235,,,,,,,,,,,
4.412215948104859e-05,1770721017.0144415,5759,1858,4.412215948104859e-05,0.00044122159481048586,0.00044122159481048586,1914.301090531,,,,,,,,,,,
,1770721017.1585217,5759,1859,,,,1914.442531835,66.0,0.04109695181250572,,,,,,,,,
,1770721019.1406167,5761,1860,,,,1916.42479877,66.0,,5.843322277069092,0.09920353442430496,5.84332275390625,0.9016166925430298,,,,,
,1770721019.1422613,5761,1861,,,,1916.426197717,66.0,,,,,,0.04919823631644249,4.394739151000977,,,
4.410222619771958e-05,1770721021.394207,5769,1862,4.410222619771958e-05,0.00044102226197719575,0.00044102226197719575,1918.678387436,,,,,,,,,,,
4.410222619771958e-05,1770721021.5532725,5769,1863,4.410222619771958e-05,0.00044102226197719575,0.00044102226197719575,1918.837330875,,,,,,,,,,,
,1770721021.6973844,5769,1864,,,,1918.981372536,67.0,0.04851319640874863,,,,,,,,,
4.4082264602184296e-05,1770721024.5889506,5779,1865,4.4082264602184296e-05,0.00044082264602184296,0.00044082264602184296,1921.873159515,,,,,,,,,,,
4.4082264602184296e-05,1770721024.7482436,5779,1866,4.4082264602184296e-05,0.00044082264602184296,0.00044082264602184296,1922.032295304,,,,,,,,,,,
,1770721024.8928316,5779,1867,,,,1922.176807934,67.0,0.07089826464653015,,,,,,,,,
4.4062273204326633e-05,1770721027.7827694,5789,1868,4.4062273204326633e-05,0.0004406227320432663,0.0004406227320432663,1925.066971604,,,,,,,,,,,
4.4062273204326633e-05,1770721027.942162,5789,1869,4.4062273204326633e-05,0.0004406227320432663,0.0004406227320432663,1925.227126126,,,,,,,,,,,
,1770721028.086699,5789,1870,,,,1925.370680713,67.0,0.03062523528933525,,,,,,,,,
4.404225200414658e-05,1770721030.9770112,5799,1871,4.404225200414658e-05,0.0004404225200414658,0.0004404225200414658,1928.261218592,,,,,,,,,,,
4.404225200414658e-05,1770721031.136684,5799,1872,4.404225200414658e-05,0.0004404225200414658,0.0004404225200414658,1928.423117743,,,,,,,,,,,
,1770721031.280818,5799,1873,,,,1928.564829513,67.0,0.03336042910814285,,,,,,,,,
4.402220249176026e-05,1770721034.1704764,5809,1874,4.402220249176026e-05,0.00044022202491760253,0.00044022202491760253,1931.454668585,,,,,,,,,,,
4.402220249176026e-05,1770721034.3298109,5809,1875,4.402220249176026e-05,0.00044022202491760253,0.00044022202491760253,1931.613859586,,,,,,,,,,,
,1770721034.4743776,5809,1876,,,,1931.758365045,67.0,0.05883483588695526,,,,,,,,,
4.4002124667167665e-05,1770721037.36542,5819,1877,4.4002124667167665e-05,0.00044002124667167665,0.00044002124667167665,1934.649609128,,,,,,,,,,,
4.4002124667167665e-05,1770721037.5246904,5819,1878,4.4002124667167665e-05,0.00044002124667167665,0.00044002124667167665,1934.81109097,,,,,,,,,,,
,1770721037.6683662,5819,1879,,,,1934.952371861,67.0,0.07234682887792587,,,,,,,,,
4.398201555013657e-05,1770721040.5592113,5829,1880,4.398201555013657e-05,0.0004398201555013657,0.0004398201555013657,1937.843418663,,,,,,,,,,,
4.398201555013657e-05,1770721040.7185507,5829,1881,4.398201555013657e-05,0.0004398201555013657,0.0004398201555013657,1938.002603323,,,,,,,,,,,
,1770721040.8631375,5829,1882,,,,1938.147152868,67.0,0.06807801127433777,,,,,,,,,
4.396187961101532e-05,1770721043.754173,5839,1883,4.396187961101532e-05,0.0004396187961101532,0.0004396187961101532,1941.038379126,,,,,,,,,,,
4.396187961101532e-05,1770721043.9140651,5839,1884,4.396187961101532e-05,0.0004396187961101532,0.0004396187961101532,1941.201109317,,,,,,,,,,,
,1770721044.0582535,5839,1885,,,,1941.342226952,67.0,0.032279521226882935,,,,,,,,,
,1770721047.9558523,5847,1886,,,,1945.240038259,67.0,,5.422501087188721,0.08916818350553513,5.4225006103515625,0.9116016626358032,,,,,
,1770721047.9573278,5847,1887,,,,1945.241418218,67.0,,,,,,0.05202062055468559,4.545013904571533,,,
4.394171386957169e-05,1770721048.2940583,5849,1888,4.394171386957169e-05,0.00043941713869571686,0.00043941713869571686,1945.578194225,,,,,,,,,,,
4.394171386957169e-05,1770721048.4532645,5849,1889,4.394171386957169e-05,0.00043941713869571686,0.00043941713869571686,1945.737317833,,,,,,,,,,,
,1770721048.597308,5849,1890,,,,1945.881305762,68.0,0.02897566929459572,,,,,,,,,
4.3921518325805665e-05,1770721051.4865396,5859,1891,4.3921518325805665e-05,0.00043921518325805664,0.00043921518325805664,1948.770733479,,,,,,,,,,,
4.3921518325805665e-05,1770721051.6461382,5859,1892,4.3921518325805665e-05,0.00043921518325805664,0.00043921518325805664,1948.931106509,,,,,,,,,,,
,1770721051.7900772,5859,1893,,,,1949.074070555,68.0,0.0382237583398819,,,,,,,,,
4.3901294469833377e-05,1770721054.6796088,5869,1894,4.3901294469833377e-05,0.00043901294469833374,0.00043901294469833374,1951.963808966,,,,,,,,,,,
4.3901294469833377e-05,1770721054.839731,5869,1895,4.3901294469833377e-05,0.00043901294469833374,0.00043901294469833374,1952.123796314,,,,,,,,,,,
,1770721054.9840305,5869,1896,,,,1952.268022972,68.0,0.051690567284822464,,,,,,,,,
4.38810408115387e-05,1770721057.874848,5879,1897,4.38810408115387e-05,0.00043881040811538695,0.00043881040811538695,1955.159059724,,,,,,,,,,,
4.38810408115387e-05,1770721058.0344949,5879,1898,4.38810408115387e-05,0.00043881040811538695,0.00043881040811538695,1955.321092163,,,,,,,,,,,
,1770721058.1786013,5879,1899,,,,1955.462617561,68.0,0.026441531255841255,,,,,,,,,
4.386076033115387e-05,1770721061.0702257,5889,1900,4.386076033115387e-05,0.00043860760331153873,0.00043860760331153873,1958.354423327,,,,,,,,,,,
4.386076033115387e-05,1770721061.2296634,5889,1901,4.386076033115387e-05,0.00043860760331153873,0.00043860760331153873,1958.513750271,,,,,,,,,,,
,1770721061.3740945,5889,1902,,,,1958.65808487,68.0,0.05547017976641655,,,,,,,,,
4.384045004844666e-05,1770721064.2652261,5899,1903,4.384045004844666e-05,0.00043840450048446657,0.00043840450048446657,1961.549418481,,,,,,,,,,,
4.384045004844666e-05,1770721064.4243178,5899,1904,4.384045004844666e-05,0.00043840450048446657,0.00043840450048446657,1961.708372933,,,,,,,,,,,
,1770721064.568404,5899,1905,,,,1961.852388652,68.0,0.03155822306871414,,,,,,,,,
4.382010996341706e-05,1770721067.4599907,5909,1906,4.382010996341706e-05,0.00043820109963417053,0.00043820109963417053,1964.744202201,,,,,,,,,,,
4.382010996341706e-05,1770721067.6193366,5909,1907,4.382010996341706e-05,0.00043820109963417053,0.00043820109963417053,1964.903408011,,,,,,,,,,,
,1770721067.763971,5909,1908,,,,1965.047953668,68.0,0.03496754169464111,,,,,,,,,
4.379974156618119e-05,1770721070.6621144,5919,1909,4.379974156618119e-05,0.00043799741566181186,0.00043799741566181186,1967.946242946,,,,,,,,,,,
4.379974156618119e-05,1770721070.8217838,5919,1910,4.379974156618119e-05,0.00043799741566181186,0.00043799741566181186,1968.10590899,,,,,,,,,,,
,1770721070.9660695,5919,1911,,,,1968.250079612,68.0,0.03162823244929314,,,,,,,,,
4.377934485673905e-05,1770721073.8555694,5929,1912,4.377934485673905e-05,0.00043779344856739044,0.00043779344856739044,1971.139765537,,,,,,,,,,,
4.377934485673905e-05,1770721074.015057,5929,1913,4.377934485673905e-05,0.00043779344856739044,0.00043779344856739044,1971.299112449,,,,,,,,,,,
,1770721074.1591244,5929,1914,,,,1971.443127817,68.0,0.07954325526952744,,,,,,,,,
,1770721076.7793357,5933,1915,,,,1974.063403501,68.0,,5.037539005279541,0.07992801070213318,5.037538051605225,0.9207538962364197,,,,,
,1770721078.287392,5933,1916,,,,1975.571642987,68.0,,,,,,0.0459945872426033,4.270203590393066,,,
4.375891983509064e-05,1770721079.914152,5939,1917,4.375891983509064e-05,0.0004375891983509064,0.0004375891983509064,1977.201107179,,,,,,,,,,,
4.375891983509064e-05,1770721080.0730946,5939,1918,4.375891983509064e-05,0.0004375891983509064,0.0004375891983509064,1977.360057333,,,,,,,,,,,
,1770721080.2171254,5939,1919,,,,1977.501189778,69.0,0.05739831551909447,,,,,,,,,
4.373846650123596e-05,1770721083.1049743,5949,1920,4.373846650123596e-05,0.0004373846650123596,0.0004373846650123596,1980.389059174,,,,,,,,,,,
4.373846650123596e-05,1770721083.2640026,5949,1921,4.373846650123596e-05,0.0004373846650123596,0.0004373846650123596,1980.551059913,,,,,,,,,,,
,1770721083.4079194,5949,1922,,,,1980.691972176,69.0,0.02568019926548004,,,,,,,,,
4.37179833650589e-05,1770721086.2977722,5959,1923,4.37179833650589e-05,0.000437179833650589,0.000437179833650589,1983.581988842,,,,,,,,,,,
4.37179833650589e-05,1770721086.4570608,5959,1924,4.37179833650589e-05,0.000437179833650589,0.000437179833650589,1983.741155561,,,,,,,,,,,
,1770721086.6014855,5959,1925,,,,1983.885512102,69.0,0.04669647291302681,,,,,,,,,
4.369747191667557e-05,1770721089.4934597,5969,1926,4.369747191667557e-05,0.0004369747191667557,0.0004369747191667557,1986.777647525,,,,,,,,,,,
4.369747191667557e-05,1770721089.6527605,5969,1927,4.369747191667557e-05,0.0004369747191667557,0.0004369747191667557,1986.936811711,,,,,,,,,,,
,1770721089.7966015,5969,1928,,,,1987.080577402,69.0,0.05482407659292221,,,,,,,,,
4.3676930665969854e-05,1770721092.6871743,5979,1929,4.3676930665969854e-05,0.0004367693066596985,0.0004367693066596985,1989.971385761,,,,,,,,,,,
4.3676930665969854e-05,1770721092.8462405,5979,1930,4.3676930665969854e-05,0.0004367693066596985,0.0004367693066596985,1990.130292028,,,,,,,,,,,
,1770721092.990065,5979,1931,,,,1990.274064849,69.0,0.060707710683345795,,,,,,,,,
4.365636259317398e-05,1770721095.8788428,5989,1932,4.365636259317398e-05,0.0004365636259317398,0.0004365636259317398,1993.16305171,,,,,,,,,,,
4.365636259317398e-05,1770721096.038239,5989,1933,4.365636259317398e-05,0.0004365636259317398,0.0004365636259317398,1993.325066991,,,,,,,,,,,
,1770721096.1822863,5989,1934,,,,1993.466298633,69.0,0.05793921276926994,,,,,,,,,
4.363576471805573e-05,1770721099.0719035,5999,1935,4.363576471805573e-05,0.00043635764718055726,0.00043635764718055726,1996.356154679,,,,,,,,,,,
4.363576471805573e-05,1770721099.2319477,5999,1936,4.363576471805573e-05,0.00043635764718055726,0.00043635764718055726,1996.519102123,,,,,,,,,,,
,1770721099.3760757,5999,1937,,,,1996.660084561,69.0,0.035936977714300156,,,,,,,,,
4.361514002084732e-05,1770721102.2666929,6009,1938,4.361514002084732e-05,0.0004361514002084732,0.0004361514002084732,1999.550906127,,,,,,,,,,,
4.361514002084732e-05,1770721102.4260814,6009,1939,4.361514002084732e-05,0.0004361514002084732,0.0004361514002084732,1999.710134839,,,,,,,,,,,
,1770721102.569867,6009,1940,,,,1999.853857634,69.0,0.04347115382552147,,,,,,,,,
4.359448552131653e-05,1770721106.2275362,6019,1941,4.359448552131653e-05,0.00043594485521316527,0.00043594485521316527,2003.511634928,,,,,,,,,,,
4.359448552131653e-05,1770721106.37848,6019,1942,4.359448552131653e-05,0.00043594485521316527,0.00043594485521316527,2003.662520703,,,,,,,,,,,
,1770721106.4353282,6019,1943,,,,2003.719359291,69.0,0.052672311663627625,,,,,,,,,
,1770721108.0321338,6019,1944,,,,2005.316385718,69.0,,5.271129131317139,0.0811057761311531,5.2711286544799805,0.9195804595947266,,,,,
,1770721108.0336196,6019,1945,,,,2005.317571314,69.0,,,,,,0.04594246670603752,4.297256946563721,,,
4.357380270957947e-05,1770721111.1002114,6029,1946,4.357380270957947e-05,0.0004357380270957947,0.0004357380270957947,2008.38436431,,,,,,,,,,,
4.357380270957947e-05,1770721111.2606905,6029,1947,4.357380270957947e-05,0.0004357380270957947,0.0004357380270957947,2008.547094836,,,,,,,,,,,
,1770721111.4054275,6029,1948,,,,2008.689495769,70.0,0.048230599611997604,,,,,,,,,
4.3553091585636144e-05,1770721114.3075125,6039,1949,4.3553091585636144e-05,0.0004355309158563614,0.0004355309158563614,2011.591688086,,,,,,,,,,,
4.3553091585636144e-05,1770721114.4674556,6039,1950,4.3553091585636144e-05,0.0004355309158563614,0.0004355309158563614,2011.751502019,,,,,,,,,,,
,1770721114.6118803,6039,1951,,,,2011.895925188,70.0,0.0667838603258133,,,,,,,,,
4.353235214948654e-05,1770721117.5083845,6049,1952,4.353235214948654e-05,0.0004353235214948654,0.0004353235214948654,2014.792552218,,,,,,,,,,,
4.353235214948654e-05,1770721117.6713436,6049,1953,4.353235214948654e-05,0.0004353235214948654,0.0004353235214948654,2014.955484378,,,,,,,,,,,
,1770721117.8163276,6049,1954,,,,2015.100453469,70.0,0.043604783713817596,,,,,,,,,
4.351158291101456e-05,1770721120.714556,6059,1955,4.351158291101456e-05,0.0004351158291101456,0.0004351158291101456,2017.998742718,,,,,,,,,,,
4.351158291101456e-05,1770721120.8744452,6059,1956,4.351158291101456e-05,0.0004351158291101456,0.0004351158291101456,2018.158498432,,,,,,,,,,,
,1770721121.0188782,6059,1957,,,,2018.302868711,70.0,0.05117440223693848,,,,,,,,,
4.3490788340568544e-05,1770721123.9603555,6069,1958,4.3490788340568544e-05,0.0004349078834056854,0.0004349078834056854,2021.24453772,,,,,,,,,,,
4.3490788340568544e-05,1770721124.1203904,6069,1959,4.3490788340568544e-05,0.0004349078834056854,0.0004349078834056854,2021.404453085,,,,,,,,,,,
,1770721124.2653658,6069,1960,,,,2021.549429136,70.0,0.02988968975841999,,,,,,,,,
4.346996396780014e-05,1770721127.1991258,6079,1961,4.346996396780014e-05,0.0004346996396780014,0.0004346996396780014,2024.483286694,,,,,,,,,,,
4.346996396780014e-05,1770721127.3587465,6079,1962,4.346996396780014e-05,0.0004346996396780014,0.0004346996396780014,2024.642799462,,,,,,,,,,,
,1770721127.503904,6079,1963,,,,2024.787962464,70.0,0.044416919350624084,,,,,,,,,
4.3449111282825474e-05,1770721130.42765,6089,1964,4.3449111282825474e-05,0.0004344911128282547,0.0004344911128282547,2027.711844691,,,,,,,,,,,
4.3449111282825474e-05,1770721130.5873895,6089,1965,4.3449111282825474e-05,0.0004344911128282547,0.0004344911128282547,2027.871455967,,,,,,,,,,,
,1770721130.7322156,6089,1966,,,,2028.016294681,70.0,0.05699094384908676,,,,,,,,,
4.3428230285644535e-05,1770721133.6820657,6099,1967,4.3428230285644535e-05,0.0004342823028564453,0.0004342823028564453,2030.969123236,,,,,,,,,,,
4.3428230285644535e-05,1770721133.8419578,6099,1968,4.3428230285644535e-05,0.0004342823028564453,0.0004342823028564453,2031.129076017,,,,,,,,,,,
,1770721133.9865267,6099,1969,,,,2031.270529191,70.0,0.05092421546578407,,,,,,,,,
,1770721137.2481449,6105,1970,,,,2034.532444294,70.0,,5.269399642944336,0.08402016013860703,5.269399642944336,0.916688859462738,,,,,
,1770721137.2496397,6105,1971,,,,2034.53354345,70.0,,,,,,0.047252293676137924,4.315697193145752,,,
4.3407320976257325e-05,1770721138.2266655,6109,1972,4.3407320976257325e-05,0.00043407320976257324,0.00043407320976257324,2035.510835996,,,,,,,,,,,
4.3407320976257325e-05,1770721138.3858917,6109,1973,4.3407320976257325e-05,0.00043407320976257324,0.00043407320976257324,2035.669956432,,,,,,,,,,,
,1770721138.5304177,6109,1974,,,,2035.814427702,71.0,0.06353835761547089,,,,,,,,,
4.338638335466385e-05,1770721141.4283984,6119,1975,4.338638335466385e-05,0.0004338638335466385,0.0004338638335466385,2038.715149426,,,,,,,,,,,
4.338638335466385e-05,1770721141.5883296,6119,1976,4.338638335466385e-05,0.0004338638335466385,0.0004338638335466385,2038.875067815,,,,,,,,,,,
,1770721141.7326543,6119,1977,,,,2039.016689582,71.0,0.03538829833269119,,,,,,,,,
4.3365417420864105e-05,1770721144.6372075,6129,1978,4.3365417420864105e-05,0.00043365417420864106,0.00043365417420864106,2041.924117003,,,,,,,,,,,
4.3365417420864105e-05,1770721144.7970762,6129,1979,4.3365417420864105e-05,0.00043365417420864106,0.00043365417420864106,2042.084058986,,,,,,,,,,,
,1770721144.9413245,6129,1980,,,,2042.225388794,71.0,0.03285931050777435,,,,,,,,,
4.334442466497422e-05,1770721148.0971892,6139,1981,4.334442466497422e-05,0.00043344424664974214,0.00043344424664974214,2045.384139482,,,,,,,,,,,
4.334442466497422e-05,1770721148.2567604,6139,1982,4.334442466497422e-05,0.00043344424664974214,0.00043344424664974214,2045.543069471,,,,,,,,,,,
,1770721148.4011836,6139,1983,,,,2045.685165021,71.0,0.04910571873188019,,,,,,,,,
4.332340359687805e-05,1770721151.2994134,6149,1984,4.332340359687805e-05,0.00043323403596878053,0.00043323403596878053,2048.586119052,,,,,,,,,,,
4.332340359687805e-05,1770721151.4589298,6149,1985,4.332340359687805e-05,0.00043323403596878053,0.00043323403596878053,2048.746055997,,,,,,,,,,,
,1770721151.6032505,6149,1986,,,,2048.887315328,71.0,0.08776997774839401,,,,,,,,,
4.3302352726459504e-05,1770721154.503771,6159,1987,4.3302352726459504e-05,0.00043302352726459504,0.00043302352726459504,2051.787962121,,,,,,,,,,,
4.3302352726459504e-05,1770721154.662942,6159,1988,4.3302352726459504e-05,0.00043302352726459504,0.00043302352726459504,2051.94699855,,,,,,,,,,,
,1770721154.8076491,6159,1989,,,,2052.091761578,71.0,0.03777644410729408,,,,,,,,,
4.328127503395081e-05,1770721157.7063043,6169,1990,4.328127503395081e-05,0.00043281275033950806,0.00043281275033950806,2054.993152888,,,,,,,,,,,
4.328127503395081e-05,1770721157.8670967,6169,1991,4.328127503395081e-05,0.00043281275033950806,0.00043281275033950806,2055.15407718,,,,,,,,,,,
,1770721158.0116956,6169,1992,,,,2055.295693689,71.0,0.0527949221432209,,,,,,,,,
4.3260170519351964e-05,1770721160.9129777,6179,1993,4.3260170519351964e-05,0.0004326017051935196,0.0004326017051935196,2058.200228479,,,,,,,,,,,
4.3260170519351964e-05,1770721161.0757203,6179,1994,4.3260170519351964e-05,0.0004326017051935196,0.0004326017051935196,2058.362071635,,,,,,,,,,,
,1770721161.2199886,6179,1995,,,,2058.504062557,71.0,0.034200459718704224,,,,,,,,,
4.3239036202430726e-05,1770721164.425607,6189,1996,4.3239036202430726e-05,0.0004323903620243073,0.0004323903620243073,2061.712167855,,,,,,,,,,,
4.3239036202430726e-05,1770721164.586823,6189,1997,4.3239036202430726e-05,0.0004323903620243073,0.0004323903620243073,2061.870938372,,,,,,,,,,,
,1770721164.7314463,6189,1998,,,,2062.015553046,71.0,0.054077230393886566,,,,,,,,,
,1770721166.7154982,6191,1999,,,,2063.999719891,71.0,,5.814388275146484,0.1038796454668045,5.81438684463501,0.8969619274139404,,,,,
,1770721166.716949,6191,2000,,,,2064.000828932,71.0,,,,,,0.0484103225171566,4.368758201599121,,,
4.3217875063419346e-05,1770721168.978592,6199,2001,4.3217875063419346e-05,0.00043217875063419344,0.00043217875063419344,2066.262783548,,,,,,,,,,,
4.3217875063419346e-05,1770721169.138587,6199,2002,4.3217875063419346e-05,0.00043217875063419344,0.00043217875063419344,2066.422647662,,,,,,,,,,,
,1770721169.2826264,6199,2003,,,,2066.566621781,72.0,0.058655910193920135,,,,,,,,,
4.3196685612201694e-05,1770721172.1851463,6209,2004,4.3196685612201694e-05,0.0004319668561220169,0.0004319668561220169,2069.469337657,,,,,,,,,,,
4.3196685612201694e-05,1770721172.3451104,6209,2005,4.3196685612201694e-05,0.0004319668561220169,0.0004319668561220169,2069.632106496,,,,,,,,,,,
,1770721172.4896538,6209,2006,,,,2069.773659808,72.0,0.029547888785600662,,,,,,,,,
4.317546933889389e-05,1770721175.4098701,6219,2007,4.317546933889389e-05,0.0004317546933889389,0.0004317546933889389,2072.694071715,,,,,,,,,,,
4.317546933889389e-05,1770721175.569958,6219,2008,4.317546933889389e-05,0.0004317546933889389,0.0004317546933889389,2072.857099094,,,,,,,,,,,
,1770721175.7145875,6219,2009,,,,2072.998631354,72.0,0.05858982354402542,,,,,,,,,
4.3154223263263705e-05,1770721178.6080334,6229,2010,4.3154223263263705e-05,0.00043154223263263704,0.00043154223263263704,2075.892235766,,,,,,,,,,,
4.3154223263263705e-05,1770721178.7679892,6229,2011,4.3154223263263705e-05,0.00043154223263263704,0.00043154223263263704,2076.055109463,,,,,,,,,,,
,1770721178.9124331,6229,2012,,,,2076.19643423,72.0,0.054091814905405045,,,,,,,,,
4.313295036554337e-05,1770721181.8147595,6239,2013,4.313295036554337e-05,0.00043132950365543365,0.00043132950365543365,2079.098970161,,,,,,,,,,,
4.313295036554337e-05,1770721181.9746711,6239,2014,4.313295036554337e-05,0.00043132950365543365,0.00043132950365543365,2079.258737028,,,,,,,,,,,
,1770721182.118854,6239,2015,,,,2079.402858468,72.0,0.06942930817604065,,,,,,,,,
4.311165064573288e-05,1770721185.325883,6249,2016,4.311165064573288e-05,0.0004311165064573288,0.0004311165064573288,2082.610089266,,,,,,,,,,,
4.311165064573288e-05,1770721185.4889565,6249,2017,4.311165064573288e-05,0.0004311165064573288,0.0004311165064573288,2082.776132296,,,,,,,,,,,
,1770721185.6332006,6249,2018,,,,2082.917354369,72.0,0.029817704111337662,,,,,,,,,
4.3090322613716126e-05,1770721189.217556,6259,2019,4.3090322613716126e-05,0.00043090322613716125,0.00043090322613716125,2086.501723143,,,,,,,,,,,
4.3090322613716126e-05,1770721189.376904,6259,2020,4.3090322613716126e-05,0.00043090322613716125,0.00043090322613716125,2086.660961733,,,,,,,,,,,
,1770721189.5214205,6259,2021,,,,2086.80540617,72.0,0.05819910764694214,,,,,,,,,
4.306896775960923e-05,1770721192.4199848,6269,2022,4.306896775960923e-05,0.00043068967759609224,0.00043068967759609224,2089.704180199,,,,,,,,,,,
4.306896775960923e-05,1770721192.5795698,6269,2023,4.306896775960923e-05,0.00043068967759609224,0.00043068967759609224,2089.866149893,,,,,,,,,,,
,1770721192.7241163,6269,2024,,,,2090.008233894,72.0,0.038135915994644165,,,,,,,,,
,1770721196.712585,6277,2025,,,,2093.996768788,72.0,,5.408719062805176,0.08844711631536484,5.408719062805176,0.9122726917266846,,,,,
,1770721196.7140222,6277,2026,,,,2093.997973142,72.0,,,,,,0.04443707317113876,4.178156852722168,,,
4.3047583103179934e-05,1770721197.0543523,6279,2027,4.3047583103179934e-05,0.00043047583103179935,0.00043047583103179935,2094.338507297,,,,,,,,,,,
4.3047583103179934e-05,1770721197.2142396,6279,2028,4.3047583103179934e-05,0.00043047583103179935,0.00043047583103179935,2094.49829277,,,,,,,,,,,
,1770721197.359265,6279,2029,,,,2094.643308006,73.0,0.023755043745040894,,,,,,,,,
4.302617162466049e-05,1770721200.2583377,6289,2030,4.302617162466049e-05,0.0004302617162466049,0.0004302617162466049,2097.542506794,,,,,,,,,,,
4.302617162466049e-05,1770721200.4180129,6289,2031,4.302617162466049e-05,0.0004302617162466049,0.0004302617162466049,2097.702090885,,,,,,,,,,,
,1770721200.5627089,6289,2032,,,,2097.846702181,73.0,0.05303243547677994,,,,,,,,,
4.300473332405091e-05,1770721203.4669085,6299,2033,4.300473332405091e-05,0.00043004733324050905,0.00043004733324050905,2100.751113888,,,,,,,,,,,
4.300473332405091e-05,1770721203.6273518,6299,2034,4.300473332405091e-05,0.00043004733324050905,0.00043004733324050905,2100.914084559,,,,,,,,,,,
,1770721203.7719803,6299,2035,,,,2101.056054347,73.0,0.07375477999448776,,,,,,,,,
4.2983266711235046e-05,1770721206.6698308,6309,2036,4.2983266711235046e-05,0.0004298326671123505,0.0004298326671123505,2103.954056845,,,,,,,,,,,
4.2983266711235046e-05,1770721206.8290439,6309,2037,4.2983266711235046e-05,0.0004298326671123505,0.0004298326671123505,2104.116072487,,,,,,,,,,,
,1770721206.9732528,6309,2038,,,,2104.257250121,73.0,0.04135595262050629,,,,,,,,,
4.2961774766445163e-05,1770721209.8607156,6319,2039,4.2961774766445163e-05,0.0004296177476644516,0.0004296177476644516,2107.144910256,,,,,,,,,,,
4.2961774766445163e-05,1770721210.0201035,6319,2040,4.2961774766445163e-05,0.0004296177476644516,0.0004296177476644516,2107.304150107,,,,,,,,,,,
,1770721210.1647422,6319,2041,,,,2107.448718649,73.0,0.03787142410874367,,,,,,,,,
4.294025301933289e-05,1770721213.0521357,6329,2042,4.294025301933289e-05,0.00042940253019332886,0.00042940253019332886,2110.336335104,,,,,,,,,,,
4.294025301933289e-05,1770721213.2110124,6329,2043,4.294025301933289e-05,0.00042940253019332886,0.00042940253019332886,2110.495068382,,,,,,,,,,,
,1770721213.3555577,6329,2044,,,,2110.639529181,73.0,0.05048296973109245,,,,,,,,,
4.291870445013046e-05,1770721216.2440572,6339,2045,4.291870445013046e-05,0.00042918704450130464,0.00042918704450130464,2113.531122942,,,,,,,,,,,
4.291870445013046e-05,1770721216.4034598,6339,2046,4.291870445013046e-05,0.00042918704450130464,0.00042918704450130464,2113.687493961,,,,,,,,,,,
,1770721216.5477748,6339,2047,,,,2113.831738635,73.0,0.031402960419654846,,,,,,,,,
4.2897127568721773e-05,1770721219.4346337,6349,2048,4.2897127568721773e-05,0.00042897127568721773,0.00042897127568721773,2116.721095533,,,,,,,,,,,
4.2897127568721773e-05,1770721219.5936637,6349,2049,4.2897127568721773e-05,0.00042897127568721773,0.00042897127568721773,2116.880055471,,,,,,,,,,,
,1770721219.7375724,6349,2050,,,,2117.02161525,73.0,0.030976206064224243,,,,,,,,,
4.2875523865222935e-05,1770721222.6261175,6359,2051,4.2875523865222935e-05,0.00042875523865222934,0.00042875523865222934,2119.910291809,,,,,,,,,,,
4.2875523865222935e-05,1770721222.7854955,6359,2052,4.2875523865222935e-05,0.00042875523865222934,0.00042875523865222934,2120.072086798,,,,,,,,,,,
,1770721222.9294603,6359,2053,,,,2120.213485484,73.0,0.04436103254556656,,,,,,,,,
,1770721225.5497642,6363,2054,,,,2122.834001504,73.0,,5.3196282386779785,0.08486573398113251,5.319626808166504,0.91587233543396,,,,,
,1770721225.551463,6363,2055,,,,2122.835375203,73.0,,,,,,0.04913484677672386,4.342387676239014,,,
4.285389333963394e-05,1770721227.1625907,6369,2056,4.285389333963394e-05,0.00042853893339633945,0.00042853893339633945,2124.446764134,,,,,,,,,,,
4.285389333963394e-05,1770721227.3221107,6369,2057,4.285389333963394e-05,0.00042853893339633945,0.00042853893339633945,2124.606157715,,,,,,,,,,,
,1770721227.4663372,6369,2058,,,,2124.750314535,74.0,0.08192078024148941,,,,,,,,,
4.2832235991954805e-05,1770721230.352693,6379,2059,4.2832235991954805e-05,0.000428322359919548,0.000428322359919548,2127.636882848,,,,,,,,,,,
4.2832235991954805e-05,1770721230.5121007,6379,2060,4.2832235991954805e-05,0.000428322359919548,0.000428322359919548,2127.796142277,,,,,,,,,,,
,1770721230.6567376,6379,2061,,,,2127.940709976,74.0,0.04723434895277023,,,,,,,,,
4.28105503320694e-05,1770721233.5425906,6389,2062,4.28105503320694e-05,0.00042810550332069396,0.00042810550332069396,2130.826778932,,,,,,,,,,,
4.28105503320694e-05,1770721233.7020354,6389,2063,4.28105503320694e-05,0.00042810550332069396,0.00042810550332069396,2130.986086554,,,,,,,,,,,
,1770721233.846147,6389,2064,,,,2131.130121049,74.0,0.04064321145415306,,,,,,,,,
4.278883785009384e-05,1770721236.7333837,6399,2065,4.278883785009384e-05,0.0004278883785009384,0.0004278883785009384,2134.02008588,,,,,,,,,,,
4.278883785009384e-05,1770721236.892584,6399,2066,4.278883785009384e-05,0.0004278883785009384,0.0004278883785009384,2134.179053068,,,,,,,,,,,
,1770721237.0366428,6399,2067,,,,2134.320691104,74.0,0.06738302856683731,,,,,,,,,
4.276709854602814e-05,1770721239.9235764,6409,2068,4.276709854602814e-05,0.00042767098546028136,0.00042767098546028136,2137.207775471,,,,,,,,,,,
4.276709854602814e-05,1770721240.082444,6409,2069,4.276709854602814e-05,0.00042767098546028136,0.00042767098546028136,2137.36649093,,,,,,,,,,,
,1770721240.2262502,6409,2070,,,,2137.510220215,74.0,0.04062134772539139,,,,,,,,,
4.2745330929756164e-05,1770721243.1123822,6419,2071,4.2745330929756164e-05,0.00042745330929756163,0.00042745330929756163,2140.396572616,,,,,,,,,,,
4.2745330929756164e-05,1770721243.2721336,6419,2072,4.2745330929756164e-05,0.00042745330929756163,0.00042745330929756163,2140.557101235,,,,,,,,,,,
,1770721243.4163876,6419,2073,,,,2140.700363357,74.0,0.04600688815116882,,,,,,,,,
4.2723536491394045e-05,1770721246.3024852,6429,2074,4.2723536491394045e-05,0.0004272353649139404,0.0004272353649139404,2143.586641381,,,,,,,,,,,
4.2723536491394045e-05,1770721246.462096,6429,2075,4.2723536491394045e-05,0.0004272353649139404,0.0004272353649139404,2143.746142402,,,,,,,,,,,
,1770721246.6064396,6429,2076,,,,2143.890416268,74.0,0.03746015951037407,,,,,,,,,
4.270171523094178e-05,1770721249.4933097,6439,2077,4.270171523094178e-05,0.00042701715230941776,0.00042701715230941776,2146.780098245,,,,,,,,,,,
4.270171523094178e-05,1770721249.65208,6439,2078,4.270171523094178e-05,0.00042701715230941776,0.00042701715230941776,2146.93906412,,,,,,,,,,,
,1770721249.7961292,6439,2079,,,,2147.080179608,74.0,0.04788801819086075,,,,,,,,,
4.2679868638515476e-05,1770721252.682628,6449,2080,4.2679868638515476e-05,0.00042679868638515476,0.00042679868638515476,2149.966831056,,,,,,,,,,,
4.2679868638515476e-05,1770721252.8315518,6449,2081,4.2679868638515476e-05,0.00042679868638515476,0.00042679868638515476,2150.11555257,,,,,,,,,,,
,1770721252.8885636,6449,2082,,,,2150.172504294,74.0,0.05284950137138367,,,,,,,,,
,1770721254.32956,6449,2083,,,,2151.613763534,74.0,,5.484371662139893,0.09067679941654205,5.484371662139893,0.9100784063339233,,,,,
,1770721254.3312142,6449,2084,,,,2151.615129752,74.0,,,,,,0.0441761277616024,4.2022175788879395,,,
4.265799224376679e-05,1770721257.2167704,6459,2085,4.265799224376679e-05,0.00042657992243766787,0.00042657992243766787,2154.503108082,,,,,,,,,,,
4.265799224376679e-05,1770721257.375774,6459,2086,4.265799224376679e-05,0.00042657992243766787,0.00042657992243766787,2154.662056901,,,,,,,,,,,
,1770721257.519919,6459,2087,,,,2154.803959795,75.0,0.0460527241230011,,,,,,,,,
4.263609051704407e-05,1770721260.4068346,6469,2088,4.263609051704407e-05,0.0004263609051704407,0.0004263609051704407,2157.694104875,,,,,,,,,,,
4.263609051704407e-05,1770721260.5663223,6469,2089,4.263609051704407e-05,0.0004263609051704407,0.0004263609051704407,2157.85305839,,,,,,,,,,,
,1770721260.7105727,6469,2090,,,,2157.99462013,75.0,0.028758535161614418,,,,,,,,,
4.2614160478115086e-05,1770721263.5990915,6479,2091,4.2614160478115086e-05,0.00042614160478115083,0.00042614160478115083,2160.886070802,,,,,,,,,,,
4.2614160478115086e-05,1770721263.7582295,6479,2092,4.2614160478115086e-05,0.00042614160478115083,0.00042614160478115083,2161.045063346,,,,,,,,,,,
,1770721263.9020593,6479,2093,,,,2161.186133154,75.0,0.06411150842905045,,,,,,,,,
4.259220361709595e-05,1770721266.7899399,6489,2094,4.259220361709595e-05,0.0004259220361709595,0.0004259220361709595,2164.077080043,,,,,,,,,,,
4.259220361709595e-05,1770721266.9490473,6489,2095,4.259220361709595e-05,0.0004259220361709595,0.0004259220361709595,2164.2330471,,,,,,,,,,,
,1770721267.0931735,6489,2096,,,,2164.377224338,75.0,0.04526136815547943,,,,,,,,,
4.2570219933986666e-05,1770721269.980567,6499,2097,4.2570219933986666e-05,0.00042570219933986663,0.00042570219933986663,2167.264764702,,,,,,,,,,,
4.2570219933986666e-05,1770721270.1401157,6499,2098,4.2570219933986666e-05,0.00042570219933986663,0.00042570219933986663,2167.424164169,,,,,,,,,,,
,1770721270.2849076,6499,2099,,,,2167.568889002,75.0,0.0290860403329134,,,,,,,,,
4.2548210918903355e-05,1770721273.17201,6509,2100,4.2548210918903355e-05,0.0004254821091890335,0.0004254821091890335,2170.456203521,,,,,,,,,,,
4.2548210918903355e-05,1770721273.3311818,6509,2101,4.2548210918903355e-05,0.0004254821091890335,0.0004254821091890335,2170.615238599,,,,,,,,,,,
,1770721273.4757762,6509,2102,,,,2170.759751943,75.0,0.06713324785232544,,,,,,,,,
4.252617359161377e-05,1770721276.3626297,6519,2103,4.252617359161377e-05,0.00042526173591613773,0.00042526173591613773,2173.646797292,,,,,,,,,,,
4.252617359161377e-05,1770721276.5218356,6519,2104,4.252617359161377e-05,0.00042526173591613773,0.00042526173591613773,2173.80587903,,,,,,,,,,,
,1770721276.6665323,6519,2105,,,,2173.950508519,75.0,0.03884599357843399,,,,,,,,,
4.2504110932350164e-05,1770721279.5538125,6529,2106,4.2504110932350164e-05,0.0004250411093235016,0.0004250411093235016,2176.838013837,,,,,,,,,,,
4.2504110932350164e-05,1770721279.7128513,6529,2107,4.2504110932350164e-05,0.0004250411093235016,0.0004250411093235016,2176.996894412,,,,,,,,,,,
,1770721279.8573596,6529,2108,,,,2177.141330349,75.0,0.044333942234516144,,,,,,,,,
,1770721283.1135871,6535,2109,,,,2180.397761749,75.0,,5.404277324676514,0.08663836121559143,5.404276371002197,0.9140977263450623,,,,,
,1770721283.1150575,6535,2110,,,,2180.399159524,75.0,,,,,,0.04318813234567642,4.170944690704346,,,
4.2482019960880284e-05,1770721284.0886302,6539,2111,4.2482019960880284e-05,0.0004248201996088028,0.0004248201996088028,2181.372801775,,,,,,,,,,,
4.2482019960880284e-05,1770721284.2479532,6539,2112,4.2482019960880284e-05,0.0004248201996088028,0.0004248201996088028,2181.531992015,,,,,,,,,,,
,1770721284.3918493,6539,2113,,,,2181.675849851,76.0,0.053060293197631836,,,,,,,,,
4.2459902167320254e-05,1770721287.2800848,6549,2114,4.2459902167320254e-05,0.0004245990216732025,0.0004245990216732025,2184.564261975,,,,,,,,,,,
4.2459902167320254e-05,1770721287.4391687,6549,2115,4.2459902167320254e-05,0.0004245990216732025,0.0004245990216732025,2184.723214878,,,,,,,,,,,
,1770721287.5833864,6549,2116,,,,2184.867353887,76.0,0.04049557447433472,,,,,,,,,
4.2437757551670076e-05,1770721290.4711692,6559,2117,4.2437757551670076e-05,0.00042437757551670074,0.00042437757551670074,2187.758108815,,,,,,,,,,,
4.2437757551670076e-05,1770721290.6302373,6559,2118,4.2437757551670076e-05,0.00042437757551670074,0.00042437757551670074,2187.917072444,,,,,,,,,,,
,1770721290.7743745,6559,2119,,,,2188.058424175,76.0,0.051194898784160614,,,,,,,,,
4.241558760404587e-05,1770721293.6642587,6569,2120,4.241558760404587e-05,0.00042415587604045866,0.00042415587604045866,2190.951075195,,,,,,,,,,,
4.241558760404587e-05,1770721293.8238184,6569,2121,4.241558760404587e-05,0.00042415587604045866,0.00042415587604045866,2191.111058499,,,,,,,,,,,
,1770721293.968036,6569,2122,,,,2191.25215775,76.0,0.03368981182575226,,,,,,,,,
4.239339083433152e-05,1770721296.859798,6579,2123,4.239339083433152e-05,0.00042393390834331515,0.00042393390834331515,2194.146088313,,,,,,,,,,,
4.239339083433152e-05,1770721297.0188818,6579,2124,4.239339083433152e-05,0.00042393390834331515,0.00042393390834331515,2194.306055943,,,,,,,,,,,
,1770721297.1629083,6579,2125,,,,2194.446968652,76.0,0.05695170536637306,,,,,,,,,
4.237116724252701e-05,1770721300.0504909,6589,2126,4.237116724252701e-05,0.0004237116724252701,0.0004237116724252701,2197.33710741,,,,,,,,,,,
4.237116724252701e-05,1770721300.2092404,6589,2127,4.237116724252701e-05,0.0004237116724252701,0.0004237116724252701,2197.496057708,,,,,,,,,,,
,1770721300.3536093,6589,2128,,,,2197.637659244,76.0,0.032924458384513855,,,,,,,,,
4.2348915338516234e-05,1770721303.2426353,6599,2129,4.2348915338516234e-05,0.00042348915338516236,0.00042348915338516236,2200.529101731,,,,,,,,,,,
4.2348915338516234e-05,1770721303.401634,6599,2130,4.2348915338516234e-05,0.00042348915338516236,0.00042348915338516236,2200.688060742,,,,,,,,,,,
,1770721303.5457506,6599,2131,,,,2200.829803241,76.0,0.08094769716262817,,,,,,,,,
4.2326639592647556e-05,1770721306.4324749,6609,2132,4.2326639592647556e-05,0.0004232663959264755,0.0004232663959264755,2203.716618544,,,,,,,,,,,
4.2326639592647556e-05,1770721306.5915294,6609,2133,4.2326639592647556e-05,0.0004232663959264755,0.0004232663959264755,2203.875577785,,,,,,,,,,,
,1770721306.7355857,6609,2134,,,,2204.019563021,76.0,0.052042827010154724,,,,,,,,,
4.2304335534572606e-05,1770721309.6250017,6619,2135,4.2304335534572606e-05,0.000423043355345726,0.000423043355345726,2206.909214001,,,,,,,,,,,
4.2304335534572606e-05,1770721309.7843049,6619,2136,4.2304335534572606e-05,0.000423043355345726,0.000423043355345726,2207.068370259,,,,,,,,,,,
,1770721309.9289463,6619,2137,,,,2207.212919975,76.0,0.06196306645870209,,,,,,,,,
,1770721311.9108093,6621,2138,,,,2209.194975295,76.0,,5.55525016784668,0.09216754138469696,5.5552496910095215,0.9086114764213562,,,,,
,1770721311.912246,6621,2139,,,,2209.196428304,76.0,,,,,,0.0460963249206543,4.26107931137085,,,
4.22820046544075e-05,1770721314.1641808,6629,2140,4.22820046544075e-05,0.00042282004654407504,0.00042282004654407504,2211.448375763,,,,,,,,,,,
4.22820046544075e-05,1770721314.3239527,6629,2141,4.22820046544075e-05,0.00042282004654407504,0.00042282004654407504,2211.611104462,,,,,,,,,,,
,1770721314.468183,6629,2142,,,,2211.752160365,77.0,0.036233652383089066,,,,,,,,,
4.225964993238449e-05,1770721317.3561912,6639,2143,4.225964993238449e-05,0.00042259649932384493,0.00042259649932384493,2214.640372488,,,,,,,,,,,
4.225964993238449e-05,1770721317.5151975,6639,2144,4.225964993238449e-05,0.00042259649932384493,0.00042259649932384493,2214.799244717,,,,,,,,,,,
,1770721317.659748,6639,2145,,,,2214.943720151,77.0,0.053522445261478424,,,,,,,,,
4.223726689815522e-05,1770721320.5466444,6649,2146,4.223726689815522e-05,0.00042237266898155213,0.00042237266898155213,2217.830834095,,,,,,,,,,,
4.223726689815522e-05,1770721320.705945,6649,2147,4.223726689815522e-05,0.00042237266898155213,0.00042237266898155213,2217.989988469,,,,,,,,,,,
,1770721320.8499095,6649,2148,,,,2218.133881185,77.0,0.04394155740737915,,,,,,,,,
4.221485704183579e-05,1770721323.7413077,6659,2149,4.221485704183579e-05,0.00042214857041835785,0.00042214857041835785,2221.025468363,,,,,,,,,,,
4.221485704183579e-05,1770721323.900827,6659,2150,4.221485704183579e-05,0.00042214857041835785,0.00042214857041835785,2221.188117931,,,,,,,,,,,
,1770721324.0453784,6659,2151,,,,2221.329377541,77.0,0.041971996426582336,,,,,,,,,
4.219242185354233e-05,1770721326.9324703,6669,2152,4.219242185354233e-05,0.00042192421853542327,0.00042192421853542327,2224.216624888,,,,,,,,,,,
4.219242185354233e-05,1770721327.091671,6669,2153,4.219242185354233e-05,0.00042192421853542327,0.00042192421853542327,2224.378091203,,,,,,,,,,,
,1770721327.2355988,6669,2154,,,,2224.519633038,77.0,0.06786324083805084,,,,,,,,,
4.2169959843158726e-05,1770721330.1224391,6679,2155,4.2169959843158726e-05,0.0004216995984315872,0.0004216995984315872,2227.406622983,,,,,,,,,,,
4.2169959843158726e-05,1770721330.28207,6679,2156,4.2169959843158726e-05,0.0004216995984315872,0.0004216995984315872,2227.56611834,,,,,,,,,,,
,1770721330.426415,6679,2157,,,,2227.710387392,77.0,0.04105079174041748,,,,,,,,,
4.214747101068497e-05,1770721333.3129375,6689,2158,4.214747101068497e-05,0.0004214747101068497,0.0004214747101068497,2230.597148187,,,,,,,,,,,
4.214747101068497e-05,1770721333.4722476,6689,2159,4.214747101068497e-05,0.0004214747101068497,0.0004214747101068497,2230.756286957,,,,,,,,,,,
,1770721333.616128,6689,2160,,,,2230.900106392,77.0,0.03993396461009979,,,,,,,,,
4.2124958336353306e-05,1770721336.5056427,6699,2161,4.2124958336353306e-05,0.00042124958336353305,0.00042124958336353305,2233.792068567,,,,,,,,,,,
4.2124958336353306e-05,1770721336.6649747,6699,2162,4.2124958336353306e-05,0.00042124958336353305,0.00042124958336353305,2233.952055945,,,,,,,,,,,
,1770721336.8091984,6699,2163,,,,2234.093251297,77.0,0.032455556094646454,,,,,,,,,
,1770721340.7030563,6707,2164,,,,2237.987326908,77.0,,5.249085426330566,0.08457773923873901,5.249085426330566,0.9161540865898132,,,,,
,1770721340.7047846,6707,2165,,,,2237.988720236,77.0,,,,,,0.04358300194144249,4.1849775314331055,,,
4.210241734981537e-05,1770721341.1825364,6709,2166,4.210241734981537e-05,0.0004210241734981537,0.0004210241734981537,2238.46659892,,,,,,,,,,,
4.210241734981537e-05,1770721341.40353,6709,2167,4.210241734981537e-05,0.0004210241734981537,0.0004210241734981537,2238.687589802,,,,,,,,,,,
,1770721341.5472121,6709,2168,,,,2238.831286611,78.0,0.023533303290605545,,,,,,,,,
4.207984954118729e-05,1770721344.64954,6719,2169,4.207984954118729e-05,0.0004207984954118729,0.0004207984954118729,2241.93366453,,,,,,,,,,,
4.207984954118729e-05,1770721344.864524,6719,2170,4.207984954118729e-05,0.0004207984954118729,0.0004207984954118729,2242.148544127,,,,,,,,,,,
,1770721345.008626,6719,2171,,,,2242.292682191,78.0,0.03875505551695824,,,,,,,,,
4.205725640058518e-05,1770721348.289802,6729,2172,4.205725640058518e-05,0.00042057256400585176,0.00042057256400585176,2245.576333442,,,,,,,,,,,
4.205725640058518e-05,1770721348.452008,6729,2173,4.205725640058518e-05,0.00042057256400585176,0.00042057256400585176,2245.739058893,,,,,,,,,,,
,1770721348.596407,6729,2174,,,,2245.880547656,78.0,0.030477873980998993,,,,,,,,,
4.203463792800903e-05,1770721351.489968,6739,2175,4.203463792800903e-05,0.00042034637928009034,0.00042034637928009034,2248.774158045,,,,,,,,,,,
4.203463792800903e-05,1770721351.678157,6739,2176,4.203463792800903e-05,0.00042034637928009034,0.00042034637928009034,2248.965092654,,,,,,,,,,,
,1770721351.822461,6739,2177,,,,2249.10649653,78.0,0.05172208324074745,,,,,,,,,
4.2011992633342745e-05,1770721354.7460997,6749,2178,4.2011992633342745e-05,0.00042011992633342744,0.00042011992633342744,2252.030276716,,,,,,,,,,,
4.2011992633342745e-05,1770721354.90589,6749,2179,4.2011992633342745e-05,0.00042011992633342744,0.00042011992633342744,2252.193089538,,,,,,,,,,,
,1770721355.050934,6749,2180,,,,2252.335011243,78.0,0.02904028818011284,,,,,,,,,
4.1989322006702424e-05,1770721358.0935457,6759,2181,4.1989322006702424e-05,0.00041989322006702424,0.00041989322006702424,2255.377666357,,,,,,,,,,,
4.1989322006702424e-05,1770721358.3085291,6759,2182,4.1989322006702424e-05,0.00041989322006702424,0.00041989322006702424,2255.59265054,,,,,,,,,,,
,1770721358.4526694,6759,2183,,,,2255.73667367,78.0,0.029726020991802216,,,,,,,,,
4.1966626048088076e-05,1770721361.5431027,6769,2184,4.1966626048088076e-05,0.00041966626048088075,0.00041966626048088075,2258.827300866,,,,,,,,,,,
4.1966626048088076e-05,1770721361.702945,6769,2185,4.1966626048088076e-05,0.00041966626048088075,0.00041966626048088075,2258.990103672,,,,,,,,,,,
,1770721361.8470397,6769,2186,,,,2259.131022246,78.0,0.03158631548285484,,,,,,,,,
4.194390177726746e-05,1770721364.734466,6779,2187,4.194390177726746e-05,0.0004194390177726746,0.0004194390177726746,2262.018672589,,,,,,,,,,,
4.194390177726746e-05,1770721364.893934,6779,2188,4.194390177726746e-05,0.0004194390177726746,0.0004194390177726746,2262.17797286,,,,,,,,,,,
,1770721365.0379636,6779,2189,,,,2262.321946415,78.0,0.0583086833357811,,,,,,,,,
4.192115366458893e-05,1770721367.9919403,6789,2190,4.192115366458893e-05,0.0004192115366458893,0.0004192115366458893,2265.279091909,,,,,,,,,,,
4.192115366458893e-05,1770721368.1507545,6789,2191,4.192115366458893e-05,0.0004192115366458893,0.0004192115366458893,2265.437056908,,,,,,,,,,,
,1770721368.294741,6789,2192,,,,2265.578767264,78.0,0.04153190180659294,,,,,,,,,
,1770721370.9125242,6793,2193,,,,2268.196662551,78.0,,5.139614105224609,0.08177311718463898,5.139612674713135,0.9189243912696838,,,,,
,1770721372.518034,6793,2194,,,,2269.802273001,78.0,,,,,,0.04089920222759247,4.024533748626709,,,
4.1898378729820255e-05,1770721374.1436193,6799,2195,4.1898378729820255e-05,0.00041898378729820254,0.00041898378729820254,2271.430100062,,,,,,,,,,,
4.1898378729820255e-05,1770721374.3029544,6799,2196,4.1898378729820255e-05,0.00041898378729820254,0.00041898378729820254,2271.588193484,,,,,,,,,,,
,1770721374.446992,6799,2197,,,,2271.730959199,79.0,0.05526864528656006,,,,,,,,,
4.187557697296143e-05,1770721377.3768282,6809,2198,4.187557697296143e-05,0.0004187557697296143,0.0004187557697296143,2274.66099682,,,,,,,,,,,
4.187557697296143e-05,1770721377.5362613,6809,2199,4.187557697296143e-05,0.0004187557697296143,0.0004187557697296143,2274.823079701,,,,,,,,,,,
,1770721377.6800668,6809,2200,,,,2274.96408895,79.0,0.03115084208548069,,,,,,,,,
4.1852751374244695e-05,1770721380.5658598,6819,2201,4.1852751374244695e-05,0.0004185275137424469,0.0004185275137424469,2277.853101686,,,,,,,,,,,
4.1852751374244695e-05,1770721380.7247577,6819,2202,4.1852751374244695e-05,0.0004185275137424469,0.0004185275137424469,2278.011058371,,,,,,,,,,,
,1770721380.868875,6819,2203,,,,2278.152928817,79.0,0.04621262103319168,,,,,,,,,
4.182990044355393e-05,1770721383.754576,6829,2204,4.182990044355393e-05,0.00041829900443553924,0.00041829900443553924,2281.041076055,,,,,,,,,,,
4.182990044355393e-05,1770721383.913442,6829,2205,4.182990044355393e-05,0.00041829900443553924,0.00041829900443553924,2281.197531509,,,,,,,,,,,
,1770721384.0576246,6829,2206,,,,2281.341598043,79.0,0.022070471197366714,,,,,,,,,
4.180702120065689e-05,1770721386.9458756,6839,2207,4.180702120065689e-05,0.0004180702120065689,0.0004180702120065689,2284.230062254,,,,,,,,,,,
4.180702120065689e-05,1770721387.1053994,6839,2208,4.180702120065689e-05,0.0004180702120065689,0.0004180702120065689,2284.392121949,,,,,,,,,,,
,1770721387.2491047,6839,2209,,,,2284.533136996,79.0,0.039564020931720734,,,,,,,,,
4.178411811590195e-05,1770721390.1342103,6849,2210,4.178411811590195e-05,0.0004178411811590195,0.0004178411811590195,2287.418391188,,,,,,,,,,,
4.178411811590195e-05,1770721390.293298,6849,2211,4.178411811590195e-05,0.0004178411811590195,0.0004178411811590195,2287.580087926,,,,,,,,,,,
,1770721390.4373932,6849,2212,,,,2287.721389865,79.0,0.03074190765619278,,,,,,,,,
4.1761188209056855e-05,1770721393.3217952,6859,2213,4.1761188209056855e-05,0.0004176118820905685,0.0004176118820905685,2290.605996247,,,,,,,,,,,
4.1761188209056855e-05,1770721393.4809978,6859,2214,4.1761188209056855e-05,0.0004176118820905685,0.0004176118820905685,2290.765048702,,,,,,,,,,,
,1770721393.6252859,6859,2215,,,,2290.909261195,79.0,0.057793766260147095,,,,,,,,,
4.173823297023773e-05,1770721396.509806,6869,2216,4.173823297023773e-05,0.0004173823297023773,0.0004173823297023773,2293.793928905,,,,,,,,,,,
4.173823297023773e-05,1770721396.6688313,6869,2217,4.173823297023773e-05,0.0004173823297023773,0.0004173823297023773,2293.952864224,,,,,,,,,,,
,1770721396.8130386,6869,2218,,,,2294.097016546,79.0,0.08172516524791718,,,,,,,,,
4.171525239944458e-05,1770721399.700663,6879,2219,4.171525239944458e-05,0.0004171525239944458,0.0004171525239944458,2296.987114921,,,,,,,,,,,
4.171525239944458e-05,1770721399.849319,6879,2220,4.171525239944458e-05,0.0004171525239944458,0.0004171525239944458,2297.133390131,,,,,,,,,,,
,1770721399.9063418,6879,2221,,,,2297.190284265,79.0,0.03779185935854912,,,,,,,,,
,1770721401.3478718,6879,2222,,,,2298.632044582,79.0,,5.206392288208008,0.08240021765232086,5.206391334533691,0.9183167815208435,,,,,
,1770721401.349313,6879,2223,,,,2298.633226953,79.0,,,,,,0.043872397392988205,4.189666271209717,,,
4.16922464966774e-05,1770721404.2343936,6889,2224,4.16922464966774e-05,0.000416922464966774,0.000416922464966774,2301.518594516,,,,,,,,,,,
4.16922464966774e-05,1770721404.3935986,6889,2225,4.16922464966774e-05,0.000416922464966774,0.000416922464966774,2301.677638717,,,,,,,,,,,
,1770721404.5377479,6889,2226,,,,2301.821716507,80.0,0.04435792565345764,,,,,,,,,
4.166921526193619e-05,1770721407.4245443,6899,2227,4.166921526193619e-05,0.0004166921526193619,0.0004166921526193619,2304.708735685,,,,,,,,,,,
4.166921526193619e-05,1770721407.583557,6899,2228,4.166921526193619e-05,0.0004166921526193619,0.0004166921526193619,2304.867593055,,,,,,,,,,,
,1770721407.7276027,6899,2229,,,,2305.011573768,80.0,0.0500255823135376,,,,,,,,,
4.164615720510483e-05,1770721410.6114607,6909,2230,4.164615720510483e-05,0.00041646157205104826,0.00041646157205104826,2307.895640885,,,,,,,,,,,
4.164615720510483e-05,1770721410.7703671,6909,2231,4.164615720510483e-05,0.00041646157205104826,0.00041646157205104826,2308.054404504,,,,,,,,,,,
,1770721410.9143739,6909,2232,,,,2308.198345016,80.0,0.03240683674812317,,,,,,,,,
4.162307530641556e-05,1770721413.7987945,6919,2233,4.162307530641556e-05,0.0004162307530641556,0.0004162307530641556,2311.082883239,,,,,,,,,,,
4.162307530641556e-05,1770721413.9578507,6919,2234,4.162307530641556e-05,0.0004162307530641556,0.0004162307530641556,2311.245063323,,,,,,,,,,,
,1770721414.10204,6919,2235,,,,2311.386097227,80.0,0.06446385383605957,,,,,,,,,
4.159996658563614e-05,1770721416.989731,6929,2236,4.159996658563614e-05,0.0004159996658563614,0.0004159996658563614,2314.273912912,,,,,,,,,,,
4.159996658563614e-05,1770721417.1492627,6929,2237,4.159996658563614e-05,0.0004159996658563614,0.0004159996658563614,2314.433308012,,,,,,,,,,,
,1770721417.2932358,6929,2238,,,,2314.577203806,80.0,0.05666592717170715,,,,,,,,,
4.157683253288269e-05,1770721420.1798284,6939,2239,4.157683253288269e-05,0.00041576832532882693,0.00041576832532882693,2317.464016787,,,,,,,,,,,
4.157683253288269e-05,1770721420.3391833,6939,2240,4.157683253288269e-05,0.00041576832532882693,0.00041576832532882693,2317.626086895,,,,,,,,,,,
,1770721420.483604,6939,2241,,,,2317.767615264,80.0,0.030725153163075447,,,,,,,,,
4.1553674638271334e-05,1770721423.369457,6949,2242,4.1553674638271334e-05,0.0004155367463827133,0.0004155367463827133,2320.653654034,,,,,,,,,,,
4.1553674638271334e-05,1770721423.5286624,6949,2243,4.1553674638271334e-05,0.0004155367463827133,0.0004155367463827133,2320.812705085,,,,,,,,,,,
,1770721423.6727135,6949,2244,,,,2320.956682111,80.0,0.03810218721628189,,,,,,,,,
4.1530491411685944e-05,1770721426.561008,6959,2245,4.1530491411685944e-05,0.00041530491411685943,0.00041530491411685943,2323.845147672,,,,,,,,,,,
4.1530491411685944e-05,1770721426.7203197,6959,2246,4.1530491411685944e-05,0.00041530491411685943,0.00041530491411685943,2324.007110529,,,,,,,,,,,
,1770721426.8645775,6959,2247,,,,2324.148583734,80.0,0.08356943726539612,,,,,,,,,
,1770721430.1225507,6965,2248,,,,2327.406814877,80.0,,5.450958728790283,0.08709724247455597,5.450958728790283,0.9136565923690796,,,,,
,1770721430.1242716,6965,2249,,,,2327.408205621,80.0,,,,,,0.04413772001862526,4.1537089347839355,,,
4.1507281363010406e-05,1770721431.0970938,6969,2250,4.1507281363010406e-05,0.0004150728136301041,0.0004150728136301041,2328.381275795,,,,,,,,,,,
4.1507281363010406e-05,1770721431.2563782,6969,2251,4.1507281363010406e-05,0.0004150728136301041,0.0004150728136301041,2328.540431433,,,,,,,,,,,
,1770721431.4005127,6969,2252,,,,2328.68448889,81.0,0.04782608151435852,,,,,,,,,
4.148404598236084e-05,1770721434.285196,6979,2253,4.148404598236084e-05,0.0004148404598236084,0.0004148404598236084,2331.569366297,,,,,,,,,,,
4.148404598236084e-05,1770721434.444418,6979,2254,4.148404598236084e-05,0.0004148404598236084,0.0004148404598236084,2331.728449396,,,,,,,,,,,
,1770721434.5890465,6979,2255,,,,2331.87302327,81.0,0.07507666200399399,,,,,,,,,
4.1460786759853365e-05,1770721437.4751515,6989,2256,4.1460786759853365e-05,0.00041460786759853365,0.00041460786759853365,2334.762133148,,,,,,,,,,,
4.1460786759853365e-05,1770721437.6339493,6989,2257,4.1460786759853365e-05,0.00041460786759853365,0.00041460786759853365,2334.921057147,,,,,,,,,,,
,1770721437.7780747,6989,2258,,,,2335.062140294,81.0,0.047957196831703186,,,,,,,,,
4.143750071525574e-05,1770721440.6637583,6999,2259,4.143750071525574e-05,0.0004143750071525574,0.0004143750071525574,2337.947945059,,,,,,,,,,,
4.143750071525574e-05,1770721440.822651,6999,2260,4.143750071525574e-05,0.0004143750071525574,0.0004143750071525574,2338.106690148,,,,,,,,,,,
,1770721440.9669676,6999,2261,,,,2338.250942097,81.0,0.04689168184995651,,,,,,,,,
4.1414190828800204e-05,1770721443.8523598,7009,2262,4.1414190828800204e-05,0.000414141908288002,0.000414141908288002,2341.136570093,,,,,,,,,,,
4.1414190828800204e-05,1770721444.0116935,7009,2263,4.1414190828800204e-05,0.000414141908288002,0.000414141908288002,2341.295737587,,,,,,,,,,,
,1770721444.1558971,7009,2264,,,,2341.439868604,81.0,0.0230706837028265,,,,,,,,,
4.1390855610370635e-05,1770721447.043258,7019,2265,4.1390855610370635e-05,0.0004139085561037064,0.0004139085561037064,2344.327402516,,,,,,,,,,,
4.1390855610370635e-05,1770721447.2026346,7019,2266,4.1390855610370635e-05,0.0004139085561037064,0.0004139085561037064,2344.486678725,,,,,,,,,,,
,1770721447.3472915,7019,2267,,,,2344.631284747,81.0,0.05979573726654053,,,,,,,,,
4.1367495059967046e-05,1770721450.23318,7029,2268,4.1367495059967046e-05,0.00041367495059967043,0.00041367495059967043,2347.517364815,,,,,,,,,,,
4.1367495059967046e-05,1770721450.3924394,7029,2269,4.1367495059967046e-05,0.00041367495059967043,0.00041367495059967043,2347.67911556,,,,,,,,,,,
,1770721450.536436,7029,2270,,,,2347.820435022,81.0,0.09822005778551102,,,,,,,,,
4.1344109177589416e-05,1770721453.4203212,7039,2271,4.1344109177589416e-05,0.0004134410917758942,0.0004134410917758942,2350.707090212,,,,,,,,,,,
4.1344109177589416e-05,1770721453.5790763,7039,2272,4.1344109177589416e-05,0.0004134410917758942,0.0004134410917758942,2350.866058736,,,,,,,,,,,
,1770721453.7232416,7039,2273,,,,2351.007283235,81.0,0.047254011034965515,,,,,,,,,
4.132069945335388e-05,1770721456.6088188,7049,2274,4.132069945335388e-05,0.0004132069945335388,0.0004132069945335388,2353.892982892,,,,,,,,,,,
4.132069945335388e-05,1770721456.768228,7049,2275,4.132069945335388e-05,0.0004132069945335388,0.0004132069945335388,2354.055070704,,,,,,,,,,,
,1770721456.9127982,7049,2276,,,,2354.196795487,81.0,0.02060370147228241,,,,,,,,,
,1770721458.893835,7051,2277,,,,2356.178100184,81.0,,5.898306846618652,0.10193067044019699,5.898305892944336,0.8988868594169617,,,,,
,1770721458.8955553,7051,2278,,,,2356.179488536,81.0,,,,,,0.042410608381032944,4.073441505432129,,,
4.12972629070282e-05,1770721461.1438465,7059,2279,4.12972629070282e-05,0.000412972629070282,0.000412972629070282,2358.428057738,,,,,,,,,,,
4.12972629070282e-05,1770721461.3031585,7059,2280,4.12972629070282e-05,0.000412972629070282,0.000412972629070282,2358.590075174,,,,,,,,,,,
,1770721461.4476807,7059,2281,,,,2358.731689189,82.0,0.034477364271879196,,,,,,,,,
4.127380251884461e-05,1770721464.3334498,7069,2282,4.127380251884461e-05,0.00041273802518844606,0.00041273802518844606,2361.617651361,,,,,,,,,,,
4.127380251884461e-05,1770721464.4928198,7069,2283,4.127380251884461e-05,0.00041273802518844606,0.00041273802518844606,2361.776863812,,,,,,,,,,,
,1770721464.636944,7069,2284,,,,2361.920925724,82.0,0.033897627145051956,,,,,,,,,
4.12503182888031e-05,1770721467.5253413,7079,2285,4.12503182888031e-05,0.000412503182888031,0.000412503182888031,2364.809532546,,,,,,,,,,,
4.12503182888031e-05,1770721467.6842625,7079,2286,4.12503182888031e-05,0.000412503182888031,0.000412503182888031,2364.968304773,,,,,,,,,,,
,1770721467.8284953,7079,2287,,,,2365.1124629,82.0,0.04181171581149101,,,,,,,,,
4.122680872678757e-05,1770721470.7145746,7089,2288,4.122680872678757e-05,0.0004122680872678757,0.0004122680872678757,2367.998764195,,,,,,,,,,,
4.122680872678757e-05,1770721470.8735442,7089,2289,4.122680872678757e-05,0.0004122680872678757,0.0004122680872678757,2368.157590153,,,,,,,,,,,
,1770721471.0182009,7089,2290,,,,2368.302176434,82.0,0.05251950025558472,,,,,,,,,
4.120327383279801e-05,1770721473.9060059,7099,2291,4.120327383279801e-05,0.00041203273832798003,0.00041203273832798003,2371.190205918,,,,,,,,,,,
4.120327383279801e-05,1770721474.065292,7099,2292,4.120327383279801e-05,0.00041203273832798003,0.00041203273832798003,2371.349334142,,,,,,,,,,,
,1770721474.2094927,7099,2293,,,,2371.493466018,82.0,0.04497474804520607,,,,,,,,,
4.117971360683441e-05,1770721477.0961645,7109,2294,4.117971360683441e-05,0.00041179713606834413,0.00041179713606834413,2374.38033501,,,,,,,,,,,
4.117971360683441e-05,1770721477.255937,7109,2295,4.117971360683441e-05,0.00041179713606834413,0.00041179713606834413,2374.539977508,,,,,,,,,,,
,1770721477.4001687,7109,2296,,,,2374.684147141,82.0,0.041742898523807526,,,,,,,,,
4.1156128048896793e-05,1770721480.2867117,7119,2297,4.1156128048896793e-05,0.0004115612804889679,0.0004115612804889679,2377.570881746,,,,,,,,,,,
4.1156128048896793e-05,1770721480.4461749,7119,2298,4.1156128048896793e-05,0.0004115612804889679,0.0004115612804889679,2377.730203291,,,,,,,,,,,
,1770721480.590212,7119,2299,,,,2377.874190909,82.0,0.031155407428741455,,,,,,,,,
4.113251864910126e-05,1770721483.4779768,7129,2300,4.113251864910126e-05,0.00041132518649101256,0.00041132518649101256,2380.762194742,,,,,,,,,,,
4.113251864910126e-05,1770721483.6372929,7129,2301,4.113251864910126e-05,0.00041132518649101256,0.00041132518649101256,2380.921331869,,,,,,,,,,,
,1770721483.7817576,7129,2302,,,,2381.065724487,82.0,0.024259338155388832,,,,,,,,,
,1770721487.6774774,7137,2303,,,,2384.961715406,82.0,,5.795848846435547,0.09926512092351913,5.795848369598389,0.9015548229217529,,,,,
,1770721487.6790953,7137,2304,,,,2384.963170678,82.0,,,,,,0.038903817534446716,3.938925266265869,,,
4.1108886897563935e-05,1770721488.016447,7139,2305,4.1108886897563935e-05,0.0004110888689756394,0.0004110888689756394,2385.300490536,,,,,,,,,,,
4.1108886897563935e-05,1770721488.175657,7139,2306,4.1108886897563935e-05,0.0004110888689756394,0.0004110888689756394,2385.462058263,,,,,,,,,,,
,1770721488.3196793,7139,2307,,,,2385.603707529,83.0,0.03658844903111458,,,,,,,,,
4.108522683382035e-05,1770721491.2075007,7149,2308,4.108522683382035e-05,0.00041085226833820345,0.00041085226833820345,2388.491711052,,,,,,,,,,,
4.108522683382035e-05,1770721491.3667624,7149,2309,4.108522683382035e-05,0.00041085226833820345,0.00041085226833820345,2388.650808498,,,,,,,,,,,
,1770721491.511283,7149,2310,,,,2388.795249709,83.0,0.03632599115371704,,,,,,,,,
4.106154441833496e-05,1770721494.3980901,7159,2311,4.106154441833496e-05,0.00041061544418334963,0.00041061544418334963,2391.682302606,,,,,,,,,,,
4.106154441833496e-05,1770721494.5572712,7159,2312,4.106154441833496e-05,0.00041061544418334963,0.00041061544418334963,2391.845099684,,,,,,,,,,,
,1770721494.7022548,7159,2313,,,,2391.986222577,83.0,0.057561784982681274,,,,,,,,,
4.103783667087555e-05,1770721497.5962844,7169,2314,4.103783667087555e-05,0.0004103783667087555,0.0004103783667087555,2394.880447912,,,,,,,,,,,
4.103783667087555e-05,1770721497.755338,7169,2315,4.103783667087555e-05,0.0004103783667087555,0.0004103783667087555,2395.039390475,,,,,,,,,,,
,1770721497.899405,7169,2316,,,,2395.183380736,83.0,0.023747803643345833,,,,,,,,,
4.101410359144211e-05,1770721500.78913,7179,2317,4.101410359144211e-05,0.0004101410359144211,0.0004101410359144211,2398.076119869,,,,,,,,,,,
4.101410359144211e-05,1770721500.9483917,7179,2318,4.101410359144211e-05,0.0004101410359144211,0.0004101410359144211,2398.235059136,,,,,,,,,,,
,1770721501.092806,7179,2319,,,,2398.376856655,83.0,0.030343223363161087,,,,,,,,,
4.099034667015076e-05,1770721503.9834132,7189,2320,4.099034667015076e-05,0.00040990346670150755,0.00040990346670150755,2401.270074926,,,,,,,,,,,
4.099034667015076e-05,1770721504.1430357,7189,2321,4.099034667015076e-05,0.00040990346670150755,0.00040990346670150755,2401.430051716,,,,,,,,,,,
,1770721504.2870677,7189,2322,,,,2401.571141899,83.0,0.028635455295443535,,,,,,,,,
4.09665659070015e-05,1770721507.1776805,7199,2323,4.09665659070015e-05,0.00040966565907001496,0.00040966565907001496,2404.461843966,,,,,,,,,,,
4.09665659070015e-05,1770721507.3370438,7199,2324,4.09665659070015e-05,0.00040966565907001496,0.00040966565907001496,2404.621089644,,,,,,,,,,,
,1770721507.4816453,7199,2325,,,,2404.765626208,83.0,0.03780738264322281,,,,,,,,,
4.094276130199433e-05,1770721510.371602,7209,2326,4.094276130199433e-05,0.00040942761301994326,0.00040942761301994326,2407.658090445,,,,,,,,,,,
4.094276130199433e-05,1770721510.5309615,7209,2327,4.094276130199433e-05,0.00040942761301994326,0.00040942761301994326,2407.818053112,,,,,,,,,,,
,1770721510.6754115,7209,2328,,,,2407.959457709,83.0,0.043506920337677,,,,,,,,,
4.0918929874897e-05,1770721513.5685465,7219,2329,4.0918929874897e-05,0.00040918929874897,0.00040918929874897,2410.852745743,,,,,,,,,,,
4.0918929874897e-05,1770721513.728455,7219,2330,4.0918929874897e-05,0.00040918929874897,0.00040918929874897,2411.012500126,,,,,,,,,,,
,1770721513.873065,7219,2331,,,,2411.157041247,83.0,0.03662119433283806,,,,,,,,,
,1770721516.4950473,7223,2332,,,,2413.779174888,83.0,,5.330906867980957,0.08286156505346298,5.330905914306641,0.9178399443626404,,,,,
,1770721516.4966147,7223,2333,,,,2413.780524651,83.0,,,,,,0.038088057190179825,3.9146170616149902,,,
4.0895076096057895e-05,1770721518.1105506,7229,2334,4.0895076096057895e-05,0.00040895076096057894,0.00040895076096057894,2415.394703331,,,,,,,,,,,
4.0895076096057895e-05,1770721518.27044,7229,2335,4.0895076096057895e-05,0.00040895076096057894,0.00040895076096057894,2415.557073324,,,,,,,,,,,
,1770721518.4144766,7229,2336,,,,2415.698480835,84.0,0.02307780832052231,,,,,,,,,
4.0871196985244755e-05,1770721521.3063414,7239,2337,4.0871196985244755e-05,0.0004087119698524475,0.0004087119698524475,2418.590638055,,,,,,,,,,,
4.0871196985244755e-05,1770721521.46626,7239,2338,4.0871196985244755e-05,0.0004087119698524475,0.0004087119698524475,2418.75030723,,,,,,,,,,,
,1770721521.6102035,7239,2339,,,,2418.894180374,84.0,0.03443175554275513,,,,,,,,,
4.0847294032573704e-05,1770721524.5011907,7249,2340,4.0847294032573704e-05,0.000408472940325737,0.000408472940325737,2421.785397164,,,,,,,,,,,
4.0847294032573704e-05,1770721524.6609654,7249,2341,4.0847294032573704e-05,0.000408472940325737,0.000408472940325737,2421.94810098,,,,,,,,,,,
,1770721524.805114,7249,2342,,,,2422.089119844,84.0,0.0274020005017519,,,,,,,,,
4.082336723804474e-05,1770721527.7412288,7259,2343,4.082336723804474e-05,0.0004082336723804474,0.0004082336723804474,2425.025404199,,,,,,,,,,,
4.082336723804474e-05,1770721527.9002583,7259,2344,4.082336723804474e-05,0.0004082336723804474,0.0004082336723804474,2425.187106085,,,,,,,,,,,
,1770721528.0446715,7259,2345,,,,2425.328675909,84.0,0.03347393125295639,,,,,,,,,
4.079941660165787e-05,1770721530.9368474,7269,2346,4.079941660165787e-05,0.0004079941660165787,0.0004079941660165787,2428.224104445,,,,,,,,,,,
4.079941660165787e-05,1770721531.096012,7269,2347,4.079941660165787e-05,0.0004079941660165787,0.0004079941660165787,2428.380197473,,,,,,,,,,,
,1770721531.2399385,7269,2348,,,,2428.523899438,84.0,0.031142141669988632,,,,,,,,,
4.077544063329697e-05,1770721534.1306944,7279,2349,4.077544063329697e-05,0.0004077544063329697,0.0004077544063329697,2431.414887021,,,,,,,,,,,
4.077544063329697e-05,1770721534.2900605,7279,2350,4.077544063329697e-05,0.0004077544063329697,0.0004077544063329697,2431.574119277,,,,,,,,,,,
,1770721534.4344435,7279,2351,,,,2431.718419223,84.0,0.05653490871191025,,,,,,,,,
4.075144082307816e-05,1770721537.326424,7289,2352,4.075144082307816e-05,0.0004075144082307816,0.0004075144082307816,2434.61060729,,,,,,,,,,,
4.075144082307816e-05,1770721537.4857962,7289,2353,4.075144082307816e-05,0.0004075144082307816,0.0004075144082307816,2434.769841949,,,,,,,,,,,
,1770721537.6303415,7289,2354,,,,2434.914312522,84.0,0.0386744923889637,,,,,,,,,
4.0727417171001436e-05,1770721540.521384,7299,2355,4.0727417171001436e-05,0.0004072741717100144,0.0004072741717100144,2437.805582852,,,,,,,,,,,
4.0727417171001436e-05,1770721540.681241,7299,2356,4.0727417171001436e-05,0.0004072741717100144,0.0004072741717100144,2437.96528118,,,,,,,,,,,
,1770721540.8254201,7299,2357,,,,2438.10939799,84.0,0.03255850076675415,,,,,,,,,
4.070336818695069e-05,1770721543.715648,7309,2358,4.070336818695069e-05,0.0004070336818695068,0.0004070336818695068,2440.999819999,,,,,,,,,,,
4.070336818695069e-05,1770721543.8647556,7309,2359,4.070336818695069e-05,0.0004070336818695068,0.0004070336818695068,2441.148756106,,,,,,,,,,,
,1770721543.9211621,7309,2360,,,,2441.205115562,84.0,0.010793005116283894,,,,,,,,,
,1770721545.3636115,7309,2361,,,,2442.647793159,84.0,,5.204172611236572,0.08389165252447128,5.204172611236572,0.9168429970741272,,,,,
,1770721545.365248,7309,2362,,,,2442.649158976,84.0,,,,,,0.03684673458337784,3.9009082317352295,,,
4.0679296851158144e-05,1770721548.25531,7319,2363,4.0679296851158144e-05,0.00040679296851158143,0.00040679296851158143,2445.539490062,,,,,,,,,,,
4.0679296851158144e-05,1770721548.4146717,7319,2364,4.0679296851158144e-05,0.00040679296851158143,0.00040679296851158143,2445.698718021,,,,,,,,,,,
,1770721548.5590842,7319,2365,,,,2445.84308022,85.0,0.03397534787654877,,,,,,,,,
4.065520167350769e-05,1770721551.4505682,7329,2366,4.065520167350769e-05,0.0004065520167350769,0.0004065520167350769,2448.734767935,,,,,,,,,,,
4.065520167350769e-05,1770721551.6101494,7329,2367,4.065520167350769e-05,0.0004065520167350769,0.0004065520167350769,2448.894196916,,,,,,,,,,,
,1770721551.7547176,7329,2368,,,,2449.038696962,85.0,0.04098626226186752,,,,,,,,,
4.063108116388321e-05,1770721554.6478157,7339,2369,4.063108116388321e-05,0.0004063108116388321,0.0004063108116388321,2451.934099819,,,,,,,,,,,
4.063108116388321e-05,1770721554.807354,7339,2370,4.063108116388321e-05,0.0004063108116388321,0.0004063108116388321,2452.094060531,,,,,,,,,,,
,1770721554.9516761,7339,2371,,,,2452.23572739,85.0,0.04189396649599075,,,,,,,,,
4.060693681240082e-05,1770721557.843449,7349,2372,4.060693681240082e-05,0.00040606936812400817,0.00040606936812400817,2455.127618303,,,,,,,,,,,
4.060693681240082e-05,1770721558.00296,7349,2373,4.060693681240082e-05,0.00040606936812400817,0.00040606936812400817,2455.286985198,,,,,,,,,,,
,1770721558.146833,7349,2374,,,,2455.43081668,85.0,0.031020717695355415,,,,,,,,,
4.0582770109176636e-05,1770721561.0394201,7359,2375,4.0582770109176636e-05,0.0004058277010917664,0.0004058277010917664,2458.323602046,,,,,,,,,,,
4.0582770109176636e-05,1770721561.1994648,7359,2376,4.0582770109176636e-05,0.0004058277010917664,0.0004058277010917664,2458.483507812,,,,,,,,,,,
,1770721561.3433833,7359,2377,,,,2458.627359745,85.0,0.046638891100883484,,,,,,,,,
4.055857807397843e-05,1770721564.2352395,7369,2378,4.055857807397843e-05,0.00040558578073978427,0.00040558578073978427,2461.519439212,,,,,,,,,,,
4.055857807397843e-05,1770721564.3951654,7369,2379,4.055857807397843e-05,0.00040558578073978427,0.00040558578073978427,2461.679214071,,,,,,,,,,,
,1770721564.5393524,7369,2380,,,,2461.823326927,85.0,0.03358902037143707,,,,,,,,,
4.0534362196922304e-05,1770721567.429212,7379,2381,4.0534362196922304e-05,0.00040534362196922304,0.00040534362196922304,2464.713392987,,,,,,,,,,,
4.0534362196922304e-05,1770721567.589252,7379,2382,4.0534362196922304e-05,0.00040534362196922304,0.00040534362196922304,2464.873309408,,,,,,,,,,,
,1770721567.7339418,7379,2383,,,,2465.01791758,85.0,0.026645967736840248,,,,,,,,,
4.051012396812439e-05,1770721570.626988,7389,2384,4.051012396812439e-05,0.0004051012396812439,0.0004051012396812439,2467.911177166,,,,,,,,,,,
4.051012396812439e-05,1770721570.7862697,7389,2385,4.051012396812439e-05,0.0004051012396812439,0.0004051012396812439,2468.070310989,,,,,,,,,,,
,1770721570.930775,7389,2386,,,,2468.214751568,85.0,0.03912927582859993,,,,,,,,,
,1770721574.1905644,7395,2387,,,,2471.4748095,85.0,,5.022183895111084,0.07897190749645233,5.022183418273926,0.921696662902832,,,,,
,1770721575.7917023,7395,2388,,,,2473.075811798,85.0,,,,,,0.039042867720127106,3.943070888519287,,,
4.048586189746857e-05,1770721576.777362,7399,2389,4.048586189746857e-05,0.00040485861897468565,0.00040485861897468565,2474.06152327,,,,,,,,,,,
4.048586189746857e-05,1770721576.9371996,7399,2390,4.048586189746857e-05,0.00040485861897468565,0.00040485861897468565,2474.221241342,,,,,,,,,,,
,1770721577.0814219,7399,2391,,,,2474.365395549,86.0,0.03493185341358185,,,,,,,,,
4.0461574494838716e-05,1770721579.9741483,7409,2392,4.0461574494838716e-05,0.00040461574494838714,0.00040461574494838714,2477.258351095,,,,,,,,,,,
4.0461574494838716e-05,1770721580.1333687,7409,2393,4.0461574494838716e-05,0.00040461574494838714,0.00040461574494838714,2477.417416553,,,,,,,,,,,
,1770721580.2779207,7409,2394,,,,2477.561886636,86.0,0.032808177173137665,,,,,,,,,
4.0437264740467076e-05,1770721583.1708941,7419,2395,4.0437264740467076e-05,0.00040437264740467074,0.00040437264740467074,2480.455111413,,,,,,,,,,,
4.0437264740467076e-05,1770721583.3309042,7419,2396,4.0437264740467076e-05,0.00040437264740467074,0.00040437264740467074,2480.618093631,,,,,,,,,,,
,1770721583.4751017,7419,2397,,,,2480.759123622,86.0,0.028185293078422546,,,,,,,,,
4.041293114423752e-05,1770721586.3687835,7429,2398,4.041293114423752e-05,0.0004041293114423752,0.0004041293114423752,2483.652956921,,,,,,,,,,,
4.041293114423752e-05,1770721586.5281706,7429,2399,4.041293114423752e-05,0.0004041293114423752,0.0004041293114423752,2483.812216421,,,,,,,,,,,
,1770721586.6728253,7429,2400,,,,2483.956799013,86.0,0.02643105387687683,,,,,,,,,
4.038857370615006e-05,1770721589.5647023,7439,2401,4.038857370615006e-05,0.0004038857370615006,0.0004038857370615006,2486.84889436,,,,,,,,,,,
4.038857370615006e-05,1770721589.7247608,7439,2402,4.038857370615006e-05,0.0004038857370615006,0.0004038857370615006,2487.008806853,,,,,,,,,,,
,1770721589.8694718,7439,2403,,,,2487.153440072,86.0,0.03191756457090378,,,,,,,,,
4.03641939163208e-05,1770721592.7585874,7449,2404,4.03641939163208e-05,0.000403641939163208,0.000403641939163208,2490.042752591,,,,,,,,,,,
4.03641939163208e-05,1770721592.9175446,7449,2405,4.03641939163208e-05,0.000403641939163208,0.000403641939163208,2490.201587322,,,,,,,,,,,
,1770721593.0615628,7449,2406,,,,2490.345533695,86.0,0.03488234803080559,,,,,,,,,
4.033978879451752e-05,1770721595.951508,7459,2407,4.033978879451752e-05,0.0004033978879451752,0.0004033978879451752,2493.235621949,,,,,,,,,,,
4.033978879451752e-05,1770721596.1112313,7459,2408,4.033978879451752e-05,0.0004033978879451752,0.0004033978879451752,2493.398073237,,,,,,,,,,,
,1770721596.2553148,7459,2409,,,,2493.539315827,86.0,0.03520473092794418,,,,,,,,,
4.0315361320972446e-05,1770721599.1472375,7469,2410,4.0315361320972446e-05,0.00040315361320972443,0.00040315361320972443,2496.431427755,,,,,,,,,,,
4.0315361320972446e-05,1770721599.3072004,7469,2411,4.0315361320972446e-05,0.00040315361320972443,0.00040315361320972443,2496.591251544,,,,,,,,,,,
,1770721599.4512856,7469,2412,,,,2496.735259229,86.0,0.02001088485121727,,,,,,,,,
4.0290910005569457e-05,1770721602.3440502,7479,2413,4.0290910005569457e-05,0.0004029091000556946,0.0004029091000556946,2499.62825219,,,,,,,,,,,
4.0290910005569457e-05,1770721602.5034297,7479,2414,4.0290910005569457e-05,0.0004029091000556946,0.0004029091000556946,2499.787471168,,,,,,,,,,,
,1770721602.647972,7479,2415,,,,2499.931948471,86.0,0.04815345257520676,,,,,,,,,
,1770721604.6298366,7481,2416,,,,2501.914085467,86.0,,5.306355953216553,0.08208047598600388,5.3063554763793945,0.9186519384384155,,,,,
,1770721604.6315253,7481,2417,,,,2501.915436522,86.0,,,,,,0.0379919558763504,3.8805017471313477,,,
4.026643484830856e-05,1770721606.884169,7489,2418,4.026643484830856e-05,0.00040266434848308566,0.00040266434848308566,2504.168315646,,,,,,,,,,,
4.026643484830856e-05,1770721607.0434046,7489,2419,4.026643484830856e-05,0.00040266434848308566,0.00040266434848308566,2504.327427333,,,,,,,,,,,
,1770721607.1878252,7489,2420,,,,2504.471791845,87.0,0.022557388991117477,,,,,,,,,
4.024193584918976e-05,1770721610.0797489,7499,2421,4.024193584918976e-05,0.00040241935849189757,0.00040241935849189757,2507.36394491,,,,,,,,,,,
4.024193584918976e-05,1770721610.2391922,7499,2422,4.024193584918976e-05,0.00040241935849189757,0.00040241935849189757,2507.523243007,,,,,,,,,,,
,1770721610.3829098,7499,2423,,,,2507.666883838,87.0,0.050457220524549484,,,,,,,,,
4.021741598844528e-05,1770721613.274559,7509,2424,4.021741598844528e-05,0.00040217415988445283,0.00040217415988445283,2510.558764468,,,,,,,,,,,
4.021741598844528e-05,1770721613.433917,7509,2425,4.021741598844528e-05,0.00040217415988445283,0.00040217415988445283,2510.717964267,,,,,,,,,,,
,1770721613.5785408,7509,2426,,,,2510.862524343,87.0,0.03530120849609375,,,,,,,,,
4.0192870795726777e-05,1770721616.469612,7519,2427,4.0192870795726777e-05,0.00040192870795726775,0.00040192870795726775,2513.756077118,,,,,,,,,,,
4.0192870795726777e-05,1770721616.6289077,7519,2428,4.0192870795726777e-05,0.00040192870795726775,0.00040192870795726775,2513.91606962,,,,,,,,,,,
,1770721616.7733145,7519,2429,,,,2514.057354252,87.0,0.05123751237988472,,,,,,,,,
4.0168303251266484e-05,1770721619.6656911,7529,2430,4.0168303251266484e-05,0.0004016830325126648,0.0004016830325126648,2516.949890051,,,,,,,,,,,
4.0168303251266484e-05,1770721619.8255363,7529,2431,4.0168303251266484e-05,0.0004016830325126648,0.0004016830325126648,2517.10956843,,,,,,,,,,,
,1770721619.9701283,7529,2432,,,,2517.254113853,87.0,0.04472183808684349,,,,,,,,,
4.0143711864948273e-05,1770721622.8592257,7539,2433,4.0143711864948273e-05,0.00040143711864948275,0.00040143711864948275,2520.143382025,,,,,,,,,,,
4.0143711864948273e-05,1770721623.0186357,7539,2434,4.0143711864948273e-05,0.00040143711864948275,0.00040143711864948275,2520.302678999,,,,,,,,,,,
,1770721623.1631422,7539,2435,,,,2520.447131453,87.0,0.06676230579614639,,,,,,,,,
4.0119098126888274e-05,1770721626.0540464,7549,2436,4.0119098126888274e-05,0.00040119098126888277,0.00040119098126888277,2523.338192731,,,,,,,,,,,
4.0119098126888274e-05,1770721626.2140384,7549,2437,4.0119098126888274e-05,0.00040119098126888277,0.00040119098126888277,2523.501107975,,,,,,,,,,,
,1770721626.3577693,7549,2438,,,,2523.641758431,87.0,0.08811447024345398,,,,,,,,,
4.009446054697037e-05,1770721629.2487373,7559,2439,4.009446054697037e-05,0.0004009446054697037,0.0004009446054697037,2526.535104357,,,,,,,,,,,
4.009446054697037e-05,1770721629.4080637,7559,2440,4.009446054697037e-05,0.0004009446054697037,0.0004009446054697037,2526.695053533,,,,,,,,,,,
,1770721629.5518615,7559,2441,,,,2526.835896429,87.0,0.04777723550796509,,,,,,,,,
,1770721633.5820456,7567,2442,,,,2530.86630544,87.0,,5.222333908081055,0.08383076637983322,5.222333908081055,0.916885256767273,,,,,
,1770721633.5837843,7567,2443,,,,2530.867728303,87.0,,,,,,0.03951292112469673,3.9374756813049316,,,
4.006979912519455e-05,1770721633.9214451,7569,2444,4.006979912519455e-05,0.0004006979912519455,0.0004006979912519455,2531.205533088,,,,,,,,,,,
4.006979912519455e-05,1770721634.0809274,7569,2445,4.006979912519455e-05,0.0004006979912519455,0.0004006979912519455,2531.364963232,,,,,,,,,,,
,1770721634.2256439,7569,2446,,,,2531.509613833,88.0,0.023677773773670197,,,,,,,,,
4.0045116841793063e-05,1770721637.4896355,7579,2447,4.0045116841793063e-05,0.0004004511684179306,0.0004004511684179306,2534.773775848,,,,,,,,,,,
4.0045116841793063e-05,1770721637.6496885,7579,2448,4.0045116841793063e-05,0.0004004511684179306,0.0004004511684179306,2534.933726596,,,,,,,,,,,
,1770721637.7942863,7579,2449,,,,2535.078260401,88.0,0.07306922227144241,,,,,,,,,
4.0020410716533666e-05,1770721640.9124563,7589,2450,4.0020410716533666e-05,0.00040020410716533664,0.00040020410716533664,2538.199155002,,,,,,,,,,,
4.0020410716533666e-05,1770721641.074486,7589,2451,4.0020410716533666e-05,0.00040020410716533664,0.00040020410716533664,2538.358468811,,,,,,,,,,,
,1770721641.2184873,7589,2452,,,,2538.502500219,88.0,0.032828040421009064,,,,,,,,,
3.999568074941635e-05,1770721644.165424,7599,2453,3.999568074941635e-05,0.0003999568074941635,0.0003999568074941635,2541.452077526,,,,,,,,,,,
3.999568074941635e-05,1770721644.3246663,7599,2454,3.999568074941635e-05,0.0003999568074941635,0.0003999568074941635,2541.611066866,,,,,,,,,,,
,1770721644.4692492,7599,2455,,,,2541.753294727,88.0,0.034573979675769806,,,,,,,,,
3.997092843055725e-05,1770721647.362641,7609,2456,3.997092843055725e-05,0.0003997092843055725,0.0003997092843055725,2544.646805866,,,,,,,,,,,
3.997092843055725e-05,1770721647.522379,7609,2457,3.997092843055725e-05,0.0003997092843055725,0.0003997092843055725,2544.80641623,,,,,,,,,,,
,1770721647.6670828,7609,2458,,,,2544.951078418,88.0,0.04195046424865723,,,,,,,,,
3.9946152269840244e-05,1770721650.5580683,7619,2459,3.9946152269840244e-05,0.0003994615226984024,0.0003994615226984024,2547.842246464,,,,,,,,,,,
3.9946152269840244e-05,1770721650.7172499,7619,2460,3.9946152269840244e-05,0.0003994615226984024,0.0003994615226984024,2548.001279108,,,,,,,,,,,
,1770721650.8619893,7619,2461,,,,2548.145958201,88.0,0.04166979342699051,,,,,,,,,
3.992135375738144e-05,1770721653.7551126,7629,2462,3.992135375738144e-05,0.0003992135375738144,0.0003992135375738144,2551.039349201,,,,,,,,,,,
3.992135375738144e-05,1770721653.9152057,7629,2463,3.992135375738144e-05,0.0003992135375738144,0.0003992135375738144,2551.199259837,,,,,,,,,,,
,1770721654.0598335,7629,2464,,,,2551.343813481,88.0,0.0535382442176342,,,,,,,,,
3.989653438329697e-05,1770721657.1488745,7639,2465,3.989653438329697e-05,0.0003989653438329697,0.0003989653438329697,2554.433041428,,,,,,,,,,,
3.989653438329697e-05,1770721657.3086317,7639,2466,3.989653438329697e-05,0.0003989653438329697,0.0003989653438329697,2554.592680295,,,,,,,,,,,
,1770721657.4525774,7639,2467,,,,2554.736548136,88.0,0.0350692942738533,,,,,,,,,
3.987169116735458e-05,1770721660.341344,7649,2468,3.987169116735458e-05,0.00039871691167354587,0.00039871691167354587,2557.625526249,,,,,,,,,,,
3.987169116735458e-05,1770721660.5011225,7649,2469,3.987169116735458e-05,0.00039871691167354587,0.00039871691167354587,2557.785174961,,,,,,,,,,,
,1770721660.645193,7649,2470,,,,2557.929161399,88.0,0.028426483273506165,,,,,,,,,
,1770721663.2661247,7653,2471,,,,2560.550308301,88.0,,5.34246301651001,0.08764902502298355,5.342462539672852,0.9130858778953552,,,,,
,1770721663.2677038,7653,2472,,,,2560.551620988,88.0,,,,,,0.04072108864784241,4.031358242034912,,,
3.984682410955429e-05,1770721664.8815498,7659,2473,3.984682410955429e-05,0.0003984682410955429,0.0003984682410955429,2562.165721109,,,,,,,,,,,
3.984682410955429e-05,1770721665.0409553,7659,2474,3.984682410955429e-05,0.0003984682410955429,0.0003984682410955429,2562.325000133,,,,,,,,,,,
,1770721665.1856117,7659,2475,,,,2562.469584152,89.0,0.03923320397734642,,,,,,,,,
3.982193470001221e-05,1770721668.0779235,7669,2476,3.982193470001221e-05,0.00039821934700012205,0.00039821934700012205,2565.362103529,,,,,,,,,,,
3.982193470001221e-05,1770721668.237837,7669,2477,3.982193470001221e-05,0.00039821934700012205,0.00039821934700012205,2565.521895686,,,,,,,,,,,
,1770721668.3825219,7669,2478,,,,2565.666500997,89.0,0.02012082189321518,,,,,,,,,
3.9797022938728335e-05,1770721671.2727063,7679,2479,3.9797022938728335e-05,0.00039797022938728335,0.00039797022938728335,2568.559063655,,,,,,,,,,,
3.9797022938728335e-05,1770721671.4325273,7679,2480,3.9797022938728335e-05,0.00039797022938728335,0.00039797022938728335,2568.716648847,,,,,,,,,,,
,1770721671.5772808,7679,2481,,,,2568.861250341,89.0,0.03773112595081329,,,,,,,,,
3.977208733558655e-05,1770721674.4687173,7689,2482,3.977208733558655e-05,0.0003977208733558655,0.0003977208733558655,2571.752904427,,,,,,,,,,,
3.977208733558655e-05,1770721674.628632,7689,2483,3.977208733558655e-05,0.0003977208733558655,0.0003977208733558655,2571.912684224,,,,,,,,,,,
,1770721674.7732587,7689,2484,,,,2572.057223205,89.0,0.03279202803969383,,,,,,,,,
3.9747130870819096e-05,1770721677.6641345,7699,2485,3.9747130870819096e-05,0.00039747130870819094,0.00039747130870819094,2574.948321328,,,,,,,,,,,
3.9747130870819096e-05,1770721677.8234274,7699,2486,3.9747130870819096e-05,0.00039747130870819094,0.00039747130870819094,2575.107475313,,,,,,,,,,,
,1770721677.968077,7699,2487,,,,2575.252062446,89.0,0.051845721900463104,,,,,,,,,
3.972215205430985e-05,1770721680.8602033,7709,2488,3.972215205430985e-05,0.00039722152054309844,0.00039722152054309844,2578.144404519,,,,,,,,,,,
3.972215205430985e-05,1770721681.0200455,7709,2489,3.972215205430985e-05,0.00039722152054309844,0.00039722152054309844,2578.307100899,,,,,,,,,,,
,1770721681.1640468,7709,2490,,,,2578.448011093,89.0,0.04032269865274429,,,,,,,,,
3.969714939594269e-05,1770721684.0552304,7719,2491,3.969714939594269e-05,0.0003969714939594269,0.0003969714939594269,2581.339413175,,,,,,,,,,,
3.969714939594269e-05,1770721684.215213,7719,2492,3.969714939594269e-05,0.0003969714939594269,0.0003969714939594269,2581.499257339,,,,,,,,,,,
,1770721684.359205,7719,2493,,,,2581.643182464,89.0,0.04472437500953674,,,,,,,,,
3.967212438583374e-05,1770721687.2518666,7729,2494,3.967212438583374e-05,0.0003967212438583374,0.0003967212438583374,2584.536072314,,,,,,,,,,,
3.967212438583374e-05,1770721687.4120092,7729,2495,3.967212438583374e-05,0.0003967212438583374,0.0003967212438583374,2584.699087804,,,,,,,,,,,
,1770721687.5558095,7729,2496,,,,2584.83982047,89.0,0.020570261403918266,,,,,,,,,
3.9647077023983005e-05,1770721690.448622,7739,2497,3.9647077023983005e-05,0.00039647077023983004,0.00039647077023983004,2587.732805789,,,,,,,,,,,
3.9647077023983005e-05,1770721690.5974689,7739,2498,3.9647077023983005e-05,0.00039647077023983004,0.00039647077023983004,2587.881473688,,,,,,,,,,,
,1770721690.6542952,7739,2499,,,,2587.938232474,89.0,0.020638948306441307,,,,,,,,,
,1770721692.0959954,7739,2500,,,,2589.380187952,89.0,,5.409621238708496,0.09303923696279526,5.409621238708496,0.9077341556549072,,,,,
,1770721692.0976157,7739,2501,,,,2589.38156723,89.0,,,,,,0.0374431274831295,3.8738393783569336,,,
3.9622007310390474e-05,1770721694.9877224,7749,2502,3.9622007310390474e-05,0.00039622007310390474,0.00039622007310390474,2592.271902671,,,,,,,,,,,
3.9622007310390474e-05,1770721695.1474288,7749,2503,3.9622007310390474e-05,0.00039622007310390474,0.00039622007310390474,2592.431473803,,,,,,,,,,,
,1770721695.291642,7749,2504,,,,2592.575613701,90.0,0.03069908544421196,,,,,,,,,
3.9596916735172276e-05,1770721698.1834505,7759,2505,3.9596916735172276e-05,0.00039596916735172273,0.00039596916735172273,2595.467634546,,,,,,,,,,,
3.9596916735172276e-05,1770721698.3432317,7759,2506,3.9596916735172276e-05,0.00039596916735172273,0.00039596916735172273,2595.627278177,,,,,,,,,,,
,1770721698.4870405,7759,2507,,,,2595.771024381,90.0,0.04899609833955765,,,,,,,,,
3.957180231809616e-05,1770721701.3772953,7769,2508,3.957180231809616e-05,0.00039571802318096163,0.00039571802318096163,2598.661502679,,,,,,,,,,,
3.957180231809616e-05,1770721701.5365474,7769,2509,3.957180231809616e-05,0.00039571802318096163,0.00039571802318096163,2598.820594449,,,,,,,,,,,
,1770721701.6803231,7769,2510,,,,2598.964292931,90.0,0.05128028988838196,,,,,,,,,
3.9546665549278264e-05,1770721704.572024,7779,2511,3.9546665549278264e-05,0.0003954666554927826,0.0003954666554927826,2601.856237463,,,,,,,,,,,
3.9546665549278264e-05,1770721704.7314706,7779,2512,3.9546665549278264e-05,0.0003954666554927826,0.0003954666554927826,2602.015522533,,,,,,,,,,,
,1770721704.8759656,7779,2513,,,,2602.159932187,90.0,0.03935232013463974,,,,,,,,,
3.952150642871857e-05,1770721707.7650454,7789,2514,3.952150642871857e-05,0.0003952150642871857,0.0003952150642871857,2605.049219332,,,,,,,,,,,
3.952150642871857e-05,1770721707.9242778,7789,2515,3.952150642871857e-05,0.0003952150642871857,0.0003952150642871857,2605.208321126,,,,,,,,,,,
,1770721708.0688546,7789,2516,,,,2605.352826804,90.0,0.025243083015084267,,,,,,,,,
3.9496324956417084e-05,1770721710.9586499,7799,2517,3.9496324956417084e-05,0.00039496324956417084,0.00039496324956417084,2608.245101034,,,,,,,,,,,
3.9496324956417084e-05,1770721711.117594,7799,2518,3.9496324956417084e-05,0.00039496324956417084,0.00039496324956417084,2608.401581479,,,,,,,,,,,
,1770721711.261827,7799,2519,,,,2608.54586997,90.0,0.04189493507146835,,,,,,,,,
3.9471121132373814e-05,1770721714.15355,7809,2520,3.9471121132373814e-05,0.0003947112113237381,0.0003947112113237381,2611.440077237,,,,,,,,,,,
3.9471121132373814e-05,1770721714.3126776,7809,2521,3.9471121132373814e-05,0.0003947112113237381,0.0003947112113237381,2611.599052199,,,,,,,,,,,
,1770721714.4566398,7809,2522,,,,2611.740689036,90.0,0.026611225679516792,,,,,,,,,
3.9445896446704865e-05,1770721717.347798,7819,2523,3.9445896446704865e-05,0.00039445896446704863,0.00039445896446704863,2614.631979736,,,,,,,,,,,
3.9445896446704865e-05,1770721717.5075896,7819,2524,3.9445896446704865e-05,0.00039445896446704863,0.00039445896446704863,2614.791636044,,,,,,,,,,,
,1770721717.6522346,7819,2525,,,,2614.936212328,90.0,0.02306022308766842,,,,,,,,,
,1770721720.9112346,7825,2526,,,,2618.195482256,90.0,,5.876811504364014,0.10138741135597229,5.876811504364014,0.8994465470314026,,,,,
,1770721720.9129403,7825,2527,,,,2618.196854222,90.0,,,,,,0.03952628746628761,3.975935459136963,,,
3.942064940929413e-05,1770721721.8883824,7829,2528,3.942064940929413e-05,0.0003942064940929413,0.0003942064940929413,2619.172536389,,,,,,,,,,,
3.942064940929413e-05,1770721722.0482519,7829,2529,3.942064940929413e-05,0.0003942064940929413,0.0003942064940929413,2619.332290375,,,,,,,,,,,
,1770721722.1924593,7829,2530,,,,2619.476432234,91.0,0.02968819998204708,,,,,,,,,
3.93953800201416e-05,1770721725.0832,7839,2531,3.93953800201416e-05,0.00039395380020141603,0.00039395380020141603,2622.367406006,,,,,,,,,,,
3.93953800201416e-05,1770721725.2421668,7839,2532,3.93953800201416e-05,0.00039395380020141603,0.00039395380020141603,2622.526221678,,,,,,,,,,,
,1770721725.386245,7839,2533,,,,2622.670215694,91.0,0.03970060497522354,,,,,,,,,
3.9370088279247286e-05,1770721728.2770488,7849,2534,3.9370088279247286e-05,0.00039370088279247283,0.00039370088279247283,2625.561212987,,,,,,,,,,,
3.9370088279247286e-05,1770721728.4363368,7849,2535,3.9370088279247286e-05,0.00039370088279247283,0.00039370088279247283,2625.720389422,,,,,,,,,,,
,1770721728.5803754,7849,2536,,,,2625.864351109,91.0,0.035927511751651764,,,,,,,,,
3.9344774186611176e-05,1770721731.4729974,7859,2537,3.9344774186611176e-05,0.0003934477418661118,0.0003934477418661118,2628.76006967,,,,,,,,,,,
3.9344774186611176e-05,1770721731.632073,7859,2538,3.9344774186611176e-05,0.0003934477418661118,0.0003934477418661118,2628.916200056,,,,,,,,,,,
,1770721731.77678,7859,2539,,,,2629.060745493,91.0,0.03717225790023804,,,,,,,,,
3.93194392323494e-05,1770721734.6685941,7869,2540,3.93194392323494e-05,0.000393194392323494,0.000393194392323494,2631.952801142,,,,,,,,,,,
3.93194392323494e-05,1770721734.8275664,7869,2541,3.93194392323494e-05,0.000393194392323494,0.000393194392323494,2632.111614058,,,,,,,,,,,
,1770721734.9718566,7869,2542,,,,2632.25583109,91.0,0.0562441386282444,,,,,,,,,
3.9294080436229705e-05,1770721737.863418,7879,2543,3.9294080436229705e-05,0.0003929408043622971,0.0003929408043622971,2635.147610669,,,,,,,,,,,
3.9294080436229705e-05,1770721738.0226421,7879,2544,3.9294080436229705e-05,0.0003929408043622971,0.0003929408043622971,2635.306682966,,,,,,,,,,,
,1770721738.1672783,7879,2545,,,,2635.451258096,91.0,0.029262274503707886,,,,,,,,,
3.926870226860047e-05,1770721741.0574577,7889,2546,3.926870226860047e-05,0.0003926870226860046,0.0003926870226860046,2638.341625335,,,,,,,,,,,
3.926870226860047e-05,1770721741.2174485,7889,2547,3.926870226860047e-05,0.0003926870226860046,0.0003926870226860046,2638.501491528,,,,,,,,,,,
,1770721741.362179,7889,2548,,,,2638.646162443,91.0,0.041404321789741516,,,,,,,,,
3.9243301749229434e-05,1770721744.2541642,7899,2549,3.9243301749229434e-05,0.0003924330174922943,0.0003924330174922943,2641.538409077,,,,,,,,,,,
3.9243301749229434e-05,1770721744.413526,7899,2550,3.9243301749229434e-05,0.0003924330174922943,0.0003924330174922943,2641.700092887,,,,,,,,,,,
,1770721744.557984,7899,2551,,,,2641.841951776,91.0,0.07547660171985626,,,,,,,,,
3.921787887811661e-05,1770721747.4486659,7909,2552,3.921787887811661e-05,0.00039217878878116606,0.00039217878878116606,2644.732841482,,,,,,,,,,,
3.921787887811661e-05,1770721747.6081338,7909,2553,3.921787887811661e-05,0.00039217878878116606,0.00039217878878116606,2644.892179078,,,,,,,,,,,
,1770721747.7519248,7909,2554,,,,2645.035907662,91.0,0.0361802764236927,,,,,,,,,
,1770721749.7333994,7911,2555,,,,2647.017651632,91.0,,5.268318176269531,0.08505748212337494,5.2683186531066895,0.9156719446182251,,,,,
,1770721749.7351124,7911,2556,,,,2647.019059412,91.0,,,,,,0.04119567573070526,4.034199237823486,,,
3.9192433655261996e-05,1770721751.9889684,7919,2557,3.9192433655261996e-05,0.00039192433655261996,0.00039192433655261996,2649.27317107,,,,,,,,,,,
3.9192433655261996e-05,1770721752.1488686,7919,2558,3.9192433655261996e-05,0.00039192433655261996,0.00039192433655261996,2649.432915148,,,,,,,,,,,
,1770721752.2930791,7919,2559,,,,2649.577079649,92.0,0.04722839221358299,,,,,,,,,
3.916696757078171e-05,1770721755.1857696,7929,2560,3.916696757078171e-05,0.0003916696757078171,0.0003916696757078171,2652.469977209,,,,,,,,,,,
3.916696757078171e-05,1770721755.345759,7929,2561,3.916696757078171e-05,0.0003916696757078171,0.0003916696757078171,2652.629803531,,,,,,,,,,,
,1770721755.4899771,7929,2562,,,,2652.773947341,92.0,0.03431754559278488,,,,,,,,,
3.9141479134559634e-05,1770721758.380763,7939,2563,3.9141479134559634e-05,0.00039141479134559634,0.00039141479134559634,2655.667073,,,,,,,,,,,
3.9141479134559634e-05,1770721758.5400007,7939,2564,3.9141479134559634e-05,0.00039141479134559634,0.00039141479134559634,2655.827060574,,,,,,,,,,,
,1770721758.6839337,7939,2565,,,,2655.967977453,92.0,0.01806214079260826,,,,,,,,,
3.911596983671188e-05,1770721761.5764832,7949,2566,3.911596983671188e-05,0.00039115969836711883,0.00039115969836711883,2658.860690236,,,,,,,,,,,
3.911596983671188e-05,1770721761.7364497,7949,2567,3.911596983671188e-05,0.00039115969836711883,0.00039115969836711883,2659.020500694,,,,,,,,,,,
,1770721761.8806581,7949,2568,,,,2659.164644453,92.0,0.04324750974774361,,,,,,,,,
3.9090439677238465e-05,1770721764.772546,7959,2569,3.9090439677238465e-05,0.00039090439677238467,0.00039090439677238467,2662.059087278,,,,,,,,,,,
3.9090439677238465e-05,1770721764.9315917,7959,2570,3.9090439677238465e-05,0.00039090439677238467,0.00039090439677238467,2662.218055426,,,,,,,,,,,
,1770721765.0761285,7959,2571,,,,2662.360186524,92.0,0.03622869402170181,,,,,,,,,
3.906488567590714e-05,1770721767.9691632,7969,2572,3.906488567590714e-05,0.00039064885675907135,0.00039064885675907135,2665.253360503,,,,,,,,,,,
3.906488567590714e-05,1770721768.1284266,7969,2573,3.906488567590714e-05,0.00039064885675907135,0.00039064885675907135,2665.412475853,,,,,,,,,,,
,1770721768.2730334,7969,2574,,,,2665.557005092,92.0,0.04295233264565468,,,,,,,,,
3.903931230306626e-05,1770721771.164267,7979,2575,3.903931230306626e-05,0.00039039312303066254,0.00039039312303066254,2668.451093254,,,,,,,,,,,
3.903931230306626e-05,1770721771.3233893,7979,2576,3.903931230306626e-05,0.00039039312303066254,0.00039039312303066254,2668.610062183,,,,,,,,,,,
,1770721771.4678395,7979,2577,,,,2668.751897445,92.0,0.035574398934841156,,,,,,,,,
3.901371508836746e-05,1770721774.359922,7989,2578,3.901371508836746e-05,0.0003901371508836746,0.0003901371508836746,2671.644136898,,,,,,,,,,,
3.901371508836746e-05,1770721774.519935,7989,2579,3.901371508836746e-05,0.0003901371508836746,0.0003901371508836746,2671.803988306,,,,,,,,,,,
,1770721774.664644,7989,2580,,,,2671.948622894,92.0,0.026447460055351257,,,,,,,,,
,1770721778.5623899,7997,2581,,,,2675.846632354,92.0,,5.27337646484375,0.08549658954143524,5.273375988006592,0.9152188301086426,,,,,
,1770721778.5640798,7997,2582,,,,2675.848011672,92.0,,,,,,0.036889947950839996,3.8318827152252197,,,
3.898809850215912e-05,1770721778.901233,7999,2583,3.898809850215912e-05,0.0003898809850215912,0.0003898809850215912,2676.185347928,,,,,,,,,,,
3.898809850215912e-05,1770721779.0608022,7999,2584,3.898809850215912e-05,0.0003898809850215912,0.0003898809850215912,2676.344839865,,,,,,,,,,,
,1770721779.204977,7999,2585,,,,2676.488955751,93.0,0.02910901978611946,,,,,,,,,
3.896246105432511e-05,1770721782.0958576,8009,2586,3.896246105432511e-05,0.00038962461054325103,0.00038962461054325103,2679.380053714,,,,,,,,,,,
3.896246105432511e-05,1770721782.2558203,8009,2587,3.896246105432511e-05,0.00038962461054325103,0.00038962461054325103,2679.543101286,,,,,,,,,,,
,1770721782.400402,8009,2588,,,,2679.68440747,93.0,0.03205942362546921,,,,,,,,,
3.89368012547493e-05,1770721785.3484817,8019,2589,3.89368012547493e-05,0.000389368012547493,0.000389368012547493,2682.632676624,,,,,,,,,,,
3.89368012547493e-05,1770721785.5078478,8019,2590,3.89368012547493e-05,0.000389368012547493,0.000389368012547493,2682.791895749,,,,,,,,,,,
,1770721785.6523137,8019,2591,,,,2682.93628736,93.0,0.02832089550793171,,,,,,,,,
3.89111191034317e-05,1770721788.544571,8029,2592,3.89111191034317e-05,0.00038911119103431704,0.00038911119103431704,2685.828767987,,,,,,,,,,,
3.89111191034317e-05,1770721788.7040472,8029,2593,3.89111191034317e-05,0.00038911119103431704,0.00038911119103431704,2685.988107133,,,,,,,,,,,
,1770721788.8483498,8029,2594,,,,2686.132324,93.0,0.04594840109348297,,,,,,,,,
3.888541609048844e-05,1770721791.7413895,8039,2595,3.888541609048844e-05,0.00038885416090488436,0.00038885416090488436,2689.025595916,,,,,,,,,,,
3.888541609048844e-05,1770721791.9007397,8039,2596,3.888541609048844e-05,0.00038885416090488436,0.00038885416090488436,2689.184785606,,,,,,,,,,,
,1770721792.0450761,8039,2597,,,,2689.329061312,93.0,0.025116020813584328,,,,,,,,,
3.8859692215919494e-05,1770721794.936323,8049,2598,3.8859692215919494e-05,0.00038859692215919493,0.00038859692215919493,2692.220502385,,,,,,,,,,,
3.8859692215919494e-05,1770721795.0962307,8049,2599,3.8859692215919494e-05,0.00038859692215919493,0.00038859692215919493,2692.380276536,,,,,,,,,,,
,1770721795.240859,8049,2600,,,,2692.524832894,93.0,0.0316617488861084,,,,,,,,,
3.8833947479724885e-05,1770721798.1329634,8059,2601,3.8833947479724885e-05,0.00038833947479724885,0.00038833947479724885,2695.417161791,,,,,,,,,,,
3.8833947479724885e-05,1770721798.292915,8059,2602,3.8833947479724885e-05,0.00038833947479724885,0.00038833947479724885,2695.576958555,,,,,,,,,,,
,1770721798.4376369,8059,2603,,,,2695.721614643,93.0,0.05179540067911148,,,,,,,,,
3.880818039178849e-05,1770721801.3299358,8069,2604,3.880818039178849e-05,0.0003880818039178848,0.0003880818039178848,2698.614160462,,,,,,,,,,,
3.880818039178849e-05,1770721801.490204,8069,2605,3.880818039178849e-05,0.0003880818039178848,0.0003880818039178848,2698.774254834,,,,,,,,,,,
,1770721801.6341248,8069,2606,,,,2698.91811269,93.0,0.033069245517253876,,,,,,,,,
3.878239393234253e-05,1770721804.5266428,8079,2607,3.878239393234253e-05,0.0003878239393234253,0.0003878239393234253,2701.810837384,,,,,,,,,,,
3.878239393234253e-05,1770721804.6861832,8079,2608,3.878239393234253e-05,0.0003878239393234253,0.0003878239393234253,2701.970244661,,,,,,,,,,,
,1770721804.8301136,8079,2609,,,,2702.114107284,93.0,0.02430575340986252,,,,,,,,,
,1770721807.4513607,8083,2610,,,,2704.735605831,93.0,,5.468124866485596,0.08984074741601944,5.468124866485596,0.9109044075012207,,,,,
,1770721807.4530635,8083,2611,,,,2704.736979129,93.0,,,,,,0.034832168370485306,3.7548880577087402,,,
3.8756586611270904e-05,1770721809.1251016,8089,2612,3.8756586611270904e-05,0.00038756586611270904,0.00038756586611270904,2706.409285045,,,,,,,,,,,
3.8756586611270904e-05,1770721809.2849998,8089,2613,3.8756586611270904e-05,0.00038756586611270904,0.00038756586611270904,2706.569046886,,,,,,,,,,,
,1770721809.4295437,8089,2614,,,,2706.713526858,94.0,0.04561849683523178,,,,,,,,,
3.8730756938457494e-05,1770721812.3285797,8099,2615,3.8730756938457494e-05,0.0003873075693845749,0.0003873075693845749,2709.615128203,,,,,,,,,,,
3.8730756938457494e-05,1770721812.487669,8099,2616,3.8730756938457494e-05,0.0003873075693845749,0.0003873075693845749,2709.774060193,,,,,,,,,,,
,1770721812.6316154,8099,2617,,,,2709.915674519,94.0,0.03150661662220955,,,,,,,,,
3.8704906404018404e-05,1770721815.5233943,8109,2618,3.8704906404018404e-05,0.000387049064040184,0.000387049064040184,2712.807636931,,,,,,,,,,,
3.8704906404018404e-05,1770721815.6829135,8109,2619,3.8704906404018404e-05,0.000387049064040184,0.000387049064040184,2712.966967081,,,,,,,,,,,
,1770721815.8273382,8109,2620,,,,2713.111301083,94.0,0.03866570442914963,,,,,,,,,
3.8679033517837526e-05,1770721818.7198339,8119,2621,3.8679033517837526e-05,0.00038679033517837526,0.00038679033517837526,2716.004050446,,,,,,,,,,,
3.8679033517837526e-05,1770721818.8794427,8119,2622,3.8679033517837526e-05,0.00038679033517837526,0.00038679033517837526,2716.166080212,,,,,,,,,,,
,1770721819.0233567,8119,2623,,,,2716.307362377,94.0,0.03548869490623474,,,,,,,,,
3.86531412601471e-05,1770721821.916804,8129,2624,3.86531412601471e-05,0.00038653141260147096,0.00038653141260147096,2719.20101081,,,,,,,,,,,
3.86531412601471e-05,1770721822.0765,8129,2625,3.86531412601471e-05,0.00038653141260147096,0.00038653141260147096,2719.360539629,,,,,,,,,,,
,1770721822.2233024,8129,2626,,,,2719.507325273,94.0,0.03892012685537338,,,,,,,,,
3.862722963094711e-05,1770721825.117267,8139,2627,3.862722963094711e-05,0.00038627229630947116,0.00038627229630947116,2722.404096876,,,,,,,,,,,
3.862722963094711e-05,1770721825.2769713,8139,2628,3.862722963094711e-05,0.00038627229630947116,0.00038627229630947116,2722.564063855,,,,,,,,,,,
,1770721825.4215589,8139,2629,,,,2722.705611029,94.0,0.04243771359324455,,,,,,,,,
3.8601295650005344e-05,1770721828.314364,8149,2630,3.8601295650005344e-05,0.0003860129565000534,0.0003860129565000534,2725.601084873,,,,,,,,,,,
3.8601295650005344e-05,1770721828.473805,8149,2631,3.8601295650005344e-05,0.0003860129565000534,0.0003860129565000534,2725.7600618,,,,,,,,,,,
,1770721828.6176405,8149,2632,,,,2725.901684768,94.0,0.017393136397004128,,,,,,,,,
3.85753408074379e-05,1770721831.5109549,8159,2633,3.85753408074379e-05,0.000385753408074379,0.000385753408074379,2728.795160648,,,,,,,,,,,
3.85753408074379e-05,1770721831.6707568,8159,2634,3.85753408074379e-05,0.000385753408074379,0.000385753408074379,2728.954805311,,,,,,,,,,,
,1770721831.8147612,8159,2635,,,,2729.098733491,94.0,0.029963739216327667,,,,,,,,,
3.854936510324478e-05,1770721834.705679,8169,2636,3.854936510324478e-05,0.00038549365103244783,0.00038549365103244783,2731.989870674,,,,,,,,,,,
3.854936510324478e-05,1770721834.854754,8169,2637,3.854936510324478e-05,0.00038549365103244783,0.00038549365103244783,2732.138754669,,,,,,,,,,,
,1770721834.9110212,8169,2638,,,,2732.194960458,94.0,0.030608944594860077,,,,,,,,,
,1770721836.352764,8169,2639,,,,2733.636927278,94.0,,5.160395622253418,0.08112549781799316,5.160395622253418,0.9195879101753235,,,,,
,1770721836.354394,8169,2640,,,,2733.638326686,94.0,,,,,,0.03497365117073059,3.7721211910247803,,,
3.8523368537425997e-05,1770721839.2446413,8179,2641,3.8523368537425997e-05,0.00038523368537425997,0.00038523368537425997,2736.52883746,,,,,,,,,,,
3.8523368537425997e-05,1770721839.4044125,8179,2642,3.8523368537425997e-05,0.00038523368537425997,0.00038523368537425997,2736.688460369,,,,,,,,,,,
,1770721839.5484426,8179,2643,,,,2736.832412304,95.0,0.019228147342801094,,,,,,,,,
3.849735260009766e-05,1770721842.4402304,8189,2644,3.849735260009766e-05,0.0003849735260009766,0.0003849735260009766,2739.724409594,,,,,,,,,,,
3.849735260009766e-05,1770721842.5995114,8189,2645,3.849735260009766e-05,0.0003849735260009766,0.0003849735260009766,2739.886108429,,,,,,,,,,,
,1770721842.7439477,8189,2646,,,,2740.027944988,95.0,0.04915213584899902,,,,,,,,,
3.847131282091141e-05,1770721845.6341083,8199,2647,3.847131282091141e-05,0.0003847131282091141,0.0003847131282091141,2742.918316284,,,,,,,,,,,
3.847131282091141e-05,1770721845.7942405,8199,2648,3.847131282091141e-05,0.0003847131282091141,0.0003847131282091141,2743.078227617,,,,,,,,,,,
,1770721845.9382255,8199,2649,,,,2743.222188666,95.0,0.04065021127462387,,,,,,,,,
3.844525516033173e-05,1770721848.8310344,8209,2650,3.844525516033173e-05,0.00038445255160331725,0.00038445255160331725,2746.115250089,,,,,,,,,,,
3.844525516033173e-05,1770721848.9922917,8209,2651,3.844525516033173e-05,0.00038445255160331725,0.00038445255160331725,2746.276391906,,,,,,,,,,,
,1770721849.1371455,8209,2652,,,,2746.421196765,95.0,0.043058883398771286,,,,,,,,,
3.841917514801026e-05,1770721852.0318565,8219,2653,3.841917514801026e-05,0.0003841917514801026,0.0003841917514801026,2749.316062983,,,,,,,,,,,
3.841917514801026e-05,1770721852.1915767,8219,2654,3.841917514801026e-05,0.0003841917514801026,0.0003841917514801026,2749.478071114,,,,,,,,,,,
,1770721852.335811,8219,2655,,,,2749.619811677,95.0,0.026594389230012894,,,,,,,,,
3.839307725429535e-05,1770721855.2258546,8229,2656,3.839307725429535e-05,0.0003839307725429535,0.0003839307725429535,2752.510065464,,,,,,,,,,,
3.839307725429535e-05,1770721855.3856766,8229,2657,3.839307725429535e-05,0.0003839307725429535,0.0003839307725429535,2752.672095818,,,,,,,,,,,
,1770721855.5296645,8229,2658,,,,2752.813675709,95.0,0.03617870807647705,,,,,,,,,
3.836695849895477e-05,1770721858.4224834,8239,2659,3.836695849895477e-05,0.00038366958498954774,0.00038366958498954774,2755.709083885,,,,,,,,,,,
3.836695849895477e-05,1770721858.5816941,8239,2660,3.836695849895477e-05,0.00038366958498954774,0.00038366958498954774,2755.868055132,,,,,,,,,,,
,1770721858.7260783,8239,2661,,,,2756.010125782,95.0,0.03497495502233505,,,,,,,,,
3.834081590175629e-05,1770721861.6181216,8249,2662,3.834081590175629e-05,0.00038340815901756286,0.00038340815901756286,2758.902297749,,,,,,,,,,,
3.834081590175629e-05,1770721861.7774694,8249,2663,3.834081590175629e-05,0.00038340815901756286,0.00038340815901756286,2759.061518892,,,,,,,,,,,
,1770721861.9218748,8249,2664,,,,2759.205847142,95.0,0.018228309229016304,,,,,,,,,
,1770721865.1813314,8255,2665,,,,2762.465580985,95.0,,5.135315418243408,0.08413128554821014,5.135315418243408,0.9165887236595154,,,,,
,1770721865.1830432,8255,2666,,,,2762.466978079,95.0,,,,,,0.0365491546690464,3.8148531913757324,,,
3.8314656913280486e-05,1770721866.1592593,8259,2667,3.8314656913280486e-05,0.00038314656913280486,0.00038314656913280486,2763.443376361,,,,,,,,,,,
3.8314656913280486e-05,1770721866.3191404,8259,2668,3.8314656913280486e-05,0.00038314656913280486,0.00038314656913280486,2763.603174893,,,,,,,,,,,
,1770721866.4637914,8259,2669,,,,2763.747761623,96.0,0.018303660675883293,,,,,,,,,
3.828847408294678e-05,1770721869.3516011,8269,2670,3.828847408294678e-05,0.00038288474082946776,0.00038288474082946776,2766.63577065,,,,,,,,,,,
3.828847408294678e-05,1770721869.5110543,8269,2671,3.828847408294678e-05,0.00038288474082946776,0.00038288474082946776,2766.795100736,,,,,,,,,,,
,1770721869.6556137,8269,2672,,,,2766.939582577,96.0,0.03497406840324402,,,,,,,,,
3.826227337121964e-05,1770721872.5457256,8279,2673,3.826227337121964e-05,0.00038262273371219636,0.00038262273371219636,2769.829996172,,,,,,,,,,,
3.826227337121964e-05,1770721872.7052574,8279,2674,3.826227337121964e-05,0.00038262273371219636,0.00038262273371219636,2769.989305336,,,,,,,,,,,
,1770721872.849611,8279,2675,,,,2770.133583901,96.0,0.03345467895269394,,,,,,,,,
3.823605030775071e-05,1770721875.7390058,8289,2676,3.823605030775071e-05,0.00038236050307750705,0.00038236050307750705,2773.023194582,,,,,,,,,,,
3.823605030775071e-05,1770721875.898904,8289,2677,3.823605030775071e-05,0.00038236050307750705,0.00038236050307750705,2773.186122547,,,,,,,,,,,
,1770721876.0427973,8289,2678,,,,2773.32678177,96.0,0.04108947888016701,,,,,,,,,
3.8209809362888335e-05,1770721878.9337952,8299,2679,3.8209809362888335e-05,0.0003820980936288834,0.0003820980936288834,2776.217985457,,,,,,,,,,,
3.8209809362888335e-05,1770721879.093089,8299,2680,3.8209809362888335e-05,0.0003820980936288834,0.0003820980936288834,2776.37714147,,,,,,,,,,,
,1770721879.237494,8299,2681,,,,2776.521472824,96.0,0.050150081515312195,,,,,,,,,
3.818354904651642e-05,1770721882.129428,8309,2682,3.818354904651642e-05,0.0003818354904651642,0.0003818354904651642,2779.413632456,,,,,,,,,,,
3.818354904651642e-05,1770721882.2886376,8309,2683,3.818354904651642e-05,0.0003818354904651642,0.0003818354904651642,2779.572690051,,,,,,,,,,,
,1770721882.4331117,8309,2684,,,,2779.717098461,96.0,0.024395549669861794,,,,,,,,,
3.815726488828659e-05,1770721885.321839,8319,2685,3.815726488828659e-05,0.0003815726488828659,0.0003815726488828659,2782.606045781,,,,,,,,,,,
3.815726488828659e-05,1770721885.4813957,8319,2686,3.815726488828659e-05,0.0003815726488828659,0.0003815726488828659,2782.768093619,,,,,,,,,,,
,1770721885.6253378,8319,2687,,,,2782.909337793,96.0,0.04546719044446945,,,,,,,,,
3.813096284866333e-05,1770721888.5179539,8329,2688,3.813096284866333e-05,0.0003813096284866333,0.0003813096284866333,2785.802154356,,,,,,,,,,,
3.813096284866333e-05,1770721888.6773603,8329,2689,3.813096284866333e-05,0.0003813096284866333,0.0003813096284866333,2785.964100682,,,,,,,,,,,
,1770721888.8216739,8329,2690,,,,2786.10567345,96.0,0.031455401331186295,,,,,,,,,
3.81046399474144e-05,1770721891.7129598,8339,2691,3.81046399474144e-05,0.000381046399474144,0.000381046399474144,2788.997156752,,,,,,,,,,,
3.81046399474144e-05,1770721891.872815,8339,2692,3.81046399474144e-05,0.000381046399474144,0.000381046399474144,2789.156858756,,,,,,,,,,,
,1770721892.0166855,8339,2693,,,,2789.300671498,96.0,0.021426159888505936,,,,,,,,,
,1770721893.9991238,8341,2694,,,,2791.283285519,96.0,,5.409280776977539,0.08909253031015396,5.409280300140381,0.9116536974906921,,,,,
,1770721894.0007226,8341,2695,,,,2791.284653329,96.0,,,,,,0.037665218114852905,3.8250997066497803,,,
3.807829767465592e-05,1770721896.2550907,8349,2696,3.807829767465592e-05,0.00038078297674655915,0.00038078297674655915,2793.539280116,,,,,,,,,,,
3.807829767465592e-05,1770721896.4147856,8349,2697,3.807829767465592e-05,0.00038078297674655915,0.00038078297674655915,2793.698834878,,,,,,,,,,,
,1770721896.5594485,8349,2698,,,,2793.843416558,97.0,0.01951155811548233,,,,,,,,,
3.805193603038788e-05,1770721899.4500937,8359,2699,3.805193603038788e-05,0.0003805193603038788,0.0003805193603038788,2796.737099994,,,,,,,,,,,
3.805193603038788e-05,1770721899.609528,8359,2700,3.805193603038788e-05,0.0003805193603038788,0.0003805193603038788,2796.893641357,,,,,,,,,,,
,1770721899.753697,8359,2701,,,,2797.037667831,97.0,0.031427495181560516,,,,,,,,,
3.802555203437805e-05,1770721902.6443067,8369,2702,3.802555203437805e-05,0.0003802555203437805,0.0003802555203437805,2799.928489511,,,,,,,,,,,
3.802555203437805e-05,1770721902.8038375,8369,2703,3.802555203437805e-05,0.0003802555203437805,0.0003802555203437805,2800.08788274,,,,,,,,,,,
,1770721902.948101,8369,2704,,,,2800.232080582,97.0,0.01956193894147873,,,,,,,,,
3.799915015697479e-05,1770721905.837775,8379,2705,3.799915015697479e-05,0.0003799915015697479,0.0003799915015697479,2803.12411844,,,,,,,,,,,
3.799915015697479e-05,1770721905.996831,8379,2706,3.799915015697479e-05,0.0003799915015697479,0.0003799915015697479,2803.284053044,,,,,,,,,,,
,1770721906.1407745,8379,2707,,,,2803.424789812,97.0,0.03166632354259491,,,,,,,,,
3.797272741794587e-05,1770721909.0322294,8389,2708,3.797272741794587e-05,0.0003797272741794586,0.0003797272741794586,2806.31908065,,,,,,,,,,,
3.797272741794587e-05,1770721909.1919148,8389,2709,3.797272741794587e-05,0.0003797272741794586,0.0003797272741794586,2806.479054954,,,,,,,,,,,
,1770721909.33603,8389,2710,,,,2806.620076711,97.0,0.036605872213840485,,,,,,,,,
3.794628530740738e-05,1770721912.2290792,8399,2711,3.794628530740738e-05,0.0003794628530740738,0.0003794628530740738,2809.513300247,,,,,,,,,,,
3.794628530740738e-05,1770721912.3890882,8399,2712,3.794628530740738e-05,0.0003794628530740738,0.0003794628530740738,2809.67610917,,,,,,,,,,,
,1770721912.533032,8399,2713,,,,2809.817014732,97.0,0.031937841325998306,,,,,,,,,
3.791982233524323e-05,1770721915.4225836,8409,2714,3.791982233524323e-05,0.0003791982233524323,0.0003791982233524323,2812.706765142,,,,,,,,,,,
3.791982233524323e-05,1770721915.5820909,8409,2715,3.791982233524323e-05,0.0003791982233524323,0.0003791982233524323,2812.866152802,,,,,,,,,,,
,1770721915.726548,8409,2716,,,,2813.010530073,97.0,0.03026369959115982,,,,,,,,,
3.789334148168564e-05,1770721918.6184711,8419,2717,3.789334148168564e-05,0.0003789334148168564,0.0003789334148168564,2815.9026841,,,,,,,,,,,
3.789334148168564e-05,1770721918.7775283,8419,2718,3.789334148168564e-05,0.0003789334148168564,0.0003789334148168564,2816.061575241,,,,,,,,,,,
,1770721918.921616,8419,2719,,,,2816.205589285,97.0,0.03494928032159805,,,,,,,,,
,1770721922.820865,8427,2720,,,,2820.1050903,97.0,,5.3794355392456055,0.08871843665838242,5.379435062408447,0.9120331406593323,,,,,
,1770721922.8224807,8427,2721,,,,2820.106390117,97.0,,,,,,0.03474799916148186,3.747462749481201,,,
3.7866841256618505e-05,1770721923.1594145,8429,2722,3.7866841256618505e-05,0.000378668412566185,0.000378668412566185,2820.443495174,,,,,,,,,,,
3.7866841256618505e-05,1770721923.318615,8429,2723,3.7866841256618505e-05,0.000378668412566185,0.000378668412566185,2820.602646206,,,,,,,,,,,
,1770721923.46325,8429,2724,,,,2820.74722501,98.0,0.045076269656419754,,,,,,,,,
3.7840318679809575e-05,1770721926.35452,8439,2725,3.7840318679809575e-05,0.0003784031867980957,0.0003784031867980957,2823.638669198,,,,,,,,,,,
3.7840318679809575e-05,1770721926.5139952,8439,2726,3.7840318679809575e-05,0.0003784031867980957,0.0003784031867980957,2823.798052891,,,,,,,,,,,
,1770721926.6583495,8439,2727,,,,2823.942321097,98.0,0.035919636487960815,,,,,,,,,
3.781377822160721e-05,1770721929.5492375,8449,2728,3.781377822160721e-05,0.0003781377822160721,0.0003781377822160721,2826.833422064,,,,,,,,,,,
3.781377822160721e-05,1770721929.7086108,8449,2729,3.781377822160721e-05,0.0003781377822160721,0.0003781377822160721,2826.992640898,,,,,,,,,,,
,1770721929.8530512,8449,2730,,,,2827.137020982,98.0,0.022929925471544266,,,,,,,,,
3.7787216901779174e-05,1770721932.7442627,8459,2731,3.7787216901779174e-05,0.00037787216901779175,0.00037787216901779175,2830.028464311,,,,,,,,,,,
3.7787216901779174e-05,1770721932.9037087,8459,2732,3.7787216901779174e-05,0.00037787216901779175,0.00037787216901779175,2830.187753761,,,,,,,,,,,
,1770721933.0479648,8459,2733,,,,2830.331941425,98.0,0.027592826634645462,,,,,,,,,
3.776063770055771e-05,1770721935.9411247,8469,2734,3.776063770055771e-05,0.0003776063770055771,0.0003776063770055771,2833.225252683,,,,,,,,,,,
3.776063770055771e-05,1770721936.1010056,8469,2735,3.776063770055771e-05,0.0003776063770055771,0.0003776063770055771,2833.388103668,,,,,,,,,,,
,1770721936.2449772,8469,2736,,,,2833.52893703,98.0,0.03586999326944351,,,,,,,,,
3.773403912782669e-05,1770721939.136704,8479,2737,3.773403912782669e-05,0.00037734039127826694,0.00037734039127826694,2836.423075309,,,,,,,,,,,
3.773403912782669e-05,1770721939.2960632,8479,2738,3.773403912782669e-05,0.00037734039127826694,0.00037734039127826694,2836.580192878,,,,,,,,,,,
,1770721939.4402683,8479,2739,,,,2836.724230285,98.0,0.02391684800386429,,,,,,,,,
3.770741820335388e-05,1770721942.3325746,8489,2740,3.770741820335388e-05,0.0003770741820335388,0.0003770741820335388,2839.616783063,,,,,,,,,,,
3.770741820335388e-05,1770721942.492573,8489,2741,3.770741820335388e-05,0.0003770741820335388,0.0003770741820335388,2839.776625756,,,,,,,,,,,
,1770721942.6367385,8489,2742,,,,2839.920711095,98.0,0.032411858439445496,,,,,,,,,
3.7680780887603764e-05,1770721945.529103,8499,2743,3.7680780887603764e-05,0.0003768078088760376,0.0003768078088760376,2842.81329784,,,,,,,,,,,
3.7680780887603764e-05,1770721945.6888356,8499,2744,3.7680780887603764e-05,0.0003768078088760376,0.0003768078088760376,2842.97287953,,,,,,,,,,,
,1770721945.8332317,8499,2745,,,,2843.117319613,98.0,0.0752296894788742,,,,,,,,,
3.765412271022797e-05,1770721948.7254636,8509,2746,3.765412271022797e-05,0.0003765412271022797,0.0003765412271022797,2846.009672531,,,,,,,,,,,
3.765412271022797e-05,1770721948.8847504,8509,2747,3.765412271022797e-05,0.0003765412271022797,0.0003765412271022797,2846.16880239,,,,,,,,,,,
,1770721949.0291822,8509,2748,,,,2846.313155302,98.0,0.05949513614177704,,,,,,,,,
,1770721951.650313,8513,2749,,,,2848.934545507,98.0,,5.626710414886475,0.09669575095176697,5.626710891723633,0.9040893316268921,,,,,
,1770721951.6519904,8513,2750,,,,2848.935905335,98.0,,,,,,0.03637984022498131,3.7784578800201416,,,
3.762744516134262e-05,1770721953.2664547,8519,2751,3.762744516134262e-05,0.0003762744516134262,0.0003762744516134262,2850.550643225,,,,,,,,,,,
3.762744516134262e-05,1770721953.4256895,8519,2752,3.762744516134262e-05,0.0003762744516134262,0.0003762744516134262,2850.709739524,,,,,,,,,,,
,1770721953.5701084,8519,2753,,,,2850.854091694,99.0,0.05400972068309784,,,,,,,,,
3.760074824094772e-05,1770721956.4602013,8529,2754,3.760074824094772e-05,0.00037600748240947725,0.00037600748240947725,2853.744355546,,,,,,,,,,,
3.760074824094772e-05,1770721956.61929,8529,2755,3.760074824094772e-05,0.00037600748240947725,0.00037600748240947725,2853.903338523,,,,,,,,,,,
,1770721956.7638605,8529,2756,,,,2854.047835251,99.0,0.04360869526863098,,,,,,,,,
3.75740334391594e-05,1770721959.653799,8539,2757,3.75740334391594e-05,0.00037574033439159395,0.00037574033439159395,2856.937987642,,,,,,,,,,,
3.75740334391594e-05,1770721959.8137684,8539,2758,3.75740334391594e-05,0.00037574033439159395,0.00037574033439159395,2857.097812577,,,,,,,,,,,
,1770721959.9579418,8539,2759,,,,2857.241916423,99.0,0.027371268719434738,,,,,,,,,
3.7547299265861514e-05,1770721962.8488379,8549,2760,3.7547299265861514e-05,0.0003754729926586151,0.0003754729926586151,2860.136117697,,,,,,,,,,,
3.7547299265861514e-05,1770721963.0079522,8549,2761,3.7547299265861514e-05,0.0003754729926586151,0.0003754729926586151,2860.295059352,,,,,,,,,,,
,1770721963.1517515,8549,2762,,,,2860.435802436,99.0,0.02435401827096939,,,,,,,,,
3.752054274082184e-05,1770721966.0434246,8559,2763,3.752054274082184e-05,0.0003752054274082184,0.0003752054274082184,2863.327551733,,,,,,,,,,,
3.752054274082184e-05,1770721966.2029839,8559,2764,3.752054274082184e-05,0.0003752054274082184,0.0003752054274082184,2863.487023576,,,,,,,,,,,
,1770721966.3468196,8559,2765,,,,2863.630805276,99.0,0.036548420786857605,,,,,,,,,
3.749377131462097e-05,1770721969.2384577,8569,2766,3.749377131462097e-05,0.0003749377131462097,0.0003749377131462097,2866.525075667,,,,,,,,,,,
3.749377131462097e-05,1770721969.3977606,8569,2767,3.749377131462097e-05,0.0003749377131462097,0.0003749377131462097,2866.684059134,,,,,,,,,,,
,1770721969.5422163,8569,2768,,,,2866.826260795,99.0,0.03542584180831909,,,,,,,,,
3.7466976791620255e-05,1770721972.4340656,8579,2769,3.7466976791620255e-05,0.0003746697679162026,0.0003746697679162026,2869.718281492,,,,,,,,,,,
3.7466976791620255e-05,1770721972.5942442,8579,2770,3.7466976791620255e-05,0.0003746697679162026,0.0003746697679162026,2869.878290524,,,,,,,,,,,
,1770721972.7384274,8579,2771,,,,2870.022400819,99.0,0.03535547852516174,,,,,,,,,
3.7440166622400285e-05,1770721975.6300657,8589,2772,3.7440166622400285e-05,0.00037440166622400284,0.00037440166622400284,2872.91710208,,,,,,,,,,,
3.7440166622400285e-05,1770721975.789363,8589,2773,3.7440166622400285e-05,0.00037440166622400284,0.00037440166622400284,2873.07605419,,,,,,,,,,,
,1770721975.9332108,8589,2774,,,,2873.217255994,99.0,0.025206437334418297,,,,,,,,,
3.741333410143853e-05,1770721978.8250418,8599,2775,3.741333410143853e-05,0.0003741333410143852,0.0003741333410143852,2876.109256473,,,,,,,,,,,
3.741333410143853e-05,1770721978.9738977,8599,2776,3.741333410143853e-05,0.0003741333410143852,0.0003741333410143852,2876.257899305,,,,,,,,,,,
,1770721979.030702,8599,2777,,,,2876.31464246,99.0,0.05310479924082756,,,,,,,,,
,1770721980.4726064,8599,2778,,,,2877.756736259,99.0,,5.168593406677246,0.08165396749973297,5.168592929840088,0.9190484285354614,,,,,
,1770721980.4741774,8599,2779,,,,2877.758096208,99.0,,,,,,0.036556944251060486,3.8377726078033447,,,
3.738648593425751e-05,1770721983.3678656,8609,2780,3.738648593425751e-05,0.0003738648593425751,0.0003738648593425751,2880.652023363,,,,,,,,,,,
3.738648593425751e-05,1770721983.527414,8609,2781,3.738648593425751e-05,0.0003738648593425751,0.0003738648593425751,2880.814122382,,,,,,,,,,,
,1770721983.6712945,8609,2782,,,,2880.955295062,100.0,0.04518665373325348,,,,,,,,,
3.7359618395566944e-05,1770721986.5675635,8619,2783,3.7359618395566944e-05,0.0003735961839556694,0.0003735961839556694,2883.851693896,,,,,,,,,,,
3.7359618395566944e-05,1770721986.7270205,8619,2784,3.7359618395566944e-05,0.0003735961839556694,0.0003735961839556694,2884.01107473,,,,,,,,,,,
,1770721986.871511,8619,2785,,,,2884.155489974,100.0,0.0335015170276165,,,,,,,,,
3.733272925019264e-05,1770721989.7644389,8629,2786,3.733272925019264e-05,0.00037332729250192645,0.00037332729250192645,2887.048611198,,,,,,,,,,,
3.733272925019264e-05,1770721989.923701,8629,2787,3.733272925019264e-05,0.00037332729250192645,0.00037332729250192645,2887.207742857,,,,,,,,,,,
,1770721990.0683198,8629,2788,,,,2887.352287685,100.0,0.01785803586244583,,,,,,,,,
3.730582445859909e-05,1770721992.9604387,8639,2789,3.730582445859909e-05,0.0003730582445859909,0.0003730582445859909,2890.244618024,,,,,,,,,,,
3.730582445859909e-05,1770721993.1198032,8639,2790,3.730582445859909e-05,0.0003730582445859909,0.0003730582445859909,2890.403845396,,,,,,,,,,,
,1770721993.264276,8639,2791,,,,2890.548244735,100.0,0.03205489367246628,,,,,,,,,
3.727889731526375e-05,1770721996.1588035,8649,2792,3.727889731526375e-05,0.0003727889731526375,0.0003727889731526375,2893.445112825,,,,,,,,,,,
3.727889731526375e-05,1770721996.3182514,8649,2793,3.727889731526375e-05,0.0003727889731526375,0.0003727889731526375,2893.605074723,,,,,,,,,,,
,1770721996.4623458,8649,2794,,,,2893.74636521,100.0,0.027111008763313293,,,,,,,,,
3.725195452570915e-05,1770721999.6325388,8659,2795,3.725195452570915e-05,0.0003725195452570915,0.0003725195452570915,2896.916704627,,,,,,,,,,,
3.725195452570915e-05,1770721999.819335,8659,2796,3.725195452570915e-05,0.0003725195452570915,0.0003725195452570915,2897.103342334,,,,,,,,,,,
,1770721999.9662542,8659,2797,,,,2897.250293436,100.0,0.029271064326167107,,,,,,,,,
3.722499310970306e-05,1770722002.9427562,8669,2798,3.722499310970306e-05,0.00037224993109703065,0.00037224993109703065,2900.226915649,,,,,,,,,,,
3.722499310970306e-05,1770722003.1024797,8669,2799,3.722499310970306e-05,0.00037224993109703065,0.00037224993109703065,2900.38909019,,,,,,,,,,,
,1770722003.2465994,8669,2800,,,,2900.530604714,100.0,0.014807268977165222,,,,,,,,,
3.719801008701325e-05,1770722006.359523,8679,2801,3.719801008701325e-05,0.00037198010087013245,0.00037198010087013245,2903.643674224,,,,,,,,,,,
3.719801008701325e-05,1770722006.518952,8679,2802,3.719801008701325e-05,0.00037198010087013245,0.00037198010087013245,2903.802997821,,,,,,,,,,,
,1770722006.663499,8679,2803,,,,2903.947476108,100.0,0.05359368771314621,,,,,,,,,
,1770722010.5082405,8685,2804,,,,2907.792495115,100.0,,5.331401824951172,0.08897850662469864,5.331401348114014,0.9117617607116699,,,,,
,1770722010.5099432,8685,2805,,,,2907.793876255,100.0,,,,,,0.032454121857881546,3.6531968116760254,,,
3.7171011418104174e-05,1770722011.4855154,8689,2806,3.7171011418104174e-05,0.0003717101141810417,0.0003717101141810417,2908.772106093,,,,,,,,,,,
3.7171011418104174e-05,1770722011.6444733,8689,2807,3.7171011418104174e-05,0.0003717101141810417,0.0003717101141810417,2908.931056087,,,,,,,,,,,
,1770722011.7884865,8689,2808,,,,2909.072520905,101.0,0.04471977427601814,,,,,,,,,
3.7143991142511366e-05,1770722014.9055371,8699,2809,3.7143991142511366e-05,0.0003714399114251137,0.0003714399114251137,2912.190267869,,,,,,,,,,,
3.7143991142511366e-05,1770722015.1205244,8699,2810,3.7143991142511366e-05,0.0003714399114251137,0.0003714399114251137,2912.404533446,,,,,,,,,,,
,1770722015.2645645,8699,2811,,,,2912.548609467,101.0,0.029843982309103012,,,,,,,,,
3.7116955220699314e-05,1770722018.2583551,8709,2812,3.7116955220699314e-05,0.0003711695522069931,0.0003711695522069931,2915.545195479,,,,,,,,,,,
3.7116955220699314e-05,1770722018.421092,8709,2813,3.7116955220699314e-05,0.0003711695522069931,0.0003711695522069931,2915.705087652,,,,,,,,,,,
,1770722018.5660641,8709,2814,,,,2915.850084188,101.0,0.031188568100333214,,,,,,,,,
3.708989769220352e-05,1770722022.164543,8719,2815,3.708989769220352e-05,0.0003708989769220352,0.0003708989769220352,2919.448685143,,,,,,,,,,,
3.708989769220352e-05,1770722022.353385,8719,2816,3.708989769220352e-05,0.0003708989769220352,0.0003708989769220352,2919.637386165,,,,,,,,,,,
,1770722022.4976213,8719,2817,,,,2919.781582998,101.0,0.015635907649993896,,,,,,,,,
3.706282451748848e-05,1770722025.3917925,8729,2818,3.706282451748848e-05,0.0003706282451748848,0.0003706282451748848,2922.67596115,,,,,,,,,,,
3.706282451748848e-05,1770722025.5511684,8729,2819,3.706282451748848e-05,0.0003706282451748848,0.0003706282451748848,2922.835218906,,,,,,,,,,,
,1770722025.6955547,8729,2820,,,,2922.979530651,101.0,0.04851136356592178,,,,,,,,,
3.703573271632195e-05,1770722028.5873475,8739,2821,3.703573271632195e-05,0.00037035732716321945,0.00037035732716321945,2925.871528835,,,,,,,,,,,
3.703573271632195e-05,1770722028.7469292,8739,2822,3.703573271632195e-05,0.00037035732716321945,0.00037035732716321945,2926.030954404,,,,,,,,,,,
,1770722028.8907204,8739,2823,,,,2926.174698895,101.0,0.03219613432884216,,,,,,,,,
3.700862005352974e-05,1770722031.782238,8749,2824,3.700862005352974e-05,0.0003700862005352974,0.0003700862005352974,2929.066385996,,,,,,,,,,,
3.700862005352974e-05,1770722031.941577,8749,2825,3.700862005352974e-05,0.0003700862005352974,0.0003700862005352974,2929.22560259,,,,,,,,,,,
,1770722032.0860367,8749,2826,,,,2929.370009588,101.0,0.031372927129268646,,,,,,,,,
3.6981491744518285e-05,1770722034.9779794,8759,2827,3.6981491744518285e-05,0.0003698149174451828,0.0003698149174451828,2932.265100812,,,,,,,,,,,
3.6981491744518285e-05,1770722035.137356,8759,2828,3.6981491744518285e-05,0.0003698149174451828,0.0003698149174451828,2932.424053478,,,,,,,,,,,
,1770722035.2810526,8759,2829,,,,2932.565120086,101.0,0.05275591462850571,,,,,,,,,
3.6954342573881154e-05,1770722038.1719546,8769,2830,3.6954342573881154e-05,0.0003695434257388115,0.0003695434257388115,2935.456076408,,,,,,,,,,,
3.6954342573881154e-05,1770722038.33116,8769,2831,3.6954342573881154e-05,0.0003695434257388115,0.0003695434257388115,2935.618061842,,,,,,,,,,,
,1770722038.4750476,8769,2832,,,,2935.759003771,101.0,0.0316137932240963,,,,,,,,,
,1770722040.4569771,8771,2833,,,,2937.741124642,101.0,,5.2722272872924805,0.08341892808675766,5.2722272872924805,0.9172983169555664,,,,,
,1770722040.4584305,8771,2834,,,,2937.742366412,101.0,,,,,,0.03385936841368675,3.6798489093780518,,,
3.6927177757024765e-05,1770722042.7123802,8779,2835,3.6927177757024765e-05,0.0003692717775702477,0.0003692717775702477,2939.996577289,,,,,,,,,,,
3.6927177757024765e-05,1770722042.8719754,8779,2836,3.6927177757024765e-05,0.0003692717775702477,0.0003692717775702477,2940.159060902,,,,,,,,,,,
,1770722043.0159247,8779,2837,,,,2940.299924724,102.0,0.04258504882454872,,,,,,,,,
3.689999133348465e-05,1770722045.9056509,8789,2838,3.689999133348465e-05,0.0003689999133348465,0.0003689999133348465,2943.18972819,,,,,,,,,,,
3.689999133348465e-05,1770722046.0648928,8789,2839,3.689999133348465e-05,0.0003689999133348465,0.0003689999133348465,2943.348924172,,,,,,,,,,,
,1770722046.209309,8789,2840,,,,2943.493286843,102.0,0.037410929799079895,,,,,,,,,
3.687279000878334e-05,1770722049.1018884,8799,2841,3.687279000878334e-05,0.00036872790008783343,0.00036872790008783343,2946.386090154,,,,,,,,,,,
3.687279000878334e-05,1770722049.2616308,8799,2842,3.687279000878334e-05,0.00036872790008783343,0.00036872790008783343,2946.548090559,,,,,,,,,,,
,1770722049.405369,8799,2843,,,,2946.68937312,102.0,0.019627580419182777,,,,,,,,,
3.68455708026886e-05,1770722052.2955456,8809,2844,3.68455708026886e-05,0.000368455708026886,0.000368455708026886,2949.579751225,,,,,,,,,,,
3.68455708026886e-05,1770722052.4554687,8809,2845,3.68455708026886e-05,0.000368455708026886,0.000368455708026886,2949.739525587,,,,,,,,,,,
,1770722052.6000502,8809,2846,,,,2949.884018874,102.0,0.027823077514767647,,,,,,,,,
3.6818329989910125e-05,1770722055.492328,8819,2847,3.6818329989910125e-05,0.0003681832998991013,0.0003681832998991013,2952.776527674,,,,,,,,,,,
3.6818329989910125e-05,1770722055.6516829,8819,2848,3.6818329989910125e-05,0.0003681832998991013,0.0003681832998991013,2952.935730655,,,,,,,,,,,
,1770722055.7961125,8819,2849,,,,2953.080070671,102.0,0.040073491632938385,,,,,,,,,
3.679107427597046e-05,1770722058.68729,8829,2850,3.679107427597046e-05,0.0003679107427597046,0.0003679107427597046,2955.971467202,,,,,,,,,,,
3.679107427597046e-05,1770722058.846616,8829,2851,3.679107427597046e-05,0.0003679107427597046,0.0003679107427597046,2956.133079041,,,,,,,,,,,
,1770722058.9903913,8829,2852,,,,2956.27439316,102.0,0.029373619705438614,,,,,,,,,
3.676379770040512e-05,1770722061.8821356,8839,2853,3.676379770040512e-05,0.0003676379770040512,0.0003676379770040512,2959.166269799,,,,,,,,,,,
3.676379770040512e-05,1770722062.041459,8839,2854,3.676379770040512e-05,0.0003676379770040512,0.0003676379770040512,2959.325484368,,,,,,,,,,,
,1770722062.1858437,8839,2855,,,,2959.469809801,102.0,0.031727567315101624,,,,,,,,,
3.673650622367859e-05,1770722065.0763843,8849,2856,3.673650622367859e-05,0.0003673650622367859,0.0003673650622367859,2962.360565529,,,,,,,,,,,
3.673650622367859e-05,1770722065.2359676,8849,2857,3.673650622367859e-05,0.0003673650622367859,0.0003673650622367859,2962.520013308,,,,,,,,,,,
,1770722065.3803773,8849,2858,,,,2962.664351892,102.0,0.03499695658683777,,,,,,,,,
,1770722069.2778618,8857,2859,,,,2966.562033739,102.0,,5.131016731262207,0.08118951320648193,5.131016731262207,0.9195062518119812,,,,,
,1770722069.2794766,8857,2860,,,,2966.56339527,102.0,,,,,,0.03583451732993126,3.8133397102355957,,,
3.670919612050057e-05,1770722069.6160007,8859,2861,3.670919612050057e-05,0.00036709196120500567,0.00036709196120500567,2966.900107042,,,,,,,,,,,
3.670919612050057e-05,1770722069.7756424,8859,2862,3.670919612050057e-05,0.00036709196120500567,0.00036709196120500567,2967.059672639,,,,,,,,,,,
,1770722069.919671,8859,2863,,,,2967.203665912,103.0,0.027475208044052124,,,,,,,,,
3.668186590075493e-05,1770722072.8104093,8869,2864,3.668186590075493e-05,0.0003668186590075493,0.0003668186590075493,2970.094578856,,,,,,,,,,,
3.668186590075493e-05,1770722072.9703994,8869,2865,3.668186590075493e-05,0.0003668186590075493,0.0003668186590075493,2970.254430234,,,,,,,,,,,
,1770722073.1145737,8869,2866,,,,2970.398536917,103.0,0.032084207981824875,,,,,,,,,
3.665452003479004e-05,1770722076.0063245,8879,2867,3.665452003479004e-05,0.0003665452003479004,0.0003665452003479004,2973.290448592,,,,,,,,,,,
3.665452003479004e-05,1770722076.1657488,8879,2868,3.665452003479004e-05,0.0003665452003479004,0.0003665452003479004,2973.449779265,,,,,,,,,,,
,1770722076.3102255,8879,2869,,,,2973.594200602,103.0,0.02923504263162613,,,,,,,,,
3.6627154052257536e-05,1770722079.2575397,8889,2870,3.6627154052257536e-05,0.00036627154052257536,0.00036627154052257536,2976.541745383,,,,,,,,,,,
3.6627154052257536e-05,1770722079.4169426,8889,2871,3.6627154052257536e-05,0.00036627154052257536,0.00036627154052257536,2976.701004279,,,,,,,,,,,
,1770722079.561321,8889,2872,,,,2976.845303542,103.0,0.026776902377605438,,,,,,,,,
3.659977316856385e-05,1770722082.4584439,8899,2873,3.659977316856385e-05,0.0003659977316856384,0.0003659977316856384,2979.742649634,,,,,,,,,,,
3.659977316856385e-05,1770722082.6184952,8899,2874,3.659977316856385e-05,0.0003659977316856384,0.0003659977316856384,2979.90255422,,,,,,,,,,,
,1770722082.7625697,8899,2875,,,,2980.046541864,103.0,0.01765439659357071,,,,,,,,,
3.657237142324448e-05,1770722085.6573982,8909,2876,3.657237142324448e-05,0.00036572371423244476,0.00036572371423244476,2982.941594898,,,,,,,,,,,
3.657237142324448e-05,1770722085.8175476,8909,2877,3.657237142324448e-05,0.00036572371423244476,0.00036572371423244476,2983.104117477,,,,,,,,,,,
,1770722085.9615772,8909,2878,,,,2983.245571665,103.0,0.03512119501829147,,,,,,,,,
3.654495477676392e-05,1770722088.8568714,8919,2879,3.654495477676392e-05,0.0003654495477676392,0.0003654495477676392,2986.141112731,,,,,,,,,,,
3.654495477676392e-05,1770722089.0169902,8919,2880,3.654495477676392e-05,0.0003654495477676392,0.0003654495477676392,2986.304078167,,,,,,,,,,,
,1770722089.1615188,8919,2881,,,,2986.445546836,103.0,0.027029680088162422,,,,,,,,,
3.6517520248889924e-05,1770722092.05728,8929,2882,3.6517520248889924e-05,0.00036517520248889926,0.00036517520248889926,2989.34144805,,,,,,,,,,,
3.6517520248889924e-05,1770722092.2174299,8929,2883,3.6517520248889924e-05,0.00036517520248889926,0.00036517520248889926,2989.501482712,,,,,,,,,,,
,1770722092.3617032,8929,2884,,,,2989.645686701,103.0,0.03135425224900246,,,,,,,,,
3.649006560444832e-05,1770722095.2608864,8939,2885,3.649006560444832e-05,0.0003649006560444832,0.0003649006560444832,2992.54809399,,,,,,,,,,,
3.649006560444832e-05,1770722095.4206076,8939,2886,3.649006560444832e-05,0.0003649006560444832,0.0003649006560444832,2992.707051869,,,,,,,,,,,
,1770722095.5651212,8939,2887,,,,2992.849171178,103.0,0.026333648711442947,,,,,,,,,
,1770722098.188611,8943,2888,,,,2995.472862764,103.0,,5.578342914581299,0.09563280642032623,5.578342437744141,0.9051479697227478,,,,,
,1770722098.190153,8943,2889,,,,2995.474322763,103.0,,,,,,0.03150775283575058,3.547110080718994,,,
3.646259605884552e-05,1770722099.8635,8949,2890,3.646259605884552e-05,0.00036462596058845523,0.00036462596058845523,2997.147697666,,,,,,,,,,,
3.646259605884552e-05,1770722100.0238795,8949,2891,3.646259605884552e-05,0.00036462596058845523,0.00036462596058845523,2997.307945488,,,,,,,,,,,
,1770722100.1684346,8949,2892,,,,2997.452421756,104.0,0.03131856769323349,,,,,,,,,
3.6435106396675113e-05,1770722103.0648162,8959,2893,3.6435106396675113e-05,0.0003643510639667511,0.0003643510639667511,3000.349019466,,,,,,,,,,,
3.6435106396675113e-05,1770722103.224722,8959,2894,3.6435106396675113e-05,0.0003643510639667511,0.0003643510639667511,3000.508779634,,,,,,,,,,,
,1770722103.3688889,8959,2895,,,,3000.652886766,104.0,0.050092145800590515,,,,,,,,,
3.640760183334351e-05,1770722106.2646666,8969,2896,3.640760183334351e-05,0.00036407601833343505,0.00036407601833343505,3003.548812239,,,,,,,,,,,
3.640760183334351e-05,1770722106.424498,8969,2897,3.640760183334351e-05,0.00036407601833343505,0.00036407601833343505,3003.708552456,,,,,,,,,,,
,1770722106.5689716,8969,2898,,,,3003.852945088,104.0,0.07493409514427185,,,,,,,,,
3.638008013367653e-05,1770722109.464584,8979,2899,3.638008013367653e-05,0.0003638008013367653,0.0003638008013367653,3006.748788874,,,,,,,,,,,
3.638008013367653e-05,1770722109.6243799,8979,2900,3.638008013367653e-05,0.0003638008013367653,0.0003638008013367653,3006.908433688,,,,,,,,,,,
,1770722109.7688951,8979,2901,,,,3007.052889495,104.0,0.016306448727846146,,,,,,,,,
3.635253831744194e-05,1770722112.666334,8989,2902,3.635253831744194e-05,0.0003635253831744194,0.0003635253831744194,3009.950528441,,,,,,,,,,,
3.635253831744194e-05,1770722112.8259795,8989,2903,3.635253831744194e-05,0.0003635253831744194,0.0003635253831744194,3010.110050309,,,,,,,,,,,
,1770722112.9706213,8989,2904,,,,3010.254602822,104.0,0.010241718962788582,,,,,,,,,
3.632498160004616e-05,1770722115.8673065,8999,2905,3.632498160004616e-05,0.0003632498160004616,0.0003632498160004616,3013.154070117,,,,,,,,,,,
3.632498160004616e-05,1770722116.0264554,8999,2906,3.632498160004616e-05,0.0003632498160004616,0.0003632498160004616,3013.313067966,,,,,,,,,,,
,1770722116.1706247,8999,2907,,,,3013.454663355,104.0,0.05543805658817291,,,,,,,,,
3.629740476608277e-05,1770722119.066902,9009,2908,3.629740476608277e-05,0.00036297404766082766,0.00036297404766082766,3016.351129677,,,,,,,,,,,
3.629740476608277e-05,1770722119.2265413,9009,2909,3.629740476608277e-05,0.00036297404766082766,0.00036297404766082766,3016.510600708,,,,,,,,,,,
,1770722119.3712842,9009,2910,,,,3016.655263396,104.0,0.03542254492640495,,,,,,,,,
3.626981303095818e-05,1770722122.2691233,9019,2911,3.626981303095818e-05,0.00036269813030958176,0.00036269813030958176,3019.553349724,,,,,,,,,,,
3.626981303095818e-05,1770722122.4291058,9019,2912,3.626981303095818e-05,0.00036269813030958176,0.00036269813030958176,3019.716101326,,,,,,,,,,,
,1770722122.57345,9019,2913,,,,3019.857431354,104.0,0.054365240037441254,,,,,,,,,
3.624220192432404e-05,1770722125.470672,9029,2914,3.624220192432404e-05,0.00036242201924324035,0.00036242201924324035,3022.754865376,,,,,,,,,,,
3.624220192432404e-05,1770722125.619809,9029,2915,3.624220192432404e-05,0.00036242201924324035,0.00036242201924324035,3022.90380842,,,,,,,,,,,
,1770722125.6767843,9029,2916,,,,3022.960725013,104.0,0.016986405476927757,,,,,,,,,
,1770722127.1192722,9029,2917,,,,3024.403479437,104.0,,5.2442121505737305,0.08369996398687363,5.244211673736572,0.9170148372650146,,,,,
,1770722127.1209414,9029,2918,,,,3024.40484921,104.0,,,,,,0.032191190868616104,3.5953707695007324,,,
3.62145759165287e-05,1770722130.018697,9039,2919,3.62145759165287e-05,0.000362145759165287,0.000362145759165287,3027.302901137,,,,,,,,,,,
3.62145759165287e-05,1770722130.1783376,9039,2920,3.62145759165287e-05,0.000362145759165287,0.000362145759165287,3027.462391666,,,,,,,,,,,
,1770722130.3229647,9039,2921,,,,3027.60693887,105.0,0.047624263912439346,,,,,,,,,
3.6186932772398e-05,1770722133.2193244,9049,2922,3.6186932772398e-05,0.00036186932772397997,0.00036186932772397997,3030.50350192,,,,,,,,,,,
3.6186932772398e-05,1770722133.3791344,9049,2923,3.6186932772398e-05,0.00036186932772397997,0.00036186932772397997,3030.664105777,,,,,,,,,,,
,1770722133.523077,9049,2924,,,,3030.807075514,105.0,0.04669143259525299,,,,,,,,,
3.615927025675774e-05,1770722136.4212797,9059,2925,3.615927025675774e-05,0.00036159270256757735,0.00036159270256757735,3033.705418732,,,,,,,,,,,
3.615927025675774e-05,1770722136.581395,9059,2926,3.615927025675774e-05,0.00036159270256757735,0.00036159270256757735,3033.865442635,,,,,,,,,,,
,1770722136.7258687,9059,2927,,,,3034.009846642,105.0,0.02931039407849312,,,,,,,,,
3.613159283995629e-05,1770722139.6208985,9069,2928,3.613159283995629e-05,0.00036131592839956287,0.00036131592839956287,3036.905099511,,,,,,,,,,,
3.613159283995629e-05,1770722139.7808256,9069,2929,3.613159283995629e-05,0.00036131592839956287,0.00036131592839956287,3037.068110963,,,,,,,,,,,
,1770722139.9254286,9069,2930,,,,3037.20943371,105.0,0.028248675167560577,,,,,,,,,
3.610389605164528e-05,1770722142.8210325,9079,2931,3.610389605164528e-05,0.0003610389605164528,0.0003610389605164528,3040.105256384,,,,,,,,,,,
3.610389605164528e-05,1770722142.9810188,9079,2932,3.610389605164528e-05,0.0003610389605164528,0.0003610389605164528,3040.268105701,,,,,,,,,,,
,1770722143.1253119,9079,2933,,,,3040.409287636,105.0,0.03205393999814987,,,,,,,,,
3.607618510723114e-05,1770722146.022534,9089,2934,3.607618510723114e-05,0.0003607618510723114,0.0003607618510723114,3043.306630175,,,,,,,,,,,
3.607618510723114e-05,1770722146.1825933,9089,2935,3.607618510723114e-05,0.0003607618510723114,0.0003607618510723114,3043.466629119,,,,,,,,,,,
,1770722146.3272607,9089,2936,,,,3043.61123488,105.0,0.040331751108169556,,,,,,,,,
3.6048454046249395e-05,1770722149.2310674,9099,2937,3.6048454046249395e-05,0.0003604845404624939,0.0003604845404624939,3046.518079836,,,,,,,,,,,
3.6048454046249395e-05,1770722149.3905504,9099,2938,3.6048454046249395e-05,0.0003604845404624939,0.0003604845404624939,3046.67706261,,,,,,,,,,,
,1770722149.5350304,9099,2939,,,,3046.819075956,105.0,0.015110379084944725,,,,,,,,,
3.6020709574222565e-05,1770722152.4296749,9109,2940,3.6020709574222565e-05,0.00036020709574222565,0.00036020709574222565,3049.713859123,,,,,,,,,,,
3.6020709574222565e-05,1770722152.5890791,9109,2941,3.6020709574222565e-05,0.00036020709574222565,0.00036020709574222565,3049.876080694,,,,,,,,,,,
,1770722152.733206,9109,2942,,,,3050.017222938,105.0,0.027605224400758743,,,,,,,,,
,1770722155.9967642,9115,2943,,,,3053.280927161,105.0,,5.559785842895508,0.09671320766210556,5.559785842895508,0.9040801525115967,,,,,
,1770722155.9984004,9115,2944,,,,3053.282304516,105.0,,,,,,0.03213101997971535,3.614898443222046,,,
3.5992947220802307e-05,1770722156.9754024,9119,2945,3.5992947220802307e-05,0.00035992947220802305,0.00035992947220802305,3054.25956922,,,,,,,,,,,
3.5992947220802307e-05,1770722157.1357563,9119,2946,3.5992947220802307e-05,0.00035992947220802305,0.00035992947220802305,3054.419837769,,,,,,,,,,,
,1770722157.2799911,9119,2947,,,,3054.563977147,106.0,0.02386404760181904,,,,,,,,,
3.596516624093056e-05,1770722160.1742072,9129,2948,3.596516624093056e-05,0.0003596516624093056,0.0003596516624093056,3057.458417678,,,,,,,,,,,
3.596516624093056e-05,1770722160.3342295,9129,2949,3.596516624093056e-05,0.0003596516624093056,0.0003596516624093056,3057.618288719,,,,,,,,,,,
,1770722160.4782584,9129,2950,,,,3057.762235476,106.0,0.051497966051101685,,,,,,,,,
3.5937370359897615e-05,1770722163.3752575,9139,2951,3.5937370359897615e-05,0.00035937370359897614,0.00035937370359897614,3060.659441028,,,,,,,,,,,
3.5937370359897615e-05,1770722163.53547,9139,2952,3.5937370359897615e-05,0.00035937370359897614,0.00035937370359897614,3060.822107168,,,,,,,,,,,
,1770722163.6796896,9139,2953,,,,3060.963690776,106.0,0.03105027973651886,,,,,,,,,
3.590955585241318e-05,1770722166.5881965,9149,2954,3.590955585241318e-05,0.00035909555852413176,0.00035909555852413176,3063.876082275,,,,,,,,,,,
3.590955585241318e-05,1770722166.7507992,9149,2955,3.590955585241318e-05,0.00035909555852413176,0.00035909555852413176,3064.03710494,,,,,,,,,,,
,1770722166.895211,9149,2956,,,,3064.179235202,106.0,0.03726325184106827,,,,,,,,,
3.588172718882561e-05,1770722169.7989376,9159,2957,3.588172718882561e-05,0.0003588172718882561,0.0003588172718882561,3067.083133215,,,,,,,,,,,
3.588172718882561e-05,1770722169.9585812,9159,2958,3.588172718882561e-05,0.0003588172718882561,0.0003588172718882561,3067.245098469,,,,,,,,,,,
,1770722170.1032176,9159,2959,,,,3067.387181629,106.0,0.04532778635621071,,,,,,,,,
3.585388138890267e-05,1770722173.004354,9169,2960,3.585388138890267e-05,0.00035853881388902664,0.00035853881388902664,3070.291115062,,,,,,,,,,,
3.585388138890267e-05,1770722173.1645286,9169,2961,3.585388138890267e-05,0.00035853881388902664,0.00035853881388902664,3070.451067715,,,,,,,,,,,
,1770722173.3095088,9169,2962,,,,3070.593542374,106.0,0.05840323865413666,,,,,,,,,
3.582601696252823e-05,1770722176.2146013,9179,2963,3.582601696252823e-05,0.0003582601696252823,0.0003582601696252823,3073.501214805,,,,,,,,,,,
3.582601696252823e-05,1770722176.3773882,9179,2964,3.582601696252823e-05,0.0003582601696252823,0.0003582601696252823,3073.661425396,,,,,,,,,,,
,1770722176.52198,9179,2965,,,,3073.806069803,106.0,0.02102968841791153,,,,,,,,,
3.57981376349926e-05,1770722179.4258363,9189,2966,3.57981376349926e-05,0.000357981376349926,0.000357981376349926,3076.713258581,,,,,,,,,,,
3.57981376349926e-05,1770722179.588973,9189,2967,3.57981376349926e-05,0.000357981376349926,0.000357981376349926,3076.872959695,,,,,,,,,,,
,1770722179.7335832,9189,2968,,,,3077.017597702,106.0,0.04651094228029251,,,,,,,,,
3.577023968100548e-05,1770722182.6386836,9199,2969,3.577023968100548e-05,0.0003577023968100548,0.0003577023968100548,3079.92286996,,,,,,,,,,,
3.577023968100548e-05,1770722182.7985523,9199,2970,3.577023968100548e-05,0.0003577023968100548,0.0003577023968100548,3080.0826023,,,,,,,,,,,
,1770722182.94314,9199,2971,,,,3080.22720237,106.0,0.035866156220436096,,,,,,,,,
,1770722184.9284868,9201,2972,,,,3082.21270223,106.0,,5.177404403686523,0.08045849204063416,5.177404403686523,0.9202476143836975,,,,,
,1770722184.9299624,9201,2973,,,,3082.213845682,106.0,,,,,,0.03287268802523613,3.627289295196533,,,
3.574232831597328e-05,1770722187.1936803,9209,2974,3.574232831597328e-05,0.0003574232831597328,0.0003574232831597328,3084.481102549,,,,,,,,,,,
3.574232831597328e-05,1770722187.3559582,9209,2975,3.574232831597328e-05,0.0003574232831597328,0.0003574232831597328,3084.643054062,,,,,,,,,,,
,1770722187.50056,9209,2976,,,,3084.784544278,107.0,0.023564796894788742,,,,,,,,,
3.571439757943153e-05,1770722190.3940947,9219,2977,3.571439757943153e-05,0.00035714397579431534,0.00035714397579431534,3087.68207051,,,,,,,,,,,
3.571439757943153e-05,1770722190.5567455,9219,2978,3.571439757943153e-05,0.00035714397579431534,0.00035714397579431534,3087.843054195,,,,,,,,,,,
,1770722190.7008488,9219,2979,,,,3087.984854027,107.0,0.03612661361694336,,,,,,,,,
3.568645268678665e-05,1770722193.601991,9229,2980,3.568645268678665e-05,0.00035686452686786653,0.00035686452686786653,3090.889206255,,,,,,,,,,,
3.568645268678665e-05,1770722193.7646308,9229,2981,3.568645268678665e-05,0.00035686452686786653,0.00035686452686786653,3091.048629239,,,,,,,,,,,
,1770722193.9087815,9229,2982,,,,3091.192878811,107.0,0.04516521096229553,,,,,,,,,
3.5658492147922516e-05,1770722196.8070083,9239,2983,3.5658492147922516e-05,0.0003565849214792252,0.0003565849214792252,3094.094166941,,,,,,,,,,,
3.5658492147922516e-05,1770722196.9696264,9239,2984,3.5658492147922516e-05,0.0003565849214792252,0.0003565849214792252,3094.256065173,,,,,,,,,,,
,1770722197.114144,9239,2985,,,,3094.398222813,107.0,0.03666553646326065,,,,,,,,,
3.563051223754883e-05,1770722200.014672,9249,2986,3.563051223754883e-05,0.0003563051223754883,0.0003563051223754883,3097.301144099,,,,,,,,,,,
3.563051223754883e-05,1770722200.1745224,9249,2987,3.563051223754883e-05,0.0003563051223754883,0.0003563051223754883,3097.461079925,,,,,,,,,,,
,1770722200.319058,9249,2988,,,,3097.60306136,107.0,0.02527102269232273,,,,,,,,,
3.5602518916130066e-05,1770722203.2145662,9259,2989,3.5602518916130066e-05,0.00035602518916130066,0.00035602518916130066,3100.498778092,,,,,,,,,,,
3.5602518916130066e-05,1770722203.377477,9259,2990,3.5602518916130066e-05,0.00035602518916130066,0.00035602518916130066,3100.661598421,,,,,,,,,,,
,1770722203.5221684,9259,2991,,,,3100.806268486,107.0,0.0339774563908577,,,,,,,,,
3.557450622320175e-05,1770722206.4485567,9269,2992,3.557450622320175e-05,0.00035574506223201753,0.00035574506223201753,3103.735234309,,,,,,,,,,,
3.557450622320175e-05,1770722206.611129,9269,2993,3.557450622320175e-05,0.00035574506223201753,0.00035574506223201753,3103.895143484,,,,,,,,,,,
,1770722206.7558005,9269,2994,,,,3104.039852327,107.0,0.01493755728006363,,,,,,,,,
3.554648086428643e-05,1770722209.6533694,9279,2995,3.554648086428643e-05,0.00035546480864286426,0.00035546480864286426,3106.940184662,,,,,,,,,,,
3.554648086428643e-05,1770722209.8185067,9279,2996,3.554648086428643e-05,0.00035546480864286426,0.00035546480864286426,3107.102529235,,,,,,,,,,,
,1770722209.9631722,9279,2997,,,,3107.247263235,107.0,0.030847033485770226,,,,,,,,,
,1770722213.8701365,9287,2998,,,,3111.154371323,107.0,,5.241390228271484,0.08807126432657242,5.24138879776001,0.912683367729187,,,,,
,1770722213.8716145,9287,2999,,,,3111.155527474,107.0,,,,,,0.033208247274160385,3.677269458770752,,,
3.5518436133861543e-05,1770722214.2090895,9289,3000,3.5518436133861543e-05,0.0003551843613386154,0.0003551843613386154,3111.49319775,,,,,,,,,,,
3.5518436133861543e-05,1770722214.3690224,9289,3001,3.5518436133861543e-05,0.0003551843613386154,0.0003551843613386154,3111.656099231,,,,,,,,,,,
,1770722214.5135708,9289,3002,,,,3111.797549516,108.0,0.03901129961013794,,,,,,,,,
3.5490377992391586e-05,1770722217.4161577,9299,3003,3.5490377992391586e-05,0.00035490377992391587,0.00035490377992391587,3114.703181994,,,,,,,,,,,
3.5490377992391586e-05,1770722217.5787988,9299,3004,3.5490377992391586e-05,0.00035490377992391587,0.00035490377992391587,3114.862823826,,,,,,,,,,,
,1770722217.7234526,9299,3005,,,,3115.007509383,108.0,0.02507595904171467,,,,,,,,,
3.5462304204702376e-05,1770722220.624771,9309,3006,3.5462304204702376e-05,0.0003546230420470238,0.0003546230420470238,3117.911082436,,,,,,,,,,,
3.5462304204702376e-05,1770722220.7846162,9309,3007,3.5462304204702376e-05,0.0003546230420470238,0.0003546230420470238,3118.071059112,,,,,,,,,,,
,1770722220.9292881,9309,3008,,,,3118.213350572,108.0,0.021166283637285233,,,,,,,,,
3.543421104550362e-05,1770722223.950467,9319,3009,3.543421104550362e-05,0.0003543421104550362,0.0003543421104550362,3121.23709606,,,,,,,,,,,
3.543421104550362e-05,1770722224.1099157,9319,3010,3.543421104550362e-05,0.0003543421104550362,0.0003543421104550362,3121.397056851,,,,,,,,,,,
,1770722224.2542756,9319,3011,,,,3121.538328195,108.0,0.019061362370848656,,,,,,,,,
3.5406105220317844e-05,1770722227.149887,9329,3012,3.5406105220317844e-05,0.00035406105220317844,0.00035406105220317844,3124.434074443,,,,,,,,,,,
3.5406105220317844e-05,1770722227.3097668,9329,3013,3.5406105220317844e-05,0.00035406105220317844,0.00035406105220317844,3124.593798839,,,,,,,,,,,
,1770722227.4537506,9329,3014,,,,3124.737726824,108.0,0.029695816338062286,,,,,,,,,
3.5377980768680574e-05,1770722230.3551397,9339,3015,3.5377980768680574e-05,0.00035377980768680576,0.00035377980768680576,3127.642105519,,,,,,,,,,,
3.5377980768680574e-05,1770722230.5146213,9339,3016,3.5377980768680574e-05,0.00035377980768680576,0.00035377980768680576,3127.801060946,,,,,,,,,,,
,1770722230.6589887,9339,3017,,,,3127.943046685,108.0,0.03777192905545235,,,,,,,,,
3.534984290599823e-05,1770722233.5502105,9349,3018,3.534984290599823e-05,0.0003534984290599823,0.0003534984290599823,3130.834408462,,,,,,,,,,,
3.534984290599823e-05,1770722233.7097442,9349,3019,3.534984290599823e-05,0.0003534984290599823,0.0003534984290599823,3130.993791904,,,,,,,,,,,
,1770722233.8540354,9349,3020,,,,3131.138006741,108.0,0.06152908504009247,,,,,,,,,
3.5321688652038575e-05,1770722236.7463005,9359,3021,3.5321688652038575e-05,0.00035321688652038575,0.00035321688652038575,3134.032179207,,,,,,,,,,,
3.5321688652038575e-05,1770722236.9053886,9359,3022,3.5321688652038575e-05,0.00035321688652038575,0.00035321688652038575,3134.192082651,,,,,,,,,,,
,1770722237.0497496,9359,3023,,,,3134.333736831,108.0,0.03984075412154198,,,,,,,,,
3.529351651668549e-05,1770722239.9418123,9369,3024,3.529351651668549e-05,0.0003529351651668549,0.0003529351651668549,3137.22600792,,,,,,,,,,,
3.529351651668549e-05,1770722240.1018221,9369,3025,3.529351651668549e-05,0.0003529351651668549,0.0003529351651668549,3137.385854769,,,,,,,,,,,
,1770722240.246561,9369,3026,,,,3137.530529568,108.0,0.02199871465563774,,,,,,,,,
,1770722242.8672178,9373,3027,,,,3140.151453738,108.0,,5.673171043395996,0.09455152601003647,5.673171043395996,0.906222939491272,,,,,
,1770722242.8687115,9373,3028,,,,3140.15265037,108.0,,,,,,0.03279361501336098,3.6067006587982178,,,
3.5265331715345386e-05,1770722244.4829812,9379,3029,3.5265331715345386e-05,0.0003526533171534538,0.0003526533171534538,3141.76718769,,,,,,,,,,,
3.5265331715345386e-05,1770722244.642793,9379,3030,3.5265331715345386e-05,0.0003526533171534538,0.0003526533171534538,3141.926835929,,,,,,,,,,,
,1770722244.7868292,9379,3031,,,,3142.070799377,109.0,0.030064133927226067,,,,,,,,,
3.5237128287553786e-05,1770722247.6776714,9389,3032,3.5237128287553786e-05,0.00035237128287553786,0.00035237128287553786,3144.964072946,,,,,,,,,,,
3.5237128287553786e-05,1770722247.8367577,9389,3033,3.5237128287553786e-05,0.00035237128287553786,0.00035237128287553786,3145.123057136,,,,,,,,,,,
,1770722247.9807677,9389,3034,,,,3145.26482777,109.0,0.02566143497824669,,,,,,,,,
3.520891144871712e-05,1770722250.8733163,9399,3035,3.520891144871712e-05,0.0003520891144871712,0.0003520891144871712,3148.157516996,,,,,,,,,,,
3.520891144871712e-05,1770722251.0334094,9399,3036,3.520891144871712e-05,0.0003520891144871712,0.0003520891144871712,3148.317464556,,,,,,,,,,,
,1770722251.1775265,9399,3037,,,,3148.461502415,109.0,0.027367068454623222,,,,,,,,,
3.5180676728487015e-05,1770722254.0712042,9409,3038,3.5180676728487015e-05,0.00035180676728487016,0.00035180676728487016,3151.355379596,,,,,,,,,,,
3.5180676728487015e-05,1770722254.2311049,9409,3039,3.5180676728487015e-05,0.00035180676728487016,0.00035180676728487016,3151.518100473,,,,,,,,,,,
,1770722254.3751564,9409,3040,,,,3151.659135609,109.0,0.033827126026153564,,,,,,,,,
3.515242859721184e-05,1770722257.268026,9419,3041,3.515242859721184e-05,0.00035152428597211836,0.00035152428597211836,3154.55221816,,,,,,,,,,,
3.515242859721184e-05,1770722257.428111,9419,3042,3.515242859721184e-05,0.00035152428597211836,0.00035152428597211836,3154.71510087,,,,,,,,,,,
,1770722257.5721686,9419,3043,,,,3154.856148285,109.0,0.04754634201526642,,,,,,,,,
3.512416556477547e-05,1770722260.4649916,9429,3044,3.512416556477547e-05,0.0003512416556477547,0.0003512416556477547,3157.749176019,,,,,,,,,,,
3.512416556477547e-05,1770722260.6250465,9429,3045,3.512416556477547e-05,0.0003512416556477547,0.0003512416556477547,3157.912098569,,,,,,,,,,,
,1770722260.7694678,9429,3046,,,,3158.053467598,109.0,0.029517341405153275,,,,,,,,,
3.5095883905887606e-05,1770722263.662886,9439,3047,3.5095883905887606e-05,0.00035095883905887605,0.00035095883905887605,3160.947119358,,,,,,,,,,,
3.5095883905887606e-05,1770722263.8228724,9439,3048,3.5095883905887606e-05,0.00035095883905887605,0.00035095883905887605,3161.110095288,,,,,,,,,,,
,1770722263.9668138,9439,3049,,,,3161.250829361,109.0,0.022387465462088585,,,,,,,,,
3.506758958101273e-05,1770722266.8596437,9449,3050,3.506758958101273e-05,0.00035067589581012725,0.00035067589581012725,3164.146080236,,,,,,,,,,,
3.506758958101273e-05,1770722267.0189228,9449,3051,3.506758958101273e-05,0.00035067589581012725,0.00035067589581012725,3164.306058862,,,,,,,,,,,
,1770722267.1633236,9449,3052,,,,3164.447371946,109.0,0.05189792066812515,,,,,,,,,
3.503927737474442e-05,1770722270.0554335,9459,3053,3.503927737474442e-05,0.00035039277374744414,0.00035039277374744414,3167.339674577,,,,,,,,,,,
3.503927737474442e-05,1770722270.2041633,9459,3054,3.503927737474442e-05,0.00035039277374744414,0.00035039277374744414,3167.488168997,,,,,,,,,,,
,1770722270.2610042,9459,3055,,,,3167.544940588,109.0,0.02264377474784851,,,,,,,,,
,1770722271.7025788,9459,3056,,,,3168.986669021,109.0,,5.55296516418457,0.096638984978199,5.5529656410217285,0.9041669964790344,,,,,
,1770722271.7039373,9459,3057,,,,3168.987881056,109.0,,,,,,0.030656026676297188,3.521981954574585,,,
3.501095250248909e-05,1770722274.651541,9469,3058,3.501095250248909e-05,0.0003501095250248909,0.0003501095250248909,3171.93583822,,,,,,,,,,,
3.501095250248909e-05,1770722274.810857,9469,3059,3.501095250248909e-05,0.0003501095250248909,0.0003501095250248909,3172.094895027,,,,,,,,,,,
,1770722274.9551795,9469,3060,,,,3172.239156101,110.0,0.013679979369044304,,,,,,,,,
3.4982611984014515e-05,1770722277.8470764,9479,3061,3.4982611984014515e-05,0.0003498261198401451,0.0003498261198401451,3175.134136225,,,,,,,,,,,
3.4982611984014515e-05,1770722278.0066378,9479,3062,3.4982611984014515e-05,0.0003498261198401451,0.0003498261198401451,3175.290665625,,,,,,,,,,,
,1770722278.1511512,9479,3063,,,,3175.435129194,110.0,0.03943239524960518,,,,,,,,,
3.4954253584146504e-05,1770722281.041989,9489,3064,3.4954253584146504e-05,0.000349542535841465,0.000349542535841465,3178.326255751,,,,,,,,,,,
3.4954253584146504e-05,1770722281.2015064,9489,3065,3.4954253584146504e-05,0.000349542535841465,0.000349542535841465,3178.48555346,,,,,,,,,,,
,1770722281.3458774,9489,3066,,,,3178.629852852,110.0,0.022148456424474716,,,,,,,,,
3.492588251829147e-05,1770722284.239094,9499,3067,3.492588251829147e-05,0.00034925882518291475,0.00034925882518291475,3181.523286509,,,,,,,,,,,
3.492588251829147e-05,1770722284.3990464,9499,3068,3.492588251829147e-05,0.00034925882518291475,0.00034925882518291475,3181.686103709,,,,,,,,,,,
,1770722284.5429106,9499,3069,,,,3181.826874125,110.0,0.04307679459452629,,,,,,,,,
3.4897494316101074e-05,1770722287.482161,9509,3070,3.4897494316101074e-05,0.00034897494316101077,0.00034897494316101077,3184.766346635,,,,,,,,,,,
3.4897494316101074e-05,1770722287.6421769,9509,3071,3.4897494316101074e-05,0.00034897494316101077,0.00034897494316101077,3184.926226411,,,,,,,,,,,
,1770722287.7866595,9509,3072,,,,3185.070633194,110.0,0.047845445573329926,,,,,,,,,
3.48690927028656e-05,1770722290.6817136,9519,3073,3.48690927028656e-05,0.000348690927028656,0.000348690927028656,3187.965891482,,,,,,,,,,,
3.48690927028656e-05,1770722290.841863,9519,3074,3.48690927028656e-05,0.000348690927028656,0.000348690927028656,3188.125924888,,,,,,,,,,,
,1770722290.9860585,9519,3075,,,,3188.270064188,110.0,0.05782075226306915,,,,,,,,,
3.4840673953294755e-05,1770722293.8819838,9529,3076,3.4840673953294755e-05,0.0003484067395329476,0.0003484067395329476,3191.166186393,,,,,,,,,,,
3.4840673953294755e-05,1770722294.0421102,9529,3077,3.4840673953294755e-05,0.0003484067395329476,0.0003484067395329476,3191.329104685,,,,,,,,,,,
,1770722294.1863983,9529,3078,,,,3191.470377127,110.0,0.024245861917734146,,,,,,,,,
3.4812242537736895e-05,1770722297.0805185,9539,3079,3.4812242537736895e-05,0.00034812242537736893,0.00034812242537736893,3194.364686368,,,,,,,,,,,
3.4812242537736895e-05,1770722297.240617,9539,3080,3.4812242537736895e-05,0.00034812242537736893,0.00034812242537736893,3194.524672353,,,,,,,,,,,
,1770722297.3844793,9539,3081,,,,3194.668463548,110.0,0.01971946842968464,,,,,,,,,
,1770722300.6452649,9545,3082,,,,3197.929524647,110.0,,5.10282039642334,0.07973282039165497,5.102819919586182,0.9209556579589844,,,,,
,1770722302.2137778,9545,3083,,,,3199.497989462,110.0,,,,,,0.033305417746305466,3.6606364250183105,,,
3.478379622101784e-05,1770722303.2053814,9549,3084,3.478379622101784e-05,0.0003478379622101784,0.0003478379622101784,3200.492070383,,,,,,,,,,,
3.478379622101784e-05,1770722303.365818,9549,3085,3.478379622101784e-05,0.0003478379622101784,0.0003478379622101784,3200.653054551,,,,,,,,,,,
,1770722303.5107167,9549,3086,,,,3200.79477728,111.0,0.03319917619228363,,,,,,,,,
3.4755332767963414e-05,1770722306.4229138,9559,3087,3.4755332767963414e-05,0.0003475533276796341,0.0003475533276796341,3203.706961311,,,,,,,,,,,
3.4755332767963414e-05,1770722306.5826538,9559,3088,3.4755332767963414e-05,0.0003475533276796341,0.0003475533276796341,3203.869053978,,,,,,,,,,,
,1770722306.7272806,9559,3089,,,,3204.01132954,111.0,0.02275317907333374,,,,,,,,,
3.472685664892197e-05,1770722309.6220841,9569,3090,3.472685664892197e-05,0.00034726856648921965,0.00034726856648921965,3206.906264128,,,,,,,,,,,
3.472685664892197e-05,1770722309.7819395,9569,3091,3.472685664892197e-05,0.00034726856648921965,0.00034726856648921965,3207.065975499,,,,,,,,,,,
,1770722309.9259355,9569,3092,,,,3207.209914716,111.0,0.013298256322741508,,,,,,,,,
3.469836264848709e-05,1770722312.8217509,9579,3093,3.469836264848709e-05,0.0003469836264848709,0.0003469836264848709,3210.105883879,,,,,,,,,,,
3.469836264848709e-05,1770722312.9816496,9579,3094,3.469836264848709e-05,0.0003469836264848709,0.0003469836264848709,3210.265700187,,,,,,,,,,,
,1770722313.1260662,9579,3095,,,,3210.410050553,111.0,0.023427072912454605,,,,,,,,,
3.466985672712326e-05,1770722316.021846,9589,3096,3.466985672712326e-05,0.00034669856727123264,0.00034669856727123264,3213.305991039,,,,,,,,,,,
3.466985672712326e-05,1770722316.1816304,9589,3097,3.466985672712326e-05,0.00034669856727123264,0.00034669856727123264,3213.466135101,,,,,,,,,,,
,1770722316.3260908,9589,3098,,,,3213.61008268,111.0,0.026386477053165436,,,,,,,,,
3.4641332924366e-05,1770722319.2200155,9599,3099,3.4641332924366e-05,0.00034641332924365996,0.00034641332924365996,3216.507140255,,,,,,,,,,,
3.4641332924366e-05,1770722319.3795607,9599,3100,3.4641332924366e-05,0.00034641332924365996,0.00034641332924365996,3216.666058931,,,,,,,,,,,
,1770722319.5248005,9599,3101,,,,3216.808859563,111.0,0.04283642768859863,,,,,,,,,
3.461279794573784e-05,1770722322.4190803,9609,3102,3.461279794573784e-05,0.0003461279794573784,0.0003461279794573784,3219.703283698,,,,,,,,,,,
3.461279794573784e-05,1770722322.5785968,9609,3103,3.461279794573784e-05,0.0003461279794573784,0.0003461279794573784,3219.862650699,,,,,,,,,,,
,1770722322.7229342,9609,3104,,,,3220.006912101,111.0,0.02672276645898819,,,,,,,,,
3.4584248065948486e-05,1770722325.6159458,9619,3105,3.4584248065948486e-05,0.0003458424806594849,0.0003458424806594849,3222.900147291,,,,,,,,,,,
3.4584248065948486e-05,1770722325.7758555,9619,3106,3.4584248065948486e-05,0.0003458424806594849,0.0003458424806594849,3223.059841415,,,,,,,,,,,
,1770722325.9204934,9619,3107,,,,3223.204506304,111.0,0.034364886581897736,,,,,,,,,
3.4555680304765704e-05,1770722328.8148396,9629,3108,3.4555680304765704e-05,0.00034555680304765703,0.00034555680304765703,3226.102087005,,,,,,,,,,,
3.4555680304765704e-05,1770722328.9746206,9629,3109,3.4555680304765704e-05,0.00034555680304765703,0.00034555680304765703,3226.261055276,,,,,,,,,,,
,1770722329.1185925,9629,3110,,,,3226.402626886,111.0,0.03559661656618118,,,,,,,,,
,1770722331.102016,9631,3111,,,,3228.386128548,111.0,,5.303394794464111,0.08647607266902924,5.303394317626953,0.9142534136772156,,,,,
,1770722331.103446,9631,3112,,,,3228.387406173,111.0,,,,,,0.03728147968649864,3.7438430786132812,,,
3.4527100622653964e-05,1770722333.3563178,9639,3113,3.4527100622653964e-05,0.0003452710062265396,0.0003452710062265396,3230.640521698,,,,,,,,,,,
3.4527100622653964e-05,1770722333.5157585,9639,3114,3.4527100622653964e-05,0.0003452710062265396,0.0003452710062265396,3230.799820216,,,,,,,,,,,
,1770722333.66015,9639,3115,,,,3230.944128567,112.0,0.02208659239113331,,,,,,,,,
3.449850380420685e-05,1770722336.5514498,9649,3116,3.449850380420685e-05,0.0003449850380420685,0.0003449850380420685,3233.835602473,,,,,,,,,,,
3.449850380420685e-05,1770722336.7108185,9649,3117,3.449850380420685e-05,0.0003449850380420685,0.0003449850380420685,3233.994879678,,,,,,,,,,,
,1770722336.855156,9649,3118,,,,3234.139145876,112.0,0.03162768855690956,,,,,,,,,
3.4469895809888845e-05,1770722339.7470279,9659,3119,3.4469895809888845e-05,0.0003446989580988884,0.0003446989580988884,3237.031229386,,,,,,,,,,,
3.4469895809888845e-05,1770722339.9060986,9659,3120,3.4469895809888845e-05,0.0003446989580988884,0.0003446989580988884,3237.190155712,,,,,,,,,,,
,1770722340.0503085,9659,3121,,,,3237.334285024,112.0,0.03859032317996025,,,,,,,,,
3.444127216935158e-05,1770722342.957236,9669,3122,3.444127216935158e-05,0.00034441272169351576,0.00034441272169351576,3240.244078101,,,,,,,,,,,
3.444127216935158e-05,1770722343.1162767,9669,3123,3.444127216935158e-05,0.00034441272169351576,0.00034441272169351576,3240.403051458,,,,,,,,,,,
,1770722343.2600956,9669,3124,,,,3240.54416667,112.0,0.028021132573485374,,,,,,,,,
3.4412632137537006e-05,1770722346.205923,9679,3125,3.4412632137537006e-05,0.00034412632137537005,0.00034412632137537005,3243.4901058,,,,,,,,,,,
3.4412632137537006e-05,1770722346.3655038,9679,3126,3.4412632137537006e-05,0.00034412632137537005,0.00034412632137537005,3243.652072445,,,,,,,,,,,
,1770722346.5097976,9679,3127,,,,3243.793804255,112.0,0.03975605592131615,,,,,,,,,
3.438398018479347e-05,1770722349.402938,9689,3128,3.438398018479347e-05,0.00034383980184793476,0.00034383980184793476,3246.690089472,,,,,,,,,,,
3.438398018479347e-05,1770722349.5625772,9689,3129,3.438398018479347e-05,0.00034383980184793476,0.00034383980184793476,3246.849060315,,,,,,,,,,,
,1770722349.7064555,9689,3130,,,,3246.99050976,112.0,0.05457622557878494,,,,,,,,,
3.435531109571457e-05,1770722352.5969007,9699,3131,3.435531109571457e-05,0.0003435531109571457,0.0003435531109571457,3249.881115359,,,,,,,,,,,
3.435531109571457e-05,1770722352.7568593,9699,3132,3.435531109571457e-05,0.0003435531109571457,0.0003435531109571457,3250.04089492,,,,,,,,,,,
,1770722352.90133,9699,3133,,,,3250.185333536,112.0,0.02617780491709709,,,,,,,,,
3.432663083076477e-05,1770722355.7920895,9709,3134,3.432663083076477e-05,0.0003432663083076477,0.0003432663083076477,3253.076213605,,,,,,,,,,,
3.432663083076477e-05,1770722355.9517703,9709,3135,3.432663083076477e-05,0.0003432663083076477,0.0003432663083076477,3253.235813085,,,,,,,,,,,
,1770722356.096349,9709,3136,,,,3253.380322768,112.0,0.027258850634098053,,,,,,,,,
,1770722359.9947464,9717,3137,,,,3257.279011947,112.0,,5.531050682067871,0.09515241533517838,5.531050205230713,0.9056398272514343,,,,,
,1770722359.9964921,9717,3138,,,,3257.280424394,112.0,,,,,,0.03412872552871704,3.7305824756622314,,,
3.42979334294796e-05,1770722360.333281,9719,3139,3.42979334294796e-05,0.000342979334294796,0.000342979334294796,3257.617382518,,,,,,,,,,,
3.42979334294796e-05,1770722360.4927995,9719,3140,3.42979334294796e-05,0.000342979334294796,0.000342979334294796,3257.776842707,,,,,,,,,,,
,1770722360.637294,9719,3141,,,,3257.921270176,113.0,0.02552393265068531,,,,,,,,,
3.4269224107265474e-05,1770722363.5304024,9729,3142,3.4269224107265474e-05,0.00034269224107265475,0.00034269224107265475,3260.814608568,,,,,,,,,,,
3.4269224107265474e-05,1770722363.690237,9729,3143,3.4269224107265474e-05,0.00034269224107265475,0.00034269224107265475,3260.974278934,,,,,,,,,,,
,1770722363.8342028,9729,3144,,,,3261.118195674,113.0,0.035666778683662415,,,,,,,,,
3.4240501374006274e-05,1770722366.7252011,9739,3145,3.4240501374006274e-05,0.00034240501374006274,0.00034240501374006274,3264.012073675,,,,,,,,,,,
3.4240501374006274e-05,1770722366.8850799,9739,3146,3.4240501374006274e-05,0.00034240501374006274,0.00034240501374006274,3264.172050632,,,,,,,,,,,
,1770722367.028891,9739,3147,,,,3264.31295107,113.0,0.03922221437096596,,,,,,,,,
3.42117615044117e-05,1770722369.9219255,9749,3148,3.42117615044117e-05,0.000342117615044117,0.000342117615044117,3267.209152587,,,,,,,,,,,
3.42117615044117e-05,1770722370.0848625,9749,3149,3.42117615044117e-05,0.000342117615044117,0.000342117615044117,3267.372093828,,,,,,,,,,,
,1770722370.2295775,9749,3150,,,,3267.513617784,113.0,0.03791835904121399,,,,,,,,,
3.418300971388817e-05,1770722373.1228948,9759,3151,3.418300971388817e-05,0.0003418300971388817,0.0003418300971388817,3270.407120062,,,,,,,,,,,
3.418300971388817e-05,1770722373.282823,9759,3152,3.418300971388817e-05,0.0003418300971388817,0.0003418300971388817,3270.567120875,,,,,,,,,,,
,1770722373.42748,9759,3153,,,,3270.711467622,113.0,0.019594887271523476,,,,,,,,,
3.4154241532087325e-05,1770722376.3206134,9769,3154,3.4154241532087325e-05,0.00034154241532087325,0.00034154241532087325,3273.604769254,,,,,,,,,,,
3.4154241532087325e-05,1770722376.4800074,9769,3155,3.4154241532087325e-05,0.00034154241532087325,0.00034154241532087325,3273.764070453,,,,,,,,,,,
,1770722376.6244433,9769,3156,,,,3273.908432533,113.0,0.024890612810850143,,,,,,,,,
3.412546217441559e-05,1770722379.5175183,9779,3157,3.412546217441559e-05,0.00034125462174415587,0.00034125462174415587,3276.80409007,,,,,,,,,,,
3.412546217441559e-05,1770722379.6766279,9779,3158,3.412546217441559e-05,0.00034125462174415587,0.00034125462174415587,3276.961200909,,,,,,,,,,,
,1770722379.8212104,9779,3159,,,,3277.105195636,113.0,0.023747190833091736,,,,,,,,,
3.409666568040848e-05,1770722382.7136497,9789,3160,3.409666568040848e-05,0.0003409666568040848,0.0003409666568040848,3279.997826431,,,,,,,,,,,
3.409666568040848e-05,1770722382.872885,9789,3161,3.409666568040848e-05,0.0003409666568040848,0.0003409666568040848,3280.156952856,,,,,,,,,,,
,1770722383.0172372,9789,3162,,,,3280.301213994,113.0,0.03300340473651886,,,,,,,,,
3.4067858755588535e-05,1770722385.9095628,9799,3163,3.4067858755588535e-05,0.0003406785875558853,0.0003406785875558853,3283.196064578,,,,,,,,,,,
3.4067858755588535e-05,1770722386.0691426,9799,3164,3.4067858755588535e-05,0.0003406785875558853,0.0003406785875558853,3283.35605248,,,,,,,,,,,
,1770722386.2132607,9799,3165,,,,3283.49729418,113.0,0.017146781086921692,,,,,,,,,
,1770722388.835126,9803,3166,,,,3286.119359436,113.0,,5.431020259857178,0.09142909198999405,5.431021213531494,0.9093307256698608,,,,,
,1770722388.836818,9803,3167,,,,3286.120728828,113.0,,,,,,0.03234118968248367,3.6102702617645264,,,
3.4039037674665454e-05,1770722390.4522517,9809,3168,3.4039037674665454e-05,0.00034039037674665453,0.00034039037674665453,3287.736422795,,,,,,,,,,,
3.4039037674665454e-05,1770722390.6120691,9809,3169,3.4039037674665454e-05,0.00034039037674665453,0.00034039037674665453,3287.896135282,,,,,,,,,,,
,1770722390.7571926,9809,3170,,,,3288.041144256,114.0,0.02334975264966488,,,,,,,,,
3.4010199457407e-05,1770722393.649176,9819,3171,3.4010199457407e-05,0.00034010199457407,0.00034010199457407,3290.933387084,,,,,,,,,,,
3.4010199457407e-05,1770722393.8089395,9819,3172,3.4010199457407e-05,0.00034010199457407,0.00034010199457407,3291.096103535,,,,,,,,,,,
,1770722393.953555,9819,3173,,,,3291.237529392,114.0,0.021621648222208023,,,,,,,,,
3.398135080933571e-05,1770722396.8468902,9829,3174,3.398135080933571e-05,0.0003398135080933571,0.0003398135080933571,3294.134100174,,,,,,,,,,,
3.398135080933571e-05,1770722397.0066133,9829,3175,3.398135080933571e-05,0.0003398135080933571,0.0003398135080933571,3294.29305496,,,,,,,,,,,
,1770722397.1506166,9829,3176,,,,3294.434665345,114.0,0.011246174573898315,,,,,,,,,
3.395248502492905e-05,1770722400.0435314,9839,3177,3.395248502492905e-05,0.00033952485024929047,0.00033952485024929047,3297.32773452,,,,,,,,,,,
3.395248502492905e-05,1770722400.2031333,9839,3178,3.395248502492905e-05,0.00033952485024929047,0.00033952485024929047,3297.487182658,,,,,,,,,,,
,1770722400.3475542,9839,3179,,,,3297.631536905,114.0,0.03516183793544769,,,,,,,,,
3.392360880970955e-05,1770722403.2405024,9849,3180,3.392360880970955e-05,0.0003392360880970955,0.0003392360880970955,3300.524706268,,,,,,,,,,,
3.392360880970955e-05,1770722403.3999634,9849,3181,3.392360880970955e-05,0.0003392360880970955,0.0003392360880970955,3300.684024821,,,,,,,,,,,
,1770722403.544407,9849,3182,,,,3300.828394852,114.0,0.022757019847631454,,,,,,,,,
3.389471918344498e-05,1770722406.4374154,9859,3183,3.389471918344498e-05,0.0003389471918344498,0.0003389471918344498,3303.721564681,,,,,,,,,,,
3.389471918344498e-05,1770722406.5973468,9859,3184,3.389471918344498e-05,0.0003389471918344498,0.0003389471918344498,3303.881402496,,,,,,,,,,,
,1770722406.7420201,9859,3185,,,,3304.025996414,114.0,0.03386213630437851,,,,,,,,,
3.386581316590309e-05,1770722409.635103,9869,3186,3.386581316590309e-05,0.00033865813165903094,0.00033865813165903094,3306.919308163,,,,,,,,,,,
3.386581316590309e-05,1770722409.7951035,9869,3187,3.386581316590309e-05,0.00033865813165903094,0.00033865813165903094,3307.082104143,,,,,,,,,,,
,1770722409.9391425,9869,3188,,,,3307.223136827,114.0,0.028773080557584763,,,,,,,,,
3.383689597249031e-05,1770722412.8309946,9879,3189,3.383689597249031e-05,0.0003383689597249031,0.0003383689597249031,3310.115181225,,,,,,,,,,,
3.383689597249031e-05,1770722412.9909654,9879,3190,3.383689597249031e-05,0.0003383689597249031,0.0003383689597249031,3310.275008023,,,,,,,,,,,
,1770722413.1349094,9879,3191,,,,3310.418890709,114.0,0.036041468381881714,,,,,,,,,
3.380796238780022e-05,1770722416.0277286,9889,3192,3.380796238780022e-05,0.0003380796238780022,0.0003380796238780022,3313.311827757,,,,,,,,,,,
3.380796238780022e-05,1770722416.1764789,9889,3193,3.380796238780022e-05,0.0003380796238780022,0.0003380796238780022,3313.460479685,,,,,,,,,,,
,1770722416.233342,9889,3194,,,,3313.517280487,114.0,0.04784398898482323,,,,,,,,,
,1770722417.6751642,9889,3195,,,,3314.959360936,114.0,,5.304089069366455,0.08589795976877213,5.304089069366455,0.9148320555686951,,,,,
,1770722417.676822,9889,3196,,,,3314.960724179,114.0,,,,,,0.02937169373035431,3.4631762504577637,,,
3.377901837229729e-05,1770722420.5687554,9899,3197,3.377901837229729e-05,0.0003377901837229729,0.0003377901837229729,3317.85510051,,,,,,,,,,,
3.377901837229729e-05,1770722420.7279098,9899,3198,3.377901837229729e-05,0.0003377901837229729,0.0003377901837229729,3318.015056532,,,,,,,,,,,
,1770722420.8723674,9899,3199,,,,3318.156423068,115.0,0.030527722090482712,,,,,,,,,
3.3750057965517044e-05,1770722423.8195388,9909,3200,3.3750057965517044e-05,0.00033750057965517045,0.00033750057965517045,3321.104166435,,,,,,,,,,,
3.3750057965517044e-05,1770722423.980406,9909,3201,3.3750057965517044e-05,0.00033750057965517045,0.00033750057965517045,3321.267051158,,,,,,,,,,,
,1770722424.1239395,9909,3202,,,,3321.407977581,115.0,0.01264219544827938,,,,,,,,,
3.3721087127923967e-05,1770722427.0157378,9919,3203,3.3721087127923967e-05,0.0003372108712792397,0.0003372108712792397,3324.299913208,,,,,,,,,,,
3.3721087127923967e-05,1770722427.1755517,9919,3204,3.3721087127923967e-05,0.0003372108712792397,0.0003372108712792397,3324.459606293,,,,,,,,,,,
,1770722427.3201284,9919,3205,,,,3324.60410809,115.0,0.02758967876434326,,,,,,,,,
3.3692102879285815e-05,1770722430.2134092,9929,3206,3.3692102879285815e-05,0.00033692102879285813,0.00033692102879285813,3327.497595712,,,,,,,,,,,
3.3692102879285815e-05,1770722430.3731966,9929,3207,3.3692102879285815e-05,0.00033692102879285813,0.00033692102879285813,3327.657258662,,,,,,,,,,,
,1770722430.5173223,9929,3208,,,,3327.801297041,115.0,0.03927356004714966,,,,,,,,,
3.3663102984428405e-05,1770722433.4081292,9939,3209,3.3663102984428405e-05,0.00033663102984428405,0.00033663102984428405,3330.692333237,,,,,,,,,,,
3.3663102984428405e-05,1770722433.568298,9939,3210,3.3663102984428405e-05,0.00033663102984428405,0.00033663102984428405,3330.8550795,,,,,,,,,,,
,1770722433.7128036,9939,3211,,,,3330.996808372,115.0,0.03318292647600174,,,,,,,,,
3.3634091913700104e-05,1770722436.604205,9949,3212,3.3634091913700104e-05,0.00033634091913700107,0.00033634091913700107,3333.888389545,,,,,,,,,,,
3.3634091913700104e-05,1770722436.7635837,9949,3213,3.3634091913700104e-05,0.00033634091913700107,0.00033634091913700107,3334.047636308,,,,,,,,,,,
,1770722436.9075775,9949,3214,,,,3334.191554075,115.0,0.023915108293294907,,,,,,,,,
3.360506519675255e-05,1770722439.7999947,9959,3215,3.360506519675255e-05,0.0003360506519675255,0.0003360506519675255,3337.084199528,,,,,,,,,,,
3.360506519675255e-05,1770722439.9592452,9959,3216,3.360506519675255e-05,0.0003360506519675255,0.0003360506519675255,3337.243303656,,,,,,,,,,,
,1770722440.1036704,9959,3217,,,,3337.387639513,115.0,0.03174552693963051,,,,,,,,,
3.357602804899216e-05,1770722442.9967613,9969,3218,3.357602804899216e-05,0.0003357602804899216,0.0003357602804899216,3340.280977745,,,,,,,,,,,
3.357602804899216e-05,1770722443.1562018,9969,3219,3.357602804899216e-05,0.0003357602804899216,0.0003357602804899216,3340.440260381,,,,,,,,,,,
,1770722443.3006992,9969,3220,,,,3340.584679984,115.0,0.023236045613884926,,,,,,,,,
,1770722446.5606322,9975,3221,,,,3343.844745766,115.0,,5.2244133949279785,0.08482686430215836,5.224412441253662,0.9158787727355957,,,,,
,1770722446.5622406,9975,3222,,,,3343.846164132,115.0,,,,,,0.02891252003610134,3.4293463230133057,,,
3.3546977490186694e-05,1770722447.5377662,9979,3223,3.3546977490186694e-05,0.0003354697749018669,0.0003354697749018669,3344.821918227,,,,,,,,,,,
3.3546977490186694e-05,1770722447.697619,9979,3224,3.3546977490186694e-05,0.0003354697749018669,0.0003354697749018669,3344.981653024,,,,,,,,,,,
,1770722447.8416991,9979,3225,,,,3345.125674417,116.0,0.037207335233688354,,,,,,,,,
3.3517912030220034e-05,1770722450.7344093,9989,3226,3.3517912030220034e-05,0.00033517912030220034,0.00033517912030220034,3348.020195392,,,,,,,,,,,
3.3517912030220034e-05,1770722450.8943672,9989,3227,3.3517912030220034e-05,0.00033517912030220034,0.00033517912030220034,3348.17843681,,,,,,,,,,,
,1770722451.0395558,9989,3228,,,,3348.323594093,116.0,0.02837098017334938,,,,,,,,,
3.3488835394382477e-05,1770722453.932231,9999,3229,3.3488835394382477e-05,0.00033488835394382475,0.00033488835394382475,3351.219093057,,,,,,,,,,,
3.3488835394382477e-05,1770722454.0912898,9999,3230,3.3488835394382477e-05,0.00033488835394382475,0.00033488835394382475,3351.3780548,,,,,,,,,,,
,1770722454.2352614,9999,3231,,,,3351.51929926,116.0,0.03311062976717949,,,,,,,,,
3.345974311232567e-05,1770722457.1284764,10009,3232,3.345974311232567e-05,0.0003345974311232567,0.0003345974311232567,3354.412665238,,,,,,,,,,,
3.345974311232567e-05,1770722457.2876983,10009,3233,3.345974311232567e-05,0.0003345974311232567,0.0003345974311232567,3354.57175265,,,,,,,,,,,
,1770722457.4319472,10009,3234,,,,3354.715928645,116.0,0.014259010553359985,,,,,,,,,
3.3430641144514084e-05,1770722460.3270056,10019,3235,3.3430641144514084e-05,0.00033430641144514085,0.00033430641144514085,3357.611258697,,,,,,,,,,,
3.3430641144514084e-05,1770722460.4868894,10019,3236,3.3430641144514084e-05,0.00033430641144514085,0.00033430641144514085,3357.770957049,,,,,,,,,,,
,1770722460.6310136,10019,3237,,,,3357.914995998,116.0,0.022485103458166122,,,,,,,,,
3.340152278542519e-05,1770722463.523733,10029,3238,3.340152278542519e-05,0.00033401522785425186,0.00033401522785425186,3360.807935145,,,,,,,,,,,
3.340152278542519e-05,1770722463.683828,10029,3239,3.340152278542519e-05,0.00033401522785425186,0.00033401522785425186,3360.967883714,,,,,,,,,,,
,1770722463.8285208,10029,3240,,,,3361.112506001,116.0,0.020550962537527084,,,,,,,,,
3.3372394740581515e-05,1770722466.721839,10039,3241,3.3372394740581515e-05,0.0003337239474058151,0.0003337239474058151,3364.009070374,,,,,,,,,,,
3.3372394740581515e-05,1770722466.8809202,10039,3242,3.3372394740581515e-05,0.0003337239474058151,0.0003337239474058151,3364.168054851,,,,,,,,,,,
,1770722467.0253317,10039,3243,,,,3364.309383638,116.0,0.027746934443712234,,,,,,,,,
3.334325402975082e-05,1770722469.917297,10049,3244,3.334325402975082e-05,0.0003334325402975083,0.0003334325402975083,3367.201484215,,,,,,,,,,,
3.334325402975082e-05,1770722470.0768263,10049,3245,3.334325402975082e-05,0.0003334325402975083,0.0003334325402975083,3367.360880001,,,,,,,,,,,
,1770722470.221262,10049,3246,,,,3367.505249887,116.0,0.03467563912272453,,,,,,,,,
3.331409767270089e-05,1770722473.1137104,10059,3247,3.331409767270089e-05,0.00033314097672700884,0.00033314097672700884,3370.400097879,,,,,,,,,,,
3.331409767270089e-05,1770722473.2731462,10059,3248,3.331409767270089e-05,0.00033314097672700884,0.00033314097672700884,3370.560056822,,,,,,,,,,,
,1770722473.4171686,10059,3249,,,,3370.701230495,116.0,0.028327930718660355,,,,,,,,,
,1770722475.4004781,10061,3250,,,,3372.684727749,116.0,,5.274847030639648,0.08792616426944733,5.274847030639648,0.9127888679504395,,,,,
,1770722475.402184,10061,3251,,,,3372.686101928,116.0,,,,,,0.028183668851852417,3.3893544673919678,,,
3.328493162989617e-05,1770722477.6572,10069,3252,3.328493162989617e-05,0.00033284931629896166,0.00033284931629896166,3374.941395297,,,,,,,,,,,
3.328493162989617e-05,1770722477.8173566,10069,3253,3.328493162989617e-05,0.00033284931629896166,0.00033284931629896166,3375.104074366,,,,,,,,,,,
,1770722477.9613435,10069,3254,,,,3375.245358896,117.0,0.03830186277627945,,,,,,,,,
3.325574919581414e-05,1770722480.8519266,10079,3255,3.325574919581414e-05,0.00033255749195814136,0.00033255749195814136,3378.136134906,,,,,,,,,,,
3.325574919581414e-05,1770722481.0112817,10079,3256,3.325574919581414e-05,0.00033255749195814136,0.00033255749195814136,3378.295335447,,,,,,,,,,,
,1770722481.1554065,10079,3257,,,,3378.439394315,117.0,0.032032594084739685,,,,,,,,,
3.3226557821035386e-05,1770722484.0480788,10089,3258,3.3226557821035386e-05,0.0003322655782103539,0.0003322655782103539,3381.332283785,,,,,,,,,,,
3.3226557821035386e-05,1770722484.2079744,10089,3259,3.3226557821035386e-05,0.0003322655782103539,0.0003322655782103539,3381.49510673,,,,,,,,,,,
,1770722484.3520327,10089,3260,,,,3381.636018198,117.0,0.01868489943444729,,,,,,,,,
3.319735080003738e-05,1770722487.2443118,10099,3261,3.319735080003738e-05,0.00033197350800037386,0.00033197350800037386,3384.528500131,,,,,,,,,,,
3.319735080003738e-05,1770722487.403681,10099,3262,3.319735080003738e-05,0.00033197350800037386,0.00033197350800037386,3384.687734452,,,,,,,,,,,
,1770722487.5484211,10099,3263,,,,3384.832401465,117.0,0.025377171114087105,,,,,,,,,
3.316813409328461e-05,1770722490.4397175,10109,3264,3.316813409328461e-05,0.0003316813409328461,0.0003316813409328461,3387.723904731,,,,,,,,,,,
3.316813409328461e-05,1770722490.599566,10109,3265,3.316813409328461e-05,0.0003316813409328461,0.0003316813409328461,3387.883616771,,,,,,,,,,,
,1770722490.743743,10109,3266,,,,3388.027725022,117.0,0.038275718688964844,,,,,,,,,
3.313890472054482e-05,1770722493.7008116,10119,3267,3.313890472054482e-05,0.0003313890472054482,0.0003313890472054482,3390.987238685,,,,,,,,,,,
3.313890472054482e-05,1770722493.8628035,10119,3268,3.313890472054482e-05,0.0003313890472054482,0.0003313890472054482,3391.146919228,,,,,,,,,,,
,1770722494.0073948,10119,3269,,,,3391.291455143,117.0,0.020905787125229836,,,,,,,,,
3.310966044664383e-05,1770722496.9959135,10129,3270,3.310966044664383e-05,0.0003310966044664383,0.0003310966044664383,3394.280066272,,,,,,,,,,,
3.310966044664383e-05,1770722497.1558328,10129,3271,3.310966044664383e-05,0.0003310966044664383,0.0003310966044664383,3394.439873936,,,,,,,,,,,
,1770722497.3004143,10129,3272,,,,3394.584388529,117.0,0.025881381705403328,,,,,,,,,
3.3080406486988067e-05,1770722500.1935482,10139,3273,3.3080406486988067e-05,0.0003308040648698807,0.0003308040648698807,3397.47772842,,,,,,,,,,,
3.3080406486988067e-05,1770722500.3529718,10139,3274,3.3080406486988067e-05,0.0003308040648698807,0.0003308040648698807,3397.637019095,,,,,,,,,,,
,1770722500.4974105,10139,3275,,,,3397.781387538,117.0,0.021695850417017937,,,,,,,,,
,1770722504.3974435,10147,3276,,,,3401.681694644,117.0,,5.254644393920898,0.08567407727241516,5.254644870758057,0.9150352478027344,,,,,
,1770722504.399148,10147,3277,,,,3401.683087071,117.0,,,,,,0.028248034417629242,3.393167018890381,,,
3.305113688111305e-05,1770722504.7365263,10149,3278,3.305113688111305e-05,0.00033051136881113053,0.00033051136881113053,3402.020616105,,,,,,,,,,,
3.305113688111305e-05,1770722504.8962514,10149,3279,3.305113688111305e-05,0.00033051136881113053,0.00033051136881113053,3402.180290968,,,,,,,,,,,
,1770722505.0403073,10149,3280,,,,3402.324280991,118.0,0.017048079520463943,,,,,,,,,
3.302185833454132e-05,1770722507.9342146,10159,3281,3.302185833454132e-05,0.0003302185833454132,0.0003302185833454132,3405.218381488,,,,,,,,,,,
3.302185833454132e-05,1770722508.094355,10159,3282,3.302185833454132e-05,0.0003302185833454132,0.0003302185833454132,3405.378414811,,,,,,,,,,,
,1770722508.2389288,10159,3283,,,,3405.522899919,118.0,0.025886934250593185,,,,,,,,,
3.299256712198257e-05,1770722511.131811,10169,3284,3.299256712198257e-05,0.00032992567121982577,0.00032992567121982577,3408.416017423,,,,,,,,,,,
3.299256712198257e-05,1770722511.2912483,10169,3285,3.299256712198257e-05,0.00032992567121982577,0.00032992567121982577,3408.575300566,,,,,,,,,,,
,1770722511.435739,10169,3286,,,,3408.719712904,118.0,0.0201062373816967,,,,,,,,,
3.2963261008262634e-05,1770722514.3282096,10179,3287,3.2963261008262634e-05,0.00032963261008262635,0.00032963261008262635,3411.612411273,,,,,,,,,,,
3.2963261008262634e-05,1770722514.4876878,10179,3288,3.2963261008262634e-05,0.00032963261008262635,0.00032963261008262635,3411.771742208,,,,,,,,,,,
,1770722514.632497,10179,3289,,,,3411.916481989,118.0,0.030535371974110603,,,,,,,,,
3.293394595384598e-05,1770722517.5270085,10189,3290,3.293394595384598e-05,0.0003293394595384598,0.0003293394595384598,3414.814077529,,,,,,,,,,,
3.293394595384598e-05,1770722517.6865904,10189,3291,3.293394595384598e-05,0.0003293394595384598,0.0003293394595384598,3414.97306032,,,,,,,,,,,
,1770722517.830671,10189,3292,,,,3415.11472491,118.0,0.033422715961933136,,,,,,,,,
3.290461525321007e-05,1770722520.7235615,10199,3293,3.290461525321007e-05,0.00032904615253210066,0.00032904615253210066,3418.007781381,,,,,,,,,,,
3.290461525321007e-05,1770722520.8835082,10199,3294,3.290461525321007e-05,0.00032904615253210066,0.00032904615253210066,3418.167564286,,,,,,,,,,,
,1770722521.0281878,10199,3295,,,,3418.312176535,118.0,0.021951893344521523,,,,,,,,,
3.287527561187744e-05,1770722523.9202895,10209,3296,3.287527561187744e-05,0.00032875275611877444,0.00032875275611877444,3421.204484935,,,,,,,,,,,
3.287527561187744e-05,1770722524.079696,10209,3297,3.287527561187744e-05,0.00032875275611877444,0.00032875275611877444,3421.363752024,,,,,,,,,,,
,1770722524.223644,10209,3298,,,,3421.507623507,118.0,0.02167712152004242,,,,,,,,,
3.284592106938362e-05,1770722527.115603,10219,3299,3.284592106938362e-05,0.0003284592106938362,0.0003284592106938362,3424.399677201,,,,,,,,,,,
3.284592106938362e-05,1770722527.2751079,10219,3300,3.284592106938362e-05,0.0003284592106938362,0.0003284592106938362,3424.562054352,,,,,,,,,,,
,1770722527.4191778,10219,3301,,,,3424.703228884,118.0,0.013001151382923126,,,,,,,,,
3.281655684113503e-05,1770722530.3120391,10229,3302,3.281655684113503e-05,0.00032816556841135027,0.00032816556841135027,3427.596246105,,,,,,,,,,,
3.281655684113503e-05,1770722530.4714248,10229,3303,3.281655684113503e-05,0.00032816556841135027,0.00032816556841135027,3427.758091055,,,,,,,,,,,
,1770722530.615802,10229,3304,,,,3427.899813742,118.0,0.020238803699612617,,,,,,,,,
,1770722533.2375212,10233,3305,,,,3430.521780402,118.0,,5.14013147354126,0.08340445160865784,5.140130519866943,0.9172914624214172,,,,,
,1770722533.239245,10233,3306,,,,3430.523177276,118.0,,,,,,0.027515314519405365,3.327338457107544,,,
3.2787181437015534e-05,1770722534.852845,10239,3307,3.2787181437015534e-05,0.00032787181437015533,0.00032787181437015533,3432.137021106,,,,,,,,,,,
3.2787181437015534e-05,1770722535.0122929,10239,3308,3.2787181437015534e-05,0.00032787181437015533,0.00032787181437015533,3432.296333201,,,,,,,,,,,
,1770722535.1563184,10239,3309,,,,3432.440291314,119.0,0.033354777842760086,,,,,,,,,
3.275779113173485e-05,1770722538.04782,10249,3310,3.275779113173485e-05,0.00032757791131734847,0.00032757791131734847,3435.331898173,,,,,,,,,,,
3.275779113173485e-05,1770722538.207648,10249,3311,3.275779113173485e-05,0.00032757791131734847,0.00032757791131734847,3435.494052368,,,,,,,,,,,
,1770722538.3518562,10249,3312,,,,3435.635894975,119.0,0.03115696832537651,,,,,,,,,
3.272839188575745e-05,1770722541.2456567,10259,3313,3.272839188575745e-05,0.0003272839188575745,0.0003272839188575745,3438.529855836,,,,,,,,,,,
3.272839188575745e-05,1770722541.4055831,10259,3314,3.272839188575745e-05,0.0003272839188575745,0.0003272839188575745,3438.689636646,,,,,,,,,,,
,1770722541.5496745,10259,3315,,,,3438.833653568,119.0,0.0359356552362442,,,,,,,,,
3.269897773861885e-05,1770722544.4435349,10269,3316,3.269897773861885e-05,0.00032698977738618854,0.00032698977738618854,3441.730090403,,,,,,,,,,,
3.269897773861885e-05,1770722544.6026747,10269,3317,3.269897773861885e-05,0.00032698977738618854,0.00032698977738618854,3441.887200902,,,,,,,,,,,
,1770722544.7471364,10269,3318,,,,3442.031105024,119.0,0.023087672889232635,,,,,,,,,
3.266955465078354e-05,1770722547.6393166,10279,3319,3.266955465078354e-05,0.0003266955465078354,0.0003266955465078354,3444.923490985,,,,,,,,,,,
3.266955465078354e-05,1770722547.799178,10279,3320,3.266955465078354e-05,0.0003266955465078354,0.0003266955465078354,3445.083236713,,,,,,,,,,,
,1770722547.9433718,10279,3321,,,,3445.227342507,119.0,0.036325760185718536,,,,,,,,,
3.2640116661787035e-05,1770722550.836336,10289,3322,3.2640116661787035e-05,0.00032640116661787036,0.00032640116661787036,3448.120536873,,,,,,,,,,,
3.2640116661787035e-05,1770722550.9958694,10289,3323,3.2640116661787035e-05,0.00032640116661787036,0.00032640116661787036,3448.279926925,,,,,,,,,,,
,1770722551.1402745,10289,3324,,,,3448.424257908,119.0,0.022461451590061188,,,,,,,,,
3.2610670477151874e-05,1770722554.0323257,10299,3325,3.2610670477151874e-05,0.0003261067047715187,0.0003261067047715187,3451.316564023,,,,,,,,,,,
3.2610670477151874e-05,1770722554.1922069,10299,3326,3.2610670477151874e-05,0.0003261067047715187,0.0003261067047715187,3451.476267777,,,,,,,,,,,
,1770722554.3366997,10299,3327,,,,3451.620675386,119.0,0.056109268218278885,,,,,,,,,
3.2581212371587755e-05,1770722557.252123,10309,3328,3.2581212371587755e-05,0.0003258121237158775,0.0003258121237158775,3454.536301225,,,,,,,,,,,
3.2581212371587755e-05,1770722557.4112291,10309,3329,3.2581212371587755e-05,0.0003258121237158775,0.0003258121237158775,3454.69528199,,,,,,,,,,,
,1770722557.555295,10309,3330,,,,3454.839270637,119.0,0.03766538202762604,,,,,,,,,
3.2551739364862446e-05,1770722560.4478052,10319,3331,3.2551739364862446e-05,0.00032551739364862443,0.00032551739364862443,3457.732004469,,,,,,,,,,,
3.2551739364862446e-05,1770722560.5971615,10319,3332,3.2551739364862446e-05,0.00032551739364862443,0.00032551739364862443,3457.881169081,,,,,,,,,,,
,1770722560.654181,10319,3333,,,,3457.938122199,119.0,0.009391352534294128,,,,,,,,,
,1770722562.0959532,10319,3334,,,,3459.380161256,119.0,,5.1416192054748535,0.082240529358387,5.14162015914917,0.9184551239013672,,,,,
,1770722562.0976038,10319,3335,,,,3459.381510027,119.0,,,,,,0.02616960182785988,3.265712261199951,,,
3.252225816249848e-05,1770722564.98932,10329,3336,3.252225816249848e-05,0.00032522258162498473,0.00032522258162498473,3462.273501305,,,,,,,,,,,
3.252225816249848e-05,1770722565.1482923,10329,3337,3.252225816249848e-05,0.00032522258162498473,0.00032522258162498473,3462.43234266,,,,,,,,,,,
,1770722565.292635,10329,3338,,,,3462.57660568,120.0,0.009527290239930153,,,,,,,,,
3.249276280403137e-05,1770722568.1869938,10339,3339,3.249276280403137e-05,0.00032492762804031374,0.00032492762804031374,3465.471180255,,,,,,,,,,,
3.249276280403137e-05,1770722568.346598,10339,3340,3.249276280403137e-05,0.00032492762804031374,0.00032492762804031374,3465.630657568,,,,,,,,,,,
,1770722568.4912817,10339,3341,,,,3465.775256203,120.0,0.0378493033349514,,,,,,,,,
3.2463258504867554e-05,1770722571.385439,10349,3342,3.2463258504867554e-05,0.00032463258504867557,0.00032463258504867557,3468.669643873,,,,,,,,,,,
3.2463258504867554e-05,1770722571.5453362,10349,3343,3.2463258504867554e-05,0.00032463258504867557,0.00032463258504867557,3468.829386124,,,,,,,,,,,
,1770722571.6894498,10349,3344,,,,3468.973423184,120.0,0.02332943305373192,,,,,,,,,
3.2433743029832844e-05,1770722574.5799854,10359,3345,3.2433743029832844e-05,0.0003243374302983284,0.0003243374302983284,3471.86713977,,,,,,,,,,,
3.2433743029832844e-05,1770722574.7394567,10359,3346,3.2433743029832844e-05,0.0003243374302983284,0.0003243374302983284,3472.026049437,,,,,,,,,,,
,1770722574.8834121,10359,3347,,,,3472.167459571,120.0,0.02750985696911812,,,,,,,,,
3.240421265363693e-05,1770722577.7752705,10369,3348,3.240421265363693e-05,0.00032404212653636935,0.00032404212653636935,3475.059420019,,,,,,,,,,,
3.240421265363693e-05,1770722577.935065,10369,3349,3.240421265363693e-05,0.00032404212653636935,0.00032404212653636935,3475.222088556,,,,,,,,,,,
,1770722578.0789704,10369,3350,,,,3475.36298095,120.0,0.03205975145101547,,,,,,,,,
3.2374674826860426e-05,1770722580.9699852,10379,3351,3.2374674826860426e-05,0.0003237467482686043,0.0003237467482686043,3478.254177234,,,,,,,,,,,
3.2374674826860426e-05,1770722581.1293983,10379,3352,3.2374674826860426e-05,0.0003237467482686043,0.0003237467482686043,3478.413454334,,,,,,,,,,,
,1770722581.2736895,10379,3353,,,,3478.557664524,120.0,0.01502939872443676,,,,,,,,,
3.234512209892273e-05,1770722584.277092,10389,3354,3.234512209892273e-05,0.0003234512209892273,0.0003234512209892273,3481.564074607,,,,,,,,,,,
3.234512209892273e-05,1770722584.4365385,10389,3355,3.234512209892273e-05,0.0003234512209892273,0.0003234512209892273,3481.723054369,,,,,,,,,,,
,1770722584.580819,10389,3356,,,,3481.86486815,120.0,0.018723448738455772,,,,,,,,,
3.231556117534638e-05,1770722587.4703283,10399,3357,3.231556117534638e-05,0.00032315561175346374,0.00032315561175346374,3484.757078444,,,,,,,,,,,
3.231556117534638e-05,1770722587.6297765,10399,3358,3.231556117534638e-05,0.00032315561175346374,0.00032315561175346374,3484.91605454,,,,,,,,,,,
,1770722587.7743099,10399,3359,,,,3485.058346341,120.0,0.02451389469206333,,,,,,,,,
,1770722591.0318215,10405,3360,,,,3488.31609895,120.0,,5.240432262420654,0.08563247323036194,5.240431785583496,0.9150863885879517,,,,,
,1770722591.0335617,10405,3361,,,,3488.317472218,120.0,,,,,,0.02551327645778656,3.215390920639038,,,
3.2285986095666887e-05,1770722592.007176,10409,3362,3.2285986095666887e-05,0.00032285986095666885,0.00032285986095666885,3489.291333319,,,,,,,,,,,
3.2285986095666887e-05,1770722592.1666427,10409,3363,3.2285986095666887e-05,0.00032285986095666885,0.00032285986095666885,3489.450666342,,,,,,,,,,,
,1770722592.3106973,10409,3364,,,,3489.594662629,121.0,0.015507984906435013,,,,,,,,,
3.2256402820348743e-05,1770722595.1992922,10419,3365,3.2256402820348743e-05,0.0003225640282034874,0.0003225640282034874,3492.483466585,,,,,,,,,,,
3.2256402820348743e-05,1770722595.3586268,10419,3366,3.2256402820348743e-05,0.0003225640282034874,0.0003225640282034874,3492.642668731,,,,,,,,,,,
,1770722595.5031626,10419,3367,,,,3492.78713095,121.0,0.024461790919303894,,,,,,,,,
3.22268083691597e-05,1770722598.3893504,10429,3368,3.22268083691597e-05,0.000322268083691597,0.000322268083691597,3495.676083696,,,,,,,,,,,
3.22268083691597e-05,1770722598.5482733,10429,3369,3.22268083691597e-05,0.000322268083691597,0.000322268083691597,3495.83505874,,,,,,,,,,,
,1770722598.6923463,10429,3370,,,,3495.976376083,121.0,0.02021961659193039,,,,,,,,,
3.219720050692559e-05,1770722601.5828009,10439,3371,3.219720050692559e-05,0.00032197200506925585,0.00032197200506925585,3498.866999622,,,,,,,,,,,
3.219720050692559e-05,1770722601.741924,10439,3372,3.219720050692559e-05,0.00032197200506925585,0.00032197200506925585,3499.025970319,,,,,,,,,,,
,1770722601.8861697,10439,3373,,,,3499.170154669,121.0,0.035014066845178604,,,,,,,,,
3.216758370399475e-05,1770722604.7751002,10449,3374,3.216758370399475e-05,0.0003216758370399475,0.0003216758370399475,3502.062148238,,,,,,,,,,,
3.216758370399475e-05,1770722604.9339564,10449,3375,3.216758370399475e-05,0.0003216758370399475,0.0003216758370399475,3502.221088029,,,,,,,,,,,
,1770722605.0780144,10449,3376,,,,3502.362020852,121.0,0.03647428750991821,,,,,,,,,
3.213795349001885e-05,1770722607.9647563,10459,3377,3.213795349001885e-05,0.00032137953490018843,0.00032137953490018843,3505.248937842,,,,,,,,,,,
3.213795349001885e-05,1770722608.1245053,10459,3378,3.213795349001885e-05,0.00032137953490018843,0.00032137953490018843,3505.408544226,,,,,,,,,,,
,1770722608.2686422,10459,3379,,,,3505.552603027,121.0,0.03666266053915024,,,,,,,,,
3.2108315825462345e-05,1770722611.1561692,10469,3380,3.2108315825462345e-05,0.00032108315825462344,0.00032108315825462344,3508.440389924,,,,,,,,,,,
3.2108315825462345e-05,1770722611.315766,10469,3381,3.2108315825462345e-05,0.00032108315825462344,0.00032108315825462344,3508.59981223,,,,,,,,,,,
,1770722611.460236,10469,3382,,,,3508.744204904,121.0,0.03311125934123993,,,,,,,,,
3.2078663259744646e-05,1770722614.3501632,10479,3383,3.2078663259744646e-05,0.0003207866325974465,0.0003207866325974465,3511.634368336,,,,,,,,,,,
3.2078663259744646e-05,1770722614.5095193,10479,3384,3.2078663259744646e-05,0.0003207866325974465,0.0003207866325974465,3511.793568538,,,,,,,,,,,
,1770722614.6535892,10479,3385,,,,3511.937561739,121.0,0.01940406672656536,,,,,,,,,
3.204900324344635e-05,1770722617.5441222,10489,3386,3.204900324344635e-05,0.0003204900324344635,0.0003204900324344635,3514.828315898,,,,,,,,,,,
3.204900324344635e-05,1770722617.7040143,10489,3387,3.204900324344635e-05,0.0003204900324344635,0.0003204900324344635,3514.991100698,,,,,,,,,,,
,1770722617.8482563,10489,3388,,,,3515.132219501,121.0,0.027192607522010803,,,,,,,,,
,1770722619.8296852,10491,3389,,,,3517.113913841,121.0,,5.453825950622559,0.09489589184522629,5.453824996948242,0.905904233455658,,,,,
,1770722619.831363,10491,3390,,,,3517.115292727,121.0,,,,,,0.02787308767437935,3.357093334197998,,,
3.201933279633522e-05,1770722622.083584,10499,3391,3.201933279633522e-05,0.0003201933279633522,0.0003201933279633522,3519.36776895,,,,,,,,,,,
3.201933279633522e-05,1770722622.2431219,10499,3392,3.201933279633522e-05,0.0003201933279633522,0.0003201933279633522,3519.527171876,,,,,,,,,,,
,1770722622.387841,10499,3393,,,,3519.671811521,122.0,0.023409396409988403,,,,,,,,,
3.198964819312096e-05,1770722625.2748117,10509,3394,3.198964819312096e-05,0.0003198964819312096,0.0003198964819312096,3522.558977137,,,,,,,,,,,
3.198964819312096e-05,1770722625.433946,10509,3395,3.198964819312096e-05,0.0003198964819312096,0.0003198964819312096,3522.717981664,,,,,,,,,,,
,1770722625.57867,10509,3396,,,,3522.862645544,122.0,0.030280563980340958,,,,,,,,,
3.19599561393261e-05,1770722628.4677598,10519,3397,3.19599561393261e-05,0.000319599561393261,0.000319599561393261,3525.754077302,,,,,,,,,,,
3.19599561393261e-05,1770722628.6269913,10519,3398,3.19599561393261e-05,0.000319599561393261,0.000319599561393261,3525.914063466,,,,,,,,,,,
,1770722628.7708578,10519,3399,,,,3526.054927405,122.0,0.03720375522971153,,,,,,,,,
3.193025067448616e-05,1770722631.6614838,10529,3400,3.193025067448616e-05,0.0003193025067448616,0.0003193025067448616,3528.945687477,,,,,,,,,,,
3.193025067448616e-05,1770722631.821024,10529,3401,3.193025067448616e-05,0.0003193025067448616,0.0003193025067448616,3529.108121878,,,,,,,,,,,
,1770722631.9648175,10529,3402,,,,3529.248867809,122.0,0.01624722220003605,,,,,,,,,
3.190053701400757e-05,1770722634.8535442,10539,3403,3.190053701400757e-05,0.0003190053701400757,0.0003190053701400757,3532.14012775,,,,,,,,,,,
3.190053701400757e-05,1770722635.0126567,10539,3404,3.190053701400757e-05,0.0003190053701400757,0.0003190053701400757,3532.299055621,,,,,,,,,,,
,1770722635.1571176,10539,3405,,,,3532.441181199,122.0,0.0261993445456028,,,,,,,,,
3.187081292271614e-05,1770722638.0471127,10549,3406,3.187081292271614e-05,0.00031870812922716143,0.00031870812922716143,3535.334110301,,,,,,,,,,,
3.187081292271614e-05,1770722638.2062397,10549,3407,3.187081292271614e-05,0.00031870812922716143,0.00031870812922716143,3535.493056208,,,,,,,,,,,
,1770722638.3504102,10549,3408,,,,3535.634471847,122.0,0.015124818310141563,,,,,,,,,
3.18410761654377e-05,1770722641.6043031,10559,3409,3.18410761654377e-05,0.000318410761654377,0.000318410761654377,3538.891360333,,,,,,,,,,,
3.18410761654377e-05,1770722641.767009,10559,3410,3.18410761654377e-05,0.000318410761654377,0.000318410761654377,3539.051052094,,,,,,,,,,,
,1770722641.9115639,10559,3411,,,,3539.195683074,122.0,0.024446651339530945,,,,,,,,,
3.18113312125206e-05,1770722644.8161333,10569,3412,3.18113312125206e-05,0.000318113312125206,0.000318113312125206,3542.103135059,,,,,,,,,,,
3.18113312125206e-05,1770722644.9757655,10569,3413,3.18113312125206e-05,0.000318113312125206,0.000318113312125206,3542.262059594,,,,,,,,,,,
,1770722645.1197865,10569,3414,,,,3542.403839771,122.0,0.03647498041391373,,,,,,,,,
,1770722649.0282698,10577,3415,,,,3546.312598573,122.0,,5.14314603805542,0.0834384560585022,5.14314603805542,0.9172607660293579,,,,,
,1770722649.029933,10577,3416,,,,3546.313850718,122.0,,,,,,0.027336079627275467,3.340419292449951,,,
3.178157284855843e-05,1770722649.367945,10579,3417,3.178157284855843e-05,0.00031781572848558424,0.00031781572848558424,3546.655183082,,,,,,,,,,,
3.178157284855843e-05,1770722649.5310662,10579,3418,3.178157284855843e-05,0.00031781572848558424,0.00031781572848558424,3546.815068603,,,,,,,,,,,
,1770722649.6753325,10579,3419,,,,3546.959335135,123.0,0.028038952499628067,,,,,,,,,
3.175180703401566e-05,1770722652.5771708,10589,3420,3.175180703401566e-05,0.0003175180703401566,0.0003175180703401566,3549.864126003,,,,,,,,,,,
3.175180703401566e-05,1770722652.7368233,10589,3421,3.175180703401566e-05,0.0003175180703401566,0.0003175180703401566,3550.024068661,,,,,,,,,,,
,1770722652.881273,10589,3422,,,,3550.165335495,123.0,0.03228086978197098,,,,,,,,,
3.1722027808427814e-05,1770722655.7875154,10599,3423,3.1722027808427814e-05,0.0003172202780842781,0.0003172202780842781,3553.074127876,,,,,,,,,,,
3.1722027808427814e-05,1770722655.9508529,10599,3424,3.1722027808427814e-05,0.0003172202780842781,0.0003172202780842781,3553.236618391,,,,,,,,,,,
,1770722656.0953054,10599,3425,,,,3553.379376991,123.0,0.024899829179048538,,,,,,,,,
3.169224187731743e-05,1770722658.994406,10609,3426,3.169224187731743e-05,0.0003169224187731743,0.0003169224187731743,3556.278609913,,,,,,,,,,,
3.169224187731743e-05,1770722659.1539807,10609,3427,3.169224187731743e-05,0.0003169224187731743,0.0003169224187731743,3556.441138485,,,,,,,,,,,
,1770722659.2982576,10609,3428,,,,3556.582284917,123.0,0.03205940127372742,,,,,,,,,
3.166244477033615e-05,1770722662.197545,10619,3429,3.166244477033615e-05,0.0003166244477033615,0.0003166244477033615,3559.484391563,,,,,,,,,,,
3.166244477033615e-05,1770722662.36019,10619,3430,3.166244477033615e-05,0.0003166244477033615,0.0003166244477033615,3559.644193839,,,,,,,,,,,
,1770722662.5047321,10619,3431,,,,3559.788714883,123.0,0.030635157600045204,,,,,,,,,
3.163263499736786e-05,1770722665.4029691,10629,3432,3.163263499736786e-05,0.0003163263499736786,0.0003163263499736786,3562.69040581,,,,,,,,,,,
3.163263499736786e-05,1770722665.5661485,10629,3433,3.163263499736786e-05,0.0003163263499736786,0.0003163263499736786,3562.850153553,,,,,,,,,,,
,1770722665.710588,10629,3434,,,,3562.994594727,123.0,0.014769733883440495,,,,,,,,,
3.160281851887703e-05,1770722668.611969,10639,3435,3.160281851887703e-05,0.0003160281851887703,0.0003160281851887703,3565.899368092,,,,,,,,,,,
3.160281851887703e-05,1770722668.7750223,10639,3436,3.160281851887703e-05,0.0003160281851887703,0.0003160281851887703,3566.062059338,,,,,,,,,,,
,1770722668.919494,10639,3437,,,,3566.203497218,123.0,0.015795910730957985,,,,,,,,,
3.157298862934113e-05,1770722671.8171415,10649,3438,3.157298862934113e-05,0.0003157298862934113,0.0003157298862934113,3569.104357498,,,,,,,,,,,
3.157298862934113e-05,1770722671.9798362,10649,3439,3.157298862934113e-05,0.0003157298862934113,0.0003157298862934113,3569.263858359,,,,,,,,,,,
,1770722672.1242812,10649,3440,,,,3569.408293233,123.0,0.017536558210849762,,,,,,,,,
3.1543151289224623e-05,1770722675.0243566,10659,3441,3.1543151289224623e-05,0.0003154315128922463,0.0003154315128922463,3572.31141265,,,,,,,,,,,
3.1543151289224623e-05,1770722675.186737,10659,3442,3.1543151289224623e-05,0.0003154315128922463,0.0003154315128922463,3572.470839109,,,,,,,,,,,
,1770722675.331368,10659,3443,,,,3572.61539825,123.0,0.0181378535926342,,,,,,,,,
,1770722677.960688,10663,3444,,,,3575.244983291,123.0,,5.397071361541748,0.08999795466661453,5.397071838378906,0.9107381701469421,,,,,
,1770722677.9621935,10663,3445,,,,3575.246106763,123.0,,,,,,0.02575015090405941,3.247131824493408,,,
3.151330426335335e-05,1770722679.6618135,10669,3446,3.151330426335335e-05,0.00031513304263353347,0.00031513304263353347,3576.948387863,,,,,,,,,,,
3.151330426335335e-05,1770722679.8237472,10669,3447,3.151330426335335e-05,0.00031513304263353347,0.00031513304263353347,3577.107760531,,,,,,,,,,,
,1770722679.9682665,10669,3448,,,,3577.252280562,124.0,0.05685001611709595,,,,,,,,,
3.148344457149506e-05,1770722682.8643556,10679,3449,3.148344457149506e-05,0.00031483444571495057,0.00031483444571495057,3580.151355842,,,,,,,,,,,
3.148344457149506e-05,1770722683.0267692,10679,3450,3.148344457149506e-05,0.00031483444571495057,0.00031483444571495057,3580.310774148,,,,,,,,,,,
,1770722683.1712298,10679,3451,,,,3580.455223203,124.0,0.022697115316987038,,,,,,,,,
3.145357742905617e-05,1770722686.0747633,10689,3452,3.145357742905617e-05,0.0003145357742905617,0.0003145357742905617,3583.36122565,,,,,,,,,,,
3.145357742905617e-05,1770722686.2371123,10689,3453,3.145357742905617e-05,0.0003145357742905617,0.0003145357742905617,3583.524078388,,,,,,,,,,,
,1770722686.3813274,10689,3454,,,,3583.665344559,124.0,0.02985670417547226,,,,,,,,,
3.1423697620630263e-05,1770722689.2834792,10699,3455,3.1423697620630263e-05,0.00031423697620630266,0.00031423697620630266,3586.570209971,,,,,,,,,,,
3.1423697620630263e-05,1770722689.4466794,10699,3456,3.1423697620630263e-05,0.00031423697620630266,0.00031423697620630266,3586.733065083,,,,,,,,,,,
,1770722689.5911455,10699,3457,,,,3586.875155134,124.0,0.02484987862408161,,,,,,,,,
3.139381110668182e-05,1770722692.4884264,10709,3458,3.139381110668182e-05,0.0003139381110668182,0.0003139381110668182,3589.772622432,,,,,,,,,,,
3.139381110668182e-05,1770722692.6481595,10709,3459,3.139381110668182e-05,0.0003139381110668182,0.0003139381110668182,3589.932237684,,,,,,,,,,,
,1770722692.7927997,10709,3460,,,,3590.076790995,124.0,0.031426362693309784,,,,,,,,,
3.136391118168831e-05,1770722695.6969445,10719,3461,3.136391118168831e-05,0.0003136391118168831,0.0003136391118168831,3592.9811384,,,,,,,,,,,
3.136391118168831e-05,1770722695.8568733,10719,3462,3.136391118168831e-05,0.0003136391118168831,0.0003136391118168831,3593.144146341,,,,,,,,,,,
,1770722696.0044403,10719,3463,,,,3593.288433451,124.0,0.029744952917099,,,,,,,,,
3.133400529623032e-05,1770722698.89996,10729,3464,3.133400529623032e-05,0.00031334005296230317,0.00031334005296230317,3596.187212387,,,,,,,,,,,
3.133400529623032e-05,1770722699.0627553,10729,3465,3.133400529623032e-05,0.00031334005296230317,0.00031334005296230317,3596.346760078,,,,,,,,,,,
,1770722699.2067695,10729,3466,,,,3596.490773355,124.0,0.026877522468566895,,,,,,,,,
3.130408972501755e-05,1770722702.1075394,10739,3467,3.130408972501755e-05,0.00031304089725017547,0.00031304089725017547,3599.394218454,,,,,,,,,,,
3.130408972501755e-05,1770722702.269625,10739,3468,3.130408972501755e-05,0.00031304089725017547,0.00031304089725017547,3599.556052958,,,,,,,,,,,
,1770722702.4142253,10739,3469,,,,3599.698196079,124.0,0.03280436620116234,,,,,,,,,
3.1274160742759705e-05,1770722705.310577,10749,3470,3.1274160742759705e-05,0.00031274160742759705,0.00031274160742759705,3602.597203152,,,,,,,,,,,
3.1274160742759705e-05,1770722705.462195,10749,3471,3.1274160742759705e-05,0.00031274160742759705,0.00031274160742759705,3602.746228737,,,,,,,,,,,
,1770722705.5190282,10749,3472,,,,3602.803137024,124.0,0.038873814046382904,,,,,,,,,
,1770722706.9633126,10749,3473,,,,3604.247430328,124.0,,5.15123987197876,0.08073108643293381,5.15123987197876,0.9199592471122742,,,,,
,1770722706.9647856,10749,3474,,,,3604.248735764,124.0,,,,,,0.026498844847083092,3.276559829711914,,,
3.124422580003739e-05,1770722709.8626113,10759,3475,3.124422580003739e-05,0.00031244225800037385,0.00031244225800037385,3607.149206466,,,,,,,,,,,
3.124422580003739e-05,1770722710.0245335,10759,3476,3.124422580003739e-05,0.00031244225800037385,0.00031244225800037385,3607.308528997,,,,,,,,,,,
,1770722710.1690354,10759,3477,,,,3607.453090499,125.0,0.03247580677270889,,,,,,,,,
3.121427819132805e-05,1770722713.0726368,10769,3478,3.121427819132805e-05,0.0003121427819132805,0.0003121427819132805,3610.359206158,,,,,,,,,,,
3.121427819132805e-05,1770722713.2350466,10769,3479,3.121427819132805e-05,0.0003121427819132805,0.0003121427819132805,3610.519040159,,,,,,,,,,,
,1770722713.379115,10769,3480,,,,3610.663191683,125.0,0.022240106016397476,,,,,,,,,
3.118432424962521e-05,1770722716.277244,10779,3481,3.118432424962521e-05,0.00031184324249625204,0.00031184324249625204,3613.564149182,,,,,,,,,,,
3.118432424962521e-05,1770722716.439546,10779,3482,3.118432424962521e-05,0.00031184324249625204,0.00031184324249625204,3613.726054021,,,,,,,,,,,
,1770722716.583915,10779,3483,,,,3613.867897289,125.0,0.01798398420214653,,,,,,,,,
3.115435764193535e-05,1770722719.5052311,10789,3484,3.115435764193535e-05,0.0003115435764193535,0.0003115435764193535,3616.792193009,,,,,,,,,,,
3.115435764193535e-05,1770722719.6675358,10789,3485,3.115435764193535e-05,0.0003115435764193535,0.0003115435764193535,3616.951565654,,,,,,,,,,,
,1770722719.8118143,10789,3486,,,,3617.095832663,125.0,0.015504397451877594,,,,,,,,,
3.1124384328722956e-05,1770722722.7742457,10799,3487,3.1124384328722956e-05,0.00031124384328722954,0.00031124384328722954,3620.061195441,,,,,,,,,,,
3.1124384328722956e-05,1770722722.9367714,10799,3488,3.1124384328722956e-05,0.00031124384328722954,0.00031124384328722954,3620.223052397,,,,,,,,,,,
,1770722723.0809557,10799,3489,,,,3620.36509817,125.0,0.04279104620218277,,,,,,,,,
3.109440207481384e-05,1770722726.0975053,10809,3490,3.109440207481384e-05,0.00031094402074813846,0.00031094402074813846,3623.385074386,,,,,,,,,,,
3.109440207481384e-05,1770722726.2604213,10809,3491,3.109440207481384e-05,0.00031094402074813846,0.00031094402074813846,3623.547057502,,,,,,,,,,,
,1770722726.4048958,10809,3492,,,,3623.688868351,125.0,0.02738535962998867,,,,,,,,,
3.106440752744675e-05,1770722729.3139465,10819,3493,3.106440752744675e-05,0.0003106440752744675,0.0003106440752744675,3626.598137312,,,,,,,,,,,
3.106440752744675e-05,1770722729.4739168,10819,3494,3.106440752744675e-05,0.0003106440752744675,0.0003106440752744675,3626.761232242,,,,,,,,,,,
,1770722729.6219993,10819,3495,,,,3626.906053234,125.0,0.02871553972363472,,,,,,,,,
3.1034406274557116e-05,1770722732.526357,10829,3496,3.1034406274557116e-05,0.00031034406274557116,0.00031034406274557116,3629.81313689,,,,,,,,,,,
3.1034406274557116e-05,1770722732.6861813,10829,3497,3.1034406274557116e-05,0.00031034406274557116,0.00031034406274557116,3629.973070851,,,,,,,,,,,
,1770722732.8309808,10829,3498,,,,3630.115107019,125.0,0.034170471131801605,,,,,,,,,
,1770722736.1257854,10835,3499,,,,3633.409909086,125.0,,5.091982364654541,0.07947047799825668,5.091981887817383,0.9211925268173218,,,,,
,1770722737.6337714,10835,3500,,,,3634.917958432,125.0,,,,,,0.025924406945705414,3.22826886177063,,,
3.100439310073853e-05,1770722738.6203098,10839,3501,3.100439310073853e-05,0.00031004393100738525,0.00031004393100738525,3635.907170126,,,,,,,,,,,
3.100439310073853e-05,1770722738.78313,10839,3502,3.100439310073853e-05,0.00031004393100738525,0.00031004393100738525,3636.067131627,,,,,,,,,,,
,1770722738.9280322,10839,3503,,,,3636.211990366,126.0,0.023022904992103577,,,,,,,,,
3.097437359392643e-05,1770722741.8301163,10849,3504,3.097437359392643e-05,0.0003097437359392643,0.0003097437359392643,3639.117190526,,,,,,,,,,,
3.097437359392643e-05,1770722741.993001,10849,3505,3.097437359392643e-05,0.0003097437359392643,0.0003097437359392643,3639.280055759,,,,,,,,,,,
,1770722742.1379895,10849,3506,,,,3639.422189494,126.0,0.029913898557424545,,,,,,,,,
3.094434514641762e-05,1770722745.0353253,10859,3507,3.094434514641762e-05,0.00030944345146417617,0.00030944345146417617,3642.319523766,,,,,,,,,,,
3.094434514641762e-05,1770722745.194627,10859,3508,3.094434514641762e-05,0.00030944345146417617,0.00030944345146417617,3642.478682618,,,,,,,,,,,
,1770722745.3397474,10859,3509,,,,3642.623797692,126.0,0.029189366847276688,,,,,,,,,
3.091430440545082e-05,1770722748.2481682,10869,3510,3.091430440545082e-05,0.0003091430440545082,0.0003091430440545082,3645.532350144,,,,,,,,,,,
3.091430440545082e-05,1770722748.407496,10869,3511,3.091430440545082e-05,0.0003091430440545082,0.0003091430440545082,3645.691546953,,,,,,,,,,,
,1770722748.552702,10869,3512,,,,3645.836800916,126.0,0.029309622943401337,,,,,,,,,
3.0884257704019546e-05,1770722751.4520311,10879,3513,3.0884257704019546e-05,0.00030884257704019545,0.00030884257704019545,3648.7391548,,,,,,,,,,,
3.0884257704019546e-05,1770722751.6146808,10879,3514,3.0884257704019546e-05,0.00030884257704019545,0.00030884257704019545,3648.89867089,,,,,,,,,,,
,1770722751.759643,10879,3515,,,,3649.043664441,126.0,0.03097422979772091,,,,,,,,,
3.085419908165932e-05,1770722754.6628375,10889,3516,3.085419908165932e-05,0.00030854199081659317,0.00030854199081659317,3651.950277546,,,,,,,,,,,
3.085419908165932e-05,1770722754.8255286,10889,3517,3.085419908165932e-05,0.00030854199081659317,0.00030854199081659317,3652.109532962,,,,,,,,,,,
,1770722754.9705,10889,3518,,,,3652.254470308,126.0,0.022676406428217888,,,,,,,,,
3.082413449883461e-05,1770722757.8775437,10899,3519,3.082413449883461e-05,0.0003082413449883461,0.0003082413449883461,3655.16172756,,,,,,,,,,,
3.082413449883461e-05,1770722758.0388365,10899,3520,3.082413449883461e-05,0.0003082413449883461,0.0003082413449883461,3655.322955437,,,,,,,,,,,
,1770722758.1838093,10899,3521,,,,3655.467853714,126.0,0.03185204789042473,,,,,,,,,
3.079405799508095e-05,1770722761.086351,10909,3522,3.079405799508095e-05,0.00030794057995080947,0.00030794057995080947,3658.37054129,,,,,,,,,,,
3.079405799508095e-05,1770722761.246289,10909,3523,3.079405799508095e-05,0.00030794057995080947,0.00030794057995080947,3658.530335649,,,,,,,,,,,
,1770722761.3912768,10909,3524,,,,3658.675332434,126.0,0.022264068946242332,,,,,,,,,
3.076397553086281e-05,1770722764.3498006,10919,3525,3.076397553086281e-05,0.0003076397553086281,0.0003076397553086281,3661.633970791,,,,,,,,,,,
3.076397553086281e-05,1770722764.5094566,10919,3526,3.076397553086281e-05,0.0003076397553086281,0.0003076397553086281,3661.796079244,,,,,,,,,,,
,1770722764.6543205,10919,3527,,,,3661.938378406,126.0,0.019499119371175766,,,,,,,,,
,1770722766.6379833,10921,3528,,,,3663.922150339,126.0,,5.5657172203063965,0.09499455243349075,5.5657172203063965,0.905792772769928,,,,,
,1770722766.6394515,10921,3529,,,,3663.923380962,126.0,,,,,,0.024603594094514847,3.1791000366210938,,,
3.0733884125947955e-05,1770722768.9006999,10929,3530,3.0733884125947955e-05,0.00030733884125947955,0.00030733884125947955,3666.18487975,,,,,,,,,,,
3.0733884125947955e-05,1770722769.0604167,10929,3531,3.0733884125947955e-05,0.00030733884125947955,0.00030733884125947955,3666.344466956,,,,,,,,,,,
,1770722769.2052839,10929,3532,,,,3666.489331471,127.0,0.02591928467154503,,,,,,,,,
3.070378117263317e-05,1770722772.1043124,10939,3533,3.070378117263317e-05,0.00030703781172633173,0.00030703781172633173,3669.388499096,,,,,,,,,,,
3.070378117263317e-05,1770722772.2639017,10939,3534,3.070378117263317e-05,0.00030703781172633173,0.00030703781172633173,3669.547953031,,,,,,,,,,,
,1770722772.40887,10939,3535,,,,3669.692955754,127.0,0.019953042268753052,,,,,,,,,
3.067367263138294e-05,1770722775.30831,10949,3536,3.067367263138294e-05,0.00030673672631382945,0.00030673672631382945,3672.59249793,,,,,,,,,,,
3.067367263138294e-05,1770722775.468271,10949,3537,3.067367263138294e-05,0.00030673672631382945,0.00030673672631382945,3672.752323404,,,,,,,,,,,
,1770722775.6129932,10949,3538,,,,3672.897054228,127.0,0.02936471253633499,,,,,,,,,
3.064355216920376e-05,1770722778.5198724,10959,3539,3.064355216920376e-05,0.0003064355216920376,0.0003064355216920376,3675.804058497,,,,,,,,,,,
3.064355216920376e-05,1770722778.6799324,10959,3540,3.064355216920376e-05,0.0003064355216920376,0.0003064355216920376,3675.967103899,,,,,,,,,,,
,1770722778.8247657,10959,3541,,,,3676.10881137,127.0,0.021231144666671753,,,,,,,,,
3.061342611908913e-05,1770722781.7257757,10969,3542,3.061342611908913e-05,0.0003061342611908913,0.0003061342611908913,3679.012173922,,,,,,,,,,,
3.061342611908913e-05,1770722781.887513,10969,3543,3.061342611908913e-05,0.0003061342611908913,0.0003061342611908913,3679.171509318,,,,,,,,,,,
,1770722782.032345,10969,3544,,,,3679.316355525,127.0,0.025719378143548965,,,,,,,,,
3.0583288520574574e-05,1770722784.9594848,10979,3545,3.0583288520574574e-05,0.0003058328852057457,0.0003058328852057457,3682.247074427,,,,,,,,,,,
3.0583288520574574e-05,1770722785.1216898,10979,3546,3.0583288520574574e-05,0.0003058328852057457,0.0003058328852057457,3682.405661456,,,,,,,,,,,
,1770722785.2659996,10979,3547,,,,3682.549968411,127.0,0.02136959508061409,,,,,,,,,
3.055314533412457e-05,1770722788.1655107,10989,3548,3.055314533412457e-05,0.0003055314533412457,0.0003055314533412457,3685.452133402,,,,,,,,,,,
3.055314533412457e-05,1770722788.3252292,10989,3549,3.055314533412457e-05,0.0003055314533412457,0.0003055314533412457,3685.609261294,,,,,,,,,,,
,1770722788.469393,10989,3550,,,,3685.753400886,127.0,0.030874138697981834,,,,,,,,,
3.0522993579506874e-05,1770722791.3666048,10999,3551,3.0522993579506874e-05,0.00030522993579506873,0.00030522993579506873,3688.650793218,,,,,,,,,,,
3.0522993579506874e-05,1770722791.526721,10999,3552,3.0522993579506874e-05,0.00030522993579506873,0.00030522993579506873,3688.810769839,,,,,,,,,,,
,1770722791.671281,10999,3553,,,,3688.955394061,127.0,0.016327885910868645,,,,,,,,,
,1770722795.6202788,11007,3554,,,,3692.904543767,127.0,,5.549612045288086,0.09334303438663483,5.549612522125244,0.9074365496635437,,,,,
,1770722795.6217566,11007,3555,,,,3692.905678847,127.0,,,,,,0.026595985516905785,3.282515525817871,,,
3.049283064901829e-05,1770722795.9594305,11009,3556,3.049283064901829e-05,0.0003049283064901829,0.0003049283064901829,3693.243511521,,,,,,,,,,,
3.049283064901829e-05,1770722796.1189911,11009,3557,3.049283064901829e-05,0.0003049283064901829,0.0003049283064901829,3693.403022881,,,,,,,,,,,
,1770722796.2639964,11009,3558,,,,3693.548049029,128.0,0.022458381950855255,,,,,,,,,
3.0462662130594254e-05,1770722799.167516,11019,3559,3.0462662130594254e-05,0.0003046266213059425,0.0003046266213059425,3696.454122254,,,,,,,,,,,
3.0462662130594254e-05,1770722799.327269,11019,3560,3.0462662130594254e-05,0.0003046266213059425,0.0003046266213059425,3696.614074518,,,,,,,,,,,
,1770722799.4721208,11019,3561,,,,3696.756226397,128.0,0.02364256978034973,,,,,,,,,
3.0432482063770296e-05,1770722802.3761945,11029,3562,3.0432482063770296e-05,0.00030432482063770294,0.00030432482063770294,3699.663137601,,,,,,,,,,,
3.0432482063770296e-05,1770722802.5359442,11029,3563,3.0432482063770296e-05,0.00030432482063770294,0.00030432482063770294,3699.823069484,,,,,,,,,,,
,1770722802.680716,11029,3564,,,,3699.964736603,128.0,0.035123907029628754,,,,,,,,,
3.0402296781539917e-05,1770722805.5770414,11039,3565,3.0402296781539917e-05,0.0003040229678153992,0.0003040229678153992,3702.861230497,,,,,,,,,,,
3.0402296781539917e-05,1770722805.7368853,11039,3566,3.0402296781539917e-05,0.0003040229678153992,0.0003040229678153992,3703.024096147,,,,,,,,,,,
,1770722805.881671,11039,3567,,,,3703.165711598,128.0,0.02810988575220108,,,,,,,,,
3.0372103303670885e-05,1770722808.7809687,11049,3568,3.0372103303670885e-05,0.00030372103303670885,0.00030372103303670885,3706.065116793,,,,,,,,,,,
3.0372103303670885e-05,1770722808.9407094,11049,3569,3.0372103303670885e-05,0.00030372103303670885,0.00030372103303670885,3706.227087335,,,,,,,,,,,
,1770722809.0856102,11049,3570,,,,3706.369677464,128.0,0.04305702820420265,,,,,,,,,
3.0341899022459986e-05,1770722811.985108,11059,3571,3.0341899022459986e-05,0.00030341899022459987,0.00030341899022459987,3709.273153695,,,,,,,,,,,
3.0341899022459986e-05,1770722812.1472085,11059,3572,3.0341899022459986e-05,0.00030341899022459987,0.00030341899022459987,3709.431276363,,,,,,,,,,,
,1770722812.2922864,11059,3573,,,,3709.576322089,128.0,0.017069891095161438,,,,,,,,,
3.0311688780784607e-05,1770722815.1894066,11069,3574,3.0311688780784607e-05,0.0003031168878078461,0.0003031168878078461,3712.473586794,,,,,,,,,,,
3.0311688780784607e-05,1770722815.349204,11069,3575,3.0311688780784607e-05,0.0003031168878078461,0.0003031168878078461,3712.636088406,,,,,,,,,,,
,1770722815.4940462,11069,3576,,,,3712.778076457,128.0,0.04756239801645279,,,,,,,,,
3.0281468108296395e-05,1770722818.3953931,11079,3577,3.0281468108296395e-05,0.00030281468108296394,0.00030281468108296394,3715.679561233,,,,,,,,,,,
3.0281468108296395e-05,1770722818.5556786,11079,3578,3.0281468108296395e-05,0.00030281468108296394,0.00030281468108296394,3715.842084848,,,,,,,,,,,
,1770722818.7003317,11079,3579,,,,3715.984387193,128.0,0.02220006473362446,,,,,,,,,
3.0251241847872734e-05,1770722821.6001382,11089,3580,3.0251241847872734e-05,0.00030251241847872737,0.00030251241847872737,3718.884329453,,,,,,,,,,,
3.0251241847872734e-05,1770722821.7599254,11089,3581,3.0251241847872734e-05,0.00030251241847872737,0.00030251241847872737,3719.047085607,,,,,,,,,,,
,1770722821.904273,11089,3582,,,,3719.188313194,128.0,0.02225431054830551,,,,,,,,,
,1770722824.5320613,11093,3583,,,,3721.816332428,128.0,,5.142551898956299,0.08392959833145142,5.142551898956299,0.916779637336731,,,,,
,1770722824.533571,11093,3584,,,,3721.817486997,128.0,,,,,,0.026152556762099266,3.2776870727539062,,,
3.022100478410721e-05,1770722826.1549191,11099,3585,3.022100478410721e-05,0.0003022100478410721,0.0003022100478410721,3723.442095074,,,,,,,,,,,
3.022100478410721e-05,1770722826.314976,11099,3586,3.022100478410721e-05,0.0003022100478410721,0.0003022100478410721,3723.602071112,,,,,,,,,,,
,1770722826.4598897,11099,3587,,,,3723.743955677,129.0,0.021139517426490784,,,,,,,,,
3.0190762877464295e-05,1770722829.377129,11109,3588,3.0190762877464295e-05,0.00030190762877464294,0.00030190762877464294,3726.661308507,,,,,,,,,,,
3.0190762877464295e-05,1770722829.5368817,11109,3589,3.0190762877464295e-05,0.00030190762877464294,0.00030190762877464294,3726.820927367,,,,,,,,,,,
,1770722829.681799,11109,3590,,,,3726.965864488,129.0,0.03237055242061615,,,,,,,,,
3.0160512775182727e-05,1770722832.5830407,11119,3591,3.0160512775182727e-05,0.0003016051277518272,0.0003016051277518272,3729.867228638,,,,,,,,,,,
3.0160512775182727e-05,1770722832.742562,11119,3592,3.0160512775182727e-05,0.0003016051277518272,0.0003016051277518272,3730.026610932,,,,,,,,,,,
,1770722832.8875668,11119,3593,,,,3730.171582135,129.0,0.023645704612135887,,,,,,,,,
3.0130251869559288e-05,1770722835.8735921,11129,3594,3.0130251869559288e-05,0.00030130251869559286,0.00030130251869559286,3733.157630091,,,,,,,,,,,
3.0130251869559288e-05,1770722836.0335567,11129,3595,3.0130251869559288e-05,0.00030130251869559286,0.00030130251869559286,3733.317595192,,,,,,,,,,,
,1770722836.1785243,11129,3596,,,,3733.462561387,129.0,0.019320104271173477,,,,,,,,,
3.0099986121058465e-05,1770722839.0803626,11139,3597,3.0099986121058465e-05,0.00030099986121058465,0.00030099986121058465,3736.36452942,,,,,,,,,,,
3.0099986121058465e-05,1770722839.240279,11139,3598,3.0099986121058465e-05,0.00030099986121058465,0.00030099986121058465,3736.524343123,,,,,,,,,,,
,1770722839.385369,11139,3599,,,,3736.669420215,129.0,0.03707786649465561,,,,,,,,,
3.0069709569215775e-05,1770722842.289599,11149,3600,3.0069709569215775e-05,0.00030069709569215775,0.00030069709569215775,3739.577082078,,,,,,,,,,,
3.0069709569215775e-05,1770722842.4515283,11149,3601,3.0069709569215775e-05,0.00030069709569215775,0.00030069709569215775,3739.73811765,,,,,,,,,,,
,1770722842.5964353,11149,3602,,,,3739.880515928,129.0,0.03526156395673752,,,,,,,,,
3.0039428174495698e-05,1770722845.4985857,11159,3603,3.0039428174495698e-05,0.00030039428174495695,0.00030039428174495695,3742.782773551,,,,,,,,,,,
3.0039428174495698e-05,1770722845.6582403,11159,3604,3.0039428174495698e-05,0.00030039428174495695,0.00030039428174495695,3742.942290436,,,,,,,,,,,
,1770722845.8033402,11159,3605,,,,3743.087379606,129.0,0.026157936081290245,,,,,,,,,
3.0009139329195025e-05,1770722848.7043424,11169,3606,3.0009139329195025e-05,0.0003000913932919502,0.0003000913932919502,3745.988530568,,,,,,,,,,,
3.0009139329195025e-05,1770722848.8639429,11169,3607,3.0009139329195025e-05,0.0003000913932919502,0.0003000913932919502,3746.151108543,,,,,,,,,,,
,1770722849.0083642,11169,3608,,,,3746.292425643,129.0,0.019920796155929565,,,,,,,,,
2.9978839680552486e-05,1770722851.9123907,11179,3609,2.9978839680552486e-05,0.00029978839680552485,0.00029978839680552485,3749.196573975,,,,,,,,,,,
2.9978839680552486e-05,1770722852.061576,11179,3610,2.9978839680552486e-05,0.00029978839680552485,0.00029978839680552485,3749.345641475,,,,,,,,,,,
,1770722852.119629,11179,3611,,,,3749.403637798,129.0,0.02098982036113739,,,,,,,,,
,1770722853.5614896,11179,3612,,,,3750.845658665,129.0,,5.30733060836792,0.08852095156908035,5.30733060836792,0.9122183322906494,,,,,
,1770722853.5629733,11179,3613,,,,3750.846901095,129.0,,,,,,0.024470636621117592,3.177234172821045,,,
2.9948535189032555e-05,1770722856.4610002,11189,3614,2.9948535189032555e-05,0.0002994853518903256,0.0002994853518903256,3753.745141137,,,,,,,,,,,
2.9948535189032555e-05,1770722856.620786,11189,3615,2.9948535189032555e-05,0.0002994853518903256,0.0002994853518903256,3753.907083404,,,,,,,,,,,
,1770722856.7654498,11189,3616,,,,3754.049490114,130.0,0.026267604902386665,,,,,,,,,
2.991822026669979e-05,1770722859.7483132,11199,3617,2.991822026669979e-05,0.0002991822026669979,0.0002991822026669979,3757.032483345,,,,,,,,,,,
2.991822026669979e-05,1770722859.9079478,11199,3618,2.991822026669979e-05,0.0002991822026669979,0.0002991822026669979,3757.192002493,,,,,,,,,,,
,1770722860.052802,11199,3619,,,,3757.336850719,130.0,0.022017933428287506,,,,,,,,,
2.988790087401867e-05,1770722862.950572,11209,3620,2.988790087401867e-05,0.0002988790087401867,0.0002988790087401867,3760.234757042,,,,,,,,,,,
2.988790087401867e-05,1770722863.1105096,11209,3621,2.988790087401867e-05,0.0002988790087401867,0.0002988790087401867,3760.394573207,,,,,,,,,,,
,1770722863.2551289,11209,3622,,,,3760.539110645,130.0,0.019756432622671127,,,,,,,,,
2.9857571050524713e-05,1770722866.1485,11219,3623,2.9857571050524713e-05,0.0002985757105052471,0.0002985757105052471,3763.432621284,,,,,,,,,,,
2.9857571050524713e-05,1770722866.3365657,11219,3624,2.9857571050524713e-05,0.0002985757105052471,0.0002985757105052471,3763.620612706,,,,,,,,,,,
,1770722866.4809976,11219,3625,,,,3763.76497452,130.0,0.028818462044000626,,,,,,,,,
2.98272367566824e-05,1770722869.3772311,11229,3626,2.98272367566824e-05,0.00029827236756682396,0.00029827236756682396,3766.661421918,,,,,,,,,,,
2.98272367566824e-05,1770722869.536696,11229,3627,2.98272367566824e-05,0.00029827236756682396,0.00029827236756682396,3766.82075099,,,,,,,,,,,
,1770722869.6809978,11229,3628,,,,3766.964985982,130.0,0.011949744075536728,,,,,,,,,
2.9796895012259486e-05,1770722872.64381,11239,3629,2.9796895012259486e-05,0.0002979689501225948,0.0002979689501225948,3769.930178596,,,,,,,,,,,
2.9796895012259486e-05,1770722872.804999,11239,3630,2.9796895012259486e-05,0.0002979689501225948,0.0002979689501225948,3770.092057096,,,,,,,,,,,
,1770722872.9491045,11239,3631,,,,3770.233174564,130.0,0.021711841225624084,,,,,,,,,
2.9766543209552768e-05,1770722875.8429635,11249,3632,2.9766543209552768e-05,0.00029766543209552767,0.00029766543209552767,3773.130085854,,,,,,,,,,,
2.9766543209552768e-05,1770722876.03031,11249,3633,2.9766543209552768e-05,0.00029766543209552767,0.00029766543209552767,3773.314320679,,,,,,,,,,,
,1770722876.1749356,11249,3634,,,,3773.458968282,130.0,0.019742481410503387,,,,,,,,,
2.973618693649769e-05,1770722879.138039,11259,3635,2.973618693649769e-05,0.0002973618693649769,0.0002973618693649769,3776.422244503,,,,,,,,,,,
2.973618693649769e-05,1770722879.2981963,11259,3636,2.973618693649769e-05,0.0002973618693649769,0.0002973618693649769,3776.582250894,,,,,,,,,,,
,1770722879.4421642,11259,3637,,,,3776.726142879,130.0,0.021171988919377327,,,,,,,,,
,1770722882.7025309,11265,3638,,,,3779.986773168,130.0,,5.196441173553467,0.08551616221666336,5.196441650390625,0.9152089357376099,,,,,
,1770722882.7041883,11265,3639,,,,3779.988110442,130.0,,,,,,0.02453254535794258,3.153759241104126,,,
2.9705820232629777e-05,1770722883.6797884,11269,3640,2.9705820232629777e-05,0.00029705820232629775,0.00029705820232629775,3780.96395107,,,,,,,,,,,
2.9705820232629777e-05,1770722883.8400593,11269,3641,2.9705820232629777e-05,0.00029705820232629775,0.00029705820232629775,3781.127082376,,,,,,,,,,,
,1770722883.9839003,11269,3642,,,,3781.267914734,131.0,0.01609763503074646,,,,,,,,,
2.9675449430942538e-05,1770722886.876537,11279,3643,2.9675449430942538e-05,0.00029675449430942535,0.00029675449430942535,3784.160703446,,,,,,,,,,,
2.9675449430942538e-05,1770722887.0365555,11279,3644,2.9675449430942538e-05,0.00029675449430942535,0.00029675449430942535,3784.320601493,,,,,,,,,,,
,1770722887.181184,11279,3645,,,,3784.465160322,131.0,0.028428997844457626,,,,,,,,,
2.964506857097149e-05,1770722890.0737274,11289,3646,2.964506857097149e-05,0.0002964506857097149,0.0002964506857097149,3787.357899456,,,,,,,,,,,
2.964506857097149e-05,1770722890.2334259,11289,3647,2.964506857097149e-05,0.0002964506857097149,0.0002964506857097149,3787.517465663,,,,,,,,,,,
,1770722890.3774867,11289,3648,,,,3787.661457438,131.0,0.03715726360678673,,,,,,,,,
2.9614683613181116e-05,1770722893.2696996,11299,3649,2.9614683613181116e-05,0.00029614683613181115,0.00029614683613181115,3790.556121557,,,,,,,,,,,
2.9614683613181116e-05,1770722893.4291143,11299,3650,2.9614683613181116e-05,0.00029614683613181115,0.00029614683613181115,3790.716070521,,,,,,,,,,,
,1770722893.5727985,11299,3651,,,,3790.856865181,131.0,0.032239288091659546,,,,,,,,,
2.9584291577339174e-05,1770722896.4651976,11309,3652,2.9584291577339174e-05,0.00029584291577339173,0.00029584291577339173,3793.749404067,,,,,,,,,,,
2.9584291577339174e-05,1770722896.6244502,11309,3653,2.9584291577339174e-05,0.00029584291577339173,0.00029584291577339173,3793.90850258,,,,,,,,,,,
,1770722896.7689416,11309,3654,,,,3794.052913325,131.0,0.01991867646574974,,,,,,,,,
2.9553889483213426e-05,1770722899.660884,11319,3655,2.9553889483213426e-05,0.00029553889483213426,0.00029553889483213426,3796.945087719,,,,,,,,,,,
2.9553889483213426e-05,1770722899.8209715,11319,3656,2.9553889483213426e-05,0.00029553889483213426,0.00029553889483213426,3797.108087156,,,,,,,,,,,
,1770722899.9649246,11319,3657,,,,3797.248923889,131.0,0.027470070868730545,,,,,,,,,
2.952348329126835e-05,1770722902.8588943,11329,3658,2.952348329126835e-05,0.0002952348329126835,0.0002952348329126835,3800.146074884,,,,,,,,,,,
2.952348329126835e-05,1770722903.0181136,11329,3659,2.952348329126835e-05,0.0002952348329126835,0.0002952348329126835,3800.305053866,,,,,,,,,,,
,1770722903.1625254,11329,3660,,,,3800.446573928,131.0,0.015537969768047333,,,,,,,,,
2.94930674135685e-05,1770722906.0557675,11339,3661,2.94930674135685e-05,0.000294930674135685,0.000294930674135685,3803.339966801,,,,,,,,,,,
2.94930674135685e-05,1770722906.2152145,11339,3662,2.94930674135685e-05,0.000294930674135685,0.000294930674135685,3803.499268088,,,,,,,,,,,
,1770722906.3596141,11339,3663,,,,3803.643587666,131.0,0.031413208693265915,,,,,,,,,
2.946264743804932e-05,1770722909.251522,11349,3664,2.946264743804932e-05,0.00029462647438049315,0.00029462647438049315,3806.535723922,,,,,,,,,,,
2.946264743804932e-05,1770722909.4114296,11349,3665,2.946264743804932e-05,0.00029462647438049315,0.00029462647438049315,3806.695479704,,,,,,,,,,,
,1770722909.556125,11349,3666,,,,3806.840107286,131.0,0.020798034965991974,,,,,,,,,
,1770722911.5393372,11351,3667,,,,3808.823582149,131.0,,5.298009872436523,0.08923549205064774,5.298010349273682,0.9115332961082458,,,,,
,1770722911.541048,11351,3668,,,,3808.824988587,131.0,,,,,,0.02522934041917324,3.1945669651031494,,,
2.94322207570076e-05,1770722913.7964823,11359,3669,2.94322207570076e-05,0.000294322207570076,0.000294322207570076,3811.080672704,,,,,,,,,,,
2.94322207570076e-05,1770722913.9560606,11359,3670,2.94322207570076e-05,0.000294322207570076,0.000294322207570076,3811.240116005,,,,,,,,,,,
,1770722914.100387,11359,3671,,,,3811.384362052,132.0,0.027992725372314453,,,,,,,,,
2.9401784390211107e-05,1770722916.993112,11369,3672,2.9401784390211107e-05,0.00029401784390211105,0.00029401784390211105,3814.27729504,,,,,,,,,,,
2.9401784390211107e-05,1770722917.1525383,11369,3673,2.9401784390211107e-05,0.00029401784390211105,0.00029401784390211105,3814.436587604,,,,,,,,,,,
,1770722917.2970514,11369,3674,,,,3814.581021393,132.0,0.020998774096369743,,,,,,,,,
2.9371344298124316e-05,1770722920.223586,11379,3675,2.9371344298124316e-05,0.00029371344298124313,0.00029371344298124313,3817.507765862,,,,,,,,,,,
2.9371344298124316e-05,1770722920.3828897,11379,3676,2.9371344298124316e-05,0.00029371344298124313,0.00029371344298124313,3817.666935821,,,,,,,,,,,
,1770722920.5267522,11379,3677,,,,3817.810724479,132.0,0.018831484019756317,,,,,,,,,
2.9340894520282747e-05,1770722923.4213622,11389,3678,2.9340894520282747e-05,0.00029340894520282746,0.00029340894520282746,3820.705591353,,,,,,,,,,,
2.9340894520282747e-05,1770722923.5811546,11389,3679,2.9340894520282747e-05,0.00029340894520282746,0.00029340894520282746,3820.865201034,,,,,,,,,,,
,1770722923.7250993,11389,3680,,,,3821.00908803,132.0,0.02005189098417759,,,,,,,,,
2.931044064462185e-05,1770722926.6181169,11399,3681,2.931044064462185e-05,0.0002931044064462185,0.0002931044064462185,3823.902314721,,,,,,,,,,,
2.931044064462185e-05,1770722926.7778451,11399,3682,2.931044064462185e-05,0.0002931044064462185,0.0002931044064462185,3824.061891803,,,,,,,,,,,
,1770722926.9224756,11399,3683,,,,3824.206449758,132.0,0.02833792194724083,,,,,,,,,
2.9279977828264237e-05,1770722929.8160093,11409,3684,2.9279977828264237e-05,0.0002927997782826424,0.0002927997782826424,3827.100202669,,,,,,,,,,,
2.9279977828264237e-05,1770722929.9758513,11409,3685,2.9279977828264237e-05,0.0002927997782826424,0.0002927997782826424,3827.259900843,,,,,,,,,,,
,1770722930.1203482,11409,3686,,,,3827.404324125,132.0,0.017588499933481216,,,,,,,,,
2.9249510914087297e-05,1770722933.0133798,11419,3687,2.9249510914087297e-05,0.00029249510914087297,0.00029249510914087297,3830.297521807,,,,,,,,,,,
2.9249510914087297e-05,1770722933.172899,11419,3688,2.9249510914087297e-05,0.00029249510914087297,0.00029249510914087297,3830.456915912,,,,,,,,,,,
,1770722933.3170526,11419,3689,,,,3830.601021977,132.0,0.019757866859436035,,,,,,,,,
2.921903766691685e-05,1770722936.2096298,11429,3690,2.921903766691685e-05,0.00029219037666916846,0.00029219037666916846,3833.493826684,,,,,,,,,,,
2.921903766691685e-05,1770722936.3690524,11429,3691,2.921903766691685e-05,0.00029219037666916846,0.00029219037666916846,3833.653105566,,,,,,,,,,,
,1770722936.5129921,11429,3692,,,,3833.796961544,132.0,0.022157585248351097,,,,,,,,,
,1770722940.4103715,11437,3693,,,,3837.694600485,132.0,,5.222257137298584,0.08592934161424637,5.222256660461426,0.9148056507110596,,,,,
,1770722940.4120686,11437,3694,,,,3837.695977829,132.0,,,,,,0.024780763313174248,3.2020790576934814,,,
2.9188555106520655e-05,1770722940.7495024,11439,3695,2.9188555106520655e-05,0.0002918855510652065,0.0002918855510652065,3838.033607982,,,,,,,,,,,
2.9188555106520655e-05,1770722940.909231,11439,3696,2.9188555106520655e-05,0.0002918855510652065,0.0002918855510652065,3838.193270001,,,,,,,,,,,
,1770722941.0538566,11439,3697,,,,3838.337820124,133.0,0.017131170257925987,,,,,,,,,
2.915806919336319e-05,1770722943.947034,11449,3698,2.915806919336319e-05,0.0002915806919336319,0.0002915806919336319,3841.23122772,,,,,,,,,,,
2.915806919336319e-05,1770722944.106379,11449,3699,2.915806919336319e-05,0.0002915806919336319,0.0002915806919336319,3841.390429296,,,,,,,,,,,
,1770722944.2503903,11449,3700,,,,3841.5343629,133.0,0.02169422246515751,,,,,,,,,
2.9127573966979983e-05,1770722947.1417549,11459,3701,2.9127573966979983e-05,0.0002912757396697998,0.0002912757396697998,3844.425945666,,,,,,,,,,,
2.9127573966979983e-05,1770722947.3018384,11459,3702,2.9127573966979983e-05,0.0002912757396697998,0.0002912757396697998,3844.585887656,,,,,,,,,,,
,1770722947.4459996,11459,3703,,,,3844.729992608,133.0,0.03230297565460205,,,,,,,,,
2.9097075015306473e-05,1770722950.3379428,11469,3704,2.9097075015306473e-05,0.0002909707501530647,0.0002909707501530647,3847.622154242,,,,,,,,,,,
2.9097075015306473e-05,1770722950.497593,11469,3705,2.9097075015306473e-05,0.0002909707501530647,0.0002909707501530647,3847.781661588,,,,,,,,,,,
,1770722950.6417155,11469,3706,,,,3847.925681853,133.0,0.02491517923772335,,,,,,,,,
2.906656712293625e-05,1770722953.533698,11479,3707,2.906656712293625e-05,0.0002906656712293625,0.0002906656712293625,3850.817892477,,,,,,,,,,,
2.906656712293625e-05,1770722953.6931908,11479,3708,2.906656712293625e-05,0.0002906656712293625,0.0002906656712293625,3850.977249325,,,,,,,,,,,
,1770722953.8375077,11479,3709,,,,3851.121482741,133.0,0.025190437212586403,,,,,,,,,
2.9036055877804758e-05,1770722956.7306967,11489,3710,2.9036055877804758e-05,0.0002903605587780476,0.0002903605587780476,3854.014897626,,,,,,,,,,,
2.9036055877804758e-05,1770722956.8901477,11489,3711,2.9036055877804758e-05,0.0002903605587780476,0.0002903605587780476,3854.174202666,,,,,,,,,,,
,1770722957.0344455,11489,3712,,,,3854.318416392,133.0,0.012639532797038555,,,,,,,,,
2.900553867220879e-05,1770722959.927178,11499,3713,2.900553867220879e-05,0.0002900553867220879,0.0002900553867220879,3857.211380245,,,,,,,,,,,
2.900553867220879e-05,1770722960.0866187,11499,3714,2.900553867220879e-05,0.0002900553867220879,0.0002900553867220879,3857.370669291,,,,,,,,,,,
,1770722960.2310548,11499,3715,,,,3857.51502491,133.0,0.02949443645775318,,,,,,,,,
2.897501215338707e-05,1770722963.1234205,11509,3716,2.897501215338707e-05,0.0002897501215338707,0.0002897501215338707,3860.410097144,,,,,,,,,,,
2.897501215338707e-05,1770722963.283015,11509,3717,2.897501215338707e-05,0.0002897501215338707,0.0002897501215338707,3860.567191205,,,,,,,,,,,
,1770722963.4271796,11509,3718,,,,3860.71114583,133.0,0.020998036488890648,,,,,,,,,
2.8944482654333116e-05,1770722966.319804,11519,3719,2.8944482654333116e-05,0.00028944482654333115,0.00028944482654333115,3863.604010005,,,,,,,,,,,
2.8944482654333116e-05,1770722966.4799902,11519,3720,2.8944482654333116e-05,0.00028944482654333115,0.00028944482654333115,3863.767104481,,,,,,,,,,,
,1770722966.624094,11519,3721,,,,3863.908079609,133.0,0.031219597905874252,,,,,,,,,
,1770722969.245929,11523,3722,,,,3866.530172167,133.0,,5.383415699005127,0.08838274329900742,5.383415699005127,0.9123597741127014,,,,,
,1770722969.2476277,11523,3723,,,,3866.531542301,133.0,,,,,,0.02545378915965557,3.186382293701172,,,
2.8913943842053415e-05,1770722970.8624368,11529,3724,2.8913943842053415e-05,0.00028913943842053414,0.00028913943842053414,3868.146614287,,,,,,,,,,,
2.8913943842053415e-05,1770722971.0218198,11529,3725,2.8913943842053415e-05,0.00028913943842053414,0.00028913943842053414,3868.305869221,,,,,,,,,,,
,1770722971.1659384,11529,3726,,,,3868.449911618,134.0,0.027902599424123764,,,,,,,,,
2.8883402422070504e-05,1770722974.0597658,11539,3727,2.8883402422070504e-05,0.00028883402422070505,0.00028883402422070505,3871.343950906,,,,,,,,,,,
2.8883402422070504e-05,1770722974.219736,11539,3728,2.8883402422070504e-05,0.00028883402422070505,0.00028883402422070505,3871.503785683,,,,,,,,,,,
,1770722974.364381,11539,3729,,,,3871.648361684,134.0,0.03130237013101578,,,,,,,,,
2.8852854669094087e-05,1770722977.257729,11549,3730,2.8852854669094087e-05,0.00028852854669094086,0.00028852854669094086,3874.541922478,,,,,,,,,,,
2.8852854669094087e-05,1770722977.4178576,11549,3731,2.8852854669094087e-05,0.00028852854669094086,0.00028852854669094086,3874.701896745,,,,,,,,,,,
,1770722977.5624459,11549,3732,,,,3874.846417973,134.0,0.02028682269155979,,,,,,,,,
2.8822298347949982e-05,1770722980.510442,11559,3733,2.8822298347949982e-05,0.0002882229834794998,0.0002882229834794998,3877.794635955,,,,,,,,,,,
2.8822298347949982e-05,1770722980.669864,11559,3734,2.8822298347949982e-05,0.0002882229834794998,0.0002882229834794998,3877.953912882,,,,,,,,,,,
,1770722980.814302,11559,3735,,,,3878.098277274,134.0,0.0198252834379673,,,,,,,,,
2.879173904657364e-05,1770722983.7071855,11569,3736,2.879173904657364e-05,0.0002879173904657364,0.0002879173904657364,3880.991368214,,,,,,,,,,,
2.879173904657364e-05,1770722983.8667486,11569,3737,2.879173904657364e-05,0.0002879173904657364,0.0002879173904657364,3881.15079098,,,,,,,,,,,
,1770722984.011036,11569,3738,,,,3881.295013298,134.0,0.017270006239414215,,,,,,,,,
2.876117117702961e-05,1770722986.9013274,11579,3739,2.876117117702961e-05,0.0002876117117702961,0.0002876117117702961,3884.185529277,,,,,,,,,,,
2.876117117702961e-05,1770722987.0612879,11579,3740,2.876117117702961e-05,0.0002876117117702961,0.0002876117117702961,3884.345337834,,,,,,,,,,,
,1770722987.2059114,11579,3741,,,,3884.489886603,134.0,0.023391306400299072,,,,,,,,,
2.8730600327253343e-05,1770722990.098983,11589,3742,2.8730600327253343e-05,0.0002873060032725334,0.0002873060032725334,3887.383183027,,,,,,,,,,,
2.8730600327253343e-05,1770722990.258241,11589,3743,2.8730600327253343e-05,0.0002873060032725334,0.0002873060032725334,3887.542288765,,,,,,,,,,,
,1770722990.402807,11589,3744,,,,3887.686786347,134.0,0.034778039902448654,,,,,,,,,
2.870002090930939e-05,1770722993.2937891,11599,3745,2.870002090930939e-05,0.0002870002090930939,0.0002870002090930939,3890.577985149,,,,,,,,,,,
2.870002090930939e-05,1770722993.4533048,11599,3746,2.870002090930939e-05,0.0002870002090930939,0.0002870002090930939,3890.737350438,,,,,,,,,,,
,1770722993.5974166,11599,3747,,,,3890.881391712,134.0,0.032728735357522964,,,,,,,,,
2.8669438511133197e-05,1770722996.4897115,11609,3748,2.8669438511133197e-05,0.0002866943851113319,0.0002866943851113319,3893.773914274,,,,,,,,,,,
2.8669438511133197e-05,1770722996.6383295,11609,3749,2.8669438511133197e-05,0.0002866943851113319,0.0002866943851113319,3893.922335363,,,,,,,,,,,
,1770722996.695182,11609,3750,,,,3893.979125036,134.0,0.024299923330545425,,,,,,,,,
,1770722998.1365137,11609,3751,,,,3895.420664756,134.0,,5.134143829345703,0.08328238874673843,5.134143829345703,0.9174319505691528,,,,,
,1770722998.1381316,11609,3752,,,,3895.422081389,134.0,,,,,,0.025500275194644928,3.221405506134033,,,
2.8638850525021556e-05,1770723001.0886652,11619,3753,2.8638850525021556e-05,0.0002863885052502155,0.0002863885052502155,3898.375107291,,,,,,,,,,,
2.8638850525021556e-05,1770723001.2474754,11619,3754,2.8638850525021556e-05,0.0002863885052502155,0.0002863885052502155,3898.534059438,,,,,,,,,,,
,1770723001.391634,11619,3755,,,,3898.675683802,135.0,0.03595002740621567,,,,,,,,,
2.860825434327126e-05,1770723004.2815127,11629,3756,2.860825434327126e-05,0.00028608254343271257,0.00028608254343271257,3901.565739802,,,,,,,,,,,
2.860825434327126e-05,1770723004.4411998,11629,3757,2.860825434327126e-05,0.00028608254343271257,0.00028608254343271257,3901.725245803,,,,,,,,,,,
,1770723004.5855408,11629,3758,,,,3901.86951517,135.0,0.016992367804050446,,,,,,,,,
2.857765555381775e-05,1770723007.47302,11639,3759,2.857765555381775e-05,0.0002857765555381775,0.0002857765555381775,3904.757217823,,,,,,,,,,,
2.857765555381775e-05,1770723007.6324089,11639,3760,2.857765555381775e-05,0.0002857765555381775,0.0002857765555381775,3904.916447668,,,,,,,,,,,
,1770723007.777013,11639,3761,,,,3905.060987472,135.0,0.015947801992297173,,,,,,,,,
2.854704819619656e-05,1770723010.6658268,11649,3762,2.854704819619656e-05,0.0002854704819619656,0.0002854704819619656,3907.950019304,,,,,,,,,,,
2.854704819619656e-05,1770723010.8253686,11649,3763,2.854704819619656e-05,0.0002854704819619656,0.0002854704819619656,3908.112121263,,,,,,,,,,,
,1770723010.9690988,11649,3764,,,,3908.253111863,135.0,0.03163957968354225,,,,,,,,,
2.8516438230872156e-05,1770723013.8588521,11659,3765,2.8516438230872156e-05,0.00028516438230872154,0.00028516438230872154,3911.143058218,,,,,,,,,,,
2.8516438230872156e-05,1770723014.018183,11659,3766,2.8516438230872156e-05,0.00028516438230872154,0.00028516438230872154,3911.305105004,,,,,,,,,,,
,1770723014.162623,11659,3767,,,,3911.446627064,135.0,0.02109982818365097,,,,,,,,,
2.8485823050141336e-05,1770723017.0507984,11669,3768,2.8485823050141336e-05,0.00028485823050141334,0.00028485823050141334,3914.334890563,,,,,,,,,,,
2.8485823050141336e-05,1770723017.2098575,11669,3769,2.8485823050141336e-05,0.00028485823050141334,0.00028485823050141334,3914.497052922,,,,,,,,,,,
,1770723017.3538468,11669,3770,,,,3914.637913917,135.0,0.01462001632899046,,,,,,,,,
2.845519967377186e-05,1770723020.2428284,11679,3771,2.845519967377186e-05,0.0002845519967377186,0.0002845519967377186,3917.527020842,,,,,,,,,,,
2.845519967377186e-05,1770723020.4020727,11679,3772,2.845519967377186e-05,0.0002845519967377186,0.0002845519967377186,3917.689081028,,,,,,,,,,,
,1770723020.5463886,11679,3773,,,,3917.830390708,135.0,0.02115662768483162,,,,,,,,,
2.8424573689699174e-05,1770723023.436501,11689,3774,2.8424573689699174e-05,0.00028424573689699175,0.00028424573689699175,3920.720681042,,,,,,,,,,,
2.8424573689699174e-05,1770723023.5963812,11689,3775,2.8424573689699174e-05,0.00028424573689699175,0.00028424573689699175,3920.880416006,,,,,,,,,,,
,1770723023.7411642,11689,3776,,,,3921.025138204,135.0,0.023270349949598312,,,,,,,,,
,1770723027.000863,11695,3777,,,,3924.284990691,135.0,,5.036719799041748,0.0813387855887413,5.036720275878906,0.9193488359451294,,,,,
,1770723028.5543385,11695,3778,,,,3925.83851574,135.0,,,,,,0.02436451055109501,3.174010753631592,,,
2.839393988251686e-05,1770723029.5375748,11699,3779,2.839393988251686e-05,0.0002839393988251686,0.0002839393988251686,3926.824059761,,,,,,,,,,,
2.839393988251686e-05,1770723029.6967964,11699,3780,2.839393988251686e-05,0.0002839393988251686,0.0002839393988251686,3926.983055852,,,,,,,,,,,
,1770723029.840744,11699,3781,,,,3927.124786405,136.0,0.015570618212223053,,,,,,,,,
2.836330346763134e-05,1770723032.728657,11709,3782,2.836330346763134e-05,0.0002836330346763134,0.0002836330346763134,3930.01506969,,,,,,,,,,,
2.836330346763134e-05,1770723032.8875477,11709,3783,2.836330346763134e-05,0.0002836330346763134,0.0002836330346763134,3930.174051259,,,,,,,,,,,
,1770723033.0315833,11709,3784,,,,3930.315632948,136.0,0.017829181626439095,,,,,,,,,
2.8332659229636194e-05,1770723035.9214556,11719,3785,2.8332659229636194e-05,0.00028332659229636194,0.00028332659229636194,3933.205578721,,,,,,,,,,,
2.8332659229636194e-05,1770723036.0815191,11719,3786,2.8332659229636194e-05,0.00028332659229636194,0.00028332659229636194,3933.365552094,,,,,,,,,,,
,1770723036.2257004,11719,3787,,,,3933.509663121,136.0,0.027841249480843544,,,,,,,,,
2.8302012756466867e-05,1770723039.116433,11729,3788,2.8302012756466867e-05,0.00028302012756466866,0.00028302012756466866,3936.403091515,,,,,,,,,,,
2.8302012756466867e-05,1770723039.2761314,11729,3789,2.8302012756466867e-05,0.00028302012756466866,0.00028302012756466866,3936.563058247,,,,,,,,,,,
,1770723039.4200485,11729,3790,,,,3936.704106222,136.0,0.023691657930612564,,,,,,,,,
2.8271361067891122e-05,1770723042.3109007,11739,3791,2.8271361067891122e-05,0.0002827136106789112,0.0002827136106789112,3939.595116953,,,,,,,,,,,
2.8271361067891122e-05,1770723042.4702525,11739,3792,2.8271361067891122e-05,0.0002827136106789112,0.0002827136106789112,3939.757089115,,,,,,,,,,,
,1770723042.6142364,11739,3793,,,,3939.898231562,136.0,0.021582312881946564,,,,,,,,,
2.8240701556205752e-05,1770723045.5036218,11749,3794,2.8240701556205752e-05,0.0002824070155620575,0.0002824070155620575,3942.787802682,,,,,,,,,,,
2.8240701556205752e-05,1770723045.663213,11749,3795,2.8240701556205752e-05,0.0002824070155620575,0.0002824070155620575,3942.947258314,,,,,,,,,,,
,1770723045.8077633,11749,3796,,,,3943.091808672,136.0,0.01830877736210823,,,,,,,,,
2.821004018187523e-05,1770723048.697582,11759,3797,2.821004018187523e-05,0.0002821004018187523,0.0002821004018187523,3945.981785811,,,,,,,,,,,
2.821004018187523e-05,1770723048.8571522,11759,3798,2.821004018187523e-05,0.0002821004018187523,0.0002821004018187523,3946.141202364,,,,,,,,,,,
,1770723049.0015426,11759,3799,,,,3946.285507864,136.0,0.02055876888334751,,,,,,,,,
2.8179370611906052e-05,1770723051.8915966,11769,3800,2.8179370611906052e-05,0.00028179370611906054,0.00028179370611906054,3949.175727263,,,,,,,,,,,
2.8179370611906052e-05,1770723052.050712,11769,3801,2.8179370611906052e-05,0.00028179370611906054,0.00028179370611906054,3949.334734029,,,,,,,,,,,
,1770723052.1948495,11769,3802,,,,3949.478826849,136.0,0.02795036882162094,,,,,,,,,
2.8148699551820756e-05,1770723055.0832973,11779,3803,2.8148699551820756e-05,0.00028148699551820754,0.00028148699551820754,3952.367474438,,,,,,,,,,,
2.8148699551820756e-05,1770723055.2429183,11779,3804,2.8148699551820756e-05,0.00028148699551820754,0.00028148699551820754,3952.526955589,,,,,,,,,,,
,1770723055.3874002,11779,3805,,,,3952.671366096,136.0,0.03256884217262268,,,,,,,,,
,1770723057.3682437,11781,3806,,,,3954.652431123,136.0,,5.186670780181885,0.08524875342845917,5.186670780181885,0.9154844880104065,,,,,
,1770723057.3697133,11781,3807,,,,3954.653685842,136.0,,,,,,0.023746006190776825,3.138765573501587,,,
2.811802048236132e-05,1770723059.6215281,11789,3808,2.811802048236132e-05,0.00028118020482361316,0.00028118020482361316,3956.909073431,,,,,,,,,,,
2.811802048236132e-05,1770723059.7833984,11789,3809,2.811802048236132e-05,0.00028118020482361316,0.00028118020482361316,3957.070060879,,,,,,,,,,,
,1770723059.927474,11789,3810,,,,3957.211523367,137.0,0.01921546459197998,,,,,,,,,
2.808733955025673e-05,1770723062.819054,11799,3811,2.808733955025673e-05,0.0002808733955025673,0.0002808733955025673,3960.106061199,,,,,,,,,,,
2.808733955025673e-05,1770723062.97829,11799,3812,2.808733955025673e-05,0.0002808733955025673,0.0002808733955025673,3960.265053402,,,,,,,,,,,
,1770723063.1223044,11799,3813,,,,3960.406358393,137.0,0.018507687374949455,,,,,,,,,
2.805665396153927e-05,1770723066.0121148,11809,3814,2.805665396153927e-05,0.0002805665396153927,0.0002805665396153927,3963.296265549,,,,,,,,,,,
2.805665396153927e-05,1770723066.171213,11809,3815,2.805665396153927e-05,0.0002805665396153927,0.0002805665396153927,3963.455253496,,,,,,,,,,,
,1770723066.3157456,11809,3816,,,,3963.599709622,137.0,0.017316222190856934,,,,,,,,,
2.80259607359767e-05,1770723069.2067876,11819,3817,2.80259607359767e-05,0.00028025960735976696,0.00028025960735976696,3966.490986487,,,,,,,,,,,
2.80259607359767e-05,1770723069.3661714,11819,3818,2.80259607359767e-05,0.00028025960735976696,0.00028025960735976696,3966.650223359,,,,,,,,,,,
,1770723069.5106926,11819,3819,,,,3966.794656289,137.0,0.028478574007749557,,,,,,,,,
2.799526583403349e-05,1770723072.3996341,11829,3820,2.799526583403349e-05,0.0002799526583403349,0.0002799526583403349,3969.683834892,,,,,,,,,,,
2.799526583403349e-05,1770723072.5595665,11829,3821,2.799526583403349e-05,0.0002799526583403349,0.0002799526583403349,3969.843603054,,,,,,,,,,,
,1770723072.7038617,11829,3822,,,,3969.987829303,137.0,0.014476802200078964,,,,,,,,,
2.7964563481509688e-05,1770723075.595182,11839,3823,2.7964563481509688e-05,0.00027964563481509683,0.00027964563481509683,3972.87938378,,,,,,,,,,,
2.7964563481509688e-05,1770723075.7546341,11839,3824,2.7964563481509688e-05,0.00027964563481509683,0.00027964563481509683,3973.038671237,,,,,,,,,,,
,1770723075.899316,11839,3825,,,,3973.183389337,137.0,0.022156553342938423,,,,,,,,,
2.793385945260525e-05,1770723078.7881365,11849,3826,2.793385945260525e-05,0.0002793385945260525,0.0002793385945260525,3976.072343766,,,,,,,,,,,
2.793385945260525e-05,1770723078.9476476,11849,3827,2.793385945260525e-05,0.0002793385945260525,0.0002793385945260525,3976.231693738,,,,,,,,,,,
,1770723079.092111,11849,3828,,,,3976.376086778,137.0,0.028960634022951126,,,,,,,,,
2.7903150953352452e-05,1770723081.9821825,11859,3829,2.7903150953352452e-05,0.00027903150953352454,0.00027903150953352454,3979.266336464,,,,,,,,,,,
2.7903150953352452e-05,1770723082.1420293,11859,3830,2.7903150953352452e-05,0.00027903150953352454,0.00027903150953352454,3979.429095028,,,,,,,,,,,
,1770723082.285935,11859,3831,,,,3979.569946054,137.0,0.03111974708735943,,,,,,,,,
,1770723086.183465,11867,3832,,,,3983.467552023,137.0,,5.413788318634033,0.0937362015247345,5.413787841796875,0.9070456027984619,,,,,
,1770723086.1848757,11867,3833,,,,3983.468807273,137.0,,,,,,0.023525334894657135,3.121485948562622,,,
2.7872435189783573e-05,1770723086.5209756,11869,3834,2.7872435189783573e-05,0.00027872435189783574,0.00027872435189783574,3983.805147558,,,,,,,,,,,
2.7872435189783573e-05,1770723086.680443,11869,3835,2.7872435189783573e-05,0.00027872435189783574,0.00027872435189783574,3983.964484759,,,,,,,,,,,
,1770723086.8248987,11869,3836,,,,3984.108869286,138.0,0.009476428851485252,,,,,,,,,
2.784171774983406e-05,1770723089.71513,11879,3837,2.784171774983406e-05,0.0002784171774983406,0.0002784171774983406,3986.999342892,,,,,,,,,,,
2.784171774983406e-05,1770723089.8749275,11879,3838,2.784171774983406e-05,0.0002784171774983406,0.0002784171774983406,3987.158965373,,,,,,,,,,,
,1770723090.0190933,11879,3839,,,,3987.303103068,138.0,0.03944898024201393,,,,,,,,,
2.781099323183298e-05,1770723092.9076881,11889,3840,2.781099323183298e-05,0.0002781099323183298,0.0002781099323183298,3990.191912526,,,,,,,,,,,
2.781099323183298e-05,1770723093.0669885,11889,3841,2.781099323183298e-05,0.0002781099323183298,0.0002781099323183298,3990.351037628,,,,,,,,,,,
,1770723093.2115939,11889,3842,,,,3990.495570137,138.0,0.025395287200808525,,,,,,,,,
2.7780267223715783e-05,1770723096.1015828,11899,3843,2.7780267223715783e-05,0.0002778026722371578,0.0002778026722371578,3993.388076298,,,,,,,,,,,
2.7780267223715783e-05,1770723096.260804,11899,3844,2.7780267223715783e-05,0.0002778026722371578,0.0002778026722371578,3993.548056707,,,,,,,,,,,
,1770723096.4053717,11899,3845,,,,3993.68941699,138.0,0.02016526646912098,,,,,,,,,
2.7749533951282502e-05,1770723099.295237,11909,3846,2.7749533951282502e-05,0.000277495339512825,0.000277495339512825,3996.582095657,,,,,,,,,,,
2.7749533951282502e-05,1770723099.4547098,11909,3847,2.7749533951282502e-05,0.000277495339512825,0.000277495339512825,3996.741053497,,,,,,,,,,,
,1770723099.5986521,11909,3848,,,,3996.882690937,138.0,0.019104909151792526,,,,,,,,,
2.771879956126213e-05,1770723102.5165672,11919,3849,2.771879956126213e-05,0.0002771879956126213,0.0002771879956126213,3999.803101388,,,,,,,,,,,
2.771879956126213e-05,1770723102.675774,11919,3850,2.771879956126213e-05,0.0002771879956126213,0.0002771879956126213,3999.962058747,,,,,,,,,,,
,1770723102.8201196,11919,3851,,,,4000.104164432,138.0,0.030129363760352135,,,,,,,,,
2.768806088715792e-05,1770723105.7093425,11929,3852,2.768806088715792e-05,0.00027688060887157915,0.00027688060887157915,4002.99609766,,,,,,,,,,,
2.768806088715792e-05,1770723105.868438,11929,3853,2.768806088715792e-05,0.00027688060887157915,0.00027688060887157915,4003.152568976,,,,,,,,,,,
,1770723106.013065,11929,3854,,,,4003.297046051,138.0,0.0333254411816597,,,,,,,,,
2.7657315321266652e-05,1770723108.900964,11939,3855,2.7657315321266652e-05,0.0002765731532126665,0.0002765731532126665,4006.1880784,,,,,,,,,,,
2.7657315321266652e-05,1770723109.059945,11939,3856,2.7657315321266652e-05,0.0002765731532126665,0.0002765731532126665,4006.347060476,,,,,,,,,,,
,1770723109.2040968,11939,3857,,,,4006.488157542,138.0,0.022143037989735603,,,,,,,,,
2.762656845152378e-05,1770723112.093343,11949,3858,2.762656845152378e-05,0.0002762656845152378,0.0002762656845152378,4009.377501936,,,,,,,,,,,
2.762656845152378e-05,1770723112.2529523,11949,3859,2.762656845152378e-05,0.0002762656845152378,0.0002762656845152378,4009.540101008,,,,,,,,,,,
,1770723112.3969226,11949,3860,,,,4009.680905623,138.0,0.037343092262744904,,,,,,,,,
,1770723115.0171783,11953,3861,,,,4012.301425505,138.0,,5.2853522300720215,0.08879391849040985,5.285351753234863,0.911952555179596,,,,,
,1770723115.0188572,11953,3862,,,,4012.302769328,138.0,,,,,,0.02416076697409153,3.14813232421875,,,
2.7595814689993858e-05,1770723116.6317418,11959,3863,2.7595814689993858e-05,0.0002759581468999386,0.0002759581468999386,4013.915930919,,,,,,,,,,,
2.7595814689993858e-05,1770723116.7908878,11959,3864,2.7595814689993858e-05,0.0002759581468999386,0.0002759581468999386,4014.074920756,,,,,,,,,,,
,1770723116.9354308,11959,3865,,,,4014.219406674,139.0,0.03038836643099785,,,,,,,,,
2.7565059997141364e-05,1770723119.824354,11969,3866,2.7565059997141364e-05,0.0002756505999714136,0.0002756505999714136,4017.108551851,,,,,,,,,,,
2.7565059997141364e-05,1770723119.9836307,11969,3867,2.7565059997141364e-05,0.0002756505999714136,0.0002756505999714136,4017.267671163,,,,,,,,,,,
,1770723120.127691,11969,3868,,,,4017.411656147,139.0,0.03562384098768234,,,,,,,,,
2.7534298412501813e-05,1770723123.0173914,11979,3869,2.7534298412501813e-05,0.0002753429841250181,0.0002753429841250181,4020.301584811,,,,,,,,,,,
2.7534298412501813e-05,1770723123.1765895,11979,3870,2.7534298412501813e-05,0.0002753429841250181,0.0002753429841250181,4020.460635179,,,,,,,,,,,
,1770723123.3211923,11979,3871,,,,4020.605166885,139.0,0.01845461130142212,,,,,,,,,
2.7503535710275176e-05,1770723126.2081177,11989,3872,2.7503535710275176e-05,0.00027503535710275175,0.00027503535710275175,4023.492282771,,,,,,,,,,,
2.7503535710275176e-05,1770723126.3674533,11989,3873,2.7503535710275176e-05,0.00027503535710275175,0.00027503535710275175,4023.651492979,,,,,,,,,,,
,1770723126.5120194,11989,3874,,,,4023.795981871,139.0,0.022412138059735298,,,,,,,,,
2.7472769469022754e-05,1770723129.3989663,11999,3875,2.7472769469022754e-05,0.0002747276946902275,0.0002747276946902275,4026.683165956,,,,,,,,,,,
2.7472769469022754e-05,1770723129.5583487,11999,3876,2.7472769469022754e-05,0.0002747276946902275,0.0002747276946902275,4026.842383005,,,,,,,,,,,
,1770723129.7028825,11999,3877,,,,4026.986850815,139.0,0.025241276249289513,,,,,,,,,
2.7441996335983277e-05,1770723132.5924692,12009,3878,2.7441996335983277e-05,0.00027441996335983275,0.00027441996335983275,4029.87664008,,,,,,,,,,,
2.7441996335983277e-05,1770723132.7513988,12009,3879,2.7441996335983277e-05,0.00027441996335983275,0.00027441996335983275,4030.035430065,,,,,,,,,,,
,1770723132.8957443,12009,3880,,,,4030.179713017,139.0,0.029980532824993134,,,,,,,,,
2.7411222457885743e-05,1770723135.8387418,12019,3881,2.7411222457885743e-05,0.00027411222457885743,0.00027411222457885743,4033.125081757,,,,,,,,,,,
2.7411222457885743e-05,1770723135.9976847,12019,3882,2.7411222457885743e-05,0.00027411222457885743,0.00027411222457885743,4033.28405644,,,,,,,,,,,
,1770723136.1419063,12019,3883,,,,4033.425945787,139.0,0.03166596591472626,,,,,,,,,
2.738044187426567e-05,1770723139.0316002,12029,3884,2.738044187426567e-05,0.0002738044187426567,0.0002738044187426567,4036.315788827,,,,,,,,,,,
2.738044187426567e-05,1770723139.1914592,12029,3885,2.738044187426567e-05,0.0002738044187426567,0.0002738044187426567,4036.478086994,,,,,,,,,,,
,1770723139.3356209,12029,3886,,,,4036.619628468,139.0,0.02839876525104046,,,,,,,,,
2.7349660545587542e-05,1770723142.2246418,12039,3887,2.7349660545587542e-05,0.0002734966054558754,0.0002734966054558754,4039.508819433,,,,,,,,,,,
2.7349660545587542e-05,1770723142.3734899,12039,3888,2.7349660545587542e-05,0.0002734966054558754,0.0002734966054558754,4039.657491413,,,,,,,,,,,
,1770723142.4302628,12039,3889,,,,4039.714200782,139.0,0.03203040733933449,,,,,,,,,
,1770723143.8717985,12039,3890,,,,4041.155987604,139.0,,5.187374591827393,0.08677539974451065,5.187374591827393,0.9139527082443237,,,,,
,1770723143.8742452,12039,3891,,,,4041.158199464,139.0,,,,,,0.022632302716374397,3.069091320037842,,,
2.7318875677883627e-05,1770723146.7663698,12049,3892,2.7318875677883627e-05,0.00027318875677883627,0.00027318875677883627,4044.050585145,,,,,,,,,,,
2.7318875677883627e-05,1770723146.9263933,12049,3893,2.7318875677883627e-05,0.00027318875677883627,0.00027318875677883627,4044.210443498,,,,,,,,,,,
,1770723147.0705204,12049,3894,,,,4044.354492026,140.0,0.025280842557549477,,,,,,,,,
2.7288084477186206e-05,1770723149.9611504,12059,3895,2.7288084477186206e-05,0.00027288084477186203,0.00027288084477186203,4047.248104784,,,,,,,,,,,
2.7288084477186206e-05,1770723150.1201756,12059,3896,2.7288084477186206e-05,0.00027288084477186203,0.00027288084477186203,4047.407057573,,,,,,,,,,,
,1770723150.2642314,12059,3897,,,,4047.548288699,140.0,0.011841293424367905,,,,,,,,,
2.7257292531430723e-05,1770723153.1561625,12069,3898,2.7257292531430723e-05,0.0002725729253143072,0.0002725729253143072,4050.443077562,,,,,,,,,,,
2.7257292531430723e-05,1770723153.3153641,12069,3899,2.7257292531430723e-05,0.0002725729253143072,0.0002725729253143072,4050.60205595,,,,,,,,,,,
,1770723153.4598486,12069,3900,,,,4050.743884656,140.0,0.02749662846326828,,,,,,,,,
2.7226494252681734e-05,1770723156.3511481,12079,3901,2.7226494252681734e-05,0.0002722649425268173,0.0002722649425268173,4053.635341709,,,,,,,,,,,
2.7226494252681734e-05,1770723156.5102975,12079,3902,2.7226494252681734e-05,0.0002722649425268173,0.0002722649425268173,4053.794347548,,,,,,,,,,,
,1770723156.6548584,12079,3903,,,,4053.938852864,140.0,0.025912869721651077,,,,,,,,,
2.71956954151392e-05,1770723159.5458448,12089,3904,2.71956954151392e-05,0.00027195695415139197,0.00027195695415139197,4056.830047709,,,,,,,,,,,
2.71956954151392e-05,1770723159.7057157,12089,3905,2.71956954151392e-05,0.00027195695415139197,0.00027195695415139197,4056.992128659,,,,,,,,,,,
,1770723159.8498673,12089,3906,,,,4057.133869802,140.0,0.031970955431461334,,,,,,,,,
2.7164890430867673e-05,1770723162.742096,12099,3907,2.7164890430867673e-05,0.0002716489043086767,0.0002716489043086767,4060.026288377,,,,,,,,,,,
2.7164890430867673e-05,1770723162.901668,12099,3908,2.7164890430867673e-05,0.0002716489043086767,0.0002716489043086767,4060.185706837,,,,,,,,,,,
,1770723163.0457795,12099,3909,,,,4060.329750477,140.0,0.020550750195980072,,,,,,,,,
2.7134085074067116e-05,1770723165.9342914,12109,3910,2.7134085074067116e-05,0.0002713408507406712,0.0002713408507406712,4063.218479815,,,,,,,,,,,
2.7134085074067116e-05,1770723166.0938456,12109,3911,2.7134085074067116e-05,0.0002713408507406712,0.0002713408507406712,4063.377889812,,,,,,,,,,,
,1770723166.2382615,12109,3912,,,,4063.522234184,140.0,0.020585164427757263,,,,,,,,,
2.7103276364505294e-05,1770723169.1282904,12119,3913,2.7103276364505294e-05,0.0002710327636450529,0.0002710327636450529,4066.415093667,,,,,,,,,,,
2.7103276364505294e-05,1770723169.287572,12119,3914,2.7103276364505294e-05,0.0002710327636450529,0.0002710327636450529,4066.574057272,,,,,,,,,,,
,1770723169.4314115,12119,3915,,,,4066.715439274,140.0,0.015693148598074913,,,,,,,,,
,1770723172.6907501,12125,3916,,,,4069.974979854,140.0,,5.06072998046875,0.0795704796910286,5.06072998046875,0.9211099147796631,,,,,
,1770723172.6923873,12125,3917,,,,4069.976329426,140.0,,,,,,0.023294122889637947,3.1055784225463867,,,
2.7072461508214475e-05,1770723173.6682768,12129,3918,2.7072461508214475e-05,0.00027072461508214474,0.00027072461508214474,4070.952421888,,,,,,,,,,,
2.7072461508214475e-05,1770723173.8282304,12129,3919,2.7072461508214475e-05,0.00027072461508214474,0.00027072461508214474,4071.112277366,,,,,,,,,,,
,1770723173.9723291,12129,3920,,,,4071.256299743,141.0,0.036816906183958054,,,,,,,,,
2.7041646465659142e-05,1770723176.8647294,12139,3921,2.7041646465659142e-05,0.0002704164646565914,0.0002704164646565914,4074.151073031,,,,,,,,,,,
2.7041646465659142e-05,1770723177.0245109,12139,3922,2.7041646465659142e-05,0.0002704164646565914,0.0002704164646565914,4074.311051484,,,,,,,,,,,
,1770723177.1688004,12139,3923,,,,4074.452851304,141.0,0.02663652040064335,,,,,,,,,
2.7010825276374817e-05,1770723180.0599883,12149,3924,2.7010825276374817e-05,0.00027010825276374816,0.00027010825276374816,4077.347095692,,,,,,,,,,,
2.7010825276374817e-05,1770723180.219058,12149,3925,2.7010825276374817e-05,0.00027010825276374816,0.00027010825276374816,4077.506060629,,,,,,,,,,,
,1770723180.3635354,12149,3926,,,,4077.647586567,141.0,0.014797786250710487,,,,,,,,,
2.6980004087090495e-05,1770723183.2548263,12159,3927,2.6980004087090495e-05,0.0002698000408709049,0.0002698000408709049,4080.542100778,,,,,,,,,,,
2.6980004087090495e-05,1770723183.4138556,12159,3928,2.6980004087090495e-05,0.0002698000408709049,0.0002698000408709049,4080.70105623,,,,,,,,,,,
,1770723183.5576177,12159,3929,,,,4080.841669334,141.0,0.014010020531713963,,,,,,,,,
2.6949179731309414e-05,1770723186.4496245,12169,3930,2.6949179731309414e-05,0.00026949179731309414,0.00026949179731309414,4083.736158214,,,,,,,,,,,
2.6949179731309414e-05,1770723186.6115263,12169,3931,2.6949179731309414e-05,0.00026949179731309414,0.00026949179731309414,4083.89551465,,,,,,,,,,,
,1770723186.7552574,12169,3932,,,,4084.039351327,141.0,0.02513156458735466,,,,,,,,,
2.691834941506386e-05,1770723189.645525,12179,3933,2.691834941506386e-05,0.0002691834941506386,0.0002691834941506386,4086.929715984,,,,,,,,,,,
2.691834941506386e-05,1770723189.8054144,12179,3934,2.691834941506386e-05,0.0002691834941506386,0.0002691834941506386,4087.089462537,,,,,,,,,,,
,1770723189.9495695,12179,3935,,,,4087.233544994,141.0,0.044945552945137024,,,,,,,,,
2.6887519285082818e-05,1770723192.840475,12189,3936,2.6887519285082818e-05,0.00026887519285082815,0.00026887519285082815,4090.124672928,,,,,,,,,,,
2.6887519285082818e-05,1770723192.9997084,12189,3937,2.6887519285082818e-05,0.00026887519285082815,0.00026887519285082815,4090.283751695,,,,,,,,,,,
,1770723193.1441338,12189,3938,,,,4090.428111379,141.0,0.03466903045773506,,,,,,,,,
2.68566831946373e-05,1770723196.036954,12199,3939,2.68566831946373e-05,0.000268566831946373,0.000268566831946373,4093.324145968,,,,,,,,,,,
2.68566831946373e-05,1770723196.1990254,12199,3940,2.68566831946373e-05,0.000268566831946373,0.000268566831946373,4093.48605068,,,,,,,,,,,
,1770723196.3430421,12199,3941,,,,4093.62704717,141.0,0.021647516638040543,,,,,,,,,
2.6825847290456297e-05,1770723199.2299767,12209,3942,2.6825847290456297e-05,0.00026825847290456295,0.00026825847290456295,4096.514170999,,,,,,,,,,,
2.6825847290456297e-05,1770723199.3898494,12209,3943,2.6825847290456297e-05,0.00026825847290456295,0.00026825847290456295,4096.677069347,,,,,,,,,,,
,1770723199.533681,12209,3944,,,,4096.817698724,141.0,0.027526473626494408,,,,,,,,,
,1770723201.5157225,12211,3945,,,,4098.799865997,141.0,,5.0438151359558105,0.08061087876558304,5.043814659118652,0.9200708270072937,,,,,
,1770723201.5171466,12211,3946,,,,4098.801092253,141.0,,,,,,0.02421167492866516,3.127747058868408,,,
2.679500561207533e-05,1770723203.7678819,12219,3947,2.679500561207533e-05,0.0002679500561207533,0.0002679500561207533,4101.052105448,,,,,,,,,,,
2.679500561207533e-05,1770723203.9277291,12219,3948,2.679500561207533e-05,0.0002679500561207533,0.0002679500561207533,4101.211777308,,,,,,,,,,,
,1770723204.0715113,12219,3949,,,,4101.355476167,142.0,0.018799718469381332,,,,,,,,,
2.6764164119958878e-05,1770723206.9595442,12229,3950,2.6764164119958878e-05,0.0002676416411995888,0.0002676416411995888,4104.243733205,,,,,,,,,,,
2.6764164119958878e-05,1770723207.1192942,12229,3951,2.6764164119958878e-05,0.0002676416411995888,0.0002676416411995888,4104.403332034,,,,,,,,,,,
,1770723207.2636228,12229,3952,,,,4104.547591938,142.0,0.020533233880996704,,,,,,,,,
2.6733319833874703e-05,1770723210.1505573,12239,3953,2.6733319833874703e-05,0.00026733319833874703,0.00026733319833874703,4107.434746813,,,,,,,,,,,
2.6733319833874703e-05,1770723210.3104556,12239,3954,2.6733319833874703e-05,0.00026733319833874703,0.00026733319833874703,4107.594499113,,,,,,,,,,,
,1770723210.454636,12239,3955,,,,4107.738602741,142.0,0.01604558899998665,,,,,,,,,
2.6702470146119596e-05,1770723213.3430774,12249,3956,2.6702470146119596e-05,0.00026702470146119597,0.00026702470146119597,4110.627277041,,,,,,,,,,,
2.6702470146119596e-05,1770723213.5021062,12249,3957,2.6702470146119596e-05,0.00026702470146119597,0.00026702470146119597,4110.786156377,,,,,,,,,,,
,1770723213.646353,12249,3958,,,,4110.930321508,142.0,0.03089582547545433,,,,,,,,,
2.6671620644629002e-05,1770723216.5339186,12259,3959,2.6671620644629002e-05,0.00026671620644629003,0.00026671620644629003,4113.818140557,,,,,,,,,,,
2.6671620644629002e-05,1770723216.6931894,12259,3960,2.6671620644629002e-05,0.00026671620644629003,0.00026671620644629003,4113.977239383,,,,,,,,,,,
,1770723216.8373067,12259,3961,,,,4114.121278223,142.0,0.02288825437426567,,,,,,,,,
2.6640765741467477e-05,1770723219.724792,12269,3962,2.6640765741467477e-05,0.00026640765741467475,0.00026640765741467475,4117.008988346,,,,,,,,,,,
2.6640765741467477e-05,1770723219.8841944,12269,3963,2.6640765741467477e-05,0.00026640765741467475,0.00026640765741467475,4117.168243417,,,,,,,,,,,
,1770723220.028757,12269,3964,,,,4117.312721158,142.0,0.01933318004012108,,,,,,,,,
2.6609911210834982e-05,1770723222.9160998,12279,3965,2.6609911210834982e-05,0.0002660991121083498,0.0002660991121083498,4120.200278317,,,,,,,,,,,
2.6609911210834982e-05,1770723223.0757556,12279,3966,2.6609911210834982e-05,0.0002660991121083498,0.0002660991121083498,4120.359777205,,,,,,,,,,,
,1770723223.2197144,12279,3967,,,,4120.503682594,142.0,0.013510651886463165,,,,,,,,,
2.6579051278531552e-05,1770723226.108438,12289,3968,2.6579051278531552e-05,0.0002657905127853155,0.0002657905127853155,4123.392630654,,,,,,,,,,,
2.6579051278531552e-05,1770723226.267859,12289,3969,2.6579051278531552e-05,0.0002657905127853155,0.0002657905127853155,4123.551905044,,,,,,,,,,,
,1770723226.412435,12289,3970,,,,4123.696408023,142.0,0.02116064727306366,,,,,,,,,
,1770723230.307674,12297,3971,,,,4127.5919295,142.0,,5.344202995300293,0.08900265395641327,5.344202995300293,0.9117418527603149,,,,,
,1770723230.3093991,12297,3972,,,,4127.593340735,142.0,,,,,,0.021822400391101837,2.9920027256011963,,,
2.6548191998153925e-05,1770723230.6463833,12299,3973,2.6548191998153925e-05,0.0002654819199815393,0.0002654819199815393,4127.930464894,,,,,,,,,,,
2.6548191998153925e-05,1770723230.8056295,12299,3974,2.6548191998153925e-05,0.0002654819199815393,0.0002654819199815393,4128.089690149,,,,,,,,,,,
,1770723230.9501233,12299,3975,,,,4128.234096723,143.0,0.03269951790571213,,,,,,,,,
2.651733020320535e-05,1770723233.8409433,12309,3976,2.651733020320535e-05,0.00026517330203205345,0.00026517330203205345,4131.125096715,,,,,,,,,,,
2.651733020320535e-05,1770723233.9997604,12309,3977,2.651733020320535e-05,0.00026517330203205345,0.00026517330203205345,4131.286056653,,,,,,,,,,,
,1770723234.144174,12309,3978,,,,4131.428208551,143.0,0.024961762130260468,,,,,,,,,
2.6486463192850354e-05,1770723237.1445436,12319,3979,2.6486463192850354e-05,0.0002648646319285035,0.0002648646319285035,4134.428733653,,,,,,,,,,,
2.6486463192850354e-05,1770723237.3041096,12319,3980,2.6486463192850354e-05,0.0002648646319285035,0.0002648646319285035,4134.588162405,,,,,,,,,,,
,1770723237.4479587,12319,3981,,,,4134.731946901,143.0,0.02294016256928444,,,,,,,,,
2.645559683442116e-05,1770723240.3385236,12329,3982,2.645559683442116e-05,0.0002645559683442116,0.0002645559683442116,4137.622704153,,,,,,,,,,,
2.645559683442116e-05,1770723240.4982579,12329,3983,2.645559683442116e-05,0.0002645559683442116,0.0002645559683442116,4137.782302419,,,,,,,,,,,
,1770723240.6429336,12329,3984,,,,4137.926914612,143.0,0.032319679856300354,,,,,,,,,
2.6424725353717804e-05,1770723243.5352385,12339,3985,2.6424725353717804e-05,0.000264247253537178,0.000264247253537178,4140.819415065,,,,,,,,,,,
2.6424725353717804e-05,1770723243.694746,12339,3986,2.6424725353717804e-05,0.000264247253537178,0.000264247253537178,4140.978798248,,,,,,,,,,,
,1770723243.8390913,12339,3987,,,,4141.123086012,143.0,0.016524773091077805,,,,,,,,,
2.6393854524940252e-05,1770723246.7310402,12349,3988,2.6393854524940252e-05,0.0002639385452494025,0.0002639385452494025,4144.015252459,,,,,,,,,,,
2.6393854524940252e-05,1770723246.8909376,12349,3989,2.6393854524940252e-05,0.0002639385452494025,0.0002639385452494025,4144.174988723,,,,,,,,,,,
,1770723247.0351148,12349,3990,,,,4144.319108534,143.0,0.014744317159056664,,,,,,,,,
2.6362981740385295e-05,1770723249.9270499,12359,3991,2.6362981740385295e-05,0.00026362981740385297,0.00026362981740385297,4147.21124958,,,,,,,,,,,
2.6362981740385295e-05,1770723250.0864155,12359,3992,2.6362981740385295e-05,0.00026362981740385297,0.00026362981740385297,4147.370459832,,,,,,,,,,,
,1770723250.2307634,12359,3993,,,,4147.514741957,143.0,0.02735418826341629,,,,,,,,,
2.633210374042392e-05,1770723253.1238275,12369,3994,2.633210374042392e-05,0.00026332103740423917,0.00026332103740423917,4150.408051199,,,,,,,,,,,
2.633210374042392e-05,1770723253.2836044,12369,3995,2.633210374042392e-05,0.00026332103740423917,0.00026332103740423917,4150.567636616,,,,,,,,,,,
,1770723253.4277632,12369,3996,,,,4150.711728485,143.0,0.018238257616758347,,,,,,,,,
2.6301226764917375e-05,1770723256.3204253,12379,3997,2.6301226764917375e-05,0.00026301226764917373,0.00026301226764917373,4153.604615408,,,,,,,,,,,
2.6301226764917375e-05,1770723256.4804456,12379,3998,2.6301226764917375e-05,0.00026301226764917373,0.00026301226764917373,4153.764497672,,,,,,,,,,,
,1770723256.6244335,12379,3999,,,,4153.908415898,143.0,0.018168415874242783,,,,,,,,,
,1770723259.2457452,12383,4000,,,,4156.530003986,143.0,,5.0842814445495605,0.08031541854143143,5.084281921386719,0.9203671813011169,,,,,
,1770723259.2474465,12383,4001,,,,4156.531387349,143.0,,,,,,0.022959036752581596,3.07214617729187,,,
2.6270344853401187e-05,1770723260.862251,12389,4002,2.6270344853401187e-05,0.00026270344853401183,0.00026270344853401183,4158.146440112,,,,,,,,,,,
2.6270344853401187e-05,1770723261.022401,12389,4003,2.6270344853401187e-05,0.00026270344853401183,0.00026270344853401183,4158.306448485,,,,,,,,,,,
,1770723261.167048,12389,4004,,,,4158.451020706,144.0,0.026538493111729622,,,,,,,,,
2.623946387320757e-05,1770723264.058268,12399,4005,2.623946387320757e-05,0.0002623946387320757,0.0002623946387320757,4161.342466753,,,,,,,,,,,
2.623946387320757e-05,1770723264.2181108,12399,4006,2.623946387320757e-05,0.0002623946387320757,0.0002623946387320757,4161.502167944,,,,,,,,,,,
,1770723264.3629076,12399,4007,,,,4161.646884382,144.0,0.020604928955435753,,,,,,,,,
2.6208578050136566e-05,1770723267.255011,12409,4008,2.6208578050136566e-05,0.00026208578050136564,0.00026208578050136564,4164.539226745,,,,,,,,,,,
2.6208578050136566e-05,1770723267.4143384,12409,4009,2.6208578050136566e-05,0.00026208578050136564,0.00026208578050136564,4164.698391047,,,,,,,,,,,
,1770723267.5588088,12409,4010,,,,4164.842784319,144.0,0.02373994141817093,,,,,,,,,
2.6177693437784912e-05,1770723270.4489794,12419,4011,2.6177693437784912e-05,0.0002617769343778491,0.0002617769343778491,4167.733165336,,,,,,,,,,,
2.6177693437784912e-05,1770723270.6089225,12419,4012,2.6177693437784912e-05,0.0002617769343778491,0.0002617769343778491,4167.892977433,,,,,,,,,,,
,1770723270.7530346,12419,4013,,,,4168.037024153,144.0,0.017740583047270775,,,,,,,,,
2.6146806962788105e-05,1770723273.6449249,12429,4014,2.6146806962788105e-05,0.00026146806962788104,0.00026146806962788104,4170.929097415,,,,,,,,,,,
2.6146806962788105e-05,1770723273.804312,12429,4015,2.6146806962788105e-05,0.00026146806962788104,0.00026146806962788104,4171.088355949,,,,,,,,,,,
,1770723273.9501026,12429,4016,,,,4171.234273395,144.0,0.022251050919294357,,,,,,,,,
2.611591573804617e-05,1770723276.856108,12439,4017,2.611591573804617e-05,0.0002611591573804617,0.0002611591573804617,4174.143117236,,,,,,,,,,,
2.611591573804617e-05,1770723277.0151033,12439,4018,2.611591573804617e-05,0.0002611591573804617,0.0002611591573804617,4174.302079783,,,,,,,,,,,
,1770723277.1599116,12439,4019,,,,4174.443960992,144.0,0.022514842450618744,,,,,,,,,
2.608502581715584e-05,1770723280.054349,12449,4020,2.608502581715584e-05,0.0002608502581715584,0.0002608502581715584,4177.338523026,,,,,,,,,,,
2.608502581715584e-05,1770723280.2139187,12449,4021,2.608502581715584e-05,0.0002608502581715584,0.0002608502581715584,4177.497974459,,,,,,,,,,,
,1770723280.3584197,12449,4022,,,,4177.642401872,144.0,0.011440174654126167,,,,,,,,,
2.6054131239652634e-05,1770723283.3075407,12459,4023,2.6054131239652634e-05,0.00026054131239652633,0.00026054131239652633,4180.591725096,,,,,,,,,,,
2.6054131239652634e-05,1770723283.467413,12459,4024,2.6054131239652634e-05,0.00026054131239652633,0.00026054131239652633,4180.751465364,,,,,,,,,,,
,1770723283.6121697,12459,4025,,,,4180.896155822,144.0,0.021145571023225784,,,,,,,,,
2.6023237966001035e-05,1770723286.676846,12469,4026,2.6023237966001035e-05,0.00026023237966001035,0.00026023237966001035,4183.961009606,,,,,,,,,,,
2.6023237966001035e-05,1770723286.8260748,12469,4027,2.6023237966001035e-05,0.00026023237966001035,0.00026023237966001035,4184.110130985,,,,,,,,,,,
,1770723286.8824492,12469,4028,,,,4184.166516344,144.0,0.02999766916036606,,,,,,,,,
,1770723288.3811653,12469,4029,,,,4185.665398607,144.0,,4.968017101287842,0.07867829501628876,4.968016624450684,0.9219967126846313,,,,,
,1770723289.9895456,12469,4030,,,,4187.273795213,144.0,,,,,,0.02232293225824833,3.043095827102661,,,
2.5992340222001075e-05,1770723292.9004686,12479,4031,2.5992340222001075e-05,0.0002599234022200108,0.0002599234022200108,4190.187138884,,,,,,,,,,,
2.5992340222001075e-05,1770723293.0607703,12479,4032,2.5992340222001075e-05,0.0002599234022200108,0.0002599234022200108,4190.347075027,,,,,,,,,,,
,1770723293.205422,12479,4033,,,,4190.489481025,145.0,0.019268207252025604,,,,,,,,,
2.5961443968117238e-05,1770723296.1060255,12489,4034,2.5961443968117238e-05,0.00025961443968117236,0.00025961443968117236,4193.390116519,,,,,,,,,,,
2.5961443968117238e-05,1770723296.2653286,12489,4035,2.5961443968117238e-05,0.00025961443968117236,0.00025961443968117236,4193.549352127,,,,,,,,,,,
,1770723296.4102902,12489,4036,,,,4193.694296927,145.0,0.018562305718660355,,,,,,,,,
2.593054622411728e-05,1770723299.3019617,12499,4037,2.593054622411728e-05,0.0002593054622411728,0.0002593054622411728,4196.589141308,,,,,,,,,,,
2.593054622411728e-05,1770723299.4618967,12499,4038,2.593054622411728e-05,0.0002593054622411728,0.0002593054622411728,4196.749073115,,,,,,,,,,,
,1770723299.6068559,12499,4039,,,,4196.89089327,145.0,0.019398566335439682,,,,,,,,,
2.5899644009768965e-05,1770723302.500505,12509,4040,2.5899644009768965e-05,0.0002589964400976896,0.0002589964400976896,4199.784688148,,,,,,,,,,,
2.5899644009768965e-05,1770723302.6604137,12509,4041,2.5899644009768965e-05,0.0002589964400976896,0.0002589964400976896,4199.947085196,,,,,,,,,,,
,1770723302.805119,12509,4042,,,,4200.089194137,145.0,0.030670002102851868,,,,,,,,,
2.586874347180128e-05,1770723305.6995273,12519,4043,2.586874347180128e-05,0.0002586874347180128,0.0002586874347180128,4202.983716838,,,,,,,,,,,
2.586874347180128e-05,1770723305.859507,12519,4044,2.586874347180128e-05,0.0002586874347180128,0.0002586874347180128,4203.146074266,,,,,,,,,,,
,1770723306.0044994,12519,4045,,,,4203.288540334,145.0,0.02205447107553482,,,,,,,,,
2.58378385566175e-05,1770723309.0038352,12529,4046,2.58378385566175e-05,0.000258378385566175,0.000258378385566175,4206.288015206,,,,,,,,,,,
2.58378385566175e-05,1770723309.1636834,12529,4047,2.58378385566175e-05,0.000258378385566175,0.000258378385566175,4206.450089447,,,,,,,,,,,
,1770723309.3083677,12529,4048,,,,4206.592403817,145.0,0.02241160348057747,,,,,,,,,
2.5806935410946607e-05,1770723312.2095554,12539,4049,2.5806935410946607e-05,0.00025806935410946607,0.00025806935410946607,4209.493748563,,,,,,,,,,,
2.5806935410946607e-05,1770723312.3695827,12539,4050,2.5806935410946607e-05,0.00025806935410946607,0.00025806935410946607,4209.653626848,,,,,,,,,,,
,1770723312.5141764,12539,4051,,,,4209.798203714,145.0,0.014473842456936836,,,,,,,,,
2.577603100799024e-05,1770723315.4147446,12549,4052,2.577603100799024e-05,0.0002577603100799024,0.0002577603100799024,4212.698944589,,,,,,,,,,,
2.577603100799024e-05,1770723315.574657,12549,4053,2.577603100799024e-05,0.0002577603100799024,0.0002577603100799024,4212.858713178,,,,,,,,,,,
,1770723315.719187,12549,4054,,,,4213.003243224,145.0,0.018595993518829346,,,,,,,,,
,1770723318.9828787,12555,4055,,,,4216.267125458,145.0,,5.1230149269104,0.08356692641973495,5.1230149269104,0.9171329736709595,,,,,
,1770723318.9843574,12555,4056,,,,4216.268260437,145.0,,,,,,0.021377649158239365,2.9715888500213623,,,
2.574512241408229e-05,1770723319.962701,12559,4057,2.574512241408229e-05,0.0002574512241408229,0.0002574512241408229,4217.246855822,,,,,,,,,,,
2.574512241408229e-05,1770723320.122511,12559,4058,2.574512241408229e-05,0.0002574512241408229,0.0002574512241408229,4217.409089153,,,,,,,,,,,
,1770723320.2672613,12559,4059,,,,4217.551323131,146.0,0.026923444122076035,,,,,,,,,
2.5714215682819486e-05,1770723323.1683443,12569,4060,2.5714215682819486e-05,0.0002571421568281949,0.0002571421568281949,4220.452481867,,,,,,,,,,,
2.5714215682819486e-05,1770723323.3282485,12569,4061,2.5714215682819486e-05,0.0002571421568281949,0.0002571421568281949,4220.612246962,,,,,,,,,,,
,1770723323.4731066,12569,4062,,,,4220.757138871,146.0,0.01315184123814106,,,,,,,,,
2.5683304900303486e-05,1770723326.3709698,12579,4063,2.5683304900303486e-05,0.00025683304900303485,0.00025683304900303485,4223.655129785,,,,,,,,,,,
2.5683304900303486e-05,1770723326.5875356,12579,4064,2.5683304900303486e-05,0.00025683304900303485,0.00025683304900303485,4223.871652788,,,,,,,,,,,
,1770723326.731624,12579,4065,,,,4224.015595949,146.0,0.017510151490569115,,,,,,,,,
2.565239602699876e-05,1770723329.6620486,12589,4066,2.565239602699876e-05,0.0002565239602699876,0.0002565239602699876,4226.946237922,,,,,,,,,,,
2.565239602699876e-05,1770723329.8219688,12589,4067,2.565239602699876e-05,0.0002565239602699876,0.0002565239602699876,4227.109118837,,,,,,,,,,,
,1770723329.966467,12589,4068,,,,4227.250451157,146.0,0.016182083636522293,,,,,,,,,
2.5621483195573093e-05,1770723332.869552,12599,4069,2.5621483195573093e-05,0.0002562148319557309,0.0002562148319557309,4230.153692611,,,,,,,,,,,
2.5621483195573093e-05,1770723333.0298862,12599,4070,2.5621483195573093e-05,0.0002562148319557309,0.0002562148319557309,4230.313929264,,,,,,,,,,,
,1770723333.1747591,12599,4071,,,,4230.458753983,146.0,0.04478999227285385,,,,,,,,,
2.559057236649096e-05,1770723336.0737247,12609,4072,2.559057236649096e-05,0.0002559057236649096,0.0002559057236649096,4233.357800387,,,,,,,,,,,
2.559057236649096e-05,1770723336.2334988,12609,4073,2.559057236649096e-05,0.0002559057236649096,0.0002559057236649096,4233.517527824,,,,,,,,,,,
,1770723336.378583,12609,4074,,,,4233.662625953,146.0,0.01942126266658306,,,,,,,,,
2.5559660606086256e-05,1770723339.2759073,12619,4075,2.5559660606086256e-05,0.00025559660606086254,0.00025559660606086254,4236.560111845,,,,,,,,,,,
2.5559660606086256e-05,1770723339.4356577,12619,4076,2.5559660606086256e-05,0.00025559660606086254,0.00025559660606086254,4236.72209621,,,,,,,,,,,
,1770723339.5803623,12619,4077,,,,4236.864336587,146.0,0.022387154400348663,,,,,,,,,
2.5528745073825123e-05,1770723342.481709,12629,4078,2.5528745073825123e-05,0.00025528745073825123,0.00025528745073825123,4239.765895438,,,,,,,,,,,
2.5528745073825123e-05,1770723342.641581,12629,4079,2.5528745073825123e-05,0.00025528745073825123,0.00025528745073825123,4239.925637256,,,,,,,,,,,
,1770723342.7860267,12629,4080,,,,4240.070095242,146.0,0.01665908843278885,,,,,,,,,
2.5497831683605912e-05,1770723345.7244315,12639,4081,2.5497831683605912e-05,0.0002549783168360591,0.0002549783168360591,4243.008630495,,,,,,,,,,,
2.5497831683605912e-05,1770723345.8848598,12639,4082,2.5497831683605912e-05,0.0002549783168360591,0.0002549783168360591,4243.172087687,,,,,,,,,,,
,1770723346.029692,12639,4083,,,,4243.31372852,146.0,0.020899126306176186,,,,,,,,,
,1770723348.0132763,12641,4084,,,,4245.297463461,146.0,,5.219681739807129,0.08745874464511871,5.219682216644287,0.9132670164108276,,,,,
,1770723348.0147603,12641,4085,,,,4245.298675386,146.0,,,,,,0.02121417038142681,2.968803882598877,,,
2.5466914568096402e-05,1770723350.2715971,12649,4086,2.5466914568096402e-05,0.000254669145680964,0.000254669145680964,4247.555778606,,,,,,,,,,,
2.5466914568096402e-05,1770723350.4637663,12649,4087,2.5466914568096402e-05,0.000254669145680964,0.000254669145680964,4247.747959256,,,,,,,,,,,
,1770723350.6083639,12649,4088,,,,4247.892497552,147.0,0.023074641823768616,,,,,,,,,
2.543599968776107e-05,1770723353.5727632,12659,4089,2.543599968776107e-05,0.0002543599968776107,0.0002543599968776107,4250.856963741,,,,,,,,,,,
2.543599968776107e-05,1770723353.732518,12659,4090,2.543599968776107e-05,0.0002543599968776107,0.0002543599968776107,4251.016572328,,,,,,,,,,,
,1770723353.8773134,12659,4091,,,,4251.161358977,147.0,0.014261908829212189,,,,,,,,,
2.5405081175267698e-05,1770723356.7780356,12669,4092,2.5405081175267698e-05,0.000254050811752677,0.000254050811752677,4254.06220283,,,,,,,,,,,
2.5405081175267698e-05,1770723356.9380486,12669,4093,2.5405081175267698e-05,0.000254050811752677,0.000254050811752677,4254.225092176,,,,,,,,,,,
,1770723357.0830338,12669,4094,,,,4254.367103227,147.0,0.01854364015161991,,,,,,,,,
2.5374165014363828e-05,1770723359.9813254,12679,4095,2.5374165014363828e-05,0.00025374165014363823,0.00025374165014363823,4257.268129461,,,,,,,,,,,
2.5374165014363828e-05,1770723360.1407897,12679,4096,2.5374165014363828e-05,0.00025374165014363823,0.00025374165014363823,4257.427061749,,,,,,,,,,,
,1770723360.285777,12679,4097,,,,4257.569902008,147.0,0.030035242438316345,,,,,,,,,
2.534324829466641e-05,1770723363.187805,12689,4098,2.534324829466641e-05,0.0002534324829466641,0.0002534324829466641,4260.474158062,,,,,,,,,,,
2.534324829466641e-05,1770723363.3476977,12689,4099,2.534324829466641e-05,0.0002534324829466641,0.0002534324829466641,4260.634093991,,,,,,,,,,,
,1770723363.492177,12689,4100,,,,4260.77624361,147.0,0.018909815698862076,,,,,,,,,
2.5312328059226277e-05,1770723366.4173295,12699,4101,2.5312328059226277e-05,0.00025312328059226276,0.00025312328059226276,4263.701452369,,,,,,,,,,,
2.5312328059226277e-05,1770723366.5769243,12699,4102,2.5312328059226277e-05,0.00025312328059226276,0.00025312328059226276,4263.860967314,,,,,,,,,,,
,1770723366.7218397,12699,4103,,,,4264.005862347,147.0,0.016070621088147163,,,,,,,,,
2.528141033835709e-05,1770723369.6706886,12709,4104,2.528141033835709e-05,0.00025281410338357093,0.00025281410338357093,4266.957129638,,,,,,,,,,,
2.528141033835709e-05,1770723369.8305445,12709,4105,2.528141033835709e-05,0.00025281410338357093,0.00025281410338357093,4267.117068661,,,,,,,,,,,
,1770723369.9747758,12709,4106,,,,4267.258805518,147.0,0.0141637297347188,,,,,,,,,
2.5250489194877448e-05,1770723372.8695538,12719,4107,2.5250489194877448e-05,0.00025250489194877446,0.00025250489194877446,4270.153736994,,,,,,,,,,,
2.5250489194877448e-05,1770723373.0295942,12719,4108,2.5250489194877448e-05,0.00025250489194877446,0.00025250489194877446,4270.313653714,,,,,,,,,,,
,1770723373.1740057,12719,4109,,,,4270.457984517,147.0,0.017865220084786415,,,,,,,,,
,1770723377.2798362,12727,4110,,,,4274.564056691,147.0,,5.174984931945801,0.08924098312854767,5.174984455108643,0.9115084409713745,,,,,
,1770723377.2812915,12727,4111,,,,4274.565195856,147.0,,,,,,0.021793905645608902,2.999260902404785,,,
2.521957065910101e-05,1770723377.6184144,12729,4112,2.521957065910101e-05,0.0002521957065910101,0.0002521957065910101,4274.902514902,,,,,,,,,,,
2.521957065910101e-05,1770723377.778942,12729,4113,2.521957065910101e-05,0.0002521957065910101,0.0002521957065910101,4275.062949502,,,,,,,,,,,
,1770723377.92333,12729,4114,,,,4275.207321787,148.0,0.0129325520247221,,,,,,,,,
2.518865177407861e-05,1770723380.87274,12739,4115,2.518865177407861e-05,0.00025188651774078606,0.00025188651774078606,4278.15677111,,,,,,,,,,,
2.518865177407861e-05,1770723381.0325224,12739,4116,2.518865177407861e-05,0.00025188651774078606,0.00025188651774078606,4278.319091018,,,,,,,,,,,
,1770723381.1764698,12739,4117,,,,4278.460427322,148.0,0.01800283044576645,,,,,,,,,
2.5157729629427195e-05,1770723384.071434,12749,4118,2.5157729629427195e-05,0.00025157729629427195,0.00025157729629427195,4281.355625259,,,,,,,,,,,
2.5157729629427195e-05,1770723384.2310069,12749,4119,2.5157729629427195e-05,0.00025157729629427195,0.00025157729629427195,4281.515074344,,,,,,,,,,,
,1770723384.3753338,12749,4120,,,,4281.659363603,148.0,0.02429022826254368,,,,,,,,,
2.5126810220535845e-05,1770723387.2992363,12759,4121,2.5126810220535845e-05,0.00025126810220535846,0.00025126810220535846,4284.583422762,,,,,,,,,,,
2.5126810220535845e-05,1770723387.4592967,12759,4122,2.5126810220535845e-05,0.00025126810220535846,0.00025126810220535846,4284.743350198,,,,,,,,,,,
,1770723387.603335,12759,4123,,,,4284.887321648,148.0,0.01848781481385231,,,,,,,,,
2.5095887645147743e-05,1770723390.497283,12769,4124,2.5095887645147743e-05,0.00025095887645147744,0.00025095887645147744,4287.781460816,,,,,,,,,,,
2.5095887645147743e-05,1770723390.6572146,12769,4125,2.5095887645147743e-05,0.00025095887645147744,0.00025095887645147744,4287.944096098,,,,,,,,,,,
,1770723390.8019512,12769,4126,,,,4288.086013205,148.0,0.031653039157390594,,,,,,,,,
2.506496789865196e-05,1770723393.6999679,12779,4127,2.506496789865196e-05,0.0002506496789865196,0.0002506496789865196,4290.984135166,,,,,,,,,,,
2.506496789865196e-05,1770723393.8600397,12779,4128,2.506496789865196e-05,0.0002506496789865196,0.0002506496789865196,4291.147088988,,,,,,,,,,,
,1770723394.004552,12779,4129,,,,4291.288899194,148.0,0.013367082923650742,,,,,,,,,
2.503404507006053e-05,1770723397.1498992,12789,4130,2.503404507006053e-05,0.0002503404507006053,0.0002503404507006053,4294.434081319,,,,,,,,,,,
2.503404507006053e-05,1770723397.3098142,12789,4131,2.503404507006053e-05,0.0002503404507006053,0.0002503404507006053,4294.597090143,,,,,,,,,,,
,1770723397.453941,12789,4132,,,,4294.73789806,148.0,0.02088010497391224,,,,,,,,,
2.5003125170769638e-05,1770723400.348031,12799,4133,2.5003125170769638e-05,0.00025003125170769636,0.00025003125170769636,4297.63512015,,,,,,,,,,,
2.5003125170769638e-05,1770723400.5078166,12799,4134,2.5003125170769638e-05,0.00025003125170769636,0.00025003125170769636,4297.795071961,,,,,,,,,,,
,1770723400.652283,12799,4135,,,,4297.936344668,148.0,0.017024550586938858,,,,,,,,,
2.4972205265657977e-05,1770723403.5490575,12809,4136,2.4972205265657977e-05,0.00024972205265657974,0.00024972205265657974,4300.833241276,,,,,,,,,,,
2.4972205265657977e-05,1770723403.7087593,12809,4137,2.4972205265657977e-05,0.00024972205265657974,0.00024972205265657974,4300.992818302,,,,,,,,,,,
,1770723403.852738,12809,4138,,,,4301.136719086,148.0,0.027924038469791412,,,,,,,,,
,1770723406.5419388,12813,4139,,,,4303.826181308,148.0,,5.066215515136719,0.08278282731771469,5.066215515136719,0.9179030060768127,,,,,
,1770723406.5440204,12813,4140,,,,4303.827951593,148.0,,,,,,0.021488629281520844,2.967815399169922,,,
2.49412824283354e-05,1770723408.1619613,12819,4141,2.49412824283354e-05,0.000249412824283354,0.000249412824283354,4305.446123879,,,,,,,,,,,
2.49412824283354e-05,1770723408.321748,12819,4142,2.49412824283354e-05,0.000249412824283354,0.000249412824283354,4305.606175019,,,,,,,,,,,
,1770723408.4666648,12819,4143,,,,4305.750718761,149.0,0.01696561649441719,,,,,,,,,
2.4910362652735787e-05,1770723411.361824,12829,4144,2.4910362652735787e-05,0.00024910362652735786,0.00024910362652735786,4308.645946718,,,,,,,,,,,
2.4910362652735787e-05,1770723411.5216615,12829,4145,2.4910362652735787e-05,0.00024910362652735786,0.00024910362652735786,4308.808085662,,,,,,,,,,,
,1770723411.6665363,12829,4146,,,,4308.950532206,149.0,0.010510751977562904,,,,,,,,,
2.487944003660232e-05,1770723414.6205838,12839,4147,2.487944003660232e-05,0.0002487944003660232,0.0002487944003660232,4311.904769358,,,,,,,,,,,
2.487944003660232e-05,1770723414.7804434,12839,4148,2.487944003660232e-05,0.0002487944003660232,0.0002487944003660232,4312.06709298,,,,,,,,,,,
,1770723414.9250412,12839,4149,,,,4312.209086892,149.0,0.025044068694114685,,,,,,,,,
2.484852059278637e-05,1770723417.823385,12849,4150,2.484852059278637e-05,0.00024848520592786374,0.00024848520592786374,4315.107568523,,,,,,,,,,,
2.484852059278637e-05,1770723417.983416,12849,4151,2.484852059278637e-05,0.00024848520592786374,0.00024848520592786374,4315.270092085,,,,,,,,,,,
,1770723418.1285493,12849,4152,,,,4315.41257214,149.0,0.02435350976884365,,,,,,,,,
2.4817601370159538e-05,1770723421.0221412,12859,4153,2.4817601370159538e-05,0.0002481760137015954,0.0002481760137015954,4318.306336115,,,,,,,,,,,
2.4817601370159538e-05,1770723421.182219,12859,4154,2.4817601370159538e-05,0.0002481760137015954,0.0002481760137015954,4318.466260924,,,,,,,,,,,
,1770723421.326764,12859,4155,,,,4318.610776433,149.0,0.01986834965646267,,,,,,,,,
2.4786679446697235e-05,1770723424.2277658,12869,4156,2.4786679446697235e-05,0.00024786679446697237,0.00024786679446697237,4321.511942059,,,,,,,,,,,
2.4786679446697235e-05,1770723424.3881452,12869,4157,2.4786679446697235e-05,0.00024786679446697237,0.00024786679446697237,4321.672196765,,,,,,,,,,,
,1770723424.532838,12869,4158,,,,4321.816892725,149.0,0.017070282250642776,,,,,,,,,
2.4755760841071606e-05,1770723427.4333034,12879,4159,2.4755760841071606e-05,0.00024755760841071604,0.00024755760841071604,4324.717488141,,,,,,,,,,,
2.4755760841071606e-05,1770723427.5930684,12879,4160,2.4755760841071606e-05,0.00024755760841071604,0.00024755760841071604,4324.880103721,,,,,,,,,,,
,1770723427.7379298,12879,4161,,,,4325.021958133,149.0,0.03186746686697006,,,,,,,,,
2.472483962774277e-05,1770723430.6457303,12889,4162,2.472483962774277e-05,0.0002472483962774277,0.0002472483962774277,4327.929926035,,,,,,,,,,,
2.472483962774277e-05,1770723430.8058357,12889,4163,2.472483962774277e-05,0.0002472483962774277,0.0002472483962774277,4328.089866668,,,,,,,,,,,
,1770723430.950574,12889,4164,,,,4328.234607776,149.0,0.021689526736736298,,,,,,,,,
2.469392181374133e-05,1770723433.846564,12899,4165,2.469392181374133e-05,0.00024693921813741325,0.00024693921813741325,4331.133125858,,,,,,,,,,,
2.469392181374133e-05,1770723433.995737,12899,4166,2.469392181374133e-05,0.00024693921813741325,0.00024693921813741325,4331.279837543,,,,,,,,,,,
,1770723434.052948,12899,4167,,,,4331.336961,149.0,0.010058609768748283,,,,,,,,,
,1770723435.49488,12899,4168,,,,4332.779132318,149.0,,5.087655544281006,0.08357017487287521,5.087655544281006,0.9171307682991028,,,,,
,1770723435.4963677,12899,4169,,,,4332.780266075,149.0,,,,,,0.019544798880815506,2.8375165462493896,,,
2.466300146188587e-05,1770723438.3937492,12909,4170,2.466300146188587e-05,0.0002466300146188587,0.0002466300146188587,4335.677901664,,,,,,,,,,,
2.466300146188587e-05,1770723438.5532308,12909,4171,2.466300146188587e-05,0.0002466300146188587,0.0002466300146188587,4335.840086946,,,,,,,,,,,
,1770723438.697887,12909,4172,,,,4335.981939755,150.0,0.015602091327309608,,,,,,,,,
2.4632084649056198e-05,1770723441.6208718,12919,4173,2.4632084649056198e-05,0.00024632084649056196,0.00024632084649056196,4338.905016336,,,,,,,,,,,
2.4632084649056198e-05,1770723441.780014,12919,4174,2.4632084649056198e-05,0.00024632084649056196,0.00024632084649056196,4339.064064264,,,,,,,,,,,
,1770723441.924784,12919,4175,,,,4339.208795487,150.0,0.014558054506778717,,,,,,,,,
2.4601168371737004e-05,1770723444.8576272,12929,4176,2.4601168371737004e-05,0.00024601168371737,0.00024601168371737,4342.144145634,,,,,,,,,,,
2.4601168371737004e-05,1770723445.0171263,12929,4177,2.4601168371737004e-05,0.00024601168371737,0.00024601168371737,4342.301112699,,,,,,,,,,,
,1770723445.1617203,12929,4178,,,,4342.445853216,150.0,0.011757729575037956,,,,,,,,,
2.4570249719545247e-05,1770723448.0596566,12939,4179,2.4570249719545247e-05,0.00024570249719545244,0.00024570249719545244,4345.346124905,,,,,,,,,,,
2.4570249719545247e-05,1770723448.2192504,12939,4180,2.4570249719545247e-05,0.00024570249719545244,0.00024570249719545244,4345.505139593,,,,,,,,,,,
,1770723448.3642964,12939,4181,,,,4345.648371157,150.0,0.01930866576731205,,,,,,,,,
2.4539334699511528e-05,1770723451.2606566,12949,4182,2.4539334699511528e-05,0.00024539334699511526,0.00024539334699511526,4348.544845086,,,,,,,,,,,
2.4539334699511528e-05,1770723451.4199882,12949,4183,2.4539334699511528e-05,0.00024539334699511526,0.00024539334699511526,4348.70404963,,,,,,,,,,,
,1770723451.565137,12949,4184,,,,4348.849225752,150.0,0.01791716367006302,,,,,,,,,
2.450841744430363e-05,1770723454.4674294,12959,4185,2.450841744430363e-05,0.0002450841744430363,0.0002450841744430363,4351.751643146,,,,,,,,,,,
2.450841744430363e-05,1770723454.6269526,12959,4186,2.450841744430363e-05,0.0002450841744430363,0.0002450841744430363,4351.911018477,,,,,,,,,,,
,1770723454.7720644,12959,4187,,,,4352.056132745,150.0,0.030675645917654037,,,,,,,,,
2.4477503914386035e-05,1770723457.7789385,12969,4188,2.4477503914386035e-05,0.0002447750391438603,0.0002447750391438603,4355.063122885,,,,,,,,,,,
2.4477503914386035e-05,1770723457.9386775,12969,4189,2.4477503914386035e-05,0.0002447750391438603,0.0002447750391438603,4355.225086302,,,,,,,,,,,
,1770723458.0832841,12969,4190,,,,4355.367319983,150.0,0.0232057124376297,,,,,,,,,
2.4446588149294258e-05,1770723460.9769955,12979,4191,2.4446588149294258e-05,0.0002444658814929426,0.0002444658814929426,4358.261191515,,,,,,,,,,,
2.4446588149294258e-05,1770723461.136811,12979,4192,2.4446588149294258e-05,0.0002444658814929426,0.0002444658814929426,4358.424101988,,,,,,,,,,,
,1770723461.281292,12979,4193,,,,4358.565345338,150.0,0.01752014271914959,,,,,,,,,
,1770723464.5438433,12985,4194,,,,4361.827996553,150.0,,5.240241050720215,0.08617754280567169,5.240241527557373,0.9145416617393494,,,,,
,1770723464.5458999,12985,4195,,,,4361.829842432,150.0,,,,,,0.01985023356974125,2.8794057369232178,,,
2.4415676249191166e-05,1770723465.5494263,12989,4196,2.4415676249191166e-05,0.00024415676249191166,0.00024415676249191166,4362.833610604,,,,,,,,,,,
2.4415676249191166e-05,1770723465.7095294,12989,4197,2.4415676249191166e-05,0.00024415676249191166,0.00024415676249191166,4362.993584285,,,,,,,,,,,
,1770723465.8542502,12989,4198,,,,4363.138293013,151.0,0.013701181858778,,,,,,,,,
2.438476523384452e-05,1770723468.7842357,12999,4199,2.438476523384452e-05,0.0002438476523384452,0.0002438476523384452,4366.06838358,,,,,,,,,,,
2.438476523384452e-05,1770723468.94403,12999,4200,2.438476523384452e-05,0.0002438476523384452,0.0002438476523384452,4366.231085459,,,,,,,,,,,
,1770723469.08884,12999,4201,,,,4366.372910064,151.0,0.01895933970808983,,,,,,,,,
2.4353852216154337e-05,1770723471.9903586,13009,4202,2.4353852216154337e-05,0.00024353852216154337,0.00024353852216154337,4369.277143858,,,,,,,,,,,
2.4353852216154337e-05,1770723472.1498525,13009,4203,2.4353852216154337e-05,0.00024353852216154337,0.00024353852216154337,4369.433836789,,,,,,,,,,,
,1770723472.2946022,13009,4204,,,,4369.578629613,151.0,0.03345919027924538,,,,,,,,,
2.432294311001897e-05,1770723475.1927748,13019,4205,2.432294311001897e-05,0.0002432294311001897,0.0002432294311001897,4372.476960045,,,,,,,,,,,
2.432294311001897e-05,1770723475.3527057,13019,4206,2.432294311001897e-05,0.0002432294311001897,0.0002432294311001897,4372.63908145,,,,,,,,,,,
,1770723475.497601,13019,4207,,,,4372.781626739,151.0,0.02202260121703148,,,,,,,,,
2.4292032094672325e-05,1770723478.3996398,13029,4208,2.4292032094672325e-05,0.00024292032094672323,0.00024292032094672323,4375.686129793,,,,,,,,,,,
2.4292032094672325e-05,1770723478.5592587,13029,4209,2.4292032094672325e-05,0.00024292032094672323,0.00024292032094672323,4375.843295496,,,,,,,,,,,
,1770723478.7038708,13029,4210,,,,4375.987865995,151.0,0.018658431246876717,,,,,,,,,
2.4261125130578876e-05,1770723481.8818893,13039,4211,2.4261125130578876e-05,0.00024261125130578876,0.00024261125130578876,4379.166086771,,,,,,,,,,,
2.4261125130578876e-05,1770723482.0418682,13039,4212,2.4261125130578876e-05,0.00024261125130578876,0.00024261125130578876,4379.3291476,,,,,,,,,,,
,1770723482.1863148,13039,4213,,,,4379.470338881,151.0,0.017384406179189682,,,,,,,,,
2.423021933063865e-05,1770723485.0896876,13049,4214,2.423021933063865e-05,0.00024230219330638648,0.00024230219330638648,4382.373881102,,,,,,,,,,,
2.423021933063865e-05,1770723485.2497127,13049,4215,2.423021933063865e-05,0.00024230219330638648,0.00024230219330638648,4382.536080152,,,,,,,,,,,
,1770723485.3941581,13049,4216,,,,4382.678188794,151.0,0.021134033799171448,,,,,,,,,
2.41993117146194e-05,1770723488.5701072,13059,4217,2.41993117146194e-05,0.00024199311714619398,0.00024199311714619398,4385.857152764,,,,,,,,,,,
2.41993117146194e-05,1770723488.730078,13059,4218,2.41993117146194e-05,0.00024199311714619398,0.00024199311714619398,4386.014129511,,,,,,,,,,,
,1770723488.8745902,13059,4219,,,,4386.158639078,151.0,0.02651500701904297,,,,,,,,,
2.4168408289551737e-05,1770723491.7687597,13069,4220,2.4168408289551737e-05,0.00024168408289551737,0.00024168408289551737,4389.052948322,,,,,,,,,,,
2.4168408289551737e-05,1770723491.9845266,13069,4221,2.4168408289551737e-05,0.00024168408289551737,0.00024168408289551737,4389.26858592,,,,,,,,,,,
,1770723492.1290822,13069,4222,,,,4389.413058411,151.0,0.027050500735640526,,,,,,,,,
,1770723494.112375,13071,4223,,,,4391.396596467,151.0,,5.248354434967041,0.08931680768728256,5.248354911804199,0.9114313125610352,,,,,
,1770723494.1138117,13071,4224,,,,4391.397736794,151.0,,,,,,0.020481787621974945,2.9388363361358643,,,
2.4137503094971183e-05,1770723496.3923936,13079,4225,2.4137503094971183e-05,0.0002413750309497118,0.0002413750309497118,4393.676526575,,,,,,,,,,,
2.4137503094971183e-05,1770723496.552373,13079,4226,2.4137503094971183e-05,0.0002413750309497118,0.0002413750309497118,4393.836425321,,,,,,,,,,,
,1770723496.6970677,13079,4227,,,,4393.981063722,152.0,0.03014109842479229,,,,,,,,,
2.4106602277606727e-05,1770723499.6011908,13089,4228,2.4106602277606727e-05,0.00024106602277606726,0.00024106602277606726,4396.885391523,,,,,,,,,,,
2.4106602277606727e-05,1770723499.7609231,13089,4229,2.4106602277606727e-05,0.00024106602277606726,0.00024106602277606726,4397.044972461,,,,,,,,,,,
,1770723499.905754,13089,4230,,,,4397.189848709,152.0,0.030901754274964333,,,,,,,,,
2.4075699876993896e-05,1770723502.9175527,13099,4231,2.4075699876993896e-05,0.00024075699876993894,0.00024075699876993894,4400.201808751,,,,,,,,,,,
2.4075699876993896e-05,1770723503.077601,13099,4232,2.4075699876993896e-05,0.00024075699876993894,0.00024075699876993894,4400.364137085,,,,,,,,,,,
,1770723503.2220855,13099,4233,,,,4400.506124945,152.0,0.019492583349347115,,,,,,,,,
2.404480176046491e-05,1770723506.1995552,13109,4234,2.404480176046491e-05,0.00024044801760464906,0.00024044801760464906,4403.483780694,,,,,,,,,,,
2.404480176046491e-05,1770723506.41654,13109,4235,2.404480176046491e-05,0.00024044801760464906,0.00024044801760464906,4403.70065953,,,,,,,,,,,
,1770723506.5606356,13109,4236,,,,4403.844603334,152.0,0.024160057306289673,,,,,,,,,
2.4013905227184297e-05,1770723509.4585629,13119,4237,2.4013905227184297e-05,0.00024013905227184297,0.00024013905227184297,4406.742756811,,,,,,,,,,,
2.4013905227184297e-05,1770723509.6185634,13119,4238,2.4013905227184297e-05,0.00024013905227184297,0.00024013905227184297,4406.902631771,,,,,,,,,,,
,1770723509.7630653,13119,4239,,,,4407.047062428,152.0,0.03180401027202606,,,,,,,,,
2.398300711065531e-05,1770723512.6655185,13129,4240,2.398300711065531e-05,0.00023983007110655309,0.00023983007110655309,4409.949709137,,,,,,,,,,,
2.398300711065531e-05,1770723512.8270278,13129,4241,2.398300711065531e-05,0.00023983007110655309,0.00023983007110655309,4410.114093526,,,,,,,,,,,
,1770723512.9718268,13129,4242,,,,4410.255823407,152.0,0.027972767129540443,,,,,,,,,
2.3952113650739194e-05,1770723515.8721044,13139,4243,2.3952113650739194e-05,0.00023952113650739192,0.00023952113650739192,4413.156128998,,,,,,,,,,,
2.3952113650739194e-05,1770723516.0317206,13139,4244,2.3952113650739194e-05,0.00023952113650739192,0.00023952113650739192,4413.315763246,,,,,,,,,,,
,1770723516.1759946,13139,4245,,,,4413.459978498,152.0,0.02635089121758938,,,,,,,,,
2.392121870070696e-05,1770723519.1395419,13149,4246,2.392121870070696e-05,0.0002392121870070696,0.0002392121870070696,4416.425292594,,,,,,,,,,,
2.392121870070696e-05,1770723519.30965,13149,4247,2.392121870070696e-05,0.0002392121870070696,0.0002392121870070696,4416.593765769,,,,,,,,,,,
,1770723519.4541082,13149,4248,,,,4416.738199911,152.0,0.030147194862365723,,,,,,,,,
,1770723523.4180253,13157,4249,,,,4420.702184915,152.0,,5.1998291015625,0.08576115220785141,5.1998291015625,0.9149638414382935,,,,,
,1770723523.4194098,13157,4250,,,,4420.70334384,152.0,,,,,,0.02142743021249771,2.9722726345062256,,,
2.3890328407287597e-05,1770723523.7574267,13159,4251,2.3890328407287597e-05,0.00023890328407287598,0.00023890328407287598,4421.041516977,,,,,,,,,,,
2.3890328407287597e-05,1770723523.9173892,13159,4252,2.3890328407287597e-05,0.00023890328407287598,0.00023890328407287598,4421.20143413,,,,,,,,,,,
,1770723524.0623457,13159,4253,,,,4421.346384349,153.0,0.0408683642745018,,,,,,,,,
2.385943690314889e-05,1770723526.962351,13169,4254,2.385943690314889e-05,0.0002385943690314889,0.0002385943690314889,4424.246516269,,,,,,,,,,,
2.385943690314889e-05,1770723527.1220486,13169,4255,2.385943690314889e-05,0.0002385943690314889,0.0002385943690314889,4424.409090382,,,,,,,,,,,
,1770723527.2669523,13169,4256,,,,4424.550999261,153.0,0.024508295580744743,,,,,,,,,
2.3828550055623055e-05,1770723530.1741827,13179,4257,2.3828550055623055e-05,0.00023828550055623055,0.00023828550055623055,4427.458372161,,,,,,,,,,,
2.3828550055623055e-05,1770723530.3341737,13179,4258,2.3828550055623055e-05,0.00023828550055623055,0.00023828550055623055,4427.618230806,,,,,,,,,,,
,1770723530.4790146,13179,4259,,,,4427.763070978,153.0,0.022463686764240265,,,,,,,,,
2.3797664977610112e-05,1770723533.3811982,13189,4260,2.3797664977610112e-05,0.00023797664977610113,0.00023797664977610113,4430.668143041,,,,,,,,,,,
2.3797664977610112e-05,1770723533.541002,13189,4261,2.3797664977610112e-05,0.00023797664977610113,0.00023797664977610113,4430.828074956,,,,,,,,,,,
,1770723533.6858213,13189,4262,,,,4430.969904706,153.0,0.012471496127545834,,,,,,,,,
2.376677878201008e-05,1770723536.6365154,13199,4263,2.376677878201008e-05,0.0002376677878201008,0.0002376677878201008,4433.923114732,,,,,,,,,,,
2.376677878201008e-05,1770723536.795952,13199,4264,2.376677878201008e-05,0.0002376677878201008,0.0002376677878201008,4434.079987691,,,,,,,,,,,
,1770723536.9403152,13199,4265,,,,4434.224318397,153.0,0.014771265909075737,,,,,,,,,
2.3735897522419692e-05,1770723539.868397,13209,4266,2.3735897522419692e-05,0.0002373589752241969,0.0002373589752241969,4437.152589402,,,,,,,,,,,
2.3735897522419692e-05,1770723540.0283964,13209,4267,2.3735897522419692e-05,0.0002373589752241969,0.0002373589752241969,4437.315090385,,,,,,,,,,,
,1770723540.1723547,13209,4268,,,,4437.456370887,153.0,0.020210012793540955,,,,,,,,,
2.3705015145242215e-05,1770723543.1723406,13219,4269,2.3705015145242215e-05,0.00023705015145242215,0.00023705015145242215,4440.459102288,,,,,,,,,,,
2.3705015145242215e-05,1770723543.3322506,13219,4270,2.3705015145242215e-05,0.00023705015145242215,0.00023705015145242215,4440.619058659,,,,,,,,,,,
,1770723543.476252,13219,4271,,,,4440.760317389,153.0,0.014115847647190094,,,,,,,,,
2.3674137704074384e-05,1770723546.3691034,13229,4272,2.3674137704074384e-05,0.00023674137704074384,0.00023674137704074384,4443.653309442,,,,,,,,,,,
2.3674137704074384e-05,1770723546.5291617,13229,4273,2.3674137704074384e-05,0.00023674137704074384,0.00023674137704074384,4443.813224591,,,,,,,,,,,
,1770723546.6738217,13229,4274,,,,4443.957798442,153.0,0.017612023279070854,,,,,,,,,
2.3643262404948475e-05,1770723549.5651505,13239,4275,2.3643262404948475e-05,0.00023643262404948474,0.00023643262404948474,4446.849338938,,,,,,,,,,,
2.3643262404948475e-05,1770723549.7250109,13239,4276,2.3643262404948475e-05,0.00023643262404948474,0.00023643262404948474,4447.012109355,,,,,,,,,,,
,1770723549.8695931,13239,4277,,,,4447.153564481,153.0,0.02461796998977661,,,,,,,,,
,1770723552.4911137,13243,4278,,,,4449.775361066,153.0,,5.405217170715332,0.09007686376571655,5.405218124389648,0.9106623530387878,,,,,
,1770723552.4928055,13243,4279,,,,4449.77673827,153.0,,,,,,0.02174811065196991,2.991724729537964,,,
2.3612386081367733e-05,1770723554.1088445,13249,4280,2.3612386081367733e-05,0.0002361238608136773,0.0002361238608136773,4451.393043573,,,,,,,,,,,
2.3612386081367733e-05,1770723554.2683082,13249,4281,2.3612386081367733e-05,0.0002361238608136773,0.0002361238608136773,4451.555134478,,,,,,,,,,,
,1770723554.412493,13249,4282,,,,4451.69650817,154.0,0.019456494599580765,,,,,,,,,
2.358151488006115e-05,1770723557.30584,13259,4283,2.358151488006115e-05,0.0002358151488006115,0.0002358151488006115,4454.590068129,,,,,,,,,,,
2.358151488006115e-05,1770723557.4658809,13259,4284,2.358151488006115e-05,0.0002358151488006115,0.0002358151488006115,4454.753091688,,,,,,,,,,,
,1770723557.6104286,13259,4285,,,,4454.894448755,154.0,0.014032067731022835,,,,,,,,,
2.355064293369651e-05,1770723560.5026407,13269,4286,2.355064293369651e-05,0.0002355064293369651,0.0002355064293369651,4457.786843818,,,,,,,,,,,
2.355064293369651e-05,1770723560.6619742,13269,4287,2.355064293369651e-05,0.0002355064293369651,0.0002355064293369651,4457.94602476,,,,,,,,,,,
,1770723560.8064325,13269,4288,,,,4458.090483157,154.0,0.014008590020239353,,,,,,,,,
2.351977610960603e-05,1770723563.6992755,13279,4289,2.351977610960603e-05,0.00023519776109606029,0.00023519776109606029,4460.983486362,,,,,,,,,,,
2.351977610960603e-05,1770723563.8585782,13279,4290,2.351977610960603e-05,0.00023519776109606029,0.00023519776109606029,4461.142631081,,,,,,,,,,,
,1770723564.003204,13279,4291,,,,4461.287185462,154.0,0.013838281854987144,,,,,,,,,
2.3488908633589745e-05,1770723566.8961608,13289,4292,2.3488908633589745e-05,0.00023488908633589745,0.00023488908633589745,4464.180401775,,,,,,,,,,,
2.3488908633589745e-05,1770723567.055602,13289,4293,2.3488908633589745e-05,0.00023488908633589745,0.00023488908633589745,4464.339658282,,,,,,,,,,,
,1770723567.200056,13289,4294,,,,4464.484043177,154.0,0.026049848645925522,,,,,,,,,
2.3458046466112138e-05,1770723570.093041,13299,4295,2.3458046466112138e-05,0.00023458046466112137,0.00023458046466112137,4467.377243023,,,,,,,,,,,
2.3458046466112138e-05,1770723570.2528982,13299,4296,2.3458046466112138e-05,0.00023458046466112137,0.00023458046466112137,4467.536962246,,,,,,,,,,,
,1770723570.3971636,13299,4297,,,,4467.681140631,154.0,0.04748312756419182,,,,,,,,,
2.3427186533808708e-05,1770723573.2898123,13309,4298,2.3427186533808708e-05,0.00023427186533808708,0.00023427186533808708,4470.574040683,,,,,,,,,,,
2.3427186533808708e-05,1770723573.4497023,13309,4299,2.3427186533808708e-05,0.00023427186533808708,0.00023427186533808708,4470.736085817,,,,,,,,,,,
,1770723573.5937977,13309,4300,,,,4470.877813702,154.0,0.017555316910147667,,,,,,,,,
2.339632622897625e-05,1770723576.4860504,13319,4301,2.339632622897625e-05,0.0002339632622897625,0.0002339632622897625,4473.770243153,,,,,,,,,,,
2.339632622897625e-05,1770723576.6457565,13319,4302,2.339632622897625e-05,0.0002339632622897625,0.0002339632622897625,4473.929815885,,,,,,,,,,,
,1770723576.7896705,13319,4303,,,,4474.073651774,154.0,0.015881836414337158,,,,,,,,,
2.336547113955021e-05,1770723579.682543,13329,4304,2.336547113955021e-05,0.0002336547113955021,0.0002336547113955021,4476.966733935,,,,,,,,,,,
2.336547113955021e-05,1770723579.83189,13329,4305,2.336547113955021e-05,0.0002336547113955021,0.0002336547113955021,4477.115897304,,,,,,,,,,,
,1770723579.8891933,13329,4306,,,,4477.173144125,154.0,0.04495304077863693,,,,,,,,,
,1770723581.3306844,13329,4307,,,,4478.614896189,154.0,,5.307974815368652,0.08919402956962585,5.307974815368652,0.911544919013977,,,,,
,1770723581.332286,13329,4308,,,,4478.616200022,154.0,,,,,,0.02157944068312645,2.9853196144104004,,,
2.333461567759514e-05,1770723584.2241795,13339,4309,2.333461567759514e-05,0.00023334615677595138,0.00023334615677595138,4481.508375984,,,,,,,,,,,
2.333461567759514e-05,1770723584.3837864,13339,4310,2.333461567759514e-05,0.00023334615677595138,0.00023334615677595138,4481.667839591,,,,,,,,,,,
,1770723584.5277524,13339,4311,,,,4481.811740017,155.0,0.024631518870592117,,,,,,,,,
2.330376580357552e-05,1770723587.4752433,13349,4312,2.330376580357552e-05,0.00023303765803575516,0.00023303765803575516,4484.7594314,,,,,,,,,,,
2.330376580357552e-05,1770723587.634393,13349,4313,2.330376580357552e-05,0.00023303765803575516,0.00023303765803575516,4484.91845186,,,,,,,,,,,
,1770723587.7791123,13349,4314,,,,4485.063101574,155.0,0.011494318023324013,,,,,,,,,
2.3272918350994588e-05,1770723590.6668754,13359,4315,2.3272918350994588e-05,0.0002327291835099459,0.0002327291835099459,4487.951090597,,,,,,,,,,,
2.3272918350994588e-05,1770723590.8265269,13359,4316,2.3272918350994588e-05,0.0002327291835099459,0.0002327291835099459,4488.110590088,,,,,,,,,,,
,1770723590.9710257,13359,4317,,,,4488.2549996,155.0,0.012838825583457947,,,,,,,,,
2.3242070712149144e-05,1770723593.8578424,13369,4318,2.3242070712149144e-05,0.00023242070712149143,0.00023242070712149143,4491.142049987,,,,,,,,,,,
2.3242070712149144e-05,1770723594.0173068,13369,4319,2.3242070712149144e-05,0.00023242070712149143,0.00023242070712149143,4491.304097664,,,,,,,,,,,
,1770723594.1617413,13369,4320,,,,4491.44574006,155.0,0.021882694214582443,,,,,,,,,
2.321122866123915e-05,1770723597.0505738,13379,4321,2.321122866123915e-05,0.00023211228661239148,0.00023211228661239148,4494.334776795,,,,,,,,,,,
2.321122866123915e-05,1770723597.2098908,13379,4322,2.321122866123915e-05,0.00023211228661239148,0.00023211228661239148,4494.493928742,,,,,,,,,,,
,1770723597.353907,13379,4323,,,,4494.63787758,155.0,0.020540423691272736,,,,,,,,,
2.3180386424064637e-05,1770723600.296574,13389,4324,2.3180386424064637e-05,0.00023180386424064638,0.00023180386424064638,4497.580759311,,,,,,,,,,,
2.3180386424064637e-05,1770723600.4558687,13389,4325,2.3180386424064637e-05,0.00023180386424064638,0.00023180386424064638,4497.739889556,,,,,,,,,,,
,1770723600.6004617,13389,4326,,,,4497.88442695,155.0,0.020717423409223557,,,,,,,,,
2.3149549961090087e-05,1770723603.487645,13399,4327,2.3149549961090087e-05,0.00023149549961090087,0.00023149549961090087,4500.771839234,,,,,,,,,,,
2.3149549961090087e-05,1770723603.6475997,13399,4328,2.3149549961090087e-05,0.00023149549961090087,0.00023149549961090087,4500.934085119,,,,,,,,,,,
,1770723603.7916973,13399,4329,,,,4501.075698571,155.0,0.014988772571086884,,,,,,,,,
2.3118713311851024e-05,1770723606.7076318,13409,4330,2.3118713311851024e-05,0.00023118713311851024,0.00023118713311851024,4503.991823461,,,,,,,,,,,
2.3118713311851024e-05,1770723606.8683367,13409,4331,2.3118713311851024e-05,0.00023118713311851024,0.00023118713311851024,4504.152419783,,,,,,,,,,,
,1770723607.0128455,13409,4332,,,,4504.296864848,155.0,0.024278195574879646,,,,,,,,,
,1770723610.28731,13415,4333,,,,4507.571485522,155.0,,5.096792221069336,0.08435087651014328,5.096792221069336,0.9163615703582764,,,,,
,1770723610.288922,13415,4334,,,,4507.572855164,155.0,,,,,,0.020052285864949226,2.868872880935669,,,
2.3087882436811927e-05,1770723611.2662442,13419,4335,2.3087882436811927e-05,0.00023087882436811924,0.00023087882436811924,4508.550383757,,,,,,,,,,,
2.3087882436811927e-05,1770723611.425835,13419,4336,2.3087882436811927e-05,0.00023087882436811924,0.00023087882436811924,4508.709884819,,,,,,,,,,,
,1770723611.5703547,13419,4337,,,,4508.854330865,156.0,0.021634310483932495,,,,,,,,,
2.3057054728269578e-05,1770723614.4731305,13429,4338,2.3057054728269578e-05,0.00023057054728269576,0.00023057054728269576,4511.757310377,,,,,,,,,,,
2.3057054728269578e-05,1770723614.634483,13429,4339,2.3057054728269578e-05,0.00023057054728269576,0.00023057054728269576,4511.918615917,,,,,,,,,,,
,1770723614.7793565,13429,4340,,,,4512.063399591,156.0,0.01832648739218712,,,,,,,,,
2.3026226833462715e-05,1770723617.7084265,13439,4341,2.3026226833462715e-05,0.00023026226833462715,0.00023026226833462715,4514.992620088,,,,,,,,,,,
2.3026226833462715e-05,1770723617.869285,13439,4342,2.3026226833462715e-05,0.00023026226833462715,0.00023026226833462715,4515.156079811,,,,,,,,,,,
,1770723618.013976,13439,4343,,,,4515.298016128,156.0,0.02335410565137863,,,,,,,,,
2.299540489912033e-05,1770723620.9224133,13449,4344,2.299540489912033e-05,0.0002299540489912033,0.0002299540489912033,4518.20647191,,,,,,,,,,,
2.299540489912033e-05,1770723621.0825408,13449,4345,2.299540489912033e-05,0.0002299540489912033,0.0002299540489912033,4518.369054822,,,,,,,,,,,
,1770723621.2269435,13449,4346,,,,4518.510999992,156.0,0.027806483209133148,,,,,,,,,
2.296458315104246e-05,1770723624.1304555,13459,4347,2.296458315104246e-05,0.00022964583151042462,0.00022964583151042462,4521.414635925,,,,,,,,,,,
2.296458315104246e-05,1770723624.2906258,13459,4348,2.296458315104246e-05,0.00022964583151042462,0.00022964583151042462,4521.574698141,,,,,,,,,,,
,1770723624.4347436,13459,4349,,,,4521.718725386,156.0,0.015892522409558296,,,,,,,,,
2.293376736342907e-05,1770723627.331783,13469,4350,2.293376736342907e-05,0.0002293376736342907,0.0002293376736342907,4524.615974801,,,,,,,,,,,
2.293376736342907e-05,1770723627.4955492,13469,4351,2.293376736342907e-05,0.0002293376736342907,0.0002293376736342907,4524.779697889,,,,,,,,,,,
,1770723627.6402657,13469,4352,,,,4524.92427394,156.0,0.011872595176100731,,,,,,,,,
2.2902951948344708e-05,1770723630.54662,13479,4353,2.2902951948344708e-05,0.00022902951948344707,0.00022902951948344707,4527.830804555,,,,,,,,,,,
2.2902951948344708e-05,1770723630.7140734,13479,4354,2.2902951948344708e-05,0.00022902951948344707,0.00022902951948344707,4527.998274114,,,,,,,,,,,
,1770723630.8590763,13479,4355,,,,4528.143108984,156.0,0.016539689153432846,,,,,,,,,
2.2872142679989338e-05,1770723633.772832,13489,4356,2.2872142679989338e-05,0.0002287214267998934,0.0002287214267998934,4531.060981754,,,,,,,,,,,
2.2872142679989338e-05,1770723633.932968,13489,4357,2.2872142679989338e-05,0.0002287214267998934,0.0002287214267998934,4531.220098797,,,,,,,,,,,
,1770723634.0774586,13489,4358,,,,4531.361523673,156.0,0.021339651197195053,,,,,,,,,
2.2841336578130723e-05,1770723636.976591,13499,4359,2.2841336578130723e-05,0.00022841336578130722,0.00022841336578130722,4534.260792015,,,,,,,,,,,
2.2841336578130723e-05,1770723637.1368332,13499,4360,2.2841336578130723e-05,0.00022841336578130722,0.00022841336578130722,4534.42090393,,,,,,,,,,,
,1770723637.2814424,13499,4361,,,,4534.565448845,156.0,0.03366293013095856,,,,,,,,,
,1770723639.2653978,13501,4362,,,,4536.549568458,156.0,,5.182296276092529,0.0848998948931694,5.1822967529296875,0.9157942533493042,,,,,
,1770723639.2670078,13501,4363,,,,4536.55095764,156.0,,,,,,0.01983467862010002,2.8674046993255615,,,
2.281053084880114e-05,1770723641.528635,13509,4364,2.281053084880114e-05,0.00022810530848801135,0.00022810530848801135,4538.812827117,,,,,,,,,,,
2.281053084880114e-05,1770723641.688394,13509,4365,2.281053084880114e-05,0.00022810530848801135,0.00022810530848801135,4538.972455163,,,,,,,,,,,
,1770723641.8331308,13509,4366,,,,4539.117125908,157.0,0.010447227396070957,,,,,,,,,
2.2779731452465057e-05,1770723644.7336032,13519,4367,2.2779731452465057e-05,0.0002277973145246506,0.0002277973145246506,4542.017788832,,,,,,,,,,,
2.2779731452465057e-05,1770723644.8932414,13519,4368,2.2779731452465057e-05,0.0002277973145246506,0.0002277973145246506,4542.177301314,,,,,,,,,,,
,1770723645.0379863,13519,4369,,,,4542.321976465,157.0,0.013148804195225239,,,,,,,,,
2.274893242865801e-05,1770723647.9362605,13529,4370,2.274893242865801e-05,0.00022748932428658008,0.00022748932428658008,4545.220455379,,,,,,,,,,,
2.274893242865801e-05,1770723648.0964742,13529,4371,2.274893242865801e-05,0.00022748932428658008,0.00022748932428658008,4545.380564008,,,,,,,,,,,
,1770723648.241046,13529,4372,,,,4545.525074912,157.0,0.017146417871117592,,,,,,,,,
2.271813973784447e-05,1770723651.1408854,13539,4373,2.271813973784447e-05,0.00022718139737844468,0.00022718139737844468,4548.425137388,,,,,,,,,,,
2.271813973784447e-05,1770723651.3002057,13539,4374,2.271813973784447e-05,0.00022718139737844468,0.00022718139737844468,4548.584269076,,,,,,,,,,,
,1770723651.4446676,13539,4375,,,,4548.728646369,157.0,0.016912374645471573,,,,,,,,,
2.2687350772321225e-05,1770723654.3357594,13549,4376,2.2687350772321225e-05,0.00022687350772321224,0.00022687350772321224,4551.619958998,,,,,,,,,,,
2.2687350772321225e-05,1770723654.494992,13549,4377,2.2687350772321225e-05,0.00022687350772321224,0.00022687350772321224,4551.779054552,,,,,,,,,,,
,1770723654.6394336,13549,4378,,,,4551.92341599,157.0,0.016514847055077553,,,,,,,,,
2.265656217932701e-05,1770723657.5571089,13559,4379,2.265656217932701e-05,0.0002265656217932701,0.0002265656217932701,4554.841315219,,,,,,,,,,,
2.265656217932701e-05,1770723657.7171366,13559,4380,2.265656217932701e-05,0.0002265656217932701,0.0002265656217932701,4555.001226521,,,,,,,,,,,
,1770723657.8616734,13559,4381,,,,4555.145671105,157.0,0.024759337306022644,,,,,,,,,
2.2625780291855337e-05,1770723660.7672246,13569,4382,2.2625780291855337e-05,0.00022625780291855337,0.00022625780291855337,4558.051408369,,,,,,,,,,,
2.2625780291855337e-05,1770723660.9283786,13569,4383,2.2625780291855337e-05,0.00022625780291855337,0.00022625780291855337,4558.212479568,,,,,,,,,,,
,1770723661.0733259,13569,4384,,,,4558.357377664,157.0,0.04156062379479408,,,,,,,,,
2.2594998963177205e-05,1770723664.0335896,13579,4385,2.2594998963177205e-05,0.00022594998963177204,0.00022594998963177204,4561.31779535,,,,,,,,,,,
2.2594998963177205e-05,1770723664.2008355,13579,4386,2.2594998963177205e-05,0.00022594998963177204,0.00022594998963177204,4561.48502434,,,,,,,,,,,
,1770723664.3455892,13579,4387,,,,4561.629624939,157.0,0.016291985288262367,,,,,,,,,
,1770723668.2996612,13587,4388,,,,4565.583846123,157.0,,5.312582969665527,0.09040559083223343,5.312582492828369,0.910348653793335,,,,,
,1770723668.3011017,13587,4389,,,,4565.585069526,157.0,,,,,,0.018873075023293495,2.8111515045166016,,,
2.2564224340021613e-05,1770723668.6421864,13589,4390,2.2564224340021613e-05,0.0002256422434002161,0.0002256422434002161,4565.92637716,,,,,,,,,,,
2.2564224340021613e-05,1770723668.8030512,13589,4391,2.2564224340021613e-05,0.0002256422434002161,0.0002256422434002161,4566.087159853,,,,,,,,,,,
,1770723668.9473298,13589,4392,,,,4566.2313479,158.0,0.014924829825758934,,,,,,,,,
2.253345027565956e-05,1770723671.8649905,13599,4393,2.253345027565956e-05,0.00022533450275659563,0.00022533450275659563,4569.152106376,,,,,,,,,,,
2.253345027565956e-05,1770723672.0273378,13599,4394,2.253345027565956e-05,0.00022533450275659563,0.00022533450275659563,4569.314054214,,,,,,,,,,,
,1770723672.171677,13599,4395,,,,4569.455768626,158.0,0.017397087067365646,,,,,,,,,
2.250268328934908e-05,1770723675.1192966,13609,4396,2.250268328934908e-05,0.0002250268328934908,0.0002250268328934908,4572.403493734,,,,,,,,,,,
2.250268328934908e-05,1770723675.279136,13609,4397,2.250268328934908e-05,0.0002250268328934908,0.0002250268328934908,4572.563223502,,,,,,,,,,,
,1770723675.4233398,13609,4398,,,,4572.707355124,158.0,0.019664274528622627,,,,,,,,,
2.247191984206438e-05,1770723678.3289316,13619,4399,2.247191984206438e-05,0.0002247191984206438,0.0002247191984206438,4575.61314087,,,,,,,,,,,
2.247191984206438e-05,1770723678.488705,13619,4400,2.247191984206438e-05,0.0002247191984206438,0.0002247191984206438,4575.772780473,,,,,,,,,,,
,1770723678.6333055,13619,4401,,,,4575.917302282,158.0,0.01687711477279663,,,,,,,,,
2.2441157512366774e-05,1770723681.5333076,13629,4402,2.2441157512366774e-05,0.00022441157512366773,0.00022441157512366773,4578.817503238,,,,,,,,,,,
2.2441157512366774e-05,1770723681.693401,13629,4403,2.2441157512366774e-05,0.00022441157512366773,0.00022441157512366773,4578.977476502,,,,,,,,,,,
,1770723681.83795,13629,4404,,,,4579.12193791,158.0,0.013844716362655163,,,,,,,,,
2.2410401888191702e-05,1770723684.7403855,13639,4405,2.2410401888191702e-05,0.000224104018881917,0.000224104018881917,4582.027091391,,,,,,,,,,,
2.2410401888191702e-05,1770723684.900396,13639,4406,2.2410401888191702e-05,0.000224104018881917,0.000224104018881917,4582.187058266,,,,,,,,,,,
,1770723685.0447683,13639,4407,,,,4582.328852969,158.0,0.02471933513879776,,,,,,,,,
2.237964738160372e-05,1770723687.9564035,13649,4408,2.237964738160372e-05,0.00022379647381603717,0.00022379647381603717,4585.243081282,,,,,,,,,,,
2.237964738160372e-05,1770723688.1167827,13649,4409,2.237964738160372e-05,0.00022379647381603717,0.00022379647381603717,4585.40305704,,,,,,,,,,,
,1770723688.2609308,13649,4410,,,,4585.5450227,158.0,0.01977049559354782,,,,,,,,,
2.234889976680279e-05,1770723691.3142145,13659,4411,2.234889976680279e-05,0.00022348899766802787,0.00022348899766802787,4588.601137912,,,,,,,,,,,
2.234889976680279e-05,1770723691.4854198,13659,4412,2.234889976680279e-05,0.00022348899766802787,0.00022348899766802787,4588.772056968,,,,,,,,,,,
,1770723691.6311975,13659,4413,,,,4588.915379631,158.0,0.019503597170114517,,,,,,,,,
2.2318153269588948e-05,1770723694.7536511,13669,4414,2.2318153269588948e-05,0.00022318153269588946,0.00022318153269588946,4592.0378882,,,,,,,,,,,
2.2318153269588948e-05,1770723694.9252965,13669,4415,2.2318153269588948e-05,0.00022318153269588946,0.00022318153269588946,4592.20952047,,,,,,,,,,,
,1770723695.0711894,13669,4416,,,,4592.35535828,158.0,0.012056832201778889,,,,,,,,,
,1770723697.8035152,13673,4417,,,,4595.087756512,158.0,,5.167133808135986,0.08602303266525269,5.1671342849731445,0.9147107005119324,,,,,
,1770723697.805248,13673,4418,,,,4595.089194007,158.0,,,,,,0.020675331354141235,2.906350612640381,,,
2.2287413850426675e-05,1770723699.5602446,13679,4419,2.2287413850426675e-05,0.00022287413850426675,0.00022287413850426675,4596.846196591,,,,,,,,,,,
2.2287413850426675e-05,1770723699.7345626,13679,4420,2.2287413850426675e-05,0.00022287413850426675,0.00022287413850426675,4597.018694173,,,,,,,,,,,
,1770723699.8804257,13679,4421,,,,4597.164604292,159.0,0.01894238591194153,,,,,,,,,
2.225667852908373e-05,1770723703.048483,13689,4422,2.225667852908373e-05,0.0002225667852908373,0.0002225667852908373,4600.336121509,,,,,,,,,,,
2.225667852908373e-05,1770723703.2236462,13689,4423,2.225667852908373e-05,0.0002225667852908373,0.0002225667852908373,4600.510054032,,,,,,,,,,,
,1770723703.3696642,13689,4424,,,,4600.653825971,159.0,0.018632052466273308,,,,,,,,,
2.222594451159239e-05,1770723706.6186025,13699,4425,2.222594451159239e-05,0.0002222594451159239,0.0002222594451159239,4603.905191694,,,,,,,,,,,
2.222594451159239e-05,1770723706.7981453,13699,4426,2.222594451159239e-05,0.0002222594451159239,0.0002222594451159239,4604.082335973,,,,,,,,,,,
,1770723706.9445493,13699,4427,,,,4604.228722118,159.0,0.01951761171221733,,,,,,,,,
2.2195217572152616e-05,1770723710.1536233,13709,4428,2.2195217572152616e-05,0.00022195217572152615,0.00022195217572152615,4607.437912205,,,,,,,,,,,
2.2195217572152616e-05,1770723710.3274832,13709,4429,2.2195217572152616e-05,0.00022195217572152615,0.00022195217572152615,4607.611717446,,,,,,,,,,,
,1770723710.474268,13709,4430,,,,4607.758444284,159.0,0.014369782991707325,,,,,,,,,
2.216449212282896e-05,1770723713.6185334,13719,4431,2.216449212282896e-05,0.0002216449212282896,0.0002216449212282896,4610.90521278,,,,,,,,,,,
2.216449212282896e-05,1770723713.7939193,13719,4432,2.216449212282896e-05,0.0002216449212282896,0.0002216449212282896,4611.078058295,,,,,,,,,,,
,1770723713.9401157,13719,4433,,,,4611.224262547,159.0,0.025381412357091904,,,,,,,,,
2.213377393782139e-05,1770723717.0716052,13729,4434,2.213377393782139e-05,0.0002213377393782139,0.0002213377393782139,4614.358171678,,,,,,,,,,,
2.213377393782139e-05,1770723717.2454653,13729,4435,2.213377393782139e-05,0.0002213377393782139,0.0002213377393782139,4614.532052512,,,,,,,,,,,
,1770723717.3915563,13729,4436,,,,4614.675747725,159.0,0.01825280860066414,,,,,,,,,
2.210306003689766e-05,1770723720.5191238,13739,4437,2.210306003689766e-05,0.0002210306003689766,0.0002210306003689766,4617.803402777,,,,,,,,,,,
2.210306003689766e-05,1770723720.6916025,13739,4438,2.210306003689766e-05,0.0002210306003689766,0.0002210306003689766,4617.975840899,,,,,,,,,,,
,1770723720.838021,13739,4439,,,,4618.122222387,159.0,0.011459308676421642,,,,,,,,,
2.2072347812354565e-05,1770723723.9640102,13749,4440,2.2072347812354565e-05,0.00022072347812354565,0.00022072347812354565,4621.248294623,,,,,,,,,,,
2.2072347812354565e-05,1770723724.1360312,13749,4441,2.2072347812354565e-05,0.00022072347812354565,0.00022072347812354565,4621.420255636,,,,,,,,,,,
,1770723724.2820847,13749,4442,,,,4621.566286867,159.0,0.01453755795955658,,,,,,,,,
2.2041642852127553e-05,1770723727.4124594,13759,4443,2.2041642852127553e-05,0.00022041642852127554,0.00022041642852127554,4624.699187753,,,,,,,,,,,
2.2041642852127553e-05,1770723727.5697932,13759,4444,2.2041642852127553e-05,0.00022041642852127554,0.00022041642852127554,4624.853958542,,,,,,,,,,,
,1770723727.628662,13759,4445,,,,4624.912764627,159.0,0.019391020759940147,,,,,,,,,
,1770723729.0999455,13759,4446,,,,4626.384171897,159.0,,5.217031478881836,0.08866684883832932,5.217031002044678,0.9120733737945557,,,,,
,1770723729.1017385,13759,4447,,,,4626.385731035,159.0,,,,,,0.019259300082921982,2.8361129760742188,,,
2.2010939568281173e-05,1770723732.253813,13769,4448,2.2010939568281173e-05,0.00022010939568281175,0.00022010939568281175,4629.540189407,,,,,,,,,,,
2.2010939568281173e-05,1770723732.4288695,13769,4449,2.2010939568281173e-05,0.00022010939568281175,0.00022010939568281175,4629.715057747,,,,,,,,,,,
,1770723732.5750802,13769,4450,,,,4629.859275527,160.0,0.0170566625893116,,,,,,,,,
2.1980243735015392e-05,1770723735.7046635,13779,4451,2.1980243735015392e-05,0.00021980243735015393,0.00021980243735015393,4632.992116387,,,,,,,,,,,
2.1980243735015392e-05,1770723735.8782852,13779,4452,2.1980243735015392e-05,0.00021980243735015393,0.00021980243735015393,4633.16254995,,,,,,,,,,,
,1770723736.0248091,13779,4453,,,,4633.308983276,160.0,0.011380201205611229,,,,,,,,,
2.1949549578130247e-05,1770723739.1428747,13789,4454,2.1949549578130247e-05,0.00021949549578130246,0.00021949549578130246,4636.427155527,,,,,,,,,,,
2.1949549578130247e-05,1770723739.3137963,13789,4455,2.1949549578130247e-05,0.00021949549578130246,0.00021949549578130246,4636.598010795,,,,,,,,,,,
,1770723739.4598632,13789,4456,,,,4636.744025089,160.0,0.023512769490480423,,,,,,,,,
2.191886305809021e-05,1770723742.5729601,13799,4457,2.191886305809021e-05,0.0002191886305809021,0.0002191886305809021,4639.85719117,,,,,,,,,,,
2.191886305809021e-05,1770723742.7434313,13799,4458,2.191886305809021e-05,0.0002191886305809021,0.0002191886305809021,4640.027641378,,,,,,,,,,,
,1770723742.889448,13799,4459,,,,4640.173619098,160.0,0.011077468283474445,,,,,,,,,
2.1888181194663048e-05,1770723746.0020952,13809,4460,2.1888181194663048e-05,0.0002188818119466305,0.0002188818119466305,4643.286338464,,,,,,,,,,,
2.1888181194663048e-05,1770723746.1725364,13809,4461,2.1888181194663048e-05,0.0002188818119466305,0.0002188818119466305,4643.456740899,,,,,,,,,,,
,1770723746.318353,13809,4462,,,,4643.602517005,160.0,0.017601778730750084,,,,,,,,,
2.1857501193881035e-05,1770723749.422666,13819,4463,2.1857501193881035e-05,0.00021857501193881036,0.00021857501193881036,4646.709125869,,,,,,,,,,,
2.1857501193881035e-05,1770723749.5937636,13819,4464,2.1857501193881035e-05,0.00021857501193881036,0.00021857501193881036,4646.879169574,,,,,,,,,,,
,1770723749.7398188,13819,4465,,,,4647.023980046,160.0,0.022323090583086014,,,,,,,,,
2.1826829016208648e-05,1770723752.8572347,13829,4466,2.1826829016208648e-05,0.0002182682901620865,0.0002182682901620865,4650.144092209,,,,,,,,,,,
2.1826829016208648e-05,1770723753.0288377,13829,4467,2.1826829016208648e-05,0.0002182682901620865,0.0002182682901620865,4650.315076681,,,,,,,,,,,
,1770723753.1747715,13829,4468,,,,4650.458953146,160.0,0.01327420398592949,,,,,,,,,
2.1796158701181414e-05,1770723756.4017034,13839,4469,2.1796158701181414e-05,0.00021796158701181413,0.00021796158701181413,4653.688177668,,,,,,,,,,,
2.1796158701181414e-05,1770723756.5776274,13839,4470,2.1796158701181414e-05,0.00021796158701181413,0.00021796158701181413,4653.864060064,,,,,,,,,,,
,1770723756.7239382,13839,4471,,,,4654.007973705,160.0,0.017157085239887238,,,,,,,,,
,1770723760.2041504,13845,4472,,,,4657.488350255,160.0,,5.094109535217285,0.08323532342910767,5.094109535217285,0.9174715280532837,,,,,
,1770723760.2060194,13845,4473,,,,4657.490018817,160.0,,,,,,0.019019240513443947,2.814366579055786,,,
2.1765496209263802e-05,1770723761.2801397,13849,4474,2.1765496209263802e-05,0.00021765496209263802,0.00021765496209263802,4658.566186995,,,,,,,,,,,
2.1765496209263802e-05,1770723761.4545436,13849,4475,2.1765496209263802e-05,0.00021765496209263802,0.00021765496209263802,4658.738626848,,,,,,,,,,,
,1770723761.6005464,13849,4476,,,,4658.884662394,161.0,0.01635836623609066,,,,,,,,,
2.173483856022358e-05,1770723764.7282512,13859,4477,2.173483856022358e-05,0.0002173483856022358,0.0002173483856022358,4662.015285035,,,,,,,,,,,
2.173483856022358e-05,1770723764.9027407,13859,4478,2.173483856022358e-05,0.0002173483856022358,0.0002173483856022358,4662.186811713,,,,,,,,,,,
,1770723765.048756,13859,4479,,,,4662.332872066,161.0,0.019166255369782448,,,,,,,,,
2.1704183146357537e-05,1770723768.1788127,13869,4480,2.1704183146357537e-05,0.00021704183146357536,0.00021704183146357536,4665.466055971,,,,,,,,,,,
2.1704183146357537e-05,1770723768.3539443,13869,4481,2.1704183146357537e-05,0.00021704183146357536,0.00021704183146357536,4665.640062423,,,,,,,,,,,
,1770723768.4999552,13869,4482,,,,4665.784166761,161.0,0.024788733571767807,,,,,,,,,
2.1673535555601122e-05,1770723771.6265702,13879,4483,2.1673535555601122e-05,0.0002167353555560112,0.0002167353555560112,4668.910795784,,,,,,,,,,,
2.1673535555601122e-05,1770723771.7972147,13879,4484,2.1673535555601122e-05,0.0002167353555560112,0.0002167353555560112,4669.081462407,,,,,,,,,,,
,1770723771.9430742,13879,4485,,,,4669.227262318,161.0,0.019225584343075752,,,,,,,,,
2.1642890200018884e-05,1770723775.0530443,13889,4486,2.1642890200018884e-05,0.00021642890200018882,0.00021642890200018882,4672.339127098,,,,,,,,,,,
2.1642890200018884e-05,1770723775.2233112,13889,4487,2.1642890200018884e-05,0.00021642890200018882,0.00021642890200018882,4672.510061354,,,,,,,,,,,
,1770723775.369441,13889,4488,,,,4672.653623936,161.0,0.01590586267411709,,,,,,,,,
2.1612252667546275e-05,1770723778.6458952,13899,4489,2.1612252667546275e-05,0.00021612252667546272,0.00021612252667546272,4675.931096129,,,,,,,,,,,
2.1612252667546275e-05,1770723778.816014,13899,4490,2.1612252667546275e-05,0.00021612252667546272,0.00021612252667546272,4676.102059057,,,,,,,,,,,
,1770723778.9621298,13899,4491,,,,4676.246304377,161.0,0.013816766440868378,,,,,,,,,
2.1581617742776873e-05,1770723782.065964,13909,4492,2.1581617742776873e-05,0.0002158161774277687,0.0002158161774277687,4679.35212344,,,,,,,,,,,
2.1581617742776873e-05,1770723782.2349007,13909,4493,2.1581617742776873e-05,0.0002158161774277687,0.0002158161774277687,4679.521056022,,,,,,,,,,,
,1770723782.3807373,13909,4494,,,,4679.664920468,161.0,0.02040095441043377,,,,,,,,,
2.1550991013646127e-05,1770723785.4715466,13919,4495,2.1550991013646127e-05,0.00021550991013646127,0.00021550991013646127,4682.75909747,,,,,,,,,,,
2.1550991013646127e-05,1770723785.645853,13919,4496,2.1550991013646127e-05,0.00021550991013646127,0.00021550991013646127,4682.932056513,,,,,,,,,,,
,1770723785.792393,13919,4497,,,,4683.076413111,161.0,0.015733350068330765,,,,,,,,,
2.152036912739277e-05,1770723788.8634398,13929,4498,2.152036912739277e-05,0.0002152036912739277,0.0002152036912739277,4686.15006822,,,,,,,,,,,
2.152036912739277e-05,1770723789.0321436,13929,4499,2.152036912739277e-05,0.0002152036912739277,0.0002152036912739277,4686.31905336,,,,,,,,,,,
,1770723789.17789,13929,4500,,,,4686.462097371,161.0,0.029354076832532883,,,,,,,,,
,1770723791.2131906,13931,4501,,,,4688.497496352,161.0,,5.204496383666992,0.08521366119384766,5.204496383666992,0.9154984951019287,,,,,
,1770723791.215182,13931,4502,,,,4688.49912874,161.0,,,,,,0.019874105229973793,2.8838706016540527,,,
2.1489750221371653e-05,1770723793.6059108,13939,4503,2.1489750221371653e-05,0.00021489750221371652,0.00021489750221371652,4690.890139412,,,,,,,,,,,
2.1489750221371653e-05,1770723793.7742684,13939,4504,2.1489750221371653e-05,0.00021489750221371652,0.00021489750221371652,4691.058473732,,,,,,,,,,,
,1770723793.9201221,13939,4505,,,,4691.204307673,162.0,0.012819116935133934,,,,,,,,,
2.145913913846016e-05,1770723796.99336,13949,4506,2.145913913846016e-05,0.0002145913913846016,0.0002145913913846016,4694.277619671,,,,,,,,,,,
2.145913913846016e-05,1770723797.1652038,13949,4507,2.145913913846016e-05,0.0002145913913846016,0.0002145913913846016,4694.452095068,,,,,,,,,,,
,1770723797.3110328,13949,4508,,,,4694.595221072,162.0,0.015940934419631958,,,,,,,,,
2.142853066325188e-05,1770723800.3940644,13959,4509,2.142853066325188e-05,0.00021428530663251876,0.00021428530663251876,4697.681104406,,,,,,,,,,,
2.142853066325188e-05,1770723800.5627916,13959,4510,2.142853066325188e-05,0.00021428530663251876,0.00021428530663251876,4697.849052374,,,,,,,,,,,
,1770723800.7087183,13959,4511,,,,4697.992897331,162.0,0.011908330954611301,,,,,,,,,
2.1397930756211282e-05,1770723803.7854714,13969,4512,2.1397930756211282e-05,0.00021397930756211281,0.00021397930756211281,4701.069728002,,,,,,,,,,,
2.1397930756211282e-05,1770723803.9570045,13969,4513,2.1397930756211282e-05,0.00021397930756211281,0.00021397930756211281,4701.241227668,,,,,,,,,,,
,1770723804.1035616,13969,4514,,,,4701.387790467,162.0,0.033593758940696716,,,,,,,,,
2.1367333084344866e-05,1770723807.17237,13979,4515,2.1367333084344866e-05,0.00021367333084344864,0.00021367333084344864,4704.456579428,,,,,,,,,,,
2.1367333084344866e-05,1770723807.3408656,13979,4516,2.1367333084344866e-05,0.00021367333084344864,0.00021367333084344864,4704.627088962,,,,,,,,,,,
,1770723807.4864872,13979,4517,,,,4704.770661128,162.0,0.016131432726979256,,,,,,,,,
2.1336744353175164e-05,1770723810.5675406,13989,4518,2.1336744353175164e-05,0.00021336744353175164,0.00021336744353175164,4707.854290242,,,,,,,,,,,
2.1336744353175164e-05,1770723810.741028,13989,4519,2.1336744353175164e-05,0.00021336744353175164,0.00021336744353175164,4708.027148373,,,,,,,,,,,
,1770723810.8868542,13989,4520,,,,4708.171050354,162.0,0.010448343120515347,,,,,,,,,
2.1306160837411883e-05,1770723813.9709966,13999,4521,2.1306160837411883e-05,0.0002130616083741188,0.0002130616083741188,4711.258087097,,,,,,,,,,,
2.1306160837411883e-05,1770723814.1402683,13999,4522,2.1306160837411883e-05,0.0002130616083741188,0.0002130616083741188,4711.427060459,,,,,,,,,,,
,1770723814.2858715,13999,4523,,,,4711.570047563,162.0,0.027146579697728157,,,,,,,,,
2.1275580301880837e-05,1770723817.4116046,14009,4524,2.1275580301880837e-05,0.00021275580301880837,0.00021275580301880837,4714.699069129,,,,,,,,,,,
2.1275580301880837e-05,1770723817.6148357,14009,4525,2.1275580301880837e-05,0.00021275580301880837,0.00021275580301880837,4714.898873663,,,,,,,,,,,
,1770723817.7615142,14009,4526,,,,4715.045650824,162.0,0.024241354316473007,,,,,,,,,
,1770723821.8738801,14017,4527,,,,4719.158087245,162.0,,5.159964084625244,0.08656018227338791,5.159964084625244,0.9141694903373718,,,,,
,1770723821.8753746,14017,4528,,,,4719.159328624,162.0,,,,,,0.019586969166994095,2.8595893383026123,,,
2.124500833451748e-05,1770723822.2119453,14019,4529,2.124500833451748e-05,0.0002124500833451748,0.0002124500833451748,4719.496127788,,,,,,,,,,,
2.124500833451748e-05,1770723822.372617,14019,4530,2.124500833451748e-05,0.0002124500833451748,0.0002124500833451748,4719.656701442,,,,,,,,,,,
,1770723822.5169296,14019,4531,,,,4719.800969215,163.0,0.025477107614278793,,,,,,,,,
2.1214438974857333e-05,1770723825.4648614,14029,4532,2.1214438974857333e-05,0.0002121443897485733,0.0002121443897485733,4722.749067091,,,,,,,,,,,
2.1214438974857333e-05,1770723825.6256444,14029,4533,2.1214438974857333e-05,0.0002121443897485733,0.0002121443897485733,4722.909835078,,,,,,,,,,,
,1770723825.7714984,14029,4534,,,,4723.055649228,163.0,0.015616313554346561,,,,,,,,,
2.11838785558939e-05,1770723828.686414,14039,4535,2.11838785558939e-05,0.000211838785558939,0.000211838785558939,4725.973070804,,,,,,,,,,,
2.11838785558939e-05,1770723828.8526897,14039,4536,2.11838785558939e-05,0.000211838785558939,0.000211838785558939,4726.139061534,,,,,,,,,,,
,1770723828.9973238,14039,4537,,,,4726.281443286,163.0,0.027443155646324158,,,,,,,,,
2.1153324097394944e-05,1770723831.9008415,14049,4538,2.1153324097394944e-05,0.00021153324097394945,0.00021153324097394945,4729.187076581,,,,,,,,,,,
2.1153324097394944e-05,1770723832.0636394,14049,4539,2.1153324097394944e-05,0.00021153324097394945,0.00021153324097394945,4729.350057028,,,,,,,,,,,
,1770723832.2086976,14049,4540,,,,4729.492795978,163.0,0.022960061207413673,,,,,,,,,
2.11227722465992e-05,1770723835.1325579,14059,4541,2.11227722465992e-05,0.00021122772246599198,0.00021122772246599198,4732.416757347,,,,,,,,,,,
2.11227722465992e-05,1770723835.295514,14059,4542,2.11227722465992e-05,0.00021122772246599198,0.00021122772246599198,4732.579673497,,,,,,,,,,,
,1770723835.4406893,14059,4543,,,,4732.724767924,163.0,0.015965692698955536,,,,,,,,,
2.109222933650017e-05,1770723838.3421717,14069,4544,2.109222933650017e-05,0.0002109222933650017,0.0002109222933650017,4735.626359889,,,,,,,,,,,
2.109222933650017e-05,1770723838.5015635,14069,4545,2.109222933650017e-05,0.0002109222933650017,0.0002109222933650017,4735.785619054,,,,,,,,,,,
,1770723838.6457613,14069,4546,,,,4735.929734707,163.0,0.013048633933067322,,,,,,,,,
2.1061689779162408e-05,1770723841.6717844,14079,4547,2.1061689779162408e-05,0.00021061689779162406,0.00021061689779162406,4738.959126907,,,,,,,,,,,
2.1061689779162408e-05,1770723841.8341823,14079,4548,2.1061689779162408e-05,0.00021061689779162406,0.00021061689779162406,4739.121060538,,,,,,,,,,,
,1770723841.9786315,14079,4549,,,,4739.262690828,163.0,0.027628997340798378,,,,,,,,,
2.1031158789992334e-05,1770723844.869327,14089,4550,2.1031158789992334e-05,0.00021031158789992332,0.00021031158789992332,4742.157078833,,,,,,,,,,,
2.1031158789992334e-05,1770723845.031491,14089,4551,2.1031158789992334e-05,0.00021031158789992332,0.00021031158789992332,4742.318053139,,,,,,,,,,,
,1770723845.1755123,14089,4552,,,,4742.459571872,163.0,0.012022505514323711,,,,,,,,,
2.1000631153583528e-05,1770723848.069212,14099,4553,2.1000631153583528e-05,0.00021000631153583526,0.00021000631153583526,4745.353413031,,,,,,,,,,,
2.1000631153583528e-05,1770723848.2285242,14099,4554,2.1000631153583528e-05,0.00021000631153583526,0.00021000631153583526,4745.512599135,,,,,,,,,,,
,1770723848.373059,14099,4555,,,,4745.657051054,163.0,0.02231937274336815,,,,,,,,,
,1770723851.0433598,14103,4556,,,,4748.327619624,163.0,,5.252735137939453,0.08795268088579178,5.252734661102295,0.9127869606018066,,,,,
,1770723851.0453424,14103,4557,,,,4748.329307005,163.0,,,,,,0.019250640645623207,2.86094331741333,,,
2.097011245787144e-05,1770723852.6733415,14109,4558,2.097011245787144e-05,0.00020970112457871439,0.00020970112457871439,4749.957519015,,,,,,,,,,,
2.097011245787144e-05,1770723852.832378,14109,4559,2.097011245787144e-05,0.00020970112457871439,0.00020970112457871439,4750.116424166,,,,,,,,,,,
,1770723852.9770734,14109,4560,,,,4750.261067753,164.0,0.011648878455162048,,,,,,,,,
2.0939600095152858e-05,1770723855.8702497,14119,4561,2.0939600095152858e-05,0.00020939600095152855,0.00020939600095152855,4753.15444546,,,,,,,,,,,
2.0939600095152858e-05,1770723856.029964,14119,4562,2.0939600095152858e-05,0.00020939600095152855,0.00020939600095152855,4753.314069032,,,,,,,,,,,
,1770723856.1743872,14119,4563,,,,4753.458393319,164.0,0.01481297891587019,,,,,,,,,
2.0909090712666514e-05,1770723859.0977607,14129,4564,2.0909090712666514e-05,0.00020909090712666512,0.00020909090712666512,4756.385091584,,,,,,,,,,,
2.0909090712666514e-05,1770723859.2677822,14129,4565,2.0909090712666514e-05,0.00020909090712666512,0.00020909090712666512,4756.55406223,,,,,,,,,,,
,1770723859.413664,14129,4566,,,,4756.697838551,164.0,0.013441551476716995,,,,,,,,,
2.0878590643405915e-05,1770723862.4140635,14139,4567,2.0878590643405915e-05,0.00020878590643405915,0.00020878590643405915,4759.698269382,,,,,,,,,,,
2.0878590643405915e-05,1770723862.573256,14139,4568,2.0878590643405915e-05,0.00020878590643405915,0.00020878590643405915,4759.857308605,,,,,,,,,,,
,1770723862.717864,14139,4569,,,,4760.001846753,164.0,0.015235193073749542,,,,,,,,,
2.0848094299435618e-05,1770723865.612053,14149,4570,2.0848094299435618e-05,0.00020848094299435617,0.00020848094299435617,4762.899254282,,,,,,,,,,,
2.0848094299435618e-05,1770723865.7751408,14149,4571,2.0848094299435618e-05,0.00020848094299435617,0.00020848094299435617,4763.062123811,,,,,,,,,,,
,1770723865.919693,14149,4572,,,,4763.203762474,164.0,0.02189001441001892,,,,,,,,,
2.0817606896162036e-05,1770723868.842952,14159,4573,2.0817606896162036e-05,0.00020817606896162034,0.00020817606896162034,4766.127182107,,,,,,,,,,,
2.0817606896162036e-05,1770723869.011959,14159,4574,2.0817606896162036e-05,0.00020817606896162034,0.00020817606896162034,4766.298121366,,,,,,,,,,,
,1770723869.1577532,14159,4575,,,,4766.441928524,164.0,0.023037947714328766,,,,,,,,,
2.0787122845649722e-05,1770723872.2515268,14169,4576,2.0787122845649722e-05,0.0002078712284564972,0.0002078712284564972,4769.535785188,,,,,,,,,,,
2.0787122845649722e-05,1770723872.4107537,14169,4577,2.0787122845649722e-05,0.0002078712284564972,0.0002078712284564972,4769.694770629,,,,,,,,,,,
,1770723872.5549855,14169,4578,,,,4769.838962315,164.0,0.029275503009557724,,,,,,,,,
2.0756648480892183e-05,1770723875.4715135,14179,4579,2.0756648480892183e-05,0.0002075664848089218,0.0002075664848089218,4772.758096161,,,,,,,,,,,
2.0756648480892183e-05,1770723875.630622,14179,4580,2.0756648480892183e-05,0.0002075664848089218,0.0002075664848089218,4772.917055993,,,,,,,,,,,
,1770723875.774741,14179,4581,,,,4773.058683599,164.0,0.019821733236312866,,,,,,,,,
2.072618044912815e-05,1770723878.704345,14189,4582,2.072618044912815e-05,0.00020726180449128151,0.00020726180449128151,4775.99107861,,,,,,,,,,,
2.072618044912815e-05,1770723878.8586998,14189,4583,2.072618044912815e-05,0.00020726180449128151,0.00020726180449128151,4776.142863329,,,,,,,,,,,
,1770723878.9172897,14189,4584,,,,4776.201386025,164.0,0.022324608638882637,,,,,,,,,
,1770723880.3750906,14189,4585,,,,4777.659266953,164.0,,5.341855525970459,0.08803266286849976,5.341855525970459,0.9127025604248047,,,,,
,1770723880.3765597,14189,4586,,,,4777.660518607,164.0,,,,,,0.019699957221746445,2.8300461769104004,,,
2.069571614265442e-05,1770723883.2653828,14199,4587,2.069571614265442e-05,0.0002069571614265442,0.0002069571614265442,4780.549582093,,,,,,,,,,,
2.069571614265442e-05,1770723883.424583,14199,4588,2.069571614265442e-05,0.0002069571614265442,0.0002069571614265442,4780.708652141,,,,,,,,,,,
,1770723883.5687454,14199,4589,,,,4780.852738188,165.0,0.023245608434081078,,,,,,,,,
2.0665261149406434e-05,1770723886.4570923,14209,4590,2.0665261149406434e-05,0.00020665261149406433,0.00020665261149406433,4783.7412961,,,,,,,,,,,
2.0665261149406434e-05,1770723886.6163163,14209,4591,2.0665261149406434e-05,0.00020665261149406433,0.00020665261149406433,4783.900362973,,,,,,,,,,,
,1770723886.7605662,14209,4592,,,,4784.04454214,165.0,0.023213472217321396,,,,,,,,,
2.0634809881448745e-05,1770723889.7822905,14219,4593,2.0634809881448745e-05,0.00020634809881448746,0.00020634809881448746,4787.069109726,,,,,,,,,,,
2.0634809881448745e-05,1770723889.9503427,14219,4594,2.0634809881448745e-05,0.00020634809881448746,0.00020634809881448746,4787.237053305,,,,,,,,,,,
,1770723890.0955431,14219,4595,,,,4787.379646384,165.0,0.03012489154934883,,,,,,,,,
2.0604368299245835e-05,1770723892.9866512,14229,4596,2.0604368299245835e-05,0.00020604368299245834,0.00020604368299245834,4790.270837757,,,,,,,,,,,
2.0604368299245835e-05,1770723893.1458313,14229,4597,2.0604368299245835e-05,0.00020604368299245834,0.00020604368299245834,4790.429885611,,,,,,,,,,,
,1770723893.2897236,14229,4598,,,,4790.573695833,165.0,0.015040718950331211,,,,,,,,,
2.0573933422565462e-05,1770723896.1860638,14239,4599,2.0573933422565462e-05,0.00020573933422565462,0.00020573933422565462,4793.47025062,,,,,,,,,,,
2.0573933422565462e-05,1770723896.3472953,14239,4600,2.0573933422565462e-05,0.00020573933422565462,0.00020573933422565462,4793.631405807,,,,,,,,,,,
,1770723896.4921384,14239,4601,,,,4793.776122353,165.0,0.010988879948854446,,,,,,,,,
2.0543502643704416e-05,1770723899.5173156,14249,4602,2.0543502643704416e-05,0.00020543502643704414,0.00020543502643704414,4796.804129122,,,,,,,,,,,
2.0543502643704416e-05,1770723899.684663,14249,4603,2.0543502643704416e-05,0.00020543502643704414,0.00020543502643704414,4796.97105643,,,,,,,,,,,
,1770723899.8295813,14249,4604,,,,4797.113702468,165.0,0.018750378862023354,,,,,,,,,
2.0513081178069117e-05,1770723902.7589052,14259,4605,2.0513081178069117e-05,0.00020513081178069115,0.00020513081178069115,4800.046064525,,,,,,,,,,,
2.0513081178069117e-05,1770723902.9180326,14259,4606,2.0513081178069117e-05,0.00020513081178069115,0.00020513081178069115,4800.205058148,,,,,,,,,,,
,1770723903.0622447,14259,4607,,,,4800.346291499,165.0,0.016655977815389633,,,,,,,,,
2.0482663810253145e-05,1770723905.9523466,14269,4608,2.0482663810253145e-05,0.00020482663810253145,0.00020482663810253145,4803.236541447,,,,,,,,,,,
2.0482663810253145e-05,1770723906.1119354,14269,4609,2.0482663810253145e-05,0.00020482663810253145,0.00020482663810253145,4803.396021802,,,,,,,,,,,
,1770723906.256796,14269,4610,,,,4803.540778708,165.0,0.012028948403894901,,,,,,,,,
,1770723909.5836258,14275,4611,,,,4806.867860921,165.0,,5.173715114593506,0.08386775106191635,5.173715114593506,0.916838526725769,,,,,
,1770723909.5853066,14275,4612,,,,4806.869231605,165.0,,,,,,0.019564175978302956,2.8429079055786133,,,
2.045225650072098e-05,1770723910.5585525,14279,4613,2.045225650072098e-05,0.00020452256500720978,0.00020452256500720978,4807.845241144,,,,,,,,,,,
2.045225650072098e-05,1770723910.7200816,14279,4614,2.045225650072098e-05,0.00020452256500720978,0.00020452256500720978,4808.007123535,,,,,,,,,,,
,1770723910.863879,14279,4615,,,,4808.147884675,166.0,0.018429769203066826,,,,,,,,,
2.0421852916479112e-05,1770723913.7767642,14289,4616,2.0421852916479112e-05,0.0002042185291647911,0.0002042185291647911,4811.063097054,,,,,,,,,,,
2.0421852916479112e-05,1770723913.935688,14289,4617,2.0421852916479112e-05,0.0002042185291647911,0.0002042185291647911,4811.222063485,,,,,,,,,,,
,1770723914.0798805,14289,4618,,,,4811.363942989,166.0,0.013009942136704922,,,,,,,,,
2.039145939052105e-05,1770723916.9781086,14299,4619,2.039145939052105e-05,0.0002039145939052105,0.0002039145939052105,4814.265080444,,,,,,,,,,,
2.039145939052105e-05,1770723917.1458926,14299,4620,2.039145939052105e-05,0.0002039145939052105,0.0002039145939052105,4814.432061172,,,,,,,,,,,
,1770723917.2918396,14299,4621,,,,4814.576103201,166.0,0.012144984677433968,,,,,,,,,
2.0361072942614555e-05,1770723920.3026297,14309,4622,2.0361072942614555e-05,0.00020361072942614555,0.00020361072942614555,4817.589102251,,,,,,,,,,,
2.0361072942614555e-05,1770723920.461492,14309,4623,2.0361072942614555e-05,0.00020361072942614555,0.00020361072942614555,4817.74806081,,,,,,,,,,,
,1770723920.6056523,14309,4624,,,,4817.889713662,166.0,0.01837644912302494,,,,,,,,,
2.033069059252739e-05,1770723923.4905355,14319,4625,2.033069059252739e-05,0.0002033069059252739,0.0002033069059252739,4820.774681948,,,,,,,,,,,
2.033069059252739e-05,1770723923.6494462,14319,4626,2.033069059252739e-05,0.0002033069059252739,0.0002033069059252739,4820.936095493,,,,,,,,,,,
,1770723923.7932894,14319,4627,,,,4821.07729982,166.0,0.020400196313858032,,,,,,,,,
2.030031830072403e-05,1770723926.6803849,14329,4628,2.030031830072403e-05,0.0002030031830072403,0.0002030031830072403,4823.964582228,,,,,,,,,,,
2.030031830072403e-05,1770723926.8400986,14329,4629,2.030031830072403e-05,0.0002030031830072403,0.0002030031830072403,4824.124158527,,,,,,,,,,,
,1770723926.9844882,14329,4630,,,,4824.268461229,166.0,0.030370661988854408,,,,,,,,,
2.026995047926903e-05,1770723929.9170792,14339,4631,2.026995047926903e-05,0.0002026995047926903,0.0002026995047926903,4827.204095968,,,,,,,,,,,
2.026995047926903e-05,1770723930.0761685,14339,4632,2.026995047926903e-05,0.0002026995047926903,0.0002026995047926903,4827.363058483,,,,,,,,,,,
,1770723930.2204103,14339,4633,,,,4827.504460887,166.0,0.01685483567416668,,,,,,,,,
2.0239592716097832e-05,1770723933.1081035,14349,4634,2.0239592716097832e-05,0.00020239592716097833,0.00020239592716097833,4830.396069075,,,,,,,,,,,
2.0239592716097832e-05,1770723933.2700481,14349,4635,2.0239592716097832e-05,0.00020239592716097833,0.00020239592716097833,4830.557057971,,,,,,,,,,,
,1770723933.4140403,14349,4636,,,,4830.698103098,166.0,0.010374028235673904,,,,,,,,,
2.0209242030978205e-05,1770723936.3019898,14359,4637,2.0209242030978205e-05,0.00020209242030978203,0.00020209242030978203,4833.586164864,,,,,,,,,,,
2.0209242030978205e-05,1770723936.463015,14359,4638,2.0209242030978205e-05,0.00020209242030978203,0.00020209242030978203,4833.750072564,,,,,,,,,,,
,1770723936.607026,14359,4639,,,,4833.891084561,166.0,0.014939697459340096,,,,,,,,,
,1770723938.5894425,14361,4640,,,,4835.873678073,166.0,,5.164535045623779,0.08481227606534958,5.1645355224609375,0.9159002900123596,,,,,
,1770723938.5911124,14361,4641,,,,4835.875062317,166.0,,,,,,0.018615884706377983,2.7812883853912354,,,
2.0178896188735963e-05,1770723940.84171,14369,4642,2.0178896188735963e-05,0.0002017889618873596,0.0002017889618873596,4838.129100253,,,,,,,,,,,
2.0178896188735963e-05,1770723941.0027993,14369,4643,2.0178896188735963e-05,0.0002017889618873596,0.0002017889618873596,4838.290067446,,,,,,,,,,,
,1770723941.146886,14369,4644,,,,4838.4309248,167.0,0.014865292236208916,,,,,,,,,
2.01485600322485e-05,1770723944.093506,14379,4645,2.01485600322485e-05,0.00020148560032248497,0.00020148560032248497,4841.381107395,,,,,,,,,,,
2.01485600322485e-05,1770723944.254785,14379,4646,2.01485600322485e-05,0.00020148560032248497,0.00020148560032248497,4841.541064727,,,,,,,,,,,
,1770723944.3989003,14379,4647,,,,4841.682942878,167.0,0.020977143198251724,,,,,,,,,
2.0118228718638422e-05,1770723947.3433862,14389,4648,2.0118228718638422e-05,0.0002011822871863842,0.0002011822871863842,4844.627584538,,,,,,,,,,,
2.0118228718638422e-05,1770723947.5028708,14389,4649,2.0118228718638422e-05,0.0002011822871863842,0.0002011822871863842,4844.786921225,,,,,,,,,,,
,1770723947.64749,14389,4650,,,,4844.931478339,167.0,0.013025042600929737,,,,,,,,,
2.008790783584118e-05,1770723950.537186,14399,4651,2.008790783584118e-05,0.0002008790783584118,0.0002008790783584118,4847.824253915,,,,,,,,,,,
2.008790783584118e-05,1770723950.6995564,14399,4652,2.008790783584118e-05,0.0002008790783584118,0.0002008790783584118,4847.983585154,,,,,,,,,,,
,1770723950.8443182,14399,4653,,,,4848.128283621,167.0,0.0201351847499609,,,,,,,,,
2.0057591423392296e-05,1770723953.737372,14409,4654,2.0057591423392296e-05,0.00020057591423392295,0.00020057591423392295,4851.021525146,,,,,,,,,,,
2.0057591423392296e-05,1770723953.8971481,14409,4655,2.0057591423392296e-05,0.00020057591423392295,0.00020057591423392295,4851.181187303,,,,,,,,,,,
,1770723954.0412104,14409,4656,,,,4851.325184394,167.0,0.021455299109220505,,,,,,,,,
2.002728581428528e-05,1770723956.9339435,14419,4657,2.002728581428528e-05,0.0002002728581428528,0.0002002728581428528,4854.221071291,,,,,,,,,,,
2.002728581428528e-05,1770723957.0931635,14419,4658,2.002728581428528e-05,0.0002002728581428528,0.0002002728581428528,4854.380071571,,,,,,,,,,,
,1770723957.2372847,14419,4659,,,,4854.521333213,167.0,0.01776343397796154,,,,,,,,,
1.999698728322983e-05,1770723960.180959,14429,4660,1.999698728322983e-05,0.00019996987283229828,0.00019996987283229828,4857.469036235,,,,,,,,,,,
1.999698728322983e-05,1770723960.3432405,14429,4661,1.999698728322983e-05,0.00019996987283229828,0.00019996987283229828,4857.630067103,,,,,,,,,,,
,1770723960.4872065,14429,4662,,,,4857.771249817,167.0,0.012911807745695114,,,,,,,,,
1.9966693967580797e-05,1770723963.3777878,14439,4663,1.9966693967580797e-05,0.00019966693967580796,0.00019966693967580796,4860.665076197,,,,,,,,,,,
1.9966693967580797e-05,1770723963.5391872,14439,4664,1.9966693967580797e-05,0.00019966693967580796,0.00019966693967580796,4860.826058501,,,,,,,,,,,
,1770723963.6837845,14439,4665,,,,4860.967821799,167.0,0.019450191408395767,,,,,,,,,
,1770723967.5816627,14447,4666,,,,4864.865798736,167.0,,5.089231014251709,0.0848734974861145,5.089230537414551,0.9158520698547363,,,,,
,1770723967.5830624,14447,4667,,,,4864.867002228,167.0,,,,,,0.017852172255516052,2.7467143535614014,,,
1.99364110827446e-05,1770723967.9187117,14449,4668,1.99364110827446e-05,0.00019936411082744599,0.00019936411082744599,4865.202880216,,,,,,,,,,,
1.99364110827446e-05,1770723968.0783296,14449,4669,1.99364110827446e-05,0.00019936411082744599,0.00019936411082744599,4865.362386528,,,,,,,,,,,
,1770723968.2229939,14449,4670,,,,4865.5069625,168.0,0.0239703506231308,,,,,,,,,
1.990613304078579e-05,1770723971.109499,14459,4671,1.990613304078579e-05,0.0001990613304078579,0.0001990613304078579,4868.397103968,,,,,,,,,,,
1.990613304078579e-05,1770723971.2717397,14459,4672,1.990613304078579e-05,0.0001990613304078579,0.0001990613304078579,4868.558053813,,,,,,,,,,,
,1770723971.4159834,14459,4673,,,,4868.700053416,168.0,0.02598625235259533,,,,,,,,,
1.987586542963982e-05,1770723974.3562427,14469,4674,1.987586542963982e-05,0.00019875865429639817,0.00019875865429639817,4871.644112503,,,,,,,,,,,
1.987586542963982e-05,1770723974.5184655,14469,4675,1.987586542963982e-05,0.00019875865429639817,0.00019875865429639817,4871.805054848,,,,,,,,,,,
,1770723974.662663,14469,4676,,,,4871.946702671,168.0,0.022378193214535713,,,,,,,,,
1.984560303390026e-05,1770723977.552987,14479,4677,1.984560303390026e-05,0.00019845603033900262,0.00019845603033900262,4874.837175033,,,,,,,,,,,
1.984560303390026e-05,1770723977.7124143,14479,4678,1.984560303390026e-05,0.00019845603033900262,0.00019845603033900262,4874.996843419,,,,,,,,,,,
,1770723977.8573163,14479,4679,,,,4875.141329976,168.0,0.020684171468019485,,,,,,,,,
1.981535144150257e-05,1770723980.773276,14489,4680,1.981535144150257e-05,0.00019815351441502572,0.00019815351441502572,4878.060113022,,,,,,,,,,,
1.981535144150257e-05,1770723980.9325345,14489,4681,1.981535144150257e-05,0.00019815351441502572,0.00019815351441502572,4878.216552517,,,,,,,,,,,
,1770723981.0772245,14489,4682,,,,4878.361289791,168.0,0.01274389773607254,,,,,,,,,
1.978510767221451e-05,1770723983.9693794,14499,4683,1.978510767221451e-05,0.00019785107672214508,0.00019785107672214508,4881.25356256,,,,,,,,,,,
1.978510767221451e-05,1770723984.1291144,14499,4684,1.978510767221451e-05,0.00019785107672214508,0.00019785107672214508,4881.413167831,,,,,,,,,,,
,1770723984.2733843,14499,4685,,,,4881.557366995,168.0,0.023056523874402046,,,,,,,,,
1.9754869118332862e-05,1770723987.1659858,14509,4686,1.9754869118332862e-05,0.00019754869118332864,0.00019754869118332864,4884.450184253,,,,,,,,,,,
1.9754869118332862e-05,1770723987.325053,14509,4687,1.9754869118332862e-05,0.00019754869118332864,0.00019754869118332864,4884.612099772,,,,,,,,,,,
,1770723987.469193,14509,4688,,,,4884.753249545,168.0,0.03784570097923279,,,,,,,,,
1.9724641367793083e-05,1770723990.3602638,14519,4689,1.9724641367793083e-05,0.00019724641367793085,0.00019724641367793085,4887.648128855,,,,,,,,,,,
1.9724641367793083e-05,1770723990.5232668,14519,4690,1.9724641367793083e-05,0.00019724641367793085,0.00019724641367793085,4887.81005499,,,,,,,,,,,
,1770723990.667824,14519,4691,,,,4887.951889453,168.0,0.017826255410909653,,,,,,,,,
1.969441883265972e-05,1770723993.5597117,14529,4692,1.969441883265972e-05,0.0001969441883265972,0.0001969441883265972,4890.847072419,,,,,,,,,,,
1.969441883265972e-05,1770723993.7211344,14529,4693,1.969441883265972e-05,0.0001969441883265972,0.0001969441883265972,4891.008064467,,,,,,,,,,,
,1770723993.8655608,14529,4694,,,,4891.149618378,168.0,0.02605368010699749,,,,,,,,,
,1770723996.490131,14533,4695,,,,4893.774272009,168.0,,5.241299629211426,0.0881621241569519,5.241300106048584,0.9125675559043884,,,,,
,1770723996.491523,14533,4696,,,,4893.775492056,168.0,,,,,,0.01837093010544777,2.7559895515441895,,,
1.9664207473397254e-05,1770723998.1462612,14539,4697,1.9664207473397254e-05,0.00019664207473397256,0.00019664207473397256,4895.430440074,,,,,,,,,,,
1.9664207473397254e-05,1770723998.305965,14539,4698,1.9664207473397254e-05,0.00019664207473397256,0.00019664207473397256,4895.593107425,,,,,,,,,,,
,1770723998.450489,14539,4699,,,,4895.734573053,169.0,0.016674039885401726,,,,,,,,,
1.9634003937244416e-05,1770724001.3468251,14549,4700,1.9634003937244416e-05,0.00019634003937244417,0.00019634003937244417,4898.634114476,,,,,,,,,,,
1.9634003937244416e-05,1770724001.5075452,14549,4701,1.9634003937244416e-05,0.00019634003937244417,0.00019634003937244417,4898.79408744,,,,,,,,,,,
,1770724001.651881,14549,4702,,,,4898.93588642,169.0,0.0176559891551733,,,,,,,,,
1.9603805989027024e-05,1770724004.5520933,14559,4703,1.9603805989027024e-05,0.00019603805989027023,0.00019603805989027023,4901.836294947,,,,,,,,,,,
1.9603805989027024e-05,1770724004.7128172,14559,4704,1.9603805989027024e-05,0.00019603805989027023,0.00019603805989027023,4901.996887013,,,,,,,,,,,
,1770724004.857566,14559,4705,,,,4902.141631748,169.0,0.01976277306675911,,,,,,,,,
1.9573618844151498e-05,1770724007.7609627,14569,4706,1.9573618844151498e-05,0.00019573618844151498,0.00019573618844151498,4905.045141783,,,,,,,,,,,
1.9573618844151498e-05,1770724007.9207513,14569,4707,1.9573618844151498e-05,0.00019573618844151498,0.00019573618844151498,4905.207109009,,,,,,,,,,,
,1770724008.065264,14569,4708,,,,4905.349241762,169.0,0.02078644558787346,,,,,,,,,
1.954343765974045e-05,1770724010.959605,14579,4709,1.954343765974045e-05,0.0001954343765974045,0.0001954343765974045,4908.243716351,,,,,,,,,,,
1.954343765974045e-05,1770724011.119416,14579,4710,1.954343765974045e-05,0.0001954343765974045,0.0001954343765974045,4908.406095607,,,,,,,,,,,
,1770724011.263412,14579,4711,,,,4908.547402947,169.0,0.013059643097221851,,,,,,,,,
1.9513267278671266e-05,1770724014.161518,14589,4712,1.9513267278671266e-05,0.00019513267278671264,0.00019513267278671264,4911.445702233,,,,,,,,,,,
1.9513267278671266e-05,1770724014.3215508,14589,4713,1.9513267278671266e-05,0.00019513267278671264,0.00019513267278671264,4911.608085425,,,,,,,,,,,
,1770724014.4658992,14589,4714,,,,4911.749896723,169.0,0.012007597833871841,,,,,,,,,
1.948310248553753e-05,1770724017.3629594,14599,4715,1.948310248553753e-05,0.0001948310248553753,0.0001948310248553753,4914.647131444,,,,,,,,,,,
1.948310248553753e-05,1770724017.5233057,14599,4716,1.948310248553753e-05,0.0001948310248553753,0.0001948310248553753,4914.810100328,,,,,,,,,,,
,1770724017.6677673,14599,4717,,,,4914.951779868,169.0,0.015023922547698021,,,,,,,,,
1.945294886827469e-05,1770724020.5614088,14609,4718,1.945294886827469e-05,0.0001945294886827469,0.0001945294886827469,4917.845585425,,,,,,,,,,,
1.945294886827469e-05,1770724020.7210329,14609,4719,1.945294886827469e-05,0.0001945294886827469,0.0001945294886827469,4918.005104404,,,,,,,,,,,
,1770724020.8655877,14609,4720,,,,4918.149625923,169.0,0.023428935557603836,,,,,,,,,
1.9422804191708564e-05,1770724023.762579,14619,4721,1.9422804191708564e-05,0.00019422804191708564,0.00019422804191708564,4921.046721,,,,,,,,,,,
1.9422804191708564e-05,1770724023.912036,14619,4722,1.9422804191708564e-05,0.00019422804191708564,0.00019422804191708564,4921.196068435,,,,,,,,,,,
,1770724023.9692519,14619,4723,,,,4921.25322343,169.0,0.012316669337451458,,,,,,,,,
,1770724025.411541,14619,4724,,,,4922.695743538,169.0,,5.066885471343994,0.08165062218904495,5.066885948181152,0.9190399646759033,,,,,
,1770724025.4129395,14619,4725,,,,4922.696862773,169.0,,,,,,0.01728929579257965,2.690473794937134,,,
1.939266473054886e-05,1770724028.3095846,14629,4726,1.939266473054886e-05,0.0001939266473054886,0.0001939266473054886,4925.593767581,,,,,,,,,,,
1.939266473054886e-05,1770724028.5265396,14629,4727,1.939266473054886e-05,0.0001939266473054886,0.0001939266473054886,4925.810673906,,,,,,,,,,,
,1770724028.670905,14629,4728,,,,4925.954897276,170.0,0.030354710295796394,,,,,,,,,
1.936253681778908e-05,1770724031.5633798,14639,4729,1.936253681778908e-05,0.0001936253681778908,0.0001936253681778908,4928.847552564,,,,,,,,,,,
1.936253681778908e-05,1770724031.7234142,14639,4730,1.936253681778908e-05,0.0001936253681778908,0.0001936253681778908,4929.007470814,,,,,,,,,,,
,1770724031.8674212,14639,4731,,,,4929.151403476,170.0,0.015331201255321503,,,,,,,,,
1.9332414865493776e-05,1770724034.7613876,14649,4732,1.9332414865493776e-05,0.00019332414865493776,0.00019332414865493776,4932.045577058,,,,,,,,,,,
1.9332414865493776e-05,1770724034.92131,14649,4733,1.9332414865493776e-05,0.00019332414865493776,0.00019332414865493776,4932.205371833,,,,,,,,,,,
,1770724035.0660088,14649,4734,,,,4932.349987813,170.0,0.0238436758518219,,,,,,,,,
1.9302304461598398e-05,1770724038.0716414,14659,4735,1.9302304461598398e-05,0.00019302304461598396,0.00019302304461598396,4935.35579852,,,,,,,,,,,
1.9302304461598398e-05,1770724038.2308185,14659,4736,1.9302304461598398e-05,0.00019302304461598396,0.00019302304461598396,4935.514872429,,,,,,,,,,,
,1770724038.3752935,14659,4737,,,,4935.659320807,170.0,0.01865585893392563,,,,,,,,,
1.9272199645638466e-05,1770724041.2671154,14669,4738,1.9272199645638466e-05,0.00019272199645638466,0.00019272199645638466,4938.554158786,,,,,,,,,,,
1.9272199645638466e-05,1770724041.426286,14669,4739,1.9272199645638466e-05,0.00019272199645638466,0.00019272199645638466,4938.710321331,,,,,,,,,,,
,1770724041.5709198,14669,4740,,,,4938.854929019,170.0,0.015575514174997807,,,,,,,,,
1.924210637807846e-05,1770724044.4647577,14679,4741,1.924210637807846e-05,0.0001924210637807846,0.0001924210637807846,4941.75111742,,,,,,,,,,,
1.924210637807846e-05,1770724044.6242864,14679,4742,1.924210637807846e-05,0.0001924210637807846,0.0001924210637807846,4941.908316896,,,,,,,,,,,
,1770724044.768851,14679,4743,,,,4942.052867157,170.0,0.020618921145796776,,,,,,,,,
1.9212022423744202e-05,1770724047.661748,14689,4744,1.9212022423744202e-05,0.00019212022423744203,0.00019212022423744203,4944.945920806,,,,,,,,,,,
1.9212022423744202e-05,1770724047.8212733,14689,4745,1.9212022423744202e-05,0.00019212022423744203,0.00019212022423744203,4945.108094953,,,,,,,,,,,
,1770724047.9657083,14689,4746,,,,4945.249709985,170.0,0.009598839096724987,,,,,,,,,
1.918194405734539e-05,1770724050.8597562,14699,4747,1.918194405734539e-05,0.00019181944057345391,0.00019181944057345391,4948.143959853,,,,,,,,,,,
1.918194405734539e-05,1770724051.0197186,14699,4748,1.918194405734539e-05,0.00019181944057345391,0.00019181944057345391,4948.30378311,,,,,,,,,,,
,1770724051.1640775,14699,4749,,,,4948.448079939,170.0,0.022391725331544876,,,,,,,,,
,1770724054.4304783,14705,4750,,,,4951.714715054,170.0,,5.124608993530273,0.08174758404493332,5.124608993530273,0.9189419746398926,,,,,
,1770724054.431929,14705,4751,,,,4951.715847309,170.0,,,,,,0.018039578571915627,2.7506978511810303,,,
1.9151877611875536e-05,1770724055.4096303,14709,4752,1.9151877611875536e-05,0.00019151877611875534,0.00019151877611875534,4952.693783141,,,,,,,,,,,
1.9151877611875536e-05,1770724055.569076,14709,4753,1.9151877611875536e-05,0.00019151877611875534,0.00019151877611875534,4952.853139885,,,,,,,,,,,
,1770724055.7136679,14709,4754,,,,4952.99764615,171.0,0.013841191306710243,,,,,,,,,
1.9121817126870157e-05,1770724058.6160035,14719,4755,1.9121817126870157e-05,0.00019121817126870156,0.00019121817126870156,4955.900210713,,,,,,,,,,,
1.9121817126870157e-05,1770724058.7761433,14719,4756,1.9121817126870157e-05,0.00019121817126870156,0.00019121817126870156,4956.060254561,,,,,,,,,,,
,1770724058.9214683,14719,4757,,,,4956.205690355,171.0,0.01773585006594658,,,,,,,,,
1.9091768562793733e-05,1770724061.8456445,14729,4758,1.9091768562793733e-05,0.00019091768562793732,0.00019091768562793732,4959.129825784,,,,,,,,,,,
1.9091768562793733e-05,1770724062.0050097,14729,4759,1.9091768562793733e-05,0.00019091768562793732,0.00019091768562793732,4959.28909064,,,,,,,,,,,
,1770724062.1490686,14729,4760,,,,4959.433116832,171.0,0.03398347645998001,,,,,,,,,
1.9061728939414024e-05,1770724065.04335,14739,4761,1.9061728939414024e-05,0.00019061728939414024,0.00019061728939414024,4962.327542236,,,,,,,,,,,
1.9061728939414024e-05,1770724065.202639,14739,4762,1.9061728939414024e-05,0.00019061728939414024,0.00019061728939414024,4962.48669968,,,,,,,,,,,
,1770724065.3471599,14739,4763,,,,4962.63124276,171.0,0.022898081690073013,,,,,,,,,
1.9031695649027824e-05,1770724068.2472942,14749,4764,1.9031695649027824e-05,0.00019031695649027826,0.00019031695649027826,4965.531458962,,,,,,,,,,,
1.9031695649027824e-05,1770724068.4068558,14749,4765,1.9031695649027824e-05,0.00019031695649027826,0.00019031695649027826,4965.690908706,,,,,,,,,,,
,1770724068.5512598,14749,4766,,,,4965.835286056,171.0,0.021256254985928535,,,,,,,,,
1.900167427957058e-05,1770724071.4504614,14759,4767,1.900167427957058e-05,0.0001900167427957058,0.0001900167427957058,4968.734645766,,,,,,,,,,,
1.900167427957058e-05,1770724071.6104248,14759,4768,1.900167427957058e-05,0.0001900167427957058,0.0001900167427957058,4968.897095387,,,,,,,,,,,
,1770724071.7548118,14759,4769,,,,4969.038809036,171.0,0.018074562773108482,,,,,,,,,
1.8971659243106843e-05,1770724074.650753,14769,4770,1.8971659243106843e-05,0.00018971659243106843,0.00018971659243106843,4971.93492406,,,,,,,,,,,
1.8971659243106843e-05,1770724074.810008,14769,4771,1.8971659243106843e-05,0.00018971659243106843,0.00018971659243106843,4972.097093408,,,,,,,,,,,
,1770724074.9545147,14769,4772,,,,4972.238491873,171.0,0.016191309317946434,,,,,,,,,
1.894165650010109e-05,1770724077.8528278,14779,4773,1.894165650010109e-05,0.0001894165650010109,0.0001894165650010109,4975.137000769,,,,,,,,,,,
1.894165650010109e-05,1770724078.0126772,14779,4774,1.894165650010109e-05,0.0001894165650010109,0.0001894165650010109,4975.299102095,,,,,,,,,,,
,1770724078.1567645,14779,4775,,,,4975.440751718,171.0,0.016175411641597748,,,,,,,,,
1.8911660090088847e-05,1770724081.0484653,14789,4776,1.8911660090088847e-05,0.00018911660090088845,0.00018911660090088845,4978.332648896,,,,,,,,,,,
1.8911660090088847e-05,1770724081.2086651,14789,4777,1.8911660090088847e-05,0.00018911660090088845,0.00018911660090088845,4978.492731893,,,,,,,,,,,
,1770724081.352726,14789,4778,,,,4978.636718875,171.0,0.015164232812821865,,,,,,,,,
,1770724083.336704,14791,4779,,,,4980.620848985,171.0,,5.158435344696045,0.08222950994968414,5.158435821533203,0.9184779524803162,,,,,
,1770724083.338735,14791,4780,,,,4980.622646742,171.0,,,,,,0.018796520307660103,2.810243844985962,,,
1.8881675601005554e-05,1770724085.5932891,14799,4781,1.8881675601005554e-05,0.00018881675601005555,0.00018881675601005555,4982.877467362,,,,,,,,,,,
1.8881675601005554e-05,1770724085.752735,14799,4782,1.8881675601005554e-05,0.00018881675601005555,0.00018881675601005555,4983.039095816,,,,,,,,,,,
,1770724085.8970752,14799,4783,,,,4983.181062897,172.0,0.008345108479261398,,,,,,,,,
1.885170079767704e-05,1770724088.7955952,14809,4784,1.885170079767704e-05,0.0001885170079767704,0.0001885170079767704,4986.079779299,,,,,,,,,,,
1.885170079767704e-05,1770724088.955811,14809,4785,1.885170079767704e-05,0.0001885170079767704,0.0001885170079767704,4986.239888145,,,,,,,,,,,
,1770724089.1003566,14809,4786,,,,4986.384339716,172.0,0.012815052643418312,,,,,,,,,
1.8821732327342036e-05,1770724091.9930596,14819,4787,1.8821732327342036e-05,0.00018821732327342034,0.00018821732327342034,4989.277248602,,,,,,,,,,,
1.8821732327342036e-05,1770724092.1531637,14819,4788,1.8821732327342036e-05,0.00018821732327342034,0.00018821732327342034,4989.437226651,,,,,,,,,,,
,1770724092.2978497,14819,4789,,,,4989.581892685,172.0,0.012226486578583717,,,,,,,,,
1.879177615046501e-05,1770724095.1959882,14829,4790,1.879177615046501e-05,0.00018791776150465012,0.00018791776150465012,4992.483139694,,,,,,,,,,,
1.879177615046501e-05,1770724095.3556786,14829,4791,1.879177615046501e-05,0.00018791776150465012,0.00018791776150465012,4992.642062994,,,,,,,,,,,
,1770724095.4997766,14829,4792,,,,4992.783845286,172.0,0.024987269192934036,,,,,,,,,
1.8761826679110527e-05,1770724098.422984,14839,4793,1.8761826679110527e-05,0.00018761826679110529,0.00018761826679110529,4995.707216424,,,,,,,,,,,
1.8761826679110527e-05,1770724098.5830617,14839,4794,1.8761826679110527e-05,0.00018761826679110529,0.00018761826679110529,4995.870099446,,,,,,,,,,,
,1770724098.7276373,14839,4795,,,,4996.011626084,172.0,0.01846357062458992,,,,,,,,,
1.873188987374306e-05,1770724101.6428044,14849,4796,1.873188987374306e-05,0.00018731889873743057,0.00018731889873743057,4998.926973739,,,,,,,,,,,
1.873188987374306e-05,1770724101.8023589,14849,4797,1.873188987374306e-05,0.00018731889873743057,0.00018731889873743057,4999.086419656,,,,,,,,,,,
,1770724101.9468412,14849,4798,,,,4999.230822294,172.0,0.014399568550288677,,,,,,,,,
1.8701962381601334e-05,1770724104.8403785,14859,4799,1.8701962381601334e-05,0.00018701962381601335,0.00018701962381601335,5002.127127867,,,,,,,,,,,
1.8701962381601334e-05,1770724104.999694,14859,4800,1.8701962381601334e-05,0.00018701962381601335,0.00018701962381601335,5002.286054672,,,,,,,,,,,
,1770724105.144177,14859,4801,,,,5002.428286201,172.0,0.009397592395544052,,,,,,,,,
1.8672041594982148e-05,1770724108.0674534,14869,4802,1.8672041594982148e-05,0.0001867204159498215,0.0001867204159498215,5005.351631584,,,,,,,,,,,
1.8672041594982148e-05,1770724108.2265973,14869,4803,1.8672041594982148e-05,0.0001867204159498215,0.0001867204159498215,5005.510659061,,,,,,,,,,,
,1770724108.3711617,14869,4804,,,,5005.655150953,172.0,0.011620779521763325,,,,,,,,,
,1770724112.2717373,14877,4805,,,,5009.555991822,172.0,,5.0437703132629395,0.08007817715406418,5.0437703132629395,0.9206125736236572,,,,,
,1770724112.2731705,14877,4806,,,,5009.557088313,172.0,,,,,,0.017712343484163284,2.7011327743530273,,,
1.8642133474349976e-05,1770724112.610758,14879,4807,1.8642133474349976e-05,0.00018642133474349975,0.00018642133474349975,5009.894848526,,,,,,,,,,,
1.8642133474349976e-05,1770724112.7710686,14879,4808,1.8642133474349976e-05,0.00018642133474349975,0.00018642133474349975,5010.058076777,,,,,,,,,,,
,1770724112.9155846,14879,4809,,,,5010.199543644,173.0,0.027610749006271362,,,,,,,,,
1.861223205924034e-05,1770724115.8103611,14889,4810,1.861223205924034e-05,0.00018612232059240342,0.00018612232059240342,5013.094346859,,,,,,,,,,,
1.861223205924034e-05,1770724115.9701922,14889,4811,1.861223205924034e-05,0.00018612232059240342,0.00018612232059240342,5013.25707624,,,,,,,,,,,
,1770724116.1141777,14889,4812,,,,5013.398142854,173.0,0.009767293930053711,,,,,,,,,
1.8582343310117723e-05,1770724119.0100584,14899,4813,1.8582343310117723e-05,0.0001858234331011772,0.0001858234331011772,5016.29713223,,,,,,,,,,,
1.8582343310117723e-05,1770724119.1693776,14899,4814,1.8582343310117723e-05,0.0001858234331011772,0.0001858234331011772,5016.453412731,,,,,,,,,,,
,1770724119.3138835,14899,4815,,,,5016.597960376,173.0,0.018095817416906357,,,,,,,,,
1.855246126651764e-05,1770724122.2068,14909,4816,1.855246126651764e-05,0.00018552461266517638,0.00018552461266517638,5019.490976287,,,,,,,,,,,
1.855246126651764e-05,1770724122.3659217,14909,4817,1.855246126651764e-05,0.00018552461266517638,0.00018552461266517638,5019.649972546,,,,,,,,,,,
,1770724122.5105495,14909,4818,,,,5019.794566131,173.0,0.014691175892949104,,,,,,,,,
1.8522592633962632e-05,1770724125.4064803,14919,4819,1.8522592633962632e-05,0.0001852259263396263,0.0001852259263396263,5022.690656538,,,,,,,,,,,
1.8522592633962632e-05,1770724125.5655608,14919,4820,1.8522592633962632e-05,0.0001852259263396263,0.0001852259263396263,5022.85209864,,,,,,,,,,,
,1770724125.7096734,14919,4821,,,,5022.993669193,173.0,0.011307032778859138,,,,,,,,,
1.84927336871624e-05,1770724128.6036086,14929,4822,1.84927336871624e-05,0.000184927336871624,0.000184927336871624,5025.887763113,,,,,,,,,,,
1.84927336871624e-05,1770724128.7636864,14929,4823,1.84927336871624e-05,0.000184927336871624,0.000184927336871624,5026.05009173,,,,,,,,,,,
,1770724128.9077075,14929,4824,,,,5026.191717926,173.0,0.021894078701734543,,,,,,,,,
1.8462881445884707e-05,1770724131.806381,14939,4825,1.8462881445884707e-05,0.00018462881445884704,0.00018462881445884704,5029.090543629,,,,,,,,,,,
1.8462881445884707e-05,1770724131.9659882,14939,4826,1.8462881445884707e-05,0.00018462881445884704,0.00018462881445884704,5029.250054613,,,,,,,,,,,
,1770724132.1103652,14939,4827,,,,5029.394380624,173.0,0.022443516179919243,,,,,,,,,
1.8433042615652084e-05,1770724135.0092885,14949,4828,1.8433042615652084e-05,0.00018433042615652084,0.00018433042615652084,5032.296110498,,,,,,,,,,,
1.8433042615652084e-05,1770724135.1690938,14949,4829,1.8433042615652084e-05,0.00018433042615652084,0.00018433042615652084,5032.456074815,,,,,,,,,,,
,1770724135.3133345,14949,4830,,,,5032.597319466,173.0,0.022349031642079353,,,,,,,,,
1.8403210490942e-05,1770724138.2081854,14959,4831,1.8403210490942e-05,0.00018403210490942,0.00018403210490942,5035.494196041,,,,,,,,,,,
1.8403210490942e-05,1770724138.3672664,14959,4832,1.8403210490942e-05,0.00018403210490942,0.00018403210490942,5035.65405614,,,,,,,,,,,
,1770724138.5112655,14959,4833,,,,5035.795320662,173.0,0.00932049285620451,,,,,,,,,
,1770724141.1343107,14963,4834,,,,5038.418511436,173.0,,5.316110610961914,0.08832795172929764,5.316110610961914,0.9123931527137756,,,,,
,1770724141.1357577,14963,4835,,,,5038.4196692,173.0,,,,,,0.018259696662425995,2.729970693588257,,,
1.8373391032218932e-05,1770724142.752056,14969,4836,1.8373391032218932e-05,0.00018373391032218934,0.00018373391032218934,5040.036177837,,,,,,,,,,,
1.8373391032218932e-05,1770724142.9119308,14969,4837,1.8373391032218932e-05,0.00018373391032218934,0.00018373391032218934,5040.195979298,,,,,,,,,,,
,1770724143.0561712,14969,4838,,,,5040.34016002,174.0,0.011027107015252113,,,,,,,,,
1.8343579769134523e-05,1770724145.9509456,14979,4839,1.8343579769134523e-05,0.0001834357976913452,0.0001834357976913452,5043.238094393,,,,,,,,,,,
1.8343579769134523e-05,1770724146.1101341,14979,4840,1.8343579769134523e-05,0.0001834357976913452,0.0001834357976913452,5043.394145177,,,,,,,,,,,
,1770724146.2541618,14979,4841,,,,5043.538156314,174.0,0.029871124774217606,,,,,,,,,
1.8313781172037127e-05,1770724149.185396,14989,4842,1.8313781172037127e-05,0.00018313781172037125,0.00018313781172037125,5046.469592306,,,,,,,,,,,
1.8313781172037127e-05,1770724149.345242,14989,4843,1.8313781172037127e-05,0.00018313781172037125,0.00018313781172037125,5046.629279625,,,,,,,,,,,
,1770724149.4897785,14989,4844,,,,5046.773763663,174.0,0.022092528641223907,,,,,,,,,
1.8283992260694506e-05,1770724152.4449766,14999,4845,1.8283992260694506e-05,0.00018283992260694504,0.00018283992260694504,5049.733007261,,,,,,,,,,,
1.8283992260694506e-05,1770724152.6075366,14999,4846,1.8283992260694506e-05,0.00018283992260694504,0.00018283992260694504,5049.894067788,,,,,,,,,,,
,1770724152.7518563,14999,4847,,,,5050.035919333,174.0,0.01468049455434084,,,,,,,,,
1.825421154499054e-05,1770724155.650432,15009,4848,1.825421154499054e-05,0.0001825421154499054,0.0001825421154499054,5052.934618733,,,,,,,,,,,
1.825421154499054e-05,1770724155.812361,15009,4849,1.825421154499054e-05,0.0001825421154499054,0.0001825421154499054,5053.099118768,,,,,,,,,,,
,1770724155.9596908,15009,4850,,,,5053.243719272,174.0,0.01086396910250187,,,,,,,,,
1.822444349527359e-05,1770724158.8594751,15019,4851,1.822444349527359e-05,0.0001822444349527359,0.0001822444349527359,5056.146062035,,,,,,,,,,,
1.822444349527359e-05,1770724159.0184588,15019,4852,1.822444349527359e-05,0.0001822444349527359,0.0001822444349527359,5056.30506256,,,,,,,,,,,
,1770724159.1625144,15019,4853,,,,5056.446547062,174.0,0.017804089933633804,,,,,,,,,
1.8194682896137237e-05,1770724162.05193,15029,4854,1.8194682896137237e-05,0.0001819468289613724,0.0001819468289613724,5059.339072673,,,,,,,,,,,
1.8194682896137237e-05,1770724162.211264,15029,4855,1.8194682896137237e-05,0.0001819468289613724,0.0001819468289613724,5059.498054449,,,,,,,,,,,
,1770724162.3554192,15029,4856,,,,5059.639459241,174.0,0.016685692593455315,,,,,,,,,
1.816493645310402e-05,1770724165.251605,15039,4857,1.816493645310402e-05,0.00018164936453104018,0.00018164936453104018,5062.539082887,,,,,,,,,,,
1.816493645310402e-05,1770724165.4132192,15039,4858,1.816493645310402e-05,0.00018164936453104018,0.00018164936453104018,5062.700050754,,,,,,,,,,,
,1770724165.5572793,15039,4859,,,,5062.84132588,174.0,0.009989695623517036,,,,,,,,,
1.813519969582558e-05,1770724168.4563158,15049,4860,1.813519969582558e-05,0.00018135199695825578,0.00018135199695825578,5065.74308528,,,,,,,,,,,
1.813519969582558e-05,1770724168.6053727,15049,4861,1.813519969582558e-05,0.00018135199695825578,0.00018135199695825578,5065.889446985,,,,,,,,,,,
,1770724168.6624556,15049,4862,,,,5065.946422849,174.0,0.01619393192231655,,,,,,,,,
,1770724170.1049116,15049,4863,,,,5067.389042046,174.0,,5.036734104156494,0.07953548431396484,5.036734580993652,0.921154260635376,,,,,
,1770724170.1064498,15049,4864,,,,5067.390369745,174.0,,,,,,0.017577961087226868,2.7115859985351562,,,
1.810547038912773e-05,1770724173.001414,15059,4865,1.810547038912773e-05,0.00018105470389127731,0.00018105470389127731,5070.288214519,,,,,,,,,,,
1.810547038912773e-05,1770724173.1645966,15059,4866,1.810547038912773e-05,0.00018105470389127731,0.00018105470389127731,5070.451083107,,,,,,,,,,,
,1770724173.3089304,15059,4867,,,,5070.592965087,175.0,0.012384792789816856,,,,,,,,,
1.807575523853302e-05,1770724176.2046442,15069,4868,1.807575523853302e-05,0.00018075755238533022,0.00018075755238533022,5073.488833102,,,,,,,,,,,
1.807575523853302e-05,1770724176.366181,15069,4869,1.807575523853302e-05,0.00018075755238533022,0.00018075755238533022,5073.650326771,,,,,,,,,,,
,1770724176.5106883,15069,4870,,,,5073.794663987,175.0,0.009675024077296257,,,,,,,,,
1.8046046793460846e-05,1770724179.410248,15079,4871,1.8046046793460846e-05,0.00018046046793460845,0.00018046046793460845,5076.698105724,,,,,,,,,,,
1.8046046793460846e-05,1770724179.5727887,15079,4872,1.8046046793460846e-05,0.00018046046793460845,0.00018046046793460845,5076.859062083,,,,,,,,,,,
,1770724179.7171836,15079,4873,,,,5077.001232257,175.0,0.014970827847719193,,,,,,,,,
1.8016352504491808e-05,1770724182.612938,15089,4874,1.8016352504491808e-05,0.00018016352504491805,0.00018016352504491805,5079.900988904,,,,,,,,,,,
1.8016352504491808e-05,1770724182.7750494,15089,4875,1.8016352504491808e-05,0.00018016352504491805,0.00018016352504491805,5080.062070301,,,,,,,,,,,
,1770724182.9194188,15089,4876,,,,5080.203470145,175.0,0.015143472701311111,,,,,,,,,
1.7986666411161423e-05,1770724185.8176982,15099,4877,1.7986666411161423e-05,0.00017986666411161424,0.00017986666411161424,5083.10189849,,,,,,,,,,,
1.7986666411161423e-05,1770724185.979704,15099,4878,1.7986666411161423e-05,0.00017986666411161424,0.00017986666411161424,5083.263843637,,,,,,,,,,,
,1770724186.124398,15099,4879,,,,5083.408382558,175.0,0.014378447085618973,,,,,,,,,
1.7956993728876115e-05,1770724189.028152,15109,4880,1.7956993728876115e-05,0.00017956993728876115,0.00017956993728876115,5086.316080507,,,,,,,,,,,
1.7956993728876115e-05,1770724189.190123,15109,4881,1.7956993728876115e-05,0.00017956993728876115,0.00017956993728876115,5086.477060411,,,,,,,,,,,
,1770724189.3341632,15109,4882,,,,5086.618201606,175.0,0.014676583930850029,,,,,,,,,
1.792733147740364e-05,1770724192.235191,15119,4883,1.792733147740364e-05,0.0001792733147740364,0.0001792733147740364,5089.522080353,,,,,,,,,,,
1.792733147740364e-05,1770724192.3948607,15119,4884,1.792733147740364e-05,0.0001792733147740364,0.0001792733147740364,5089.682056396,,,,,,,,,,,
,1770724192.5396614,15119,4885,,,,5089.823701028,175.0,0.020100241526961327,,,,,,,,,
1.7897676676511765e-05,1770724195.4389071,15129,4886,1.7897676676511765e-05,0.00017897676676511764,0.00017897676676511764,5092.726947042,,,,,,,,,,,
1.7897676676511765e-05,1770724195.6013205,15129,4887,1.7897676676511765e-05,0.00017897676676511764,0.00017897676676511764,5092.888057432,,,,,,,,,,,
,1770724195.74561,15129,4888,,,,5093.029654002,175.0,0.019936416298151016,,,,,,,,,
,1770724199.0116343,15135,4889,,,,5096.295844749,175.0,,5.120173931121826,0.08313807100057602,5.120174407958984,0.9175586104393005,,,,,
,1770724199.0130908,15135,4890,,,,5096.29700772,175.0,,,,,,0.01733262836933136,2.6962008476257324,,,
1.7868036776781082e-05,1770724199.9887679,15139,4891,1.7868036776781082e-05,0.00017868036776781082,0.00017868036776781082,5097.2729746,,,,,,,,,,,
1.7868036776781082e-05,1770724200.1487694,15139,4892,1.7868036776781082e-05,0.00017868036776781082,0.00017868036776781082,5097.432811332,,,,,,,,,,,
,1770724200.2934806,15139,4893,,,,5097.577472697,176.0,0.01426844485104084,,,,,,,,,
1.7838404327631e-05,1770724203.19429,15149,4894,1.7838404327631e-05,0.00017838404327630996,0.00017838404327630996,5100.481196986,,,,,,,,,,,
1.7838404327631e-05,1770724203.3566525,15149,4895,1.7838404327631e-05,0.00017838404327630996,0.00017838404327630996,5100.643064145,,,,,,,,,,,
,1770724203.500554,15149,4896,,,,5100.784622828,176.0,0.019185394048690796,,,,,,,,,
1.7808785289525985e-05,1770724206.397775,15159,4897,1.7808785289525985e-05,0.00017808785289525987,0.00017808785289525987,5103.681958867,,,,,,,,,,,
1.7808785289525985e-05,1770724206.5574405,15159,4898,1.7808785289525985e-05,0.00017808785289525987,0.00017808785289525987,5103.841489359,,,,,,,,,,,
,1770724206.7015834,15159,4899,,,,5103.985578972,176.0,0.01768852025270462,,,,,,,,,
1.7779175192117693e-05,1770724209.5949576,15169,4900,1.7779175192117693e-05,0.0001777917519211769,0.0001777917519211769,5106.882988881,,,,,,,,,,,
1.7779175192117693e-05,1770724209.757211,15169,4901,1.7779175192117693e-05,0.0001777917519211769,0.0001777917519211769,5107.044061223,,,,,,,,,,,
,1770724209.9011958,15169,4902,,,,5107.185238712,176.0,0.02160465344786644,,,,,,,,,
1.7749578505754472e-05,1770724212.7912028,15179,4903,1.7749578505754472e-05,0.00017749578505754472,0.00017749578505754472,5110.079087347,,,,,,,,,,,
1.7749578505754472e-05,1770724212.9531705,15179,4904,1.7749578505754472e-05,0.00017749578505754472,0.00017749578505754472,5110.240055743,,,,,,,,,,,
,1770724213.0971773,15179,4905,,,,5110.381213973,176.0,0.010578427463769913,,,,,,,,,
1.7719992995262146e-05,1770724215.989744,15189,4906,1.7719992995262146e-05,0.00017719992995262146,0.00017719992995262146,5113.27393617,,,,,,,,,,,
1.7719992995262146e-05,1770724216.1510696,15189,4907,1.7719992995262146e-05,0.00017719992995262146,0.00017719992995262146,5113.435205289,,,,,,,,,,,
,1770724216.2958076,15189,4908,,,,5113.579799481,176.0,0.012584582902491093,,,,,,,,,
1.769041568040848e-05,1770724219.1865785,15199,4909,1.769041568040848e-05,0.00017690415680408477,0.00017690415680408477,5116.474080694,,,,,,,,,,,
1.769041568040848e-05,1770724219.3487117,15199,4910,1.769041568040848e-05,0.00017690415680408477,0.00017690415680408477,5116.635061709,,,,,,,,,,,
,1770724219.4929366,15199,4911,,,,5116.776989727,176.0,0.014870882034301758,,,,,,,,,
1.7660852521657944e-05,1770724222.3946235,15209,4912,1.7660852521657944e-05,0.00017660852521657943,0.00017660852521657943,5119.681251846,,,,,,,,,,,
1.7660852521657944e-05,1770724222.5582643,15209,4913,1.7660852521657944e-05,0.00017660852521657943,0.00017660852521657943,5119.84509478,,,,,,,,,,,
,1770724222.7025995,15209,4914,,,,5119.986626812,176.0,0.012056679464876652,,,,,,,,,
1.7631298303604126e-05,1770724225.5996513,15219,4915,1.7631298303604126e-05,0.00017631298303604127,0.00017631298303604127,5122.885252262,,,,,,,,,,,
1.7631298303604126e-05,1770724225.7724814,15219,4916,1.7631298303604126e-05,0.00017631298303604127,0.00017631298303604127,5123.059092918,,,,,,,,,,,
,1770724225.9184432,15219,4917,,,,5123.202546253,176.0,0.010802434757351875,,,,,,,,,
,1770724228.0224965,15221,4918,,,,5125.30670187,176.0,,5.105947494506836,0.08336921036243439,5.1059465408325195,0.9173341989517212,,,,,
,1770724228.0239196,15221,4919,,,,5125.307816238,176.0,,,,,,0.01666862703859806,2.641993761062622,,,
1.7601757496595383e-05,1770724230.2878497,15229,4920,1.7601757496595383e-05,0.00017601757496595383,0.00017601757496595383,5127.572047406,,,,,,,,,,,
1.7601757496595383e-05,1770724230.4478316,15229,4921,1.7601757496595383e-05,0.00017601757496595383,0.00017601757496595383,5127.735161812,,,,,,,,,,,
,1770724230.5918221,15229,4922,,,,5127.875865287,177.0,0.014345500618219376,,,,,,,,,
1.7572227865457535e-05,1770724233.4901557,15239,4923,1.7572227865457535e-05,0.00017572227865457536,0.00017572227865457536,5130.774317702,,,,,,,,,,,
1.7572227865457535e-05,1770724233.6506145,15239,4924,1.7572227865457535e-05,0.00017572227865457536,0.00017572227865457536,5130.937096724,,,,,,,,,,,
,1770724233.7947567,15239,4925,,,,5131.078736978,177.0,0.01295248232781887,,,,,,,,,
1.7542707175016404e-05,1770724236.6976361,15249,4926,1.7542707175016404e-05,0.00017542707175016402,0.00017542707175016402,5133.981796278,,,,,,,,,,,
1.7542707175016404e-05,1770724236.8575222,15249,4927,1.7542707175016404e-05,0.00017542707175016402,0.00017542707175016402,5134.141587962,,,,,,,,,,,
,1770724237.0014844,15249,4928,,,,5134.285477343,177.0,0.011257603764533997,,,,,,,,,
1.7513200640678408e-05,1770724239.8945534,15259,4929,1.7513200640678408e-05,0.00017513200640678406,0.00017513200640678406,5137.178737297,,,,,,,,,,,
1.7513200640678408e-05,1770724240.0545683,15259,4930,1.7513200640678408e-05,0.00017513200640678406,0.00017513200640678406,5137.338630774,,,,,,,,,,,
,1770724240.1987069,15259,4931,,,,5137.482704582,177.0,0.01602199859917164,,,,,,,,,
1.7483702301979066e-05,1770724243.1028128,15269,4932,1.7483702301979066e-05,0.00017483702301979064,0.00017483702301979064,5140.386987551,,,,,,,,,,,
1.7483702301979066e-05,1770724243.2625055,15269,4933,1.7483702301979066e-05,0.00017483702301979064,0.00017483702301979064,5140.546568417,,,,,,,,,,,
,1770724243.406733,15269,4934,,,,5140.690730098,177.0,0.016061127185821533,,,,,,,,,
1.745421886444092e-05,1770724246.309816,15279,4935,1.745421886444092e-05,0.00017454218864440917,0.00017454218864440917,5143.593985218,,,,,,,,,,,
1.745421886444092e-05,1770724246.469934,15279,4936,1.745421886444092e-05,0.00017454218864440917,0.00017454218864440917,5143.754003312,,,,,,,,,,,
,1770724246.6140099,15279,4937,,,,5143.898020425,177.0,0.011763575486838818,,,,,,,,,
1.742474436759949e-05,1770724249.5109985,15289,4938,1.742474436759949e-05,0.00017424744367599488,0.00017424744367599488,5146.798115235,,,,,,,,,,,
1.742474436759949e-05,1770724249.670232,15289,4939,1.742474436759949e-05,0.00017424744367599488,0.00017424744367599488,5146.957090809,,,,,,,,,,,
,1770724249.814632,15289,4940,,,,5147.098626236,177.0,0.0071371691301465034,,,,,,,,,
1.739528328180313e-05,1770724252.7159169,15299,4941,1.739528328180313e-05,0.0001739528328180313,0.0001739528328180313,5150.0032086,,,,,,,,,,,
1.739528328180313e-05,1770724252.8787534,15299,4942,1.739528328180313e-05,0.0001739528328180313,0.0001739528328180313,5150.165058923,,,,,,,,,,,
,1770724253.0227895,15299,4943,,,,5150.306824726,177.0,0.010823839344084263,,,,,,,,,
,1770724256.9262433,15307,4944,,,,5154.210486737,177.0,,5.094542980194092,0.08240331709384918,5.094542503356934,0.9182929992675781,,,,,
,1770724256.9276702,15307,4945,,,,5154.211575937,177.0,,,,,,0.01608843356370926,2.620795965194702,,,
1.736583486199379e-05,1770724257.265305,15309,4946,1.736583486199379e-05,0.00017365834861993791,0.00017365834861993791,5154.549430813,,,,,,,,,,,
1.736583486199379e-05,1770724257.4286797,15309,4947,1.736583486199379e-05,0.00017365834861993791,0.00017365834861993791,5154.712816898,,,,,,,,,,,
,1770724257.5732355,15309,4948,,,,5154.857360864,178.0,0.02306966297328472,,,,,,,,,
1.7336394637823106e-05,1770724260.4885442,15319,4949,1.7336394637823106e-05,0.00017336394637823104,0.00017336394637823104,5157.772732728,,,,,,,,,,,
1.7336394637823106e-05,1770724260.6485982,15319,4950,1.7336394637823106e-05,0.00017336394637823104,0.00017336394637823104,5157.935098818,,,,,,,,,,,
,1770724260.7926087,15319,4951,,,,5158.076593753,178.0,0.016059817746281624,,,,,,,,,
1.7306969314813616e-05,1770724263.688269,15329,4952,1.7306969314813616e-05,0.00017306969314813614,0.00017306969314813614,5160.972445306,,,,,,,,,,,
1.7306969314813616e-05,1770724263.8487356,15329,4953,1.7306969314813616e-05,0.00017306969314813614,0.00017306969314813614,5161.135116064,,,,,,,,,,,
,1770724263.9933133,15329,4954,,,,5161.277377383,178.0,0.015290793962776661,,,,,,,,,
1.727755293250084e-05,1770724266.895579,15339,4955,1.727755293250084e-05,0.0001727755293250084,0.0001727755293250084,5164.179738435,,,,,,,,,,,
1.727755293250084e-05,1770724267.0554056,15339,4956,1.727755293250084e-05,0.0001727755293250084,0.0001727755293250084,5164.339471099,,,,,,,,,,,
,1770724267.1994321,15339,4957,,,,5164.483428902,178.0,0.019232451915740967,,,,,,,,,
1.7248150706291198e-05,1770724270.1013038,15349,4958,1.7248150706291198e-05,0.000172481507062912,0.000172481507062912,5167.385496361,,,,,,,,,,,
1.7248150706291198e-05,1770724270.2617629,15349,4959,1.7248150706291198e-05,0.000172481507062912,0.000172481507062912,5167.545844361,,,,,,,,,,,
,1770724270.4057548,15349,4960,,,,5167.689764778,178.0,0.02538798376917839,,,,,,,,,
1.7218758165836336e-05,1770724273.3054924,15359,4961,1.7218758165836336e-05,0.00017218758165836334,0.00017218758165836334,5170.589681908,,,,,,,,,,,
1.7218758165836336e-05,1770724273.4655666,15359,4962,1.7218758165836336e-05,0.00017218758165836334,0.00017218758165836334,5170.749642334,,,,,,,,,,,
,1770724273.6100407,15359,4963,,,,5170.894062483,178.0,0.02300352230668068,,,,,,,,,
1.7189379781484606e-05,1770724276.5412195,15369,4964,1.7189379781484606e-05,0.00017189379781484604,0.00017189379781484604,5173.825370764,,,,,,,,,,,
1.7189379781484606e-05,1770724276.7010598,15369,4965,1.7189379781484606e-05,0.00017189379781484604,0.00017189379781484604,5173.988096544,,,,,,,,,,,
,1770724276.8455455,15369,4966,,,,5174.129520893,178.0,0.015825843438506126,,,,,,,,,
1.716001406311989e-05,1770724279.745095,15379,4967,1.716001406311989e-05,0.00017160014063119888,0.00017160014063119888,5177.032126476,,,,,,,,,,,
1.716001406311989e-05,1770724279.9049613,15379,4968,1.716001406311989e-05,0.00017160014063119888,0.00017160014063119888,5177.19207207,,,,,,,,,,,
,1770724280.04947,15379,4969,,,,5177.333469178,178.0,0.01534930057823658,,,,,,,,,
1.7130656540393832e-05,1770724282.9516401,15389,4970,1.7130656540393832e-05,0.0001713065654039383,0.0001713065654039383,5180.238136584,,,,,,,,,,,
1.7130656540393832e-05,1770724283.111191,15389,4971,1.7130656540393832e-05,0.0001713065654039383,0.0001713065654039383,5180.398073555,,,,,,,,,,,
,1770724283.2554924,15389,4972,,,,5180.53949575,178.0,0.009073722176253796,,,,,,,,,
,1770724285.8789852,15393,4973,,,,5183.163223983,178.0,,4.9705963134765625,0.07831750810146332,4.970595359802246,0.9223474264144897,,,,,
,1770724287.531727,15393,4974,,,,5184.815955734,178.0,,,,,,0.01687406562268734,2.6619985103607178,,,
1.7101314663887026e-05,1770724289.1561692,15399,4975,1.7101314663887026e-05,0.00017101314663887023,0.00017101314663887023,5186.443129344,,,,,,,,,,,
1.7101314663887026e-05,1770724289.31594,15399,4976,1.7101314663887026e-05,0.00017101314663887023,0.00017101314663887023,5186.603073706,,,,,,,,,,,
,1770724289.4600499,15399,4977,,,,5186.744058863,179.0,0.017944252118468285,,,,,,,,,
1.7071981728076934e-05,1770724292.3591967,15409,4978,1.7071981728076934e-05,0.00017071981728076935,0.00017071981728076935,5189.646140521,,,,,,,,,,,
1.7071981728076934e-05,1770724292.5191667,15409,4979,1.7071981728076934e-05,0.00017071981728076935,0.00017071981728076935,5189.806079325,,,,,,,,,,,
,1770724292.6635427,15409,4980,,,,5189.947522852,179.0,0.014080625958740711,,,,,,,,,
1.704266369342804e-05,1770724295.5656846,15419,4981,1.704266369342804e-05,0.0001704266369342804,0.0001704266369342804,5192.852187287,,,,,,,,,,,
1.704266369342804e-05,1770724295.7251801,15419,4982,1.704266369342804e-05,0.0001704266369342804,0.0001704266369342804,5193.010181132,,,,,,,,,,,
,1770724295.8696613,15419,4983,,,,5193.153631391,179.0,0.021376166492700577,,,,,,,,,
1.701335832476616e-05,1770724298.7717335,15429,4984,1.701335832476616e-05,0.00017013358324766159,0.00017013358324766159,5196.059090651,,,,,,,,,,,
1.701335832476616e-05,1770724298.9335523,15429,4985,1.701335832476616e-05,0.00017013358324766159,0.00017013358324766159,5196.217641144,,,,,,,,,,,
,1770724299.078159,15429,4986,,,,5196.362184337,179.0,0.014990536496043205,,,,,,,,,
1.6984061896800997e-05,1770724301.970439,15439,4987,1.6984061896800997e-05,0.00016984061896800994,0.00016984061896800994,5199.257283538,,,,,,,,,,,
1.6984061896800997e-05,1770724302.132681,15439,4988,1.6984061896800997e-05,0.00016984061896800994,0.00016984061896800994,5199.416866896,,,,,,,,,,,
,1770724302.2767122,15439,4989,,,,5199.560883427,179.0,0.015924697741866112,,,,,,,,,
1.6954780369997027e-05,1770724305.1714633,15449,4990,1.6954780369997027e-05,0.00016954780369997024,0.00016954780369997024,5202.458322118,,,,,,,,,,,
1.6954780369997027e-05,1770724305.3343492,15449,4991,1.6954780369997027e-05,0.00016954780369997024,0.00016954780369997024,5202.618348643,,,,,,,,,,,
,1770724305.4784102,15449,4992,,,,5202.762475209,179.0,0.012408675625920296,,,,,,,,,
1.692550852894783e-05,1770724308.372015,15459,4993,1.692550852894783e-05,0.0001692550852894783,0.0001692550852894783,5205.659075666,,,,,,,,,,,
1.692550852894783e-05,1770724308.53224,15459,4994,1.692550852894783e-05,0.0001692550852894783,0.0001692550852894783,5205.81905468,,,,,,,,,,,
,1770724308.6767836,15459,4995,,,,5205.960883066,179.0,0.015735048800706863,,,,,,,,,
1.689625233411789e-05,1770724311.5701525,15469,4996,1.689625233411789e-05,0.0001689625233411789,0.0001689625233411789,5208.858101011,,,,,,,,,,,
1.689625233411789e-05,1770724311.7325547,15469,4997,1.689625233411789e-05,0.0001689625233411789,0.0001689625233411789,5209.019120281,,,,,,,,,,,
,1770724311.8767908,15469,4998,,,,5209.161011061,179.0,0.014328586868941784,,,,,,,,,
1.6867005079984667e-05,1770724314.769884,15479,4999,1.6867005079984667e-05,0.00016867005079984667,0.00016867005079984667,5212.057117,,,,,,,,,,,
1.6867005079984667e-05,1770724314.9184923,15479,5000,1.6867005079984667e-05,0.00016867005079984667,0.00016867005079984667,5212.202748462,,,,,,,,,,,
,1770724314.975378,15479,5001,,,,5212.259378284,179.0,0.013478546403348446,,,,,,,,,
,1770724316.4170804,15479,5002,,,,5213.701218299,179.0,,5.132680892944336,0.08339574187994003,5.1326799392700195,0.9173213243484497,,,,,
,1770724316.4184828,15479,5003,,,,5213.702390303,179.0,,,,,,0.016188276931643486,2.615375280380249,,,
1.6837773472070695e-05,1770724319.3148186,15489,5004,1.6837773472070695e-05,0.00016837773472070695,0.00016837773472070695,5216.60223542,,,,,,,,,,,
1.6837773472070695e-05,1770724319.477568,15489,5005,1.6837773472070695e-05,0.00016837773472070695,0.00016837773472070695,5216.764056667,,,,,,,,,,,
,1770724319.6215534,15489,5006,,,,5216.905602747,180.0,0.016635257750749588,,,,,,,,,
1.680855453014374e-05,1770724322.5153394,15499,5007,1.680855453014374e-05,0.0001680855453014374,0.0001680855453014374,5219.802349898,,,,,,,,,,,
1.680855453014374e-05,1770724322.6776092,15499,5008,1.680855453014374e-05,0.0001680855453014374,0.0001680855453014374,5219.961787186,,,,,,,,,,,
,1770724322.822268,15499,5009,,,,5220.106613225,180.0,0.04255504161119461,,,,,,,,,
1.67793445289135e-05,1770724325.7164617,15509,5010,1.67793445289135e-05,0.00016779344528913498,0.00016779344528913498,5223.00329141,,,,,,,,,,,
1.67793445289135e-05,1770724325.8793151,15509,5011,1.67793445289135e-05,0.00016779344528913498,0.00016779344528913498,5223.166118701,,,,,,,,,,,
,1770724326.026252,15509,5012,,,,5223.310308502,180.0,0.015797102823853493,,,,,,,,,
1.6750150173902512e-05,1770724328.920766,15519,5013,1.6750150173902512e-05,0.00016750150173902513,0.00016750150173902513,5226.20706944,,,,,,,,,,,
1.6750150173902512e-05,1770724329.0810707,15519,5014,1.6750150173902512e-05,0.00016750150173902513,0.00016750150173902513,5226.368054378,,,,,,,,,,,
,1770724329.224967,15519,5015,,,,5226.509071752,180.0,0.024827852845191956,,,,,,,,,
1.6720966249704362e-05,1770724332.1224356,15529,5016,1.6720966249704362e-05,0.0001672096624970436,0.0001672096624970436,5229.406636339,,,,,,,,,,,
1.6720966249704362e-05,1770724332.2823927,15529,5017,1.6720966249704362e-05,0.0001672096624970436,0.0001672096624970436,5229.569104059,,,,,,,,,,,
,1770724332.4264307,15529,5018,,,,5229.710410088,180.0,0.026217423379421234,,,,,,,,,
1.6691797226667406e-05,1770724335.3211076,15539,5019,1.6691797226667406e-05,0.00016691797226667403,0.00016691797226667403,5232.605305103,,,,,,,,,,,
1.6691797226667406e-05,1770724335.4810684,15539,5020,1.6691797226667406e-05,0.00016691797226667403,0.00016691797226667403,5232.768104743,,,,,,,,,,,
,1770724335.6250503,15539,5021,,,,5232.909049608,180.0,0.01809949427843094,,,,,,,,,
1.6662640869617463e-05,1770724338.5229447,15549,5022,1.6662640869617463e-05,0.00016662640869617463,0.00016662640869617463,5235.810216414,,,,,,,,,,,
1.6662640869617463e-05,1770724338.6863408,15549,5023,1.6662640869617463e-05,0.00016662640869617463,0.00016662640869617463,5235.970341967,,,,,,,,,,,
,1770724338.8306916,15549,5024,,,,5236.114740693,180.0,0.021224111318588257,,,,,,,,,
1.6633494943380356e-05,1770724341.7279088,15559,5025,1.6633494943380356e-05,0.00016633494943380357,0.00016633494943380357,5239.015345111,,,,,,,,,,,
1.6633494943380356e-05,1770724341.8908157,15559,5026,1.6633494943380356e-05,0.00016633494943380357,0.00016633494943380357,5239.174992134,,,,,,,,,,,
,1770724342.0349817,15559,5027,,,,5239.319160231,180.0,0.0181745495647192,,,,,,,,,
,1770724345.2980957,15565,5028,,,,5242.582324043,180.0,,5.3776655197143555,0.0898454338312149,5.377665996551514,0.910893976688385,,,,,
,1770724345.2995486,15565,5029,,,,5242.58343802,180.0,,,,,,0.01752808317542076,2.6592140197753906,,,
1.6604363918304443e-05,1770724346.277948,15569,5030,1.6604363918304443e-05,0.00016604363918304443,0.00016604363918304443,5243.565152688,,,,,,,,,,,
1.6604363918304443e-05,1770724346.4410682,15569,5031,1.6604363918304443e-05,0.00016604363918304443,0.00016604363918304443,5243.728051066,,,,,,,,,,,
,1770724346.5854635,15569,5032,,,,5243.869494021,181.0,0.013521336019039154,,,,,,,,,
1.6575243324041366e-05,1770724349.4816003,15579,5033,1.6575243324041366e-05,0.00016575243324041367,0.00016575243324041367,5246.768168649,,,,,,,,,,,
1.6575243324041366e-05,1770724349.6441424,15579,5034,1.6575243324041366e-05,0.00016575243324041367,0.00016575243324041367,5246.931054448,,,,,,,,,,,
,1770724349.78835,15579,5035,,,,5247.072458424,181.0,0.017694463953375816,,,,,,,,,
1.6546138375997544e-05,1770724352.684557,15589,5036,1.6546138375997544e-05,0.00016546138375997542,0.00016546138375997542,5249.968757354,,,,,,,,,,,
1.6546138375997544e-05,1770724352.8449836,15589,5037,1.6546138375997544e-05,0.00016546138375997542,0.00016546138375997542,5250.13207948,,,,,,,,,,,
,1770724352.9893205,15589,5038,,,,5250.273317285,181.0,0.012147193774580956,,,,,,,,,
1.6517043858766558e-05,1770724355.8842788,15599,5039,1.6517043858766558e-05,0.00016517043858766555,0.00016517043858766555,5253.17205798,,,,,,,,,,,
1.6517043858766558e-05,1770724356.0469093,15599,5040,1.6517043858766558e-05,0.00016517043858766555,0.00016517043858766555,5253.330982625,,,,,,,,,,,
,1770724356.1917615,15599,5041,,,,5253.475803025,181.0,0.01340700313448906,,,,,,,,,
1.6487964987754824e-05,1770724359.1113367,15609,5042,1.6487964987754824e-05,0.00016487964987754822,0.00016487964987754822,5256.398203029,,,,,,,,,,,
1.6487964987754824e-05,1770724359.273399,15609,5043,1.6487964987754824e-05,0.00016487964987754822,0.00016487964987754822,5256.560056152,,,,,,,,,,,
,1770724359.41773,15609,5044,,,,5256.701767551,181.0,0.02057625539600849,,,,,,,,,
1.6458898782730103e-05,1770724362.3141823,15619,5045,1.6458898782730103e-05,0.00016458898782730104,0.00016458898782730104,5259.602111917,,,,,,,,,,,
1.6458898782730103e-05,1770724362.4769893,15619,5046,1.6458898782730103e-05,0.00016458898782730104,0.00016458898782730104,5259.761086917,,,,,,,,,,,
,1770724362.6215754,15619,5047,,,,5259.905621827,181.0,0.024637941271066666,,,,,,,,,
1.6429843008518218e-05,1770724365.5208719,15629,5048,1.6429843008518218e-05,0.00016429843008518218,0.00016429843008518218,5262.80819721,,,,,,,,,,,
1.6429843008518218e-05,1770724365.6837854,15629,5049,1.6429843008518218e-05,0.00016429843008518218,0.00016429843008518218,5262.967863892,,,,,,,,,,,
,1770724365.8285341,15629,5050,,,,5263.112708658,181.0,0.015066750347614288,,,,,,,,,
1.640080362558365e-05,1770724368.7270005,15639,5051,1.640080362558365e-05,0.0001640080362558365,0.0001640080362558365,5266.011178027,,,,,,,,,,,
1.640080362558365e-05,1770724368.8873699,15639,5052,1.640080362558365e-05,0.0001640080362558365,0.0001640080362558365,5266.174094622,,,,,,,,,,,
,1770724369.0317101,15639,5053,,,,5266.315711919,181.0,0.013672887347638607,,,,,,,,,
1.6371773928403856e-05,1770724371.9306011,15649,5054,1.6371773928403856e-05,0.00016371773928403855,0.00016371773928403855,5269.215171007,,,,,,,,,,,
1.6371773928403856e-05,1770724372.0903695,15649,5055,1.6371773928403856e-05,0.00016371773928403855,0.00016371773928403855,5269.374401351,,,,,,,,,,,
,1770724372.2349818,15649,5056,,,,5269.519185456,181.0,0.019905323162674904,,,,,,,,,
,1770724374.2195075,15651,5057,,,,5271.503737614,181.0,,5.177324295043945,0.08252859860658646,5.177324295043945,0.9181712865829468,,,,,
,1770724374.2209253,15651,5058,,,,5271.504809538,181.0,,,,,,0.016437817364931107,2.6260244846343994,,,
1.6342760622501375e-05,1770724376.4755218,15659,5059,1.6342760622501375e-05,0.00016342760622501374,0.00016342760622501374,5273.762154327,,,,,,,,,,,
1.6342760622501375e-05,1770724376.6373258,15659,5060,1.6342760622501375e-05,0.00016342760622501374,0.00016342760622501374,5273.924056003,,,,,,,,,,,
,1770724376.7813063,15659,5061,,,,5274.065347099,182.0,0.022236889228224754,,,,,,,,,
1.6313757747411727e-05,1770724379.6773698,15669,5062,1.6313757747411727e-05,0.0001631375774741173,0.0001631375774741173,5276.964178698,,,,,,,,,,,
1.6313757747411727e-05,1770724379.8407438,15669,5063,1.6313757747411727e-05,0.0001631375774741173,0.0001631375774741173,5277.127056293,,,,,,,,,,,
,1770724379.9850965,15669,5064,,,,5277.2690989,182.0,0.016705339774489403,,,,,,,,,
1.6284770518541337e-05,1770724382.8820844,15679,5065,1.6284770518541337e-05,0.00016284770518541335,0.00016284770518541335,5280.170083599,,,,,,,,,,,
1.6284770518541337e-05,1770724383.0442395,15679,5066,1.6284770518541337e-05,0.00016284770518541335,0.00016284770518541335,5280.331053222,,,,,,,,,,,
,1770724383.188741,15679,5067,,,,5280.472769998,182.0,0.016637425869703293,,,,,,,,,
1.625579744577408e-05,1770724386.0908532,15689,5068,1.625579744577408e-05,0.00016255797445774079,0.00016255797445774079,5283.378058496,,,,,,,,,,,
1.625579744577408e-05,1770724386.2507114,15689,5069,1.625579744577408e-05,0.00016255797445774079,0.00016255797445774079,5283.538051799,,,,,,,,,,,
,1770724386.397527,15689,5070,,,,5283.681523847,182.0,0.02169954404234886,,,,,,,,,
1.6226834058761598e-05,1770724389.2926831,15699,5071,1.6226834058761598e-05,0.00016226834058761597,0.00016226834058761597,5286.579143186,,,,,,,,,,,
1.6226834058761598e-05,1770724389.4528627,15699,5072,1.6226834058761598e-05,0.00016226834058761597,0.00016226834058761597,5286.736900873,,,,,,,,,,,
,1770724389.5975692,15699,5073,,,,5286.88162048,182.0,0.01187434047460556,,,,,,,,,
1.6197887063026428e-05,1770724392.5029714,15709,5074,1.6197887063026428e-05,0.0001619788706302643,0.0001619788706302643,5289.787155816,,,,,,,,,,,
1.6197887063026428e-05,1770724392.662744,15709,5075,1.6197887063026428e-05,0.0001619788706302643,0.0001619788706302643,5289.949105234,,,,,,,,,,,
,1770724392.8072262,15709,5076,,,,5290.091261952,182.0,0.016827017068862915,,,,,,,,,
1.6168951243162156e-05,1770724395.70459,15719,5077,1.6168951243162156e-05,0.00016168951243162157,0.00016168951243162157,5292.988784532,,,,,,,,,,,
1.6168951243162156e-05,1770724395.8645496,15719,5078,1.6168951243162156e-05,0.00016168951243162157,0.00016168951243162157,5293.151131839,,,,,,,,,,,
,1770724396.0114534,15719,5079,,,,5293.295494177,182.0,0.016952084377408028,,,,,,,,,
1.6140031814575196e-05,1770724398.9293923,15729,5080,1.6140031814575196e-05,0.00016140031814575195,0.00016140031814575195,5296.216204557,,,,,,,,,,,
1.6140031814575196e-05,1770724399.091522,15729,5081,1.6140031814575196e-05,0.00016140031814575195,0.00016140031814575195,5296.375509683,,,,,,,,,,,
,1770724399.236067,15729,5082,,,,5296.520124502,182.0,0.017161356285214424,,,,,,,,,
,1770724403.138316,15737,5083,,,,5300.422478321,182.0,,5.215867519378662,0.08622515201568604,5.215867519378662,0.9144893884658813,,,,,
,1770724403.1397352,15737,5084,,,,5300.423951188,182.0,,,,,,0.016331251710653305,2.6194851398468018,,,
1.611112505197525e-05,1770724403.4766881,15739,5085,1.611112505197525e-05,0.0001611112505197525,0.0001611112505197525,5300.763064029,,,,,,,,,,,
1.611112505197525e-05,1770724403.6368208,15739,5086,1.611112505197525e-05,0.0001611112505197525,0.0001611112505197525,5300.923052915,,,,,,,,,,,
,1770724403.7814047,15739,5087,,,,5301.065467401,183.0,0.021431345492601395,,,,,,,,,
1.60822294652462e-05,1770724406.6791975,15749,5088,1.60822294652462e-05,0.00016082229465246202,0.00016082229465246202,5303.966222422,,,,,,,,,,,
1.60822294652462e-05,1770724406.8414578,15749,5089,1.60822294652462e-05,0.00016082229465246202,0.00016082229465246202,5304.128067322,,,,,,,,,,,
,1770724406.9857686,15749,5090,,,,5304.269887062,183.0,0.01024393830448389,,,,,,,,,
1.6053351014852523e-05,1770724409.8843434,15759,5091,1.6053351014852523e-05,0.00016053351014852523,0.00016053351014852523,5307.168515891,,,,,,,,,,,
1.6053351014852523e-05,1770724410.0444303,15759,5092,1.6053351014852523e-05,0.00016053351014852523,0.00016053351014852523,5307.328502503,,,,,,,,,,,
,1770724410.189021,15759,5093,,,,5307.473022499,183.0,0.018987424671649933,,,,,,,,,
1.6024482995271685e-05,1770724413.0881948,15769,5094,1.6024482995271685e-05,0.00016024482995271683,0.00016024482995271683,5310.372400293,,,,,,,,,,,
1.6024482995271685e-05,1770724413.2478032,15769,5095,1.6024482995271685e-05,0.00016024482995271683,0.00016024482995271683,5310.531880152,,,,,,,,,,,
,1770724413.3924737,15769,5096,,,,5310.676517124,183.0,0.015292990952730179,,,,,,,,,
1.5995631366968156e-05,1770724416.2929907,15779,5097,1.5995631366968156e-05,0.00015995631366968156,0.00015995631366968156,5313.578107598,,,,,,,,,,,
1.5995631366968156e-05,1770724416.452733,15779,5098,1.5995631366968156e-05,0.00015995631366968156,0.00015995631366968156,5313.739133114,,,,,,,,,,,
,1770724416.5967598,15779,5099,,,,5313.880761687,183.0,0.020668037235736847,,,,,,,,,
1.5966790169477463e-05,1770724419.4919736,15789,5100,1.5966790169477463e-05,0.00015966790169477462,0.00015966790169477462,5316.779129477,,,,,,,,,,,
1.5966790169477463e-05,1770724419.651739,15789,5101,1.5966790169477463e-05,0.00015966790169477462,0.00015966790169477462,5316.938072568,,,,,,,,,,,
,1770724419.7961736,15789,5102,,,,5317.080169285,183.0,0.014930792152881622,,,,,,,,,
1.5937966108322144e-05,1770724422.7004983,15799,5103,1.5937966108322144e-05,0.00015937966108322144,0.00015937966108322144,5319.984676848,,,,,,,,,,,
1.5937966108322144e-05,1770724422.8598757,15799,5104,1.5937966108322144e-05,0.00015937966108322144,0.00015937966108322144,5320.143950796,,,,,,,,,,,
,1770724423.0043995,15799,5105,,,,5320.288432955,183.0,0.017031699419021606,,,,,,,,,
1.590915620326996e-05,1770724425.8983467,15809,5106,1.590915620326996e-05,0.00015909156203269958,0.00015909156203269958,5323.185203778,,,,,,,,,,,
1.590915620326996e-05,1770724426.0607355,15809,5107,1.590915620326996e-05,0.00015909156203269958,0.00015909156203269958,5323.344773612,,,,,,,,,,,
,1770724426.2054803,15809,5108,,,,5323.489543864,183.0,0.025673381984233856,,,,,,,,,
1.588035747408867e-05,1770724429.107434,15819,5109,1.588035747408867e-05,0.0001588035747408867,0.0001588035747408867,5326.394201279,,,,,,,,,,,
1.588035747408867e-05,1770724429.269379,15819,5110,1.588035747408867e-05,0.0001588035747408867,0.0001588035747408867,5326.553407325,,,,,,,,,,,
,1770724429.4138634,15819,5111,,,,5326.697915333,183.0,0.017939183861017227,,,,,,,,,
,1770724432.0370026,15823,5112,,,,5329.321242293,183.0,,5.172756671905518,0.0842093825340271,5.172756671905518,0.9164954423904419,,,,,
,1770724432.038497,15823,5113,,,,5329.322425254,183.0,,,,,,0.016103211790323257,2.599665403366089,,,
1.5851575136184694e-05,1770724433.6550298,15829,5114,1.5851575136184694e-05,0.00015851575136184692,0.00015851575136184692,5330.943030542,,,,,,,,,,,
1.5851575136184694e-05,1770724433.817794,15829,5115,1.5851575136184694e-05,0.00015851575136184692,0.00015851575136184692,5331.105054761,,,,,,,,,,,
,1770724433.9619877,15829,5116,,,,5331.246079214,184.0,0.018677284941077232,,,,,,,,,
1.5822803974151612e-05,1770724436.8577528,15839,5117,1.5822803974151612e-05,0.00015822803974151613,0.00015822803974151613,5334.144167935,,,,,,,,,,,
1.5822803974151612e-05,1770724437.0198247,15839,5118,1.5822803974151612e-05,0.00015822803974151613,0.00015822803974151613,5334.307053321,,,,,,,,,,,
,1770724437.1639318,15839,5119,,,,5334.448068459,184.0,0.014559141360223293,,,,,,,,,
1.5794049948453903e-05,1770724440.0668876,15849,5120,1.5794049948453903e-05,0.00015794049948453904,0.00015794049948453904,5337.354087118,,,,,,,,,,,
1.5794049948453903e-05,1770724440.2266152,15849,5121,1.5794049948453903e-05,0.00015794049948453904,0.00015794049948453904,5337.513056207,,,,,,,,,,,
,1770724440.37069,15849,5122,,,,5337.65477166,184.0,0.01833615079522133,,,,,,,,,
1.5765307098627092e-05,1770724443.2698014,15859,5123,1.5765307098627092e-05,0.0001576530709862709,0.0001576530709862709,5340.557070947,,,,,,,,,,,
1.5765307098627092e-05,1770724443.429631,15859,5124,1.5765307098627092e-05,0.0001576530709862709,0.0001576530709862709,5340.716060698,,,,,,,,,,,
,1770724443.5736248,15859,5125,,,,5340.857686275,184.0,0.009655416943132877,,,,,,,,,
1.573658064007759e-05,1770724446.46855,15869,5126,1.573658064007759e-05,0.0001573658064007759,0.0001573658064007759,5343.755143781,,,,,,,,,,,
1.573658064007759e-05,1770724446.630309,15869,5127,1.573658064007759e-05,0.0001573658064007759,0.0001573658064007759,5343.914292861,,,,,,,,,,,
,1770724446.7744482,15869,5128,,,,5344.058493636,184.0,0.017062854021787643,,,,,,,,,
1.5707869082689285e-05,1770724449.672471,15879,5129,1.5707869082689285e-05,0.00015707869082689285,0.00015707869082689285,5346.9591392,,,,,,,,,,,
1.5707869082689285e-05,1770724449.8322341,15879,5130,1.5707869082689285e-05,0.00015707869082689285,0.00015707869082689285,5347.119145991,,,,,,,,,,,
,1770724449.9763474,15879,5131,,,,5347.26042091,184.0,0.01305767148733139,,,,,,,,,
1.5679168701171874e-05,1770724452.8736327,15889,5132,1.5679168701171874e-05,0.00015679168701171876,0.00015679168701171876,5350.157826906,,,,,,,,,,,
1.5679168701171874e-05,1770724453.033621,15889,5133,1.5679168701171874e-05,0.00015679168701171876,0.00015679168701171876,5350.317695749,,,,,,,,,,,
,1770724453.1780286,15889,5134,,,,5350.462038377,184.0,0.013176260516047478,,,,,,,,,
1.565048471093178e-05,1770724456.0733714,15899,5135,1.565048471093178e-05,0.0001565048471093178,0.0001565048471093178,5353.360142652,,,,,,,,,,,
1.565048471093178e-05,1770724456.2352962,15899,5136,1.565048471093178e-05,0.0001565048471093178,0.0001565048471093178,5353.519287115,,,,,,,,,,,
,1770724456.3796508,15899,5137,,,,5353.663684565,184.0,0.026919033378362656,,,,,,,,,
1.5621813386678698e-05,1770724459.2760167,15909,5138,1.5621813386678698e-05,0.00015621813386678697,0.00015621813386678697,5356.56318426,,,,,,,,,,,
1.5621813386678698e-05,1770724459.4281836,15909,5139,1.5621813386678698e-05,0.00015621813386678697,0.00015621813386678697,5356.712256969,,,,,,,,,,,
,1770724459.48518,15909,5140,,,,5356.769194923,184.0,0.01000222098082304,,,,,,,,,
,1770724460.9273822,15909,5141,,,,5358.211478329,184.0,,5.116522312164307,0.08326903730630875,5.11652135848999,0.917443573474884,,,,,
,1770724460.9287555,15909,5142,,,,5358.212672326,184.0,,,,,,0.01572084054350853,2.5654280185699463,,,
1.559315845370293e-05,1770724463.830635,15919,5143,1.559315845370293e-05,0.00015593158453702926,0.00015593158453702926,5361.11718771,,,,,,,,,,,
1.559315845370293e-05,1770724463.992576,15919,5144,1.559315845370293e-05,0.00015593158453702926,0.00015593158453702926,5361.276566675,,,,,,,,,,,
,1770724464.13731,15919,5145,,,,5361.421357177,185.0,0.01912115514278412,,,,,,,,,
1.5564518421888353e-05,1770724467.031861,15929,5146,1.5564518421888353e-05,0.00015564518421888352,0.00015564518421888352,5364.319140854,,,,,,,,,,,
1.5564518421888353e-05,1770724467.1946275,15929,5147,1.5564518421888353e-05,0.00015564518421888352,0.00015564518421888352,5364.481048607,,,,,,,,,,,
,1770724467.339248,15929,5148,,,,5364.623372985,185.0,0.006136595271527767,,,,,,,,,
1.5535889565944672e-05,1770724470.2363417,15939,5149,1.5535889565944672e-05,0.00015535889565944673,0.00015535889565944673,5367.520533542,,,,,,,,,,,
1.5535889565944672e-05,1770724470.3957577,15939,5150,1.5535889565944672e-05,0.00015535889565944673,0.00015535889565944673,5367.67982097,,,,,,,,,,,
,1770724470.5402808,15939,5151,,,,5367.824281074,185.0,0.009142691269516945,,,,,,,,,
1.5507277846336364e-05,1770724473.4414413,15949,5152,1.5507277846336364e-05,0.00015507277846336364,0.00015507277846336364,5370.725623225,,,,,,,,,,,
1.5507277846336364e-05,1770724473.601619,15949,5153,1.5507277846336364e-05,0.00015507277846336364,0.00015507277846336364,5370.888107135,,,,,,,,,,,
,1770724473.745628,15949,5154,,,,5371.029628145,185.0,0.015743356198072433,,,,,,,,,
1.5478678047657012e-05,1770724476.6393728,15959,5155,1.5478678047657012e-05,0.00015478678047657014,0.00015478678047657014,5373.926156687,,,,,,,,,,,
1.5478678047657012e-05,1770724476.8011854,15959,5156,1.5478678047657012e-05,0.00015478678047657014,0.00015478678047657014,5374.085180527,,,,,,,,,,,
,1770724476.9451473,15959,5157,,,,5374.229296353,185.0,0.013630284927785397,,,,,,,,,
1.5450096130371095e-05,1770724479.841271,15969,5158,1.5450096130371095e-05,0.00015450096130371094,0.00015450096130371094,5377.125460144,,,,,,,,,,,
1.5450096130371095e-05,1770724480.001141,15969,5159,1.5450096130371095e-05,0.00015450096130371094,0.00015450096130371094,5377.285217419,,,,,,,,,,,
,1770724480.1457622,15969,5160,,,,5377.429798065,185.0,0.0200510174036026,,,,,,,,,
1.5421525388956072e-05,1770724483.039479,15979,5161,1.5421525388956072e-05,0.00015421525388956072,0.00015421525388956072,5380.323657675,,,,,,,,,,,
1.5421525388956072e-05,1770724483.200081,15979,5162,1.5421525388956072e-05,0.00015421525388956072,0.00015421525388956072,5380.487118967,,,,,,,,,,,
,1770724483.3445954,15979,5163,,,,5380.628658043,185.0,0.017122026532888412,,,,,,,,,
1.539297252893448e-05,1770724486.240755,15989,5164,1.539297252893448e-05,0.0001539297252893448,0.0001539297252893448,5383.527267533,,,,,,,,,,,
1.539297252893448e-05,1770724486.4026573,15989,5165,1.539297252893448e-05,0.0001539297252893448,0.0001539297252893448,5383.686805498,,,,,,,,,,,
,1770724486.5472639,15989,5166,,,,5383.831365272,185.0,0.01640738733112812,,,,,,,,,
,1770724489.809358,15995,5167,,,,5387.093662605,185.0,,5.037054061889648,0.08044761419296265,5.03705358505249,0.9202309846878052,,,,,
,1770724489.8108697,15995,5168,,,,5387.094792266,185.0,,,,,,0.016281813383102417,2.623152256011963,,,
1.536443382501602e-05,1770724490.7911668,15999,5169,1.536443382501602e-05,0.00015364433825016023,0.00015364433825016023,5388.078060738,,,,,,,,,,,
1.536443382501602e-05,1770724490.953672,15999,5170,1.536443382501602e-05,0.00015364433825016023,0.00015364433825016023,5388.237838914,,,,,,,,,,,
,1770724491.0983207,15999,5171,,,,5388.382623306,186.0,0.012863002717494965,,,,,,,,,
1.533590778708458e-05,1770724493.9965055,16009,5172,1.533590778708458e-05,0.0001533590778708458,0.0001533590778708458,5391.28071362,,,,,,,,,,,
1.533590778708458e-05,1770724494.1567752,16009,5173,1.533590778708458e-05,0.0001533590778708458,0.0001533590778708458,5391.443106874,,,,,,,,,,,
,1770724494.3011773,16009,5174,,,,5391.585200685,186.0,0.009025560691952705,,,,,,,,,
1.530739888548851e-05,1770724497.1994388,16019,5175,1.530739888548851e-05,0.00015307398885488512,0.00015307398885488512,5394.487121875,,,,,,,,,,,
1.530739888548851e-05,1770724497.362091,16019,5176,1.530739888548851e-05,0.00015307398885488512,0.00015307398885488512,5394.649120344,,,,,,,,,,,
,1770724497.5061963,16019,5177,,,,5394.790277274,186.0,0.017233802005648613,,,,,,,,,
1.5278901904821397e-05,1770724500.400323,16029,5178,1.5278901904821397e-05,0.00015278901904821395,0.00015278901904821395,5397.687130493,,,,,,,,,,,
1.5278901904821397e-05,1770724500.5600822,16029,5179,1.5278901904821397e-05,0.00015278901904821395,0.00015278901904821395,5397.847053527,,,,,,,,,,,
,1770724500.704157,16029,5180,,,,5397.988220913,186.0,0.016381558030843735,,,,,,,,,
1.5250422805547715e-05,1770724503.5983539,16039,5181,1.5250422805547715e-05,0.00015250422805547715,0.00015250422805547715,5400.88509998,,,,,,,,,,,
1.5250422805547715e-05,1770724503.7588766,16039,5182,1.5250422805547715e-05,0.00015250422805547715,0.00015250422805547715,5401.046086645,,,,,,,,,,,
,1770724503.9030244,16039,5183,,,,5401.187012978,186.0,0.015502484515309334,,,,,,,,,
1.5221958607435227e-05,1770724506.7981267,16049,5184,1.5221958607435227e-05,0.00015221958607435226,0.00015221958607435226,5404.085170237,,,,,,,,,,,
1.5221958607435227e-05,1770724506.9608636,16049,5185,1.5221958607435227e-05,0.00015221958607435226,0.00015221958607435226,5404.248057673,,,,,,,,,,,
,1770724507.1054475,16049,5186,,,,5404.389508977,186.0,0.030182506889104843,,,,,,,,,
1.5193506330251694e-05,1770724510.0014627,16059,5187,1.5193506330251694e-05,0.00015193506330251694,0.00015193506330251694,5407.285627255,,,,,,,,,,,
1.5193506330251694e-05,1770724510.1624193,16059,5188,1.5193506330251694e-05,0.00015193506330251694,0.00015193506330251694,5407.44650832,,,,,,,,,,,
,1770724510.306804,16059,5189,,,,5407.590891167,186.0,0.03275006264448166,,,,,,,,,
1.5165071934461595e-05,1770724513.2024148,16069,5190,1.5165071934461595e-05,0.00015165071934461594,0.00015165071934461594,5410.486594228,,,,,,,,,,,
1.5165071934461595e-05,1770724513.3625674,16069,5191,1.5165071934461595e-05,0.00015165071934461594,0.00015165071934461594,5410.646635179,,,,,,,,,,,
,1770724513.507165,16069,5192,,,,5410.791165258,186.0,0.018087415024638176,,,,,,,,,
1.5136650204658508e-05,1770724516.4072516,16079,5193,1.5136650204658508e-05,0.00015136650204658508,0.00015136650204658508,5413.6941365,,,,,,,,,,,
1.5136650204658508e-05,1770724516.5667243,16079,5194,1.5136650204658508e-05,0.00015136650204658508,0.00015136650204658508,5413.850771352,,,,,,,,,,,
,1770724516.7113495,16079,5195,,,,5413.995372778,186.0,0.01934170536696911,,,,,,,,,
,1770724518.6957347,16081,5196,,,,5415.97998738,186.0,,5.126739978790283,0.08498620241880417,5.126739978790283,0.9157283902168274,,,,,
,1770724518.6971824,16081,5197,,,,5415.981138643,186.0,,,,,,0.015664277598261833,2.548769235610962,,,
1.5108245611190796e-05,1770724520.9574845,16089,5198,1.5108245611190796e-05,0.00015108245611190796,0.00015108245611190796,5418.245061249,,,,,,,,,,,
1.5108245611190796e-05,1770724521.1195457,16089,5199,1.5108245611190796e-05,0.00015108245611190796,0.00015108245611190796,5418.403622021,,,,,,,,,,,
,1770724521.264148,16089,5200,,,,5418.548200342,187.0,0.008006722666323185,,,,,,,,,
1.5079853683710098e-05,1770724524.1574326,16099,5201,1.5079853683710098e-05,0.00015079853683710098,0.00015079853683710098,5421.444345232,,,,,,,,,,,
1.5079853683710098e-05,1770724524.3193488,16099,5202,1.5079853683710098e-05,0.00015079853683710098,0.00015079853683710098,5421.603535172,,,,,,,,,,,
,1770724524.4638388,16099,5203,,,,5421.748079662,187.0,0.01443521585315466,,,,,,,,,
1.5051480382680893e-05,1770724527.3602092,16109,5204,1.5051480382680893e-05,0.00015051480382680894,0.00015051480382680894,5424.648062489,,,,,,,,,,,
1.5051480382680893e-05,1770724527.5227654,16109,5205,1.5051480382680893e-05,0.00015051480382680894,0.00015051480382680894,5424.80906033,,,,,,,,,,,
,1770724527.6670074,16109,5206,,,,5424.951092418,187.0,0.01760466769337654,,,,,,,,,
1.5023121237754822e-05,1770724530.5609617,16119,5207,1.5023121237754822e-05,0.0001502312123775482,0.0001502312123775482,5427.845155911,,,,,,,,,,,
1.5023121237754822e-05,1770724530.7222548,16119,5208,1.5023121237754822e-05,0.0001502312123775482,0.0001502312123775482,5428.00912134,,,,,,,,,,,
,1770724530.8667471,16119,5209,,,,5428.150733596,187.0,0.017209766432642937,,,,,,,,,
1.4994775503873826e-05,1770724533.7622283,16129,5210,1.4994775503873826e-05,0.00014994775503873826,0.00014994775503873826,5431.046395694,,,,,,,,,,,
1.4994775503873826e-05,1770724533.9224687,16129,5211,1.4994775503873826e-05,0.00014994775503873826,0.00014994775503873826,5431.209082869,,,,,,,,,,,
,1770724534.0667224,16129,5212,,,,5431.350723897,187.0,0.012293986976146698,,,,,,,,,
1.4966446906328202e-05,1770724536.9680722,16139,5213,1.4966446906328202e-05,0.000149664469063282,0.000149664469063282,5434.255157931,,,,,,,,,,,
1.4966446906328202e-05,1770724537.1310124,16139,5214,1.4966446906328202e-05,0.000149664469063282,0.000149664469063282,5434.418062072,,,,,,,,,,,
,1770724537.2754242,16139,5215,,,,5434.559454446,187.0,0.021395644173026085,,,,,,,,,
1.4938131719827653e-05,1770724540.1747112,16149,5216,1.4938131719827653e-05,0.00014938131719827651,0.00014938131719827651,5437.461198399,,,,,,,,,,,
1.4938131719827653e-05,1770724540.336683,16149,5217,1.4938131719827653e-05,0.00014938131719827651,0.00014938131719827651,5437.620679266,,,,,,,,,,,
,1770724540.481133,16149,5218,,,,5437.765187621,187.0,0.014481199905276299,,,,,,,,,
1.4909834414720537e-05,1770724543.3806796,16159,5219,1.4909834414720537e-05,0.00014909834414720535,0.00014909834414720535,5440.667370242,,,,,,,,,,,
1.4909834414720537e-05,1770724543.54264,16159,5220,1.4909834414720537e-05,0.00014909834414720535,0.00014909834414720535,5440.826854875,,,,,,,,,,,
,1770724543.6870413,16159,5221,,,,5440.971300665,187.0,0.014594128355383873,,,,,,,,,
,1770724547.594951,16167,5222,,,,5444.879100645,187.0,,5.1304168701171875,0.08342897146940231,5.1304168701171875,0.9172722101211548,,,,,
,1770724547.5963855,16167,5223,,,,5444.880587013,187.0,,,,,,0.015005367808043957,2.5041069984436035,,,
1.4881549775600433e-05,1770724547.933673,16169,5224,1.4881549775600433e-05,0.00014881549775600433,0.00014881549775600433,5445.217817631,,,,,,,,,,,
1.4881549775600433e-05,1770724548.0935464,16169,5225,1.4881549775600433e-05,0.00014881549775600433,0.00014881549775600433,5445.377624829,,,,,,,,,,,
,1770724548.2378783,16169,5226,,,,5445.521888345,188.0,0.021069038659334183,,,,,,,,,
1.4853283762931824e-05,1770724551.161906,16179,5227,1.4853283762931824e-05,0.00014853283762931825,0.00014853283762931825,5448.449148829,,,,,,,,,,,
1.4853283762931824e-05,1770724551.3252594,16179,5228,1.4853283762931824e-05,0.00014853283762931825,0.00014853283762931825,5448.609260565,,,,,,,,,,,
,1770724551.4698117,16179,5229,,,,5448.753858194,188.0,0.012294847518205643,,,,,,,,,
1.4825032651424409e-05,1770724554.3653307,16189,5230,1.4825032651424409e-05,0.00014825032651424408,0.00014825032651424408,5451.652311065,,,,,,,,,,,
1.4825032651424409e-05,1770724554.528013,16189,5231,1.4825032651424409e-05,0.00014825032651424408,0.00014825032651424408,5451.812044632,,,,,,,,,,,
,1770724554.6725729,16189,5232,,,,5451.956636012,188.0,0.011289834044873714,,,,,,,,,
1.4796794205904008e-05,1770724557.609885,16199,5233,1.4796794205904008e-05,0.00014796794205904009,0.00014796794205904009,5454.894062317,,,,,,,,,,,
1.4796794205904008e-05,1770724557.7703233,16199,5234,1.4796794205904008e-05,0.00014796794205904009,0.00014796794205904009,5455.054396228,,,,,,,,,,,
,1770724557.9148736,16199,5235,,,,5455.198877662,188.0,0.018160462379455566,,,,,,,,,
1.4768574386835099e-05,1770724560.810626,16209,5236,1.4768574386835099e-05,0.000147685743868351,0.000147685743868351,5458.097243518,,,,,,,,,,,
1.4768574386835099e-05,1770724560.9728293,16209,5237,1.4768574386835099e-05,0.000147685743868351,0.000147685743868351,5458.260136952,,,,,,,,,,,
,1770724561.1165762,16209,5238,,,,5458.400574428,188.0,0.01162488292902708,,,,,,,,,
1.4740367978811265e-05,1770724564.1549823,16219,5239,1.4740367978811265e-05,0.00014740367978811265,0.00014740367978811265,5461.44301891,,,,,,,,,,,
1.4740367978811265e-05,1770724564.317782,16219,5240,1.4740367978811265e-05,0.00014740367978811265,0.00014740367978811265,5461.603163626,,,,,,,,,,,
,1770724564.462357,16219,5241,,,,5461.746321838,188.0,0.02490784227848053,,,,,,,,,
1.4712179452180863e-05,1770724567.4078944,16229,5242,1.4712179452180863e-05,0.00014712179452180862,0.00014712179452180862,5464.692097038,,,,,,,,,,,
1.4712179452180863e-05,1770724567.5681849,16229,5243,1.4712179452180863e-05,0.00014712179452180862,0.00014712179452180862,5464.855084133,,,,,,,,,,,
,1770724567.712587,16229,5244,,,,5464.996616767,188.0,0.02069292962551117,,,,,,,,,
1.4684006571769715e-05,1770724570.6043172,16239,5245,1.4684006571769715e-05,0.00014684006571769715,0.00014684006571769715,5467.892087219,,,,,,,,,,,
1.4684006571769715e-05,1770724570.7664847,16239,5246,1.4684006571769715e-05,0.00014684006571769715,0.00014684006571769715,5468.053054493,,,,,,,,,,,
,1770724570.9103987,16239,5247,,,,5468.194440437,188.0,0.02028597518801689,,,,,,,,,
1.4655847102403642e-05,1770724573.9468098,16249,5248,1.4655847102403642e-05,0.0001465584710240364,0.0001465584710240364,5471.234115965,,,,,,,,,,,
1.4655847102403642e-05,1770724574.1084776,16249,5249,1.4655847102403642e-05,0.0001465584710240364,0.0001465584710240364,5471.395054936,,,,,,,,,,,
,1770724574.2525632,16249,5250,,,,5471.536605768,188.0,0.016843071207404137,,,,,,,,,
,1770724576.873358,16253,5251,,,,5474.157524336,188.0,,5.0702805519104,0.08179875463247299,5.070279598236084,0.9188987612724304,,,,,
,1770724576.8747663,16253,5252,,,,5474.158844624,188.0,,,,,,0.015333784744143486,2.5521421432495117,,,
1.462770625948906e-05,1770724578.4904523,16259,5253,1.462770625948906e-05,0.0001462770625948906,0.0001462770625948906,5475.777232463,,,,,,,,,,,
1.462770625948906e-05,1770724578.6526344,16259,5254,1.462770625948906e-05,0.0001462770625948906,0.0001462770625948906,5475.939068215,,,,,,,,,,,
,1770724578.7970164,16259,5255,,,,5476.081023745,189.0,0.016946924850344658,,,,,,,,,
1.4599578082561494e-05,1770724581.737435,16269,5256,1.4599578082561494e-05,0.00014599578082561494,0.00014599578082561494,5479.025100731,,,,,,,,,,,
1.4599578082561494e-05,1770724581.9112833,16269,5257,1.4599578082561494e-05,0.00014599578082561494,0.00014599578082561494,5479.195577112,,,,,,,,,,,
,1770724582.0575163,16269,5258,,,,5479.341674047,189.0,0.008939038962125778,,,,,,,,,
1.457146927714348e-05,1770724585.0333989,16279,5259,1.457146927714348e-05,0.00014571469277143478,0.00014571469277143478,5482.321145059,,,,,,,,,,,
1.457146927714348e-05,1770724585.1954448,16279,5260,1.457146927714348e-05,0.00014571469277143478,0.00014571469277143478,5482.482064501,,,,,,,,,,,
,1770724585.3393593,16279,5261,,,,5482.623403153,189.0,0.02147962711751461,,,,,,,,,
1.454337313771248e-05,1770724588.3465006,16289,5262,1.454337313771248e-05,0.00014543373137712479,0.00014543373137712479,5485.63068961,,,,,,,,,,,
1.454337313771248e-05,1770724588.5065093,16289,5263,1.454337313771248e-05,0.00014543373137712479,0.00014543373137712479,5485.790568075,,,,,,,,,,,
,1770724588.650538,16289,5264,,,,5485.934518048,189.0,0.01839427277445793,,,,,,,,,
1.4515298604965211e-05,1770724591.5451005,16299,5265,1.4515298604965211e-05,0.0001451529860496521,0.0001451529860496521,5488.833109368,,,,,,,,,,,
1.4515298604965211e-05,1770724591.7073996,16299,5266,1.4515298604965211e-05,0.0001451529860496521,0.0001451529860496521,5488.994066026,,,,,,,,,,,
,1770724591.8513246,16299,5267,,,,5489.135379019,189.0,0.02275523543357849,,,,,,,,,
1.4487234503030777e-05,1770724594.7440133,16309,5268,1.4487234503030777e-05,0.00014487234503030778,0.00014487234503030778,5492.032036747,,,,,,,,,,,
1.4487234503030777e-05,1770724594.906259,16309,5269,1.4487234503030777e-05,0.00014487234503030778,0.00014487234503030778,5492.193062107,,,,,,,,,,,
,1770724595.050729,16309,5270,,,,5492.334778398,189.0,0.014748534187674522,,,,,,,,,
1.4459186792373658e-05,1770724597.9460652,16319,5271,1.4459186792373658e-05,0.00014459186792373658,0.00014459186792373658,5495.230289337,,,,,,,,,,,
1.4459186792373658e-05,1770724598.1062489,16319,5272,1.4459186792373658e-05,0.00014459186792373658,0.00014459186792373658,5495.390311988,,,,,,,,,,,
,1770724598.2502353,16319,5273,,,,5495.534213048,189.0,0.0321866013109684,,,,,,,,,
1.4431154727935792e-05,1770724601.2009828,16329,5274,1.4431154727935792e-05,0.00014431154727935792,0.00014431154727935792,5498.489036093,,,,,,,,,,,
1.4431154727935792e-05,1770724601.3634925,16329,5275,1.4431154727935792e-05,0.00014431154727935792,0.00014431154727935792,5498.650061884,,,,,,,,,,,
,1770724601.5077024,16329,5276,,,,5498.791753487,189.0,0.010554739274084568,,,,,,,,,
1.4403144270181656e-05,1770724604.3964705,16339,5277,1.4403144270181656e-05,0.00014403144270181656,0.00014403144270181656,5501.684092207,,,,,,,,,,,
1.4403144270181656e-05,1770724604.5480251,16339,5278,1.4403144270181656e-05,0.00014403144270181656,0.00014403144270181656,5501.832092048,,,,,,,,,,,
,1770724604.6050465,16339,5279,,,,5501.888986655,189.0,0.00818168930709362,,,,,,,,,
,1770724606.0469055,16339,5280,,,,5503.331050904,189.0,,5.1996026039123535,0.08600412309169769,5.1996026039123535,0.9147131443023682,,,,,
,1770724606.048291,16339,5281,,,,5503.332311051,189.0,,,,,,0.015543844550848007,2.562474489212036,,,
1.4375144988298416e-05,1770724608.9419405,16349,5282,1.4375144988298416e-05,0.00014375144988298418,0.00014375144988298418,5506.226135096,,,,,,,,,,,
1.4375144988298416e-05,1770724609.1011415,16349,5283,1.4375144988298416e-05,0.00014375144988298418,0.00014375144988298418,5506.385198773,,,,,,,,,,,
,1770724609.2455263,16349,5284,,,,5506.529500655,190.0,0.013120610266923904,,,,,,,,,
1.434716209769249e-05,1770724612.14112,16359,5285,1.434716209769249e-05,0.0001434716209769249,0.0001434716209769249,5509.428075611,,,,,,,,,,,
1.434716209769249e-05,1770724612.3000383,16359,5286,1.434716209769249e-05,0.0001434716209769249,0.0001434716209769249,5509.587058797,,,,,,,,,,,
,1770724612.4442842,16359,5287,,,,5509.728338099,190.0,0.010738519951701164,,,,,,,,,
1.4319200813770296e-05,1770724615.3340428,16369,5288,1.4319200813770296e-05,0.00014319200813770293,0.00014319200813770293,5512.622090552,,,,,,,,,,,
1.4319200813770296e-05,1770724615.495907,16369,5289,1.4319200813770296e-05,0.00014319200813770293,0.00014319200813770293,5512.78306087,,,,,,,,,,,
,1770724615.6401896,16369,5290,,,,5512.924245279,190.0,0.013934144750237465,,,,,,,,,
1.4291249960660935e-05,1770724618.5336947,16379,5291,1.4291249960660935e-05,0.00014291249960660934,0.00014291249960660934,5515.817963039,,,,,,,,,,,
1.4291249960660935e-05,1770724618.6933358,16379,5292,1.4291249960660935e-05,0.00014291249960660934,0.00014291249960660934,5515.980095175,,,,,,,,,,,
,1770724618.837825,16379,5293,,,,5516.121832096,190.0,0.016107818111777306,,,,,,,,,
1.4263316243886949e-05,1770724621.7287488,16389,5294,1.4263316243886949e-05,0.00014263316243886949,0.00014263316243886949,5519.016110598,,,,,,,,,,,
1.4263316243886949e-05,1770724621.8906574,16389,5295,1.4263316243886949e-05,0.00014263316243886949,0.00014263316243886949,5519.177061667,,,,,,,,,,,
,1770724622.034862,16389,5296,,,,5519.318895173,190.0,0.01886335387825966,,,,,,,,,
1.4235398173332215e-05,1770724624.9266636,16399,5297,1.4235398173332215e-05,0.00014235398173332214,0.00014235398173332214,5522.214082892,,,,,,,,,,,
1.4235398173332215e-05,1770724625.0886598,16399,5298,1.4235398173332215e-05,0.00014235398173332214,0.00014235398173332214,5522.37505351,,,,,,,,,,,
,1770724625.232836,16399,5299,,,,5522.516874377,190.0,0.024998316541314125,,,,,,,,,
1.4207502454519273e-05,1770724628.128549,16409,5300,1.4207502454519273e-05,0.00014207502454519273,0.00014207502454519273,5525.413171646,,,,,,,,,,,
1.4207502454519273e-05,1770724628.288513,16409,5301,1.4207502454519273e-05,0.00014207502454519273,0.00014207502454519273,5525.575092874,,,,,,,,,,,
,1770724628.4326527,16409,5302,,,,5525.716667891,190.0,0.015003266744315624,,,,,,,,,
1.4179617911577226e-05,1770724631.3243582,16419,5303,1.4179617911577226e-05,0.00014179617911577226,0.00014179617911577226,5528.612093987,,,,,,,,,,,
1.4179617911577226e-05,1770724631.4863598,16419,5304,1.4179617911577226e-05,0.00014179617911577226,0.00014179617911577226,5528.773057053,,,,,,,,,,,
,1770724631.6303747,16419,5305,,,,5528.914412679,190.0,0.02637990191578865,,,,,,,,,
,1770724634.889488,16425,5306,,,,5532.173733731,190.0,,5.169951915740967,0.08473963290452957,5.169950485229492,0.9159716367721558,,,,,
,1770724634.891149,16425,5307,,,,5532.175078365,190.0,,,,,,0.01591440476477146,2.5895955562591553,,,
1.4151749759912491e-05,1770724635.8683577,16429,5308,1.4151749759912491e-05,0.0001415174975991249,0.0001415174975991249,5533.152525879,,,,,,,,,,,
1.4151749759912491e-05,1770724636.0282993,16429,5309,1.4151749759912491e-05,0.0001415174975991249,0.0001415174975991249,5533.31235678,,,,,,,,,,,
,1770724636.172489,16429,5310,,,,5533.456485822,191.0,0.02044089324772358,,,,,,,,,
1.4123903214931488e-05,1770724639.064075,16439,5311,1.4123903214931488e-05,0.00014123903214931487,0.00014123903214931487,5536.35210852,,,,,,,,,,,
1.4123903214931488e-05,1770724639.2262797,16439,5312,1.4123903214931488e-05,0.00014123903214931487,0.00014123903214931487,5536.513066708,,,,,,,,,,,
,1770724639.3704033,16439,5313,,,,5536.654477177,191.0,0.015612666495144367,,,,,,,,,
1.4096068590879441e-05,1770724642.26325,16449,5314,1.4096068590879441e-05,0.0001409606859087944,0.0001409606859087944,5539.550244571,,,,,,,,,,,
1.4096068590879441e-05,1770724642.425487,16449,5315,1.4096068590879441e-05,0.0001409606859087944,0.0001409606859087944,5539.709523932,,,,,,,,,,,
,1770724642.5700397,16449,5316,,,,5539.85406223,191.0,0.023109115660190582,,,,,,,,,
1.4068250358104707e-05,1770724645.5154634,16459,5317,1.4068250358104707e-05,0.00014068250358104705,0.00014068250358104705,5542.802119537,,,,,,,,,,,
1.4068250358104707e-05,1770724645.6751733,16459,5318,1.4068250358104707e-05,0.00014068250358104705,0.00014068250358104705,5542.962062517,,,,,,,,,,,
,1770724645.8196619,16459,5319,,,,5543.10362917,191.0,0.018180066719651222,,,,,,,,,
1.4040448516607285e-05,1770724648.7173138,16469,5320,1.4040448516607285e-05,0.00014040448516607285,0.00014040448516607285,5546.001506267,,,,,,,,,,,
1.4040448516607285e-05,1770724648.877297,16469,5321,1.4040448516607285e-05,0.00014040448516607285,0.00014040448516607285,5546.161349597,,,,,,,,,,,
,1770724649.0219576,16469,5322,,,,5546.305974986,191.0,0.013663437217473984,,,,,,,,,
1.4012669026851655e-05,1770724651.922859,16479,5323,1.4012669026851655e-05,0.00014012669026851655,0.00014012669026851655,5549.210903958,,,,,,,,,,,
1.4012669026851655e-05,1770724652.0853345,16479,5324,1.4012669026851655e-05,0.00014012669026851655,0.00014012669026851655,5549.372063379,,,,,,,,,,,
,1770724652.2297695,16479,5325,,,,5549.513830575,191.0,0.01016495656222105,,,,,,,,,
1.3984901458024979e-05,1770724655.1307523,16489,5326,1.3984901458024979e-05,0.0001398490145802498,0.0001398490145802498,5552.417242362,,,,,,,,,,,
1.3984901458024979e-05,1770724655.2929466,16489,5327,1.3984901458024979e-05,0.0001398490145802498,0.0001398490145802498,5552.580053299,,,,,,,,,,,
,1770724655.4374125,16489,5328,,,,5552.721477298,191.0,0.01541037205606699,,,,,,,,,
1.3957150280475617e-05,1770724658.3409848,16499,5329,1.3957150280475617e-05,0.00013957150280475617,0.00013957150280475617,5555.62515933,,,,,,,,,,,
1.3957150280475617e-05,1770724658.5033174,16499,5330,1.3957150280475617e-05,0.00013957150280475617,0.00013957150280475617,5555.787475062,,,,,,,,,,,
,1770724658.648306,16499,5331,,,,5555.932348604,191.0,0.010930958203971386,,,,,,,,,
1.3929421454668047e-05,1770724661.5527968,16509,5332,1.3929421454668047e-05,0.00013929421454668045,0.00013929421454668045,5558.839231754,,,,,,,,,,,
1.3929421454668047e-05,1770724661.7147336,16509,5333,1.3929421454668047e-05,0.00013929421454668045,0.00013929421454668045,5559.001064258,,,,,,,,,,,
,1770724661.8585272,16509,5334,,,,5559.142562708,191.0,0.02202514559030533,,,,,,,,,
,1770724663.8433225,16511,5335,,,,5561.12758798,191.0,,5.050434589385986,0.08132543414831161,5.050434589385986,0.9193702340126038,,,,,
,1770724663.8450363,16511,5336,,,,5561.128951112,191.0,,,,,,0.015555457212030888,2.564276933670044,,,
1.3901703804731369e-05,1770724666.1045191,16519,5337,1.3901703804731369e-05,0.00013901703804731369,0.00013901703804731369,5563.388709261,,,,,,,,,,,
1.3901703804731369e-05,1770724666.2646759,16519,5338,1.3901703804731369e-05,0.00013901703804731369,0.00013901703804731369,5563.548775687,,,,,,,,,,,
,1770724666.409176,16519,5339,,,,5563.693183708,192.0,0.007909925654530525,,,,,,,,,
1.3874004036188126e-05,1770724669.4027634,16529,5340,1.3874004036188126e-05,0.00013874004036188125,0.00013874004036188125,5566.690100522,,,,,,,,,,,
1.3874004036188126e-05,1770724669.579739,16529,5341,1.3874004036188126e-05,0.00013874004036188125,0.00013874004036188125,5566.866066465,,,,,,,,,,,
,1770724669.725606,16529,5342,,,,5567.009766229,192.0,0.013503588736057281,,,,,,,,,
1.3846320658922196e-05,1770724673.0008059,16539,5343,1.3846320658922196e-05,0.00013846320658922196,0.00013846320658922196,5570.287334221,,,,,,,,,,,
1.3846320658922196e-05,1770724673.1757956,16539,5344,1.3846320658922196e-05,0.00013846320658922196,0.00013846320658922196,5570.462111104,,,,,,,,,,,
,1770724673.321584,16539,5345,,,,5570.605748865,192.0,0.016092155128717422,,,,,,,,,
1.3818659633398056e-05,1770724676.2905304,16549,5346,1.3818659633398056e-05,0.00013818659633398056,0.00013818659633398056,5573.574632,,,,,,,,,,,
1.3818659633398056e-05,1770724676.4498613,16549,5347,1.3818659633398056e-05,0.00013818659633398056,0.00013818659633398056,5573.733852692,,,,,,,,,,,
,1770724676.5943635,16549,5348,,,,5573.87833184,192.0,0.016666807234287262,,,,,,,,,
1.3791010528802872e-05,1770724679.4862401,16559,5349,1.3791010528802872e-05,0.00013791010528802872,0.00013791010528802872,5576.774079927,,,,,,,,,,,
1.3791010528802872e-05,1770724679.6483672,16559,5350,1.3791010528802872e-05,0.00013791010528802872,0.00013791010528802872,5576.935050232,,,,,,,,,,,
,1770724679.7925358,16559,5351,,,,5577.076515833,192.0,0.014238071627914906,,,,,,,,,
1.3763378560543061e-05,1770724682.761506,16569,5352,1.3763378560543061e-05,0.0001376337856054306,0.0001376337856054306,5580.04815844,,,,,,,,,,,
1.3763378560543061e-05,1770724682.9234798,16569,5353,1.3763378560543061e-05,0.0001376337856054306,0.0001376337856054306,5580.207466413,,,,,,,,,,,
,1770724683.0675373,16569,5354,,,,5580.351539139,192.0,0.011338424868881702,,,,,,,,,
1.373576894402504e-05,1770724685.9605222,16579,5355,1.373576894402504e-05,0.0001373576894402504,0.0001373576894402504,5583.248057833,,,,,,,,,,,
1.373576894402504e-05,1770724686.122278,16579,5356,1.373576894402504e-05,0.0001373576894402504,0.0001373576894402504,5583.409051574,,,,,,,,,,,
,1770724686.2663941,16579,5357,,,,5583.550455121,192.0,0.014850860461592674,,,,,,,,,
1.3708171248435974e-05,1770724689.1596434,16589,5358,1.3708171248435974e-05,0.00013708171248435976,0.00013708171248435976,5586.446079317,,,,,,,,,,,
1.3708171248435974e-05,1770724689.319049,16589,5359,1.3708171248435974e-05,0.00013708171248435976,0.00013708171248435976,5586.606060663,,,,,,,,,,,
,1770724689.4637368,16589,5360,,,,5586.747770361,192.0,0.011062484234571457,,,,,,,,,
,1770724693.3623974,16597,5361,,,,5590.646552598,192.0,,5.165493011474609,0.08483605086803436,5.165492057800293,0.9158709049224854,,,,,
,1770724693.363974,16597,5362,,,,5590.647886907,192.0,,,,,,0.015314003452658653,2.5632078647613525,,,
1.3680591434240342e-05,1770724693.7023115,16599,5363,1.3680591434240342e-05,0.0001368059143424034,0.0001368059143424034,5590.990089022,,,,,,,,,,,
1.3680591434240342e-05,1770724693.8643072,16599,5364,1.3680591434240342e-05,0.0001368059143424034,0.0001368059143424034,5591.151062422,,,,,,,,,,,
,1770724694.0087812,16599,5365,,,,5591.292807713,193.0,0.01494536455720663,,,,,,,,,
1.3653028756380082e-05,1770724696.8995242,16609,5366,1.3653028756380082e-05,0.0001365302875638008,0.0001365302875638008,5594.183743787,,,,,,,,,,,
1.3653028756380082e-05,1770724697.0589552,16609,5367,1.3653028756380082e-05,0.0001365302875638008,0.0001365302875638008,5594.343007754,,,,,,,,,,,
,1770724697.2035224,16609,5368,,,,5594.487509956,193.0,0.015249569900333881,,,,,,,,,
1.3625488430261613e-05,1770724700.0936103,16619,5369,1.3625488430261613e-05,0.00013625488430261612,0.00013625488430261612,5597.381078973,,,,,,,,,,,
1.3625488430261613e-05,1770724700.2553802,16619,5370,1.3625488430261613e-05,0.00013625488430261612,0.00013625488430261612,5597.542053824,,,,,,,,,,,
,1770724700.399543,16619,5371,,,,5597.683594796,193.0,0.019599292427301407,,,,,,,,,
1.3597960025072099e-05,1770724703.352411,16629,5372,1.3597960025072099e-05,0.00013597960025072097,0.00013597960025072097,5600.640101963,,,,,,,,,,,
1.3597960025072099e-05,1770724703.5220697,16629,5373,1.3597960025072099e-05,0.00013597960025072097,0.00013597960025072097,5600.809056933,,,,,,,,,,,
,1770724703.6675355,16629,5374,,,,5600.951678041,193.0,0.015425996854901314,,,,,,,,,
1.3570449501276016e-05,1770724706.7175848,16639,5375,1.3570449501276016e-05,0.00013570449501276017,0.00013570449501276017,5604.00181371,,,,,,,,,,,
1.3570449501276016e-05,1770724706.884787,16639,5376,1.3570449501276016e-05,0.00013570449501276017,0.00013570449501276017,5604.168969072,,,,,,,,,,,
,1770724707.0305288,16639,5377,,,,5604.314689875,193.0,0.015037966892123222,,,,,,,,,
1.3542961329221726e-05,1770724710.0880406,16649,5378,1.3542961329221726e-05,0.00013542961329221726,0.00013542961329221726,5607.375232066,,,,,,,,,,,
1.3542961329221726e-05,1770724710.2590144,16649,5379,1.3542961329221726e-05,0.00013542961329221726,0.00013542961329221726,5607.546052173,,,,,,,,,,,
,1770724710.404607,16649,5380,,,,5607.688751088,193.0,0.02194342389702797,,,,,,,,,
1.351548582315445e-05,1770724713.4992027,16659,5381,1.351548582315445e-05,0.0001351548582315445,0.0001351548582315445,5610.786298121,,,,,,,,,,,
1.351548582315445e-05,1770724713.6743581,16659,5382,1.351548582315445e-05,0.0001351548582315445,0.0001351548582315445,5610.958563925,,,,,,,,,,,
,1770724713.8210912,16659,5383,,,,5611.105307918,193.0,0.01493251696228981,,,,,,,,,
1.3488027453422546e-05,1770724716.9707558,16669,5384,1.3488027453422546e-05,0.00013488027453422547,0.00013488027453422547,5614.25806309,,,,,,,,,,,
1.3488027453422546e-05,1770724717.1449459,16669,5385,1.3488027453422546e-05,0.00013488027453422547,0.00013488027453422547,5614.431063819,,,,,,,,,,,
,1770724717.2911298,16669,5386,,,,5614.575250243,193.0,0.016876686364412308,,,,,,,,,
1.3460592180490494e-05,1770724720.3396134,16679,5387,1.3460592180490494e-05,0.00013460592180490494,0.00013460592180490494,5617.623802136,,,,,,,,,,,
1.3460592180490494e-05,1770724720.4993944,16679,5388,1.3460592180490494e-05,0.00013460592180490494,0.00013460592180490494,5617.783446184,,,,,,,,,,,
,1770724720.644005,16679,5389,,,,5617.927989715,193.0,0.012085254304111004,,,,,,,,,
,1770724723.2651901,16683,5390,,,,5620.549437518,193.0,,5.09324312210083,0.08256090432405472,5.093242645263672,0.9181432723999023,,,,,
,1770724723.2668564,16683,5391,,,,5620.550788351,193.0,,,,,,0.015063449740409851,2.5295944213867188,,,
1.3433169573545457e-05,1770724724.8891776,16689,5392,1.3433169573545457e-05,0.00013433169573545456,0.00013433169573545456,5622.176965781,,,,,,,,,,,
1.3433169573545457e-05,1770724725.0624902,16689,5393,1.3433169573545457e-05,0.00013433169573545456,0.00013433169573545456,5622.349071233,,,,,,,,,,,
,1770724725.208288,16689,5394,,,,5622.492454238,194.0,0.02251201868057251,,,,,,,,,
1.3405764102935792e-05,1770724728.2300336,16699,5395,1.3405764102935792e-05,0.0001340576410293579,0.0001340576410293579,5625.514268519,,,,,,,,,,,
1.3405764102935792e-05,1770724728.3900692,16699,5396,1.3405764102935792e-05,0.0001340576410293579,0.0001340576410293579,5625.677076689,,,,,,,,,,,
,1770724728.5342429,16699,5397,,,,5625.818254885,194.0,0.02580433152616024,,,,,,,,,
1.337837651371956e-05,1770724731.4272876,16709,5398,1.337837651371956e-05,0.0001337837651371956,0.0001337837651371956,5628.714138739,,,,,,,,,,,
1.337837651371956e-05,1770724731.5869048,16709,5399,1.337837651371956e-05,0.0001337837651371956,0.0001337837651371956,5628.874122107,,,,,,,,,,,
,1770724731.7310357,16709,5400,,,,5629.015066231,194.0,0.02082124911248684,,,,,,,,,
1.3351012021303178e-05,1770724734.6331701,16719,5401,1.3351012021303178e-05,0.00013351012021303176,0.00013351012021303176,5631.920958807,,,,,,,,,,,
1.3351012021303178e-05,1770724734.8069644,16719,5402,1.3351012021303178e-05,0.00013351012021303176,0.00013351012021303176,5632.093069167,,,,,,,,,,,
,1770724734.9528763,16719,5403,,,,5632.237057632,194.0,0.00979344267398119,,,,,,,,,
1.332366019487381e-05,1770724737.9682045,16729,5404,1.332366019487381e-05,0.0001332366019487381,0.0001332366019487381,5635.255088939,,,,,,,,,,,
1.332366019487381e-05,1770724738.1271963,16729,5405,1.332366019487381e-05,0.0001332366019487381,0.0001332366019487381,5635.414062848,,,,,,,,,,,
,1770724738.2717373,16729,5406,,,,5635.555774767,194.0,0.015373079106211662,,,,,,,,,
1.3296326249837876e-05,1770724741.1649091,16739,5407,1.3296326249837876e-05,0.00013296326249837877,0.00013296326249837877,5638.452930815,,,,,,,,,,,
1.3296326249837876e-05,1770724741.3269763,16739,5408,1.3296326249837876e-05,0.00013296326249837877,0.00013296326249837877,5638.614070042,,,,,,,,,,,
,1770724741.471569,16739,5409,,,,5638.755607108,194.0,0.0170246884226799,,,,,,,,,
1.3269015401601792e-05,1770724744.3746135,16749,5410,1.3269015401601792e-05,0.0001326901540160179,0.0001326901540160179,5641.662085005,,,,,,,,,,,
1.3269015401601792e-05,1770724744.5490382,16749,5411,1.3269015401601792e-05,0.0001326901540160179,0.0001326901540160179,5641.835069961,,,,,,,,,,,
,1770724744.6947699,16749,5412,,,,5641.978924675,194.0,0.015140356495976448,,,,,,,,,
1.3241717964410782e-05,1770724747.7066784,16759,5413,1.3241717964410782e-05,0.00013241717964410782,0.00013241717964410782,5644.994080102,,,,,,,,,,,
1.3241717964410782e-05,1770724747.8687606,16759,5414,1.3241717964410782e-05,0.00013241717964410782,0.00013241717964410782,5645.155053691,,,,,,,,,,,
,1770724748.0129075,16759,5415,,,,5645.296942867,194.0,0.009131014347076416,,,,,,,,,
1.3214437663555146e-05,1770724750.905701,16769,5416,1.3214437663555146e-05,0.00013214437663555144,0.00013214437663555144,5648.192251743,,,,,,,,,,,
1.3214437663555146e-05,1770724751.0571327,16769,5417,1.3214437663555146e-05,0.00013214437663555144,0.00013214437663555144,5648.341127704,,,,,,,,,,,
,1770724751.1135573,16769,5418,,,,5648.397493846,194.0,0.028978530317544937,,,,,,,,,
,1770724752.5554407,16769,5419,,,,5649.839628316,194.0,,5.12568998336792,0.08381657302379608,5.12568998336792,0.9169073104858398,,,,,
,1770724752.5570457,16769,5420,,,,5649.840952239,194.0,,,,,,0.01526480820029974,2.533376455307007,,,
1.3187175244092942e-05,1770724755.5996923,16779,5421,1.3187175244092942e-05,0.00013187175244092943,0.00013187175244092943,5652.88630947,,,,,,,,,,,
1.3187175244092942e-05,1770724755.7733452,16779,5422,1.3187175244092942e-05,0.00013187175244092943,0.00013187175244092943,5653.060112877,,,,,,,,,,,
,1770724755.9189637,16779,5423,,,,5653.203097211,195.0,0.01335187815129757,,,,,,,,,
1.3159936666488648e-05,1770724758.830678,16789,5424,1.3159936666488648e-05,0.00013159936666488648,0.00013159936666488648,5656.11489297,,,,,,,,,,,
1.3159936666488648e-05,1770724758.9934347,16789,5425,1.3159936666488648e-05,0.00013159936666488648,0.00013159936666488648,5656.277561309,,,,,,,,,,,
,1770724759.1378088,16789,5426,,,,5656.421800011,195.0,0.017562488093972206,,,,,,,,,
1.313271075487137e-05,1770724762.1066144,16799,5427,1.313271075487137e-05,0.00013132710754871368,0.00013132710754871368,5659.393092943,,,,,,,,,,,
1.313271075487137e-05,1770724762.266356,16799,5428,1.313271075487137e-05,0.00013132710754871368,0.00013132710754871368,5659.550365681,,,,,,,,,,,
,1770724762.4106114,16799,5429,,,,5659.694669751,195.0,0.008343663066625595,,,,,,,,,
1.3105502724647522e-05,1770724765.4272683,16809,5430,1.3105502724647522e-05,0.00013105502724647522,0.00013105502724647522,5662.715132254,,,,,,,,,,,
1.3105502724647522e-05,1770724765.6019235,16809,5431,1.3105502724647522e-05,0.00013105502724647522,0.00013105502724647522,5662.888062117,,,,,,,,,,,
,1770724765.7476778,16809,5432,,,,5663.03182997,195.0,0.010259546339511871,,,,,,,,,
1.3078318536281586e-05,1770724768.6591535,16819,5433,1.3078318536281586e-05,0.00013078318536281585,0.00013078318536281585,5665.943326527,,,,,,,,,,,
1.3078318536281586e-05,1770724768.8182993,16819,5434,1.3078318536281586e-05,0.00013078318536281585,0.00013078318536281585,5666.10235638,,,,,,,,,,,
,1770724768.9626088,16819,5435,,,,5666.246596994,195.0,0.017267495393753052,,,,,,,,,
1.3051147013902665e-05,1770724771.8583317,16829,5436,1.3051147013902665e-05,0.00013051147013902665,0.00013051147013902665,5669.146134803,,,,,,,,,,,
1.3051147013902665e-05,1770724772.0203712,16829,5437,1.3051147013902665e-05,0.00013051147013902665,0.00013051147013902665,5669.30706149,,,,,,,,,,,
,1770724772.1644723,16829,5438,,,,5669.448532076,195.0,0.023631006479263306,,,,,,,,,
1.3023994117975236e-05,1770724775.183152,16839,5439,1.3023994117975236e-05,0.00013023994117975236,0.00013023994117975236,5672.469119436,,,,,,,,,,,
1.3023994117975236e-05,1770724775.3542292,16839,5440,1.3023994117975236e-05,0.00013023994117975236,0.00013023994117975236,5672.641061512,,,,,,,,,,,
,1770724775.5001965,16839,5441,,,,5672.78436105,195.0,0.01465122401714325,,,,,,,,,
1.299685910344124e-05,1770724778.4546828,16849,5442,1.299685910344124e-05,0.00012996859103441238,0.00012996859103441238,5675.741084803,,,,,,,,,,,
1.299685910344124e-05,1770724778.6145675,16849,5443,1.299685910344124e-05,0.00012996859103441238,0.00012996859103441238,5675.901053519,,,,,,,,,,,
,1770724778.759194,16849,5444,,,,5676.043240223,195.0,0.014941073954105377,,,,,,,,,
,1770724782.0232623,16855,5445,,,,5679.307422907,195.0,,5.218566417694092,0.08510986715555191,5.218566417694092,0.9155992269515991,,,,,
,1770724782.0248618,16855,5446,,,,5679.308781241,195.0,,,,,,0.01488749124109745,2.4828405380249023,,,
1.2969748675823213e-05,1770724783.0032861,16859,5447,1.2969748675823213e-05,0.00012969748675823213,0.00012969748675823213,5680.290231972,,,,,,,,,,,
1.2969748675823213e-05,1770724783.1757197,16859,5448,1.2969748675823213e-05,0.00012969748675823213,0.00012969748675823213,5680.462171194,,,,,,,,,,,
,1770724783.3218732,16859,5449,,,,5680.606053229,196.0,0.014761735685169697,,,,,,,,,
1.294265016913414e-05,1770724786.3492825,16869,5450,1.294265016913414e-05,0.00012942650169134141,0.00012942650169134141,5683.636242668,,,,,,,,,,,
1.294265016913414e-05,1770724786.5118344,16869,5451,1.294265016913414e-05,0.00012942650169134141,0.00012942650169134141,5683.795856089,,,,,,,,,,,
,1770724786.656248,16869,5452,,,,5683.940219349,196.0,0.013088010251522064,,,,,,,,,
1.2915571033954621e-05,1770724789.550353,16879,5453,1.2915571033954621e-05,0.0001291557103395462,0.0001291557103395462,5686.837201008,,,,,,,,,,,
1.2915571033954621e-05,1770724789.7125592,16879,5454,1.2915571033954621e-05,0.0001291557103395462,0.0001291557103395462,5686.999052557,,,,,,,,,,,
,1770724789.8570435,16879,5455,,,,5687.141098849,196.0,0.019503649324178696,,,,,,,,,
1.2888514995574952e-05,1770724792.753767,16889,5456,1.2888514995574952e-05,0.0001288851499557495,0.0001288851499557495,5690.037955049,,,,,,,,,,,
1.2888514995574952e-05,1770724792.923312,16889,5457,1.2888514995574952e-05,0.0001288851499557495,0.0001288851499557495,5690.207529171,,,,,,,,,,,
,1770724793.0697267,16889,5458,,,,5690.353901644,196.0,0.013834250159561634,,,,,,,,,
1.2861472368240358e-05,1770724796.0963578,16899,5459,1.2861472368240358e-05,0.00012861472368240357,0.00012861472368240357,5693.383063546,,,,,,,,,,,
1.2861472368240358e-05,1770724796.2560818,16899,5460,1.2861472368240358e-05,0.00012861472368240357,0.00012861472368240357,5693.544051246,,,,,,,,,,,
,1770724796.403181,16899,5461,,,,5693.687221629,196.0,0.009891949594020844,,,,,,,,,
1.2834448367357254e-05,1770724799.299833,16909,5462,1.2834448367357254e-05,0.00012834448367357254,0.00012834448367357254,5696.587857647,,,,,,,,,,,
1.2834448367357254e-05,1770724799.4628685,16909,5463,1.2834448367357254e-05,0.00012834448367357254,0.00012834448367357254,5696.750055388,,,,,,,,,,,
,1770724799.6070812,16909,5464,,,,5696.891156197,196.0,0.024511797353625298,,,,,,,,,
1.2807442992925645e-05,1770724802.5129604,16919,5465,1.2807442992925645e-05,0.00012807442992925644,0.00012807442992925644,5699.800085185,,,,,,,,,,,
1.2807442992925645e-05,1770724802.6855764,16919,5466,1.2807442992925645e-05,0.00012807442992925644,0.00012807442992925644,5699.972063385,,,,,,,,,,,
,1770724802.831885,16919,5467,,,,5700.116093924,196.0,0.018496371805667877,,,,,,,,,
1.2780462205410004e-05,1770724805.8576663,16929,5468,1.2780462205410004e-05,0.00012780462205410004,0.00012780462205410004,5703.144075057,,,,,,,,,,,
1.2780462205410004e-05,1770724806.0181878,16929,5469,1.2780462205410004e-05,0.00012780462205410004,0.00012780462205410004,5703.305061164,,,,,,,,,,,
,1770724806.1627378,16929,5470,,,,5703.446772903,196.0,0.016999781131744385,,,,,,,,,
1.2753494083881379e-05,1770724809.0569477,16939,5471,1.2753494083881379e-05,0.0001275349408388138,0.0001275349408388138,5706.344972182,,,,,,,,,,,
1.2753494083881379e-05,1770724809.2196512,16939,5472,1.2753494083881379e-05,0.0001275349408388138,0.0001275349408388138,5706.506054734,,,,,,,,,,,
,1770724809.3638,16939,5473,,,,5706.647841155,196.0,0.00938684493303299,,,,,,,,,
,1770724811.3469548,16941,5474,,,,5708.631199493,196.0,,5.145144462585449,0.08543083816766739,5.145144462585449,0.9152755737304688,,,,,
,1770724811.3486276,16941,5475,,,,5708.632560862,196.0,,,,,,0.014967654831707478,2.5091781616210938,,,
1.2726544588804246e-05,1770724813.6372511,16949,5476,1.2726544588804246e-05,0.00012726544588804244,0.00012726544588804244,5710.924251174,,,,,,,,,,,
1.2726544588804246e-05,1770724813.799425,16949,5477,1.2726544588804246e-05,0.00012726544588804244,0.00012726544588804244,5711.083459686,,,,,,,,,,,
,1770724813.9436035,16949,5478,,,,5711.227582182,197.0,0.01617974229156971,,,,,,,,,
1.2699619680643082e-05,1770724816.8413808,16959,5479,1.2699619680643082e-05,0.00012699619680643081,0.00012699619680643081,5714.128079199,,,,,,,,,,,
1.2699619680643082e-05,1770724817.0003393,16959,5480,1.2699619680643082e-05,0.00012699619680643081,0.00012699619680643081,5714.287063473,,,,,,,,,,,
,1770724817.1443136,16959,5481,,,,5714.428371504,197.0,0.015248904004693031,,,,,,,,,
1.2672707438468933e-05,1770724820.0445583,16969,5482,1.2672707438468933e-05,0.00012672707438468933,0.00012672707438468933,5717.332106463,,,,,,,,,,,
1.2672707438468933e-05,1770724820.206479,16969,5483,1.2672707438468933e-05,0.00012672707438468933,0.00012672707438468933,5717.493051999,,,,,,,,,,,
,1770724820.3503642,16969,5484,,,,5717.634424967,197.0,0.01994917541742325,,,,,,,,,
1.2645815312862396e-05,1770724823.2464964,16979,5485,1.2645815312862396e-05,0.00012645815312862396,0.00012645815312862396,5720.533246151,,,,,,,,,,,
1.2645815312862396e-05,1770724823.4090798,16979,5486,1.2645815312862396e-05,0.00012645815312862396,0.00012645815312862396,5720.693095126,,,,,,,,,,,
,1770724823.5530133,16979,5487,,,,5720.83699599,197.0,0.016860853880643845,,,,,,,,,
1.261894628405571e-05,1770724826.4509351,16989,5488,1.261894628405571e-05,0.0001261894628405571,0.0001261894628405571,5723.738190114,,,,,,,,,,,
1.261894628405571e-05,1770724826.6139824,16989,5489,1.261894628405571e-05,0.0001261894628405571,0.0001261894628405571,5723.898157648,,,,,,,,,,,
,1770724826.7583668,16989,5490,,,,5724.042347446,197.0,0.013487915508449078,,,,,,,,,
1.2592091411352159e-05,1770724829.6827607,16999,5491,1.2592091411352159e-05,0.00012592091411352157,0.00012592091411352157,5726.96909635,,,,,,,,,,,
1.2592091411352159e-05,1770724829.842001,16999,5492,1.2592091411352159e-05,0.00012592091411352157,0.00012592091411352157,5727.129051826,,,,,,,,,,,
,1770724829.9856727,16999,5493,,,,5727.269711922,197.0,0.009616175666451454,,,,,,,,,
1.2565255165100098e-05,1770724832.9657328,17009,5494,1.2565255165100098e-05,0.00012565255165100097,0.00012565255165100097,5730.252242108,,,,,,,,,,,
1.2565255165100098e-05,1770724833.1277044,17009,5495,1.2565255165100098e-05,0.00012565255165100097,0.00012565255165100097,5730.414070292,,,,,,,,,,,
,1770724833.271512,17009,5496,,,,5730.555523771,197.0,0.012700073421001434,,,,,,,,,
1.2538438290357591e-05,1770724836.1617122,17019,5497,1.2538438290357591e-05,0.0001253843829035759,0.0001253843829035759,5733.445810078,,,,,,,,,,,
1.2538438290357591e-05,1770724836.3220925,17019,5498,1.2538438290357591e-05,0.0001253843829035759,0.0001253843829035759,5733.609112982,,,,,,,,,,,
,1770724836.4666622,17019,5499,,,,5733.750642416,197.0,0.010076280683279037,,,,,,,,,
,1770724840.369984,17027,5500,,,,5737.654213382,197.0,,5.025729179382324,0.08252076059579849,5.025729179382324,0.9181846976280212,,,,,
,1770724840.3716528,17027,5501,,,,5737.655563273,197.0,,,,,,0.014438625425100327,2.4544544219970703,,,
1.2511646002531053e-05,1770724840.7088804,17029,5502,1.2511646002531053e-05,0.00012511646002531053,0.00012511646002531053,5737.996937988,,,,,,,,,,,
1.2511646002531053e-05,1770724840.8715346,17029,5503,1.2511646002531053e-05,0.00012511646002531053,0.00012511646002531053,5738.15805405,,,,,,,,,,,
,1770724841.0158885,17029,5504,,,,5738.299925268,198.0,0.021978046745061874,,,,,,,,,
1.248486638069153e-05,1770724843.9142907,17039,5505,1.248486638069153e-05,0.00012484866380691527,0.00012484866380691527,5741.202092886,,,,,,,,,,,
1.248486638069153e-05,1770724844.0765333,17039,5506,1.248486638069153e-05,0.00012484866380691527,0.00012484866380691527,5741.363054476,,,,,,,,,,,
,1770724844.2206686,17039,5507,,,,5741.50470401,198.0,0.005403652787208557,,,,,,,,,
1.2458106875419617e-05,1770724847.117701,17049,5508,1.2458106875419617e-05,0.00012458106875419618,0.00012458106875419618,5744.404248129,,,,,,,,,,,
1.2458106875419617e-05,1770724847.2803602,17049,5509,1.2458106875419617e-05,0.00012458106875419618,0.00012458106875419618,5744.567088406,,,,,,,,,,,
,1770724847.4245794,17049,5510,,,,5744.708583459,198.0,0.015412826091051102,,,,,,,,,
1.2431372702121735e-05,1770724850.3216183,17059,5511,1.2431372702121735e-05,0.00012431372702121734,0.00012431372702121734,5747.609074082,,,,,,,,,,,
1.2431372702121735e-05,1770724850.483287,17059,5512,1.2431372702121735e-05,0.00012431372702121734,0.00012431372702121734,5747.770062692,,,,,,,,,,,
,1770724850.6274426,17059,5513,,,,5747.911479296,198.0,0.008216993883252144,,,,,,,,,
1.2404650449752807e-05,1770724853.5246282,17069,5514,1.2404650449752807e-05,0.0001240465044975281,0.0001240465044975281,5750.811078557,,,,,,,,,,,
1.2404650449752807e-05,1770724853.6844368,17069,5515,1.2404650449752807e-05,0.0001240465044975281,0.0001240465044975281,5750.971054954,,,,,,,,,,,
,1770724853.828963,17069,5516,,,,5751.113003519,198.0,0.01878187619149685,,,,,,,,,
1.2377949059009553e-05,1770724856.7181737,17079,5517,1.2377949059009553e-05,0.00012377949059009553,0.00012377949059009553,5754.005245346,,,,,,,,,,,
1.2377949059009553e-05,1770724856.8815477,17079,5518,1.2377949059009553e-05,0.00012377949059009553,0.00012377949059009553,5754.168066194,,,,,,,,,,,
,1770724857.0260565,17079,5519,,,,5754.310109772,198.0,0.01999734900891781,,,,,,,,,
1.2351267039775848e-05,1770724859.920911,17089,5520,1.2351267039775848e-05,0.00012351267039775848,0.00012351267039775848,5757.208106751,,,,,,,,,,,
1.2351267039775848e-05,1770724860.080212,17089,5521,1.2351267039775848e-05,0.00012351267039775848,0.00012351267039775848,5757.367060128,,,,,,,,,,,
,1770724860.2246327,17089,5522,,,,5757.50868136,198.0,0.011944172903895378,,,,,,,,,
1.2324608862400055e-05,1770724863.1215315,17099,5523,1.2324608862400055e-05,0.00012324608862400056,0.00012324608862400056,5760.409081075,,,,,,,,,,,
1.2324608862400055e-05,1770724863.2838612,17099,5524,1.2324608862400055e-05,0.00012324608862400056,0.00012324608862400056,5760.571060917,,,,,,,,,,,
,1770724863.4284372,17099,5525,,,,5760.712486384,198.0,0.008447438478469849,,,,,,,,,
1.2297964096069336e-05,1770724866.32033,17109,5526,1.2297964096069336e-05,0.00012297964096069335,0.00012297964096069335,5763.60449477,,,,,,,,,,,
1.2297964096069336e-05,1770724866.4804697,17109,5527,1.2297964096069336e-05,0.00012297964096069335,0.00012297964096069335,5763.764533771,,,,,,,,,,,
,1770724866.6245391,17109,5528,,,,5763.908536116,198.0,0.02464195154607296,,,,,,,,,
,1770724869.2468972,17113,5529,,,,5766.5311511,198.0,,5.141351222991943,0.08483266830444336,5.141351222991943,0.9158774614334106,,,,,
,1770724869.2485833,17113,5530,,,,5766.532496846,198.0,,,,,,0.014436963014304638,2.4675211906433105,,,
1.2271340191364289e-05,1770724870.8623605,17119,5531,1.2271340191364289e-05,0.0001227134019136429,0.0001227134019136429,5768.149251946,,,,,,,,,,,
1.2271340191364289e-05,1770724871.0246477,17119,5532,1.2271340191364289e-05,0.0001227134019136429,0.0001227134019136429,5768.308657543,,,,,,,,,,,
,1770724871.1690493,17119,5533,,,,5768.453008083,199.0,0.011059815064072609,,,,,,,,,
1.2244740128517152e-05,1770724874.0590625,17129,5534,1.2244740128517152e-05,0.00012244740128517152,0.00012244740128517152,5771.347127995,,,,,,,,,,,
1.2244740128517152e-05,1770724874.2214298,17129,5535,1.2244740128517152e-05,0.00012244740128517152,0.00012244740128517152,5771.508060651,,,,,,,,,,,
,1770724874.365341,17129,5536,,,,5771.649379438,199.0,0.009454427286982536,,,,,,,,,
1.2218154966831207e-05,1770724877.2597966,17139,5537,1.2218154966831207e-05,0.00012218154966831207,0.00012218154966831207,5774.543951731,,,,,,,,,,,
1.2218154966831207e-05,1770724877.419361,17139,5538,1.2218154966831207e-05,0.00012218154966831207,0.00012218154966831207,5774.703410528,,,,,,,,,,,
,1770724877.5638494,17139,5539,,,,5774.847821108,199.0,0.011599581688642502,,,,,,,,,
1.2191589176654817e-05,1770724880.4563503,17149,5540,1.2191589176654817e-05,0.00012191589176654815,0.00012191589176654815,5777.744095012,,,,,,,,,,,
1.2191589176654817e-05,1770724880.6181872,17149,5541,1.2191589176654817e-05,0.00012191589176654815,0.00012191589176654815,5777.905053436,,,,,,,,,,,
,1770724880.7625928,17149,5542,,,,5778.046636831,199.0,0.016376057639718056,,,,,,,,,
1.2165042757987976e-05,1770724883.6548562,17159,5543,1.2165042757987976e-05,0.00012165042757987976,0.00012165042757987976,5780.942898887,,,,,,,,,,,
1.2165042757987976e-05,1770724883.8184676,17159,5544,1.2165042757987976e-05,0.00012165042757987976,0.00012165042757987976,5781.105063316,,,,,,,,,,,
,1770724883.9627466,17159,5545,,,,5781.246786732,199.0,0.014452638104557991,,,,,,,,,
1.2138520181179047e-05,1770724886.91768,17169,5546,1.2138520181179047e-05,0.00012138520181179047,0.00012138520181179047,5784.201892998,,,,,,,,,,,
1.2138520181179047e-05,1770724887.0768545,17169,5547,1.2138520181179047e-05,0.00012138520181179047,0.00012138520181179047,5784.360896681,,,,,,,,,,,
,1770724887.221435,17169,5548,,,,5784.505425579,199.0,0.00738265598192811,,,,,,,,,
1.2112013995647432e-05,1770724890.1518576,17179,5549,1.2112013995647432e-05,0.00012112013995647431,0.00012112013995647431,5787.438246665,,,,,,,,,,,
1.2112013995647432e-05,1770724890.3252769,17179,5550,1.2112013995647432e-05,0.00012112013995647431,0.00012112013995647431,5787.612066236,,,,,,,,,,,
,1770724890.4719527,17179,5551,,,,5787.756197015,199.0,0.008107149042189121,,,,,,,,,
1.2085527181625367e-05,1770724893.628378,17189,5552,1.2085527181625367e-05,0.00012085527181625366,0.00012085527181625366,5790.916074243,,,,,,,,,,,
1.2085527181625367e-05,1770724893.804096,17189,5553,1.2085527181625367e-05,0.00012085527181625366,0.00012085527181625366,5791.090063369,,,,,,,,,,,
,1770724893.9502604,17189,5554,,,,5791.234457394,199.0,0.010724987834692001,,,,,,,,,
1.2059064209461213e-05,1770724896.91476,17199,5555,1.2059064209461213e-05,0.00012059064209461212,0.00012059064209461212,5794.198901002,,,,,,,,,,,
1.2059064209461213e-05,1770724897.0640414,17199,5556,1.2059064209461213e-05,0.00012059064209461212,0.00012059064209461212,5794.34810767,,,,,,,,,,,
,1770724897.1208158,17199,5557,,,,5794.404754043,199.0,0.011063138954341412,,,,,,,,,
,1770724898.5642092,17199,5558,,,,5795.848434602,199.0,,5.24814510345459,0.08828168362379074,5.248144149780273,0.9124632477760315,,,,,
,1770724898.5658739,17199,5559,,,,5795.849791675,199.0,,,,,,0.014693222939968109,2.502803325653076,,,
1.2032616138458253e-05,1770724901.4587524,17209,5560,1.2032616138458253e-05,0.00012032616138458252,0.00012032616138458252,5798.746114319,,,,,,,,,,,
1.2032616138458253e-05,1770724901.6203952,17209,5561,1.2032616138458253e-05,0.00012032616138458252,0.00012032616138458252,5798.907064621,,,,,,,,,,,
,1770724901.7646635,17209,5562,,,,5799.048718692,200.0,0.011078659445047379,,,,,,,,,
1.2006188929080964e-05,1770724904.6566346,17219,5563,1.2006188929080964e-05,0.00012006188929080964,0.00012006188929080964,5801.944089985,,,,,,,,,,,
1.2006188929080964e-05,1770724904.818423,17219,5564,1.2006188929080964e-05,0.00012006188929080964,0.00012006188929080964,5802.105053787,,,,,,,,,,,
,1770724904.9625058,17219,5565,,,,5802.24654943,200.0,0.010049652308225632,,,,,,,,,
1.1979781091213227e-05,1770724907.854823,17229,5566,1.1979781091213227e-05,0.00011979781091213226,0.00011979781091213226,5805.142063757,,,,,,,,,,,
1.1979781091213227e-05,1770724908.0142975,17229,5567,1.1979781091213227e-05,0.00011979781091213226,0.00011979781091213226,5805.301053369,,,,,,,,,,,
,1770724908.1585674,17229,5568,,,,5805.442610444,200.0,0.011967635713517666,,,,,,,,,
1.19533970952034e-05,1770724911.0563378,17239,5569,1.19533970952034e-05,0.00011953397095203399,0.00011953397095203399,5808.344068566,,,,,,,,,,,
1.19533970952034e-05,1770724911.218164,17239,5570,1.19533970952034e-05,0.00011953397095203399,0.00011953397095203399,5808.502210181,,,,,,,,,,,
,1770724911.362933,17239,5571,,,,5808.646899961,200.0,0.014748089015483856,,,,,,,,,
1.1927029490470886e-05,1770724914.2546513,17249,5572,1.1927029490470886e-05,0.00011927029490470886,0.00011927029490470886,5811.541250516,,,,,,,,,,,
1.1927029490470886e-05,1770724914.4163303,17249,5573,1.1927029490470886e-05,0.00011927029490470886,0.00011927029490470886,5811.703084768,,,,,,,,,,,
,1770724914.5608797,17249,5574,,,,5811.844883047,200.0,0.012822125107049942,,,,,,,,,
1.1900681257247925e-05,1770724917.4526722,17259,5575,1.1900681257247925e-05,0.00011900681257247925,0.00011900681257247925,5814.736816593,,,,,,,,,,,
1.1900681257247925e-05,1770724917.6121936,17259,5576,1.1900681257247925e-05,0.00011900681257247925,0.00011900681257247925,5814.896233788,,,,,,,,,,,
,1770724917.7561781,17259,5577,,,,5815.040160199,200.0,0.011778744868934155,,,,,,,,,
1.1874358355998994e-05,1770724920.64451,17269,5578,1.1874358355998994e-05,0.00011874358355998993,0.00011874358355998993,5817.931249666,,,,,,,,,,,
1.1874358355998994e-05,1770724920.8068223,17269,5579,1.1874358355998994e-05,0.00011874358355998993,0.00011874358355998993,5818.09410853,,,,,,,,,,,
,1770724920.9509091,17269,5580,,,,5818.234908806,200.0,0.01477335300296545,,,,,,,,,
1.1848050355911255e-05,1770724923.870261,17279,5581,1.1848050355911255e-05,0.00011848050355911256,0.00011848050355911256,5821.157102354,,,,,,,,,,,
1.1848050355911255e-05,1770724924.0372443,17279,5582,1.1848050355911255e-05,0.00011848050355911256,0.00011848050355911256,5821.324052045,,,,,,,,,,,
,1770724924.1827133,17279,5583,,,,5821.466887054,200.0,0.023410852998495102,,,,,,,,,
,1770724927.5483074,17285,5584,,,,5824.832563779,200.0,,5.063445568084717,0.08207152783870697,5.063445568084717,0.9186235070228577,,,,,
,1770724927.5501125,17285,5585,,,,5824.834054032,200.0,,,,,,0.014281639829277992,2.439627170562744,,,
1.182176172733307e-05,1770724928.581734,17289,5586,1.182176172733307e-05,0.00011821761727333069,0.00011821761727333069,5825.865906172,,,,,,,,,,,
1.182176172733307e-05,1770724928.748894,17289,5587,1.182176172733307e-05,0.00011821761727333069,0.00011821761727333069,5826.033067832,,,,,,,,,,,
,1770724928.8943703,17289,5588,,,,5826.178518277,201.0,0.017206836491823196,,,,,,,,,
1.1795499920845033e-05,1770724931.9403768,17299,5589,1.1795499920845033e-05,0.00011795499920845032,0.00011795499920845032,5829.224541349,,,,,,,,,,,
1.1795499920845033e-05,1770724932.1098452,17299,5590,1.1795499920845033e-05,0.00011795499920845032,0.00011795499920845032,5829.394051233,,,,,,,,,,,
,1770724932.255647,17299,5591,,,,5829.539775079,201.0,0.013437235727906227,,,,,,,,,
1.176925301551819e-05,1770724935.3668318,17309,5592,1.176925301551819e-05,0.00011769253015518189,0.00011769253015518189,5832.651103576,,,,,,,,,,,
1.176925301551819e-05,1770724935.5390177,17309,5593,1.176925301551819e-05,0.00011769253015518189,0.00011769253015518189,5832.823259333,,,,,,,,,,,
,1770724935.68658,17309,5594,,,,5832.970838501,201.0,0.015382982790470123,,,,,,,,,
1.1743025481700897e-05,1770724938.831217,17319,5595,1.1743025481700897e-05,0.00011743025481700897,0.00011743025481700897,5836.118101229,,,,,,,,,,,
1.1743025481700897e-05,1770724939.0011148,17319,5596,1.1743025481700897e-05,0.00011743025481700897,0.00011743025481700897,5836.288056424,,,,,,,,,,,
,1770724939.1469932,17319,5597,,,,5836.431191584,201.0,0.009675759822130203,,,,,,,,,
1.1716817319393159e-05,1770724942.1572347,17329,5598,1.1716817319393159e-05,0.00011716817319393158,0.00011716817319393158,5839.441429968,,,,,,,,,,,
1.1716817319393159e-05,1770724942.3173451,17329,5599,1.1716817319393159e-05,0.00011716817319393158,0.00011716817319393158,5839.60140367,,,,,,,,,,,
,1770724942.4621267,17329,5600,,,,5839.746131367,201.0,0.015457846224308014,,,,,,,,,
1.1690635979175568e-05,1770724945.3548348,17339,5601,1.1690635979175568e-05,0.00011690635979175568,0.00011690635979175568,5842.642887889,,,,,,,,,,,
1.1690635979175568e-05,1770724945.5172455,17339,5602,1.1690635979175568e-05,0.00011690635979175568,0.00011690635979175568,5842.804060045,,,,,,,,,,,
,1770724945.6613681,17339,5603,,,,5842.945411852,201.0,0.014495894312858582,,,,,,,,,
1.1664469540119172e-05,1770724948.696906,17349,5604,1.1664469540119172e-05,0.00011664469540119171,0.00011664469540119171,5845.984976221,,,,,,,,,,,
1.1664469540119172e-05,1770724948.8596783,17349,5605,1.1664469540119172e-05,0.00011664469540119171,0.00011664469540119171,5846.146060715,,,,,,,,,,,
,1770724949.004175,17349,5606,,,,5846.288213837,201.0,0.020659994333982468,,,,,,,,,
1.1638323962688447e-05,1770724951.8963974,17359,5607,1.1638323962688447e-05,0.00011638323962688446,0.00011638323962688446,5849.184121381,,,,,,,,,,,
1.1638323962688447e-05,1770724952.0587845,17359,5608,1.1638323962688447e-05,0.00011638323962688446,0.00011638323962688446,5849.3450565,,,,,,,,,,,
,1770724952.20305,17359,5609,,,,5849.487114208,201.0,0.014909349381923676,,,,,,,,,
1.1612203717231752e-05,1770724955.0958593,17369,5610,1.1612203717231752e-05,0.00011612203717231751,0.00011612203717231751,5852.383245268,,,,,,,,,,,
1.1612203717231752e-05,1770724955.2589653,17369,5611,1.1612203717231752e-05,0.00011612203717231751,0.00011612203717231751,5852.542977627,,,,,,,,,,,
,1770724955.403064,17369,5612,,,,5852.68705118,201.0,0.018856387585401535,,,,,,,,,
,1770724957.4106958,17371,5613,,,,5854.694971382,201.0,,5.065334796905518,0.08154809474945068,5.065334796905518,0.9191350936889648,,,,,
,1770724957.4125729,17371,5614,,,,5854.696514404,201.0,,,,,,0.014815796166658401,2.4952948093414307,,,
1.1586098372936249e-05,1770724959.7107599,17379,5615,1.1586098372936249e-05,0.00011586098372936249,0.00011586098372936249,5856.998127247,,,,,,,,,,,
1.1586098372936249e-05,1770724959.873122,17379,5616,1.1586098372936249e-05,0.00011586098372936249,0.00011586098372936249,5857.160058545,,,,,,,,,,,
,1770724960.0176923,17379,5617,,,,5857.301729692,202.0,0.0053786784410476685,,,,,,,,,
1.1560013890266419e-05,1770724962.9099054,17389,5618,1.1560013890266419e-05,0.00011560013890266418,0.00011560013890266418,5860.197943876,,,,,,,,,,,
1.1560013890266419e-05,1770724963.0730045,17389,5619,1.1560013890266419e-05,0.00011560013890266418,0.00011560013890266418,5860.360063187,,,,,,,,,,,
,1770724963.2175806,17389,5620,,,,5860.501619341,202.0,0.017316043376922607,,,,,,,,,
1.153395026922226e-05,1770724966.1566436,17399,5621,1.153395026922226e-05,0.0001153395026922226,0.0001153395026922226,5863.443085069,,,,,,,,,,,
1.153395026922226e-05,1770724966.3278825,17399,5622,1.153395026922226e-05,0.0001153395026922226,0.0001153395026922226,5863.6140549,,,,,,,,,,,
,1770724966.4736798,17399,5623,,,,5863.75785457,202.0,0.017386335879564285,,,,,,,,,
1.150791198015213e-05,1770724969.4625576,17409,5624,1.150791198015213e-05,0.0001150791198015213,0.0001150791198015213,5866.750082816,,,,,,,,,,,
1.150791198015213e-05,1770724969.6237726,17409,5625,1.150791198015213e-05,0.0001150791198015213,0.0001150791198015213,5866.910060134,,,,,,,,,,,
,1770724969.767781,17409,5626,,,,5867.051818621,202.0,0.012632807716727257,,,,,,,,,
1.1481890082359314e-05,1770724972.6596653,17419,5627,1.1481890082359314e-05,0.00011481890082359314,0.00011481890082359314,5869.946250182,,,,,,,,,,,
1.1481890082359314e-05,1770724972.8219523,17419,5628,1.1481890082359314e-05,0.00011481890082359314,0.00011481890082359314,5870.109082396,,,,,,,,,,,
,1770724972.96634,17419,5629,,,,5870.250351327,202.0,0.011416868306696415,,,,,,,,,
1.145588755607605e-05,1770724975.9060013,17429,5630,1.145588755607605e-05,0.0001145588755607605,0.0001145588755607605,5873.193171282,,,,,,,,,,,
1.145588755607605e-05,1770724976.0757592,17429,5631,1.145588755607605e-05,0.0001145588755607605,0.0001145588755607605,5873.359990827,,,,,,,,,,,
,1770724976.2215714,17429,5632,,,,5873.505731649,202.0,0.019226621836423874,,,,,,,,,
1.1429911851882935e-05,1770724979.2033165,17439,5633,1.1429911851882935e-05,0.00011429911851882935,0.00011429911851882935,5876.487472489,,,,,,,,,,,
1.1429911851882935e-05,1770724979.3649929,17439,5634,1.1429911851882935e-05,0.00011429911851882935,0.00011429911851882935,5876.649127081,,,,,,,,,,,
,1770724979.5094607,17439,5635,,,,5876.793442307,202.0,0.012117629870772362,,,,,,,,,
1.1403951048851013e-05,1770724982.400328,17449,5636,1.1403951048851013e-05,0.00011403951048851013,0.00011403951048851013,5879.687124168,,,,,,,,,,,
1.1403951048851013e-05,1770724982.5595124,17449,5637,1.1403951048851013e-05,0.00011403951048851013,0.00011403951048851013,5879.846058065,,,,,,,,,,,
,1770724982.7040408,17449,5638,,,,5879.988108052,202.0,0.015656717121601105,,,,,,,,,
,1770724986.6304278,17457,5639,,,,5883.914666862,202.0,,5.150712490081787,0.08422018587589264,5.1507134437561035,0.9164734482765198,,,,,
,1770724986.6323035,17457,5640,,,,5883.916212088,202.0,,,,,,0.014250846579670906,2.4366564750671387,,,
1.1378011107444764e-05,1770724987.002899,17459,5641,1.1378011107444764e-05,0.00011378011107444764,0.00011378011107444764,5884.290110128,,,,,,,,,,,
1.1378011107444764e-05,1770724987.1729195,17459,5642,1.1378011107444764e-05,0.00011378011107444764,0.00011378011107444764,5884.459064206,,,,,,,,,,,
,1770724987.3175251,17459,5643,,,,5884.601565471,203.0,0.009427197277545929,,,,,,,,,
1.1352092027664185e-05,1770724990.2099738,17469,5644,1.1352092027664185e-05,0.00011352092027664185,0.00011352092027664185,5887.498020966,,,,,,,,,,,
1.1352092027664185e-05,1770724990.3724022,17469,5645,1.1352092027664185e-05,0.00011352092027664185,0.00011352092027664185,5887.65906569,,,,,,,,,,,
,1770724990.516893,17469,5646,,,,5887.800929756,203.0,0.01366449799388647,,,,,,,,,
1.1326199769973756e-05,1770724993.4146225,17479,5647,1.1326199769973756e-05,0.00011326199769973755,0.00011326199769973755,5890.702121528,,,,,,,,,,,
1.1326199769973756e-05,1770724993.5763168,17479,5648,1.1326199769973756e-05,0.00011326199769973755,0.00011326199769973755,5890.860300409,,,,,,,,,,,
,1770724993.7201805,17479,5649,,,,5891.004227911,203.0,0.011582041159272194,,,,,,,,,
1.130032241344452e-05,1770724996.7563071,17489,5650,1.130032241344452e-05,0.00011300322413444519,0.00011300322413444519,5894.043071911,,,,,,,,,,,
1.130032241344452e-05,1770724996.9159722,17489,5651,1.130032241344452e-05,0.00011300322413444519,0.00011300322413444519,5894.203065333,,,,,,,,,,,
,1770724997.0600514,17489,5652,,,,5894.34410594,203.0,0.021774787455797195,,,,,,,,,
1.1274465918540956e-05,1770724999.9540136,17499,5653,1.1274465918540956e-05,0.00011274465918540955,0.00011274465918540955,5897.242059197,,,,,,,,,,,
1.1274465918540956e-05,1770725000.1162074,17499,5654,1.1274465918540956e-05,0.00011274465918540955,0.00011274465918540955,5897.403065714,,,,,,,,,,,
,1770725000.2601666,17499,5655,,,,5897.544223548,203.0,0.017576564103364944,,,,,,,,,
1.1248636245727539e-05,1770725003.1546426,17509,5656,1.1248636245727539e-05,0.0001124863624572754,0.0001124863624572754,5900.438820033,,,,,,,,,,,
1.1248636245727539e-05,1770725003.3145378,17509,5657,1.1248636245727539e-05,0.0001124863624572754,0.0001124863624572754,5900.598580444,,,,,,,,,,,
,1770725003.458782,17509,5658,,,,5900.742760816,203.0,0.018391873687505722,,,,,,,,,
1.1222821474075317e-05,1770725006.4956381,17519,5659,1.1222821474075317e-05,0.00011222821474075317,0.00011222821474075317,5903.779828622,,,,,,,,,,,
1.1222821474075317e-05,1770725006.6616213,17519,5660,1.1222821474075317e-05,0.00011222821474075317,0.00011222821474075317,5903.945782003,,,,,,,,,,,
,1770725006.8067865,17519,5661,,,,5904.090772565,203.0,0.010493934154510498,,,,,,,,,
1.1197029054164886e-05,1770725009.6982574,17529,5662,1.1197029054164886e-05,0.00011197029054164887,0.00011197029054164887,5906.986107631,,,,,,,,,,,
1.1197029054164886e-05,1770725009.8607295,17529,5663,1.1197029054164886e-05,0.00011197029054164887,0.00011197029054164887,5907.147060837,,,,,,,,,,,
,1770725010.0047672,17529,5664,,,,5907.288819565,203.0,0.012252988293766975,,,,,,,,,
1.1171257495880128e-05,1770725012.896373,17539,5665,1.1171257495880128e-05,0.00011171257495880128,0.00011171257495880128,5910.18409416,,,,,,,,,,,
1.1171257495880128e-05,1770725013.059235,17539,5666,1.1171257495880128e-05,0.00011171257495880128,0.00011171257495880128,5910.34605362,,,,,,,,,,,
,1770725013.2035897,17539,5667,,,,5910.487642493,203.0,0.014132218435406685,,,,,,,,,
,1770725015.8587768,17543,5668,,,,5913.143005998,203.0,,5.132282733917236,0.08290694653987885,5.132282733917236,0.9177841544151306,,,,,
,1770725015.8606253,17543,5669,,,,5913.144559757,203.0,,,,,,0.014104925096035004,2.43013596534729,,,
1.1145511269569398e-05,1770725017.5067935,17549,5670,1.1145511269569398e-05,0.00011145511269569397,0.00011145511269569397,5914.793102859,,,,,,,,,,,
1.1145511269569398e-05,1770725017.6662986,17549,5671,1.1145511269569398e-05,0.00011145511269569397,0.00011145511269569397,5914.953067096,,,,,,,,,,,
,1770725017.8103771,17549,5672,,,,5915.094420845,204.0,0.010589949786663055,,,,,,,,,
1.111978143453598e-05,1770725020.7022958,17559,5673,1.111978143453598e-05,0.00011119781434535981,0.00011119781434535981,5917.99009487,,,,,,,,,,,
1.111978143453598e-05,1770725020.864327,17559,5674,1.111978143453598e-05,0.00011119781434535981,0.00011119781434535981,5918.151068767,,,,,,,,,,,
,1770725021.008346,17559,5675,,,,5918.292390237,204.0,0.00983661599457264,,,,,,,,,
1.1094073951244355e-05,1770725023.9098856,17569,5676,1.1094073951244355e-05,0.00011094073951244354,0.00011094073951244354,5921.197131187,,,,,,,,,,,
1.1094073951244355e-05,1770725024.082891,17569,5677,1.1094073951244355e-05,0.00011094073951244354,0.00011094073951244354,5921.369054814,,,,,,,,,,,
,1770725024.229109,17569,5678,,,,5921.513289117,204.0,0.01727737858891487,,,,,,,,,
1.1068391799926758e-05,1770725027.2420683,17579,5679,1.1068391799926758e-05,0.00011068391799926758,0.00011068391799926758,5924.526265432,,,,,,,,,,,
1.1068391799926758e-05,1770725027.4012961,17579,5680,1.1068391799926758e-05,0.00011068391799926758,0.00011068391799926758,5924.685344147,,,,,,,,,,,
,1770725027.546087,17579,5681,,,,5924.830073586,204.0,0.009918644092977047,,,,,,,,,
1.1042726039886474e-05,1770725030.4389386,17589,5682,1.1042726039886474e-05,0.00011042726039886475,0.00011042726039886475,5927.726990941,,,,,,,,,,,
1.1042726039886474e-05,1770725030.6011014,17589,5683,1.1042726039886474e-05,0.00011042726039886475,0.00011042726039886475,5927.888063366,,,,,,,,,,,
,1770725030.7452965,17589,5684,,,,5928.029349804,204.0,0.021112583577632904,,,,,,,,,
1.1017081141471863e-05,1770725033.6971462,17599,5685,1.1017081141471863e-05,0.00011017081141471863,0.00011017081141471863,5930.981343288,,,,,,,,,,,
1.1017081141471863e-05,1770725033.856939,17599,5686,1.1017081141471863e-05,0.00011017081141471863,0.00011017081141471863,5931.140980644,,,,,,,,,,,
,1770725034.0014057,17599,5687,,,,5931.285447808,204.0,0.006898862309753895,,,,,,,,,
1.0991458594799043e-05,1770725036.894858,17609,5688,1.0991458594799043e-05,0.00010991458594799042,0.00010991458594799042,5934.182074064,,,,,,,,,,,
1.0991458594799043e-05,1770725037.054111,17609,5689,1.0991458594799043e-05,0.00010991458594799042,0.00010991458594799042,5934.341056454,,,,,,,,,,,
,1770725037.1986094,17609,5690,,,,5934.482657435,204.0,0.009871598333120346,,,,,,,,,
1.0965861380100251e-05,1770725040.0906775,17619,5691,1.0965861380100251e-05,0.00010965861380100251,0.00010965861380100251,5937.378099248,,,,,,,,,,,
1.0965861380100251e-05,1770725040.252473,17619,5692,1.0965861380100251e-05,0.00010965861380100251,0.00010965861380100251,5937.539056099,,,,,,,,,,,
,1770725040.3967655,17619,5693,,,,5937.680817902,204.0,0.015010785311460495,,,,,,,,,
1.0940282046794893e-05,1770725043.2909038,17629,5694,1.0940282046794893e-05,0.00010940282046794892,0.00010940282046794892,5940.578895481,,,,,,,,,,,
1.0940282046794893e-05,1770725043.4431262,17629,5695,1.0940282046794893e-05,0.00010940282046794892,0.00010940282046794892,5940.727181773,,,,,,,,,,,
,1770725043.5001507,17629,5696,,,,5940.784095729,204.0,0.016284892335534096,,,,,,,,,
,1770725044.9423862,17629,5697,,,,5942.226521762,204.0,,5.026342391967773,0.08052761852741241,5.026341915130615,0.9201508164405823,,,,,
,1770725044.9439306,17629,5698,,,,5942.22785599,204.0,,,,,,0.013783404603600502,2.4110162258148193,,,
1.0914723575115204e-05,1770725047.8367984,17639,5699,1.0914723575115204e-05,0.00010914723575115204,0.00010914723575115204,5945.12095791,,,,,,,,,,,
1.0914723575115204e-05,1770725047.9957964,17639,5700,1.0914723575115204e-05,0.00010914723575115204,0.00010914723575115204,5945.279839999,,,,,,,,,,,
,1770725048.1405632,17639,5701,,,,5945.424592162,205.0,0.021172065287828445,,,,,,,,,
1.0889190435409546e-05,1770725051.0389886,17649,5702,1.0889190435409546e-05,0.00010889190435409546,0.00010889190435409546,5948.327022222,,,,,,,,,,,
1.0889190435409546e-05,1770725051.2021065,17649,5703,1.0889190435409546e-05,0.00010889190435409546,0.00010889190435409546,5948.48906712,,,,,,,,,,,
,1770725051.3464425,17649,5704,,,,5948.630487599,205.0,0.013960292562842369,,,,,,,,,
1.086367517709732e-05,1770725054.2399683,17659,5705,1.086367517709732e-05,0.00010863675177097321,0.00010863675177097321,5951.528001399,,,,,,,,,,,
1.086367517709732e-05,1770725054.4022777,17659,5706,1.086367517709732e-05,0.00010863675177097321,0.00010863675177097321,5951.689056869,,,,,,,,,,,
,1770725054.5463338,17659,5707,,,,5951.830385289,205.0,0.01912965252995491,,,,,,,,,
1.0838182270526887e-05,1770725057.43872,17669,5708,1.0838182270526887e-05,0.00010838182270526886,0.00010838182270526886,5954.726087222,,,,,,,,,,,
1.0838182270526887e-05,1770725057.6001105,17669,5709,1.0838182270526887e-05,0.00010838182270526886,0.00010838182270526886,5954.887057433,,,,,,,,,,,
,1770725057.744746,17669,5710,,,,5955.028734288,205.0,0.016048762947320938,,,,,,,,,
1.0812714695930481e-05,1770725060.6381857,17679,5711,1.0812714695930481e-05,0.00010812714695930481,0.00010812714695930481,5957.92609052,,,,,,,,,,,
1.0812714695930481e-05,1770725060.8005579,17679,5712,1.0812714695930481e-05,0.00010812714695930481,0.00010812714695930481,5958.084672497,,,,,,,,,,,
,1770725060.9450283,17679,5713,,,,5958.229017708,205.0,0.013180222362279892,,,,,,,,,
1.0787265002727509e-05,1770725063.8362393,17689,5714,1.0787265002727509e-05,0.00010787265002727509,0.00010787265002727509,5961.12325161,,,,,,,,,,,
1.0787265002727509e-05,1770725063.998702,17689,5715,1.0787265002727509e-05,0.00010787265002727509,0.00010787265002727509,5961.285086623,,,,,,,,,,,
,1770725064.142835,17689,5716,,,,5961.426822977,205.0,0.012187331914901733,,,,,,,,,
1.0761836171150208e-05,1770725067.034772,17699,5717,1.0761836171150208e-05,0.00010761836171150207,0.00010761836171150207,5964.321239064,,,,,,,,,,,
1.0761836171150208e-05,1770725067.196689,17699,5718,1.0761836171150208e-05,0.00010761836171150207,0.00010761836171150207,5964.483074257,,,,,,,,,,,
,1770725067.3412454,17699,5719,,,,5964.625236242,205.0,0.012162121012806892,,,,,,,,,
1.0736428201198578e-05,1770725070.2314115,17709,5720,1.0736428201198578e-05,0.00010736428201198578,0.00010736428201198578,5967.518248325,,,,,,,,,,,
1.0736428201198578e-05,1770725070.393437,17709,5721,1.0736428201198578e-05,0.00010736428201198578,0.00010736428201198578,5967.6800918,,,,,,,,,,,
,1770725070.5373788,17709,5722,,,,5967.821375103,205.0,0.010443851351737976,,,,,,,,,
,1770725073.868462,17715,5723,,,,5971.152618757,205.0,,5.196505069732666,0.08633647859096527,5.196505069732666,0.9143754243850708,,,,,
,1770725073.870048,17715,5724,,,,5971.153955128,205.0,,,,,,0.013942521996796131,2.4324703216552734,,,
1.0711048543453218e-05,1770725074.8494956,17719,5725,1.0711048543453218e-05,0.00010711048543453217,0.00010711048543453217,5972.137089262,,,,,,,,,,,
1.0711048543453218e-05,1770725075.0123806,17719,5726,1.0711048543453218e-05,0.00010711048543453217,0.00010711048543453217,5972.29905447,,,,,,,,,,,
,1770725075.1574442,17719,5727,,,,5972.441476596,206.0,0.008436018601059914,,,,,,,,,
1.0685685276985168e-05,1770725078.0614328,17729,5728,1.0685685276985168e-05,0.00010685685276985169,0.00010685685276985169,5975.349078356,,,,,,,,,,,
1.0685685276985168e-05,1770725078.2253635,17729,5729,1.0685685276985168e-05,0.00010685685276985169,0.00010685685276985169,5975.512064421,,,,,,,,,,,
,1770725078.370429,17729,5730,,,,5975.65447503,206.0,0.007477543316781521,,,,,,,,,
1.0660344362258911e-05,1770725081.280823,17739,5731,1.0660344362258911e-05,0.00010660344362258911,0.00010660344362258911,5978.567247171,,,,,,,,,,,
1.0660344362258911e-05,1770725081.443197,17739,5732,1.0660344362258911e-05,0.00010660344362258911,0.00010660344362258911,5978.730089239,,,,,,,,,,,
,1770725081.5880618,17739,5733,,,,5978.872070071,206.0,0.013578467071056366,,,,,,,,,
1.0635030269622802e-05,1770725084.4947777,17749,5734,1.0635030269622802e-05,0.00010635030269622802,0.00010635030269622802,5981.781097566,,,,,,,,,,,
1.0635030269622802e-05,1770725084.65536,17749,5735,1.0635030269622802e-05,0.00010635030269622802,0.00010635030269622802,5981.942053015,,,,,,,,,,,
,1770725084.800702,17749,5736,,,,5982.084740841,206.0,0.01598663441836834,,,,,,,,,
1.0609732568264008e-05,1770725087.7052588,17759,5737,1.0609732568264008e-05,0.00010609732568264007,0.00010609732568264007,5984.992250011,,,,,,,,,,,
1.0609732568264008e-05,1770725087.8702176,17759,5738,1.0609732568264008e-05,0.00010609732568264007,0.00010609732568264007,5985.157069896,,,,,,,,,,,
,1770725088.0156374,17759,5739,,,,5985.29967028,206.0,0.015518730506300926,,,,,,,,,
1.0584457218647004e-05,1770725090.9239843,17769,5740,1.0584457218647004e-05,0.00010584457218647004,0.00010584457218647004,5988.208189519,,,,,,,,,,,
1.0584457218647004e-05,1770725091.0844345,17769,5741,1.0584457218647004e-05,0.00010584457218647004,0.00010584457218647004,5988.371063476,,,,,,,,,,,
,1770725091.2295854,17769,5742,,,,5988.513588507,206.0,0.017439771443605423,,,,,,,,,
1.055920422077179e-05,1770725094.1366007,17779,5743,1.055920422077179e-05,0.0001055920422077179,0.0001055920422077179,5991.424084601,,,,,,,,,,,
1.055920422077179e-05,1770725094.2998006,17779,5744,1.055920422077179e-05,0.0001055920422077179,0.0001055920422077179,5991.583805942,,,,,,,,,,,
,1770725094.4444351,17779,5745,,,,5991.728474018,206.0,0.015668179839849472,,,,,,,,,
1.0533976554870606e-05,1770725097.3507438,17789,5746,1.0533976554870606e-05,0.00010533976554870605,0.00010533976554870605,5994.638075616,,,,,,,,,,,
1.0533976554870606e-05,1770725097.5137715,17789,5747,1.0533976554870606e-05,0.00010533976554870605,0.00010533976554870605,5994.797750137,,,,,,,,,,,
,1770725097.6589832,17789,5748,,,,5994.943090986,206.0,0.014520411379635334,,,,,,,,,
1.0508768260478973e-05,1770725100.5705,17799,5749,1.0508768260478973e-05,0.00010508768260478974,0.00010508768260478974,5997.858091679,,,,,,,,,,,
1.0508768260478973e-05,1770725100.733168,17799,5750,1.0508768260478973e-05,0.00010508768260478974,0.00010508768260478974,5998.020058149,,,,,,,,,,,
,1770725100.8781776,17799,5751,,,,5998.162245041,206.0,0.012149409390985966,,,,,,,,,
,1770725102.8663204,17801,5752,,,,6000.15061585,206.0,,5.251223564147949,0.08643712848424911,5.251224517822266,0.9142763614654541,,,,,
,1770725102.8692708,17801,5753,,,,6000.153382174,206.0,,,,,,0.014033205807209015,2.4259042739868164,,,
1.0483580827713013e-05,1770725105.1367614,17809,5754,1.0483580827713013e-05,0.00010483580827713013,0.00010483580827713013,6002.420925689,,,,,,,,,,,
1.0483580827713013e-05,1770725105.2964022,17809,5755,1.0483580827713013e-05,0.00010483580827713013,0.00010483580827713013,6002.580405637,,,,,,,,,,,
,1770725105.4413974,17809,5756,,,,6002.725482249,207.0,0.017526207491755486,,,,,,,,,
1.045842170715332e-05,1770725108.335172,17819,5757,1.045842170715332e-05,0.00010458421707153321,0.00010458421707153321,6005.622237611,,,,,,,,,,,
1.045842170715332e-05,1770725108.4975607,17819,5758,1.045842170715332e-05,0.00010458421707153321,0.00010458421707153321,6005.78157853,,,,,,,,,,,
,1770725108.6422255,17819,5759,,,,6005.926314829,207.0,0.01253143697977066,,,,,,,,,
1.0433278977870942e-05,1770725111.5381923,17829,5760,1.0433278977870942e-05,0.00010433278977870941,0.00010433278977870941,6008.822393092,,,,,,,,,,,
1.0433278977870942e-05,1770725111.698156,17829,5761,1.0433278977870942e-05,0.00010433278977870941,0.00010433278977870941,6008.982202777,,,,,,,,,,,
,1770725111.8429177,17829,5762,,,,6009.126903883,207.0,0.018929606303572655,,,,,,,,,
1.0408158600330352e-05,1770725114.7391803,17839,5763,1.0408158600330352e-05,0.00010408158600330353,0.00010408158600330353,6012.023367736,,,,,,,,,,,
1.0408158600330352e-05,1770725114.8984041,17839,5764,1.0408158600330352e-05,0.00010408158600330353,0.00010408158600330353,6012.182465919,,,,,,,,,,,
,1770725115.0429578,17839,5765,,,,6012.326945482,207.0,0.010008580051362514,,,,,,,,,
1.0383060574531556e-05,1770725117.9348989,17849,5766,1.0383060574531556e-05,0.00010383060574531555,0.00010383060574531555,6015.22211708,,,,,,,,,,,
1.0383060574531556e-05,1770725118.0948508,17849,5767,1.0383060574531556e-05,0.00010383060574531555,0.00010383060574531555,6015.380128888,,,,,,,,,,,
,1770725118.2394998,17849,5768,,,,6015.523512972,207.0,0.008831578306853771,,,,,,,,,
1.0357990860939027e-05,1770725121.1335757,17859,5769,1.0357990860939027e-05,0.00010357990860939026,0.00010357990860939026,6018.417690894,,,,,,,,,,,
1.0357990860939027e-05,1770725121.2927835,17859,5770,1.0357990860939027e-05,0.00010357990860939026,0.00010357990860939026,6018.579098243,,,,,,,,,,,
,1770725121.4372404,17859,5771,,,,6018.721211244,207.0,0.013562326319515705,,,,,,,,,
1.033293753862381e-05,1770725124.3311605,17869,5772,1.033293753862381e-05,0.0001033293753862381,0.0001033293753862381,6021.615338139,,,,,,,,,,,
1.033293753862381e-05,1770725124.490526,17869,5773,1.033293753862381e-05,0.0001033293753862381,0.0001033293753862381,6021.777100282,,,,,,,,,,,
,1770725124.6345854,17869,5774,,,,6021.918606199,207.0,0.011839022859930992,,,,,,,,,
1.0307906568050384e-05,1770725127.527151,17879,5775,1.0307906568050384e-05,0.00010307906568050385,0.00010307906568050385,6024.81508291,,,,,,,,,,,
1.0307906568050384e-05,1770725127.6898355,17879,5776,1.0307906568050384e-05,0.00010307906568050385,0.00010307906568050385,6024.977132676,,,,,,,,,,,
,1770725127.8341088,17879,5777,,,,6025.118112501,207.0,0.015859678387641907,,,,,,,,,
,1770725131.7364185,17887,5778,,,,6029.020657799,207.0,,5.136402606964111,0.08436750620603561,5.136402606964111,0.9163419604301453,,,,,
,1770725131.7379084,17887,5779,,,,6029.021824676,207.0,,,,,,0.01322559081017971,2.3644866943359375,,,
1.0282902419567108e-05,1770725132.0754395,17889,5780,1.0282902419567108e-05,0.00010282902419567109,0.00010282902419567109,6029.359543604,,,,,,,,,,,
1.0282902419567108e-05,1770725132.234826,17889,5781,1.0282902419567108e-05,0.00010282902419567109,0.00010282902419567109,6029.518864873,,,,,,,,,,,
,1770725132.3792627,17889,5782,,,,6029.663262542,208.0,0.009718196466565132,,,,,,,,,
1.0257917642593384e-05,1770725135.305303,17899,5783,1.0257917642593384e-05,0.00010257917642593383,0.00010257917642593383,6032.58948501,,,,,,,,,,,
1.0257917642593384e-05,1770725135.4647493,17899,5784,1.0257917642593384e-05,0.00010257917642593383,0.00010257917642593383,6032.748809054,,,,,,,,,,,
,1770725135.609149,17899,5785,,,,6032.89314483,208.0,0.012729672715067863,,,,,,,,,
1.0232953727245331e-05,1770725138.5017388,17909,5786,1.0232953727245331e-05,0.00010232953727245331,0.00010232953727245331,6035.788281383,,,,,,,,,,,
1.0232953727245331e-05,1770725138.66404,17909,5787,1.0232953727245331e-05,0.00010232953727245331,0.00010232953727245331,6035.948087692,,,,,,,,,,,
,1770725138.8085628,17909,5788,,,,6036.092666604,208.0,0.016475047916173935,,,,,,,,,
1.0208013653755189e-05,1770725141.7028668,17919,5789,1.0208013653755189e-05,0.00010208013653755188,0.00010208013653755188,6038.990242207,,,,,,,,,,,
1.0208013653755189e-05,1770725141.865729,17919,5790,1.0208013653755189e-05,0.00010208013653755188,0.00010208013653755188,6039.149722315,,,,,,,,,,,
,1770725142.0103555,17919,5791,,,,6039.294408088,208.0,0.013347990810871124,,,,,,,,,
1.0183100402355194e-05,1770725144.9045432,17929,5792,1.0183100402355194e-05,0.00010183100402355194,0.00010183100402355194,6042.191275646,,,,,,,,,,,
1.0183100402355194e-05,1770725145.0664732,17929,5793,1.0183100402355194e-05,0.00010183100402355194,0.00010183100402355194,6042.350636665,,,,,,,,,,,
,1770725145.210594,17929,5794,,,,6042.494797788,208.0,0.011313986964523792,,,,,,,,,
1.0158205032348633e-05,1770725148.1033206,17939,5795,1.0158205032348633e-05,0.00010158205032348634,0.00010158205032348634,6045.39039992,,,,,,,,,,,
1.0158205032348633e-05,1770725148.2655654,17939,5796,1.0158205032348633e-05,0.00010158205032348634,0.00010158205032348634,6045.549694469,,,,,,,,,,,
,1770725148.4101324,17939,5797,,,,6045.69426585,208.0,0.008867550641298294,,,,,,,,,
1.0133333504199982e-05,1770725151.3072078,17949,5798,1.0133333504199982e-05,0.00010133333504199981,0.00010133333504199981,6048.591340989,,,,,,,,,,,
1.0133333504199982e-05,1770725151.466598,17949,5799,1.0133333504199982e-05,0.00010133333504199981,0.00010133333504199981,6048.753083772,,,,,,,,,,,
,1770725151.6109812,17949,5800,,,,6048.894997433,208.0,0.015027887187898159,,,,,,,,,
1.010848730802536e-05,1770725154.5050383,17959,5801,1.010848730802536e-05,0.0001010848730802536,0.0001010848730802536,6051.792152502,,,,,,,,,,,
1.010848730802536e-05,1770725154.6642997,17959,5802,1.010848730802536e-05,0.0001010848730802536,0.0001010848730802536,6051.951122172,,,,,,,,,,,
,1770725154.8081815,17959,5803,,,,6052.092162659,208.0,0.008538859896361828,,,,,,,,,
1.0083660483360292e-05,1770725157.702271,17969,5804,1.0083660483360292e-05,0.0001008366048336029,0.0001008366048336029,6054.986476902,,,,,,,,,,,
1.0083660483360292e-05,1770725157.8622627,17969,5805,1.0083660483360292e-05,0.0001008366048336029,0.0001008366048336029,6055.14632865,,,,,,,,,,,
,1770725158.0062995,17969,5806,,,,6055.290286306,208.0,0.018332144245505333,,,,,,,,,
,1770725160.629625,17973,5807,,,,6057.913816108,208.0,,5.135544300079346,0.08380141854286194,5.135544300079346,0.9169006943702698,,,,,
,1770725160.631421,17973,5808,,,,6057.915361393,208.0,,,,,,0.01346316933631897,2.3942437171936035,,,
1.0058857500553131e-05,1770725162.2477205,17979,5809,1.0058857500553131e-05,0.00010058857500553131,0.00010058857500553131,6059.531889684,,,,,,,,,,,
1.0058857500553131e-05,1770725162.4077606,17979,5810,1.0058857500553131e-05,0.00010058857500553131,0.00010058857500553131,6059.694102825,,,,,,,,,,,
,1770725162.5519805,17979,5811,,,,6059.835984287,209.0,0.014958519488573074,,,,,,,,,
1.0034079849720002e-05,1770725165.4443543,17989,5812,1.0034079849720002e-05,0.00010034079849720002,0.00010034079849720002,6062.72853086,,,,,,,,,,,
1.0034079849720002e-05,1770725165.6040254,17989,5813,1.0034079849720002e-05,0.00010034079849720002,0.00010034079849720002,6062.891104804,,,,,,,,,,,
,1770725165.7484775,17989,5814,,,,6063.032462338,209.0,0.017774829640984535,,,,,,,,,
1.0009321570396423e-05,1770725168.6416101,17999,5815,1.0009321570396423e-05,0.00010009321570396423,0.00010009321570396423,6065.928132611,,,,,,,,,,,
1.0009321570396423e-05,1770725168.8015966,17999,5816,1.0009321570396423e-05,0.00010009321570396423,0.00010009321570396423,6066.088112801,,,,,,,,,,,
,1770725168.9463253,17999,5817,,,,6066.230560185,209.0,0.014061210677027702,,,,,,,,,
9.984585642814637e-06,1770725171.8425474,18009,5818,9.984585642814637e-06,9.984585642814637e-05,9.984585642814637e-05,6069.129309291,,,,,,,,,,,
9.984585642814637e-06,1770725172.004458,18009,5819,9.984585642814637e-06,9.984585642814637e-05,9.984585642814637e-05,6069.291056421,,,,,,,,,,,
,1770725172.1490436,18009,5820,,,,6069.43308181,209.0,0.015002759173512459,,,,,,,,,
9.95987355709076e-06,1770725175.0422688,18019,5821,9.95987355709076e-06,9.95987355709076e-05,9.95987355709076e-05,6072.329158875,,,,,,,,,,,
9.95987355709076e-06,1770725175.2047718,18019,5822,9.95987355709076e-06,9.95987355709076e-05,9.95987355709076e-05,6072.488768548,,,,,,,,,,,
,1770725175.3492615,18019,5823,,,,6072.633234099,209.0,0.008234390988945961,,,,,,,,,
9.935189783573152e-06,1770725178.2433448,18029,5824,9.935189783573152e-06,9.935189783573151e-05,9.935189783573151e-05,6075.530327563,,,,,,,,,,,
9.935189783573152e-06,1770725178.4061592,18029,5825,9.935189783573152e-06,9.935189783573151e-05,9.935189783573151e-05,6075.690319831,,,,,,,,,,,
,1770725178.5509899,18029,5826,,,,6075.835184774,209.0,0.01129523292183876,,,,,,,,,
9.910522401332856e-06,1770725181.5834396,18039,5827,9.910522401332856e-06,9.910522401332855e-05,9.910522401332855e-05,6078.867636832,,,,,,,,,,,
9.910522401332856e-06,1770725181.7434695,18039,5828,9.910522401332856e-06,9.910522401332855e-05,9.910522401332855e-05,6079.03008051,,,,,,,,,,,
,1770725181.8878953,18039,5829,,,,6079.171902763,209.0,0.013139891438186169,,,,,,,,,
9.88587886095047e-06,1770725184.8293993,18049,5830,9.88587886095047e-06,9.88587886095047e-05,9.88587886095047e-05,6082.113560155,,,,,,,,,,,
9.88587886095047e-06,1770725184.989622,18049,5831,9.88587886095047e-06,9.88587886095047e-05,9.88587886095047e-05,6082.273703772,,,,,,,,,,,
,1770725185.134139,18049,5832,,,,6082.418138967,209.0,0.01368704717606306,,,,,,,,,
9.861263632774354e-06,1770725188.101782,18059,5833,9.861263632774354e-06,9.861263632774353e-05,9.861263632774353e-05,6085.386025204,,,,,,,,,,,
9.861263632774354e-06,1770725188.25657,18059,5834,9.861263632774354e-06,9.861263632774353e-05,9.861263632774353e-05,6085.540839119,,,,,,,,,,,
,1770725188.3154545,18059,5835,,,,6085.5996043,209.0,0.011665486730635166,,,,,,,,,
,1770725189.7704594,18059,5836,,,,6087.054642947,209.0,,5.176919460296631,0.08456552028656006,5.176918983459473,0.9161487221717834,,,,,
,1770725189.7720695,18059,5837,,,,6087.055994692,209.0,,,,,,0.013526635244488716,2.38913893699646,,,
9.83666628599167e-06,1770725192.6640759,18069,5838,9.83666628599167e-06,9.83666628599167e-05,9.83666628599167e-05,6089.948222321,,,,,,,,,,,
9.83666628599167e-06,1770725192.824384,18069,5839,9.83666628599167e-06,9.83666628599167e-05,9.83666628599167e-05,6090.111095475,,,,,,,,,,,
,1770725192.9688246,18069,5840,,,,6090.252849946,210.0,0.01159476488828659,,,,,,,,,
9.812092781066896e-06,1770725195.862403,18079,5841,9.812092781066896e-06,9.812092781066895e-05,9.812092781066895e-05,6093.146472875,,,,,,,,,,,
9.812092781066896e-06,1770725196.0218472,18079,5842,9.812092781066896e-06,9.812092781066895e-05,9.812092781066895e-05,6093.305863368,,,,,,,,,,,
,1770725196.1664693,18079,5843,,,,6093.45050865,210.0,0.014177810400724411,,,,,,,,,
9.787541627883912e-06,1770725199.240737,18089,5844,9.787541627883912e-06,9.787541627883911e-05,9.787541627883911e-05,6096.527150212,,,,,,,,,,,
9.787541627883912e-06,1770725199.4002757,18089,5845,9.787541627883912e-06,9.787541627883911e-05,9.787541627883911e-05,6096.687063161,,,,,,,,,,,
,1770725199.5447168,18089,5846,,,,6096.828751622,210.0,0.012307263910770416,,,,,,,,,
9.763018786907197e-06,1770725202.4377937,18099,5847,9.763018786907197e-06,9.763018786907197e-05,9.763018786907197e-05,6099.724209662,,,,,,,,,,,
9.763018786907197e-06,1770725202.6004093,18099,5848,9.763018786907197e-06,9.763018786907197e-05,9.763018786907197e-05,6099.887053292,,,,,,,,,,,
,1770725202.7447507,18099,5849,,,,6100.028792851,210.0,0.01615903526544571,,,,,,,,,
9.738515317440033e-06,1770725205.6928802,18109,5850,9.738515317440033e-06,9.738515317440033e-05,9.738515317440033e-05,6102.980922151,,,,,,,,,,,
9.738515317440033e-06,1770725205.854907,18109,5851,9.738515317440033e-06,9.738515317440033e-05,9.738515317440033e-05,6103.142062367,,,,,,,,,,,
,1770725205.9987733,18109,5852,,,,6103.28282152,210.0,0.01913357526063919,,,,,,,,,
9.714034199714662e-06,1770725209.0299292,18119,5853,9.714034199714662e-06,9.714034199714661e-05,9.714034199714661e-05,6106.317950564,,,,,,,,,,,
9.714034199714662e-06,1770725209.1924791,18119,5854,9.714034199714662e-06,9.714034199714661e-05,9.714034199714661e-05,6106.479059203,,,,,,,,,,,
,1770725209.3365576,18119,5855,,,,6106.620603958,210.0,0.011731669306755066,,,,,,,,,
9.689581394195557e-06,1770725212.2288365,18129,5856,9.689581394195557e-06,9.689581394195557e-05,9.689581394195557e-05,6109.513047861,,,,,,,,,,,
9.689581394195557e-06,1770725212.3890219,18129,5857,9.689581394195557e-06,9.689581394195557e-05,9.689581394195557e-05,6109.676089519,,,,,,,,,,,
,1770725212.5335226,18129,5858,,,,6109.817548956,210.0,0.019430983811616898,,,,,,,,,
9.665147960186005e-06,1770725215.4240537,18139,5859,9.665147960186005e-06,9.665147960186005e-05,9.665147960186005e-05,6112.71211365,,,,,,,,,,,
9.665147960186005e-06,1770725215.5858374,18139,5860,9.665147960186005e-06,9.665147960186005e-05,9.665147960186005e-05,6112.873061907,,,,,,,,,,,
,1770725215.7300937,18139,5861,,,,6113.014153931,210.0,0.016358671709895134,,,,,,,,,
,1770725219.09941,18145,5862,,,,6116.383578529,210.0,,5.055168151855469,0.08087699860334396,5.0551676750183105,0.9198088645935059,,,,,
,1770725219.101013,18145,5863,,,,6116.384928221,210.0,,,,,,0.013517064973711967,2.3873705863952637,,,
9.640738368034363e-06,1770725220.0760434,18149,5864,9.640738368034363e-06,9.640738368034363e-05,9.640738368034363e-05,6117.364127757,,,,,,,,,,,
9.640738368034363e-06,1770725220.23839,18149,5865,9.640738368034363e-06,9.640738368034363e-05,9.640738368034363e-05,6117.525058869,,,,,,,,,,,
,1770725220.3825054,18149,5866,,,,6117.666530594,211.0,0.01775335893034935,,,,,,,,,
9.616351127624512e-06,1770725223.2761497,18159,5867,9.616351127624512e-06,9.616351127624512e-05,9.616351127624512e-05,6120.564077395,,,,,,,,,,,
9.616351127624512e-06,1770725223.4387808,18159,5868,9.616351127624512e-06,9.616351127624512e-05,9.616351127624512e-05,6120.725057581,,,,,,,,,,,
,1770725223.5831609,18159,5869,,,,6120.867215098,211.0,0.027244839817285538,,,,,,,,,
9.59199219942093e-06,1770725226.590743,18169,5870,9.59199219942093e-06,9.591992199420929e-05,9.591992199420929e-05,6123.874979897,,,,,,,,,,,
9.59199219942093e-06,1770725226.7591097,18169,5871,9.59199219942093e-06,9.591992199420929e-05,9.591992199420929e-05,6124.043317275,,,,,,,,,,,
,1770725226.9054477,18169,5872,,,,6124.189637778,211.0,0.010586710646748543,,,,,,,,,
9.567652642726898e-06,1770725229.8721156,18179,5873,9.567652642726898e-06,9.567652642726899e-05,9.567652642726899e-05,6127.159120863,,,,,,,,,,,
9.567652642726898e-06,1770725230.031161,18179,5874,9.567652642726898e-06,9.567652642726899e-05,9.567652642726899e-05,6127.318058674,,,,,,,,,,,
,1770725230.1752179,18179,5875,,,,6127.459273413,211.0,0.009987127035856247,,,,,,,,,
9.543335437774659e-06,1770725233.0697744,18189,5876,9.543335437774659e-06,9.543335437774658e-05,9.543335437774658e-05,6130.356095813,,,,,,,,,,,
9.543335437774659e-06,1770725233.2289317,18189,5877,9.543335437774659e-06,9.543335437774658e-05,9.543335437774658e-05,6130.515172403,,,,,,,,,,,
,1770725233.3731472,18189,5878,,,,6130.657159444,211.0,0.017068006098270416,,,,,,,,,
9.519048035144806e-06,1770725236.330538,18199,5879,9.519048035144806e-06,9.519048035144806e-05,9.519048035144806e-05,6133.617083351,,,,,,,,,,,
9.519048035144806e-06,1770725236.50079,18199,5880,9.519048035144806e-06,9.519048035144806e-05,9.519048035144806e-05,6133.787058374,,,,,,,,,,,
,1770725236.64691,18199,5881,,,,6133.93111559,211.0,0.01013488695025444,,,,,,,,,
9.494778513908387e-06,1770725239.6196868,18209,5882,9.494778513908387e-06,9.494778513908386e-05,9.494778513908386e-05,6136.906093534,,,,,,,,,,,
9.494778513908387e-06,1770725239.7791145,18209,5883,9.494778513908387e-06,9.494778513908386e-05,9.494778513908386e-05,6137.066052272,,,,,,,,,,,
,1770725239.9231777,18209,5884,,,,6137.207222844,211.0,0.014888418838381767,,,,,,,,,
9.470534324645997e-06,1770725242.8195746,18219,5885,9.470534324645997e-06,9.470534324645996e-05,9.470534324645996e-05,6140.103762077,,,,,,,,,,,
9.470534324645997e-06,1770725242.9791367,18219,5886,9.470534324645997e-06,9.470534324645996e-05,9.470534324645996e-05,6140.263182414,,,,,,,,,,,
,1770725243.1238608,18219,5887,,,,6140.407865422,211.0,0.01259135827422142,,,,,,,,,
9.446312487125398e-06,1770725246.0814178,18229,5888,9.446312487125398e-06,9.446312487125397e-05,9.446312487125397e-05,6143.365617961,,,,,,,,,,,
9.446312487125398e-06,1770725246.2534153,18229,5889,9.446312487125398e-06,9.446312487125397e-05,9.446312487125397e-05,6143.537631622,,,,,,,,,,,
,1770725246.3995404,18229,5890,,,,6143.683713865,211.0,0.01683710142970085,,,,,,,,,
,1770725248.4344475,18231,5891,,,,6145.718684397,211.0,,5.1493377685546875,0.08493656665086746,5.1493377685546875,0.9157620668411255,,,,,
,1770725248.4361155,18231,5892,,,,6145.720058364,211.0,,,,,,0.013406363315880299,2.375598907470703,,,
9.422118961811067e-06,1770725250.6907682,18239,5893,9.422118961811067e-06,9.422118961811066e-05,9.422118961811066e-05,6147.977245782,,,,,,,,,,,
9.422118961811067e-06,1770725250.8523145,18239,5894,9.422118961811067e-06,9.422118961811066e-05,9.422118961811066e-05,6148.139063718,,,,,,,,,,,
,1770725250.9966407,18239,5895,,,,6148.280689765,212.0,0.007863517850637436,,,,,,,,,
9.397946298122407e-06,1770725253.888326,18249,5896,9.397946298122407e-06,9.397946298122407e-05,9.397946298122407e-05,6151.176075551,,,,,,,,,,,
9.397946298122407e-06,1770725254.0504024,18249,5897,9.397946298122407e-06,9.397946298122407e-05,9.397946298122407e-05,6151.337059612,,,,,,,,,,,
,1770725254.1945646,18249,5898,,,,6151.478612159,212.0,0.016264060512185097,,,,,,,,,
9.373795986175537e-06,1770725257.0862377,18259,5899,9.373795986175537e-06,9.373795986175537e-05,9.373795986175537e-05,6154.374078916,,,,,,,,,,,
9.373795986175537e-06,1770725257.249159,18259,5900,9.373795986175537e-06,9.373795986175537e-05,9.373795986175537e-05,6154.53605484,,,,,,,,,,,
,1770725257.393482,18259,5901,,,,6154.677522609,212.0,0.011758096516132355,,,,,,,,,
9.349673986434937e-06,1770725260.2850938,18269,5902,9.349673986434937e-06,9.349673986434937e-05,9.349673986434937e-05,6157.573115005,,,,,,,,,,,
9.349673986434937e-06,1770725260.4475017,18269,5903,9.349673986434937e-06,9.349673986434937e-05,9.349673986434937e-05,6157.734062721,,,,,,,,,,,
,1770725260.5920107,18269,5904,,,,6157.876057233,212.0,0.015460866503417492,,,,,,,,,
9.325572848320008e-06,1770725263.4860375,18279,5905,9.325572848320008e-06,9.325572848320007e-05,9.325572848320007e-05,6160.774098895,,,,,,,,,,,
9.325572848320008e-06,1770725263.6482575,18279,5906,9.325572848320008e-06,9.325572848320007e-05,9.325572848320007e-05,6160.935054654,,,,,,,,,,,
,1770725263.7922325,18279,5907,,,,6161.076269943,212.0,0.009767966344952583,,,,,,,,,
9.30149406194687e-06,1770725266.6872394,18289,5908,9.30149406194687e-06,9.30149406194687e-05,9.30149406194687e-05,6163.971423528,,,,,,,,,,,
9.30149406194687e-06,1770725266.846953,18289,5909,9.30149406194687e-06,9.30149406194687e-05,9.30149406194687e-05,6164.130985098,,,,,,,,,,,
,1770725266.9917076,18289,5910,,,,6164.275685141,212.0,0.014259315095841885,,,,,,,,,
9.277440607547761e-06,1770725269.8849554,18299,5911,9.277440607547761e-06,9.277440607547761e-05,9.277440607547761e-05,6167.172999348,,,,,,,,,,,
9.277440607547761e-06,1770725270.0478373,18299,5912,9.277440607547761e-06,9.277440607547761e-05,9.277440607547761e-05,6167.333171737,,,,,,,,,,,
,1770725270.1920593,18299,5913,,,,6167.476061726,212.0,0.012398628517985344,,,,,,,,,
9.25341546535492e-06,1770725273.0873387,18309,5914,9.25341546535492e-06,9.25341546535492e-05,9.25341546535492e-05,6170.371520881,,,,,,,,,,,
9.25341546535492e-06,1770725273.2469974,18309,5915,9.25341546535492e-06,9.25341546535492e-05,9.25341546535492e-05,6170.531097594,,,,,,,,,,,
,1770725273.3913236,18309,5916,,,,6170.67530763,212.0,0.01025498379021883,,,,,,,,,
,1770725277.2937648,18317,5917,,,,6174.578011586,212.0,,5.0939717292785645,0.08121997117996216,5.0939717292785645,0.9194679856300354,,,,,
,1770725277.29526,18317,5918,,,,6174.579416952,212.0,,,,,,0.01315930113196373,2.361323833465576,,,
9.229408204555511e-06,1770725277.6318545,18319,5919,9.229408204555511e-06,9.229408204555512e-05,9.229408204555512e-05,6174.919893238,,,,,,,,,,,
9.229408204555511e-06,1770725277.79558,18319,5920,9.229408204555511e-06,9.229408204555512e-05,9.229408204555512e-05,6175.082065938,,,,,,,,,,,
,1770725277.9403384,18319,5921,,,,6175.224371598,213.0,0.0165625661611557,,,,,,,,,
9.205427765846253e-06,1770725280.833193,18329,5922,9.205427765846253e-06,9.205427765846253e-05,9.205427765846253e-05,6178.121083637,,,,,,,,,,,
9.205427765846253e-06,1770725280.9955943,18329,5923,9.205427765846253e-06,9.205427765846253e-05,9.205427765846253e-05,6178.282054268,,,,,,,,,,,
,1770725281.139574,18329,5924,,,,6178.423609899,213.0,0.014111857861280441,,,,,,,,,
9.181474149227143e-06,1770725284.0356426,18339,5925,9.181474149227143e-06,9.181474149227143e-05,9.181474149227143e-05,6181.323107951,,,,,,,,,,,
9.181474149227143e-06,1770725284.1973314,18339,5926,9.181474149227143e-06,9.181474149227143e-05,9.181474149227143e-05,6181.484121767,,,,,,,,,,,
,1770725284.3413463,18339,5927,,,,6181.625378347,213.0,0.009469989687204361,,,,,,,,,
9.157539904117584e-06,1770725287.2361052,18349,5928,9.157539904117584e-06,9.157539904117584e-05,9.157539904117584e-05,6184.523087847,,,,,,,,,,,
9.157539904117584e-06,1770725287.3952808,18349,5929,9.157539904117584e-06,9.157539904117584e-05,9.157539904117584e-05,6184.682051758,,,,,,,,,,,
,1770725287.5391893,18349,5930,,,,6184.823237041,213.0,0.012212777510285378,,,,,,,,,
9.133630990982057e-06,1770725290.5207107,18359,5931,9.133630990982057e-06,9.133630990982057e-05,9.133630990982057e-05,6187.80724535,,,,,,,,,,,
9.133630990982057e-06,1770725290.6824126,18359,5932,9.133630990982057e-06,9.133630990982057e-05,9.133630990982057e-05,6187.966441741,,,,,,,,,,,
,1770725290.826969,18359,5933,,,,6188.110952379,213.0,0.013222284615039825,,,,,,,,,
9.109750390052796e-06,1770725293.7226017,18369,5934,9.109750390052796e-06,9.109750390052795e-05,9.109750390052795e-05,6191.010126442,,,,,,,,,,,
9.109750390052796e-06,1770725293.8842382,18369,5935,9.109750390052796e-06,9.109750390052795e-05,9.109750390052795e-05,6191.171059065,,,,,,,,,,,
,1770725294.028099,18369,5936,,,,6191.312156116,213.0,0.010807741433382034,,,,,,,,,
9.085890650749208e-06,1770725296.9211957,18379,5937,9.085890650749208e-06,9.085890650749207e-05,9.085890650749207e-05,6194.208133338,,,,,,,,,,,
9.085890650749208e-06,1770725297.0806024,18379,5938,9.085890650749208e-06,9.085890650749207e-05,9.085890650749207e-05,6194.367073823,,,,,,,,,,,
,1770725297.2249153,18379,5939,,,,6194.508933692,213.0,0.01611156389117241,,,,,,,,,
9.062054753303529e-06,1770725300.121087,18389,5940,9.062054753303529e-06,9.062054753303528e-05,9.062054753303528e-05,6197.408083538,,,,,,,,,,,
9.062054753303529e-06,1770725300.2806625,18389,5941,9.062054753303529e-06,9.062054753303528e-05,9.062054753303528e-05,6197.567053407,,,,,,,,,,,
,1770725300.4248707,18389,5942,,,,6197.708935019,213.0,0.013592058792710304,,,,,,,,,
9.03824269771576e-06,1770725303.3214142,18399,5943,9.03824269771576e-06,9.03824269771576e-05,9.03824269771576e-05,6200.605634287,,,,,,,,,,,
9.03824269771576e-06,1770725303.4828537,18399,5944,9.03824269771576e-06,9.03824269771576e-05,9.03824269771576e-05,6200.766974423,,,,,,,,,,,
,1770725303.6276014,18399,5945,,,,6200.911592743,213.0,0.013644764199852943,,,,,,,,,
,1770725306.2515104,18403,5946,,,,6203.535662604,213.0,,5.1090240478515625,0.08140958845615387,5.1090240478515625,0.9192602634429932,,,,,
,1770725306.2530835,18403,5947,,,,6203.537014839,213.0,,,,,,0.013057636097073555,2.3762872219085693,,,
9.01445895433426e-06,1770725307.8686442,18409,5948,9.01445895433426e-06,9.01445895433426e-05,9.01445895433426e-05,6205.155264952,,,,,,,,,,,
9.01445895433426e-06,1770725308.03054,18409,5949,9.01445895433426e-06,9.01445895433426e-05,9.01445895433426e-05,6205.317112613,,,,,,,,,,,
,1770725308.1745443,18409,5950,,,,6205.458537627,214.0,0.009825834073126316,,,,,,,,,
8.99069607257843e-06,1770725311.0682685,18419,5951,8.99069607257843e-06,8.99069607257843e-05,8.99069607257843e-05,6208.355091806,,,,,,,,,,,
8.99069607257843e-06,1770725311.2272668,18419,5952,8.99069607257843e-06,8.99069607257843e-05,8.99069607257843e-05,6208.514053613,,,,,,,,,,,
,1770725311.3713405,18419,5953,,,,6208.655384285,214.0,0.0093454010784626,,,,,,,,,
8.966958522796632e-06,1770725314.2666826,18429,5954,8.966958522796632e-06,8.96695852279663e-05,8.96695852279663e-05,6211.554080047,,,,,,,,,,,
8.966958522796632e-06,1770725314.4282606,18429,5955,8.966958522796632e-06,8.96695852279663e-05,8.96695852279663e-05,6211.715055034,,,,,,,,,,,
,1770725314.572275,18429,5956,,,,6211.856322481,214.0,0.009682374075055122,,,,,,,,,
8.94324779510498e-06,1770725317.4658566,18439,5957,8.94324779510498e-06,8.943247795104981e-05,8.943247795104981e-05,6214.750016314,,,,,,,,,,,
8.94324779510498e-06,1770725317.6255898,18439,5958,8.94324779510498e-06,8.943247795104981e-05,8.943247795104981e-05,6214.912082934,,,,,,,,,,,
,1770725317.7698874,18439,5959,,,,6215.05390119,214.0,0.009463980793952942,,,,,,,,,
8.919559419155121e-06,1770725320.664697,18449,5960,8.919559419155121e-06,8.919559419155122e-05,8.919559419155122e-05,6217.952104239,,,,,,,,,,,
8.919559419155121e-06,1770725320.8276184,18449,5961,8.919559419155121e-06,8.919559419155122e-05,8.919559419155122e-05,6218.114059481,,,,,,,,,,,
,1770725320.9718986,18449,5962,,,,6218.255957668,214.0,0.013639355078339577,,,,,,,,,
8.895893394947052e-06,1770725323.8684556,18459,5963,8.895893394947052e-06,8.895893394947052e-05,8.895893394947052e-05,6221.156085483,,,,,,,,,,,
8.895893394947052e-06,1770725324.0304825,18459,5964,8.895893394947052e-06,8.895893394947052e-05,8.895893394947052e-05,6221.317064907,,,,,,,,,,,
,1770725324.1746035,18459,5965,,,,6221.458650613,214.0,0.012956077232956886,,,,,,,,,
8.872254192829133e-06,1770725327.0685627,18469,5966,8.872254192829133e-06,8.872254192829133e-05,8.872254192829133e-05,6224.355248205,,,,,,,,,,,
8.872254192829133e-06,1770725327.230642,18469,5967,8.872254192829133e-06,8.872254192829133e-05,8.872254192829133e-05,6224.514661592,,,,,,,,,,,
,1770725327.3751788,18469,5968,,,,6224.659163416,214.0,0.018584785982966423,,,,,,,,,
8.84864330291748e-06,1770725330.2712932,18479,5969,8.84864330291748e-06,8.848643302917481e-05,8.848643302917481e-05,6227.559087435,,,,,,,,,,,
8.84864330291748e-06,1770725330.4345756,18479,5970,8.84864330291748e-06,8.848643302917481e-05,8.848643302917481e-05,6227.721058541,,,,,,,,,,,
,1770725330.5791087,18479,5971,,,,6227.863159101,214.0,0.00893387570977211,,,,,,,,,
8.82505178451538e-06,1770725333.9638455,18489,5972,8.82505178451538e-06,8.82505178451538e-05,8.82505178451538e-05,6231.248218527,,,,,,,,,,,
8.82505178451538e-06,1770725334.1198642,18489,5973,8.82505178451538e-06,8.82505178451538e-05,8.82505178451538e-05,6231.404156513,,,,,,,,,,,
,1770725334.1794987,18489,5974,,,,6231.463704883,214.0,0.008054167963564396,,,,,,,,,
,1770725335.7309835,18489,5975,,,,6233.01527411,214.0,,4.985928058624268,0.07828253507614136,4.985929012298584,0.9223844408988953,,,,,
,1770725337.3089962,18489,5976,,,,6234.593192773,214.0,,,,,,0.012966514565050602,2.3503005504608154,,,
8.80148559808731e-06,1770725340.246164,18499,5977,8.80148559808731e-06,8.801485598087311e-05,8.801485598087311e-05,6237.534122173,,,,,,,,,,,
8.80148559808731e-06,1770725340.4092793,18499,5978,8.80148559808731e-06,8.801485598087311e-05,8.801485598087311e-05,6237.696056394,,,,,,,,,,,
,1770725340.5543315,18499,5979,,,,6237.838384457,215.0,0.009082673117518425,,,,,,,,,
8.777949213981629e-06,1770725343.5141084,18509,5980,8.777949213981629e-06,8.777949213981629e-05,8.777949213981629e-05,6240.801174417,,,,,,,,,,,
8.777949213981629e-06,1770725343.6773868,18509,5981,8.777949213981629e-06,8.777949213981629e-05,8.777949213981629e-05,6240.961356921,,,,,,,,,,,
,1770725343.8223479,18509,5982,,,,6241.106387131,215.0,0.01210714504122734,,,,,,,,,
8.754432201385498e-06,1770725346.7244482,18519,5983,8.754432201385498e-06,8.754432201385498e-05,8.754432201385498e-05,6244.011242409,,,,,,,,,,,
8.754432201385498e-06,1770725346.8874617,18519,5984,8.754432201385498e-06,8.754432201385498e-05,8.754432201385498e-05,6244.171456411,,,,,,,,,,,
,1770725347.0324447,18519,5985,,,,6244.316441272,215.0,0.008264872245490551,,,,,,,,,
8.730940520763397e-06,1770725349.952935,18529,5986,8.730940520763397e-06,8.730940520763397e-05,8.730940520763397e-05,6247.240095412,,,,,,,,,,,
8.730940520763397e-06,1770725350.1132522,18529,5987,8.730940520763397e-06,8.730940520763397e-05,8.730940520763397e-05,6247.400056834,,,,,,,,,,,
,1770725350.2582178,18529,5988,,,,6247.542276804,215.0,0.007769641000777483,,,,,,,,,
8.707474172115326e-06,1770725353.1600018,18539,5989,8.707474172115326e-06,8.707474172115326e-05,8.707474172115326e-05,6250.448037274,,,,,,,,,,,
8.707474172115326e-06,1770725353.3238318,18539,5990,8.707474172115326e-06,8.707474172115326e-05,8.707474172115326e-05,6250.61105874,,,,,,,,,,,
,1770725353.4690185,18539,5991,,,,6250.753086612,215.0,0.0112887192517519,,,,,,,,,
8.684037625789642e-06,1770725356.3705964,18549,5992,8.684037625789642e-06,8.684037625789642e-05,8.684037625789642e-05,6253.657239402,,,,,,,,,,,
8.684037625789642e-06,1770725356.5331216,18549,5993,8.684037625789642e-06,8.684037625789642e-05,8.684037625789642e-05,6253.820067838,,,,,,,,,,,
,1770725356.677961,18549,5994,,,,6253.961965974,215.0,0.011880028992891312,,,,,,,,,
8.660620450973512e-06,1770725359.5812974,18559,5995,8.660620450973512e-06,8.66062045097351e-05,8.66062045097351e-05,6256.869078979,,,,,,,,,,,
8.660620450973512e-06,1770725359.743798,18559,5996,8.660620450973512e-06,8.66062045097351e-05,8.66062045097351e-05,6257.031067591,,,,,,,,,,,
,1770725359.8886585,18559,5997,,,,6257.172700318,215.0,0.01093580387532711,,,,,,,,,
8.637228608131408e-06,1770725362.791428,18569,5998,8.637228608131408e-06,8.63722860813141e-05,8.63722860813141e-05,6260.075624998,,,,,,,,,,,
8.637228608131408e-06,1770725362.951258,18569,5999,8.637228608131408e-06,8.63722860813141e-05,8.63722860813141e-05,6260.23529421,,,,,,,,,,,
,1770725363.0965185,18569,6000,,,,6260.380492142,215.0,0.018687445670366287,,,,,,,,,
,1770725366.3646703,18575,6001,,,,6263.648792301,215.0,,5.087080955505371,0.08266972750425339,5.087080955505371,0.9180447459220886,,,,,
,1770725366.3662395,18575,6002,,,,6263.650185027,215.0,,,,,,0.014467544853687286,2.4526450634002686,,,
8.613866567611695e-06,1770725367.3934495,18579,6003,8.613866567611695e-06,8.613866567611695e-05,8.613866567611695e-05,6264.680084862,,,,,,,,,,,
8.613866567611695e-06,1770725367.5597296,18579,6004,8.613866567611695e-06,8.613866567611695e-05,8.613866567611695e-05,6264.84605731,,,,,,,,,,,
,1770725367.7052288,18579,6005,,,,6264.989388864,216.0,0.018663005903363228,,,,,,,,,
8.590523898601533e-06,1770725370.7540495,18589,6006,8.590523898601533e-06,8.590523898601532e-05,8.590523898601532e-05,6268.038155756,,,,,,,,,,,
8.590523898601533e-06,1770725370.9243977,18589,6007,8.590523898601533e-06,8.590523898601532e-05,8.590523898601532e-05,6268.211053826,,,,,,,,,,,
,1770725371.0698342,18589,6008,,,,6268.353955813,216.0,0.011229276657104492,,,,,,,,,
8.567208051681519e-06,1770725374.1203272,18599,6009,8.567208051681519e-06,8.567208051681518e-05,8.567208051681518e-05,6271.407105681,,,,,,,,,,,
8.567208051681519e-06,1770725374.2872267,18599,6010,8.567208051681519e-06,8.567208051681518e-05,8.567208051681518e-05,6271.574062491,,,,,,,,,,,
,1770725374.4325683,18599,6011,,,,6271.716728673,216.0,0.008345932699739933,,,,,,,,,
8.543916046619416e-06,1770725377.5146751,18609,6012,8.543916046619416e-06,8.543916046619416e-05,8.543916046619416e-05,6274.798897003,,,,,,,,,,,
8.543916046619416e-06,1770725377.6891792,18609,6013,8.543916046619416e-06,8.543916046619416e-05,8.543916046619416e-05,6274.976122697,,,,,,,,,,,
,1770725377.8350375,18609,6014,,,,6275.119231435,216.0,0.018791185691952705,,,,,,,,,
8.5206538438797e-06,1770725380.9811537,18619,6015,8.5206538438797e-06,8.5206538438797e-05,8.5206538438797e-05,6278.268203444,,,,,,,,,,,
8.5206538438797e-06,1770725381.1559536,18619,6016,8.5206538438797e-06,8.5206538438797e-05,8.5206538438797e-05,6278.440034909,,,,,,,,,,,
,1770725381.3019435,18619,6017,,,,6278.586019576,216.0,0.008273500949144363,,,,,,,,,
8.497413992881775e-06,1770725384.3801906,18629,6018,8.497413992881775e-06,8.497413992881775e-05,8.497413992881775e-05,6281.664389649,,,,,,,,,,,
8.497413992881775e-06,1770725384.5396345,18629,6019,8.497413992881775e-06,8.497413992881775e-05,8.497413992881775e-05,6281.823677837,,,,,,,,,,,
,1770725384.6842458,18629,6020,,,,6281.968227303,216.0,0.015579836443066597,,,,,,,,,
8.47419798374176e-06,1770725387.5790005,18639,6021,8.47419798374176e-06,8.47419798374176e-05,8.47419798374176e-05,6284.866142271,,,,,,,,,,,
8.47419798374176e-06,1770725387.7379959,18639,6022,8.47419798374176e-06,8.47419798374176e-05,8.47419798374176e-05,6285.025086582,,,,,,,,,,,
,1770725387.8822057,18639,6023,,,,6285.166206647,216.0,0.012004712596535683,,,,,,,,,
8.451011776924135e-06,1770725390.8703873,18649,6024,8.451011776924135e-06,8.451011776924133e-05,8.451011776924133e-05,6288.154607306,,,,,,,,,,,
8.451011776924135e-06,1770725391.0398567,18649,6025,8.451011776924135e-06,8.451011776924133e-05,8.451011776924133e-05,6288.324083296,,,,,,,,,,,
,1770725391.1860387,18649,6026,,,,6288.470230607,216.0,0.022387787699699402,,,,,,,,,
8.427846431732178e-06,1770725394.1069055,18659,6027,8.427846431732178e-06,8.427846431732178e-05,8.427846431732178e-05,6291.394117713,,,,,,,,,,,
8.427846431732178e-06,1770725394.2663643,18659,6028,8.427846431732178e-06,8.427846431732178e-05,8.427846431732178e-05,6291.553057397,,,,,,,,,,,
,1770725394.4101834,18659,6029,,,,6291.694234127,216.0,0.0069960011169314384,,,,,,,,,
,1770725396.3937905,18661,6030,,,,6293.67794348,216.0,,5.10156774520874,0.08219990879297256,5.10156774520874,0.9185038805007935,,,,,
,1770725396.3954008,18661,6031,,,,6293.679314794,216.0,,,,,,0.01324291992932558,2.3639907836914062,,,
8.404706418514252e-06,1770725398.6485908,18669,6032,8.404706418514252e-06,8.404706418514252e-05,8.404706418514252e-05,6295.936086403,,,,,,,,,,,
8.404706418514252e-06,1770725398.8100257,18669,6033,8.404706418514252e-06,8.404706418514252e-05,8.404706418514252e-05,6296.097058616,,,,,,,,,,,
,1770725398.9540884,18669,6034,,,,6296.238145491,217.0,0.011371176689863205,,,,,,,,,
8.381596207618714e-06,1770725401.9920852,18679,6035,8.381596207618714e-06,8.381596207618713e-05,8.381596207618713e-05,6299.280114749,,,,,,,,,,,
8.381596207618714e-06,1770725402.1541,18679,6036,8.381596207618714e-06,8.381596207618713e-05,8.381596207618713e-05,6299.441055524,,,,,,,,,,,
,1770725402.2981484,18679,6037,,,,6299.582204613,217.0,0.023038877174258232,,,,,,,,,
8.358506858348846e-06,1770725405.188672,18689,6038,8.358506858348846e-06,8.358506858348846e-05,8.358506858348846e-05,6302.476083656,,,,,,,,,,,
8.358506858348846e-06,1770725405.35025,18689,6039,8.358506858348846e-06,8.358506858348846e-05,8.358506858348846e-05,6302.637051231,,,,,,,,,,,
,1770725405.494589,18689,6040,,,,6302.778625479,217.0,0.028118707239627838,,,,,,,,,
8.33544284105301e-06,1770725408.435304,18699,6041,8.33544284105301e-06,8.335442841053009e-05,8.335442841053009e-05,6305.722109467,,,,,,,,,,,
8.33544284105301e-06,1770725408.5950356,18699,6042,8.33544284105301e-06,8.335442841053009e-05,8.335442841053009e-05,6305.882055916,,,,,,,,,,,
,1770725408.7396402,18699,6043,,,,6306.023694881,217.0,0.00879635289311409,,,,,,,,,
8.31240564584732e-06,1770725411.6429281,18709,6044,8.31240564584732e-06,8.31240564584732e-05,8.31240564584732e-05,6308.930139975,,,,,,,,,,,
8.31240564584732e-06,1770725411.802748,18709,6045,8.31240564584732e-06,8.31240564584732e-05,8.31240564584732e-05,6309.08905376,,,,,,,,,,,
,1770725411.947377,18709,6046,,,,6309.231415794,217.0,0.014142002910375595,,,,,,,,,
8.2893967628479e-06,1770725414.8787377,18719,6047,8.2893967628479e-06,8.2893967628479e-05,8.2893967628479e-05,6312.165118921,,,,,,,,,,,
8.2893967628479e-06,1770725415.0386622,18719,6048,8.2893967628479e-06,8.2893967628479e-05,8.2893967628479e-05,6312.322695232,,,,,,,,,,,
,1770725415.1826274,18719,6049,,,,6312.466633829,217.0,0.007537064142525196,,,,,,,,,
8.266410231590272e-06,1770725418.078743,18729,6050,8.266410231590272e-06,8.26641023159027e-05,8.26641023159027e-05,6315.365075137,,,,,,,,,,,
8.266410231590272e-06,1770725418.2385173,18729,6051,8.266410231590272e-06,8.26641023159027e-05,8.26641023159027e-05,6315.525053784,,,,,,,,,,,
,1770725418.3826385,18729,6052,,,,6315.666733451,217.0,0.012730998918414116,,,,,,,,,
8.243449032306672e-06,1770725421.2792337,18739,6053,8.243449032306672e-06,8.243449032306671e-05,8.243449032306671e-05,6318.566129435,,,,,,,,,,,
8.243449032306672e-06,1770725421.4388423,18739,6054,8.243449032306672e-06,8.243449032306671e-05,8.243449032306671e-05,6318.726079859,,,,,,,,,,,
,1770725421.5832865,18739,6055,,,,6318.867277401,217.0,0.016631335020065308,,,,,,,,,
,1770725425.4854805,18747,6056,,,,6322.769747685,217.0,,5.143970489501953,0.08352890610694885,5.143969535827637,0.9171750545501709,,,,,
,1770725425.4869502,18747,6057,,,,6322.770845648,217.0,,,,,,0.013158914633095264,2.3375399112701416,,,
8.22051763534546e-06,1770725425.823654,18749,6058,8.22051763534546e-06,8.220517635345459e-05,8.220517635345459e-05,6323.107781464,,,,,,,,,,,
8.22051763534546e-06,1770725425.9835062,18749,6059,8.22051763534546e-06,8.220517635345459e-05,8.220517635345459e-05,6323.271058866,,,,,,,,,,,
,1770725426.13033,18749,6060,,,,6323.414289988,218.0,0.014647917822003365,,,,,,,,,
8.197607100009919e-06,1770725429.026228,18759,6061,8.197607100009919e-06,8.197607100009918e-05,8.197607100009918e-05,6326.313332229,,,,,,,,,,,
8.197607100009919e-06,1770725429.1883745,18759,6062,8.197607100009919e-06,8.197607100009918e-05,8.197607100009918e-05,6326.472545373,,,,,,,,,,,
,1770725429.332835,18759,6063,,,,6326.617051144,218.0,0.007419202011078596,,,,,,,,,
8.174723386764527e-06,1770725432.2289684,18769,6064,8.174723386764527e-06,8.174723386764526e-05,8.174723386764526e-05,6329.513173109,,,,,,,,,,,
8.174723386764527e-06,1770725432.3890078,18769,6065,8.174723386764527e-06,8.174723386764526e-05,8.174723386764526e-05,6329.676108927,,,,,,,,,,,
,1770725432.5330567,18769,6066,,,,6329.817102511,218.0,0.015137976035475731,,,,,,,,,
8.151863515377045e-06,1770725435.4311414,18779,6067,8.151863515377045e-06,8.151863515377045e-05,8.151863515377045e-05,6332.715317827,,,,,,,,,,,
8.151863515377045e-06,1770725435.5903623,18779,6068,8.151863515377045e-06,8.151863515377045e-05,8.151863515377045e-05,6332.874424261,,,,,,,,,,,
,1770725435.7347057,18779,6069,,,,6333.018695969,218.0,0.010334327816963196,,,,,,,,,
8.12903493642807e-06,1770725438.6307714,18789,6070,8.12903493642807e-06,8.12903493642807e-05,8.12903493642807e-05,6335.917336154,,,,,,,,,,,
8.12903493642807e-06,1770725438.7930055,18789,6071,8.12903493642807e-06,8.12903493642807e-05,8.12903493642807e-05,6336.077173589,,,,,,,,,,,
,1770725438.937653,18789,6072,,,,6336.22187282,218.0,0.014260648749768734,,,,,,,,,
8.106228709220887e-06,1770725441.833114,18799,6073,8.106228709220887e-06,8.106228709220887e-05,8.106228709220887e-05,6339.120289068,,,,,,,,,,,
8.106228709220887e-06,1770725441.9953814,18799,6074,8.106228709220887e-06,8.106228709220887e-05,8.106228709220887e-05,6339.279364936,,,,,,,,,,,
,1770725442.1395955,18799,6075,,,,6339.423634801,218.0,0.012074429541826248,,,,,,,,,
8.083447813987732e-06,1770725445.0332608,18809,6076,8.083447813987732e-06,8.083447813987732e-05,8.083447813987732e-05,6342.320160092,,,,,,,,,,,
8.083447813987732e-06,1770725445.1953602,18809,6077,8.083447813987732e-06,8.083447813987732e-05,8.083447813987732e-05,6342.479346707,,,,,,,,,,,
,1770725445.339993,18809,6078,,,,6342.624043885,218.0,0.013970542699098587,,,,,,,,,
8.060696721076966e-06,1770725448.3480418,18819,6079,8.060696721076966e-06,8.060696721076965e-05,8.060696721076965e-05,6345.634121692,,,,,,,,,,,
8.060696721076966e-06,1770725448.5198653,18819,6080,8.060696721076966e-06,8.060696721076965e-05,8.060696721076965e-05,6345.803972286,,,,,,,,,,,
,1770725448.6659184,18819,6081,,,,6345.950110473,218.0,0.016133815050125122,,,,,,,,,
8.03796648979187e-06,1770725451.6334417,18829,6082,8.03796648979187e-06,8.03796648979187e-05,8.03796648979187e-05,6348.917626955,,,,,,,,,,,
8.03796648979187e-06,1770725451.7928958,18829,6083,8.03796648979187e-06,8.03796648979187e-05,8.03796648979187e-05,6349.07694636,,,,,,,,,,,
,1770725451.9372964,18829,6084,,,,6349.221288434,218.0,0.011502964422106743,,,,,,,,,
,1770725454.5582974,18833,6085,,,,6351.842518767,218.0,,5.049944877624512,0.08126077800989151,5.049943447113037,0.9194236993789673,,,,,
,1770725454.5599368,18833,6086,,,,6351.843851383,218.0,,,,,,0.012905086390674114,2.315777540206909,,,
8.015263080596925e-06,1770725456.1750922,18839,6087,8.015263080596925e-06,8.015263080596924e-05,8.015263080596924e-05,6353.462110661,,,,,,,,,,,
8.015263080596925e-06,1770725456.3338654,18839,6088,8.015263080596925e-06,8.015263080596924e-05,8.015263080596924e-05,6353.621057195,,,,,,,,,,,
,1770725456.478035,18839,6089,,,,6353.762074775,219.0,0.011131233535706997,,,,,,,,,
7.992585003376007e-06,1770725459.5185933,18849,6090,7.992585003376007e-06,7.992585003376007e-05,7.992585003376007e-05,6356.806141915,,,,,,,,,,,
7.992585003376007e-06,1770725459.680442,18849,6091,7.992585003376007e-06,7.992585003376007e-05,7.992585003376007e-05,6356.967062539,,,,,,,,,,,
,1770725459.8243983,18849,6092,,,,6357.108426421,219.0,0.012291770428419113,,,,,,,,,
7.969938218593598e-06,1770725462.7148154,18859,6093,7.969938218593598e-06,7.969938218593597e-05,7.969938218593597e-05,6360.001227165,,,,,,,,,,,
7.969938218593598e-06,1770725462.877768,18859,6094,7.969938218593598e-06,7.969938218593597e-05,7.969938218593597e-05,6360.164064043,,,,,,,,,,,
,1770725463.0217092,18859,6095,,,,6360.305784061,219.0,0.011340761557221413,,,,,,,,,
7.94731229543686e-06,1770725466.0075433,18869,6096,7.94731229543686e-06,7.947312295436859e-05,7.947312295436859e-05,6363.291755386,,,,,,,,,,,
7.94731229543686e-06,1770725466.1671865,18869,6097,7.94731229543686e-06,7.947312295436859e-05,7.947312295436859e-05,6363.454121345,,,,,,,,,,,
,1770725466.3145733,18869,6098,,,,6363.598710872,219.0,0.007663375232368708,,,,,,,,,
7.92471319437027e-06,1770725469.2174098,18879,6099,7.92471319437027e-06,7.92471319437027e-05,7.92471319437027e-05,6366.501585046,,,,,,,,,,,
7.92471319437027e-06,1770725469.3771698,18879,6100,7.92471319437027e-06,7.92471319437027e-05,7.92471319437027e-05,6366.661228398,,,,,,,,,,,
,1770725469.5217354,18879,6101,,,,6366.805719416,219.0,0.010556437075138092,,,,,,,,,
7.902145385742187e-06,1770725472.4166417,18889,6102,7.902145385742187e-06,7.902145385742187e-05,7.902145385742187e-05,6369.700811427,,,,,,,,,,,
7.902145385742187e-06,1770725472.5770125,18889,6103,7.902145385742187e-06,7.902145385742187e-05,7.902145385742187e-05,6369.864114457,,,,,,,,,,,
,1770725472.7216156,18889,6104,,,,6370.00572542,219.0,0.018871501088142395,,,,,,,,,
7.879596948623657e-06,1770725475.616835,18899,6105,7.879596948623657e-06,7.879596948623658e-05,7.879596948623658e-05,6372.901016161,,,,,,,,,,,
7.879596948623657e-06,1770725475.776778,18899,6106,7.879596948623657e-06,7.879596948623658e-05,7.879596948623658e-05,6373.063094407,,,,,,,,,,,
,1770725475.9213693,18899,6107,,,,6373.205454688,219.0,0.018098704516887665,,,,,,,,,
7.857076823711395e-06,1770725478.814655,18909,6108,7.857076823711395e-06,7.857076823711395e-05,7.857076823711395e-05,6376.101223628,,,,,,,,,,,
7.857076823711395e-06,1770725478.9770184,18909,6109,7.857076823711395e-06,7.857076823711395e-05,7.857076823711395e-05,6376.261007592,,,,,,,,,,,
,1770725479.1213722,18909,6110,,,,6376.405442255,219.0,0.00935133546590805,,,,,,,,,
7.834582030773163e-06,1770725482.0176492,18919,6111,7.834582030773163e-06,7.834582030773164e-05,7.834582030773164e-05,6379.301812429,,,,,,,,,,,
7.834582030773163e-06,1770725482.1669953,18919,6112,7.834582030773163e-06,7.834582030773164e-05,7.834582030773164e-05,6379.451069139,,,,,,,,,,,
,1770725482.223771,18919,6113,,,,6379.507776253,219.0,0.009804951027035713,,,,,,,,,
,1770725483.665925,18919,6114,,,,6380.950210455,219.0,,5.132221221923828,0.0840357318520546,5.13222074508667,0.916667103767395,,,,,
,1770725483.667392,18919,6115,,,,6380.951299163,219.0,,,,,,0.012391745112836361,2.2756199836730957,,,
7.812118530273439e-06,1770725486.5934763,18929,6116,7.812118530273439e-06,7.812118530273437e-05,7.812118530273437e-05,6383.880064772,,,,,,,,,,,
7.812118530273439e-06,1770725486.753247,18929,6117,7.812118530273439e-06,7.812118530273437e-05,7.812118530273437e-05,6384.040055587,,,,,,,,,,,
,1770725486.8973064,18929,6118,,,,6384.181356294,220.0,0.009457827545702457,,,,,,,,,
7.789675891399384e-06,1770725489.7913723,18939,6119,7.789675891399384e-06,7.789675891399384e-05,7.789675891399384e-05,6387.078082313,,,,,,,,,,,
7.789675891399384e-06,1770725489.9509115,18939,6120,7.789675891399384e-06,7.789675891399384e-05,7.789675891399384e-05,6387.238058786,,,,,,,,,,,
,1770725490.095019,18939,6121,,,,6387.379124278,220.0,0.025100121274590492,,,,,,,,,
7.76726007461548e-06,1770725492.9879472,18949,6122,7.76726007461548e-06,7.767260074615479e-05,7.767260074615479e-05,6390.275110453,,,,,,,,,,,
7.76726007461548e-06,1770725493.1478286,18949,6123,7.76726007461548e-06,7.767260074615479e-05,7.767260074615479e-05,6390.435077923,,,,,,,,,,,
,1770725493.2919405,18949,6124,,,,6390.575925878,220.0,0.020173214375972748,,,,,,,,,
7.744875550270081e-06,1770725496.1867433,18959,6125,7.744875550270081e-06,7.744875550270081e-05,7.744875550270081e-05,6393.473147604,,,,,,,,,,,
7.744875550270081e-06,1770725496.348591,18959,6126,7.744875550270081e-06,7.744875550270081e-05,7.744875550270081e-05,6393.632573759,,,,,,,,,,,
,1770725496.4926863,18959,6127,,,,6393.776718676,220.0,0.015351821668446064,,,,,,,,,
7.722511887550354e-06,1770725499.384638,18969,6128,7.722511887550354e-06,7.722511887550354e-05,7.722511887550354e-05,6396.671075429,,,,,,,,,,,
7.722511887550354e-06,1770725499.544534,18969,6129,7.722511887550354e-06,7.722511887550354e-05,7.722511887550354e-05,6396.831056769,,,,,,,,,,,
,1770725499.688759,18969,6130,,,,6396.97282552,220.0,0.012581144459545612,,,,,,,,,
7.700175046920776e-06,1770725502.5833983,18979,6131,7.700175046920776e-06,7.700175046920776e-05,7.700175046920776e-05,6399.867589334,,,,,,,,,,,
7.700175046920776e-06,1770725502.7433672,18979,6132,7.700175046920776e-06,7.700175046920776e-05,7.700175046920776e-05,6400.02742122,,,,,,,,,,,
,1770725502.8881364,18979,6133,,,,6400.172129214,220.0,0.019404910504817963,,,,,,,,,
7.677869498729706e-06,1770725505.7833464,18989,6134,7.677869498729706e-06,7.677869498729706e-05,7.677869498729706e-05,6403.067537068,,,,,,,,,,,
7.677869498729706e-06,1770725505.9434812,18989,6135,7.677869498729706e-06,7.677869498729706e-05,7.677869498729706e-05,6403.227498969,,,,,,,,,,,
,1770725506.0876884,18989,6136,,,,6403.371650256,220.0,0.019982146099209785,,,,,,,,,
7.655586302280426e-06,1770725508.9824817,18999,6137,7.655586302280426e-06,7.655586302280426e-05,7.655586302280426e-05,6406.266657837,,,,,,,,,,,
7.655586302280426e-06,1770725509.1421375,18999,6138,7.655586302280426e-06,7.655586302280426e-05,7.655586302280426e-05,6406.427100802,,,,,,,,,,,
,1770725509.2861395,18999,6139,,,,6406.570129769,220.0,0.01652977429330349,,,,,,,,,
,1770725512.5496438,19005,6140,,,,6409.833877891,220.0,,5.096442699432373,0.08268936723470688,5.096442222595215,0.9180039167404175,,,,,
,1770725512.5510554,19005,6141,,,,6409.834963054,220.0,,,,,,0.012627442367374897,2.3127315044403076,,,
7.633328437805176e-06,1770725513.528572,19009,6142,7.633328437805176e-06,7.633328437805176e-05,7.633328437805176e-05,6410.812729474,,,,,,,,,,,
7.633328437805176e-06,1770725513.6888688,19009,6143,7.633328437805176e-06,7.633328437805176e-05,7.633328437805176e-05,6410.976104362,,,,,,,,,,,
,1770725513.8330498,19009,6144,,,,6411.117053058,221.0,0.011515123769640923,,,,,,,,,
7.611098885536194e-06,1770725516.7269058,19019,6145,7.611098885536194e-06,7.611098885536193e-05,7.611098885536193e-05,6414.011067564,,,,,,,,,,,
7.611098885536194e-06,1770725516.8868244,19019,6146,7.611098885536194e-06,7.611098885536193e-05,7.611098885536193e-05,6414.174098153,,,,,,,,,,,
,1770725517.031003,19019,6147,,,,6414.3149869,221.0,0.013811355456709862,,,,,,,,,
7.5888991355896e-06,1770725519.9237118,19029,6148,7.5888991355896e-06,7.5888991355896e-05,7.5888991355896e-05,6417.210120369,,,,,,,,,,,
7.5888991355896e-06,1770725520.083391,19029,6149,7.5888991355896e-06,7.5888991355896e-05,7.5888991355896e-05,6417.37004922,,,,,,,,,,,
,1770725520.227778,19029,6150,,,,6417.511840705,221.0,0.01795261725783348,,,,,,,,,
7.566721737384796e-06,1770725523.123606,19039,6151,7.566721737384796e-06,7.566721737384796e-05,7.566721737384796e-05,6420.407747388,,,,,,,,,,,
7.566721737384796e-06,1770725523.2835245,19039,6152,7.566721737384796e-06,7.566721737384796e-05,7.566721737384796e-05,6420.567575187,,,,,,,,,,,
,1770725523.4277487,19039,6153,,,,6420.711741797,221.0,0.010450594127178192,,,,,,,,,
7.544571161270142e-06,1770725526.4417725,19049,6154,7.544571161270142e-06,7.544571161270142e-05,7.544571161270142e-05,6423.725954569,,,,,,,,,,,
7.544571161270142e-06,1770725526.60179,19049,6155,7.544571161270142e-06,7.544571161270142e-05,7.544571161270142e-05,6423.885826004,,,,,,,,,,,
,1770725526.7463624,19049,6156,,,,6424.030337823,221.0,0.012118224985897541,,,,,,,,,
7.522450387477875e-06,1770725529.6398377,19059,6157,7.522450387477875e-06,7.522450387477874e-05,7.522450387477874e-05,6426.927240454,,,,,,,,,,,
7.522450387477875e-06,1770725529.8028252,19059,6158,7.522450387477875e-06,7.522450387477874e-05,7.522450387477874e-05,6427.08683359,,,,,,,,,,,
,1770725529.9469259,19059,6159,,,,6427.230903984,221.0,0.01410018838942051,,,,,,,,,
7.500353455543519e-06,1770725532.8495963,19069,6160,7.500353455543519e-06,7.500353455543518e-05,7.500353455543518e-05,6430.136127518,,,,,,,,,,,
7.500353455543519e-06,1770725533.0089984,19069,6161,7.500353455543519e-06,7.500353455543518e-05,7.500353455543518e-05,6430.296065162,,,,,,,,,,,
,1770725533.1532702,19069,6162,,,,6430.437307971,221.0,0.010097267106175423,,,,,,,,,
7.4782833456993105e-06,1770725536.0473964,19079,6163,7.4782833456993105e-06,7.478283345699311e-05,7.478283345699311e-05,6433.33158457,,,,,,,,,,,
7.4782833456993105e-06,1770725536.207029,19079,6164,7.4782833456993105e-06,7.478283345699311e-05,7.478283345699311e-05,6433.491079818,,,,,,,,,,,
,1770725536.3511603,19079,6165,,,,6433.635140208,221.0,0.022355832159519196,,,,,,,,,
7.456240057945252e-06,1770725539.2429616,19089,6166,7.456240057945252e-06,7.456240057945251e-05,7.456240057945251e-05,6436.530975181,,,,,,,,,,,
7.456240057945252e-06,1770725539.4053369,19089,6167,7.456240057945252e-06,7.456240057945251e-05,7.456240057945251e-05,6436.692060343,,,,,,,,,,,
,1770725539.549213,19089,6168,,,,6436.833256962,221.0,0.012028200551867485,,,,,,,,,
,1770725541.5323555,19091,6169,,,,6438.816498942,221.0,,5.1034064292907715,0.08184873312711716,5.103405952453613,0.9188444018363953,,,,,
,1770725541.5337605,19091,6170,,,,6438.817778377,221.0,,,,,,0.01236642710864544,2.302182674407959,,,
7.4342280626297e-06,1770725543.844844,19099,6171,7.4342280626297e-06,7.4342280626297e-05,7.4342280626297e-05,6441.129044349,,,,,,,,,,,
7.4342280626297e-06,1770725544.0047421,19099,6172,7.4342280626297e-06,7.4342280626297e-05,7.4342280626297e-05,6441.291075996,,,,,,,,,,,
,1770725544.149007,19099,6173,,,,6441.433036935,222.0,0.018865535035729408,,,,,,,,,
7.4122369289398195e-06,1770725547.044002,19109,6174,7.4122369289398195e-06,7.41223692893982e-05,7.41223692893982e-05,6444.328196161,,,,,,,,,,,
7.4122369289398195e-06,1770725547.204102,19109,6175,7.4122369289398195e-06,7.41223692893982e-05,7.41223692893982e-05,6444.491080871,,,,,,,,,,,
,1770725547.348585,19109,6176,,,,6444.632609149,222.0,0.015297573059797287,,,,,,,,,
7.390274107456207e-06,1770725550.2396932,19119,6177,7.390274107456207e-06,7.390274107456208e-05,7.390274107456208e-05,6447.527083474,,,,,,,,,,,
7.390274107456207e-06,1770725550.4021013,19119,6178,7.390274107456207e-06,7.390274107456208e-05,7.390274107456208e-05,6447.689057803,,,,,,,,,,,
,1770725550.5464568,19119,6179,,,,6447.83052504,222.0,0.011995751410722733,,,,,,,,,
7.368342578411103e-06,1770725553.4393692,19129,6180,7.368342578411103e-06,7.368342578411102e-05,7.368342578411102e-05,6450.726293792,,,,,,,,,,,
7.368342578411103e-06,1770725553.6019871,19129,6181,7.368342578411103e-06,7.368342578411102e-05,7.368342578411102e-05,6450.889078291,,,,,,,,,,,
,1770725553.7462142,19129,6182,,,,6451.030234139,222.0,0.009564942680299282,,,,,,,,,
7.346433401107788e-06,1770725556.854468,19139,6183,7.346433401107788e-06,7.346433401107788e-05,7.346433401107788e-05,6454.141071868,,,,,,,,,,,
7.346433401107788e-06,1770725557.0283232,19139,6184,7.346433401107788e-06,7.346433401107788e-05,7.346433401107788e-05,6454.315062852,,,,,,,,,,,
,1770725557.174477,19139,6185,,,,6454.458648307,222.0,0.018848303705453873,,,,,,,,,
7.324551045894623e-06,1770725560.24376,19149,6186,7.324551045894623e-06,7.324551045894622e-05,7.324551045894622e-05,6457.531126374,,,,,,,,,,,
7.324551045894623e-06,1770725560.4050226,19149,6187,7.324551045894623e-06,7.324551045894622e-05,7.324551045894622e-05,6457.692050653,,,,,,,,,,,
,1770725560.5495179,19149,6188,,,,6457.833552422,222.0,0.01602451503276825,,,,,,,,,
7.3026970028877264e-06,1770725563.4414358,19159,6189,7.3026970028877264e-06,7.302697002887727e-05,7.302697002887727e-05,6460.728203792,,,,,,,,,,,
7.3026970028877264e-06,1770725563.6036496,19159,6190,7.3026970028877264e-06,7.302697002887727e-05,7.302697002887727e-05,6460.890063319,,,,,,,,,,,
,1770725563.7482605,19159,6191,,,,6461.032295677,222.0,0.007870524190366268,,,,,,,,,
7.280872762203217e-06,1770725566.7914824,19169,6192,7.280872762203217e-06,7.280872762203216e-05,7.280872762203216e-05,6464.075678966,,,,,,,,,,,
7.280872762203217e-06,1770725566.9508717,19169,6193,7.280872762203217e-06,7.280872762203216e-05,7.280872762203216e-05,6464.234912901,,,,,,,,,,,
,1770725567.0954123,19169,6194,,,,6464.379393743,222.0,0.012419532984495163,,,,,,,,,
,1770725570.9944544,19177,6195,,,,6468.278702431,222.0,,5.1184163093566895,0.08458368480205536,5.118415832519531,0.9161348342895508,,,,,
,1770725570.9961395,19177,6196,,,,6468.280078381,222.0,,,,,,0.012485367245972157,2.2999212741851807,,,
7.259072363376617e-06,1770725571.3327165,19179,6197,7.259072363376617e-06,7.259072363376617e-05,7.259072363376617e-05,6468.619197692,,,,,,,,,,,
7.259072363376617e-06,1770725571.494892,19179,6198,7.259072363376617e-06,7.259072363376617e-05,7.259072363376617e-05,6468.782080088,,,,,,,,,,,
,1770725571.6393216,19179,6199,,,,6468.923315126,223.0,0.0073945713229477406,,,,,,,,,
7.237298786640168e-06,1770725574.5292883,19189,6200,7.237298786640168e-06,7.237298786640167e-05,7.237298786640167e-05,6471.816240557,,,,,,,,,,,
7.237298786640168e-06,1770725574.691347,19189,6201,7.237298786640168e-06,7.237298786640167e-05,7.237298786640167e-05,6471.975352939,,,,,,,,,,,
,1770725574.8355355,19189,6202,,,,6472.119496323,223.0,0.005223157815635204,,,,,,,,,
7.215556502342224e-06,1770725577.781137,19199,6203,7.215556502342224e-06,7.215556502342224e-05,7.215556502342224e-05,6475.065345634,,,,,,,,,,,
7.215556502342224e-06,1770725577.9410346,19199,6204,7.215556502342224e-06,7.215556502342224e-05,7.215556502342224e-05,6475.225086081,,,,,,,,,,,
,1770725578.085105,19199,6205,,,,6475.369075103,223.0,0.016038810834288597,,,,,,,,,
7.1938365697860725e-06,1770725580.9741786,19209,6206,7.1938365697860725e-06,7.193836569786072e-05,7.193836569786072e-05,6478.261246799,,,,,,,,,,,
7.1938365697860725e-06,1770725581.1363451,19209,6207,7.1938365697860725e-06,7.193836569786072e-05,7.193836569786072e-05,6478.423103241,,,,,,,,,,,
,1770725581.2803247,19209,6208,,,,6478.564326861,223.0,0.018662896007299423,,,,,,,,,
7.172144949436188e-06,1770725584.1729643,19219,6209,7.172144949436188e-06,7.172144949436188e-05,7.172144949436188e-05,6481.460968644,,,,,,,,,,,
7.172144949436188e-06,1770725584.335236,19219,6210,7.172144949436188e-06,7.172144949436188e-05,7.172144949436188e-05,6481.622057321,,,,,,,,,,,
,1770725584.4791875,19219,6211,,,,6481.763235502,223.0,0.009984662756323814,,,,,,,,,
7.150480151176453e-06,1770725587.4026952,19229,6212,7.150480151176453e-06,7.150480151176452e-05,7.150480151176452e-05,6484.686884451,,,,,,,,,,,
7.150480151176453e-06,1770725587.5622823,19229,6213,7.150480151176453e-06,7.150480151176452e-05,7.150480151176452e-05,6484.846329283,,,,,,,,,,,
,1770725587.7067833,19229,6214,,,,6484.990758638,223.0,0.013080967590212822,,,,,,,,,
7.128846645355225e-06,1770725590.7368734,19239,6215,7.128846645355225e-06,7.128846645355224e-05,7.128846645355224e-05,6488.023237193,,,,,,,,,,,
7.128846645355225e-06,1770725590.9066818,19239,6216,7.128846645355225e-06,7.128846645355224e-05,7.128846645355224e-05,6488.193060024,,,,,,,,,,,
,1770725591.052543,19239,6217,,,,6488.336711418,223.0,0.012438766658306122,,,,,,,,,
7.1072369813919074e-06,1770725594.105162,19249,6218,7.1072369813919074e-06,7.107236981391907e-05,7.107236981391907e-05,6491.392112451,,,,,,,,,,,
7.1072369813919074e-06,1770725594.2718306,19249,6219,7.1072369813919074e-06,7.107236981391907e-05,7.107236981391907e-05,6491.558059449,,,,,,,,,,,
,1770725594.417619,19249,6220,,,,6491.701773698,223.0,0.01197432354092598,,,,,,,,,
7.085654139518738e-06,1770725597.465642,19259,6221,7.085654139518738e-06,7.085654139518738e-05,7.085654139518738e-05,6494.749862836,,,,,,,,,,,
7.085654139518738e-06,1770725597.6332603,19259,6222,7.085654139518738e-06,7.085654139518738e-05,7.085654139518738e-05,6494.91744787,,,,,,,,,,,
,1770725597.77917,19259,6223,,,,6495.063358013,223.0,0.006699597463011742,,,,,,,,,
,1770725600.5641673,19263,6224,,,,6497.848489623,223.0,,5.107105731964111,0.08320915699005127,5.1071062088012695,0.9174782037734985,,,,,
,1770725600.5670202,19263,6225,,,,6497.851255916,223.0,,,,,,0.012278852052986622,2.2879819869995117,,,
7.064102590084077e-06,1770725602.3295972,19269,6226,7.064102590084077e-06,7.064102590084076e-05,7.064102590084076e-05,6499.613833274,,,,,,,,,,,
7.064102590084077e-06,1770725602.5010943,19269,6227,7.064102590084077e-06,7.064102590084076e-05,7.064102590084076e-05,6499.785321952,,,,,,,,,,,
,1770725602.647659,19269,6228,,,,6499.931831718,224.0,0.01821177825331688,,,,,,,,,
7.042574882507325e-06,1770725605.7457418,19279,6229,7.042574882507325e-06,7.042574882507324e-05,7.042574882507324e-05,6503.032118402,,,,,,,,,,,
7.042574882507325e-06,1770725605.905521,19279,6230,7.042574882507325e-06,7.042574882507324e-05,7.042574882507324e-05,6503.189637907,,,,,,,,,,,
,1770725606.0498846,19279,6231,,,,6503.333861802,224.0,0.011833015829324722,,,,,,,,,
7.021073997020722e-06,1770725608.942316,19289,6232,7.021073997020722e-06,7.021073997020721e-05,7.021073997020721e-05,6506.229252109,,,,,,,,,,,
7.021073997020722e-06,1770725609.1057482,19289,6233,7.021073997020722e-06,7.021073997020721e-05,7.021073997020721e-05,6506.389815405,,,,,,,,,,,
,1770725609.250456,19289,6234,,,,6506.534414865,224.0,0.011794870719313622,,,,,,,,,
6.999601423740387e-06,1770725612.2111468,19299,6235,6.999601423740387e-06,6.999601423740387e-05,6.999601423740387e-05,6509.498280076,,,,,,,,,,,
6.999601423740387e-06,1770725612.3857183,19299,6236,6.999601423740387e-06,6.999601423740387e-05,6.999601423740387e-05,6509.672136007,,,,,,,,,,,
,1770725612.5315092,19299,6237,,,,6509.815670916,224.0,0.02021738514304161,,,,,,,,,
6.97816014289856e-06,1770725615.4803715,19309,6238,6.97816014289856e-06,6.97816014289856e-05,6.97816014289856e-05,6512.767098027,,,,,,,,,,,
6.97816014289856e-06,1770725615.6396513,19309,6239,6.97816014289856e-06,6.97816014289856e-05,6.97816014289856e-05,6512.92605165,,,,,,,,,,,
,1770725615.783594,19309,6240,,,,6513.067635843,224.0,0.012350408360362053,,,,,,,,,
6.9567427039146425e-06,1770725618.6771722,19319,6241,6.9567427039146425e-06,6.956742703914643e-05,6.956742703914643e-05,6515.961368184,,,,,,,,,,,
6.9567427039146425e-06,1770725618.838264,19319,6242,6.9567427039146425e-06,6.956742703914643e-05,6.956742703914643e-05,6516.122354726,,,,,,,,,,,
,1770725618.9830537,19319,6243,,,,6516.267048529,224.0,0.018195930868387222,,,,,,,,,
6.935352087020874e-06,1770725621.9477081,19329,6244,6.935352087020874e-06,6.935352087020874e-05,6.935352087020874e-05,6519.234253014,,,,,,,,,,,
6.935352087020874e-06,1770725622.1216984,19329,6245,6.935352087020874e-06,6.935352087020874e-05,6.935352087020874e-05,6519.408061384,,,,,,,,,,,
,1770725622.2677827,19329,6246,,,,6519.551934851,224.0,0.023221470415592194,,,,,,,,,
6.913994252681733e-06,1770725625.21399,19339,6247,6.913994252681733e-06,6.913994252681733e-05,6.913994252681733e-05,6522.502062096,,,,,,,,,,,
6.913994252681733e-06,1770725625.376315,19339,6248,6.913994252681733e-06,6.913994252681733e-05,6.913994252681733e-05,6522.663062379,,,,,,,,,,,
,1770725625.5202663,19339,6249,,,,6522.804307351,224.0,0.018996462225914,,,,,,,,,
6.892658770084382e-06,1770725628.4145834,19349,6250,6.892658770084382e-06,6.892658770084381e-05,6.892658770084381e-05,6525.698766014,,,,,,,,,,,
6.892658770084382e-06,1770725628.563435,19349,6251,6.892658770084382e-06,6.892658770084381e-05,6.892658770084381e-05,6525.847455269,,,,,,,,,,,
,1770725628.6199322,19349,6252,,,,6525.903879547,224.0,0.017888467758893967,,,,,,,,,
,1770725630.062382,19349,6253,,,,6527.34657165,224.0,,5.117941856384277,0.08199033886194229,5.1179423332214355,0.9187170267105103,,,,,
,1770725630.064001,19349,6254,,,,6527.347908943,224.0,,,,,,0.01272555347532034,2.323209285736084,,,
6.8713515996932984e-06,1770725633.1043673,19359,6255,6.8713515996932984e-06,6.871351599693298e-05,6.871351599693298e-05,6530.391270413,,,,,,,,,,,
6.8713515996932984e-06,1770725633.2685516,19359,6256,6.8713515996932984e-06,6.871351599693298e-05,6.871351599693298e-05,6530.552604889,,,,,,,,,,,
,1770725633.4130602,19359,6257,,,,6530.697024398,225.0,0.011777049861848354,,,,,,,,,
6.850075721740723e-06,1770725636.3096726,19369,6258,6.850075721740723e-06,6.850075721740722e-05,6.850075721740722e-05,6533.595177952,,,,,,,,,,,
6.850075721740723e-06,1770725636.4697251,19369,6259,6.850075721740723e-06,6.850075721740722e-05,6.850075721740722e-05,6533.756073948,,,,,,,,,,,
,1770725636.6140215,19369,6260,,,,6533.897983801,225.0,0.014214200899004936,,,,,,,,,
6.8288236856460574e-06,1770725639.5057616,19379,6261,6.8288236856460574e-06,6.828823685646057e-05,6.828823685646057e-05,6536.789954959,,,,,,,,,,,
6.8288236856460574e-06,1770725639.6658127,19379,6262,6.8288236856460574e-06,6.828823685646057e-05,6.828823685646057e-05,6536.949861887,,,,,,,,,,,
,1770725639.8099794,19379,6263,,,,6537.093972812,225.0,0.011050039902329445,,,,,,,,,
6.80759996175766e-06,1770725642.8432992,19389,6264,6.80759996175766e-06,6.80759996175766e-05,6.80759996175766e-05,6540.131077044,,,,,,,,,,,
6.80759996175766e-06,1770725643.0051634,19389,6265,6.80759996175766e-06,6.80759996175766e-05,6.80759996175766e-05,6540.292056225,,,,,,,,,,,
,1770725643.1488268,19389,6266,,,,6540.43285824,225.0,0.006775611080229282,,,,,,,,,
6.786404550075531e-06,1770725646.0403311,19399,6267,6.786404550075531e-06,6.786404550075532e-05,6.786404550075532e-05,6543.324483458,,,,,,,,,,,
6.786404550075531e-06,1770725646.2005029,19399,6268,6.786404550075531e-06,6.786404550075532e-05,6.786404550075532e-05,6543.484579841,,,,,,,,,,,
,1770725646.3447728,19399,6269,,,,6543.628775323,225.0,0.013375183567404747,,,,,,,,,
6.7652404308319096e-06,1770725649.3492942,19409,6270,6.7652404308319096e-06,6.765240430831909e-05,6.765240430831909e-05,6546.636090962,,,,,,,,,,,
6.7652404308319096e-06,1770725649.5085115,19409,6271,6.7652404308319096e-06,6.765240430831909e-05,6.765240430831909e-05,6546.795051706,,,,,,,,,,,
,1770725649.652851,19409,6272,,,,6546.936893767,225.0,0.012457609176635742,,,,,,,,,
6.744100153446198e-06,1770725652.7369514,19419,6273,6.744100153446198e-06,6.744100153446198e-05,6.744100153446198e-05,6550.024121803,,,,,,,,,,,
6.744100153446198e-06,1770725652.8960946,19419,6274,6.744100153446198e-06,6.744100153446198e-05,6.744100153446198e-05,6550.183063288,,,,,,,,,,,
,1770725653.0400271,19419,6275,,,,6550.32405637,225.0,0.0143996961414814,,,,,,,,,
6.722988188266754e-06,1770725655.9302917,19429,6276,6.722988188266754e-06,6.722988188266755e-05,6.722988188266755e-05,6553.21448795,,,,,,,,,,,
6.722988188266754e-06,1770725656.089857,19429,6277,6.722988188266754e-06,6.722988188266755e-05,6.722988188266755e-05,6553.373920444,,,,,,,,,,,
,1770725656.2344756,19429,6278,,,,6553.518475107,225.0,0.010503820143640041,,,,,,,,,
,1770725659.49606,19435,6279,,,,6556.78033449,225.0,,5.113726615905762,0.08337686210870743,5.1137261390686035,0.9173223972320557,,,,,
,1770725659.4977782,19435,6280,,,,6556.781715949,225.0,,,,,,0.012111029587686062,2.274729013442993,,,
6.701907515525818e-06,1770725660.5439029,19439,6281,6.701907515525818e-06,6.701907515525819e-05,6.701907515525819e-05,6557.830126783,,,,,,,,,,,
6.701907515525818e-06,1770725660.7153873,19439,6282,6.701907515525818e-06,6.701907515525819e-05,6.701907515525819e-05,6558.002061813,,,,,,,,,,,
,1770725660.8613648,19439,6283,,,,6558.145434146,226.0,0.007109228987246752,,,,,,,,,
6.680850684642792e-06,1770725663.8114812,19449,6284,6.680850684642792e-06,6.680850684642792e-05,6.680850684642792e-05,6561.095692895,,,,,,,,,,,
6.680850684642792e-06,1770725663.9708238,19449,6285,6.680850684642792e-06,6.680850684642792e-05,6.680850684642792e-05,6561.254872908,,,,,,,,,,,
,1770725664.1153626,19449,6286,,,,6561.399342122,226.0,0.015312235802412033,,,,,,,,,
6.659822165966034e-06,1770725667.0051575,19459,6287,6.659822165966034e-06,6.659822165966034e-05,6.659822165966034e-05,6564.289342332,,,,,,,,,,,
6.659822165966034e-06,1770725667.1645975,19459,6288,6.659822165966034e-06,6.659822165966034e-05,6.659822165966034e-05,6564.448645271,,,,,,,,,,,
,1770725667.3093383,19459,6289,,,,6564.593338652,226.0,0.016394637525081635,,,,,,,,,
6.638821959495544e-06,1770725670.272557,19469,6290,6.638821959495544e-06,6.638821959495545e-05,6.638821959495545e-05,6567.559123917,,,,,,,,,,,
6.638821959495544e-06,1770725670.4410844,19469,6291,6.638821959495544e-06,6.638821959495545e-05,6.638821959495545e-05,6567.728056518,,,,,,,,,,,
,1770725670.5868752,19469,6292,,,,6567.871079396,226.0,0.016423434019088745,,,,,,,,,
6.617853045463562e-06,1770725673.5440376,19479,6293,6.617853045463562e-06,6.617853045463562e-05,6.617853045463562e-05,6570.832066789,,,,,,,,,,,
6.617853045463562e-06,1770725673.7061834,19479,6294,6.617853045463562e-06,6.617853045463562e-05,6.617853045463562e-05,6570.993061064,,,,,,,,,,,
,1770725673.850503,19479,6295,,,,6571.1345481,226.0,0.012367650866508484,,,,,,,,,
6.59690946340561e-06,1770725676.7410645,19489,6296,6.59690946340561e-06,6.596909463405609e-05,6.596909463405609e-05,6574.025250325,,,,,,,,,,,
6.59690946340561e-06,1770725676.9005888,19489,6297,6.59690946340561e-06,6.596909463405609e-05,6.596909463405609e-05,6574.184628677,,,,,,,,,,,
,1770725677.0452592,19489,6298,,,,6574.329262228,226.0,0.01134220790117979,,,,,,,,,
6.575994193553925e-06,1770725680.0059702,19499,6299,6.575994193553925e-06,6.575994193553924e-05,6.575994193553924e-05,6577.291167844,,,,,,,,,,,
6.575994193553925e-06,1770725680.1781447,19499,6300,6.575994193553925e-06,6.575994193553924e-05,6.575994193553924e-05,6577.465129473,,,,,,,,,,,
,1770725680.3240283,19499,6301,,,,6577.608199281,226.0,0.010517483577132225,,,,,,,,,
6.555110216140747e-06,1770725683.280469,19509,6302,6.555110216140747e-06,6.555110216140748e-05,6.555110216140748e-05,6580.568119478,,,,,,,,,,,
6.555110216140747e-06,1770725683.4422965,19509,6303,6.555110216140747e-06,6.555110216140748e-05,6.555110216140748e-05,6580.726271605,,,,,,,,,,,
,1770725683.5868309,19509,6304,,,,6580.870878616,226.0,0.008069658651947975,,,,,,,,,
6.53425008058548e-06,1770725686.477635,19519,6305,6.53425008058548e-06,6.534250080585479e-05,6.534250080585479e-05,6583.761830166,,,,,,,,,,,
6.53425008058548e-06,1770725686.6371727,19519,6306,6.53425008058548e-06,6.534250080585479e-05,6.534250080585479e-05,6583.921274287,,,,,,,,,,,
,1770725686.7818067,19519,6307,,,,6584.065790512,226.0,0.01616802252829075,,,,,,,,,
,1770725688.7655182,19521,6308,,,,6586.049788369,226.0,,5.056567192077637,0.08089454472064972,5.0565667152404785,0.9197859764099121,,,,,
,1770725688.767477,19521,6309,,,,6586.051449159,226.0,,,,,,0.012096832506358624,2.2622363567352295,,,
6.513418257236481e-06,1770725691.1598883,19529,6310,6.513418257236481e-06,6.513418257236481e-05,6.513418257236481e-05,6588.444073703,,,,,,,,,,,
6.513418257236481e-06,1770725691.3193617,19529,6311,6.513418257236481e-06,6.513418257236481e-05,6.513418257236481e-05,6588.60607348,,,,,,,,,,,
,1770725691.4638586,19529,6312,,,,6588.747873948,227.0,0.012519653886556625,,,,,,,,,
6.49261623620987e-06,1770725694.3527076,19539,6313,6.49261623620987e-06,6.49261623620987e-05,6.49261623620987e-05,6591.640088688,,,,,,,,,,,
6.49261623620987e-06,1770725694.5142882,19539,6314,6.49261623620987e-06,6.49261623620987e-05,6.49261623620987e-05,6591.801060278,,,,,,,,,,,
,1770725694.658874,19539,6315,,,,6591.942942038,227.0,0.018207719549536705,,,,,,,,,
6.471845507621766e-06,1770725697.5532258,19549,6316,6.471845507621766e-06,6.471845507621765e-05,6.471845507621765e-05,6594.83741127,,,,,,,,,,,
6.471845507621766e-06,1770725697.7137024,19549,6317,6.471845507621766e-06,6.471845507621765e-05,6.471845507621765e-05,6594.9977911,,,,,,,,,,,
,1770725697.8585227,19549,6318,,,,6595.142505513,227.0,0.009399083442986012,,,,,,,,,
6.451098620891571e-06,1770725700.7494442,19559,6319,6.451098620891571e-06,6.451098620891571e-05,6.451098620891571e-05,6598.036249934,,,,,,,,,,,
6.451098620891571e-06,1770725700.9117274,19559,6320,6.451098620891571e-06,6.451098620891571e-05,6.451098620891571e-05,6598.198095359,,,,,,,,,,,
,1770725701.0563438,19559,6321,,,,6598.340365924,227.0,0.010954486206173897,,,,,,,,,
6.4303800463676455e-06,1770725703.9483716,19569,6322,6.4303800463676455e-06,6.430380046367646e-05,6.430380046367646e-05,6601.236069133,,,,,,,,,,,
6.4303800463676455e-06,1770725704.1103828,19569,6323,6.4303800463676455e-06,6.430380046367646e-05,6.430380046367646e-05,6601.39706524,,,,,,,,,,,
,1770725704.2545366,19569,6324,,,,6601.538586958,227.0,0.015174681320786476,,,,,,,,,
6.409695744514465e-06,1770725707.1480334,19579,6325,6.409695744514465e-06,6.409695744514466e-05,6.409695744514466e-05,6604.43223234,,,,,,,,,,,
6.409695744514465e-06,1770725707.307512,19579,6326,6.409695744514465e-06,6.409695744514466e-05,6.409695744514466e-05,6604.594072377,,,,,,,,,,,
,1770725707.452095,19579,6327,,,,6604.736111083,227.0,0.011503506451845169,,,,,,,,,
6.3890337944030764e-06,1770725710.3436983,19589,6328,6.3890337944030764e-06,6.389033794403076e-05,6.389033794403076e-05,6607.630247513,,,,,,,,,,,
6.3890337944030764e-06,1770725710.505929,19589,6329,6.3890337944030764e-06,6.389033794403076e-05,6.389033794403076e-05,6607.793089198,,,,,,,,,,,
,1770725710.6501694,19589,6330,,,,6607.934165816,227.0,0.015962716192007065,,,,,,,,,
6.368401646614075e-06,1770725713.5432582,19599,6331,6.368401646614075e-06,6.368401646614074e-05,6.368401646614074e-05,6610.830241074,,,,,,,,,,,
6.368401646614075e-06,1770725713.7061727,19599,6332,6.368401646614075e-06,6.368401646614074e-05,6.368401646614074e-05,6610.993092543,,,,,,,,,,,
,1770725713.850753,19599,6333,,,,6611.134759259,227.0,0.015493200160562992,,,,,,,,,
,1770725717.7541015,19607,6334,,,,6615.038147718,227.0,,5.147555828094482,0.08468088507652283,5.147555828094482,0.9160299301147461,,,,,
,1770725717.7554367,19607,6335,,,,6615.039593984,227.0,,,,,,0.012577325105667114,2.322404623031616,,,
6.347796320915222e-06,1770725718.0939105,19609,6336,6.347796320915222e-06,6.347796320915222e-05,6.347796320915222e-05,6615.381911266,,,,,,,,,,,
6.347796320915222e-06,1770725718.2560723,19609,6337,6.347796320915222e-06,6.347796320915222e-05,6.347796320915222e-05,6615.543053042,,,,,,,,,,,
,1770725718.4001403,19609,6338,,,,6615.684208459,228.0,0.019590329378843307,,,,,,,,,
6.327225267887116e-06,1770725721.2924368,19619,6339,6.327225267887116e-06,6.327225267887115e-05,6.327225267887115e-05,6618.576536637,,,,,,,,,,,
6.327225267887116e-06,1770725721.452826,19619,6340,6.327225267887116e-06,6.327225267887115e-05,6.327225267887115e-05,6618.736881443,,,,,,,,,,,
,1770725721.5970302,19619,6341,,,,6618.881019779,228.0,0.005328799597918987,,,,,,,,,
6.3066780567169195e-06,1770725724.4904008,19629,6342,6.3066780567169195e-06,6.306678056716919e-05,6.306678056716919e-05,6621.777264391,,,,,,,,,,,
6.3066780567169195e-06,1770725724.6527517,19629,6343,6.3066780567169195e-06,6.306678056716919e-05,6.306678056716919e-05,6621.936778317,,,,,,,,,,,
,1770725724.7968738,19629,6344,,,,6622.080858536,228.0,0.01227821409702301,,,,,,,,,
6.286159157752991e-06,1770725727.6916628,19639,6345,6.286159157752991e-06,6.28615915775299e-05,6.28615915775299e-05,6624.975859656,,,,,,,,,,,
6.286159157752991e-06,1770725727.8512838,19639,6346,6.286159157752991e-06,6.28615915775299e-05,6.28615915775299e-05,6625.135333722,,,,,,,,,,,
,1770725727.9955816,19639,6347,,,,6625.27956653,228.0,0.012468403205275536,,,,,,,,,
6.2656745314598085e-06,1770725730.9412603,19649,6348,6.2656745314598085e-06,6.265674531459809e-05,6.265674531459809e-05,6628.229099189,,,,,,,,,,,
6.2656745314598085e-06,1770725731.103594,19649,6349,6.2656745314598085e-06,6.265674531459809e-05,6.265674531459809e-05,6628.390062987,,,,,,,,,,,
,1770725731.2481582,19649,6350,,,,6628.532211518,228.0,0.017556872218847275,,,,,,,,,
6.245212256908417e-06,1770725734.1432893,19659,6351,6.245212256908417e-06,6.245212256908417e-05,6.245212256908417e-05,6631.43107413,,,,,,,,,,,
6.245212256908417e-06,1770725734.3052807,19659,6352,6.245212256908417e-06,6.245212256908417e-05,6.245212256908417e-05,6631.592060572,,,,,,,,,,,
,1770725734.44928,19659,6353,,,,6631.733339554,228.0,0.011897535063326359,,,,,,,,,
6.224779784679413e-06,1770725737.3482323,19669,6354,6.224779784679413e-06,6.224779784679413e-05,6.224779784679413e-05,6634.632421375,,,,,,,,,,,
6.224779784679413e-06,1770725737.5081973,19669,6355,6.224779784679413e-06,6.224779784679413e-05,6.224779784679413e-05,6634.792252809,,,,,,,,,,,
,1770725737.653083,19669,6356,,,,6634.93707232,228.0,0.016877636313438416,,,,,,,,,
6.204380095005035e-06,1770725740.5437028,19679,6357,6.204380095005035e-06,6.204380095005036e-05,6.204380095005036e-05,6637.831095066,,,,,,,,,,,
6.204380095005035e-06,1770725740.7055824,19679,6358,6.204380095005035e-06,6.204380095005036e-05,6.204380095005036e-05,6637.992051643,,,,,,,,,,,
,1770725740.8498185,19679,6359,,,,6638.133880554,228.0,0.01358414813876152,,,,,,,,,
6.1840057373046874e-06,1770725743.7449641,19689,6360,6.1840057373046874e-06,6.184005737304688e-05,6.184005737304688e-05,6641.032993401,,,,,,,,,,,
6.1840057373046874e-06,1770725743.9075172,19689,6361,6.1840057373046874e-06,6.184005737304688e-05,6.184005737304688e-05,6641.19406476,,,,,,,,,,,
,1770725744.0518146,19689,6362,,,,6641.335866219,228.0,0.010891886427998543,,,,,,,,,
,1770725746.675936,19693,6363,,,,6643.960199828,228.0,,5.147291660308838,0.08394837379455566,5.14729118347168,0.9167571067810059,,,,,
,1770725746.6776302,19693,6364,,,,6643.96157694,228.0,,,,,,0.012403523549437523,2.312844753265381,,,
6.163659691810608e-06,1770725748.2934625,19699,6365,6.163659691810608e-06,6.163659691810608e-05,6.163659691810608e-05,6645.581090321,,,,,,,,,,,
6.163659691810608e-06,1770725748.4555025,19699,6366,6.163659691810608e-06,6.163659691810608e-05,6.163659691810608e-05,6645.742058976,,,,,,,,,,,
,1770725748.5996385,19699,6367,,,,6645.883681666,229.0,0.008814393542706966,,,,,,,,,
6.143341958522797e-06,1770725751.4933913,19709,6368,6.143341958522797e-06,6.143341958522796e-05,6.143341958522796e-05,6648.777533424,,,,,,,,,,,
6.143341958522797e-06,1770725751.6533039,19709,6369,6.143341958522797e-06,6.143341958522796e-05,6.143341958522796e-05,6648.937351598,,,,,,,,,,,
,1770725751.797527,19709,6370,,,,6649.081502603,229.0,0.007220741361379623,,,,,,,,,
6.123057007789612e-06,1770725754.6932786,19719,6371,6.123057007789612e-06,6.123057007789613e-05,6.123057007789613e-05,6651.981099327,,,,,,,,,,,
6.123057007789612e-06,1770725754.8553686,19719,6372,6.123057007789612e-06,6.123057007789613e-05,6.123057007789613e-05,6652.142063175,,,,,,,,,,,
,1770725754.999503,19719,6373,,,,6652.283554717,229.0,0.01545027643442154,,,,,,,,,
6.102797389030457e-06,1770725757.8934102,19729,6374,6.102797389030457e-06,6.1027973890304566e-05,6.1027973890304566e-05,6655.177596361,,,,,,,,,,,
6.102797389030457e-06,1770725758.053188,19729,6375,6.102797389030457e-06,6.1027973890304566e-05,6.1027973890304566e-05,6655.337233532,,,,,,,,,,,
,1770725758.1973608,19729,6376,,,,6655.481345878,229.0,0.010088405571877956,,,,,,,,,
6.0825660824775695e-06,1770725761.0899103,19739,6377,6.0825660824775695e-06,6.08256608247757e-05,6.08256608247757e-05,6658.377973383,,,,,,,,,,,
6.0825660824775695e-06,1770725761.252704,19739,6378,6.0825660824775695e-06,6.08256608247757e-05,6.08256608247757e-05,6658.539064262,,,,,,,,,,,
,1770725761.3970063,19739,6379,,,,6658.681065652,229.0,0.012721729464828968,,,,,,,,,
6.062369048595429e-06,1770725764.2929318,19749,6380,6.062369048595429e-06,6.062369048595429e-05,6.062369048595429e-05,6661.580254992,,,,,,,,,,,
6.062369048595429e-06,1770725764.45591,19749,6381,6.062369048595429e-06,6.062369048595429e-05,6.062369048595429e-05,6661.743075805,,,,,,,,,,,
,1770725764.6001432,19749,6382,,,,6661.884191371,229.0,0.008304852992296219,,,,,,,,,
6.042195856571198e-06,1770725767.49514,19759,6383,6.042195856571198e-06,6.042195856571198e-05,6.042195856571198e-05,6664.779343155,,,,,,,,,,,
6.042195856571198e-06,1770725767.6544626,19759,6384,6.042195856571198e-06,6.042195856571198e-05,6.042195856571198e-05,6664.938502867,,,,,,,,,,,
,1770725767.798741,19759,6385,,,,6665.082711599,229.0,0.007227229420095682,,,,,,,,,
6.0220524668693544e-06,1770725770.689254,19769,6386,6.0220524668693544e-06,6.0220524668693544e-05,6.0220524668693544e-05,6667.977096728,,,,,,,,,,,
6.0220524668693544e-06,1770725770.851523,19769,6387,6.0220524668693544e-06,6.0220524668693544e-05,6.0220524668693544e-05,6668.138058433,,,,,,,,,,,
,1770725770.9957402,19769,6388,,,,6668.279794203,229.0,0.013295411132276058,,,,,,,,,
6.00193738937378e-06,1770725773.8903182,19779,6389,6.00193738937378e-06,6.001937389373779e-05,6.001937389373779e-05,6671.178095956,,,,,,,,,,,
6.00193738937378e-06,1770725774.0416265,19779,6390,6.00193738937378e-06,6.001937389373779e-05,6.001937389373779e-05,6671.325693818,,,,,,,,,,,
,1770725774.0983984,19779,6391,,,,6671.382342253,229.0,0.02220875583589077,,,,,,,,,
,1770725775.5409727,19779,6392,,,,6672.825149964,229.0,,5.1271162033081055,0.08358459919691086,5.1271162033081055,0.9171116948127747,,,,,
,1770725775.5425868,19779,6393,,,,6672.826509179,229.0,,,,,,0.011875784955918789,2.261199712753296,,,
5.9818550944328315e-06,1770725778.6395447,19789,6394,5.9818550944328315e-06,5.981855094432831e-05,5.981855094432831e-05,6675.926242964,,,,,,,,,,,
5.9818550944328315e-06,1770725778.8183913,19789,6395,5.9818550944328315e-06,5.981855094432831e-05,5.981855094432831e-05,6676.105056054,,,,,,,,,,,
,1770725778.9650097,19789,6396,,,,6676.24912128,230.0,0.012468203902244568,,,,,,,,,
5.9617981314659125e-06,1770725782.032725,19799,6397,5.9617981314659125e-06,5.961798131465912e-05,5.961798131465912e-05,6679.319252633,,,,,,,,,,,
5.9617981314659125e-06,1770725782.194768,19799,6398,5.9617981314659125e-06,5.961798131465912e-05,5.961798131465912e-05,6679.481065058,,,,,,,,,,,
,1770725782.3387861,19799,6399,,,,6679.622788389,230.0,0.009317684918642044,,,,,,,,,
5.9417709708213805e-06,1770725785.2305768,19809,6400,5.9417709708213805e-06,5.9417709708213805e-05,5.9417709708213805e-05,6682.518103266,,,,,,,,,,,
5.9417709708213805e-06,1770725785.3924787,19809,6401,5.9417709708213805e-06,5.9417709708213805e-05,5.9417709708213805e-05,6682.679060114,,,,,,,,,,,
,1770725785.5366848,19809,6402,,,,6682.820733369,230.0,0.014111002907156944,,,,,,,,,
5.921776592731476e-06,1770725788.428395,19819,6403,5.921776592731476e-06,5.921776592731476e-05,5.921776592731476e-05,6685.712576241,,,,,,,,,,,
5.921776592731476e-06,1770725788.6155283,19819,6404,5.921776592731476e-06,5.921776592731476e-05,5.921776592731476e-05,6685.899730124,,,,,,,,,,,
,1770725788.7602477,19819,6405,,,,6686.044216584,230.0,0.010440554469823837,,,,,,,,,
5.901807546615601e-06,1770725791.650101,19829,6406,5.901807546615601e-06,5.9018075466156005e-05,5.9018075466156005e-05,6688.937251349,,,,,,,,,,,
5.901807546615601e-06,1770725791.812117,19829,6407,5.901807546615601e-06,5.9018075466156005e-05,5.9018075466156005e-05,6689.096137299,,,,,,,,,,,
,1770725791.9564886,19829,6408,,,,6689.240456547,230.0,0.013539418578147888,,,,,,,,,
5.881866812705994e-06,1770725794.8499618,19839,6409,5.881866812705994e-06,5.8818668127059935e-05,5.8818668127059935e-05,6692.13799498,,,,,,,,,,,
5.881866812705994e-06,1770725795.0122964,19839,6410,5.881866812705994e-06,5.8818668127059935e-05,5.8818668127059935e-05,6692.299061072,,,,,,,,,,,
,1770725795.1568935,19839,6411,,,,6692.440932766,230.0,0.014863977208733559,,,,,,,,,
5.861955881118775e-06,1770725798.0498998,19849,6412,5.861955881118775e-06,5.861955881118775e-05,5.861955881118775e-05,6695.337111803,,,,,,,,,,,
5.861955881118775e-06,1770725798.2089763,19849,6413,5.861955881118775e-06,5.861955881118775e-05,5.861955881118775e-05,6695.496066777,,,,,,,,,,,
,1770725798.3531718,19849,6414,,,,6695.637210636,230.0,0.017829529941082,,,,,,,,,
5.842079222202302e-06,1770725801.2436485,19859,6415,5.842079222202302e-06,5.842079222202301e-05,5.842079222202301e-05,6698.5310892,,,,,,,,,,,
5.842079222202302e-06,1770725801.405251,19859,6416,5.842079222202302e-06,5.842079222202301e-05,5.842079222202301e-05,6698.69205498,,,,,,,,,,,
,1770725801.549603,19859,6417,,,,6698.833645632,230.0,0.018192347139120102,,,,,,,,,
,1770725804.8069284,19865,6418,,,,6702.091171258,230.0,,5.1774187088012695,0.08484398573637009,5.177418231964111,0.9158757328987122,,,,,
,1770725804.8085895,19865,6419,,,,6702.092522862,230.0,,,,,,0.01278306357562542,2.333712100982666,,,
5.822226405143738e-06,1770725805.7846808,19869,6420,5.822226405143738e-06,5.822226405143738e-05,5.822226405143738e-05,6703.071239512,,,,,,,,,,,
5.822226405143738e-06,1770725805.946659,19869,6421,5.822226405143738e-06,5.822226405143738e-05,5.822226405143738e-05,6703.230725756,,,,,,,,,,,
,1770725806.0914822,19869,6422,,,,6703.375457615,231.0,0.0104912631213665,,,,,,,,,
5.802403390407562e-06,1770725808.9814732,19879,6423,5.802403390407562e-06,5.8024033904075625e-05,5.8024033904075625e-05,6706.269082767,,,,,,,,,,,
5.802403390407562e-06,1770725809.1431065,19879,6424,5.802403390407562e-06,5.8024033904075625e-05,5.8024033904075625e-05,6706.430057271,,,,,,,,,,,
,1770725809.2874005,19879,6425,,,,6706.571432347,231.0,0.01244298741221428,,,,,,,,,
5.782614648342133e-06,1770725812.303945,19889,6426,5.782614648342133e-06,5.7826146483421325e-05,5.7826146483421325e-05,6709.590281409,,,,,,,,,,,
5.782614648342133e-06,1770725812.4741936,19889,6427,5.782614648342133e-06,5.7826146483421325e-05,5.7826146483421325e-05,6709.761085236,,,,,,,,,,,
,1770725812.6201324,19889,6428,,,,6709.904274302,231.0,0.008895264938473701,,,,,,,,,
5.762849748134614e-06,1770725815.6947668,19899,6429,5.762849748134614e-06,5.7628497481346134e-05,5.7628497481346134e-05,6712.982108615,,,,,,,,,,,
5.762849748134614e-06,1770725815.8644724,19899,6430,5.762849748134614e-06,5.7628497481346134e-05,5.7628497481346134e-05,6713.148669116,,,,,,,,,,,
,1770725816.010488,19899,6431,,,,6713.294658116,231.0,0.014583945274353027,,,,,,,,,
5.743116140365601e-06,1770725819.0670345,19909,6432,5.743116140365601e-06,5.7431161403656004e-05,5.7431161403656004e-05,6716.354142332,,,,,,,,,,,
5.743116140365601e-06,1770725819.2336867,19909,6433,5.743116140365601e-06,5.7431161403656004e-05,5.7431161403656004e-05,6716.517860645,,,,,,,,,,,
,1770725819.3791952,19909,6434,,,,6716.663330344,231.0,0.013920566067099571,,,,,,,,,
5.723410844802857e-06,1770725822.5180206,19919,6435,5.723410844802857e-06,5.723410844802857e-05,5.723410844802857e-05,6719.804299784,,,,,,,,,,,
5.723410844802857e-06,1770725822.692633,19919,6436,5.723410844802857e-06,5.723410844802857e-05,5.723410844802857e-05,6719.97687774,,,,,,,,,,,
,1770725822.8391168,19919,6437,,,,6720.123308085,231.0,0.01361533161252737,,,,,,,,,
5.703738331794739e-06,1770725825.972504,19929,6438,5.703738331794739e-06,5.703738331794739e-05,5.703738331794739e-05,6723.259064308,,,,,,,,,,,
5.703738331794739e-06,1770725826.1426091,19929,6439,5.703738331794739e-06,5.703738331794739e-05,5.703738331794739e-05,6723.42905419,,,,,,,,,,,
,1770725826.288375,19929,6440,,,,6723.572541135,231.0,0.00913737341761589,,,,,,,,,
5.6840926408767705e-06,1770725829.2175918,19939,6441,5.6840926408767705e-06,5.68409264087677e-05,5.68409264087677e-05,6726.504111111,,,,,,,,,,,
5.6840926408767705e-06,1770725829.3771677,19939,6442,5.6840926408767705e-06,5.68409264087677e-05,5.68409264087677e-05,6726.664055805,,,,,,,,,,,
,1770725829.5212572,19939,6443,,,,6726.805293765,231.0,0.02151893451809883,,,,,,,,,
5.66447526216507e-06,1770725832.4697428,19949,6444,5.66447526216507e-06,5.66447526216507e-05,5.66447526216507e-05,6729.756087042,,,,,,,,,,,
5.66447526216507e-06,1770725832.6407065,19949,6445,5.66447526216507e-06,5.66447526216507e-05,5.66447526216507e-05,6729.927068466,,,,,,,,,,,
,1770725832.7869503,19949,6446,,,,6730.071134282,231.0,0.007733128033578396,,,,,,,,,
,1770725834.8287754,19951,6447,,,,6732.113000882,231.0,,5.064631462097168,0.08191713690757751,5.06463098526001,0.9187635183334351,,,,,
,1770725834.8304746,19951,6448,,,,6732.114399517,231.0,,,,,,0.012494749389588833,2.308255910873413,,,
5.644892156124116e-06,1770725837.0819945,19959,6449,5.644892156124116e-06,5.644892156124115e-05,5.644892156124115e-05,6734.366181935,,,,,,,,,,,
5.644892156124116e-06,1770725837.2412672,19959,6450,5.644892156124116e-06,5.644892156124115e-05,5.644892156124115e-05,6734.528082272,,,,,,,,,,,
,1770725837.3852487,19959,6451,,,,6734.669262376,232.0,0.004309795796871185,,,,,,,,,
5.6253358721733096e-06,1770725840.2797303,19969,6452,5.6253358721733096e-06,5.6253358721733096e-05,5.6253358721733096e-05,6737.56710376,,,,,,,,,,,
5.6253358721733096e-06,1770725840.4410932,19969,6453,5.6253358721733096e-06,5.6253358721733096e-05,5.6253358721733096e-05,6737.728054798,,,,,,,,,,,
,1770725840.5851374,19969,6454,,,,6737.869198407,232.0,0.010466573759913445,,,,,,,,,
5.605807900428772e-06,1770725843.5605123,19979,6455,5.605807900428772e-06,5.605807900428772e-05,5.605807900428772e-05,6740.844732207,,,,,,,,,,,
5.605807900428772e-06,1770725843.7316113,19979,6456,5.605807900428772e-06,5.605807900428772e-05,5.605807900428772e-05,6741.015810887,,,,,,,,,,,
,1770725843.8777847,19979,6457,,,,6741.161963243,232.0,0.008650030009448528,,,,,,,,,
5.586312711238861e-06,1770725846.8532493,19989,6458,5.586312711238861e-06,5.586312711238861e-05,5.586312711238861e-05,6744.137383241,,,,,,,,,,,
5.586312711238861e-06,1770725847.0131838,19989,6459,5.586312711238861e-06,5.586312711238861e-05,5.586312711238861e-05,6744.300090713,,,,,,,,,,,
,1770725847.157722,19989,6460,,,,6744.441752271,232.0,0.00993314664810896,,,,,,,,,
5.5668443441390995e-06,1770725850.0594296,19999,6461,5.5668443441390995e-06,5.566844344139099e-05,5.566844344139099e-05,6747.343609708,,,,,,,,,,,
5.5668443441390995e-06,1770725850.219158,19999,6462,5.5668443441390995e-06,5.566844344139099e-05,5.566844344139099e-05,6747.503197785,,,,,,,,,,,
,1770725850.3638046,19999,6463,,,,6747.647829423,232.0,0.0157757755368948,,,,,,,,,
5.547405779361725e-06,1770725853.260839,20009,6464,5.547405779361725e-06,5.547405779361725e-05,5.547405779361725e-05,6750.544993026,,,,,,,,,,,
5.547405779361725e-06,1770725853.4207523,20009,6465,5.547405779361725e-06,5.547405779361725e-05,5.547405779361725e-05,6750.70709057,,,,,,,,,,,
,1770725853.5657356,20009,6466,,,,6750.850044733,232.0,0.013124276883900166,,,,,,,,,
5.527997016906738e-06,1770725856.4656003,20019,6467,5.527997016906738e-06,5.527997016906739e-05,5.527997016906739e-05,6753.752110233,,,,,,,,,,,
5.527997016906738e-06,1770725856.6245995,20019,6468,5.527997016906738e-06,5.527997016906739e-05,5.527997016906739e-05,6753.91107365,,,,,,,,,,,
,1770725856.7689471,20019,6469,,,,6754.05292232,232.0,0.008701225742697716,,,,,,,,,
5.508622527122498e-06,1770725859.6675887,20029,6470,5.508622527122498e-06,5.5086225271224974e-05,5.5086225271224974e-05,6756.951757118,,,,,,,,,,,
5.508622527122498e-06,1770725859.828226,20029,6471,5.508622527122498e-06,5.5086225271224974e-05,5.5086225271224974e-05,6757.112322435,,,,,,,,,,,
,1770725859.973205,20029,6472,,,,6757.257249357,232.0,0.00998992845416069,,,,,,,,,
,1770725863.8800154,20037,6473,,,,6761.164253309,232.0,,5.142685890197754,0.08392320573329926,5.142685413360596,0.9167770743370056,,,,,
,1770725863.8814497,20037,6474,,,,6761.165431602,232.0,,,,,,0.012167444452643394,2.2710704803466797,,,
5.489273369312287e-06,1770725864.218829,20039,6475,5.489273369312287e-06,5.489273369312287e-05,5.489273369312287e-05,6761.502913165,,,,,,,,,,,
5.489273369312287e-06,1770725864.3785577,20039,6476,5.489273369312287e-06,5.489273369312287e-05,5.489273369312287e-05,6761.665080994,,,,,,,,,,,
,1770725864.5235126,20039,6477,,,,6761.807521615,233.0,0.014304693788290024,,,,,,,,,
5.469952523708344e-06,1770725867.4223216,20049,6478,5.469952523708344e-06,5.469952523708343e-05,5.469952523708343e-05,6764.706475561,,,,,,,,,,,
5.469952523708344e-06,1770725867.5822372,20049,6479,5.469952523708344e-06,5.469952523708343e-05,5.469952523708343e-05,6764.866261856,,,,,,,,,,,
,1770725867.7269742,20049,6480,,,,6765.010995628,233.0,0.009683331474661827,,,,,,,,,
5.4506674408912665e-06,1770725870.6254966,20059,6481,5.4506674408912665e-06,5.4506674408912657e-05,5.4506674408912657e-05,6767.90967449,,,,,,,,,,,
5.4506674408912665e-06,1770725870.787797,20059,6482,5.4506674408912665e-06,5.4506674408912657e-05,5.4506674408912657e-05,6768.074143342,,,,,,,,,,,
,1770725870.9328005,20059,6483,,,,6768.216790834,233.0,0.007871197536587715,,,,,,,,,
5.431407690048218e-06,1770725873.8331528,20069,6484,5.431407690048218e-06,5.431407690048218e-05,5.431407690048218e-05,6771.120346645,,,,,,,,,,,
5.431407690048218e-06,1770725873.9958572,20069,6485,5.431407690048218e-06,5.431407690048218e-05,5.431407690048218e-05,6771.27986725,,,,,,,,,,,
,1770725874.140377,20069,6486,,,,6771.42451316,233.0,0.015280293300747871,,,,,,,,,
5.412177741527558e-06,1770725877.03961,20079,6487,5.412177741527558e-06,5.412177741527557e-05,5.412177741527557e-05,6774.323784012,,,,,,,,,,,
5.412177741527558e-06,1770725877.1997228,20079,6488,5.412177741527558e-06,5.412177741527557e-05,5.412177741527557e-05,6774.483757279,,,,,,,,,,,
,1770725877.3443418,20079,6489,,,,6774.628367093,233.0,0.014140197075903416,,,,,,,,,
5.392977595329285e-06,1770725880.2378664,20089,6490,5.392977595329285e-06,5.392977595329285e-05,5.392977595329285e-05,6777.52205905,,,,,,,,,,,
5.392977595329285e-06,1770725880.3976297,20089,6491,5.392977595329285e-06,5.392977595329285e-05,5.392977595329285e-05,6777.684086017,,,,,,,,,,,
,1770725880.5425987,20089,6492,,,,6777.826623282,233.0,0.01578984037041664,,,,,,,,,
5.373811721801758e-06,1770725883.4608202,20099,6493,5.373811721801758e-06,5.373811721801758e-05,5.373811721801758e-05,6780.744991185,,,,,,,,,,,
5.373811721801758e-06,1770725883.621146,20099,6494,5.373811721801758e-06,5.373811721801758e-05,5.373811721801758e-05,6780.908094582,,,,,,,,,,,
,1770725883.7657027,20099,6495,,,,6781.049721888,233.0,0.011038491502404213,,,,,,,,,
5.35467267036438e-06,1770725886.658521,20109,6496,5.35467267036438e-06,5.35467267036438e-05,5.35467267036438e-05,6783.942654271,,,,,,,,,,,
5.35467267036438e-06,1770725886.8182428,20109,6497,5.35467267036438e-06,5.35467267036438e-05,5.35467267036438e-05,6784.102281466,,,,,,,,,,,
,1770725886.963485,20109,6498,,,,6784.247525756,233.0,0.011069594882428646,,,,,,,,,
5.33556342124939e-06,1770725889.8653426,20119,6499,5.33556342124939e-06,5.3355634212493896e-05,5.3355634212493896e-05,6787.149524283,,,,,,,,,,,
5.33556342124939e-06,1770725890.0250933,20119,6500,5.33556342124939e-06,5.3355634212493896e-05,5.3355634212493896e-05,6787.309127252,,,,,,,,,,,
,1770725890.1698105,20119,6501,,,,6787.453874433,233.0,0.01404587272554636,,,,,,,,,
,1770725892.8212543,20123,6502,,,,6790.105483418,233.0,,5.036263465881348,0.08078286796808243,5.036263942718506,0.9199120402336121,,,,,
,1770725892.8226755,20123,6503,,,,6790.106623484,233.0,,,,,,0.012302950024604797,2.2993710041046143,,,
5.316486954689026e-06,1770725894.4405656,20129,6504,5.316486954689026e-06,5.316486954689026e-05,5.316486954689026e-05,6791.724746755,,,,,,,,,,,
5.316486954689026e-06,1770725894.6005337,20129,6505,5.316486954689026e-06,5.316486954689026e-05,5.316486954689026e-05,6791.887140545,,,,,,,,,,,
,1770725894.7453961,20129,6506,,,,6792.029492171,234.0,0.01717301830649376,,,,,,,,,
5.297437310218811e-06,1770725897.6726232,20139,6507,5.297437310218811e-06,5.297437310218811e-05,5.297437310218811e-05,6794.956800307,,,,,,,,,,,
5.297437310218811e-06,1770725897.833418,20139,6508,5.297437310218811e-06,5.297437310218811e-05,5.297437310218811e-05,6795.120089003,,,,,,,,,,,
,1770725897.978483,20139,6509,,,,6795.262551586,234.0,0.013202774338424206,,,,,,,,,
5.278417468070984e-06,1770725900.8835557,20149,6510,5.278417468070984e-06,5.278417468070984e-05,5.278417468070984e-05,6798.170279144,,,,,,,,,,,
5.278417468070984e-06,1770725901.0460303,20149,6511,5.278417468070984e-06,5.278417468070984e-05,5.278417468070984e-05,6798.330223326,,,,,,,,,,,
,1770725901.1911032,20149,6512,,,,6798.475358572,234.0,0.0161779522895813,,,,,,,,,
5.259428918361664e-06,1770725904.0921948,20159,6513,5.259428918361664e-06,5.259428918361664e-05,5.259428918361664e-05,6801.37913339,,,,,,,,,,,
5.259428918361664e-06,1770725904.251855,20159,6514,5.259428918361664e-06,5.259428918361664e-05,5.259428918361664e-05,6801.539051964,,,,,,,,,,,
,1770725904.3969038,20159,6515,,,,6801.681048776,234.0,0.007157400716096163,,,,,,,,,
5.2404731512069706e-06,1770725907.2990797,20169,6516,5.2404731512069706e-06,5.2404731512069704e-05,5.2404731512069704e-05,6804.583261984,,,,,,,,,,,
5.2404731512069706e-06,1770725907.458773,20169,6517,5.2404731512069706e-06,5.2404731512069704e-05,5.2404731512069704e-05,6804.742820707,,,,,,,,,,,
,1770725907.603928,20169,6518,,,,6804.887942512,234.0,0.017657214775681496,,,,,,,,,
5.2215456962585454e-06,1770725910.50361,20179,6519,5.2215456962585454e-06,5.221545696258545e-05,5.221545696258545e-05,6807.787803199,,,,,,,,,,,
5.2215456962585454e-06,1770725910.6629112,20179,6520,5.2215456962585454e-06,5.221545696258545e-05,5.221545696258545e-05,6807.946972746,,,,,,,,,,,
,1770725910.8075504,20179,6521,,,,6808.091543071,234.0,0.01280857715755701,,,,,,,,,
5.202646553516388e-06,1770725913.707532,20189,6522,5.202646553516388e-06,5.202646553516388e-05,5.202646553516388e-05,6810.991700525,,,,,,,,,,,
5.202646553516388e-06,1770725913.867309,20189,6523,5.202646553516388e-06,5.202646553516388e-05,5.202646553516388e-05,6811.151362172,,,,,,,,,,,
,1770725914.0120947,20189,6524,,,,6811.296083365,234.0,0.01212366484105587,,,,,,,,,
5.183781683444977e-06,1770725916.9102728,20199,6525,5.183781683444977e-06,5.183781683444977e-05,5.183781683444977e-05,6814.194453858,,,,,,,,,,,
5.183781683444977e-06,1770725917.0708654,20199,6526,5.183781683444977e-06,5.183781683444977e-05,5.183781683444977e-05,6814.358111079,,,,,,,,,,,
,1770725917.215412,20199,6527,,,,6814.499441118,234.0,0.012841001152992249,,,,,,,,,
5.164943635463715e-06,1770725920.113578,20209,6528,5.164943635463715e-06,5.164943635463715e-05,5.164943635463715e-05,6817.397761897,,,,,,,,,,,
5.164943635463715e-06,1770725920.2626936,20209,6529,5.164943635463715e-06,5.164943635463715e-05,5.164943635463715e-05,6817.546719444,,,,,,,,,,,
,1770725920.3196874,20209,6530,,,,6817.603665377,234.0,0.010785660706460476,,,,,,,,,
,1770725921.762155,20209,6531,,,,6819.046349505,234.0,,5.065828323364258,0.08194685727357864,5.0658278465271,0.91874098777771,,,,,
,1770725921.7635722,20209,6532,,,,6819.047503372,234.0,,,,,,0.012366251088678837,2.2879557609558105,,,
5.14613687992096e-06,1770725924.6671708,20219,6533,5.14613687992096e-06,5.1461368799209597e-05,5.1461368799209597e-05,6821.951354173,,,,,,,,,,,
5.14613687992096e-06,1770725924.8266327,20219,6534,5.14613687992096e-06,5.1461368799209597e-05,5.1461368799209597e-05,6822.110687636,,,,,,,,,,,
,1770725924.970935,20219,6535,,,,6822.254921655,235.0,0.00858442671597004,,,,,,,,,
5.127359926700592e-06,1770725927.8665478,20229,6536,5.127359926700592e-06,5.127359926700592e-05,5.127359926700592e-05,6825.150697904,,,,,,,,,,,
5.127359926700592e-06,1770725928.0257907,20229,6537,5.127359926700592e-06,5.127359926700592e-05,5.127359926700592e-05,6825.309848893,,,,,,,,,,,
,1770725928.1704736,20229,6538,,,,6825.454452077,235.0,0.015854589641094208,,,,,,,,,
5.108615756034852e-06,1770725931.06379,20239,6539,5.108615756034852e-06,5.1086157560348515e-05,5.1086157560348515e-05,6828.347890577,,,,,,,,,,,
5.108615756034852e-06,1770725931.223126,20239,6540,5.108615756034852e-06,5.1086157560348515e-05,5.1086157560348515e-05,6828.507179964,,,,,,,,,,,
,1770725931.3676605,20239,6541,,,,6828.651639863,235.0,0.00864497758448124,,,,,,,,,
5.089899897575379e-06,1770725934.2625964,20249,6542,5.089899897575379e-06,5.089899897575378e-05,5.089899897575378e-05,6831.546785863,,,,,,,,,,,
5.089899897575379e-06,1770725934.4224882,20249,6543,5.089899897575379e-06,5.089899897575378e-05,5.089899897575378e-05,6831.706519939,,,,,,,,,,,
,1770725934.5666013,20249,6544,,,,6831.850568108,235.0,0.010990582406520844,,,,,,,,,
5.071213841438293e-06,1770725937.460227,20259,6545,5.071213841438293e-06,5.0712138414382933e-05,5.0712138414382933e-05,6834.744386229,,,,,,,,,,,
5.071213841438293e-06,1770725937.6196609,20259,6546,5.071213841438293e-06,5.0712138414382933e-05,5.0712138414382933e-05,6834.906096279,,,,,,,,,,,
,1770725937.7640944,20259,6547,,,,6835.048080602,235.0,0.008947505615651608,,,,,,,,,
5.052562057971955e-06,1770725940.6584318,20269,6548,5.052562057971955e-06,5.0525620579719545e-05,5.0525620579719545e-05,6837.942598226,,,,,,,,,,,
5.052562057971955e-06,1770725940.8181448,20269,6549,5.052562057971955e-06,5.0525620579719545e-05,5.0525620579719545e-05,6838.102202016,,,,,,,,,,,
,1770725940.962402,20269,6550,,,,6838.246378348,235.0,0.013761481270194054,,,,,,,,,
5.033937096595764e-06,1770725943.8601139,20279,6551,5.033937096595764e-06,5.033937096595764e-05,5.033937096595764e-05,6841.144274856,,,,,,,,,,,
5.033937096595764e-06,1770725944.0203922,20279,6552,5.033937096595764e-06,5.033937096595764e-05,5.033937096595764e-05,6841.304449816,,,,,,,,,,,
,1770725944.164738,20279,6553,,,,6841.448735062,235.0,0.010260313749313354,,,,,,,,,
5.015343427658081e-06,1770725947.0577571,20289,6554,5.015343427658081e-06,5.0153434276580814e-05,5.0153434276580814e-05,6844.341908502,,,,,,,,,,,
5.015343427658081e-06,1770725947.2171023,20289,6555,5.015343427658081e-06,5.0153434276580814e-05,5.0153434276580814e-05,6844.501159411,,,,,,,,,,,
,1770725947.361292,20289,6556,,,,6844.645271937,235.0,0.016961565241217613,,,,,,,,,
,1770725950.6216855,20295,6557,,,,6847.905917494,235.0,,5.177584171295166,0.08585508912801743,5.177584171295166,0.9148699045181274,,,,,
,1770725950.623099,20295,6558,,,,6847.906985391,235.0,,,,,,0.012052474543452263,2.2633821964263916,,,
4.996779561042786e-06,1770725951.5985334,20299,6559,4.996779561042786e-06,4.996779561042786e-05,4.996779561042786e-05,6848.882689643,,,,,,,,,,,
4.996779561042786e-06,1770725951.7579746,20299,6560,4.996779561042786e-06,4.996779561042786e-05,4.996779561042786e-05,6849.042021053,,,,,,,,,,,
,1770725951.9024997,20299,6561,,,,6849.186481062,236.0,0.01009474415332079,,,,,,,,,
4.978249967098236e-06,1770725954.7975109,20309,6562,4.978249967098236e-06,4.9782499670982364e-05,4.9782499670982364e-05,6852.084140303,,,,,,,,,,,
4.978249967098236e-06,1770725954.9566333,20309,6563,4.978249967098236e-06,4.9782499670982364e-05,4.9782499670982364e-05,6852.240623486,,,,,,,,,,,
,1770725955.1006846,20309,6564,,,,6852.384789933,236.0,0.007942847907543182,,,,,,,,,
4.959747195243836e-06,1770725957.9942937,20319,6565,4.959747195243836e-06,4.959747195243836e-05,4.959747195243836e-05,6855.278441933,,,,,,,,,,,
4.959747195243836e-06,1770725958.153822,20319,6566,4.959747195243836e-06,4.959747195243836e-05,4.959747195243836e-05,6855.43787145,,,,,,,,,,,
,1770725958.2983124,20319,6567,,,,6855.582350878,236.0,0.00785383116453886,,,,,,,,,
4.941275715827942e-06,1770725961.3016336,20329,6568,4.941275715827942e-06,4.941275715827942e-05,4.941275715827942e-05,6858.585810846,,,,,,,,,,,
4.941275715827942e-06,1770725961.4615486,20329,6569,4.941275715827942e-06,4.941275715827942e-05,4.941275715827942e-05,6858.74561007,,,,,,,,,,,
,1770725961.6055691,20329,6570,,,,6858.88955266,236.0,0.010220753960311413,,,,,,,,,
4.9228385090827944e-06,1770725964.5582194,20339,6571,4.9228385090827944e-06,4.922838509082794e-05,4.922838509082794e-05,6861.846112083,,,,,,,,,,,
4.9228385090827944e-06,1770725964.7206988,20339,6572,4.9228385090827944e-06,4.922838509082794e-05,4.922838509082794e-05,6862.007067086,,,,,,,,,,,
,1770725964.8651714,20339,6573,,,,6862.149234375,236.0,0.00970954168587923,,,,,,,,,
4.904428124427796e-06,1770725967.7571778,20349,6574,4.904428124427796e-06,4.9044281244277955e-05,4.9044281244277955e-05,6865.041372715,,,,,,,,,,,
4.904428124427796e-06,1770725967.9171796,20349,6575,4.904428124427796e-06,4.9044281244277955e-05,4.9044281244277955e-05,6865.201271409,,,,,,,,,,,
,1770725968.061951,20349,6576,,,,6865.345929296,236.0,0.011763462796807289,,,,,,,,,
4.886047542095185e-06,1770725970.9537277,20359,6577,4.886047542095185e-06,4.886047542095184e-05,4.886047542095184e-05,6868.241112618,,,,,,,,,,,
4.886047542095185e-06,1770725971.1149306,20359,6578,4.886047542095185e-06,4.886047542095184e-05,4.886047542095184e-05,6868.402054812,,,,,,,,,,,
,1770725971.2593424,20359,6579,,,,6868.543407785,236.0,0.00979071855545044,,,,,,,,,
4.8677027225494384e-06,1770725974.1543896,20369,6580,4.8677027225494384e-06,4.867702722549438e-05,4.867702722549438e-05,6871.442083093,,,,,,,,,,,
4.8677027225494384e-06,1770725974.3172724,20369,6581,4.8677027225494384e-06,4.867702722549438e-05,4.867702722549438e-05,6871.604057771,,,,,,,,,,,
,1770725974.4617348,20369,6582,,,,6871.745776985,236.0,0.013036484830081463,,,,,,,,,
4.849384725093842e-06,1770725977.3546393,20379,6583,4.849384725093842e-06,4.849384725093842e-05,4.849384725093842e-05,6874.638797823,,,,,,,,,,,
4.849384725093842e-06,1770725977.5147812,20379,6584,4.849384725093842e-06,4.849384725093842e-05,4.849384725093842e-05,6874.798829366,,,,,,,,,,,
,1770725977.6588535,20379,6585,,,,6874.94284033,236.0,0.013823439367115498,,,,,,,,,
,1770725979.6448786,20381,6586,,,,6876.929116438,236.0,,5.193211078643799,0.08510393649339676,5.193211078643799,0.9156066179275513,,,,,
,1770725979.6465569,20381,6587,,,,6876.930490235,236.0,,,,,,0.01172301359474659,2.234198570251465,,,
4.831098020076752e-06,1770725981.8974283,20389,6588,4.831098020076752e-06,4.831098020076752e-05,4.831098020076752e-05,6879.18511405,,,,,,,,,,,
4.831098020076752e-06,1770725982.059601,20389,6589,4.831098020076752e-06,4.831098020076752e-05,4.831098020076752e-05,6879.346056875,,,,,,,,,,,
,1770725982.2036293,20389,6590,,,,6879.487674436,237.0,0.00813104584813118,,,,,,,,,
4.81284111738205e-06,1770725985.0951986,20399,6591,4.81284111738205e-06,4.812841117382049e-05,4.812841117382049e-05,6882.383102886,,,,,,,,,,,
4.81284111738205e-06,1770725985.2574563,20399,6592,4.81284111738205e-06,4.812841117382049e-05,4.812841117382049e-05,6882.544054775,,,,,,,,,,,
,1770725985.4014475,20399,6593,,,,6882.685500838,237.0,0.00670628622174263,,,,,,,,,
4.794618487358094e-06,1770725988.372228,20409,6594,4.794618487358094e-06,4.794618487358093e-05,4.794618487358093e-05,6885.65644661,,,,,,,,,,,
4.794618487358094e-06,1770725988.5316598,20409,6595,4.794618487358094e-06,4.794618487358093e-05,4.794618487358093e-05,6885.818088197,,,,,,,,,,,
,1770725988.6760757,20409,6596,,,,6885.960096095,237.0,0.009128749370574951,,,,,,,,,
4.776424169540406e-06,1770725991.5698562,20419,6597,4.776424169540406e-06,4.776424169540405e-05,4.776424169540405e-05,6888.854060331,,,,,,,,,,,
4.776424169540406e-06,1770725991.7294598,20419,6598,4.776424169540406e-06,4.776424169540405e-05,4.776424169540405e-05,6889.016074198,,,,,,,,,,,
,1770725991.8738723,20419,6599,,,,6889.157886883,237.0,0.010800076648592949,,,,,,,,,
4.758261144161225e-06,1770725994.7692654,20429,6600,4.758261144161225e-06,4.7582611441612246e-05,4.7582611441612246e-05,6892.057098776,,,,,,,,,,,
4.758261144161225e-06,1770725994.931163,20429,6601,4.758261144161225e-06,4.7582611441612246e-05,4.7582611441612246e-05,6892.218056073,,,,,,,,,,,
,1770725995.0752876,20429,6602,,,,6892.35935168,237.0,0.011700235307216644,,,,,,,,,
4.74013090133667e-06,1770725998.0157328,20439,6603,4.74013090133667e-06,4.74013090133667e-05,4.74013090133667e-05,6895.300054776,,,,,,,,,,,
4.74013090133667e-06,1770725998.1873817,20439,6604,4.74013090133667e-06,4.74013090133667e-05,4.74013090133667e-05,6895.4715883,,,,,,,,,,,
,1770725998.3338685,20439,6605,,,,6895.618092105,237.0,0.00892777368426323,,,,,,,,,
4.7220289707183844e-06,1770726001.482554,20449,6606,4.7220289707183844e-06,4.722028970718384e-05,4.722028970718384e-05,6898.770119098,,,,,,,,,,,
4.7220289707183844e-06,1770726001.6574013,20449,6607,4.7220289707183844e-06,4.722028970718384e-05,4.722028970718384e-05,6898.944058773,,,,,,,,,,,
,1770726001.8034642,20449,6608,,,,6899.087654861,237.0,0.010608234442770481,,,,,,,,,
4.703958332538605e-06,1770726004.7517273,20459,6609,4.703958332538605e-06,4.703958332538605e-05,4.703958332538605e-05,6902.038076734,,,,,,,,,,,
4.703958332538605e-06,1770726004.9114342,20459,6610,4.703958332538605e-06,4.703958332538605e-05,4.703958332538605e-05,6902.198050671,,,,,,,,,,,
,1770726005.055375,20459,6611,,,,6902.339424555,237.0,0.013200933113694191,,,,,,,,,
,1770726008.9537766,20467,6612,,,,6906.237917971,237.0,,5.078617095947266,0.08290474116802216,5.078616619110107,0.9177911877632141,,,,,
,1770726008.9551888,20467,6613,,,,6906.239118508,237.0,,,,,,0.011540954001247883,2.211181640625,,,
4.685918986797333e-06,1770726009.292163,20469,6614,4.685918986797333e-06,4.6859189867973326e-05,4.6859189867973326e-05,6906.57634169,,,,,,,,,,,
4.685918986797333e-06,1770726009.452053,20469,6615,4.685918986797333e-06,4.6859189867973326e-05,4.6859189867973326e-05,6906.739105646,,,,,,,,,,,
,1770726009.596239,20469,6616,,,,6906.880217786,238.0,0.01232103817164898,,,,,,,,,
4.6679139137268066e-06,1770726012.4874842,20479,6617,4.6679139137268066e-06,4.667913913726807e-05,4.667913913726807e-05,6909.775104519,,,,,,,,,,,
4.6679139137268066e-06,1770726012.6495693,20479,6618,4.6679139137268066e-06,4.667913913726807e-05,4.667913913726807e-05,6909.936054595,,,,,,,,,,,
,1770726012.7938533,20479,6619,,,,6910.077889383,238.0,0.009694570675492287,,,,,,,,,
4.649937152862549e-06,1770726015.6836252,20489,6620,4.649937152862549e-06,4.649937152862549e-05,4.649937152862549e-05,6912.97024798,,,,,,,,,,,
4.649937152862549e-06,1770726015.846993,20489,6621,4.649937152862549e-06,4.649937152862549e-05,4.649937152862549e-05,6913.134059883,,,,,,,,,,,
,1770726015.9910088,20489,6622,,,,6913.275048638,238.0,0.012962108477950096,,,,,,,,,
4.631990194320679e-06,1770726018.8834636,20499,6623,4.631990194320679e-06,4.631990194320679e-05,4.631990194320679e-05,6916.171099912,,,,,,,,,,,
4.631990194320679e-06,1770726019.0454552,20499,6624,4.631990194320679e-06,4.631990194320679e-05,4.631990194320679e-05,6916.332052532,,,,,,,,,,,
,1770726019.1895568,20499,6625,,,,6916.47359529,238.0,0.011407291516661644,,,,,,,,,
4.614078998565674e-06,1770726022.0803008,20509,6626,4.614078998565674e-06,4.614078998565674e-05,4.614078998565674e-05,6919.36807561,,,,,,,,,,,
4.614078998565674e-06,1770726022.2430644,20509,6627,4.614078998565674e-06,4.614078998565674e-05,4.614078998565674e-05,6919.53005131,,,,,,,,,,,
,1770726022.3873343,20509,6628,,,,6919.67128309,238.0,0.012587053701281548,,,,,,,,,
4.596194624900818e-06,1770726025.2761269,20519,6629,4.596194624900818e-06,4.596194624900818e-05,4.596194624900818e-05,6922.560324024,,,,,,,,,,,
4.596194624900818e-06,1770726025.435122,20519,6630,4.596194624900818e-06,4.596194624900818e-05,4.596194624900818e-05,6922.719168901,,,,,,,,,,,
,1770726025.5792382,20519,6631,,,,6922.863214346,238.0,0.00932957325130701,,,,,,,,,
4.578341543674469e-06,1770726028.4699628,20529,6632,4.578341543674469e-06,4.578341543674469e-05,4.578341543674469e-05,6925.754161969,,,,,,,,,,,
4.578341543674469e-06,1770726028.6302602,20529,6633,4.578341543674469e-06,4.578341543674469e-05,4.578341543674469e-05,6925.917099056,,,,,,,,,,,
,1770726028.7742908,20529,6634,,,,6926.058301011,238.0,0.011661788448691368,,,,,,,,,
4.560519754886628e-06,1770726031.710852,20539,6635,4.560519754886628e-06,4.560519754886627e-05,4.560519754886627e-05,6928.997104265,,,,,,,,,,,
4.560519754886628e-06,1770726031.876906,20539,6636,4.560519754886628e-06,4.560519754886627e-05,4.560519754886627e-05,6929.163055888,,,,,,,,,,,
,1770726032.0227833,20539,6637,,,,6929.306950546,238.0,0.01437399722635746,,,,,,,,,
4.542733728885651e-06,1770726035.0760057,20549,6638,4.542733728885651e-06,4.542733728885651e-05,4.542733728885651e-05,6932.362091455,,,,,,,,,,,
4.542733728885651e-06,1770726035.2429228,20549,6639,4.542733728885651e-06,4.542733728885651e-05,4.542733728885651e-05,6932.526980659,,,,,,,,,,,
,1770726035.3881757,20549,6640,,,,6932.672341313,238.0,0.009849095717072487,,,,,,,,,
,1770726038.0796487,20553,6641,,,,6935.363904477,238.0,,5.094392776489258,0.0835033506155014,5.094392776489258,0.9171979427337646,,,,,
,1770726038.0812418,20553,6642,,,,6935.365194188,238.0,,,,,,0.011555878445506096,2.205552101135254,,,
4.524974524974823e-06,1770726039.7887886,20559,6643,4.524974524974823e-06,4.524974524974823e-05,4.524974524974823e-05,6937.073055655,,,,,,,,,,,
4.524974524974823e-06,1770726039.9556477,20559,6644,4.524974524974823e-06,4.524974524974823e-05,4.524974524974823e-05,6937.239855004,,,,,,,,,,,
,1770726040.1018744,20559,6645,,,,6937.386001271,239.0,0.007916281931102276,,,,,,,,,
4.5072466135025025e-06,1770726043.2113485,20569,6646,4.5072466135025025e-06,4.507246613502503e-05,4.507246613502503e-05,6940.495587618,,,,,,,,,,,
4.5072466135025025e-06,1770726043.386026,20569,6647,4.5072466135025025e-06,4.507246613502503e-05,4.507246613502503e-05,6940.670234217,,,,,,,,,,,
,1770726043.5322542,20569,6648,,,,6940.816423457,239.0,0.011561418883502483,,,,,,,,,
4.489554464817047e-06,1770726046.6904821,20579,6649,4.489554464817047e-06,4.489554464817047e-05,4.489554464817047e-05,6943.977070209,,,,,,,,,,,
4.489554464817047e-06,1770726046.861593,20579,6650,4.489554464817047e-06,4.489554464817047e-05,4.489554464817047e-05,6944.14805714,,,,,,,,,,,
,1770726047.0074906,20579,6651,,,,6944.291672137,239.0,0.007780888117849827,,,,,,,,,
4.471889138221741e-06,1770726050.039612,20589,6652,4.471889138221741e-06,4.471889138221741e-05,4.471889138221741e-05,6947.326089957,,,,,,,,,,,
4.471889138221741e-06,1770726050.1988783,20589,6653,4.471889138221741e-06,4.471889138221741e-05,4.471889138221741e-05,6947.486059307,,,,,,,,,,,
,1770726050.3428614,20589,6654,,,,6947.6269146,239.0,0.009203864261507988,,,,,,,,,
4.454255104064942e-06,1770726053.2354178,20599,6655,4.454255104064942e-06,4.454255104064942e-05,4.454255104064942e-05,6950.519606997,,,,,,,,,,,
4.454255104064942e-06,1770726053.3948538,20599,6656,4.454255104064942e-06,4.454255104064942e-05,4.454255104064942e-05,6950.682095728,,,,,,,,,,,
,1770726053.5393965,20599,6657,,,,6950.823360148,239.0,0.016558807343244553,,,,,,,,,
4.436653852462769e-06,1770726056.577433,20609,6658,4.436653852462769e-06,4.4366538524627684e-05,4.4366538524627684e-05,6953.865060748,,,,,,,,,,,
4.436653852462769e-06,1770726056.7397223,20609,6659,4.436653852462769e-06,4.4366538524627684e-05,4.4366538524627684e-05,6954.026056672,,,,,,,,,,,
,1770726056.8838377,20609,6660,,,,6954.167875716,239.0,0.015469546429812908,,,,,,,,,
4.419086873531342e-06,1770726059.7733762,20619,6661,4.419086873531342e-06,4.419086873531342e-05,4.419086873531342e-05,6957.061052902,,,,,,,,,,,
4.419086873531342e-06,1770726059.9354737,20619,6662,4.419086873531342e-06,4.419086873531342e-05,4.419086873531342e-05,6957.222055376,,,,,,,,,,,
,1770726060.0797365,20619,6663,,,,6957.363800018,239.0,0.011254409328103065,,,,,,,,,
4.401546716690064e-06,1770726062.9721386,20629,6664,4.401546716690064e-06,4.4015467166900634e-05,4.4015467166900634e-05,6960.260074045,,,,,,,,,,,
4.401546716690064e-06,1770726063.1345081,20629,6665,4.401546716690064e-06,4.4015467166900634e-05,4.4015467166900634e-05,6960.421059303,,,,,,,,,,,
,1770726063.2791457,20629,6666,,,,6960.563193882,239.0,0.01107063703238964,,,,,,,,,
4.384039342403412e-06,1770726066.3273726,20639,6667,4.384039342403412e-06,4.384039342403412e-05,4.384039342403412e-05,6963.614069038,,,,,,,,,,,
4.384039342403412e-06,1770726066.4767895,20639,6668,4.384039342403412e-06,4.384039342403412e-05,4.384039342403412e-05,6963.760858382,,,,,,,,,,,
,1770726066.5340135,20639,6669,,,,6963.817955312,239.0,0.011716288514435291,,,,,,,,,
,1770726067.9755852,20639,6670,,,,6965.259770516,239.0,,5.214576244354248,0.0864345133304596,5.214576721191406,0.9142769575119019,,,,,
,1770726067.9771862,20639,6671,,,,6965.261112315,239.0,,,,,,0.011743437498807907,2.2467026710510254,,,
4.366566240787506e-06,1770726070.8671613,20649,6672,4.366566240787506e-06,4.366566240787506e-05,4.366566240787506e-05,6968.154249479,,,,,,,,,,,
4.366566240787506e-06,1770726071.029692,20649,6673,4.366566240787506e-06,4.366566240787506e-05,4.366566240787506e-05,6968.313709372,,,,,,,,,,,
,1770726071.1742442,20649,6674,,,,6968.458211725,240.0,0.01710120029747486,,,,,,,,,
4.3491229414939884e-06,1770726074.0892031,20659,6675,4.3491229414939884e-06,4.349122941493988e-05,4.349122941493988e-05,6971.376300631,,,,,,,,,,,
4.3491229414939884e-06,1770726074.2635965,20659,6676,4.3491229414939884e-06,4.349122941493988e-05,4.349122941493988e-05,6971.547839292,,,,,,,,,,,
,1770726074.4093654,20659,6677,,,,6971.693510333,240.0,0.010526195168495178,,,,,,,,,
4.331709444522858e-06,1770726077.4080005,20669,6678,4.331709444522858e-06,4.331709444522858e-05,4.331709444522858e-05,6974.695164562,,,,,,,,,,,
4.331709444522858e-06,1770726077.5701168,20669,6679,4.331709444522858e-06,4.331709444522858e-05,4.331709444522858e-05,6974.857060992,,,,,,,,,,,
,1770726077.7139912,20669,6680,,,,6974.998065049,240.0,0.01597614213824272,,,,,,,,,
4.3143317103385925e-06,1770726080.6341045,20679,6681,4.3143317103385925e-06,4.3143317103385925e-05,4.3143317103385925e-05,6977.921081791,,,,,,,,,,,
4.3143317103385925e-06,1770726080.7932756,20679,6682,4.3143317103385925e-06,4.3143317103385925e-05,4.3143317103385925e-05,6978.08005383,,,,,,,,,,,
,1770726080.9370914,20679,6683,,,,6978.221136215,240.0,0.011710187420248985,,,,,,,,,
4.296982288360596e-06,1770726083.857807,20689,6684,4.296982288360596e-06,4.2969822883605956e-05,4.2969822883605956e-05,6981.14421559,,,,,,,,,,,
4.296982288360596e-06,1770726084.0308995,20689,6685,4.296982288360596e-06,4.2969822883605956e-05,4.2969822883605956e-05,6981.317057212,,,,,,,,,,,
,1770726084.1768348,20689,6686,,,,6981.461012071,240.0,0.0170849971473217,,,,,,,,,
4.279664158821106e-06,1770726087.176776,20699,6687,4.279664158821106e-06,4.279664158821106e-05,4.279664158821106e-05,6984.460967052,,,,,,,,,,,
4.279664158821106e-06,1770726087.336267,20699,6688,4.279664158821106e-06,4.279664158821106e-05,4.279664158821106e-05,6984.620316338,,,,,,,,,,,
,1770726087.4807227,20699,6689,,,,6984.76469896,240.0,0.009165151044726372,,,,,,,,,
4.262377321720123e-06,1770726090.3738685,20709,6690,4.262377321720123e-06,4.262377321720123e-05,4.262377321720123e-05,6987.661248058,,,,,,,,,,,
4.262377321720123e-06,1770726090.5363874,20709,6691,4.262377321720123e-06,4.262377321720123e-05,4.262377321720123e-05,6987.820418505,,,,,,,,,,,
,1770726090.6807458,20709,6692,,,,6987.964724231,240.0,0.012494447641074657,,,,,,,,,
4.245126247406006e-06,1770726093.6025593,20719,6693,4.245126247406006e-06,4.245126247406006e-05,4.245126247406006e-05,6990.889091334,,,,,,,,,,,
4.245126247406006e-06,1770726093.7735412,20719,6694,4.245126247406006e-06,4.245126247406006e-05,4.245126247406006e-05,6991.060067188,,,,,,,,,,,
,1770726093.9196222,20719,6695,,,,6991.203795405,240.0,0.01366534736007452,,,,,,,,,
,1770726097.2747924,20725,6696,,,,6994.558946596,240.0,,5.148501873016357,0.08400896936655045,5.148501396179199,0.9166932702064514,,,,,
,1770726097.2762058,20725,6697,,,,6994.560123497,240.0,,,,,,0.011871256865561008,2.2494821548461914,,,
4.227903485298157e-06,1770726098.254986,20729,6698,4.227903485298157e-06,4.227903485298157e-05,4.227903485298157e-05,6995.539178458,,,,,,,,,,,
4.227903485298157e-06,1770726098.4152834,20729,6699,4.227903485298157e-06,4.227903485298157e-05,4.227903485298157e-05,6995.699340808,,,,,,,,,,,
,1770726098.559808,20729,6700,,,,6995.84379019,241.0,0.010379926301538944,,,,,,,,,
4.210712015628815e-06,1770726101.4526546,20739,6701,4.210712015628815e-06,4.2107120156288146e-05,4.2107120156288146e-05,6998.740086106,,,,,,,,,,,
4.210712015628815e-06,1770726101.6152933,20739,6702,4.210712015628815e-06,4.2107120156288146e-05,4.2107120156288146e-05,6998.902052481,,,,,,,,,,,
,1770726101.7596455,20739,6703,,,,6999.043691504,241.0,0.01650407165288925,,,,,,,,,
4.193556308746338e-06,1770726104.7822754,20749,6704,4.193556308746338e-06,4.193556308746338e-05,4.193556308746338e-05,7002.070090611,,,,,,,,,,,
4.193556308746338e-06,1770726104.953172,20749,6705,4.193556308746338e-06,4.193556308746338e-05,4.193556308746338e-05,7002.240063626,,,,,,,,,,,
,1770726105.0981374,20749,6706,,,,7002.38226199,241.0,0.015807170420885086,,,,,,,,,
4.176428914070129e-06,1770726108.0496848,20759,6707,4.176428914070129e-06,4.176428914070129e-05,4.176428914070129e-05,7005.333867525,,,,,,,,,,,
4.176428914070129e-06,1770726108.2088027,20759,6708,4.176428914070129e-06,4.176428914070129e-05,4.176428914070129e-05,7005.492855628,,,,,,,,,,,
,1770726108.3528442,20759,6709,,,,7005.636832339,241.0,0.01412774808704853,,,,,,,,,
4.159334301948547e-06,1770726111.244119,20769,6710,4.159334301948547e-06,4.1593343019485476e-05,4.1593343019485476e-05,7008.528328871,,,,,,,,,,,
4.159334301948547e-06,1770726111.4033856,20769,6711,4.159334301948547e-06,4.1593343019485476e-05,4.1593343019485476e-05,7008.687435152,,,,,,,,,,,
,1770726111.5475202,20769,6712,,,,7008.831493105,241.0,0.007325369399040937,,,,,,,,,
4.142269492149353e-06,1770726114.5766215,20779,6713,4.142269492149353e-06,4.142269492149353e-05,4.142269492149353e-05,7011.861173059,,,,,,,,,,,
4.142269492149353e-06,1770726114.743756,20779,6714,4.142269492149353e-06,4.142269492149353e-05,4.142269492149353e-05,7012.030130385,,,,,,,,,,,
,1770726114.8886101,20779,6715,,,,7012.172663213,241.0,0.011247901245951653,,,,,,,,,
4.1252419352531435e-06,1770726117.8914049,20789,6716,4.1252419352531435e-06,4.125241935253144e-05,4.125241935253144e-05,7015.175595792,,,,,,,,,,,
4.1252419352531435e-06,1770726118.0505157,20789,6717,4.1252419352531435e-06,4.125241935253144e-05,4.125241935253144e-05,7015.334569023,,,,,,,,,,,
,1770726118.1947694,20789,6718,,,,7015.478752525,241.0,0.00969083420932293,,,,,,,,,
4.108241200447083e-06,1770726121.1544619,20799,6719,4.108241200447083e-06,4.108241200447083e-05,4.108241200447083e-05,7018.442092158,,,,,,,,,,,
4.108241200447083e-06,1770726121.3162372,20799,6720,4.108241200447083e-06,4.108241200447083e-05,4.108241200447083e-05,7018.603056815,,,,,,,,,,,
,1770726121.459854,20799,6721,,,,7018.743907952,241.0,0.007248543202877045,,,,,,,,,
4.091273248195648e-06,1770726124.4975011,20809,6722,4.091273248195648e-06,4.091273248195648e-05,4.091273248195648e-05,7021.784108538,,,,,,,,,,,
4.091273248195648e-06,1770726124.6566582,20809,6723,4.091273248195648e-06,4.091273248195648e-05,4.091273248195648e-05,7021.943054818,,,,,,,,,,,
,1770726124.800911,20809,6724,,,,7022.084971879,241.0,0.009765529073774815,,,,,,,,,
,1770726126.7840426,20811,6725,,,,7024.068190157,241.0,,5.093648433685303,0.08255169540643692,5.0936479568481445,0.9181293249130249,,,,,
,1770726126.7854526,20811,6726,,,,7024.069390453,241.0,,,,,,0.011966451071202755,2.244103193283081,,,
4.074341058731079e-06,1770726129.037322,20819,6727,4.074341058731079e-06,4.074341058731079e-05,4.074341058731079e-05,7026.32149075,,,,,,,,,,,
4.074341058731079e-06,1770726129.1966174,20819,6728,4.074341058731079e-06,4.074341058731079e-05,4.074341058731079e-05,7026.480670672,,,,,,,,,,,
,1770726129.3411412,20819,6729,,,,7026.625122648,242.0,0.013738472945988178,,,,,,,,,
4.057437181472779e-06,1770726132.3774629,20829,6730,4.057437181472779e-06,4.0574371814727785e-05,4.0574371814727785e-05,7029.665120088,,,,,,,,,,,
4.057437181472779e-06,1770726132.5510879,20829,6731,4.057437181472779e-06,4.0574371814727785e-05,4.0574371814727785e-05,7029.838063262,,,,,,,,,,,
,1770726132.6970654,20829,6732,,,,7029.981232909,242.0,0.01039980724453926,,,,,,,,,
4.040566086769104e-06,1770726135.686343,20839,6733,4.040566086769104e-06,4.040566086769104e-05,4.040566086769104e-05,7032.973113975,,,,,,,,,,,
4.040566086769104e-06,1770726135.8461952,20839,6734,4.040566086769104e-06,4.040566086769104e-05,4.040566086769104e-05,7033.13031569,,,,,,,,,,,
,1770726135.9902914,20839,6735,,,,7033.274267473,242.0,0.013173813000321388,,,,,,,,,
4.023726284503937e-06,1770726138.8834436,20849,6736,4.023726284503937e-06,4.023726284503937e-05,4.023726284503937e-05,7036.170070123,,,,,,,,,,,
4.023726284503937e-06,1770726139.043054,20849,6737,4.023726284503937e-06,4.023726284503937e-05,4.023726284503937e-05,7036.330052562,,,,,,,,,,,
,1770726139.1873045,20849,6738,,,,7036.471337392,242.0,0.011601120233535767,,,,,,,,,
4.006922245025635e-06,1770726142.0821025,20859,6739,4.006922245025635e-06,4.006922245025635e-05,4.006922245025635e-05,7039.366307749,,,,,,,,,,,
4.006922245025635e-06,1770726142.2414727,20859,6740,4.006922245025635e-06,4.006922245025635e-05,4.006922245025635e-05,7039.525515092,,,,,,,,,,,
,1770726142.3854737,20859,6741,,,,7039.669446244,242.0,0.011845028027892113,,,,,,,,,
3.990146517753601e-06,1770726145.2760713,20869,6742,3.990146517753601e-06,3.9901465177536014e-05,3.9901465177536014e-05,7042.564092453,,,,,,,,,,,
3.990146517753601e-06,1770726145.4380949,20869,6743,3.990146517753601e-06,3.9901465177536014e-05,3.9901465177536014e-05,7042.725065754,,,,,,,,,,,
,1770726145.5821817,20869,6744,,,,7042.866230873,242.0,0.01697486639022827,,,,,,,,,
3.973402082920075e-06,1770726148.4758844,20879,6745,3.973402082920075e-06,3.9734020829200746e-05,3.9734020829200746e-05,7045.760090949,,,,,,,,,,,
3.973402082920075e-06,1770726148.6356816,20879,6746,3.973402082920075e-06,3.9734020829200746e-05,3.9734020829200746e-05,7045.92208119,,,,,,,,,,,
,1770726148.7799833,20879,6747,,,,7046.064002677,242.0,0.007851429283618927,,,,,,,,,
3.956694900989533e-06,1770726151.7236094,20889,6748,3.956694900989533e-06,3.9566949009895326e-05,3.9566949009895326e-05,7049.007747458,,,,,,,,,,,
3.956694900989533e-06,1770726151.8831081,20889,6749,3.956694900989533e-06,3.9566949009895326e-05,3.9566949009895326e-05,7049.167158377,,,,,,,,,,,
,1770726152.0269952,20889,6750,,,,7049.310977711,242.0,0.014560587704181671,,,,,,,,,
,1770726155.9230263,20897,6751,,,,7053.20713205,242.0,,5.027102470397949,0.08062779158353806,5.027101039886475,0.920048713684082,,,,,
,1770726155.9243925,20897,6752,,,,7053.208353939,242.0,,,,,,0.011511179618537426,2.2078845500946045,,,
3.940016031265259e-06,1770726156.260753,20899,6753,3.940016031265259e-06,3.9400160312652587e-05,3.9400160312652587e-05,7053.544908013,,,,,,,,,,,
3.940016031265259e-06,1770726156.4203835,20899,6754,3.940016031265259e-06,3.9400160312652587e-05,3.9400160312652587e-05,7053.704424691,,,,,,,,,,,
,1770726156.5647929,20899,6755,,,,7053.848774754,243.0,0.006999507546424866,,,,,,,,,
3.923368453979492e-06,1770726159.4544795,20909,6756,3.923368453979492e-06,3.923368453979492e-05,3.923368453979492e-05,7056.741252488,,,,,,,,,,,
3.923368453979492e-06,1770726159.616484,20909,6757,3.923368453979492e-06,3.923368453979492e-05,3.923368453979492e-05,7056.900499851,,,,,,,,,,,
,1770726159.7605736,20909,6758,,,,7057.044538695,243.0,0.008535265922546387,,,,,,,,,
3.906753659248352e-06,1770726162.652172,20919,6759,3.906753659248352e-06,3.9067536592483524e-05,3.9067536592483524e-05,7059.940095904,,,,,,,,,,,
3.906753659248352e-06,1770726162.8143222,20919,6760,3.906753659248352e-06,3.9067536592483524e-05,3.9067536592483524e-05,7060.101063406,,,,,,,,,,,
,1770726162.9584863,20919,6761,,,,7060.2425174,243.0,0.01348472386598587,,,,,,,,,
3.890174627304077e-06,1770726165.8507442,20929,6762,3.890174627304077e-06,3.890174627304077e-05,3.890174627304077e-05,7063.134936856,,,,,,,,,,,
3.890174627304077e-06,1770726166.0107908,20929,6763,3.890174627304077e-06,3.890174627304077e-05,3.890174627304077e-05,7063.294839325,,,,,,,,,,,
,1770726166.1553028,20929,6764,,,,7063.439282888,243.0,0.011154333129525185,,,,,,,,,
3.87362539768219e-06,1770726169.0517478,20939,6765,3.87362539768219e-06,3.8736253976821904e-05,3.8736253976821904e-05,7066.338076247,,,,,,,,,,,
3.87362539768219e-06,1770726169.211083,20939,6766,3.87362539768219e-06,3.8736253976821904e-05,3.8736253976821904e-05,7066.498055471,,,,,,,,,,,
,1770726169.355248,20939,6767,,,,7066.639287821,243.0,0.007777945604175329,,,,,,,,,
3.85710746049881e-06,1770726172.2516115,20949,6768,3.85710746049881e-06,3.85710746049881e-05,3.85710746049881e-05,7069.535807267,,,,,,,,,,,
3.85710746049881e-06,1770726172.4110906,20949,6769,3.85710746049881e-06,3.85710746049881e-05,3.85710746049881e-05,7069.69514127,,,,,,,,,,,
,1770726172.5557194,20949,6770,,,,7069.83970218,243.0,0.00849014613777399,,,,,,,,,
3.840625286102295e-06,1770726175.4448237,20959,6771,3.840625286102295e-06,3.840625286102295e-05,3.840625286102295e-05,7072.732869171,,,,,,,,,,,
3.840625286102295e-06,1770726175.607593,20959,6772,3.840625286102295e-06,3.840625286102295e-05,3.840625286102295e-05,7072.89406756,,,,,,,,,,,
,1770726175.75172,20959,6773,,,,7073.035753243,243.0,0.00902909878641367,,,,,,,,,
3.824172914028168e-06,1770726178.6443708,20969,6774,3.824172914028168e-06,3.8241729140281676e-05,3.8241729140281676e-05,7075.931079002,,,,,,,,,,,
3.824172914028168e-06,1770726178.8036022,20969,6775,3.824172914028168e-06,3.8241729140281676e-05,3.8241729140281676e-05,7076.087594463,,,,,,,,,,,
,1770726178.9477503,20969,6776,,,,7076.231788861,243.0,0.009266276843845844,,,,,,,,,
3.807751834392548e-06,1770726181.8985302,20979,6777,3.807751834392548e-06,3.8077518343925475e-05,3.8077518343925475e-05,7079.185237724,,,,,,,,,,,
3.807751834392548e-06,1770726182.0608683,20979,6778,3.807751834392548e-06,3.8077518343925475e-05,3.8077518343925475e-05,7079.348127218,,,,,,,,,,,
,1770726182.2052586,20979,6779,,,,7079.489257575,243.0,0.017382681369781494,,,,,,,,,
,1770726184.8275733,20983,6780,,,,7082.111810218,243.0,,5.139212608337402,0.08380692452192307,5.1392130851745605,0.9168950319290161,,,,,
,1770726184.8292394,20983,6781,,,,7082.113170325,243.0,,,,,,0.01130242645740509,2.2078046798706055,,,
3.791363537311554e-06,1770726186.447111,20989,6782,3.791363537311554e-06,3.791363537311554e-05,3.791363537311554e-05,7083.731300853,,,,,,,,,,,
3.791363537311554e-06,1770726186.607023,20989,6783,3.791363537311554e-06,3.791363537311554e-05,3.791363537311554e-05,7083.894113621,,,,,,,,,,,
,1770726186.7513494,20989,6784,,,,7084.035334294,244.0,0.01362617313861847,,,,,,,,,
3.7750110030174256e-06,1770726189.6469817,20999,6785,3.7750110030174256e-06,3.775011003017426e-05,3.775011003017426e-05,7086.935009027,,,,,,,,,,,
3.7750110030174256e-06,1770726189.8093004,20999,6786,3.7750110030174256e-06,3.775011003017426e-05,3.775011003017426e-05,7087.096059744,,,,,,,,,,,
,1770726189.9539983,20999,6787,,,,7087.238048513,244.0,0.00916687399148941,,,,,,,,,
3.758688271045685e-06,1770726192.8498309,21009,6788,3.758688271045685e-06,3.758688271045685e-05,3.758688271045685e-05,7090.137857168,,,,,,,,,,,
3.758688271045685e-06,1770726193.0125248,21009,6789,3.758688271045685e-06,3.758688271045685e-05,3.758688271045685e-05,7090.299070489,,,,,,,,,,,
,1770726193.1568582,21009,6790,,,,7090.440889512,244.0,0.010331621393561363,,,,,,,,,
3.7423968315124515e-06,1770726196.0508451,21019,6791,3.7423968315124515e-06,3.742396831512451e-05,3.742396831512451e-05,7093.335060762,,,,,,,,,,,
3.7423968315124515e-06,1770726196.2113116,21019,6792,3.7423968315124515e-06,3.742396831512451e-05,3.742396831512451e-05,7093.49806591,,,,,,,,,,,
,1770726196.3557274,21019,6793,,,,7093.63976318,244.0,0.015432870015501976,,,,,,,,,
3.7261426448822025e-06,1770726199.2498548,21029,6794,3.7261426448822025e-06,3.726142644882202e-05,3.726142644882202e-05,7096.537187586,,,,,,,,,,,
3.7261426448822025e-06,1770726199.4126508,21029,6795,3.7261426448822025e-06,3.726142644882202e-05,3.726142644882202e-05,7096.699052979,,,,,,,,,,,
,1770726199.5567749,21029,6796,,,,7096.840812453,244.0,0.011873840354382992,,,,,,,,,
3.7099167704582214e-06,1770726202.4549072,21039,6797,3.7099167704582214e-06,3.7099167704582214e-05,3.7099167704582214e-05,7099.742141645,,,,,,,,,,,
3.7099167704582214e-06,1770726202.6176722,21039,6798,3.7099167704582214e-06,3.7099167704582214e-05,3.7099167704582214e-05,7099.903169787,,,,,,,,,,,
,1770726202.761795,21039,6799,,,,7100.045775274,244.0,0.012411097064614296,,,,,,,,,
3.6937236785888675e-06,1770726205.6569586,21049,6800,3.6937236785888675e-06,3.6937236785888676e-05,3.6937236785888676e-05,7102.944253466,,,,,,,,,,,
3.6937236785888675e-06,1770726205.8207865,21049,6801,3.6937236785888675e-06,3.6937236785888676e-05,3.6937236785888676e-05,7103.107093445,,,,,,,,,,,
,1770726205.9648097,21049,6802,,,,7103.248854631,244.0,0.012567849829792976,,,,,,,,,
3.6775663495063783e-06,1770726208.861171,21059,6803,3.6775663495063783e-06,3.677566349506378e-05,3.677566349506378e-05,7106.145380374,,,,,,,,,,,
3.6775663495063783e-06,1770726209.020733,21059,6804,3.6775663495063783e-06,3.677566349506378e-05,3.677566349506378e-05,7106.304791052,,,,,,,,,,,
,1770726209.165328,21059,6805,,,,7106.449308807,244.0,0.0066259633749723434,,,,,,,,,
3.661438822746277e-06,1770726212.1185603,21069,6806,3.661438822746277e-06,3.661438822746277e-05,3.661438822746277e-05,7109.402904107,,,,,,,,,,,
3.661438822746277e-06,1770726212.2678294,21069,6807,3.661438822746277e-06,3.661438822746277e-05,3.661438822746277e-05,7109.551819941,,,,,,,,,,,
,1770726212.3250544,21069,6808,,,,7109.609004161,244.0,0.004298008978366852,,,,,,,,,
,1770726213.767434,21069,6809,,,,7111.051598942,244.0,,5.121774673461914,0.08335026353597641,5.121774673461914,0.9173484444618225,,,,,
,1770726213.7690501,21069,6810,,,,7111.052990326,244.0,,,,,,0.011647812090814114,2.2133948802948,,,
,1770726249.1790624,21070,6811,,,,7146.4630834,245.0,,,,,,,,0.92264723777771,4.854779243469238,4.854778289794922
