trainer/global_step,_step,lr-AdamW/pg4,lr-AdamW/pg1,lr-AdamW/pg2,_runtime,lr-AdamW/pg3,_timestamp,epoch,train/loss_step,val/age_loss,val/medae,val/recon_loss,val/loss,val/mae,val/r2,train/recon_loss,train/age_loss,train/loss_epoch,train/mae,train/r2,train/medae,test/mae,test/loss,test/r2,test/recon_loss,test/medae,test/age_loss
9,0,0.0,9e-06,9e-06,44.848096662,0.0,1778600840.5185244,,,,,,,,,,,,,,,,,,,,
9,1,0.0,9e-06,9e-06,45.518762257,0.0,1778600841.189396,,,,,,,,,,,,,,,,,,,,
9,2,0.0,9e-06,9e-06,46.189772431,0.0,1778600841.8604817,,,,,,,,,,,,,,,,,,,,
9,3,0.0,9e-06,9e-06,46.861168635,0.0,1778600842.531779,,,,,,,,,,,,,,,,,,,,
9,4,,,,47.532335043,,1778600843.2029667,0.0,0.9603434801101685,,,,,,,,,,,,,,,,,,
19,5,0.0,1.9e-05,1.9e-05,71.665603852,0.0,1778600867.3360703,,,,,,,,,,,,,,,,,,,,
19,6,0.0,1.9e-05,1.9e-05,72.335506437,0.0,1778600868.0060747,,,,,,,,,,,,,,,,,,,,
19,7,0.0,1.9e-05,1.9e-05,73.004533456,0.0,1778600868.6753345,,,,,,,,,,,,,,,,,,,,
19,8,0.0,1.9e-05,1.9e-05,73.673692353,0.0,1778600869.344454,,,,,,,,,,,,,,,,,,,,
19,9,,,,74.344489654,,1778600870.0150895,0.0,0.755568265914917,,,,,,,,,,,,,,,,,,
29,10,0.0,2.9e-05,2.9e-05,98.455437265,0.0,1778600894.1259818,,,,,,,,,,,,,,,,,,,,
29,11,0.0,2.9e-05,2.9e-05,99.125753921,0.0,1778600894.7963219,,,,,,,,,,,,,,,,,,,,
29,12,0.0,2.9e-05,2.9e-05,100.124826397,0.0,1778600895.795437,,,,,,,,,,,,,,,,,,,,
29,13,0.0,2.9e-05,2.9e-05,100.794067105,0.0,1778600896.4647844,,,,,,,,,,,,,,,,,,,,
29,14,,,,101.464011071,,1778600897.1346285,0.0,0.750176191329956,,,,,,,,,,,,,,,,,,
39,15,0.0,3.9000000000000006e-05,3.9000000000000006e-05,125.572488074,0.0,1778600921.243028,,,,,,,,,,,,,,,,,,,,
39,16,0.0,3.9000000000000006e-05,3.9000000000000006e-05,126.242762304,0.0,1778600921.913371,,,,,,,,,,,,,,,,,,,,
39,17,0.0,3.9000000000000006e-05,3.9000000000000006e-05,126.913154131,0.0,1778600922.5837524,,,,,,,,,,,,,,,,,,,,
39,18,0.0,3.9000000000000006e-05,3.9000000000000006e-05,127.582287716,0.0,1778600923.253008,,,,,,,,,,,,,,,,,,,,
39,19,,,,128.253107446,,1778600923.9236748,0.0,1.0522791147232056,,,,,,,,,,,,,,,,,,
49,20,0.0,4.9e-05,4.9e-05,152.355297054,0.0,1778600948.0258322,,,,,,,,,,,,,,,,,,,,
49,21,0.0,4.9e-05,4.9e-05,153.02513133,0.0,1778600948.695885,,,,,,,,,,,,,,,,,,,,
49,22,0.0,4.9e-05,4.9e-05,153.694108898,0.0,1778600949.3648634,,,,,,,,,,,,,,,,,,,,
49,23,0.0,4.9e-05,4.9e-05,154.362930582,0.0,1778600950.0337067,,,,,,,,,,,,,,,,,,,,
49,24,,,,155.033324279,,1778600950.703958,0.0,0.7076013088226318,,,,,,,,,,,,,,,,,,
58,25,,,,202.743110617,,1778600998.413783,0.0,,0.7311827540397644,18.8125,0.0,0.7311827540397644,19.483057022094727,0.2680546045303345,,,,,,,,,,,,
58,26,,,,203.18460683,,1778600998.855194,0.0,,,,,,,,0.0,0.9378541707992554,0.9378541707992554,21.478967666625977,0.06212085485458374,19.0,,,,,,
59,27,0.0,5.9e-05,5.9e-05,203.456307758,0.0,1778600999.1266077,,,,,,,,,,,,,,,,,,,,
59,28,0.0,5.9e-05,5.9e-05,204.128388197,0.0,1778600999.7989514,,,,,,,,,,,,,,,,,,,,
59,29,0.0,5.9e-05,5.9e-05,204.797914606,0.0,1778601000.4686525,,,,,,,,,,,,,,,,,,,,
59,30,0.0,5.9e-05,5.9e-05,205.466783556,0.0,1778601001.137564,,,,,,,,,,,,,,,,,,,,
59,31,,,,206.13749684,,1778601001.8081334,1.0,0.49260634183883667,,,,,,,,,,,,,,,,,,
69,32,0.0,6.9e-05,6.9e-05,230.245066609,0.0,1778601025.9156213,,,,,,,,,,,,,,,,,,,,
69,33,0.0,6.9e-05,6.9e-05,230.915656595,0.0,1778601026.5862684,,,,,,,,,,,,,,,,,,,,
69,34,0.0,6.9e-05,6.9e-05,231.584739595,0.0,1778601027.2555006,,,,,,,,,,,,,,,,,,,,
69,35,0.0,6.9e-05,6.9e-05,232.25365982,0.0,1778601027.924442,,,,,,,,,,,,,,,,,,,,
69,36,,,,232.923978688,,1778601028.5946138,1.0,0.5709239840507507,,,,,,,,,,,,,,,,,,
79,37,0.0,7.900000000000001e-05,7.900000000000001e-05,257.027578569,0.0,1778601052.6980991,,,,,,,,,,,,,,,,,,,,
79,38,0.0,7.900000000000001e-05,7.900000000000001e-05,257.697777235,0.0,1778601053.3683522,,,,,,,,,,,,,,,,,,,,
79,39,0.0,7.900000000000001e-05,7.900000000000001e-05,258.366610968,0.0,1778601054.037387,,,,,,,,,,,,,,,,,,,,
79,40,0.0,7.900000000000001e-05,7.900000000000001e-05,259.03536459,0.0,1778601054.7061253,,,,,,,,,,,,,,,,,,,,
79,41,,,,259.705796877,,1778601055.3764045,1.0,0.5358892679214478,,,,,,,,,,,,,,,,,,
89,42,0.0,8.900000000000001e-05,8.900000000000001e-05,283.812884054,0.0,1778601079.4834387,,,,,,,,,,,,,,,,,,,,
89,43,0.0,8.900000000000001e-05,8.900000000000001e-05,284.483411362,0.0,1778601080.1539817,,,,,,,,,,,,,,,,,,,,
89,44,0.0,8.900000000000001e-05,8.900000000000001e-05,285.152564473,0.0,1778601080.8233001,,,,,,,,,,,,,,,,,,,,
89,45,0.0,8.900000000000001e-05,8.900000000000001e-05,285.821297122,0.0,1778601081.4920492,,,,,,,,,,,,,,,,,,,,
89,46,,,,286.491779221,,1778601082.1623812,1.0,0.47922447323799133,,,,,,,,,,,,,,,,,,
99,47,0.0,9.900000000000001e-05,9.900000000000001e-05,310.598994324,0.0,1778601106.2695317,,,,,,,,,,,,,,,,,,,,
99,48,0.0,9.900000000000001e-05,9.900000000000001e-05,311.269060435,0.0,1778601106.9396453,,,,,,,,,,,,,,,,,,,,
99,49,0.0,9.900000000000001e-05,9.900000000000001e-05,311.937983098,0.0,1778601107.6087656,,,,,,,,,,,,,,,,,,,,
99,50,0.0,9.900000000000001e-05,9.900000000000001e-05,312.607034674,0.0,1778601108.2777963,,,,,,,,,,,,,,,,,,,,
99,51,,,,313.277161938,,1778601108.9479268,1.0,0.4415004253387451,,,,,,,,,,,,,,,,,,
109,52,0.0,9.999972977378436e-05,9.999972977378436e-05,337.382673041,0.0,1778601133.053188,,,,,,,,,,,,,,,,,,,,
109,53,0.0,9.999972977378436e-05,9.999972977378436e-05,338.053136388,0.0,1778601133.7237017,,,,,,,,,,,,,,,,,,,,
109,54,0.0,9.999972977378436e-05,9.999972977378436e-05,338.72218646,0.0,1778601134.392976,,,,,,,,,,,,,,,,,,,,
109,55,0.0,9.999972977378436e-05,9.999972977378436e-05,339.391479768,0.0,1778601135.062229,,,,,,,,,,,,,,,,,,,,
109,56,,,,340.061936976,,1778601135.7325528,1.0,0.5045579075813293,,,,,,,,,,,,,,,,,,
117,57,,,,384.794559396,,1778601180.4652588,1.0,,0.44159579277038574,12.458999633789062,0.0,0.44159579277038574,14.456914901733398,0.5579721927642822,,,,,,,,,,,,
117,58,,,,384.987827875,,1778601180.6584013,1.0,,,,,,,,0.0,0.5201480984687805,0.5201480984687805,15.726885795593262,0.47985363006591797,13.563751220703125,,,,,,
119,59,0.0,9.999879566222095e-05,9.999879566222095e-05,387.944543855,0.0,1778601183.614943,,,,,,,,,,,,,,,,,,,,
119,60,0.0,9.999879566222095e-05,9.999879566222095e-05,388.614925415,0.0,1778601184.2854884,,,,,,,,,,,,,,,,,,,,
119,61,0.0,9.999879566222095e-05,9.999879566222095e-05,389.285407436,0.0,1778601184.9559553,,,,,,,,,,,,,,,,,,,,
119,62,0.0,9.999879566222095e-05,9.999879566222095e-05,389.955985412,0.0,1778601185.6265707,,,,,,,,,,,,,,,,,,,,
119,63,,,,390.626302034,,1778601186.2969468,2.0,0.219105526804924,,,,,,,,,,,,,,,,,,
129,64,0.0,9.999719434164599e-05,9.999719434164599e-05,414.748414123,0.0,1778601210.4189138,,,,,,,,,,,,,,,,,,,,
129,65,0.0,9.999719434164599e-05,9.999719434164599e-05,415.418623992,0.0,1778601211.089195,,,,,,,,,,,,,,,,,,,,
129,66,0.0,9.999719434164599e-05,9.999719434164599e-05,416.089029957,0.0,1778601211.7596035,,,,,,,,,,,,,,,,,,,,
129,67,0.0,9.999719434164599e-05,9.999719434164599e-05,416.759478155,0.0,1778601212.430044,,,,,,,,,,,,,,,,,,,,
129,68,,,,417.429875958,,1778601213.1004848,2.0,0.2771231234073639,,,,,,,,,,,,,,,,,,
139,69,0.0,9.999492583342828e-05,9.999492583342828e-05,441.548862541,0.0,1778601237.219407,,,,,,,,,,,,,,,,,,,,
139,70,0.0,9.999492583342828e-05,9.999492583342828e-05,442.218918618,0.0,1778601237.88951,,,,,,,,,,,,,,,,,,,,
139,71,0.0,9.999492583342828e-05,9.999492583342828e-05,442.889225201,0.0,1778601238.559822,,,,,,,,,,,,,,,,,,,,
139,72,0.0,9.999492583342828e-05,9.999492583342828e-05,443.559514649,0.0,1778601239.2302718,,,,,,,,,,,,,,,,,,,,
139,73,,,,444.229895804,,1778601239.9005716,2.0,0.2284935712814331,,,,,,,,,,,,,,,,,,
149,74,0.0,9.999199016783993e-05,9.999199016783993e-05,468.3452963,0.0,1778601264.016022,,,,,,,,,,,,,,,,,,,,
149,75,0.0,9.999199016783993e-05,9.999199016783993e-05,469.015297763,0.0,1778601264.6858783,,,,,,,,,,,,,,,,,,,,
149,76,0.0,9.999199016783993e-05,9.999199016783993e-05,469.685792828,0.0,1778601265.3563983,,,,,,,,,,,,,,,,,,,,
149,77,0.0,9.999199016783993e-05,9.999199016783993e-05,470.356361032,0.0,1778601266.0269752,,,,,,,,,,,,,,,,,,,,
149,78,,,,471.027269829,,1778601266.697875,2.0,0.39792704582214355,,,,,,,,,,,,,,,,,,
159,79,0.0,9.998838738405594e-05,9.998838738405594e-05,495.146884148,0.0,1778601290.8174577,,,,,,,,,,,,,,,,,,,,
159,80,0.0,9.998838738405594e-05,9.998838738405594e-05,495.817214293,0.0,1778601291.4878504,,,,,,,,,,,,,,,,,,,,
159,81,0.0,9.998838738405594e-05,9.998838738405594e-05,496.487663096,0.0,1778601292.1582127,,,,,,,,,,,,,,,,,,,,
159,82,0.0,9.998838738405594e-05,9.998838738405594e-05,497.158337207,0.0,1778601292.8289492,,,,,,,,,,,,,,,,,,,,
159,83,,,,497.828702675,,1778601293.4993162,2.0,0.49937230348587036,,,,,,,,,,,,,,,,,,
169,84,0.0,9.998411753015367e-05,9.998411753015367e-05,521.948597052,0.0,1778601317.6191628,,,,,,,,,,,,,,,,,,,,
169,85,0.0,9.998411753015367e-05,9.998411753015367e-05,522.618909668,0.0,1778601318.2894669,,,,,,,,,,,,,,,,,,,,
169,86,0.0,9.998411753015367e-05,9.998411753015367e-05,523.288867461,0.0,1778601318.9596374,,,,,,,,,,,,,,,,,,,,
169,87,0.0,9.998411753015367e-05,9.998411753015367e-05,523.959461871,0.0,1778601319.6300566,,,,,,,,,,,,,,,,,,,,
169,88,,,,524.629753766,,1778601320.3003747,2.0,0.1550801545381546,,,,,,,,,,,,,,,,,,
176,89,,,,566.757679455,,1778601362.4283412,2.0,,0.29036879539489746,8.7421875,0.0,0.29036879539489746,11.062084197998047,0.7093398571014404,,,,,,,,,,,,
176,90,,,,566.92875068,,1778601362.5992892,2.0,,,,,,,,0.0,0.3483259379863739,0.3483259379863739,12.186196327209473,0.651680588722229,9.625,,,,,,
179,91,0.0,9.997918066311216e-05,9.997918066311216e-05,572.60099879,0.0,1778601368.2713268,,,,,,,,,,,,,,,,,,,,
179,92,0.0,9.997918066311216e-05,9.997918066311216e-05,573.272067729,0.0,1778601368.942796,,,,,,,,,,,,,,,,,,,,
179,93,0.0,9.997918066311216e-05,9.997918066311216e-05,573.942573052,0.0,1778601369.6131597,,,,,,,,,,,,,,,,,,,,
179,94,0.0,9.997918066311216e-05,9.997918066311216e-05,574.611504557,0.0,1778601370.2822533,,,,,,,,,,,,,,,,,,,,
179,95,,,,575.281851191,,1778601370.952479,3.0,0.33410221338272095,,,,,,,,,,,,,,,,,,
189,96,0.0,9.997357684881147e-05,9.997357684881147e-05,599.398364584,0.0,1778601395.068881,,,,,,,,,,,,,,,,,,,,
189,97,0.0,9.997357684881147e-05,9.997357684881147e-05,600.068638316,0.0,1778601395.739261,,,,,,,,,,,,,,,,,,,,
189,98,0.0,9.997357684881147e-05,9.997357684881147e-05,600.739319861,0.0,1778601396.40994,,,,,,,,,,,,,,,,,,,,
189,99,0.0,9.997357684881147e-05,9.997357684881147e-05,601.408260268,0.0,1778601397.0790045,,,,,,,,,,,,,,,,,,,,
189,100,,,,602.07866736,,1778601397.7492478,3.0,0.4438730478286743,,,,,,,,,,,,,,,,,,
199,101,0.0,9.996730616203174e-05,9.996730616203174e-05,626.192543136,0.0,1778601421.8631408,,,,,,,,,,,,,,,,,,,,
199,102,0.0,9.996730616203174e-05,9.996730616203174e-05,628.395201387,0.0,1778601424.065783,,,,,,,,,,,,,,,,,,,,
199,103,0.0,9.996730616203174e-05,9.996730616203174e-05,631.954658694,0.0,1778601427.6252806,,,,,,,,,,,,,,,,,,,,
199,104,0.0,9.996730616203174e-05,9.996730616203174e-05,633.191625346,0.0,1778601428.8624144,,,,,,,,,,,,,,,,,,,,
199,105,,,,633.862972129,,1778601429.5335867,3.0,0.24575552344322205,,,,,,,,,,,,,,,,,,
209,106,0.0,9.99603686864521e-05,9.99603686864521e-05,657.978143768,0.0,1778601453.6486547,,,,,,,,,,,,,,,,,,,,
209,107,0.0,9.99603686864521e-05,9.99603686864521e-05,658.64847384,0.0,1778601454.3190582,,,,,,,,,,,,,,,,,,,,
209,108,0.0,9.99603686864521e-05,9.99603686864521e-05,659.318845505,0.0,1778601454.9893982,,,,,,,,,,,,,,,,,,,,
209,109,0.0,9.99603686864521e-05,9.99603686864521e-05,659.98792057,0.0,1778601455.6586716,,,,,,,,,,,,,,,,,,,,
209,110,,,,660.65914649,,1778601456.3296988,3.0,0.15946488082408905,,,,,,,,,,,,,,,,,,
219,111,0.0,9.995276451464972e-05,9.995276451464972e-05,684.792975835,0.0,1778601480.46354,,,,,,,,,,,,,,,,,,,,
219,112,0.0,9.995276451464972e-05,9.995276451464972e-05,685.46408061,0.0,1778601481.1346552,,,,,,,,,,,,,,,,,,,,
219,113,0.0,9.995276451464972e-05,9.995276451464972e-05,686.134925445,0.0,1778601481.805498,,,,,,,,,,,,,,,,,,,,
219,114,0.0,9.995276451464972e-05,9.995276451464972e-05,686.805481885,0.0,1778601482.4760938,,,,,,,,,,,,,,,,,,,,
219,115,,,,687.476939121,,1778601483.1475697,3.0,0.28932347893714905,,,,,,,,,,,,,,,,,,
229,116,0.0,9.994449374809851e-05,9.994449374809851e-05,711.605220473,0.0,1778601507.2757573,,,,,,,,,,,,,,,,,,,,
229,117,0.0,9.994449374809851e-05,9.994449374809851e-05,712.276518527,0.0,1778601507.9471025,,,,,,,,,,,,,,,,,,,,
229,118,0.0,9.994449374809851e-05,9.994449374809851e-05,712.947392644,0.0,1778601508.6179626,,,,,,,,,,,,,,,,,,,,
229,119,0.0,9.994449374809851e-05,9.994449374809851e-05,713.616408226,0.0,1778601509.2871594,,,,,,,,,,,,,,,,,,,,
229,120,,,,714.287218075,,1778601509.9577918,3.0,0.3663519322872162,,,,,,,,,,,,,,,,,,
235,121,,,,753.718393995,,1778601549.3890936,3.0,,0.3280975818634033,9.5625,0.0,0.3280975818634033,11.81456184387207,0.671563446521759,,,,,,,,,,,,
235,122,,,,753.918932047,,1778601549.5894656,3.0,,,,,,,,0.0,0.29319503903388977,0.29319503903388977,10.991074562072754,0.7067962884902954,8.34375,,,,,,
239,123,0.0,9.99355564971677e-05,9.99355564971677e-05,762.304783646,0.0,1778601557.9750547,,,,,,,,,,,,,,,,,,,,
239,124,0.0,9.99355564971677e-05,9.99355564971677e-05,762.975087501,0.0,1778601558.645667,,,,,,,,,,,,,,,,,,,,
239,125,0.0,9.99355564971677e-05,9.99355564971677e-05,763.645251426,0.0,1778601559.3158357,,,,,,,,,,,,,,,,,,,,
239,126,0.0,9.99355564971677e-05,9.99355564971677e-05,764.315286838,0.0,1778601559.985884,,,,,,,,,,,,,,,,,,,,
239,127,,,,764.985898846,,1778601560.6564605,4.0,0.3855578303337097,,,,,,,,,,,,,,,,,,
249,128,0.0,9.992595288112046e-05,9.992595288112046e-05,789.10509658,0.0,1778601584.7756197,,,,,,,,,,,,,,,,,,,,
249,129,0.0,9.992595288112046e-05,9.992595288112046e-05,789.775725662,0.0,1778601585.4463615,,,,,,,,,,,,,,,,,,,,
249,130,0.0,9.992595288112046e-05,9.992595288112046e-05,790.446295726,0.0,1778601586.1168625,,,,,,,,,,,,,,,,,,,,
249,131,0.0,9.992595288112046e-05,9.992595288112046e-05,791.116199608,0.0,1778601586.786779,,,,,,,,,,,,,,,,,,,,
249,132,,,,791.786762751,,1778601587.4573753,4.0,0.2697327136993408,,,,,,,,,,,,,,,,,,
259,133,0.0,9.991568302811227e-05,9.991568302811227e-05,815.89909992,0.0,1778601611.5696626,,,,,,,,,,,,,,,,,,,,
259,134,0.0,9.991568302811227e-05,9.991568302811227e-05,816.56945577,0.0,1778601612.2400548,,,,,,,,,,,,,,,,,,,,
259,135,0.0,9.991568302811227e-05,9.991568302811227e-05,817.239587573,0.0,1778601612.9101202,,,,,,,,,,,,,,,,,,,,
259,136,0.0,9.991568302811227e-05,9.991568302811227e-05,817.909636341,0.0,1778601613.5802033,,,,,,,,,,,,,,,,,,,,
259,137,,,,818.580356698,,1778601614.2509434,4.0,0.25108468532562256,,,,,,,,,,,,,,,,,,
269,138,0.0,9.990474707518917e-05,9.990474707518917e-05,842.696872443,0.0,1778601638.3673823,,,,,,,,,,,,,,,,,,,,
269,139,0.0,9.990474707518917e-05,9.990474707518917e-05,843.367208651,0.0,1778601639.0379088,,,,,,,,,,,,,,,,,,,,
269,140,0.0,9.990474707518917e-05,9.990474707518917e-05,844.037334763,0.0,1778601639.7079217,,,,,,,,,,,,,,,,,,,,
269,141,0.0,9.990474707518917e-05,9.990474707518917e-05,844.707271801,0.0,1778601640.3778813,,,,,,,,,,,,,,,,,,,,
269,142,,,,845.378037295,,1778601641.0486205,4.0,0.1755473017692566,,,,,,,,,,,,,,,,,,
279,143,0.0,9.989314516828604e-05,9.989314516828604e-05,869.493089631,0.0,1778601665.163658,,,,,,,,,,,,,,,,,,,,
279,144,0.0,9.989314516828604e-05,9.989314516828604e-05,870.163468442,0.0,1778601665.834134,,,,,,,,,,,,,,,,,,,,
279,145,0.0,9.989314516828604e-05,9.989314516828604e-05,870.833682345,0.0,1778601666.504266,,,,,,,,,,,,,,,,,,,,
279,146,0.0,9.989314516828604e-05,9.989314516828604e-05,871.503668445,0.0,1778601667.174307,,,,,,,,,,,,,,,,,,,,
279,147,,,,872.174461698,,1778601667.8450756,4.0,0.16657447814941406,,,,,,,,,,,,,,,,,,
289,148,0.0,9.988087746222452e-05,9.988087746222452e-05,896.290352689,0.0,1778601691.960915,,,,,,,,,,,,,,,,,,,,
289,149,0.0,9.988087746222452e-05,9.988087746222452e-05,896.960682584,0.0,1778601692.631312,,,,,,,,,,,,,,,,,,,,
289,150,0.0,9.988087746222452e-05,9.988087746222452e-05,897.630679328,0.0,1778601693.3012464,,,,,,,,,,,,,,,,,,,,
289,151,0.0,9.988087746222452e-05,9.988087746222452e-05,898.300569021,0.0,1778601693.9711378,,,,,,,,,,,,,,,,,,,,
289,152,,,,898.971509925,,1778601694.6421077,4.0,0.2424032837152481,,,,,,,,,,,,,,,,,,
294,153,,,,935.684626927,,1778601731.3552794,4.0,,0.25175750255584717,7.5625,0.0,0.25175750255584717,10.042732238769531,0.7479829788208008,,,,,,,,,,,,
294,154,,,,935.909072395,,1778601731.5796394,4.0,,,,,,,,0.0,0.27489373087882996,0.27489373087882996,10.489784240722656,0.7251105904579163,7.703125,,,,,,
299,155,0.0,9.986794412071105e-05,9.986794412071105e-05,946.923684649,0.0,1778601742.5942159,,,,,,,,,,,,,,,,,,,,
299,156,0.0,9.986794412071105e-05,9.986794412071105e-05,947.594008922,0.0,1778601743.2646284,,,,,,,,,,,,,,,,,,,,
299,157,0.0,9.986794412071105e-05,9.986794412071105e-05,948.264061016,0.0,1778601743.9348292,,,,,,,,,,,,,,,,,,,,
299,158,0.0,9.986794412071105e-05,9.986794412071105e-05,948.934643197,0.0,1778601744.6052225,,,,,,,,,,,,,,,,,,,,
299,159,,,,949.604907911,,1778601745.2755432,5.0,0.2882881760597229,,,,,,,,,,,,,,,,,,
309,160,0.0,9.985434531633462e-05,9.985434531633462e-05,973.709928574,0.0,1778601769.3804843,,,,,,,,,,,,,,,,,,,,
309,161,0.0,9.985434531633462e-05,9.985434531633462e-05,974.380081588,0.0,1778601770.050694,,,,,,,,,,,,,,,,,,,,
309,162,0.0,9.985434531633462e-05,9.985434531633462e-05,975.050269915,0.0,1778601770.7209237,,,,,,,,,,,,,,,,,,,,
309,163,0.0,9.985434531633462e-05,9.985434531633462e-05,975.720361737,0.0,1778601771.390985,,,,,,,,,,,,,,,,,,,,
309,164,,,,976.391077266,,1778601772.0617075,5.0,0.4141523838043213,,,,,,,,,,,,,,,,,,
319,165,0.0,9.98400812305645e-05,9.98400812305645e-05,1000.488158516,0.0,1778601796.1587107,,,,,,,,,,,,,,,,,,,,
319,166,0.0,9.98400812305645e-05,9.98400812305645e-05,1001.158221784,0.0,1778601796.8288057,,,,,,,,,,,,,,,,,,,,
319,167,0.0,9.98400812305645e-05,9.98400812305645e-05,1001.829060146,0.0,1778601797.4996107,,,,,,,,,,,,,,,,,,,,
319,168,0.0,9.98400812305645e-05,9.98400812305645e-05,1002.499718398,0.0,1778601798.1702936,,,,,,,,,,,,,,,,,,,,
319,169,,,,1003.169843939,,1778601798.8405929,5.0,0.18733720481395721,,,,,,,,,,,,,,,,,,
329,170,0.0,9.982515205374778e-05,9.982515205374778e-05,1027.270582183,0.0,1778601822.941123,,,,,,,,,,,,,,,,,,,,
329,171,0.0,9.982515205374778e-05,9.982515205374778e-05,1027.940913051,0.0,1778601823.6114962,,,,,,,,,,,,,,,,,,,,
329,172,0.0,9.982515205374778e-05,9.982515205374778e-05,1028.611235826,0.0,1778601824.281804,,,,,,,,,,,,,,,,,,,,
329,173,0.0,9.982515205374778e-05,9.982515205374778e-05,1029.281120823,0.0,1778601824.9517655,,,,,,,,,,,,,,,,,,,,
329,174,,,,1029.951486613,,1778601825.6220756,5.0,0.16286247968673706,,,,,,,,,,,,,,,,,,
339,175,0.0,9.980955798510694e-05,9.980955798510694e-05,1054.055658166,0.0,1778601849.726204,,,,,,,,,,,,,,,,,,,,
339,176,0.0,9.980955798510694e-05,9.980955798510694e-05,1054.726099889,0.0,1778601850.3966453,,,,,,,,,,,,,,,,,,,,
339,177,0.0,9.980955798510694e-05,9.980955798510694e-05,1055.396315972,0.0,1778601851.0669181,,,,,,,,,,,,,,,,,,,,
339,178,0.0,9.980955798510694e-05,9.980955798510694e-05,1056.067127841,0.0,1778601851.7377675,,,,,,,,,,,,,,,,,,,,
339,179,,,,1056.737454621,,1778601852.4080796,5.0,0.4506283402442932,,,,,,,,,,,,,,,,,,
349,180,0.0,9.9793299232737e-05,9.9793299232737e-05,1080.843350132,0.0,1778601876.5139475,,,,,,,,,,,,,,,,,,,,
349,181,0.0,9.9793299232737e-05,9.9793299232737e-05,1081.513920546,0.0,1778601877.1844928,,,,,,,,,,,,,,,,,,,,
349,182,0.0,9.9793299232737e-05,9.9793299232737e-05,1082.184115706,0.0,1778601877.8547027,,,,,,,,,,,,,,,,,,,,
349,183,0.0,9.9793299232737e-05,9.9793299232737e-05,1082.852909279,0.0,1778601878.5236855,,,,,,,,,,,,,,,,,,,,
349,184,,,,1083.521890804,,1778601879.1926916,5.0,0.26840686798095703,,,,,,,,,,,,,,,,,,
353,185,,,,1117.602728747,,1778601913.2733927,5.0,,0.22064314782619476,6.8828125,0.0,0.22064314782619476,9.298230171203613,0.7791341543197632,,,,,,,,,,,,
353,186,,,,1117.80252038,,1778601913.4730744,5.0,,,,,,,,0.0,0.2471460998058319,0.2471460998058319,9.857497215270996,0.7528502941131592,7.25,,,,,,
359,187,0.0,9.977637601360295e-05,9.977637601360295e-05,1131.507946849,0.0,1778601927.1785092,,,,,,,,,,,,,,,,,,,,
359,188,0.0,9.977637601360295e-05,9.977637601360295e-05,1132.178220273,0.0,1778601927.848798,,,,,,,,,,,,,,,,,,,,
359,189,0.0,9.977637601360295e-05,9.977637601360295e-05,1132.849195844,0.0,1778601928.5197623,,,,,,,,,,,,,,,,,,,,
359,190,0.0,9.977637601360295e-05,9.977637601360295e-05,1133.519121585,0.0,1778601929.1898458,,,,,,,,,,,,,,,,,,,,
359,191,,,,1134.189768391,,1778601929.8603778,6.0,0.29227104783058167,,,,,,,,,,,,,,,,,,
369,192,0.0,9.975878855353668e-05,9.975878855353668e-05,1158.304684794,0.0,1778601953.9754019,,,,,,,,,,,,,,,,,,,,
369,193,0.0,9.975878855353668e-05,9.975878855353668e-05,1158.974930845,0.0,1778601954.645534,,,,,,,,,,,,,,,,,,,,
369,194,0.0,9.975878855353668e-05,9.975878855353668e-05,1159.645297879,0.0,1778601955.3158994,,,,,,,,,,,,,,,,,,,,
369,195,0.0,9.975878855353668e-05,9.975878855353668e-05,1160.315286603,0.0,1778601955.9859138,,,,,,,,,,,,,,,,,,,,
369,196,,,,1160.987594135,,1778601956.6579397,6.0,0.40362244844436646,,,,,,,,,,,,,,,,,,
379,197,0.0,9.974053708723409e-05,9.974053708723409e-05,1185.127005097,0.0,1778601980.7976375,,,,,,,,,,,,,,,,,,,,
379,198,0.0,9.974053708723409e-05,9.974053708723409e-05,1185.797908996,0.0,1778601981.4685097,,,,,,,,,,,,,,,,,,,,
379,199,0.0,9.974053708723409e-05,9.974053708723409e-05,1186.468932374,0.0,1778601982.1395066,,,,,,,,,,,,,,,,,,,,
379,200,0.0,9.974053708723409e-05,9.974053708723409e-05,1187.139838416,0.0,1778601982.8104336,,,,,,,,,,,,,,,,,,,,
379,201,,,,1187.811144049,,1778601983.4817197,6.0,0.2660134732723236,,,,,,,,,,,,,,,,,,
389,202,0.0,9.972162185825193e-05,9.972162185825193e-05,1211.937062221,0.0,1778602007.607643,,,,,,,,,,,,,,,,,,,,
389,203,0.0,9.972162185825193e-05,9.972162185825193e-05,1212.607303121,0.0,1778602008.2778618,,,,,,,,,,,,,,,,,,,,
389,204,0.0,9.972162185825193e-05,9.972162185825193e-05,1213.277610211,0.0,1778602008.9481342,,,,,,,,,,,,,,,,,,,,
389,205,0.0,9.972162185825193e-05,9.972162185825193e-05,1213.947253543,0.0,1778602009.617901,,,,,,,,,,,,,,,,,,,,
389,206,,,,1214.617810018,,1778602010.2883844,6.0,0.17877954244613647,,,,,,,,,,,,,,,,,,
399,207,0.0,9.970204311900449e-05,9.970204311900449e-05,1238.726575806,0.0,1778602034.397187,,,,,,,,,,,,,,,,,,,,
399,208,0.0,9.970204311900449e-05,9.970204311900449e-05,1239.397480162,0.0,1778602035.0680823,,,,,,,,,,,,,,,,,,,,
399,209,0.0,9.970204311900449e-05,9.970204311900449e-05,1240.067775022,0.0,1778602035.7383626,,,,,,,,,,,,,,,,,,,,
399,210,0.0,9.970204311900449e-05,9.970204311900449e-05,1240.737959716,0.0,1778602036.4085932,,,,,,,,,,,,,,,,,,,,
399,211,,,,1241.408611542,,1778602037.0792038,6.0,0.2900930941104889,,,,,,,,,,,,,,,,,,
409,212,0.0,9.968180113076027e-05,9.968180113076027e-05,1265.519062284,0.0,1778602061.189647,,,,,,,,,,,,,,,,,,,,
409,213,0.0,9.968180113076027e-05,9.968180113076027e-05,1266.187789615,0.0,1778602061.8585544,,,,,,,,,,,,,,,,,,,,
409,214,0.0,9.968180113076027e-05,9.968180113076027e-05,1266.856465378,0.0,1778602062.5272307,,,,,,,,,,,,,,,,,,,,
409,215,0.0,9.968180113076027e-05,9.968180113076027e-05,1267.525205298,0.0,1778602063.1959965,,,,,,,,,,,,,,,,,,,,
409,216,,,,1268.194599312,,1778602063.8653789,6.0,0.16834613680839539,,,,,,,,,,,,,,,,,,
412,217,,,,1299.57293751,,1778602095.2436209,6.0,,0.2776872217655182,7.8671875,0.0,0.2776872217655182,10.615489959716797,0.7220298647880554,,,,,,,,,,,,
412,218,,,,1299.780213503,,1778602095.4507651,6.0,,,,,,,,0.0,0.24423082172870636,0.24423082172870636,9.818048477172852,0.7557684183120728,7.296875,,,,,,
419,219,0.0,9.966089616363851e-05,9.966089616363851e-05,1317.12053631,0.0,1778602112.791076,,,,,,,,,,,,,,,,,,,,
419,220,0.0,9.966089616363851e-05,9.966089616363851e-05,1317.790863383,0.0,1778602113.4614975,,,,,,,,,,,,,,,,,,,,
419,221,0.0,9.966089616363851e-05,9.966089616363851e-05,1318.461602256,0.0,1778602114.1322064,,,,,,,,,,,,,,,,,,,,
419,222,0.0,9.966089616363851e-05,9.966089616363851e-05,1319.131861247,0.0,1778602114.8024645,,,,,,,,,,,,,,,,,,,,
419,223,,,,1319.802297033,,1778602115.4729774,7.0,0.14466258883476257,,,,,,,,,,,,,,,,,,
429,224,0.0,9.963932849660562e-05,9.963932849660562e-05,1358.934073962,0.0,1778602154.604632,,,,,,,,,,,,,,,,,,,,
429,225,0.0,9.963932849660562e-05,9.963932849660562e-05,1359.604382846,0.0,1778602155.2749405,,,,,,,,,,,,,,,,,,,,
429,226,0.0,9.963932849660562e-05,9.963932849660562e-05,1360.274635495,0.0,1778602155.9452088,,,,,,,,,,,,,,,,,,,,
429,227,0.0,9.963932849660562e-05,9.963932849660562e-05,1360.944727852,0.0,1778602156.6153376,,,,,,,,,,,,,,,,,,,,
429,228,,,,1361.615176195,,1778602157.2857704,7.0,0.22043123841285706,,,,,,,,,,,,,,,,,,
439,229,0.0,9.961709841747133e-05,9.961709841747133e-05,1385.730655327,0.0,1778602181.4012358,,,,,,,,,,,,,,,,,,,,
439,230,0.0,9.961709841747133e-05,9.961709841747133e-05,1386.401109417,0.0,1778602182.0716677,,,,,,,,,,,,,,,,,,,,
439,231,0.0,9.961709841747133e-05,9.961709841747133e-05,1387.071345449,0.0,1778602182.741905,,,,,,,,,,,,,,,,,,,,
439,232,0.0,9.961709841747133e-05,9.961709841747133e-05,1387.741424255,0.0,1778602183.4120016,,,,,,,,,,,,,,,,,,,,
439,233,,,,1388.411845936,,1778602184.0824487,7.0,0.2794238328933716,,,,,,,,,,,,,,,,,,
449,234,0.0,9.959420622288498e-05,9.959420622288498e-05,1412.52654108,0.0,1778602208.1970692,,,,,,,,,,,,,,,,,,,,
449,235,0.0,9.959420622288498e-05,9.959420622288498e-05,1413.196507606,0.0,1778602208.8672538,,,,,,,,,,,,,,,,,,,,
449,236,0.0,9.959420622288498e-05,9.959420622288498e-05,1413.866785189,0.0,1778602209.5373616,,,,,,,,,,,,,,,,,,,,
449,237,0.0,9.959420622288498e-05,9.959420622288498e-05,1414.537050293,0.0,1778602210.2076848,,,,,,,,,,,,,,,,,,,,
449,238,,,,1415.207803361,,1778602210.8783839,7.0,0.261687308549881,,,,,,,,,,,,,,,,,,
459,239,0.0,9.957065221833152e-05,9.957065221833152e-05,1439.324048176,0.0,1778602234.9945788,,,,,,,,,,,,,,,,,,,,
459,240,0.0,9.957065221833152e-05,9.957065221833152e-05,1439.994248401,0.0,1778602235.664808,,,,,,,,,,,,,,,,,,,,
459,241,0.0,9.957065221833152e-05,9.957065221833152e-05,1440.66457758,0.0,1778602236.3352516,,,,,,,,,,,,,,,,,,,,
459,242,0.0,9.957065221833152e-05,9.957065221833152e-05,1441.334959298,0.0,1778602237.0055773,,,,,,,,,,,,,,,,,,,,
459,243,,,,1442.005417451,,1778602237.6760123,7.0,0.14880797266960144,,,,,,,,,,,,,,,,,,
469,244,0.0,9.954643671812737e-05,9.954643671812737e-05,1466.124754308,0.0,1778602261.7954643,,,,,,,,,,,,,,,,,,,,
469,245,0.0,9.954643671812737e-05,9.954643671812737e-05,1466.79408907,0.0,1778602262.4648457,,,,,,,,,,,,,,,,,,,,
469,246,0.0,9.954643671812737e-05,9.954643671812737e-05,1467.463557473,0.0,1778602263.1343176,,,,,,,,,,,,,,,,,,,,
469,247,0.0,9.954643671812737e-05,9.954643671812737e-05,1468.133347299,0.0,1778602263.804121,,,,,,,,,,,,,,,,,,,,
469,248,,,,1468.802829132,,1778602264.4736233,7.0,0.516635000705719,,,,,,,,,,,,,,,,,,
471,249,,,,1498.540709533,,1778602294.2113323,7.0,,0.21835114061832428,6.75,0.0,0.21835114061832428,9.157326698303223,0.7814252376556396,,,,,,,,,,,,
471,250,,,,1498.752354542,,1778602294.4229379,7.0,,,,,,,,0.0,0.22641755640506744,0.22641755640506744,9.404986381530762,0.7735777497291565,6.944999694824219,,,,,,
479,251,0.0,9.952156004541633e-05,9.952156004541633e-05,1524.891663698,0.0,1778602320.562376,,,,,,,,,,,,,,,,,,,,
479,252,0.0,9.952156004541633e-05,9.952156004541633e-05,1526.710753645,0.0,1778602322.3813765,,,,,,,,,,,,,,,,,,,,
479,253,0.0,9.952156004541633e-05,9.952156004541633e-05,1527.381282449,0.0,1778602323.0518756,,,,,,,,,,,,,,,,,,,,
479,254,0.0,9.952156004541633e-05,9.952156004541633e-05,1530.114870981,0.0,1778602325.785503,,,,,,,,,,,,,,,,,,,,
479,255,,,,1532.89894805,,1778602328.5695467,8.0,0.19489678740501404,,,,,,,,,,,,,,,,,,
489,256,0.0,9.949602253216519e-05,9.949602253216519e-05,1557.999590439,0.0,1778602353.6701684,,,,,,,,,,,,,,,,,,,,
489,257,0.0,9.949602253216519e-05,9.949602253216519e-05,1558.669721443,0.0,1778602354.3403103,,,,,,,,,,,,,,,,,,,,
489,258,0.0,9.949602253216519e-05,9.949602253216519e-05,1559.340500191,0.0,1778602355.0110564,,,,,,,,,,,,,,,,,,,,
489,259,0.0,9.949602253216519e-05,9.949602253216519e-05,1560.010570814,0.0,1778602355.6812556,,,,,,,,,,,,,,,,,,,,
489,260,,,,1560.680812554,,1778602356.3514886,8.0,0.27616050839424133,,,,,,,,,,,,,,,,,,
499,261,0.0,9.946982451915936e-05,9.946982451915936e-05,1584.791895627,0.0,1778602380.4624617,,,,,,,,,,,,,,,,,,,,
499,262,0.0,9.946982451915936e-05,9.946982451915936e-05,1585.462253691,0.0,1778602381.132803,,,,,,,,,,,,,,,,,,,,
499,263,0.0,9.946982451915936e-05,9.946982451915936e-05,1586.132545805,0.0,1778602381.8031511,,,,,,,,,,,,,,,,,,,,
499,264,0.0,9.946982451915936e-05,9.946982451915936e-05,1586.802945011,0.0,1778602382.4735436,,,,,,,,,,,,,,,,,,,,
499,265,,,,1587.473462875,,1778602383.1440861,8.0,0.2901003360748291,,,,,,,,,,,,,,,,,,
509,266,0.0,9.944296635599823e-05,9.944296635599823e-05,1611.587653343,0.0,1778602407.2582147,,,,,,,,,,,,,,,,,,,,
509,267,0.0,9.944296635599823e-05,9.944296635599823e-05,1612.25784838,0.0,1778602407.9284678,,,,,,,,,,,,,,,,,,,,
509,268,0.0,9.944296635599823e-05,9.944296635599823e-05,1612.928160764,0.0,1778602408.5987556,,,,,,,,,,,,,,,,,,,,
509,269,0.0,9.944296635599823e-05,9.944296635599823e-05,1613.598725537,0.0,1778602409.2694545,,,,,,,,,,,,,,,,,,,,
509,270,,,,1614.269713286,,1778602409.9402912,8.0,0.2043682038784027,,,,,,,,,,,,,,,,,,
519,271,0.0,9.941544840109065e-05,9.941544840109065e-05,1638.38238846,0.0,1778602434.053099,,,,,,,,,,,,,,,,,,,,
519,272,0.0,9.941544840109065e-05,9.941544840109065e-05,1639.052464627,0.0,1778602434.7230828,,,,,,,,,,,,,,,,,,,,
519,273,0.0,9.941544840109065e-05,9.941544840109065e-05,1639.722634795,0.0,1778602435.3932364,,,,,,,,,,,,,,,,,,,,
519,274,0.0,9.941544840109065e-05,9.941544840109065e-05,1640.392828699,0.0,1778602436.0634766,,,,,,,,,,,,,,,,,,,,
519,275,,,,1641.063233419,,1778602436.7338634,8.0,0.21729174256324768,,,,,,,,,,,,,,,,,,
529,276,0.0,9.938727102164998e-05,9.938727102164998e-05,1665.163268472,0.0,1778602460.833986,,,,,,,,,,,,,,,,,,,,
529,277,0.0,9.938727102164998e-05,9.938727102164998e-05,1665.831937291,0.0,1778602461.502721,,,,,,,,,,,,,,,,,,,,
529,278,0.0,9.938727102164998e-05,9.938727102164998e-05,1666.500710487,0.0,1778602462.1714897,,,,,,,,,,,,,,,,,,,,
529,279,0.0,9.938727102164998e-05,9.938727102164998e-05,1667.169790815,0.0,1778602462.8405728,,,,,,,,,,,,,,,,,,,,
529,280,,,,1667.83855035,,1778602463.5093389,8.0,0.16849316656589508,,,,,,,,,,,,,,,,,,
530,281,,,,1694.938272474,,1778602490.6089616,8.0,,0.23729783296585083,7.5,0.0,0.23729783296585083,9.792637825012207,0.7624812722206116,,,,,,,,,,,,
530,282,,,,1695.212578828,,1778602490.8831365,8.0,,,,,,,,0.0,0.22430332005023956,0.22430332005023956,9.361034393310547,0.7756930589675903,6.875,,,,,,
539,283,0.0,9.93584345936893e-05,9.93584345936893e-05,1716.930200147,0.0,1778602512.600717,,,,,,,,,,,,,,,,,,,,
539,284,0.0,9.93584345936893e-05,9.93584345936893e-05,1717.600590461,0.0,1778602513.2711513,,,,,,,,,,,,,,,,,,,,
539,285,0.0,9.93584345936893e-05,9.93584345936893e-05,1718.27063721,0.0,1778602513.941232,,,,,,,,,,,,,,,,,,,,
539,286,0.0,9.93584345936893e-05,9.93584345936893e-05,1718.940976327,0.0,1778602514.6115744,,,,,,,,,,,,,,,,,,,,
539,287,,,,1719.611718881,,1778602515.282314,9.0,0.19880947470664978,,,,,,,,,,,,,,,,,,
549,288,0.0,9.932893950201641e-05,9.932893950201641e-05,1743.721135149,0.0,1778602539.391709,,,,,,,,,,,,,,,,,,,,
549,289,0.0,9.932893950201641e-05,9.932893950201641e-05,1744.391590671,0.0,1778602540.0621445,,,,,,,,,,,,,,,,,,,,
549,290,0.0,9.932893950201641e-05,9.932893950201641e-05,1745.060604694,0.0,1778602540.7313497,,,,,,,,,,,,,,,,,,,,
549,291,0.0,9.932893950201641e-05,9.932893950201641e-05,1745.730788066,0.0,1778602541.4013844,,,,,,,,,,,,,,,,,,,,
549,292,,,,1746.401213442,,1778602542.0717828,9.0,0.13087235391139984,,,,,,,,,,,,,,,,,,
559,293,0.0,9.929878614022858e-05,9.929878614022858e-05,1770.513621605,0.0,1778602566.1842263,,,,,,,,,,,,,,,,,,,,
559,294,0.0,9.929878614022858e-05,9.929878614022858e-05,1771.184066138,0.0,1778602566.8546433,,,,,,,,,,,,,,,,,,,,
559,295,0.0,9.929878614022858e-05,9.929878614022858e-05,1771.853018397,0.0,1778602567.5237648,,,,,,,,,,,,,,,,,,,,
559,296,0.0,9.929878614022858e-05,9.929878614022858e-05,1772.523101547,0.0,1778602568.1937003,,,,,,,,,,,,,,,,,,,,
559,297,,,,1773.193140971,,1778602568.8639052,9.0,0.2631576657295227,,,,,,,,,,,,,,,,,,
569,298,0.0,9.92679749107074e-05,9.92679749107074e-05,1797.305284211,0.0,1778602592.9758441,,,,,,,,,,,,,,,,,,,,
569,299,0.0,9.92679749107074e-05,9.92679749107074e-05,1797.976119951,0.0,1778602593.6466868,,,,,,,,,,,,,,,,,,,,
569,300,0.0,9.92679749107074e-05,9.92679749107074e-05,1798.645148594,0.0,1778602594.3158967,,,,,,,,,,,,,,,,,,,,
569,301,0.0,9.92679749107074e-05,9.92679749107074e-05,1799.315617613,0.0,1778602594.9861794,,,,,,,,,,,,,,,,,,,,
569,302,,,,1799.986066931,,1778602595.6566405,9.0,0.3441510498523712,,,,,,,,,,,,,,,,,,
579,303,0.0,9.923650622461339e-05,9.923650622461339e-05,1824.095319742,0.0,1778602619.7658656,,,,,,,,,,,,,,,,,,,,
579,304,0.0,9.923650622461339e-05,9.923650622461339e-05,1824.765668108,0.0,1778602620.4362426,,,,,,,,,,,,,,,,,,,,
579,305,0.0,9.923650622461339e-05,9.923650622461339e-05,1825.43451752,0.0,1778602621.1053023,,,,,,,,,,,,,,,,,,,,
579,306,0.0,9.923650622461339e-05,9.923650622461339e-05,1826.104798945,0.0,1778602621.7754064,,,,,,,,,,,,,,,,,,,,
579,307,,,,1826.775903017,,1778602622.4464738,9.0,0.09296532720327377,,,,,,,,,,,,,,,,,,
589,308,0.0,9.920438050188046e-05,9.920438050188046e-05,1850.867777684,0.0,1778602646.5385284,,,,,,,,,,,,,,,,,,,,
589,309,0.0,9.920438050188046e-05,9.920438050188046e-05,1851.53642443,0.0,1778602647.2072072,,,,,,,,,,,,,,,,,,,,
589,310,,,,1852.184643971,,1778602647.8554437,9.0,0.20288340747356415,,,,,,,,,,,,,,,,,,
589,311,,,,1876.903741774,,1778602672.5744088,9.0,,0.26989713311195374,8.3125,0.0,0.26989713311195374,10.660709381103516,0.729825496673584,,,,,,,,,,,,
589,312,,,,1876.907023254,,1778602672.5778046,9.0,,,,,,,,0.0,0.21243107318878174,0.21243107318878174,9.068034172058105,0.7875576019287109,6.59375,,,,,,
599,313,1.9834319634242075e-05,9.917159817121038e-05,9.917159817121038e-05,1960.149140741,1.9834319634242075e-05,1778602755.819656,,,,,,,,,,,,,,,,,,,,
599,314,1.9834319634242075e-05,9.917159817121038e-05,9.917159817121038e-05,1962.434453215,1.9834319634242075e-05,1778602758.1050355,,,,,,,,,,,,,,,,,,,,
599,315,1.9834319634242075e-05,9.917159817121038e-05,9.917159817121038e-05,1964.718415554,1.9834319634242075e-05,1778602760.38915,,,,,,,,,,,,,,,,,,,,
599,316,1.9834319634242075e-05,9.917159817121038e-05,9.917159817121038e-05,1967.0060369,1.9834319634242075e-05,1778602762.6767368,,,,,,,,,,,,,,,,,,,,
599,317,,,,1969.293065272,,1778602764.9638019,10.0,0.22165481746196747,,,,,,,,,,,,,,,,,,
609,318,1.9827631934013403e-05,9.913815967006702e-05,9.913815967006702e-05,2051.569637514,1.9827631934013403e-05,1778602847.240202,,,,,,,,,,,,,,,,,,,,
609,319,1.9827631934013403e-05,9.913815967006702e-05,9.913815967006702e-05,2053.855146635,1.9827631934013403e-05,1778602849.5258136,,,,,,,,,,,,,,,,,,,,
609,320,1.9827631934013403e-05,9.913815967006702e-05,9.913815967006702e-05,2056.143689743,1.9827631934013403e-05,1778602851.8142867,,,,,,,,,,,,,,,,,,,,
609,321,1.9827631934013403e-05,9.913815967006702e-05,9.913815967006702e-05,2058.428741343,1.9827631934013403e-05,1778602854.099453,,,,,,,,,,,,,,,,,,,,
609,322,,,,2060.716360086,,1778602856.3869693,10.0,0.28994566202163696,,,,,,,,,,,,,,,,,,
619,323,1.98208130889341e-05,9.910406544467051e-05,9.910406544467051e-05,2152.302396359,1.98208130889341e-05,1778602947.9729414,,,,,,,,,,,,,,,,,,,,
619,324,1.98208130889341e-05,9.910406544467051e-05,9.910406544467051e-05,2154.586555177,1.98208130889341e-05,1778602950.2572527,,,,,,,,,,,,,,,,,,,,
619,325,1.98208130889341e-05,9.910406544467051e-05,9.910406544467051e-05,2156.871964354,1.98208130889341e-05,1778602952.5425713,,,,,,,,,,,,,,,,,,,,
619,326,1.98208130889341e-05,9.910406544467051e-05,9.910406544467051e-05,2162.386131681,1.98208130889341e-05,1778602958.0567873,,,,,,,,,,,,,,,,,,,,
619,327,,,,2169.12384571,,1778602964.7945762,10.0,0.12922033667564392,,,,,,,,,,,,,,,,,,
629,328,1.981386318999826e-05,9.906931594999129e-05,9.906931594999129e-05,2259.79671307,1.981386318999826e-05,1778603055.467311,,,,,,,,,,,,,,,,,,,,
629,329,1.981386318999826e-05,9.906931594999129e-05,9.906931594999129e-05,2262.083632437,1.981386318999826e-05,1778603057.7542048,,,,,,,,,,,,,,,,,,,,
629,330,1.981386318999826e-05,9.906931594999129e-05,9.906931594999129e-05,2264.369534792,1.981386318999826e-05,1778603060.0402474,,,,,,,,,,,,,,,,,,,,
629,331,1.981386318999826e-05,9.906931594999129e-05,9.906931594999129e-05,2266.655581172,1.981386318999826e-05,1778603062.3261762,,,,,,,,,,,,,,,,,,,,
629,332,,,,2268.942534164,,1778603064.61327,10.0,0.2977108061313629,,,,,,,,,,,,,,,,,,
639,333,1.9806782329948812e-05,9.903391164974406e-05,9.903391164974406e-05,2351.419057967,1.9806782329948812e-05,1778603147.0895846,,,,,,,,,,,,,,,,,,,,
639,334,1.9806782329948812e-05,9.903391164974406e-05,9.903391164974406e-05,2354.517285987,1.9806782329948812e-05,1778603150.1879907,,,,,,,,,,,,,,,,,,,,
639,335,1.9806782329948812e-05,9.903391164974406e-05,9.903391164974406e-05,2356.80200663,1.9806782329948812e-05,1778603152.472612,,,,,,,,,,,,,,,,,,,,
639,336,1.9806782329948812e-05,9.903391164974406e-05,9.903391164974406e-05,2359.086658607,1.9806782329948812e-05,1778603154.757376,,,,,,,,,,,,,,,,,,,,
639,337,,,,2361.374791353,,1778603157.045386,10.0,0.31377553939819336,,,,,,,,,,,,,,,,,,
648,338,,,,2463.667337294,,1778603259.3380492,10.0,,0.2032780945301056,6.625,0.0,0.2032780945301056,8.92026138305664,0.7965134382247925,,,,,,,,,,,,
648,339,,,,2463.897457522,,1778603259.5679917,10.0,,,,,,,,0.0,0.20860952138900757,0.20860952138900757,8.988926887512207,0.7913917303085327,6.5625,,,,,,
649,340,1.9799570603276313e-05,9.899785301638156e-05,9.899785301638156e-05,2464.210386601,1.9799570603276313e-05,1778603259.8740318,,,,,,,,,,,,,,,,,,,,
649,341,1.9799570603276313e-05,9.899785301638156e-05,9.899785301638156e-05,2466.49752557,1.9799570603276313e-05,1778603262.1680408,,,,,,,,,,,,,,,,,,,,
649,342,1.9799570603276313e-05,9.899785301638156e-05,9.899785301638156e-05,2468.783322438,1.9799570603276313e-05,1778603264.453905,,,,,,,,,,,,,,,,,,,,
649,343,1.9799570603276313e-05,9.899785301638156e-05,9.899785301638156e-05,2471.069424343,1.9799570603276313e-05,1778603266.7399364,,,,,,,,,,,,,,,,,,,,
649,344,,,,2473.35628563,,1778603269.027049,11.0,0.11023475974798203,,,,,,,,,,,,,,,,,,
659,345,1.979222810621766e-05,9.896114053108829e-05,9.896114053108829e-05,2556.684488682,1.979222810621766e-05,1778603352.355054,,,,,,,,,,,,,,,,,,,,
659,346,1.979222810621766e-05,9.896114053108829e-05,9.896114053108829e-05,2558.968441516,1.979222810621766e-05,1778603354.6391625,,,,,,,,,,,,,,,,,,,,
659,347,1.979222810621766e-05,9.896114053108829e-05,9.896114053108829e-05,2561.255868337,1.979222810621766e-05,1778603356.926471,,,,,,,,,,,,,,,,,,,,
659,348,1.979222810621766e-05,9.896114053108829e-05,9.896114053108829e-05,2563.541275637,1.979222810621766e-05,1778603359.2120252,,,,,,,,,,,,,,,,,,,,
659,349,,,,2565.826664788,,1778603361.497272,11.0,0.22715356945991516,,,,,,,,,,,,,,,,,,
669,350,1.9784754936754815e-05,9.892377468377407e-05,9.892377468377407e-05,2648.097547079,1.9784754936754815e-05,1778603443.7681115,,,,,,,,,,,,,,,,,,,,
669,351,1.9784754936754815e-05,9.892377468377407e-05,9.892377468377407e-05,2650.38344362,1.9784754936754815e-05,1778603446.0540001,,,,,,,,,,,,,,,,,,,,
669,352,1.9784754936754815e-05,9.892377468377407e-05,9.892377468377407e-05,2652.668453064,1.9784754936754815e-05,1778603448.3390026,,,,,,,,,,,,,,,,,,,,
669,353,1.9784754936754815e-05,9.892377468377407e-05,9.892377468377407e-05,2654.954437144,1.9784754936754815e-05,1778603450.6251383,,,,,,,,,,,,,,,,,,,,
669,354,,,,2657.241736122,,1778603452.9123213,11.0,0.19443440437316895,,,,,,,,,,,,,,,,,,
679,355,1.97771511946135e-05,9.88857559730675e-05,9.88857559730675e-05,2739.505720851,1.97771511946135e-05,1778603535.176286,,,,,,,,,,,,,,,,,,,,
679,356,1.97771511946135e-05,9.88857559730675e-05,9.88857559730675e-05,2741.790062325,1.97771511946135e-05,1778603537.46079,,,,,,,,,,,,,,,,,,,,
679,357,1.97771511946135e-05,9.88857559730675e-05,9.88857559730675e-05,2744.074182864,1.97771511946135e-05,1778603539.7449098,,,,,,,,,,,,,,,,,,,,
679,358,1.97771511946135e-05,9.88857559730675e-05,9.88857559730675e-05,2746.360950477,1.97771511946135e-05,1778603542.0316086,,,,,,,,,,,,,,,,,,,,
679,359,,,,2748.647798719,,1778603544.3185318,11.0,0.14586174488067627,,,,,,,,,,,,,,,,,,
689,360,1.9769416981261863e-05,9.884708490630932e-05,9.884708490630932e-05,2830.927066866,1.9769416981261863e-05,1778603626.5976324,,,,,,,,,,,,,,,,,,,,
689,361,1.9769416981261863e-05,9.884708490630932e-05,9.884708490630932e-05,2833.209353331,1.9769416981261863e-05,1778603628.880074,,,,,,,,,,,,,,,,,,,,
689,362,1.9769416981261863e-05,9.884708490630932e-05,9.884708490630932e-05,2837.49476956,1.9769416981261863e-05,1778603633.1653776,,,,,,,,,,,,,,,,,,,,
689,363,1.9769416981261863e-05,9.884708490630932e-05,9.884708490630932e-05,2839.778412002,1.9769416981261863e-05,1778603635.4491146,,,,,,,,,,,,,,,,,,,,
689,364,,,,2843.05827481,,1778603638.7290125,11.0,0.2718121409416199,,,,,,,,,,,,,,,,,,
699,365,1.9761552399909136e-05,9.880776199954567e-05,9.880776199954567e-05,2935.386342008,1.9761552399909136e-05,1778603731.0569198,,,,,,,,,,,,,,,,,,,,
699,366,1.9761552399909136e-05,9.880776199954567e-05,9.880776199954567e-05,2937.67329905,1.9761552399909136e-05,1778603733.3440084,,,,,,,,,,,,,,,,,,,,
699,367,1.9761552399909136e-05,9.880776199954567e-05,9.880776199954567e-05,2939.956827752,1.9761552399909136e-05,1778603735.6273665,,,,,,,,,,,,,,,,,,,,
699,368,1.9761552399909136e-05,9.880776199954567e-05,9.880776199954567e-05,2942.24365091,1.9761552399909136e-05,1778603737.914241,,,,,,,,,,,,,,,,,,,,
699,369,,,,2944.531074841,,1778603740.2018406,11.0,0.26023396849632263,,,,,,,,,,,,,,,,,,
707,370,,,,3037.696580715,,1778603833.3672364,11.0,,0.26563531160354614,7.25,0.0,0.26563531160354614,10.07247543334961,0.7340973615646362,,,,,,,,,,,,
707,371,,,,3037.699704937,,1778603833.3705115,11.0,,,,,,,,0.0,0.2094675898551941,0.2094675898551941,9.000455856323242,0.7905347943305969,6.5625,,,,,,
709,372,1.9753557555504226e-05,9.876778777752114e-05,9.876778777752114e-05,3047.133813514,1.9753557555504226e-05,1778603842.804366,,,,,,,,,,,,,,,,,,,,
709,373,1.9753557555504226e-05,9.876778777752114e-05,9.876778777752114e-05,3049.418647927,1.9753557555504226e-05,1778603845.089329,,,,,,,,,,,,,,,,,,,,
709,374,1.9753557555504226e-05,9.876778777752114e-05,9.876778777752114e-05,3051.702784879,1.9753557555504226e-05,1778603847.3733842,,,,,,,,,,,,,,,,,,,,
709,375,1.9753557555504226e-05,9.876778777752114e-05,9.876778777752114e-05,3053.990944844,1.9753557555504226e-05,1778603849.661656,,,,,,,,,,,,,,,,,,,,
709,376,,,,3056.278056531,,1778603851.9486437,12.0,0.2232140600681305,,,,,,,,,,,,,,,,,,
719,377,1.9745432554734356e-05,9.872716277367177e-05,9.872716277367177e-05,3138.562107064,1.9745432554734356e-05,1778603934.2328577,,,,,,,,,,,,,,,,,,,,
719,378,1.9745432554734356e-05,9.872716277367177e-05,9.872716277367177e-05,3140.847731865,1.9745432554734356e-05,1778603936.5183303,,,,,,,,,,,,,,,,,,,,
719,379,1.9745432554734356e-05,9.872716277367177e-05,9.872716277367177e-05,3143.134734578,1.9745432554734356e-05,1778603938.8055153,,,,,,,,,,,,,,,,,,,,
719,380,1.9745432554734356e-05,9.872716277367177e-05,9.872716277367177e-05,3145.423379352,1.9745432554734356e-05,1778603941.094016,,,,,,,,,,,,,,,,,,,,
719,381,,,,3147.709484982,,1778603943.3800855,12.0,0.3068099915981293,,,,,,,,,,,,,,,,,,
729,382,1.973717750602361e-05,9.868588753011805e-05,9.868588753011805e-05,3229.992477947,1.973717750602361e-05,1778604025.6632252,,,,,,,,,,,,,,,,,,,,
729,383,1.973717750602361e-05,9.868588753011805e-05,9.868588753011805e-05,3232.277412529,1.973717750602361e-05,1778604027.9479618,,,,,,,,,,,,,,,,,,,,
729,384,1.973717750602361e-05,9.868588753011805e-05,9.868588753011805e-05,3234.564041559,1.973717750602361e-05,1778604030.234747,,,,,,,,,,,,,,,,,,,,
729,385,1.973717750602361e-05,9.868588753011805e-05,9.868588753011805e-05,3236.848649907,1.973717750602361e-05,1778604032.5191882,,,,,,,,,,,,,,,,,,,,
729,386,,,,3239.133577004,,1778604034.8041623,12.0,0.1786251664161682,,,,,,,,,,,,,,,,,,
739,387,1.97287925195315e-05,9.864396259765748e-05,9.864396259765748e-05,3321.406298295,1.97287925195315e-05,1778604117.0768538,,,,,,,,,,,,,,,,,,,,
739,388,1.97287925195315e-05,9.864396259765748e-05,9.864396259765748e-05,3323.693709054,1.97287925195315e-05,1778604119.3644054,,,,,,,,,,,,,,,,,,,,
739,389,1.97287925195315e-05,9.864396259765748e-05,9.864396259765748e-05,3325.979432873,1.97287925195315e-05,1778604121.6499557,,,,,,,,,,,,,,,,,,,,
739,390,1.97287925195315e-05,9.864396259765748e-05,9.864396259765748e-05,3328.265459806,1.97287925195315e-05,1778604123.9359946,,,,,,,,,,,,,,,,,,,,
739,391,,,,3330.55302884,,1778604126.2236695,12.0,0.25603243708610535,,,,,,,,,,,,,,,,,,
749,392,1.9720277707151486e-05,9.860138853575743e-05,9.860138853575743e-05,3412.847768559,1.9720277707151486e-05,1778604208.518314,,,,,,,,,,,,,,,,,,,,
749,393,1.9720277707151486e-05,9.860138853575743e-05,9.860138853575743e-05,3415.133528865,1.9720277707151486e-05,1778604210.8042307,,,,,,,,,,,,,,,,,,,,
749,394,1.9720277707151486e-05,9.860138853575743e-05,9.860138853575743e-05,3417.419102239,1.9720277707151486e-05,1778604213.0896962,,,,,,,,,,,,,,,,,,,,
749,395,1.9720277707151486e-05,9.860138853575743e-05,9.860138853575743e-05,3419.705854466,1.9720277707151486e-05,1778604215.376415,,,,,,,,,,,,,,,,,,,,
749,396,,,,3421.992046139,,1778604217.6626952,12.0,0.13311389088630676,,,,,,,,,,,,,,,,,,
759,397,1.97116331825095e-05,9.85581659125475e-05,9.85581659125475e-05,3504.282744828,1.97116331825095e-05,1778604299.9534266,,,,,,,,,,,,,,,,,,,,
759,398,1.97116331825095e-05,9.85581659125475e-05,9.85581659125475e-05,3506.568463294,1.97116331825095e-05,1778604302.2390554,,,,,,,,,,,,,,,,,,,,
759,399,1.97116331825095e-05,9.85581659125475e-05,9.85581659125475e-05,3508.854090272,1.97116331825095e-05,1778604304.524672,,,,,,,,,,,,,,,,,,,,
759,400,1.97116331825095e-05,9.85581659125475e-05,9.85581659125475e-05,3511.137759913,1.97116331825095e-05,1778604306.8083997,,,,,,,,,,,,,,,,,,,,
759,401,,,,3513.423953581,,1778604309.0947058,12.0,0.11279296875,,,,,,,,,,,,,,,,,,
766,402,,,,3613.516863239,,1778604409.1875598,12.0,,0.2191302329301834,7.4375,0.0,0.2191302329301834,9.521286964416504,0.7806130647659302,,,,,,,,,,,,
766,403,,,,3613.52008009,,1778604409.1908634,12.0,,,,,,,,0.0,0.19629858434200287,0.19629858434200287,8.723142623901367,0.8037014603614807,6.3125,,,,,,
769,404,1.9702859060962417e-05,9.851429530481208e-05,9.851429530481208e-05,3632.100320742,1.9702859060962417e-05,1778604427.7709005,,,,,,,,,,,,,,,,,,,,
769,405,1.9702859060962417e-05,9.851429530481208e-05,9.851429530481208e-05,3634.385278659,1.9702859060962417e-05,1778604430.0560238,,,,,,,,,,,,,,,,,,,,
769,406,1.9702859060962417e-05,9.851429530481208e-05,9.851429530481208e-05,3636.668871832,1.9702859060962417e-05,1778604432.339616,,,,,,,,,,,,,,,,,,,,
769,407,1.9702859060962417e-05,9.851429530481208e-05,9.851429530481208e-05,3638.954027695,1.9702859060962417e-05,1778604434.624526,,,,,,,,,,,,,,,,,,,,
769,408,,,,3641.239508516,,1778604436.910116,13.0,0.14080700278282166,,,,,,,,,,,,,,,,,,
779,409,1.9693955459596518e-05,9.846977729798258e-05,9.846977729798258e-05,3730.620941978,1.9693955459596518e-05,1778604526.2915072,,,,,,,,,,,,,,,,,,,,
779,410,1.9693955459596518e-05,9.846977729798258e-05,9.846977729798258e-05,3732.909441757,1.9693955459596518e-05,1778604528.5800002,,,,,,,,,,,,,,,,,,,,
779,411,1.9693955459596518e-05,9.846977729798258e-05,9.846977729798258e-05,3735.195474032,1.9693955459596518e-05,1778604530.866252,,,,,,,,,,,,,,,,,,,,
779,412,1.9693955459596518e-05,9.846977729798258e-05,9.846977729798258e-05,3737.480329515,1.9693955459596518e-05,1778604533.151006,,,,,,,,,,,,,,,,,,,,
779,413,,,,3739.767136423,,1778604535.437934,13.0,0.1339273899793625,,,,,,,,,,,,,,,,,,
789,414,1.968492249722592e-05,9.84246124861296e-05,9.84246124861296e-05,3822.02428329,1.968492249722592e-05,1778604617.6948462,,,,,,,,,,,,,,,,,,,,
789,415,1.968492249722592e-05,9.84246124861296e-05,9.84246124861296e-05,3824.309049338,1.968492249722592e-05,1778604619.9797294,,,,,,,,,,,,,,,,,,,,
789,416,1.968492249722592e-05,9.84246124861296e-05,9.84246124861296e-05,3827.631013166,1.968492249722592e-05,1778604623.3016574,,,,,,,,,,,,,,,,,,,,
789,417,1.968492249722592e-05,9.84246124861296e-05,9.84246124861296e-05,3831.923809164,1.968492249722592e-05,1778604627.5945127,,,,,,,,,,,,,,,,,,,,
789,418,,,,3837.173724164,,1778604632.844463,13.0,0.2471710443496704,,,,,,,,,,,,,,,,,,
799,419,1.967576029439101e-05,9.837880147195505e-05,9.837880147195505e-05,3934.608641599,1.967576029439101e-05,1778604730.2793794,,,,,,,,,,,,,,,,,,,,
799,420,1.967576029439101e-05,9.837880147195505e-05,9.837880147195505e-05,3936.894995983,1.967576029439101e-05,1778604732.5655322,,,,,,,,,,,,,,,,,,,,
799,421,1.967576029439101e-05,9.837880147195505e-05,9.837880147195505e-05,3939.182973359,1.967576029439101e-05,1778604734.853608,,,,,,,,,,,,,,,,,,,,
799,422,1.967576029439101e-05,9.837880147195505e-05,9.837880147195505e-05,3941.471053198,1.967576029439101e-05,1778604737.1415865,,,,,,,,,,,,,,,,,,,,
799,423,,,,3943.758159261,,1778604739.4288895,13.0,0.18375453352928162,,,,,,,,,,,,,,,,,,
809,424,1.9666468973356817e-05,9.833234486678408e-05,9.833234486678408e-05,4047.171638616,1.9666468973356817e-05,1778604842.8422263,,,,,,,,,,,,,,,,,,,,
809,425,1.9666468973356817e-05,9.833234486678408e-05,9.833234486678408e-05,4049.460084304,1.9666468973356817e-05,1778604845.1306908,,,,,,,,,,,,,,,,,,,,
809,426,1.9666468973356817e-05,9.833234486678408e-05,9.833234486678408e-05,4051.744344574,1.9666468973356817e-05,1778604847.4149222,,,,,,,,,,,,,,,,,,,,
809,427,1.9666468973356817e-05,9.833234486678408e-05,9.833234486678408e-05,4059.018008041,1.9666468973356817e-05,1778604854.688703,,,,,,,,,,,,,,,,,,,,
809,428,,,,4061.306104542,,1778604856.976719,13.0,0.22993957996368408,,,,,,,,,,,,,,,,,,
819,429,1.965704865811139e-05,9.828524329055694e-05,9.828524329055694e-05,4146.669585449,1.965704865811139e-05,1778604942.3401947,,,,,,,,,,,,,,,,,,,,
819,430,1.965704865811139e-05,9.828524329055694e-05,9.828524329055694e-05,4148.955668359,1.965704865811139e-05,1778604944.6262286,,,,,,,,,,,,,,,,,,,,
819,431,1.965704865811139e-05,9.828524329055694e-05,9.828524329055694e-05,4151.241920681,1.965704865811139e-05,1778604946.9125133,,,,,,,,,,,,,,,,,,,,
819,432,1.965704865811139e-05,9.828524329055694e-05,9.828524329055694e-05,4153.528006982,1.965704865811139e-05,1778604949.1987357,,,,,,,,,,,,,,,,,,,,
819,433,,,,4156.81813216,,1778604952.488784,13.0,0.11911475658416748,,,,,,,,,,,,,,,,,,
825,434,,,,4245.794086761,,1778605041.4647505,13.0,,0.17984817922115326,6.09375,0.0,0.17984817922115326,8.214655876159668,0.8199691772460938,,,,,,,,,,,,
825,435,,,,4246.048524023,,1778605041.7190645,13.0,,,,,,,,0.0,0.20162484049797058,0.20162484049797058,8.838478088378906,0.7983822822570801,6.5,,,,,,
829,436,1.9647499474364138e-05,9.823749737182069e-05,9.823749737182069e-05,4273.797030355,1.9647499474364138e-05,1778605069.467714,,,,,,,,,,,,,,,,,,,,
829,437,1.9647499474364138e-05,9.823749737182069e-05,9.823749737182069e-05,4276.082401052,1.9647499474364138e-05,1778605071.7530034,,,,,,,,,,,,,,,,,,,,
829,438,1.9647499474364138e-05,9.823749737182069e-05,9.823749737182069e-05,4278.370009397,1.9647499474364138e-05,1778605074.040728,,,,,,,,,,,,,,,,,,,,
829,439,1.9647499474364138e-05,9.823749737182069e-05,9.823749737182069e-05,4280.655517936,1.9647499474364138e-05,1778605076.3262274,,,,,,,,,,,,,,,,,,,,
829,440,,,,4282.94555745,,1778605078.6161606,14.0,0.20272180438041687,,,,,,,,,,,,,,,,,,
839,441,1.9637821549544166e-05,9.818910774772083e-05,9.818910774772083e-05,4365.238935758,1.9637821549544166e-05,1778605160.9096534,,,,,,,,,,,,,,,,,,,,
839,442,1.9637821549544166e-05,9.818910774772083e-05,9.818910774772083e-05,4367.52635343,1.9637821549544166e-05,1778605163.1969485,,,,,,,,,,,,,,,,,,,,
839,443,1.9637821549544166e-05,9.818910774772083e-05,9.818910774772083e-05,4369.812856312,1.9637821549544166e-05,1778605165.4835343,,,,,,,,,,,,,,,,,,,,
839,444,1.9637821549544166e-05,9.818910774772083e-05,9.818910774772083e-05,4372.098143652,1.9637821549544166e-05,1778605167.7688804,,,,,,,,,,,,,,,,,,,,
839,445,,,,4374.386677349,,1778605170.05744,14.0,0.1737222671508789,,,,,,,,,,,,,,,,,,
849,446,1.9628015012798553e-05,9.814007506399275e-05,9.814007506399275e-05,4456.700887715,1.9628015012798553e-05,1778605252.3714323,,,,,,,,,,,,,,,,,,,,
849,447,1.9628015012798553e-05,9.814007506399275e-05,9.814007506399275e-05,4458.987171984,1.9628015012798553e-05,1778605254.6579294,,,,,,,,,,,,,,,,,,,,
849,448,1.9628015012798553e-05,9.814007506399275e-05,9.814007506399275e-05,4461.276379715,1.9628015012798553e-05,1778605256.9469826,,,,,,,,,,,,,,,,,,,,
849,449,1.9628015012798553e-05,9.814007506399275e-05,9.814007506399275e-05,4463.559759315,1.9628015012798553e-05,1778605259.2305024,,,,,,,,,,,,,,,,,,,,
849,450,,,,4465.846105312,,1778605261.516755,14.0,0.19650061428546906,,,,,,,,,,,,,,,,,,
859,451,1.9618079994990643e-05,9.809039997495321e-05,9.809039997495321e-05,4555.182614094,1.9618079994990643e-05,1778605350.8533096,,,,,,,,,,,,,,,,,,,,
859,452,1.9618079994990643e-05,9.809039997495321e-05,9.809039997495321e-05,4557.466759562,1.9618079994990643e-05,1778605353.1373363,,,,,,,,,,,,,,,,,,,,
859,453,1.9618079994990643e-05,9.809039997495321e-05,9.809039997495321e-05,4559.755189963,1.9618079994990643e-05,1778605355.425766,,,,,,,,,,,,,,,,,,,,
859,454,1.9618079994990643e-05,9.809039997495321e-05,9.809039997495321e-05,4562.040031376,1.9618079994990643e-05,1778605357.710731,,,,,,,,,,,,,,,,,,,,
859,455,,,,4564.326324704,,1778605359.9970596,14.0,0.08125630766153336,,,,,,,,,,,,,,,,,,
869,456,1.9608016628698302e-05,9.804008314349151e-05,9.804008314349151e-05,4651.665753843,1.9608016628698302e-05,1778605447.3363154,,,,,,,,,,,,,,,,,,,,
869,457,1.9608016628698302e-05,9.804008314349151e-05,9.804008314349151e-05,4655.951750863,1.9608016628698302e-05,1778605451.6224215,,,,,,,,,,,,,,,,,,,,
869,458,1.9608016628698302e-05,9.804008314349151e-05,9.804008314349151e-05,4661.271034816,1.9608016628698302e-05,1778605456.9416122,,,,,,,,,,,,,,,,,,,,
869,459,1.9608016628698302e-05,9.804008314349151e-05,9.804008314349151e-05,4663.556805008,1.9608016628698302e-05,1778605459.2275531,,,,,,,,,,,,,,,,,,,,
869,460,,,,4665.843830038,,1778605461.5144858,14.0,0.1239180937409401,,,,,,,,,,,,,,,,,,
879,461,1.959782504821214e-05,9.79891252410607e-05,9.79891252410607e-05,4748.164144805,1.959782504821214e-05,1778605543.8347378,,,,,,,,,,,,,,,,,,,,
879,462,1.959782504821214e-05,9.79891252410607e-05,9.79891252410607e-05,4750.45116968,1.959782504821214e-05,1778605546.1217682,,,,,,,,,,,,,,,,,,,,
879,463,1.959782504821214e-05,9.79891252410607e-05,9.79891252410607e-05,4752.737415309,1.959782504821214e-05,1778605548.4080145,,,,,,,,,,,,,,,,,,,,
879,464,1.959782504821214e-05,9.79891252410607e-05,9.79891252410607e-05,4755.024648664,1.959782504821214e-05,1778605550.6952703,,,,,,,,,,,,,,,,,,,,
879,465,,,,4757.309888195,,1778605552.9804952,14.0,0.26532289385795593,,,,,,,,,,,,,,,,,,
884,466,,,,4840.507743235,,1778605636.1784415,14.0,,0.17729972302913666,5.9375,0.0,0.17729972302913666,8.177582740783691,0.8224804997444153,,,,,,,,,,,,
884,467,,,,4840.749013853,,1778605636.4195614,14.0,,,,,,,,0.0,0.19425112009048462,0.19425112009048462,8.616313934326172,0.8057451844215393,6.294490814208984,,,,,,
889,468,1.9587505389533717e-05,9.793752694766857e-05,9.793752694766857e-05,4877.652809583,1.9587505389533717e-05,1778605673.3233526,,,,,,,,,,,,,,,,,,,,
889,469,1.9587505389533717e-05,9.793752694766857e-05,9.793752694766857e-05,4879.939326866,1.9587505389533717e-05,1778605675.6100183,,,,,,,,,,,,,,,,,,,,
889,470,1.9587505389533717e-05,9.793752694766857e-05,9.793752694766857e-05,4882.223908142,1.9587505389533717e-05,1778605677.894502,,,,,,,,,,,,,,,,,,,,
889,471,1.9587505389533717e-05,9.793752694766857e-05,9.793752694766857e-05,4884.511531607,1.9587505389533717e-05,1778605680.1822338,,,,,,,,,,,,,,,,,,,,
889,472,,,,4886.797465186,,1778605682.4680228,15.0,0.2959182858467102,,,,,,,,,,,,,,,,,,
899,473,1.9577057790373733e-05,9.788528895186866e-05,9.788528895186866e-05,4969.093214043,1.9577057790373733e-05,1778605764.7637653,,,,,,,,,,,,,,,,,,,,
899,474,1.9577057790373733e-05,9.788528895186866e-05,9.788528895186866e-05,4971.380207126,1.9577057790373733e-05,1778605767.050783,,,,,,,,,,,,,,,,,,,,
899,475,1.9577057790373733e-05,9.788528895186866e-05,9.788528895186866e-05,4973.668147073,1.9577057790373733e-05,1778605769.3386643,,,,,,,,,,,,,,,,,,,,
899,476,1.9577057790373733e-05,9.788528895186866e-05,9.788528895186866e-05,4975.954536233,1.9577057790373733e-05,1778605771.6250896,,,,,,,,,,,,,,,,,,,,
899,477,,,,4978.241045482,,1778605773.9115822,15.0,0.17303331196308136,,,,,,,,,,,,,,,,,,
909,478,1.9566482390150193e-05,9.783241195075097e-05,9.783241195075097e-05,5067.223984794,1.9566482390150193e-05,1778605862.8945942,,,,,,,,,,,,,,,,,,,,
909,479,1.9566482390150193e-05,9.783241195075097e-05,9.783241195075097e-05,5069.946533664,1.9566482390150193e-05,1778605865.6170924,,,,,,,,,,,,,,,,,,,,
909,480,1.9566482390150193e-05,9.783241195075097e-05,9.783241195075097e-05,5072.234504828,1.9566482390150193e-05,1778605867.9050426,,,,,,,,,,,,,,,,,,,,
909,481,1.9566482390150193e-05,9.783241195075097e-05,9.783241195075097e-05,5074.518959785,1.9566482390150193e-05,1778605870.1895638,,,,,,,,,,,,,,,,,,,,
909,482,,,,5083.338266895,,1778605879.0089185,15.0,0.14989379048347473,,,,,,,,,,,,,,,,,,
919,483,1.9555779329986543e-05,9.777889664993271e-05,9.777889664993271e-05,5196.745311951,1.9555779329986543e-05,1778605992.4158664,,,,,,,,,,,,,,,,,,,,
919,484,1.9555779329986543e-05,9.777889664993271e-05,9.777889664993271e-05,5202.075092244,1.9555779329986543e-05,1778605997.74564,,,,,,,,,,,,,,,,,,,,
919,485,1.9555779329986543e-05,9.777889664993271e-05,9.777889664993271e-05,5204.364220069,1.9555779329986543e-05,1778606000.034732,,,,,,,,,,,,,,,,,,,,
919,486,1.9555779329986543e-05,9.777889664993271e-05,9.777889664993271e-05,5206.653184936,1.9555779329986543e-05,1778606002.3237123,,,,,,,,,,,,,,,,,,,,
919,487,,,,5208.941931213,,1778606004.6125035,15.0,0.13945038616657257,,,,,,,,,,,,,,,,,,
929,488,1.9544948752709792e-05,9.772474376354896e-05,9.772474376354896e-05,5295.169583664,1.9544948752709792e-05,1778606090.840154,,,,,,,,,,,,,,,,,,,,
929,489,1.9544948752709792e-05,9.772474376354896e-05,9.772474376354896e-05,5297.457156233,1.9544948752709792e-05,1778606093.1276891,,,,,,,,,,,,,,,,,,,,
929,490,1.9544948752709792e-05,9.772474376354896e-05,9.772474376354896e-05,5299.742226503,1.9544948752709792e-05,1778606095.412802,,,,,,,,,,,,,,,,,,,,
929,491,1.9544948752709792e-05,9.772474376354896e-05,9.772474376354896e-05,5302.027000915,1.9544948752709792e-05,1778606097.6975036,,,,,,,,,,,,,,,,,,,,
929,492,,,,5304.314614281,,1778606099.985168,15.0,0.1890026479959488,,,,,,,,,,,,,,,,,,
939,493,1.953399080284859e-05,9.766995401424295e-05,9.766995401424295e-05,5416.573733507,1.953399080284859e-05,1778606212.2442782,,,,,,,,,,,,,,,,,,,,
939,494,1.953399080284859e-05,9.766995401424295e-05,9.766995401424295e-05,5418.860191849,1.953399080284859e-05,1778606214.5307715,,,,,,,,,,,,,,,,,,,,
939,495,1.953399080284859e-05,9.766995401424295e-05,9.766995401424295e-05,5421.147182831,1.953399080284859e-05,1778606216.8177524,,,,,,,,,,,,,,,,,,,,
939,496,1.953399080284859e-05,9.766995401424295e-05,9.766995401424295e-05,5423.434103616,1.953399080284859e-05,1778606219.104704,,,,,,,,,,,,,,,,,,,,
939,497,,,,5425.722289414,,1778606221.392882,15.0,0.15723560750484467,,,,,,,,,,,,,,,,,,
943,498,,,,5491.60487936,,1778606287.27532,15.0,,0.2001754343509674,6.413566589355469,0.0,0.2001754343509674,8.720760345458984,0.7996087074279785,,,,,,,,,,,,
943,499,,,,5491.840735567,,1778606287.5112557,15.0,,,,,,,,0.0,0.18306171894073486,0.18306171894073486,8.373983383178711,0.8169459104537964,6.103355407714844,,,,,,
949,500,1.952290562663132e-05,9.76145281331566e-05,9.76145281331566e-05,5563.496538443,1.952290562663132e-05,1778606359.167074,,,,,,,,,,,,,,,,,,,,
949,501,1.952290562663132e-05,9.76145281331566e-05,9.76145281331566e-05,5567.777866187,1.952290562663132e-05,1778606363.4484217,,,,,,,,,,,,,,,,,,,,
949,502,1.952290562663132e-05,9.76145281331566e-05,9.76145281331566e-05,5570.06691322,1.952290562663132e-05,1778606365.7374713,,,,,,,,,,,,,,,,,,,,
949,503,1.952290562663132e-05,9.76145281331566e-05,9.76145281331566e-05,5572.353715883,1.952290562663132e-05,1778606368.024311,,,,,,,,,,,,,,,,,,,,
949,504,,,,5574.643238129,,1778606370.3138068,16.0,0.24306267499923706,,,,,,,,,,,,,,,,,,
959,505,1.9511693371984133e-05,9.755846685992067e-05,9.755846685992067e-05,5670.000855006,1.9511693371984133e-05,1778606465.6713934,,,,,,,,,,,,,,,,,,,,
959,506,1.9511693371984133e-05,9.755846685992067e-05,9.755846685992067e-05,5672.287778288,1.9511693371984133e-05,1778606467.95829,,,,,,,,,,,,,,,,,,,,
959,507,1.9511693371984133e-05,9.755846685992067e-05,9.755846685992067e-05,5674.574150399,1.9511693371984133e-05,1778606470.2447333,,,,,,,,,,,,,,,,,,,,
959,508,1.9511693371984133e-05,9.755846685992067e-05,9.755846685992067e-05,5676.860914179,1.9511693371984133e-05,1778606472.531486,,,,,,,,,,,,,,,,,,,,
959,509,,,,5679.146126601,,1778606474.8167171,16.0,0.20099297165870667,,,,,,,,,,,,,,,,,,
969,510,1.9500354188528986e-05,9.750177094264492e-05,9.750177094264492e-05,5801.964911195,1.9500354188528986e-05,1778606597.6354413,,,,,,,,,,,,,,,,,,,,
969,511,1.9500354188528986e-05,9.750177094264492e-05,9.750177094264492e-05,5805.306821884,1.9500354188528986e-05,1778606600.977422,,,,,,,,,,,,,,,,,,,,
969,512,1.9500354188528986e-05,9.750177094264492e-05,9.750177094264492e-05,5809.78157179,1.9500354188528986e-05,1778606605.4521186,,,,,,,,,,,,,,,,,,,,
969,513,1.9500354188528986e-05,9.750177094264492e-05,9.750177094264492e-05,5812.893894376,1.9500354188528986e-05,1778606608.5644417,,,,,,,,,,,,,,,,,,,,
969,514,,,,5820.249284381,,1778606615.9198728,16.0,0.09729257225990295,,,,,,,,,,,,,,,,,,
979,515,1.9488888227581618e-05,9.744444113790809e-05,9.744444113790809e-05,5916.049417593,1.9488888227581618e-05,1778606711.719967,,,,,,,,,,,,,,,,,,,,
979,516,1.9488888227581618e-05,9.744444113790809e-05,9.744444113790809e-05,5918.335926917,1.9488888227581618e-05,1778606714.0064642,,,,,,,,,,,,,,,,,,,,
979,517,1.9488888227581618e-05,9.744444113790809e-05,9.744444113790809e-05,5920.620845274,1.9488888227581618e-05,1778606716.2913783,,,,,,,,,,,,,,,,,,,,
979,518,1.9488888227581618e-05,9.744444113790809e-05,9.744444113790809e-05,5922.907356898,1.9488888227581618e-05,1778606718.5778687,,,,,,,,,,,,,,,,,,,,
979,519,,,,5925.192717659,,1778606720.863266,16.0,0.08329040557146072,,,,,,,,,,,,,,,,,,
989,520,1.947729564214958e-05,9.738647821074789e-05,9.738647821074789e-05,6024.796495562,1.947729564214958e-05,1778606820.4671068,,,,,,,,,,,,,,,,,,,,
989,521,1.947729564214958e-05,9.738647821074789e-05,9.738647821074789e-05,6027.083100569,1.947729564214958e-05,1778606822.7536106,,,,,,,,,,,,,,,,,,,,
989,522,1.947729564214958e-05,9.738647821074789e-05,9.738647821074789e-05,6029.371623882,1.947729564214958e-05,1778606825.0421693,,,,,,,,,,,,,,,,,,,,
989,523,1.947729564214958e-05,9.738647821074789e-05,9.738647821074789e-05,6031.657076581,1.947729564214958e-05,1778606827.3276048,,,,,,,,,,,,,,,,,,,,
989,524,,,,6033.943199678,,1778606829.6137402,16.0,0.2508224844932556,,,,,,,,,,,,,,,,,,
999,525,1.9465576586930135e-05,9.732788293465067e-05,9.732788293465067e-05,6136.903965014,1.9465576586930135e-05,1778606932.5745423,,,,,,,,,,,,,,,,,,,,
999,526,1.9465576586930135e-05,9.732788293465067e-05,9.732788293465067e-05,6139.191767588,1.9465576586930135e-05,1778606934.8623495,,,,,,,,,,,,,,,,,,,,
999,527,1.9465576586930135e-05,9.732788293465067e-05,9.732788293465067e-05,6142.46953879,1.9465576586930135e-05,1778606938.1401274,,,,,,,,,,,,,,,,,,,,
999,528,1.9465576586930135e-05,9.732788293465067e-05,9.732788293465067e-05,6145.853404115,1.9465576586930135e-05,1778606941.5239189,,,,,,,,,,,,,,,,,,,,
999,529,,,,6148.141737791,,1778606943.8122945,16.0,0.20488284528255463,,,,,,,,,,,,,,,,,,
1002,530,,,,6217.663923123,,1778607013.334414,16.0,,0.2683647572994232,7.0267791748046875,0.0,0.2683647572994232,9.960156440734863,0.7313797473907471,,,,,,,,,,,,
1002,531,,,,6217.667303197,,1778607013.3380835,16.0,,,,,,,,0.0,0.18076296150684357,0.18076296150684357,8.301117897033691,0.8192330598831177,6.0253448486328125,,,,,,
1009,532,1.945373121830824e-05,9.72686560915412e-05,9.72686560915412e-05,6273.926927052,1.945373121830824e-05,1778607069.597452,,,,,,,,,,,,,,,,,,,,
1009,533,1.945373121830824e-05,9.72686560915412e-05,9.72686560915412e-05,6276.212294536,1.945373121830824e-05,1778607071.8828602,,,,,,,,,,,,,,,,,,,,
1009,534,1.945373121830824e-05,9.72686560915412e-05,9.72686560915412e-05,6278.499300658,1.945373121830824e-05,1778607074.1698782,,,,,,,,,,,,,,,,,,,,
1009,535,1.945373121830824e-05,9.72686560915412e-05,9.72686560915412e-05,6280.786682645,1.945373121830824e-05,1778607076.4572299,,,,,,,,,,,,,,,,,,,,
1009,536,,,,6283.074199272,,1778607078.7450216,17.0,0.13680198788642883,,,,,,,,,,,,,,,,,,
1019,537,1.9441759694354437e-05,9.720879847177218e-05,9.720879847177218e-05,6378.126756575,1.9441759694354437e-05,1778607173.797483,,,,,,,,,,,,,,,,,,,,
1019,538,1.9441759694354437e-05,9.720879847177218e-05,9.720879847177218e-05,6380.412028555,1.9441759694354437e-05,1778607176.082644,,,,,,,,,,,,,,,,,,,,
1019,539,1.9441759694354437e-05,9.720879847177218e-05,9.720879847177218e-05,6382.696864436,1.9441759694354437e-05,1778607178.3674533,,,,,,,,,,,,,,,,,,,,
1019,540,1.9441759694354437e-05,9.720879847177218e-05,9.720879847177218e-05,6384.985719181,1.9441759694354437e-05,1778607180.6562686,,,,,,,,,,,,,,,,,,,,
1019,541,,,,6387.273285172,,1778607182.9438725,17.0,0.11447613686323166,,,,,,,,,,,,,,,,,,
1029,542,1.9429662174822742e-05,9.714831087411371e-05,9.714831087411371e-05,6497.66271008,1.9429662174822742e-05,1778607293.3332527,,,,,,,,,,,,,,,,,,,,
1029,543,1.9429662174822742e-05,9.714831087411371e-05,9.714831087411371e-05,6499.947865884,1.9429662174822742e-05,1778607295.6184592,,,,,,,,,,,,,,,,,,,,
1029,544,1.9429662174822742e-05,9.714831087411371e-05,9.714831087411371e-05,6503.187555349,1.9429662174822742e-05,1778607298.8581038,,,,,,,,,,,,,,,,,,,,
1029,545,1.9429662174822742e-05,9.714831087411371e-05,9.714831087411371e-05,6506.520599446,1.9429662174822742e-05,1778607302.1912382,,,,,,,,,,,,,,,,,,,,
1029,546,,,,6509.904850223,,1778607305.575506,17.0,0.04788539558649063,,,,,,,,,,,,,,,,,,
1039,547,1.941743882114853e-05,9.708719410574266e-05,9.708719410574266e-05,6608.025894417,1.941743882114853e-05,1778607403.6964326,,,,,,,,,,,,,,,,,,,,
1039,548,1.941743882114853e-05,9.708719410574266e-05,9.708719410574266e-05,6610.311008087,1.941743882114853e-05,1778607405.981558,,,,,,,,,,,,,,,,,,,,
1039,549,1.941743882114853e-05,9.708719410574266e-05,9.708719410574266e-05,6612.595774912,1.941743882114853e-05,1778607408.2663057,,,,,,,,,,,,,,,,,,,,
1039,550,1.941743882114853e-05,9.708719410574266e-05,9.708719410574266e-05,6614.88293381,1.941743882114853e-05,1778607410.5535226,,,,,,,,,,,,,,,,,,,,
1039,551,,,,6617.168930285,,1778607412.8395164,17.0,0.19662609696388245,,,,,,,,,,,,,,,,,,
1049,552,1.9405089796446362e-05,9.702544898223182e-05,9.702544898223182e-05,6700.535270408,1.9405089796446362e-05,1778607496.2058105,,,,,,,,,,,,,,,,,,,,
1049,553,1.9405089796446362e-05,9.702544898223182e-05,9.702544898223182e-05,6704.071821588,1.9405089796446362e-05,1778607499.7424057,,,,,,,,,,,,,,,,,,,,
1049,554,1.9405089796446362e-05,9.702544898223182e-05,9.702544898223182e-05,6714.027155135,1.9405089796446362e-05,1778607509.6977005,,,,,,,,,,,,,,,,,,,,
1049,555,1.9405089796446362e-05,9.702544898223182e-05,9.702544898223182e-05,6716.313959847,1.9405089796446362e-05,1778607511.9844959,,,,,,,,,,,,,,,,,,,,
1049,556,,,,6719.612814131,,1778607515.2834048,17.0,0.1661604344844818,,,,,,,,,,,,,,,,,,
1059,557,1.9392615265507823e-05,9.696307632753911e-05,9.696307632753911e-05,6814.032763258,1.9392615265507823e-05,1778607609.7033713,,,,,,,,,,,,,,,,,,,,
1059,558,1.9392615265507823e-05,9.696307632753911e-05,9.696307632753911e-05,6816.318344978,1.9392615265507823e-05,1778607611.9889307,,,,,,,,,,,,,,,,,,,,
1059,559,1.9392615265507823e-05,9.696307632753911e-05,9.696307632753911e-05,6819.593494012,1.9392615265507823e-05,1778607615.264068,,,,,,,,,,,,,,,,,,,,
1059,560,1.9392615265507823e-05,9.696307632753911e-05,9.696307632753911e-05,6821.878213999,1.9392615265507823e-05,1778607617.548777,,,,,,,,,,,,,,,,,,,,
1059,561,,,,6824.166703525,,1778607619.837288,17.0,0.1516764760017395,,,,,,,,,,,,,,,,,,
1061,562,,,,6863.66085866,,1778607659.3313909,17.0,,0.19621674716472626,6.0,0.0,0.19621674716472626,8.438923835754395,0.8035950660705566,,,,,,,,,,,,
1061,563,,,,6863.91406696,,1778607659.5846152,17.0,,,,,,,,0.0,0.1761973351240158,0.1761973351240158,8.153000831604004,0.8238053321838379,5.907962799072266,,,,,,
1069,564,1.9380015394799304e-05,9.690007697399652e-05,9.690007697399652e-05,6941.111095803,1.9380015394799304e-05,1778607736.781594,,,,,,,,,,,,,,,,,,,,
1069,565,1.9380015394799304e-05,9.690007697399652e-05,9.690007697399652e-05,6947.942401447,1.9380015394799304e-05,1778607743.6129277,,,,,,,,,,,,,,,,,,,,
1069,566,1.9380015394799304e-05,9.690007697399652e-05,9.690007697399652e-05,6950.229553392,1.9380015394799304e-05,1778607745.9001198,,,,,,,,,,,,,,,,,,,,
1069,567,1.9380015394799304e-05,9.690007697399652e-05,9.690007697399652e-05,6952.516551313,1.9380015394799304e-05,1778607748.1870573,,,,,,,,,,,,,,,,,,,,
1069,568,,,,6954.804738134,,1778607750.4753416,18.0,0.20466722548007965,,,,,,,,,,,,,,,,,,
1079,569,1.9367290352459807e-05,9.683645176229903e-05,9.683645176229903e-05,7072.828541017,1.9367290352459807e-05,1778607868.499129,,,,,,,,,,,,,,,,,,,,
1079,570,1.9367290352459807e-05,9.683645176229903e-05,9.683645176229903e-05,7075.116231841,1.9367290352459807e-05,1778607870.7867785,,,,,,,,,,,,,,,,,,,,
1079,571,1.9367290352459807e-05,9.683645176229903e-05,9.683645176229903e-05,7077.401610871,1.9367290352459807e-05,1778607873.072069,,,,,,,,,,,,,,,,,,,,
1079,572,1.9367290352459807e-05,9.683645176229903e-05,9.683645176229903e-05,7079.684757426,1.9367290352459807e-05,1778607875.3553333,,,,,,,,,,,,,,,,,,,,
1079,573,,,,7081.970240189,,1778607877.6407967,18.0,0.16419434547424316,,,,,,,,,,,,,,,,,,
1089,574,1.9354440308298676e-05,9.677220154149337e-05,9.677220154149337e-05,7189.363943107,1.9354440308298676e-05,1778607985.0345268,,,,,,,,,,,,,,,,,,,,
1089,575,1.9354440308298676e-05,9.677220154149337e-05,9.677220154149337e-05,7191.652555099,1.9354440308298676e-05,1778607987.3230922,,,,,,,,,,,,,,,,,,,,
1089,576,1.9354440308298676e-05,9.677220154149337e-05,9.677220154149337e-05,7193.939082438,1.9354440308298676e-05,1778607989.609669,,,,,,,,,,,,,,,,,,,,
1089,577,1.9354440308298676e-05,9.677220154149337e-05,9.677220154149337e-05,7196.224517779,1.9354440308298676e-05,1778607991.895043,,,,,,,,,,,,,,,,,,,,
1089,578,,,,7198.511081469,,1778607994.1816502,18.0,0.21775779128074646,,,,,,,,,,,,,,,,,,
1099,579,1.9341465433793347e-05,9.670732716896673e-05,9.670732716896673e-05,7297.951845523,1.9341465433793347e-05,1778608093.6223905,,,,,,,,,,,,,,,,,,,,
1099,580,1.9341465433793347e-05,9.670732716896673e-05,9.670732716896673e-05,7300.237529332,1.9341465433793347e-05,1778608095.9080627,,,,,,,,,,,,,,,,,,,,
1099,581,1.9341465433793347e-05,9.670732716896673e-05,9.670732716896673e-05,7304.446428172,1.9341465433793347e-05,1778608100.117008,,,,,,,,,,,,,,,,,,,,
1099,582,1.9341465433793347e-05,9.670732716896673e-05,9.670732716896673e-05,7306.732728976,1.9341465433793347e-05,1778608102.403279,,,,,,,,,,,,,,,,,,,,
1099,583,,,,7309.020672563,,1778608104.691212,18.0,0.19308549165725708,,,,,,,,,,,,,,,,,,
1109,584,1.932836590208706e-05,9.66418295104353e-05,9.66418295104353e-05,7394.44897111,1.932836590208706e-05,1778608190.11954,,,,,,,,,,,,,,,,,,,,
1109,585,1.932836590208706e-05,9.66418295104353e-05,9.66418295104353e-05,7397.75434882,1.932836590208706e-05,1778608193.424934,,,,,,,,,,,,,,,,,,,,
1109,586,1.932836590208706e-05,9.66418295104353e-05,9.66418295104353e-05,7400.043328053,1.932836590208706e-05,1778608195.713896,,,,,,,,,,,,,,,,,,,,
1109,587,1.932836590208706e-05,9.66418295104353e-05,9.66418295104353e-05,7402.32959737,1.932836590208706e-05,1778608198.0001638,,,,,,,,,,,,,,,,,,,,
1109,588,,,,7404.615857161,,1778608200.286452,18.0,0.11029234528541565,,,,,,,,,,,,,,,,,,
1119,589,1.9315141887986532e-05,9.657570943993267e-05,9.657570943993267e-05,7500.811775233,1.9315141887986532e-05,1778608296.4823298,,,,,,,,,,,,,,,,,,,,
1119,590,1.9315141887986532e-05,9.657570943993267e-05,9.657570943993267e-05,7503.09791956,1.9315141887986532e-05,1778608298.7686927,,,,,,,,,,,,,,,,,,,,
1119,591,1.9315141887986532e-05,9.657570943993267e-05,9.657570943993267e-05,7505.386773459,1.9315141887986532e-05,1778608301.0573616,,,,,,,,,,,,,,,,,,,,
1119,592,1.9315141887986532e-05,9.657570943993267e-05,9.657570943993267e-05,7507.674090922,1.9315141887986532e-05,1778608303.344683,,,,,,,,,,,,,,,,,,,,
1119,593,,,,7509.961305317,,1778608305.6319003,18.0,0.1275670826435089,,,,,,,,,,,,,,,,,,
1120,594,,,,7539.1974604,,1778608334.8678732,18.0,,0.19293208420276642,6.25,0.0,0.19293208420276642,8.488015174865723,0.8068467974662781,,,,,,,,,,,,
1120,595,,,,7539.200934595,,1778608334.8716664,18.0,,,,,,,,0.0,0.17044328153133392,0.17044328153133392,8.078267097473145,0.8295539617538452,5.9375,,,,,,
1129,596,1.930179356795964e-05,9.65089678397982e-05,9.65089678397982e-05,7612.942063213,1.930179356795964e-05,1778608408.6125727,,,,,,,,,,,,,,,,,,,,
1129,597,1.930179356795964e-05,9.65089678397982e-05,9.65089678397982e-05,7615.914393949,1.930179356795964e-05,1778608411.584963,,,,,,,,,,,,,,,,,,,,
1129,598,1.930179356795964e-05,9.65089678397982e-05,9.65089678397982e-05,7618.202267113,1.930179356795964e-05,1778608413.8728335,,,,,,,,,,,,,,,,,,,,
1129,599,1.930179356795964e-05,9.65089678397982e-05,9.65089678397982e-05,7620.486003381,1.930179356795964e-05,1778608416.1565864,,,,,,,,,,,,,,,,,,,,
1129,600,,,,7622.774617719,,1778608418.4451807,19.0,0.1501973271369934,,,,,,,,,,,,,,,,,,
1139,601,1.928832112013307e-05,9.644160560066535e-05,9.644160560066535e-05,7722.969218703,1.928832112013307e-05,1778608518.6397188,,,,,,,,,,,,,,,,,,,,
1139,602,1.928832112013307e-05,9.644160560066535e-05,9.644160560066535e-05,7726.25755528,1.928832112013307e-05,1778608521.9281597,,,,,,,,,,,,,,,,,,,,
1139,603,1.928832112013307e-05,9.644160560066535e-05,9.644160560066535e-05,7736.574246189,1.928832112013307e-05,1778608532.2448277,,,,,,,,,,,,,,,,,,,,
1139,604,1.928832112013307e-05,9.644160560066535e-05,9.644160560066535e-05,7739.877219057,1.928832112013307e-05,1778608535.547806,,,,,,,,,,,,,,,,,,,,
1139,605,,,,7744.224638984,,1778608539.8952627,19.0,0.16989344358444214,,,,,,,,,,,,,,,,,,
1149,606,1.9274724724289917e-05,9.637362362144959e-05,9.637362362144959e-05,7831.554442246,1.9274724724289917e-05,1778608627.2250636,,,,,,,,,,,,,,,,,,,,
1149,607,1.9274724724289917e-05,9.637362362144959e-05,9.637362362144959e-05,7833.839477882,1.9274724724289917e-05,1778608629.510066,,,,,,,,,,,,,,,,,,,,
1149,608,1.9274724724289917e-05,9.637362362144959e-05,9.637362362144959e-05,7836.126158415,1.9274724724289917e-05,1778608631.7967904,,,,,,,,,,,,,,,,,,,,
1149,609,1.9274724724289917e-05,9.637362362144959e-05,9.637362362144959e-05,7838.412862172,1.9274724724289917e-05,1778608634.0834439,,,,,,,,,,,,,,,,,,,,
1149,610,,,,7840.700619294,,1778608636.3712158,19.0,0.23667804896831512,,,,,,,,,,,,,,,,,,
1159,611,1.926100456186731e-05,9.630502280933655e-05,9.630502280933655e-05,7943.854688109,1.926100456186731e-05,1778608739.5252652,,,,,,,,,,,,,,,,,,,,
1159,612,1.926100456186731e-05,9.630502280933655e-05,9.630502280933655e-05,7946.141518448,1.926100456186731e-05,1778608741.8120499,,,,,,,,,,,,,,,,,,,,
1159,613,1.926100456186731e-05,9.630502280933655e-05,9.630502280933655e-05,7949.585602945,1.926100456186731e-05,1778608745.2561562,,,,,,,,,,,,,,,,,,,,
1159,614,1.926100456186731e-05,9.630502280933655e-05,9.630502280933655e-05,7956.860011176,1.926100456186731e-05,1778608752.5305943,,,,,,,,,,,,,,,,,,,,
1159,615,,,,7961.14565437,,1778608756.8162274,19.0,0.14117221534252167,,,,,,,,,,,,,,,,,,
1169,616,1.9247160815953982e-05,9.62358040797699e-05,9.62358040797699e-05,8051.525827209,1.9247160815953982e-05,1778608847.1963842,,,,,,,,,,,,,,,,,,,,
1169,617,1.9247160815953982e-05,9.62358040797699e-05,9.62358040797699e-05,8053.813440661,1.9247160815953982e-05,1778608849.4839892,,,,,,,,,,,,,,,,,,,,
1169,618,1.9247160815953982e-05,9.62358040797699e-05,9.62358040797699e-05,8057.074455822,1.9247160815953982e-05,1778608852.745028,,,,,,,,,,,,,,,,,,,,
1169,619,1.9247160815953982e-05,9.62358040797699e-05,9.62358040797699e-05,8059.361594856,1.9247160815953982e-05,1778608855.0322194,,,,,,,,,,,,,,,,,,,,
1169,620,,,,8062.611044937,,1778608858.2816083,19.0,0.3697463870048523,,,,,,,,,,,,,,,,,,
1179,621,1.923319367128782e-05,9.61659683564391e-05,9.61659683564391e-05,8159.981645995,1.923319367128782e-05,1778608955.6521878,,,,,,,,,,,,,,,,,,,,
1179,622,1.923319367128782e-05,9.61659683564391e-05,9.61659683564391e-05,8162.268230112,1.923319367128782e-05,1778608957.9387863,,,,,,,,,,,,,,,,,,,,
1179,623,,,,8164.486700803,,1778608960.1572978,19.0,0.14369754493236542,,,,,,,,,,,,,,,,,,
1179,624,,,,8200.363422758,,1778608996.0339403,19.0,,0.25054827332496643,8.53125,0.0,0.25054827332496643,10.453474998474121,0.7491879463195801,,,,,,,,,,,,
1179,625,,,,8200.366695789,,1778608996.0374997,19.0,,,,,,,,0.0,0.16898271441459656,0.16898271441459656,7.9681396484375,0.8310147523880005,5.812498092651367,,,,,,
1189,626,1.921910331425341e-05,9.609551657126705e-05,9.609551657126705e-05,8298.455039947,1.921910331425341e-05,1778609094.125599,,,,,,,,,,,,,,,,,,,,
1189,627,1.921910331425341e-05,9.609551657126705e-05,9.609551657126705e-05,8300.740964344,1.921910331425341e-05,1778609096.4114954,,,,,,,,,,,,,,,,,,,,
1189,628,1.921910331425341e-05,9.609551657126705e-05,9.609551657126705e-05,8303.027773442,1.921910331425341e-05,1778609098.6983166,,,,,,,,,,,,,,,,,,,,
1189,629,1.921910331425341e-05,9.609551657126705e-05,9.609551657126705e-05,8305.313819541,1.921910331425341e-05,1778609100.9844258,,,,,,,,,,,,,,,,,,,,
1189,630,,,,8307.601363274,,1778609103.2719946,20.0,0.10297546535730362,,,,,,,,,,,,,,,,,,
1199,631,1.9204889932879543e-05,9.602444966439772e-05,9.602444966439772e-05,8389.884963089,1.9204889932879543e-05,1778609185.5555713,,,,,,,,,,,,,,,,,,,,
1199,632,1.9204889932879543e-05,9.602444966439772e-05,9.602444966439772e-05,8392.173360175,1.9204889932879543e-05,1778609187.84395,,,,,,,,,,,,,,,,,,,,
1199,633,1.9204889932879543e-05,9.602444966439772e-05,9.602444966439772e-05,8394.461437488,1.9204889932879543e-05,1778609190.1320062,,,,,,,,,,,,,,,,,,,,
1199,634,1.9204889932879543e-05,9.602444966439772e-05,9.602444966439772e-05,8396.747695551,1.9204889932879543e-05,1778609192.4182634,,,,,,,,,,,,,,,,,,,,
1199,635,,,,8399.033467772,,1778609194.7040448,20.0,0.13545015454292297,,,,,,,,,,,,,,,,,,
1209,636,1.9190553716836716e-05,9.595276858418358e-05,9.595276858418358e-05,8520.238380047,1.9190553716836716e-05,1778609315.9090302,,,,,,,,,,,,,,,,,,,,
1209,637,1.9190553716836716e-05,9.595276858418358e-05,9.595276858418358e-05,8522.524654612,1.9190553716836716e-05,1778609318.195185,,,,,,,,,,,,,,,,,,,,
1209,638,1.9190553716836716e-05,9.595276858418358e-05,9.595276858418358e-05,8525.75329642,1.9190553716836716e-05,1778609321.4238708,,,,,,,,,,,,,,,,,,,,
1209,639,1.9190553716836716e-05,9.595276858418358e-05,9.595276858418358e-05,8529.640604849,1.9190553716836716e-05,1778609325.3111408,,,,,,,,,,,,,,,,,,,,
1209,640,,,,8532.386958368,,1778609328.0575373,20.0,0.17441426217556,,,,,,,,,,,,,,,,,,
1219,641,1.9176094857434584e-05,9.588047428717291e-05,9.588047428717291e-05,8624.612912081,1.9176094857434584e-05,1778609420.2834768,,,,,,,,,,,,,,,,,,,,
1219,642,1.9176094857434584e-05,9.588047428717291e-05,9.588047428717291e-05,8626.898069225,1.9176094857434584e-05,1778609422.5686746,,,,,,,,,,,,,,,,,,,,
1219,643,1.9176094857434584e-05,9.588047428717291e-05,9.588047428717291e-05,8629.185482677,1.9176094857434584e-05,1778609424.8560197,,,,,,,,,,,,,,,,,,,,
1219,644,1.9176094857434584e-05,9.588047428717291e-05,9.588047428717291e-05,8631.471450972,1.9176094857434584e-05,1778609427.142013,,,,,,,,,,,,,,,,,,,,
1219,645,,,,8633.759826582,,1778609429.4304392,20.0,0.13990424573421478,,,,,,,,,,,,,,,,,,
1229,646,1.916151354761942e-05,9.58075677380971e-05,9.58075677380971e-05,8736.03321866,1.916151354761942e-05,1778609531.7038236,,,,,,,,,,,,,,,,,,,,
1229,647,1.916151354761942e-05,9.58075677380971e-05,9.58075677380971e-05,8738.320264681,1.916151354761942e-05,1778609533.9908147,,,,,,,,,,,,,,,,,,,,
1229,648,1.916151354761942e-05,9.58075677380971e-05,9.58075677380971e-05,8740.607501429,1.916151354761942e-05,1778609536.278061,,,,,,,,,,,,,,,,,,,,
1229,649,1.916151354761942e-05,9.58075677380971e-05,9.58075677380971e-05,8742.89247698,1.916151354761942e-05,1778609538.5630596,,,,,,,,,,,,,,,,,,,,
1229,650,,,,8745.179922531,,1778609540.8505325,20.0,0.2582288980484009,,,,,,,,,,,,,,,,,,
1238,651,,,,8858.718561503,,1778609654.389039,20.0,,0.15425652265548706,5.53125,0.0,0.15425652265548706,7.46854305267334,0.8455749154090881,,,,,,,,,,,,
1238,652,,,,8859.088014609,,1778609654.7585661,20.0,,,,,,,,0.0,0.16569870710372925,0.16569870710372925,7.920022964477539,0.8343030214309692,5.8125,,,,,,
1239,653,1.9146809981971536e-05,9.573404990985767e-05,9.573404990985767e-05,8859.341787268,1.9146809981971536e-05,1778609655.0117366,,,,,,,,,,,,,,,,,,,,
1239,654,1.9146809981971536e-05,9.573404990985767e-05,9.573404990985767e-05,8861.637040248,1.9146809981971536e-05,1778609657.3076632,,,,,,,,,,,,,,,,,,,,
1239,655,1.9146809981971536e-05,9.573404990985767e-05,9.573404990985767e-05,8863.924111296,1.9146809981971536e-05,1778609659.5947073,,,,,,,,,,,,,,,,,,,,
1239,656,1.9146809981971536e-05,9.573404990985767e-05,9.573404990985767e-05,8866.211088822,1.9146809981971536e-05,1778609661.8816867,,,,,,,,,,,,,,,,,,,,
1239,657,,,,8868.499253025,,1778609664.1698287,21.0,0.13543736934661865,,,,,,,,,,,,,,,,,,
1249,658,1.913198435670269e-05,9.565992178351344e-05,9.565992178351344e-05,8966.804009488,1.913198435670269e-05,1778609762.474585,,,,,,,,,,,,,,,,,,,,
1249,659,1.913198435670269e-05,9.565992178351344e-05,9.565992178351344e-05,8969.090685646,1.913198435670269e-05,1778609764.7612693,,,,,,,,,,,,,,,,,,,,
1249,660,1.913198435670269e-05,9.565992178351344e-05,9.565992178351344e-05,8971.376039933,1.913198435670269e-05,1778609767.0466366,,,,,,,,,,,,,,,,,,,,
1249,661,1.913198435670269e-05,9.565992178351344e-05,9.565992178351344e-05,8973.664198552,1.913198435670269e-05,1778609769.3347564,,,,,,,,,,,,,,,,,,,,
1249,662,,,,8975.95314623,,1778609771.623715,21.0,0.19836649298667908,,,,,,,,,,,,,,,,,,
1259,663,1.9117036869653462e-05,9.558518434826731e-05,9.558518434826731e-05,9080.517011666,1.9117036869653462e-05,1778609876.187535,,,,,,,,,,,,,,,,,,,,
1259,664,1.9117036869653462e-05,9.558518434826731e-05,9.558518434826731e-05,9082.802953892,1.9117036869653462e-05,1778609878.4735694,,,,,,,,,,,,,,,,,,,,
1259,665,1.9117036869653462e-05,9.558518434826731e-05,9.558518434826731e-05,9085.089988814,1.9117036869653462e-05,1778609880.7606077,,,,,,,,,,,,,,,,,,,,
1259,666,1.9117036869653462e-05,9.558518434826731e-05,9.558518434826731e-05,9087.375647151,1.9117036869653462e-05,1778609883.046238,,,,,,,,,,,,,,,,,,,,
1259,667,,,,9089.660524072,,1778609885.3311634,21.0,0.24273283779621124,,,,,,,,,,,,,,,,,,
1269,668,1.910196772029062e-05,9.550983860145309e-05,9.550983860145309e-05,9177.862710317,1.910196772029062e-05,1778609973.5333521,,,,,,,,,,,,,,,,,,,,
1269,669,1.910196772029062e-05,9.550983860145309e-05,9.550983860145309e-05,9180.149473808,1.910196772029062e-05,1778609975.8200753,,,,,,,,,,,,,,,,,,,,
1269,670,1.910196772029062e-05,9.550983860145309e-05,9.550983860145309e-05,9182.436077668,1.910196772029062e-05,1778609978.1066897,,,,,,,,,,,,,,,,,,,,
1269,671,1.910196772029062e-05,9.550983860145309e-05,9.550983860145309e-05,9184.72252335,1.910196772029062e-05,1778609980.3931339,,,,,,,,,,,,,,,,,,,,
1269,672,,,,9187.007657065,,1778609982.6783144,21.0,0.17280755937099457,,,,,,,,,,,,,,,,,,
1279,673,1.9086777109704447e-05,9.543388554852223e-05,9.543388554852223e-05,9269.291871057,1.9086777109704447e-05,1778610064.9625113,,,,,,,,,,,,,,,,,,,,
1279,674,1.9086777109704447e-05,9.543388554852223e-05,9.543388554852223e-05,9271.576281684,1.9086777109704447e-05,1778610067.246913,,,,,,,,,,,,,,,,,,,,
1279,675,1.9086777109704447e-05,9.543388554852223e-05,9.543388554852223e-05,9273.860403436,1.9086777109704447e-05,1778610069.531021,,,,,,,,,,,,,,,,,,,,
1279,676,1.9086777109704447e-05,9.543388554852223e-05,9.543388554852223e-05,9276.145731695,1.9086777109704447e-05,1778610071.816353,,,,,,,,,,,,,,,,,,,,
1279,677,,,,9278.433961012,,1778610074.1046095,21.0,0.11270593851804733,,,,,,,,,,,,,,,,,,
1289,678,1.9071465240606074e-05,9.535732620303037e-05,9.535732620303037e-05,9360.744438237,1.9071465240606074e-05,1778610156.4150772,,,,,,,,,,,,,,,,,,,,
1289,679,1.9071465240606074e-05,9.535732620303037e-05,9.535732620303037e-05,9363.030035672,1.9071465240606074e-05,1778610158.7006567,,,,,,,,,,,,,,,,,,,,
1289,680,1.9071465240606074e-05,9.535732620303037e-05,9.535732620303037e-05,9365.315548759,1.9071465240606074e-05,1778610160.9861755,,,,,,,,,,,,,,,,,,,,
1289,681,1.9071465240606074e-05,9.535732620303037e-05,9.535732620303037e-05,9367.601052222,1.9071465240606074e-05,1778610163.2716763,,,,,,,,,,,,,,,,,,,,
1289,682,,,,9369.887483391,,1778610165.5581279,21.0,0.19662195444107056,,,,,,,,,,,,,,,,,,
1297,683,,,,9463.126279082,,1778610258.7969308,21.0,,0.20824262499809265,7.194499969482422,0.0,0.20824262499809265,9.079852104187012,0.7915355563163757,,,,,,,,,,,,
1297,684,,,,9463.130166266,,1778610258.8009536,21.0,,,,,,,,0.0,0.1648530215024948,0.1648530215024948,7.849123001098633,0.8351529836654663,5.696750640869141,,,,,,
1299,685,1.905603231732477e-05,9.528016158662384e-05,9.528016158662384e-05,9472.563511496,1.905603231732477e-05,1778610268.2338386,,,,,,,,,,,,,,,,,,,,
1299,686,1.905603231732477e-05,9.528016158662384e-05,9.528016158662384e-05,9474.851332476,1.905603231732477e-05,1778610270.5219486,,,,,,,,,,,,,,,,,,,,
1299,687,1.905603231732477e-05,9.528016158662384e-05,9.528016158662384e-05,9477.137281356,1.905603231732477e-05,1778610272.8079536,,,,,,,,,,,,,,,,,,,,
1299,688,1.905603231732477e-05,9.528016158662384e-05,9.528016158662384e-05,9479.423303165,1.905603231732477e-05,1778610275.0939407,,,,,,,,,,,,,,,,,,,,
1299,689,,,,9481.710985976,,1778610277.381644,22.0,0.0802641361951828,,,,,,,,,,,,,,,,,,
1309,690,1.9040478545805197e-05,9.520239272902598e-05,9.520239272902598e-05,9564.037737147,1.9040478545805197e-05,1778610359.7083535,,,,,,,,,,,,,,,,,,,,
1309,691,1.9040478545805197e-05,9.520239272902598e-05,9.520239272902598e-05,9566.324322788,1.9040478545805197e-05,1778610361.9949558,,,,,,,,,,,,,,,,,,,,
1309,692,1.9040478545805197e-05,9.520239272902598e-05,9.520239272902598e-05,9568.615857141,1.9040478545805197e-05,1778610364.286428,,,,,,,,,,,,,,,,,,,,
1309,693,1.9040478545805197e-05,9.520239272902598e-05,9.520239272902598e-05,9570.904314159,1.9040478545805197e-05,1778610366.5749404,,,,,,,,,,,,,,,,,,,,
1309,694,,,,9573.18924788,,1778610368.8598967,22.0,0.2145591527223587,,,,,,,,,,,,,,,,,,
1319,695,1.9024804133604688e-05,9.512402066802342e-05,9.512402066802342e-05,9655.511700649,1.9024804133604688e-05,1778610451.1823409,,,,,,,,,,,,,,,,,,,,
1319,696,1.9024804133604688e-05,9.512402066802342e-05,9.512402066802342e-05,9657.800187304,1.9024804133604688e-05,1778610453.470692,,,,,,,,,,,,,,,,,,,,
1319,697,1.9024804133604688e-05,9.512402066802342e-05,9.512402066802342e-05,9660.088447738,1.9024804133604688e-05,1778610455.7590473,,,,,,,,,,,,,,,,,,,,
1319,698,1.9024804133604688e-05,9.512402066802342e-05,9.512402066802342e-05,9662.375406582,1.9024804133604688e-05,1778610458.0459814,,,,,,,,,,,,,,,,,,,,
1319,699,,,,9664.661928166,,1778610460.3325791,22.0,0.30408626794815063,,,,,,,,,,,,,,,,,,
1329,700,1.900900928989046e-05,9.504504644945229e-05,9.504504644945229e-05,9746.976415044,1.900900928989046e-05,1778610542.6470537,,,,,,,,,,,,,,,,,,,,
1329,701,1.900900928989046e-05,9.504504644945229e-05,9.504504644945229e-05,9749.26510708,1.900900928989046e-05,1778610544.9357355,,,,,,,,,,,,,,,,,,,,
1329,702,1.900900928989046e-05,9.504504644945229e-05,9.504504644945229e-05,9751.550286837,1.900900928989046e-05,1778610547.220904,,,,,,,,,,,,,,,,,,,,
1329,703,1.900900928989046e-05,9.504504644945229e-05,9.504504644945229e-05,9753.840387164,1.900900928989046e-05,1778610549.510933,,,,,,,,,,,,,,,,,,,,
1329,704,,,,9756.12806407,,1778610551.7987103,22.0,0.08644574880599976,,,,,,,,,,,,,,,,,,
1339,705,1.8993094225436836e-05,9.496547112718416e-05,9.496547112718416e-05,9838.425301871,1.8993094225436836e-05,1778610634.0959513,,,,,,,,,,,,,,,,,,,,
1339,706,1.8993094225436836e-05,9.496547112718416e-05,9.496547112718416e-05,9840.715115049,1.8993094225436836e-05,1778610636.3857405,,,,,,,,,,,,,,,,,,,,
1339,707,1.8993094225436836e-05,9.496547112718416e-05,9.496547112718416e-05,9843.003291441,1.8993094225436836e-05,1778610638.6739368,,,,,,,,,,,,,,,,,,,,
1339,708,1.8993094225436836e-05,9.496547112718416e-05,9.496547112718416e-05,9845.290327585,1.8993094225436836e-05,1778610640.9609432,,,,,,,,,,,,,,,,,,,,
1339,709,,,,9847.576485126,,1778610643.2471297,22.0,0.17120444774627686,,,,,,,,,,,,,,,,,,
1349,710,1.8977059152622414e-05,9.488529576311206e-05,9.488529576311206e-05,9929.893184159,1.8977059152622414e-05,1778610725.5638344,,,,,,,,,,,,,,,,,,,,
1349,711,1.8977059152622414e-05,9.488529576311206e-05,9.488529576311206e-05,9932.178401608,1.8977059152622414e-05,1778610727.8490124,,,,,,,,,,,,,,,,,,,,
1349,712,1.8977059152622414e-05,9.488529576311206e-05,9.488529576311206e-05,9934.46417239,1.8977059152622414e-05,1778610730.1347988,,,,,,,,,,,,,,,,,,,,
1349,713,1.8977059152622414e-05,9.488529576311206e-05,9.488529576311206e-05,9936.74647549,1.8977059152622414e-05,1778610732.4171062,,,,,,,,,,,,,,,,,,,,
1349,714,,,,9939.034623531,,1778610734.705264,22.0,0.20389874279499054,,,,,,,,,,,,,,,,,,
1356,715,,,,10023.2183597,,1778610818.888883,22.0,,0.18182997405529022,6.5625,0.0,0.18182997405529022,8.451395034790039,0.8179644346237183,,,,,,,,,,,,
1356,716,,,,10023.221920682,,1778610818.8927243,22.0,,,,,,,,0.0,0.16898444294929504,0.16898444294929504,8.011457443237305,0.831012487411499,5.90625,,,,,,
1359,717,1.8960904285427255e-05,9.480452142713627e-05,9.480452142713627e-05,10041.868288287,1.8960904285427255e-05,1778610837.5389059,,,,,,,,,,,,,,,,,,,,
1359,718,1.8960904285427255e-05,9.480452142713627e-05,9.480452142713627e-05,10044.155656444,1.8960904285427255e-05,1778610839.8262756,,,,,,,,,,,,,,,,,,,,
1359,719,1.8960904285427255e-05,9.480452142713627e-05,9.480452142713627e-05,10046.441265843,1.8960904285427255e-05,1778610842.1118982,,,,,,,,,,,,,,,,,,,,
1359,720,1.8960904285427255e-05,9.480452142713627e-05,9.480452142713627e-05,10048.728385125,1.8960904285427255e-05,1778610844.3990023,,,,,,,,,,,,,,,,,,,,
1359,721,,,,10051.015032135,,1778610846.685715,23.0,0.13809488713741302,,,,,,,,,,,,,,,,,,
1369,722,1.8944629839430007e-05,9.472314919715004e-05,9.472314919715004e-05,10133.311352156,1.8944629839430007e-05,1778610928.9820046,,,,,,,,,,,,,,,,,,,,
1369,723,1.8944629839430007e-05,9.472314919715004e-05,9.472314919715004e-05,10135.595494068,1.8944629839430007e-05,1778610931.2661264,,,,,,,,,,,,,,,,,,,,
1369,724,1.8944629839430007e-05,9.472314919715004e-05,9.472314919715004e-05,10137.879345433,1.8944629839430007e-05,1778610933.54997,,,,,,,,,,,,,,,,,,,,
1369,725,1.8944629839430007e-05,9.472314919715004e-05,9.472314919715004e-05,10140.166170075,1.8944629839430007e-05,1778610935.8368068,,,,,,,,,,,,,,,,,,,,
1369,726,,,,10142.453181527,,1778610938.1238387,23.0,0.16143271327018738,,,,,,,,,,,,,,,,,,
1379,727,1.892823603180505e-05,9.464118015902525e-05,9.464118015902525e-05,10224.751997445,1.892823603180505e-05,1778611020.422652,,,,,,,,,,,,,,,,,,,,
1379,728,1.892823603180505e-05,9.464118015902525e-05,9.464118015902525e-05,10227.03745335,1.892823603180505e-05,1778611022.7080905,,,,,,,,,,,,,,,,,,,,
1379,729,1.892823603180505e-05,9.464118015902525e-05,9.464118015902525e-05,10229.322402702,1.892823603180505e-05,1778611024.9930432,,,,,,,,,,,,,,,,,,,,
1379,730,1.892823603180505e-05,9.464118015902525e-05,9.464118015902525e-05,10231.607592556,1.892823603180505e-05,1778611027.2782154,,,,,,,,,,,,,,,,,,,,
1379,731,,,,10233.895747805,,1778611029.5664032,23.0,0.3483890891075134,,,,,,,,,,,,,,,,,,
1389,732,1.8911723081319568e-05,9.455861540659783e-05,9.455861540659783e-05,10316.18979391,1.8911723081319568e-05,1778611111.8604465,,,,,,,,,,,,,,,,,,,,
1389,733,1.8911723081319568e-05,9.455861540659783e-05,9.455861540659783e-05,10318.478402288,1.8911723081319568e-05,1778611114.1490307,,,,,,,,,,,,,,,,,,,,
1389,734,1.8911723081319568e-05,9.455861540659783e-05,9.455861540659783e-05,10320.7657992,1.8911723081319568e-05,1778611116.4364257,,,,,,,,,,,,,,,,,,,,
1389,735,1.8911723081319568e-05,9.455861540659783e-05,9.455861540659783e-05,10323.049086193,1.8911723081319568e-05,1778611118.7197108,,,,,,,,,,,,,,,,,,,,
1389,736,,,,10325.336451827,,1778611121.0068703,23.0,0.16335609555244446,,,,,,,,,,,,,,,,,,
1399,737,1.8895091208330654e-05,9.447545604165326e-05,9.447545604165326e-05,10407.642301822,1.8895091208330654e-05,1778611203.312944,,,,,,,,,,,,,,,,,,,,
1399,738,1.8895091208330654e-05,9.447545604165326e-05,9.447545604165326e-05,10409.927956085,1.8895091208330654e-05,1778611205.5985758,,,,,,,,,,,,,,,,,,,,
1399,739,1.8895091208330654e-05,9.447545604165326e-05,9.447545604165326e-05,10412.212498416,1.8895091208330654e-05,1778611207.883126,,,,,,,,,,,,,,,,,,,,
1399,740,1.8895091208330654e-05,9.447545604165326e-05,9.447545604165326e-05,10414.497057533,1.8895091208330654e-05,1778611210.167692,,,,,,,,,,,,,,,,,,,,
1399,741,,,,10416.785454345,,1778611212.456084,23.0,0.15010587871074677,,,,,,,,,,,,,,,,,,
1409,742,1.8878340634782372e-05,9.439170317391186e-05,9.439170317391186e-05,10499.082645116,1.8878340634782372e-05,1778611294.753294,,,,,,,,,,,,,,,,,,,,
1409,743,1.8878340634782372e-05,9.439170317391186e-05,9.439170317391186e-05,10501.367312053,1.8878340634782372e-05,1778611297.0379484,,,,,,,,,,,,,,,,,,,,
1409,744,1.8878340634782372e-05,9.439170317391186e-05,9.439170317391186e-05,10503.654940116,1.8878340634782372e-05,1778611299.3255713,,,,,,,,,,,,,,,,,,,,
1409,745,1.8878340634782372e-05,9.439170317391186e-05,9.439170317391186e-05,10505.943436447,1.8878340634782372e-05,1778611301.6140504,,,,,,,,,,,,,,,,,,,,
1409,746,,,,10508.229831527,,1778611303.9004817,23.0,0.169999361038208,,,,,,,,,,,,,,,,,,
1415,747,,,,10583.155223849,,1778611378.825746,23.0,,0.204973503947258,6.8125,0.0,0.204973503947258,8.994372367858887,0.7948164343833923,,,,,,,,,,,,
1415,748,,,,10583.158888173,,1778611378.8295841,23.0,,,,,,,,0.0,0.15723052620887756,0.15723052620887756,7.638319492340088,0.842766284942627,5.5,,,,,,
1419,749,1.8861471584202777e-05,9.430735792101389e-05,9.430735792101389e-05,10610.880646785,1.8861471584202777e-05,1778611406.55126,,,,,,,,,,,,,,,,,,,,
1419,750,1.8861471584202777e-05,9.430735792101389e-05,9.430735792101389e-05,10613.165614399,1.8861471584202777e-05,1778611408.8362315,,,,,,,,,,,,,,,,,,,,
1419,751,1.8861471584202777e-05,9.430735792101389e-05,9.430735792101389e-05,10615.452630047,1.8861471584202777e-05,1778611411.123257,,,,,,,,,,,,,,,,,,,,
1419,752,1.8861471584202777e-05,9.430735792101389e-05,9.430735792101389e-05,10617.73620676,1.8861471584202777e-05,1778611413.4068286,,,,,,,,,,,,,,,,,,,,
1419,753,,,,10620.022841936,,1778611415.6934977,24.0,0.03831129148602486,,,,,,,,,,,,,,,,,,
1429,754,1.884448428170094e-05,9.42224214085047e-05,9.42224214085047e-05,10702.311591599,1.884448428170094e-05,1778611497.982121,,,,,,,,,,,,,,,,,,,,
1429,755,1.884448428170094e-05,9.42224214085047e-05,9.42224214085047e-05,10704.599995392,1.884448428170094e-05,1778611500.2705848,,,,,,,,,,,,,,,,,,,,
1429,756,1.884448428170094e-05,9.42224214085047e-05,9.42224214085047e-05,10706.885412432,1.884448428170094e-05,1778611502.5559464,,,,,,,,,,,,,,,,,,,,
1429,757,1.884448428170094e-05,9.42224214085047e-05,9.42224214085047e-05,10709.172288088,1.884448428170094e-05,1778611504.8428364,,,,,,,,,,,,,,,,,,,,
1429,758,,,,10711.459014669,,1778611507.129573,24.0,0.1776832938194275,,,,,,,,,,,,,,,,,,
1439,759,1.882737895396395e-05,9.413689476981975e-05,9.413689476981975e-05,10793.767963446,1.882737895396395e-05,1778611589.4386075,,,,,,,,,,,,,,,,,,,,
1439,760,1.882737895396395e-05,9.413689476981975e-05,9.413689476981975e-05,10796.054511725,1.882737895396395e-05,1778611591.725132,,,,,,,,,,,,,,,,,,,,
1439,761,1.882737895396395e-05,9.413689476981975e-05,9.413689476981975e-05,10798.340460723,1.882737895396395e-05,1778611594.011085,,,,,,,,,,,,,,,,,,,,
1439,762,1.882737895396395e-05,9.413689476981975e-05,9.413689476981975e-05,10800.625320643,1.882737895396395e-05,1778611596.2959278,,,,,,,,,,,,,,,,,,,,
1439,763,,,,10802.911818277,,1778611598.58247,24.0,0.11869718879461288,,,,,,,,,,,,,,,,,,
1449,764,1.8810155829253883e-05,9.40507791462694e-05,9.40507791462694e-05,10885.203814182,1.8810155829253883e-05,1778611680.8744478,,,,,,,,,,,,,,,,,,,,
1449,765,1.8810155829253883e-05,9.40507791462694e-05,9.40507791462694e-05,10887.490421347,1.8810155829253883e-05,1778611683.1610405,,,,,,,,,,,,,,,,,,,,
1449,766,1.8810155829253883e-05,9.40507791462694e-05,9.40507791462694e-05,10889.773780454,1.8810155829253883e-05,1778611685.444407,,,,,,,,,,,,,,,,,,,,
1449,767,1.8810155829253883e-05,9.40507791462694e-05,9.40507791462694e-05,10892.058829235,1.8810155829253883e-05,1778611687.7294543,,,,,,,,,,,,,,,,,,,,
1449,768,,,,10894.345128638,,1778611690.0157728,24.0,0.41988974809646606,,,,,,,,,,,,,,,,,,
1459,769,1.8792815137404748e-05,9.396407568702373e-05,9.396407568702373e-05,10976.637918925,1.8792815137404748e-05,1778611772.3085678,,,,,,,,,,,,,,,,,,,,
1459,770,1.8792815137404748e-05,9.396407568702373e-05,9.396407568702373e-05,10978.922957735,1.8792815137404748e-05,1778611774.5935922,,,,,,,,,,,,,,,,,,,,
1459,771,1.8792815137404748e-05,9.396407568702373e-05,9.396407568702373e-05,10981.208847748,1.8792815137404748e-05,1778611776.8794794,,,,,,,,,,,,,,,,,,,,
1459,772,1.8792815137404748e-05,9.396407568702373e-05,9.396407568702373e-05,10983.496166631,1.8792815137404748e-05,1778611779.1668015,,,,,,,,,,,,,,,,,,,,
1459,773,,,,10985.782642576,,1778611781.4533005,24.0,0.09505003690719604,,,,,,,,,,,,,,,,,,
1469,774,1.877535710981944e-05,9.38767855490972e-05,9.38767855490972e-05,11068.075101719,1.877535710981944e-05,1778611863.7457495,,,,,,,,,,,,,,,,,,,,
1469,775,1.877535710981944e-05,9.38767855490972e-05,9.38767855490972e-05,11070.36028998,1.877535710981944e-05,1778611866.0309174,,,,,,,,,,,,,,,,,,,,
1469,776,1.877535710981944e-05,9.38767855490972e-05,9.38767855490972e-05,11072.645644422,1.877535710981944e-05,1778611868.3162692,,,,,,,,,,,,,,,,,,,,
1469,777,1.877535710981944e-05,9.38767855490972e-05,9.38767855490972e-05,11074.932318841,1.877535710981944e-05,1778611870.602936,,,,,,,,,,,,,,,,,,,,
1469,778,,,,11077.218067076,,1778611872.888723,24.0,0.13250112533569336,,,,,,,,,,,,,,,,,,
1474,779,,,,11143.113277516,,1778611938.7837496,24.0,,0.18519438803195953,5.9375,0.0,0.18519438803195953,8.222533226013184,0.8145981431007385,,,,,,,,,,,,
1474,780,,,,11143.116894799,,1778611938.7876747,24.0,,,,,,,,0.0,0.16101770102977753,0.16101770102977753,7.777897834777832,0.8389811515808105,5.5214996337890625,,,,,,
1479,781,1.875778197946664e-05,9.37889098973332e-05,9.37889098973332e-05,11179.977896079,1.875778197946664e-05,1778611975.6485205,,,,,,,,,,,,,,,,,,,,
1479,782,1.875778197946664e-05,9.37889098973332e-05,9.37889098973332e-05,11182.263798155,1.875778197946664e-05,1778611977.9344008,,,,,,,,,,,,,,,,,,,,
1479,783,1.875778197946664e-05,9.37889098973332e-05,9.37889098973332e-05,11184.551308172,1.875778197946664e-05,1778611980.2218957,,,,,,,,,,,,,,,,,,,,
1479,784,1.875778197946664e-05,9.37889098973332e-05,9.37889098973332e-05,11186.839054684,1.875778197946664e-05,1778611982.509671,,,,,,,,,,,,,,,,,,,,
1479,785,,,,11189.126750582,,1778611984.7974048,25.0,0.19013813138008118,,,,,,,,,,,,,,,,,,
1489,786,1.87400899808777e-05,9.37004499043885e-05,9.37004499043885e-05,11271.432356895,1.87400899808777e-05,1778612067.10301,,,,,,,,,,,,,,,,,,,,
1489,787,1.87400899808777e-05,9.37004499043885e-05,9.37004499043885e-05,11273.719377418,1.87400899808777e-05,1778612069.3899927,,,,,,,,,,,,,,,,,,,,
1489,788,1.87400899808777e-05,9.37004499043885e-05,9.37004499043885e-05,11276.005582636,1.87400899808777e-05,1778612071.6762052,,,,,,,,,,,,,,,,,,,,
1489,789,1.87400899808777e-05,9.37004499043885e-05,9.37004499043885e-05,11278.29122687,1.87400899808777e-05,1778612073.961847,,,,,,,,,,,,,,,,,,,,
1489,790,,,,11280.579153659,,1778612076.2497878,25.0,0.16615495085716248,,,,,,,,,,,,,,,,,,
1499,791,1.872228135014353e-05,9.361140675071763e-05,9.361140675071763e-05,11362.87376701,1.872228135014353e-05,1778612158.5444193,,,,,,,,,,,,,,,,,,,,
1499,792,1.872228135014353e-05,9.361140675071763e-05,9.361140675071763e-05,11365.159042761,1.872228135014353e-05,1778612160.8296497,,,,,,,,,,,,,,,,,,,,
1499,793,1.872228135014353e-05,9.361140675071763e-05,9.361140675071763e-05,11367.44437564,1.872228135014353e-05,1778612163.1149943,,,,,,,,,,,,,,,,,,,,
1499,794,1.872228135014353e-05,9.361140675071763e-05,9.361140675071763e-05,11369.731919326,1.872228135014353e-05,1778612165.4025528,,,,,,,,,,,,,,,,,,,,
1499,795,,,,11372.021230322,,1778612167.691877,25.0,0.08623300492763519,,,,,,,,,,,,,,,,,,
1509,796,1.8704356324911423e-05,9.352178162455711e-05,9.352178162455711e-05,11454.313311643,1.8704356324911423e-05,1778612249.9839628,,,,,,,,,,,,,,,,,,,,
1509,797,1.8704356324911423e-05,9.352178162455711e-05,9.352178162455711e-05,11456.601458479,1.8704356324911423e-05,1778612252.2720711,,,,,,,,,,,,,,,,,,,,
1509,798,1.8704356324911423e-05,9.352178162455711e-05,9.352178162455711e-05,11458.887682452,1.8704356324911423e-05,1778612254.5582979,,,,,,,,,,,,,,,,,,,,
1509,799,1.8704356324911423e-05,9.352178162455711e-05,9.352178162455711e-05,11461.175188465,1.8704356324911423e-05,1778612256.845863,,,,,,,,,,,,,,,,,,,,
1509,800,,,,11463.463706791,,1778612259.1343625,25.0,0.12764742970466614,,,,,,,,,,,,,,,,,,
1519,801,1.8686315144381914e-05,9.343157572190957e-05,9.343157572190957e-05,11545.791503561,1.8686315144381914e-05,1778612341.4621553,,,,,,,,,,,,,,,,,,,,
1519,802,1.8686315144381914e-05,9.343157572190957e-05,9.343157572190957e-05,11548.078242691,1.8686315144381914e-05,1778612343.7488818,,,,,,,,,,,,,,,,,,,,
1519,803,1.8686315144381914e-05,9.343157572190957e-05,9.343157572190957e-05,11550.36513288,1.8686315144381914e-05,1778612346.0357711,,,,,,,,,,,,,,,,,,,,
1519,804,1.8686315144381914e-05,9.343157572190957e-05,9.343157572190957e-05,11552.652543411,1.8686315144381914e-05,1778612348.3231711,,,,,,,,,,,,,,,,,,,,
1519,805,,,,11554.937753042,,1778612350.6084077,25.0,0.15716348588466644,,,,,,,,,,,,,,,,,,
1529,806,1.8668158049305568e-05,9.334079024652783e-05,9.334079024652783e-05,11637.248081368,1.8668158049305568e-05,1778612432.9187376,,,,,,,,,,,,,,,,,,,,
1529,807,1.8668158049305568e-05,9.334079024652783e-05,9.334079024652783e-05,11639.536033967,1.8668158049305568e-05,1778612435.2066717,,,,,,,,,,,,,,,,,,,,
1529,808,1.8668158049305568e-05,9.334079024652783e-05,9.334079024652783e-05,11641.819750372,1.8668158049305568e-05,1778612437.490367,,,,,,,,,,,,,,,,,,,,
1529,809,1.8668158049305568e-05,9.334079024652783e-05,9.334079024652783e-05,11644.105282569,1.8668158049305568e-05,1778612439.7759023,,,,,,,,,,,,,,,,,,,,
1529,810,,,,11646.390904692,,1778612442.061553,25.0,0.12805724143981934,,,,,,,,,,,,,,,,,,
1533,811,,,,11703.002668151,,1778612498.6731892,25.0,,0.15682139992713928,5.625,0.0,0.15682139992713928,7.546351432800293,0.8430259823799133,,,,,,,,,,,,
1533,812,,,,11703.247201861,,1778612498.9177923,25.0,,,,,,,,0.0,0.15467554330825806,0.15467554330825806,7.557831287384033,0.8453200459480286,5.28125,,,,,,
1539,813,1.8649885281979763e-05,9.324942640989882e-05,9.324942640989882e-05,11749.242389039,1.8649885281979763e-05,1778612544.91292,,,,,,,,,,,,,,,,,,,,
1539,814,1.8649885281979763e-05,9.324942640989882e-05,9.324942640989882e-05,11751.529884597,1.8649885281979763e-05,1778612547.2004359,,,,,,,,,,,,,,,,,,,,
1539,815,1.8649885281979763e-05,9.324942640989882e-05,9.324942640989882e-05,11753.818381623,1.8649885281979763e-05,1778612549.4889634,,,,,,,,,,,,,,,,,,,,
1539,816,1.8649885281979763e-05,9.324942640989882e-05,9.324942640989882e-05,11756.105780376,1.8649885281979763e-05,1778612551.7763438,,,,,,,,,,,,,,,,,,,,
1539,817,,,,11758.393503928,,1778612554.0640757,26.0,0.1333620846271515,,,,,,,,,,,,,,,,,,
1549,818,1.8631497086245485e-05,9.315748543122742e-05,9.315748543122742e-05,11840.709861305,1.8631497086245485e-05,1778612636.3805168,,,,,,,,,,,,,,,,,,,,
1549,819,1.8631497086245485e-05,9.315748543122742e-05,9.315748543122742e-05,11842.996594857,1.8631497086245485e-05,1778612638.6671882,,,,,,,,,,,,,,,,,,,,
1549,820,1.8631497086245485e-05,9.315748543122742e-05,9.315748543122742e-05,11845.283107227,1.8631497086245485e-05,1778612640.9537497,,,,,,,,,,,,,,,,,,,,
1549,821,1.8631497086245485e-05,9.315748543122742e-05,9.315748543122742e-05,11847.571296631,1.8631497086245485e-05,1778612643.2419305,,,,,,,,,,,,,,,,,,,,
1549,822,,,,11849.857471655,,1778612645.52812,26.0,0.14844965934753418,,,,,,,,,,,,,,,,,,
1559,823,1.8612993707484032e-05,9.306496853742016e-05,9.306496853742016e-05,11932.15629378,1.8612993707484032e-05,1778612727.8269503,,,,,,,,,,,,,,,,,,,,
1559,824,1.8612993707484032e-05,9.306496853742016e-05,9.306496853742016e-05,11934.444133088,1.8612993707484032e-05,1778612730.1146636,,,,,,,,,,,,,,,,,,,,
1559,825,1.8612993707484032e-05,9.306496853742016e-05,9.306496853742016e-05,11936.731420064,1.8612993707484032e-05,1778612732.4019911,,,,,,,,,,,,,,,,,,,,
1559,826,1.8612993707484032e-05,9.306496853742016e-05,9.306496853742016e-05,11939.018593951,1.8612993707484032e-05,1778612734.6891818,,,,,,,,,,,,,,,,,,,,
1559,827,,,,11941.304212297,,1778612736.9747815,26.0,0.2048467993736267,,,,,,,,,,,,,,,,,,
1569,828,1.859437539261378e-05,9.297187696306888e-05,9.297187696306888e-05,12023.617721065,1.859437539261378e-05,1778612819.2883632,,,,,,,,,,,,,,,,,,,,
1569,829,1.859437539261378e-05,9.297187696306888e-05,9.297187696306888e-05,12025.903652582,1.859437539261378e-05,1778612821.5742772,,,,,,,,,,,,,,,,,,,,
1569,830,1.859437539261378e-05,9.297187696306888e-05,9.297187696306888e-05,12028.195307723,1.859437539261378e-05,1778612823.8659346,,,,,,,,,,,,,,,,,,,,
1569,831,1.859437539261378e-05,9.297187696306888e-05,9.297187696306888e-05,12030.480796133,1.859437539261378e-05,1778612826.1513965,,,,,,,,,,,,,,,,,,,,
1569,832,,,,12032.767705443,,1778612828.4383538,26.0,0.2270587533712387,,,,,,,,,,,,,,,,,,
1579,833,1.857564239008685e-05,9.287821195043426e-05,9.287821195043426e-05,12115.067222449,1.857564239008685e-05,1778612910.7378707,,,,,,,,,,,,,,,,,,,,
1579,834,1.857564239008685e-05,9.287821195043426e-05,9.287821195043426e-05,12117.352641374,1.857564239008685e-05,1778612913.0232675,,,,,,,,,,,,,,,,,,,,
1579,835,1.857564239008685e-05,9.287821195043426e-05,9.287821195043426e-05,12119.641146904,1.857564239008685e-05,1778612915.311764,,,,,,,,,,,,,,,,,,,,
1579,836,1.857564239008685e-05,9.287821195043426e-05,9.287821195043426e-05,12121.927318633,1.857564239008685e-05,1778612917.5979497,,,,,,,,,,,,,,,,,,,,
1579,837,,,,12124.211849273,,1778612919.8825119,26.0,0.10372331738471985,,,,,,,,,,,,,,,,,,
1589,838,1.8556794949885842e-05,9.27839747494292e-05,9.27839747494292e-05,12206.514473744,1.8556794949885842e-05,1778613002.185114,,,,,,,,,,,,,,,,,,,,
1589,839,1.8556794949885842e-05,9.27839747494292e-05,9.27839747494292e-05,12208.801208228,1.8556794949885842e-05,1778613004.4718337,,,,,,,,,,,,,,,,,,,,
1589,840,1.8556794949885842e-05,9.27839747494292e-05,9.27839747494292e-05,12211.086756929,1.8556794949885842e-05,1778613006.7573953,,,,,,,,,,,,,,,,,,,,
1589,841,1.8556794949885842e-05,9.27839747494292e-05,9.27839747494292e-05,12213.37370125,1.8556794949885842e-05,1778613009.0443246,,,,,,,,,,,,,,,,,,,,
1589,842,,,,12215.660195123,,1778613011.3308003,26.0,0.11717437207698822,,,,,,,,,,,,,,,,,,
1592,843,,,,12263.227920787,,1778613058.8981504,26.0,,0.1707136183977127,5.875,0.0,0.1707136183977127,8.01156234741211,0.8290912508964539,,,,,,,,,,,,
1592,844,,,,12263.480126035,,1778613059.1506839,26.0,,,,,,,,0.0,0.1560279130935669,0.1560279130935669,7.6598591804504395,0.8439695835113525,5.558750152587891,,,,,,
1599,845,1.8537833323520444e-05,9.268916661760221e-05,9.268916661760221e-05,12318.62313844,1.8537833323520444e-05,1778613114.2937675,,,,,,,,,,,,,,,,,,,,
1599,846,1.8537833323520444e-05,9.268916661760221e-05,9.268916661760221e-05,12320.912113699,1.8537833323520444e-05,1778613116.5827408,,,,,,,,,,,,,,,,,,,,
1599,847,1.8537833323520444e-05,9.268916661760221e-05,9.268916661760221e-05,12323.198810771,1.8537833323520444e-05,1778613118.8695138,,,,,,,,,,,,,,,,,,,,
1599,848,1.8537833323520444e-05,9.268916661760221e-05,9.268916661760221e-05,12325.48392401,1.8537833323520444e-05,1778613121.154526,,,,,,,,,,,,,,,,,,,,
1599,849,,,,12327.768779561,,1778613123.4394267,27.0,0.08158022910356522,,,,,,,,,,,,,,,,,,
1609,850,1.8518757764024107e-05,9.259378882012054e-05,9.259378882012054e-05,12410.10848036,1.8518757764024107e-05,1778613205.7791197,,,,,,,,,,,,,,,,,,,,
1609,851,1.8518757764024107e-05,9.259378882012054e-05,9.259378882012054e-05,12412.395078732,1.8518757764024107e-05,1778613208.0656629,,,,,,,,,,,,,,,,,,,,
1609,852,1.8518757764024107e-05,9.259378882012054e-05,9.259378882012054e-05,12414.680194272,1.8518757764024107e-05,1778613210.3507779,,,,,,,,,,,,,,,,,,,,
1609,853,1.8518757764024107e-05,9.259378882012054e-05,9.259378882012054e-05,12416.968313323,1.8518757764024107e-05,1778613212.6389275,,,,,,,,,,,,,,,,,,,,
1609,854,,,,12419.256633857,,1778613214.927219,27.0,0.12995335459709167,,,,,,,,,,,,,,,,,,
1619,855,1.8499568525950672e-05,9.249784262975336e-05,9.249784262975336e-05,12501.550817077,1.8499568525950672e-05,1778613297.2214663,,,,,,,,,,,,,,,,,,,,
1619,856,1.8499568525950672e-05,9.249784262975336e-05,9.249784262975336e-05,12503.834158519,1.8499568525950672e-05,1778613299.5047655,,,,,,,,,,,,,,,,,,,,
1619,857,1.8499568525950672e-05,9.249784262975336e-05,9.249784262975336e-05,12506.123305046,1.8499568525950672e-05,1778613301.7939234,,,,,,,,,,,,,,,,,,,,
1619,858,1.8499568525950672e-05,9.249784262975336e-05,9.249784262975336e-05,12508.409930897,1.8499568525950672e-05,1778613304.0805552,,,,,,,,,,,,,,,,,,,,
1619,859,,,,12510.696964283,,1778613306.3676157,27.0,0.13459265232086182,,,,,,,,,,,,,,,,,,
1629,860,1.8480265865370957e-05,9.24013293268548e-05,9.24013293268548e-05,12592.992191643,1.8480265865370957e-05,1778613388.6628342,,,,,,,,,,,,,,,,,,,,
1629,861,1.8480265865370957e-05,9.24013293268548e-05,9.24013293268548e-05,12595.278568734,1.8480265865370957e-05,1778613390.9491925,,,,,,,,,,,,,,,,,,,,
1629,862,1.8480265865370957e-05,9.24013293268548e-05,9.24013293268548e-05,12597.565576605,1.8480265865370957e-05,1778613393.2361593,,,,,,,,,,,,,,,,,,,,
1629,863,1.8480265865370957e-05,9.24013293268548e-05,9.24013293268548e-05,12599.8529049,1.8480265865370957e-05,1778613395.5235317,,,,,,,,,,,,,,,,,,,,
1629,864,,,,12602.140221609,,1778613397.8108068,27.0,0.1333257257938385,,,,,,,,,,,,,,,,,,
1639,865,1.8460850039869347e-05,9.230425019934674e-05,9.230425019934674e-05,12684.441756042,1.8460850039869347e-05,1778613480.1124082,,,,,,,,,,,,,,,,,,,,
1639,866,1.8460850039869347e-05,9.230425019934674e-05,9.230425019934674e-05,12686.727554249,1.8460850039869347e-05,1778613482.3981414,,,,,,,,,,,,,,,,,,,,
1639,867,1.8460850039869347e-05,9.230425019934674e-05,9.230425019934674e-05,12689.013540991,1.8460850039869347e-05,1778613484.6841438,,,,,,,,,,,,,,,,,,,,
1639,868,1.8460850039869347e-05,9.230425019934674e-05,9.230425019934674e-05,12691.298463256,1.8460850039869347e-05,1778613486.969079,,,,,,,,,,,,,,,,,,,,
1639,869,,,,12693.585530426,,1778613489.2561848,27.0,0.1625826060771942,,,,,,,,,,,,,,,,,,
1649,870,1.8441321308540364e-05,9.220660654270181e-05,9.220660654270181e-05,12775.87041773,1.8441321308540364e-05,1778613571.541055,,,,,,,,,,,,,,,,,,,,
1649,871,1.8441321308540364e-05,9.220660654270181e-05,9.220660654270181e-05,12778.154344078,1.8441321308540364e-05,1778613573.824969,,,,,,,,,,,,,,,,,,,,
1649,872,1.8441321308540364e-05,9.220660654270181e-05,9.220660654270181e-05,12780.437902584,1.8441321308540364e-05,1778613576.1085365,,,,,,,,,,,,,,,,,,,,
1649,873,1.8441321308540364e-05,9.220660654270181e-05,9.220660654270181e-05,12782.723452055,1.8441321308540364e-05,1778613578.3940613,,,,,,,,,,,,,,,,,,,,
1649,874,,,,12785.010913321,,1778613580.6815677,27.0,0.17367756366729736,,,,,,,,,,,,,,,,,,
1651,875,,,,12823.36799605,,1778613619.0385196,27.0,,0.17736101150512695,6.375,0.0,0.17736101150512695,8.236994743347168,0.8224474191665649,,,,,,,,,,,,
1651,876,,,,12823.371540898,,1778613619.042309,27.0,,,,,,,,0.0,0.14918479323387146,0.14918479323387146,7.432153224945068,0.8508183360099792,5.28125,,,,,,
1659,877,1.8421679931985184e-05,9.210839965992593e-05,9.210839965992593e-05,12887.702080005,1.8421679931985184e-05,1778613683.3726816,,,,,,,,,,,,,,,,,,,,
1659,878,1.8421679931985184e-05,9.210839965992593e-05,9.210839965992593e-05,12889.987290753,1.8421679931985184e-05,1778613685.6578944,,,,,,,,,,,,,,,,,,,,
1659,879,1.8421679931985184e-05,9.210839965992593e-05,9.210839965992593e-05,12892.27308575,1.8421679931985184e-05,1778613687.9436831,,,,,,,,,,,,,,,,,,,,
1659,880,1.8421679931985184e-05,9.210839965992593e-05,9.210839965992593e-05,12894.558025134,1.8421679931985184e-05,1778613690.2286584,,,,,,,,,,,,,,,,,,,,
1659,881,,,,12896.846432401,,1778613692.51708,28.0,0.11203502863645554,,,,,,,,,,,,,,,,,,
1669,882,1.84019261723082e-05,9.200963086154099e-05,9.200963086154099e-05,12979.162736716,1.84019261723082e-05,1778613774.8333843,,,,,,,,,,,,,,,,,,,,
1669,883,1.84019261723082e-05,9.200963086154099e-05,9.200963086154099e-05,12981.453300618,1.84019261723082e-05,1778613777.123929,,,,,,,,,,,,,,,,,,,,
1669,884,1.84019261723082e-05,9.200963086154099e-05,9.200963086154099e-05,12983.7392587,1.84019261723082e-05,1778613779.4098914,,,,,,,,,,,,,,,,,,,,
1669,885,1.84019261723082e-05,9.200963086154099e-05,9.200963086154099e-05,12986.026459763,1.84019261723082e-05,1778613781.697083,,,,,,,,,,,,,,,,,,,,
1669,886,,,,12988.313289249,,1778613783.9839377,28.0,0.21170678734779358,,,,,,,,,,,,,,,,,,
1679,887,1.8382060293113483e-05,9.19103014655674e-05,9.19103014655674e-05,13070.603312613,1.8382060293113483e-05,1778613866.2739615,,,,,,,,,,,,,,,,,,,,
1679,888,1.8382060293113483e-05,9.19103014655674e-05,9.19103014655674e-05,13072.890563804,1.8382060293113483e-05,1778613868.5611475,,,,,,,,,,,,,,,,,,,,
1679,889,1.8382060293113483e-05,9.19103014655674e-05,9.19103014655674e-05,13075.174445474,1.8382060293113483e-05,1778613870.8450625,,,,,,,,,,,,,,,,,,,,
1679,890,1.8382060293113483e-05,9.19103014655674e-05,9.19103014655674e-05,13077.45790431,1.8382060293113483e-05,1778613873.128548,,,,,,,,,,,,,,,,,,,,
1679,891,,,,13079.748543429,,1778613875.419193,28.0,0.08856595307588577,,,,,,,,,,,,,,,,,,
1689,892,1.8362082559501293e-05,9.181041279750647e-05,9.181041279750647e-05,13162.054145219,1.8362082559501293e-05,1778613957.7247965,,,,,,,,,,,,,,,,,,,,
1689,893,1.8362082559501293e-05,9.181041279750647e-05,9.181041279750647e-05,13164.337860713,1.8362082559501293e-05,1778613960.0084875,,,,,,,,,,,,,,,,,,,,
1689,894,1.8362082559501293e-05,9.181041279750647e-05,9.181041279750647e-05,13166.622471685,1.8362082559501293e-05,1778613962.2931075,,,,,,,,,,,,,,,,,,,,
1689,895,1.8362082559501293e-05,9.181041279750647e-05,9.181041279750647e-05,13168.907501709,1.8362082559501293e-05,1778613964.5781019,,,,,,,,,,,,,,,,,,,,
1689,896,,,,13171.193407941,,1778613966.8640523,28.0,0.08368561416864395,,,,,,,,,,,,,,,,,,
1699,897,1.834199323806453e-05,9.170996619032267e-05,9.170996619032267e-05,13253.502636995,1.834199323806453e-05,1778614049.1732552,,,,,,,,,,,,,,,,,,,,
1699,898,1.834199323806453e-05,9.170996619032267e-05,9.170996619032267e-05,13255.789539684,1.834199323806453e-05,1778614051.4601126,,,,,,,,,,,,,,,,,,,,
1699,899,1.834199323806453e-05,9.170996619032267e-05,9.170996619032267e-05,13258.076691759,1.834199323806453e-05,1778614053.7472541,,,,,,,,,,,,,,,,,,,,
1699,900,1.834199323806453e-05,9.170996619032267e-05,9.170996619032267e-05,13260.363888474,1.834199323806453e-05,1778614056.0345166,,,,,,,,,,,,,,,,,,,,
1699,901,,,,13262.651235456,,1778614058.3217762,28.0,0.4083418846130371,,,,,,,,,,,,,,,,,,
1709,902,1.832179259688518e-05,9.160896298442589e-05,9.160896298442589e-05,13344.943529649,1.832179259688518e-05,1778614140.6141772,,,,,,,,,,,,,,,,,,,,
1709,903,1.832179259688518e-05,9.160896298442589e-05,9.160896298442589e-05,13347.228749131,1.832179259688518e-05,1778614142.8992722,,,,,,,,,,,,,,,,,,,,
1709,904,1.832179259688518e-05,9.160896298442589e-05,9.160896298442589e-05,13349.516459879,1.832179259688518e-05,1778614145.1871135,,,,,,,,,,,,,,,,,,,,
1709,905,1.832179259688518e-05,9.160896298442589e-05,9.160896298442589e-05,13351.802679538,1.832179259688518e-05,1778614147.473294,,,,,,,,,,,,,,,,,,,,
1709,906,,,,13354.090022456,,1778614149.7606778,28.0,0.07257463037967682,,,,,,,,,,,,,,,,,,
1710,907,,,,13383.333043245,,1778614179.0035632,28.0,,0.15398840606212616,5.625,0.0,0.15398840606212616,7.586897373199463,0.8458603620529175,,,,,,,,,,,,
1710,908,,,,13383.693171055,,1778614179.3637202,28.0,,,,,,,,0.0,0.14583158493041992,0.14583158493041992,7.3436055183410645,0.8541662693023682,5.25,,,,,,
1719,909,1.830148090553073e-05,9.150740452765365e-05,9.150740452765365e-05,13457.199632323,1.830148090553073e-05,1778614252.8702443,,,,,,,,,,,,,,,,,,,,
1719,910,1.830148090553073e-05,9.150740452765365e-05,9.150740452765365e-05,13459.485132564,1.830148090553073e-05,1778614255.1557636,,,,,,,,,,,,,,,,,,,,
1719,911,1.830148090553073e-05,9.150740452765365e-05,9.150740452765365e-05,13461.77147327,1.830148090553073e-05,1778614257.4420888,,,,,,,,,,,,,,,,,,,,
1719,912,1.830148090553073e-05,9.150740452765365e-05,9.150740452765365e-05,13464.059351529,1.830148090553073e-05,1778614259.7299798,,,,,,,,,,,,,,,,,,,,
1719,913,,,,13466.345432369,,1778614262.0160728,29.0,0.08798065781593323,,,,,,,,,,,,,,,,,,
1729,914,1.8281058435050577e-05,9.140529217525289e-05,9.140529217525289e-05,13548.646842413,1.8281058435050577e-05,1778614344.3174844,,,,,,,,,,,,,,,,,,,,
1729,915,1.8281058435050577e-05,9.140529217525289e-05,9.140529217525289e-05,13550.931375961,1.8281058435050577e-05,1778614346.6019897,,,,,,,,,,,,,,,,,,,,
1729,916,1.8281058435050577e-05,9.140529217525289e-05,9.140529217525289e-05,13553.215502659,1.8281058435050577e-05,1778614348.88614,,,,,,,,,,,,,,,,,,,,
1729,917,1.8281058435050577e-05,9.140529217525289e-05,9.140529217525289e-05,13555.501700521,1.8281058435050577e-05,1778614351.1723244,,,,,,,,,,,,,,,,,,,,
1729,918,,,,13557.787455991,,1778614353.4581041,29.0,0.09550423175096512,,,,,,,,,,,,,,,,,,
1739,919,1.8260525457972416e-05,9.130262728986208e-05,9.130262728986208e-05,13640.088318591,1.8260525457972416e-05,1778614435.758969,,,,,,,,,,,,,,,,,,,,
1739,920,1.8260525457972416e-05,9.130262728986208e-05,9.130262728986208e-05,13642.371997251,1.8260525457972416e-05,1778614438.0426142,,,,,,,,,,,,,,,,,,,,
1739,921,1.8260525457972416e-05,9.130262728986208e-05,9.130262728986208e-05,13644.658046837,1.8260525457972416e-05,1778614440.3286848,,,,,,,,,,,,,,,,,,,,
1739,922,1.8260525457972416e-05,9.130262728986208e-05,9.130262728986208e-05,13646.945162777,1.8260525457972416e-05,1778614442.6158073,,,,,,,,,,,,,,,,,,,,
1739,923,,,,13649.232122434,,1778614444.902781,29.0,0.2426685094833374,,,,,,,,,,,,,,,,,,
1749,924,1.823988224829859e-05,9.119941124149293e-05,9.119941124149293e-05,13731.710938222,1.823988224829859e-05,1778614527.3815956,,,,,,,,,,,,,,,,,,,,
1749,925,1.823988224829859e-05,9.119941124149293e-05,9.119941124149293e-05,13734.012322482,1.823988224829859e-05,1778614529.6829598,,,,,,,,,,,,,,,,,,,,
1749,926,1.823988224829859e-05,9.119941124149293e-05,9.119941124149293e-05,13736.314194948,1.823988224829859e-05,1778614531.9848287,,,,,,,,,,,,,,,,,,,,
1749,927,1.823988224829859e-05,9.119941124149293e-05,9.119941124149293e-05,13738.618104297,1.823988224829859e-05,1778614534.2887423,,,,,,,,,,,,,,,,,,,,
1749,928,,,,13740.922056472,,1778614536.5927265,29.0,0.04627160727977753,,,,,,,,,,,,,,,,,,
1759,929,1.8219129081502448e-05,9.109564540751223e-05,9.109564540751223e-05,13823.419424486,1.8219129081502448e-05,1778614619.090056,,,,,,,,,,,,,,,,,,,,
1759,930,1.8219129081502448e-05,9.109564540751223e-05,9.109564540751223e-05,13825.704856453,1.8219129081502448e-05,1778614621.375453,,,,,,,,,,,,,,,,,,,,
1759,931,1.8219129081502448e-05,9.109564540751223e-05,9.109564540751223e-05,13827.990083524,1.8219129081502448e-05,1778614623.6606953,,,,,,,,,,,,,,,,,,,,
1759,932,1.8219129081502448e-05,9.109564540751223e-05,9.109564540751223e-05,13830.276535128,1.8219129081502448e-05,1778614625.947169,,,,,,,,,,,,,,,,,,,,
1759,933,,,,13832.564902332,,1778614628.2355485,29.0,0.16727253794670105,,,,,,,,,,,,,,,,,,
1769,934,1.819826623452465e-05,9.099133117262326e-05,9.099133117262326e-05,13915.333465085,1.819826623452465e-05,1778614711.004016,,,,,,,,,,,,,,,,,,,,
1769,935,1.819826623452465e-05,9.099133117262326e-05,9.099133117262326e-05,13917.636384652,1.819826623452465e-05,1778614713.306891,,,,,,,,,,,,,,,,,,,,
1769,936,,,,13919.867319687,,1778614715.5379143,29.0,0.18170411884784698,,,,,,,,,,,,,,,,,,
1769,937,,,,13944.66969892,,1778614740.3401976,29.0,,0.20979613065719604,6.8125,0.0,0.20979613065719604,9.23227310180664,0.7899692058563232,,,,,,,,,,,,
1769,938,,,,13944.673182807,,1778614740.3439496,29.0,,,,,,,,0.0,0.1454617828130722,0.1454617828130722,7.412035942077637,0.8545323610305786,5.375,,,,,,
1779,939,1.8177293985769508e-05,9.088646992884753e-05,9.088646992884753e-05,14027.308185057,1.8177293985769508e-05,1778614822.9787946,,,,,,,,,,,,,,,,,,,,
1779,940,1.8177293985769508e-05,9.088646992884753e-05,9.088646992884753e-05,14029.595491011,1.8177293985769508e-05,1778614825.2661173,,,,,,,,,,,,,,,,,,,,
1779,941,1.8177293985769508e-05,9.088646992884753e-05,9.088646992884753e-05,14031.881803252,1.8177293985769508e-05,1778614827.552436,,,,,,,,,,,,,,,,,,,,
1779,942,1.8177293985769508e-05,9.088646992884753e-05,9.088646992884753e-05,14034.16886368,1.8177293985769508e-05,1778614829.839392,,,,,,,,,,,,,,,,,,,,
1779,943,,,,14036.457342922,,1778614832.1279566,30.0,0.14111632108688354,,,,,,,,,,,,,,,,,,
1789,944,1.815621261510122e-05,9.078106307550609e-05,9.078106307550609e-05,14118.786245439,1.815621261510122e-05,1778614914.456841,,,,,,,,,,,,,,,,,,,,
1789,945,1.815621261510122e-05,9.078106307550609e-05,9.078106307550609e-05,14121.075288214,1.815621261510122e-05,1778614916.7458982,,,,,,,,,,,,,,,,,,,,
1789,946,1.815621261510122e-05,9.078106307550609e-05,9.078106307550609e-05,14123.361250169,1.815621261510122e-05,1778614919.0319583,,,,,,,,,,,,,,,,,,,,
1789,947,1.815621261510122e-05,9.078106307550609e-05,9.078106307550609e-05,14125.646189599,1.815621261510122e-05,1778614921.3167279,,,,,,,,,,,,,,,,,,,,
1789,948,,,,14127.932945841,,1778614923.6035562,30.0,0.2310822606086731,,,,,,,,,,,,,,,,,,
1799,949,1.813502240384017e-05,9.067511201920085e-05,9.067511201920085e-05,14210.267696168,1.813502240384017e-05,1778615005.9383183,,,,,,,,,,,,,,,,,,,,
1799,950,1.813502240384017e-05,9.067511201920085e-05,9.067511201920085e-05,14212.554733918,1.813502240384017e-05,1778615008.225339,,,,,,,,,,,,,,,,,,,,
1799,951,1.813502240384017e-05,9.067511201920085e-05,9.067511201920085e-05,14214.84298945,1.813502240384017e-05,1778615010.5135813,,,,,,,,,,,,,,,,,,,,
1799,952,1.813502240384017e-05,9.067511201920085e-05,9.067511201920085e-05,14217.131154017,1.813502240384017e-05,1778615012.8017745,,,,,,,,,,,,,,,,,,,,
1799,953,,,,14219.417982917,,1778615015.0885887,30.0,0.29371190071105957,,,,,,,,,,,,,,,,,,
1809,954,1.8113723634759174e-05,9.056861817379586e-05,9.056861817379586e-05,14301.757791209,1.8113723634759174e-05,1778615097.4283884,,,,,,,,,,,,,,,,,,,,
1809,955,1.8113723634759174e-05,9.056861817379586e-05,9.056861817379586e-05,14304.047298789,1.8113723634759174e-05,1778615099.717892,,,,,,,,,,,,,,,,,,,,
1809,956,1.8113723634759174e-05,9.056861817379586e-05,9.056861817379586e-05,14306.33481647,1.8113723634759174e-05,1778615102.0054066,,,,,,,,,,,,,,,,,,,,
1809,957,1.8113723634759174e-05,9.056861817379586e-05,9.056861817379586e-05,14308.622936157,1.8113723634759174e-05,1778615104.293508,,,,,,,,,,,,,,,,,,,,
1809,958,,,,14310.910654002,,1778615106.5812168,30.0,0.11651323735713959,,,,,,,,,,,,,,,,,,
1819,959,1.8092316592079683e-05,9.046158296039842e-05,9.046158296039842e-05,14393.188610858,1.8092316592079683e-05,1778615188.859253,,,,,,,,,,,,,,,,,,,,
1819,960,1.8092316592079683e-05,9.046158296039842e-05,9.046158296039842e-05,14395.476154904,1.8092316592079683e-05,1778615191.1467955,,,,,,,,,,,,,,,,,,,,
1819,961,1.8092316592079683e-05,9.046158296039842e-05,9.046158296039842e-05,14397.763732812,1.8092316592079683e-05,1778615193.434363,,,,,,,,,,,,,,,,,,,,
1819,962,1.8092316592079683e-05,9.046158296039842e-05,9.046158296039842e-05,14400.048959897,1.8092316592079683e-05,1778615195.7196565,,,,,,,,,,,,,,,,,,,,
1819,963,,,,14402.33681879,,1778615198.0074751,30.0,0.1067812368273735,,,,,,,,,,,,,,,,,,
1828,964,,,,14504.672201496,,1778615300.342719,30.0,,0.14082270860671997,5.269935607910156,0.0,0.14082270860671997,7.209073066711426,0.8590357303619385,,,,,,,,,,,,
1828,965,,,,14505.285246815,,1778615300.9558148,30.0,,,,,,,,0.0,0.1491086483001709,0.1491086483001709,7.4631876945495605,0.8508829474449158,5.3125,,,,,,
1829,966,1.8070801561468023e-05,9.035400780734011e-05,9.035400780734011e-05,14505.608138157,1.8070801561468023e-05,1778615301.2782648,,,,,,,,,,,,,,,,,,,,
1829,967,1.8070801561468023e-05,9.035400780734011e-05,9.035400780734011e-05,14507.900501565,1.8070801561468023e-05,1778615303.5710154,,,,,,,,,,,,,,,,,,,,
1829,968,1.8070801561468023e-05,9.035400780734011e-05,9.035400780734011e-05,14510.185105159,1.8070801561468023e-05,1778615305.855697,,,,,,,,,,,,,,,,,,,,
1829,969,1.8070801561468023e-05,9.035400780734011e-05,9.035400780734011e-05,14512.470874387,1.8070801561468023e-05,1778615308.1414783,,,,,,,,,,,,,,,,,,,,
1829,970,,,,14514.75706507,,1778615310.427726,31.0,0.2343175709247589,,,,,,,,,,,,,,,,,,
1839,971,1.804917883003155e-05,9.024589415015774e-05,9.024589415015774e-05,14597.098038676,1.804917883003155e-05,1778615392.7686741,,,,,,,,,,,,,,,,,,,,
1839,972,1.804917883003155e-05,9.024589415015774e-05,9.024589415015774e-05,14599.384558183,1.804917883003155e-05,1778615395.0551884,,,,,,,,,,,,,,,,,,,,
1839,973,1.804917883003155e-05,9.024589415015774e-05,9.024589415015774e-05,14601.673281985,1.804917883003155e-05,1778615397.3439074,,,,,,,,,,,,,,,,,,,,
1839,974,1.804917883003155e-05,9.024589415015774e-05,9.024589415015774e-05,14603.960705423,1.804917883003155e-05,1778615399.6313264,,,,,,,,,,,,,,,,,,,,
1839,975,,,,14606.247489692,,1778615401.9181228,31.0,0.2197757214307785,,,,,,,,,,,,,,,,,,
1849,976,1.802744868631484e-05,9.01372434315742e-05,9.01372434315742e-05,14688.549241834,1.802744868631484e-05,1778615484.219892,,,,,,,,,,,,,,,,,,,,
1849,977,1.802744868631484e-05,9.01372434315742e-05,9.01372434315742e-05,14690.834444968,1.802744868631484e-05,1778615486.5050576,,,,,,,,,,,,,,,,,,,,
1849,978,1.802744868631484e-05,9.01372434315742e-05,9.01372434315742e-05,14693.120961337,1.802744868631484e-05,1778615488.791533,,,,,,,,,,,,,,,,,,,,
1849,979,1.802744868631484e-05,9.01372434315742e-05,9.01372434315742e-05,14695.406797476,1.802744868631484e-05,1778615491.077425,,,,,,,,,,,,,,,,,,,,
1849,980,,,,14697.691840937,,1778615493.3624775,31.0,0.10337566584348679,,,,,,,,,,,,,,,,,,
1859,981,1.800561142029583e-05,9.002805710147914e-05,9.002805710147914e-05,14779.995024792,1.800561142029583e-05,1778615575.66567,,,,,,,,,,,,,,,,,,,,
1859,982,1.800561142029583e-05,9.002805710147914e-05,9.002805710147914e-05,14782.279807654,1.800561142029583e-05,1778615577.950432,,,,,,,,,,,,,,,,,,,,
1859,983,1.800561142029583e-05,9.002805710147914e-05,9.002805710147914e-05,14784.565730421,1.800561142029583e-05,1778615580.236333,,,,,,,,,,,,,,,,,,,,
1859,984,1.800561142029583e-05,9.002805710147914e-05,9.002805710147914e-05,14786.851202082,1.800561142029583e-05,1778615582.5218322,,,,,,,,,,,,,,,,,,,,
1859,985,,,,14789.139295232,,1778615584.8099399,31.0,0.15321773290634155,,,,,,,,,,,,,,,,,,
1869,986,1.7983667323381958e-05,8.991833661690978e-05,8.991833661690978e-05,14871.439126752,1.7983667323381958e-05,1778615667.1097806,,,,,,,,,,,,,,,,,,,,
1869,987,1.7983667323381958e-05,8.991833661690978e-05,8.991833661690978e-05,14873.725776686,1.7983667323381958e-05,1778615669.3964891,,,,,,,,,,,,,,,,,,,,
1869,988,1.7983667323381958e-05,8.991833661690978e-05,8.991833661690978e-05,14876.01324363,1.7983667323381958e-05,1778615671.6839004,,,,,,,,,,,,,,,,,,,,
1869,989,1.7983667323381958e-05,8.991833661690978e-05,8.991833661690978e-05,14878.299746206,1.7983667323381958e-05,1778615673.9704082,,,,,,,,,,,,,,,,,,,,
1869,990,,,,14880.58445515,,1778615676.2552116,31.0,0.10220032930374146,,,,,,,,,,,,,,,,,,
1879,991,1.796161668840626e-05,8.980808344203128e-05,8.980808344203128e-05,14962.864637545,1.796161668840626e-05,1778615758.5352826,,,,,,,,,,,,,,,,,,,,
1879,992,1.796161668840626e-05,8.980808344203128e-05,8.980808344203128e-05,14965.15216959,1.796161668840626e-05,1778615760.822776,,,,,,,,,,,,,,,,,,,,
1879,993,1.796161668840626e-05,8.980808344203128e-05,8.980808344203128e-05,14967.439309567,1.796161668840626e-05,1778615763.1099536,,,,,,,,,,,,,,,,,,,,
1879,994,1.796161668840626e-05,8.980808344203128e-05,8.980808344203128e-05,14969.725415634,1.796161668840626e-05,1778615765.396026,,,,,,,,,,,,,,,,,,,,
1879,995,,,,14972.01192026,,1778615767.682572,31.0,0.10568250715732574,,,,,,,,,,,,,,,,,,
1887,996,,,,15065.248069818,,1778615860.9185824,31.0,,0.17435167729854584,5.75,0.0,0.17435167729854584,8.09731674194336,0.8254755139350891,,,,,,,,,,,,
1887,997,,,,15065.251820953,,1778615860.9224987,31.0,,,,,,,,0.0,0.14584186673164368,0.14584186673164368,7.383486270904541,0.8541602492332458,5.34375,,,,,,
1889,998,1.7939459809623464e-05,8.969729904811732e-05,8.969729904811732e-05,15074.759961963,1.7939459809623464e-05,1778615870.43056,,,,,,,,,,,,,,,,,,,,
1889,999,1.7939459809623464e-05,8.969729904811732e-05,8.969729904811732e-05,15077.045123197,1.7939459809623464e-05,1778615872.7157474,,,,,,,,,,,,,,,,,,,,
1889,1000,1.7939459809623464e-05,8.969729904811732e-05,8.969729904811732e-05,15079.329438862,1.7939459809623464e-05,1778615875.0000625,,,,,,,,,,,,,,,,,,,,
1889,1001,1.7939459809623464e-05,8.969729904811732e-05,8.969729904811732e-05,15081.614537926,1.7939459809623464e-05,1778615877.285162,,,,,,,,,,,,,,,,,,,,
1889,1002,,,,15083.902736587,,1778615879.5733871,32.0,0.1188134104013443,,,,,,,,,,,,,,,,,,
1899,1003,1.7917196982706088e-05,8.958598491353043e-05,8.958598491353043e-05,15166.207789969,1.7917196982706088e-05,1778615961.8784056,,,,,,,,,,,,,,,,,,,,
1899,1004,1.7917196982706088e-05,8.958598491353043e-05,8.958598491353043e-05,15168.494097686,1.7917196982706088e-05,1778615964.1647253,,,,,,,,,,,,,,,,,,,,
1899,1005,1.7917196982706088e-05,8.958598491353043e-05,8.958598491353043e-05,15170.779954769,1.7917196982706088e-05,1778615966.4505808,,,,,,,,,,,,,,,,,,,,
1899,1006,1.7917196982706088e-05,8.958598491353043e-05,8.958598491353043e-05,15173.067853921,1.7917196982706088e-05,1778615968.738479,,,,,,,,,,,,,,,,,,,,
1899,1007,,,,15175.355027905,,1778615971.0256777,32.0,0.10936938226222992,,,,,,,,,,,,,,,,,,
1909,1008,1.789482850474045e-05,8.947414252370224e-05,8.947414252370224e-05,15257.638782139,1.789482850474045e-05,1778616053.309324,,,,,,,,,,,,,,,,,,,,
1909,1009,1.789482850474045e-05,8.947414252370224e-05,8.947414252370224e-05,15259.926604733,1.789482850474045e-05,1778616055.597241,,,,,,,,,,,,,,,,,,,,
1909,1010,1.789482850474045e-05,8.947414252370224e-05,8.947414252370224e-05,15262.212207594,1.789482850474045e-05,1778616057.8828359,,,,,,,,,,,,,,,,,,,,
1909,1011,1.789482850474045e-05,8.947414252370224e-05,8.947414252370224e-05,15264.497990777,1.789482850474045e-05,1778616060.1686146,,,,,,,,,,,,,,,,,,,,
1909,1012,,,,15266.784845803,,1778616062.4555094,32.0,0.1925513595342636,,,,,,,,,,,,,,,,,,
1919,1013,1.787235467422275e-05,8.936177337111373e-05,8.936177337111373e-05,15349.067600045,1.787235467422275e-05,1778616144.7382464,,,,,,,,,,,,,,,,,,,,
1919,1014,1.787235467422275e-05,8.936177337111373e-05,8.936177337111373e-05,15351.353987602,1.787235467422275e-05,1778616147.0246189,,,,,,,,,,,,,,,,,,,,
1919,1015,1.787235467422275e-05,8.936177337111373e-05,8.936177337111373e-05,15353.640212937,1.787235467422275e-05,1778616149.3108468,,,,,,,,,,,,,,,,,,,,
1919,1016,1.787235467422275e-05,8.936177337111373e-05,8.936177337111373e-05,15355.925390399,1.787235467422275e-05,1778616151.596006,,,,,,,,,,,,,,,,,,,,
1919,1017,,,,15358.213156442,,1778616153.8837838,32.0,0.06977295130491257,,,,,,,,,,,,,,,,,,
1929,1018,1.7849775791055052e-05,8.924887895527525e-05,8.924887895527525e-05,15440.501263461,1.7849775791055052e-05,1778616236.1719131,,,,,,,,,,,,,,,,,,,,
1929,1019,1.7849775791055052e-05,8.924887895527525e-05,8.924887895527525e-05,15442.788407662,1.7849775791055052e-05,1778616238.459009,,,,,,,,,,,,,,,,,,,,
1929,1020,1.7849775791055052e-05,8.924887895527525e-05,8.924887895527525e-05,15445.073913733,1.7849775791055052e-05,1778616240.7445178,,,,,,,,,,,,,,,,,,,,
1929,1021,1.7849775791055052e-05,8.924887895527525e-05,8.924887895527525e-05,15447.360425247,1.7849775791055052e-05,1778616243.0310104,,,,,,,,,,,,,,,,,,,,
1929,1022,,,,15449.648453671,,1778616245.319082,32.0,0.07920586317777634,,,,,,,,,,,,,,,,,,
1939,1023,1.7827092156541303e-05,8.913546078270651e-05,8.913546078270651e-05,15531.9767245,1.7827092156541303e-05,1778616327.6473498,,,,,,,,,,,,,,,,,,,,
1939,1024,1.7827092156541303e-05,8.913546078270651e-05,8.913546078270651e-05,15534.26187351,1.7827092156541303e-05,1778616329.9325032,,,,,,,,,,,,,,,,,,,,
1939,1025,1.7827092156541303e-05,8.913546078270651e-05,8.913546078270651e-05,15536.547093787,1.7827092156541303e-05,1778616332.2177267,,,,,,,,,,,,,,,,,,,,
1939,1026,1.7827092156541303e-05,8.913546078270651e-05,8.913546078270651e-05,15538.833754981,1.7827092156541303e-05,1778616334.5041153,,,,,,,,,,,,,,,,,,,,
1939,1027,,,,15541.121409099,,1778616336.791959,32.0,0.08809857815504074,,,,,,,,,,,,,,,,,,
1946,1028,,,,15625.264721485,,1778616420.9352384,32.0,,0.1506999284029007,5.5546875,0.0,0.1506999284029007,7.620569229125977,0.8491596579551697,,,,,,,,,,,,
1946,1029,,,,15625.268317698,,1778616420.9390996,32.0,,,,,,,,0.0,0.14178423583507538,0.14178423583507538,7.216204643249512,0.8582251071929932,5.13275146484375,,,,,,
1949,1030,1.7804304073383298e-05,8.90215203669165e-05,8.90215203669165e-05,15643.854652918,1.7804304073383298e-05,1778616439.5252671,,,,,,,,,,,,,,,,,,,,
1949,1031,1.7804304073383298e-05,8.90215203669165e-05,8.90215203669165e-05,15646.140279002,1.7804304073383298e-05,1778616441.8109045,,,,,,,,,,,,,,,,,,,,
1949,1032,1.7804304073383298e-05,8.90215203669165e-05,8.90215203669165e-05,15648.426468875,1.7804304073383298e-05,1778616444.097108,,,,,,,,,,,,,,,,,,,,
1949,1033,1.7804304073383298e-05,8.90215203669165e-05,8.90215203669165e-05,15650.713126051,1.7804304073383298e-05,1778616446.383764,,,,,,,,,,,,,,,,,,,,
1949,1034,,,,15653.002780723,,1778616448.6734238,33.0,0.14876055717468262,,,,,,,,,,,,,,,,,,
1959,1035,1.7781411845676653e-05,8.890705922838327e-05,8.890705922838327e-05,15735.310029755,1.7781411845676653e-05,1778616530.9806693,,,,,,,,,,,,,,,,,,,,
1959,1036,1.7781411845676653e-05,8.890705922838327e-05,8.890705922838327e-05,15737.599015985,1.7781411845676653e-05,1778616533.2696502,,,,,,,,,,,,,,,,,,,,
1959,1037,1.7781411845676653e-05,8.890705922838327e-05,8.890705922838327e-05,15739.887282065,1.7781411845676653e-05,1778616535.5579195,,,,,,,,,,,,,,,,,,,,
1959,1038,1.7781411845676653e-05,8.890705922838327e-05,8.890705922838327e-05,15742.173905658,1.7781411845676653e-05,1778616537.8445466,,,,,,,,,,,,,,,,,,,,
1959,1039,,,,15744.460177795,,1778616540.13083,33.0,0.2091214805841446,,,,,,,,,,,,,,,,,,
1969,1040,1.775841577890674e-05,8.87920788945337e-05,8.87920788945337e-05,15826.780526505,1.775841577890674e-05,1778616622.4511821,,,,,,,,,,,,,,,,,,,,
1969,1041,1.775841577890674e-05,8.87920788945337e-05,8.87920788945337e-05,15829.066705191,1.775841577890674e-05,1778616624.7373223,,,,,,,,,,,,,,,,,,,,
1969,1042,1.775841577890674e-05,8.87920788945337e-05,8.87920788945337e-05,15831.354763272,1.775841577890674e-05,1778616627.0253816,,,,,,,,,,,,,,,,,,,,
1969,1043,1.775841577890674e-05,8.87920788945337e-05,8.87920788945337e-05,15833.637718407,1.775841577890674e-05,1778616629.3083394,,,,,,,,,,,,,,,,,,,,
1969,1044,,,,15835.925244511,,1778616631.5958972,33.0,0.0991503894329071,,,,,,,,,,,,,,,,,,
1979,1045,1.7735316179944608e-05,8.867658089972303e-05,8.867658089972303e-05,15918.216923199,1.7735316179944608e-05,1778616713.8875728,,,,,,,,,,,,,,,,,,,,
1979,1046,1.7735316179944608e-05,8.867658089972303e-05,8.867658089972303e-05,15920.501300651,1.7735316179944608e-05,1778616716.1719253,,,,,,,,,,,,,,,,,,,,
1979,1047,1.7735316179944608e-05,8.867658089972303e-05,8.867658089972303e-05,15922.786965518,1.7735316179944608e-05,1778616718.4576056,,,,,,,,,,,,,,,,,,,,
1979,1048,1.7735316179944608e-05,8.867658089972303e-05,8.867658089972303e-05,15925.072358348,1.7735316179944608e-05,1778616720.7429903,,,,,,,,,,,,,,,,,,,,
1979,1049,,,,15927.359194588,,1778616723.0298543,33.0,0.1706555187702179,,,,,,,,,,,,,,,,,,
1989,1050,1.771211335704289e-05,8.856056678521446e-05,8.856056678521446e-05,16009.680004563,1.771211335704289e-05,1778616805.3506575,,,,,,,,,,,,,,,,,,,,
1989,1051,1.771211335704289e-05,8.856056678521446e-05,8.856056678521446e-05,16011.966320368,1.771211335704289e-05,1778616807.6369574,,,,,,,,,,,,,,,,,,,,
1989,1052,1.771211335704289e-05,8.856056678521446e-05,8.856056678521446e-05,16014.2514415,1.771211335704289e-05,1778616809.9220624,,,,,,,,,,,,,,,,,,,,
1989,1053,1.771211335704289e-05,8.856056678521446e-05,8.856056678521446e-05,16016.540384676,1.771211335704289e-05,1778616812.2109218,,,,,,,,,,,,,,,,,,,,
1989,1054,,,,16018.82943218,,1778616814.4999847,33.0,0.09092208743095398,,,,,,,,,,,,,,,,,,
1999,1055,1.7688807619831702e-05,8.844403809915851e-05,8.844403809915851e-05,16101.15976023,1.7688807619831702e-05,1778616896.830312,,,,,,,,,,,,,,,,,,,,
1999,1056,1.7688807619831702e-05,8.844403809915851e-05,8.844403809915851e-05,16103.446365841,1.7688807619831702e-05,1778616899.1169603,,,,,,,,,,,,,,,,,,,,
1999,1057,1.7688807619831702e-05,8.844403809915851e-05,8.844403809915851e-05,16105.734041832,1.7688807619831702e-05,1778616901.404661,,,,,,,,,,,,,,,,,,,,
1999,1058,1.7688807619831702e-05,8.844403809915851e-05,8.844403809915851e-05,16108.020993936,1.7688807619831702e-05,1778616903.6916199,,,,,,,,,,,,,,,,,,,,
1999,1059,,,,16110.308922629,,1778616905.9795852,33.0,0.1463559865951538,,,,,,,,,,,,,,,,,,
2005,1060,,,,16185.258315803,,1778616980.9288332,33.0,,0.17336687445640564,5.8125,0.0,0.17336687445640564,8.025668144226074,0.8264591693878174,,,,,,,,,,,,
2005,1061,,,,16185.262036274,,1778616980.93271,33.0,,,,,,,,0.0,0.14327102899551392,0.14327102899551392,7.3458991050720215,0.8567298650741577,5.292896270751953,,,,,,
2009,1062,1.766539927931449e-05,8.832699639657245e-05,8.832699639657245e-05,16213.048680653,1.766539927931449e-05,1778617008.7192364,,,,,,,,,,,,,,,,,,,,
2009,1063,1.766539927931449e-05,8.832699639657245e-05,8.832699639657245e-05,16215.336435041,1.766539927931449e-05,1778617011.0070164,,,,,,,,,,,,,,,,,,,,
2009,1064,1.766539927931449e-05,8.832699639657245e-05,8.832699639657245e-05,16217.623299201,1.766539927931449e-05,1778617013.2938957,,,,,,,,,,,,,,,,,,,,
2009,1065,1.766539927931449e-05,8.832699639657245e-05,8.832699639657245e-05,16219.9129229,1.766539927931449e-05,1778617015.5835297,,,,,,,,,,,,,,,,,,,,
2009,1066,,,,16222.200926034,,1778617017.8714266,34.0,0.17303787171840668,,,,,,,,,,,,,,,,,,
2019,1067,1.7641888647863892e-05,8.820944323931946e-05,8.820944323931946e-05,16304.500291983,1.7641888647863892e-05,1778617100.1709173,,,,,,,,,,,,,,,,,,,,
2019,1068,1.7641888647863892e-05,8.820944323931946e-05,8.820944323931946e-05,16306.787443833,1.7641888647863892e-05,1778617102.4580567,,,,,,,,,,,,,,,,,,,,
2019,1069,1.7641888647863892e-05,8.820944323931946e-05,8.820944323931946e-05,16309.073963484,1.7641888647863892e-05,1778617104.7446074,,,,,,,,,,,,,,,,,,,,
2019,1070,1.7641888647863892e-05,8.820944323931946e-05,8.820944323931946e-05,16311.358759846,1.7641888647863892e-05,1778617107.0294125,,,,,,,,,,,,,,,,,,,,
2019,1071,,,,16313.648203533,,1778617109.3188717,34.0,0.08705605566501617,,,,,,,,,,,,,,,,,,
2029,1072,1.7618276039217566e-05,8.809138019608782e-05,8.809138019608782e-05,16395.948107568,1.7618276039217566e-05,1778617191.618752,,,,,,,,,,,,,,,,,,,,
2029,1073,1.7618276039217566e-05,8.809138019608782e-05,8.809138019608782e-05,16398.234494324,1.7618276039217566e-05,1778617193.9051151,,,,,,,,,,,,,,,,,,,,
2029,1074,1.7618276039217566e-05,8.809138019608782e-05,8.809138019608782e-05,16400.521278879,1.7618276039217566e-05,1778617196.1919115,,,,,,,,,,,,,,,,,,,,
2029,1075,1.7618276039217566e-05,8.809138019608782e-05,8.809138019608782e-05,16402.80567727,1.7618276039217566e-05,1778617198.4762776,,,,,,,,,,,,,,,,,,,,
2029,1076,,,,16405.092582179,,1778617200.7632306,34.0,0.11477881669998169,,,,,,,,,,,,,,,,,,
2039,1077,1.759456176847401e-05,8.797280884237005e-05,8.797280884237005e-05,16487.382868401,1.759456176847401e-05,1778617283.053515,,,,,,,,,,,,,,,,,,,,
2039,1078,1.759456176847401e-05,8.797280884237005e-05,8.797280884237005e-05,16489.668615371,1.759456176847401e-05,1778617285.3392396,,,,,,,,,,,,,,,,,,,,
2039,1079,1.759456176847401e-05,8.797280884237005e-05,8.797280884237005e-05,16491.954997798,1.759456176847401e-05,1778617287.6256251,,,,,,,,,,,,,,,,,,,,
2039,1080,1.759456176847401e-05,8.797280884237005e-05,8.797280884237005e-05,16494.242835172,1.759456176847401e-05,1778617289.913458,,,,,,,,,,,,,,,,,,,,
2039,1081,,,,16496.531129354,,1778617292.2017896,34.0,0.12062354385852814,,,,,,,,,,,,,,,,,,
2049,1082,1.757074615208835e-05,8.785373076044174e-05,8.785373076044174e-05,16578.808714272,1.757074615208835e-05,1778617374.4793642,,,,,,,,,,,,,,,,,,,,
2049,1083,1.757074615208835e-05,8.785373076044174e-05,8.785373076044174e-05,16581.09516181,1.757074615208835e-05,1778617376.7657914,,,,,,,,,,,,,,,,,,,,
2049,1084,1.757074615208835e-05,8.785373076044174e-05,8.785373076044174e-05,16583.383748243,1.757074615208835e-05,1778617379.0543778,,,,,,,,,,,,,,,,,,,,
2049,1085,1.757074615208835e-05,8.785373076044174e-05,8.785373076044174e-05,16585.670522234,1.757074615208835e-05,1778617381.341154,,,,,,,,,,,,,,,,,,,,
2049,1086,,,,16587.955555159,,1778617383.6262085,34.0,0.14827199280261993,,,,,,,,,,,,,,,,,,
2059,1087,1.7546829507868116e-05,8.773414753934058e-05,8.773414753934058e-05,16670.245265154,1.7546829507868116e-05,1778617465.9159174,,,,,,,,,,,,,,,,,,,,
2059,1088,1.7546829507868116e-05,8.773414753934058e-05,8.773414753934058e-05,16672.534407124,1.7546829507868116e-05,1778617468.205031,,,,,,,,,,,,,,,,,,,,
2059,1089,1.7546829507868116e-05,8.773414753934058e-05,8.773414753934058e-05,16674.822014741,1.7546829507868116e-05,1778617470.492638,,,,,,,,,,,,,,,,,,,,
2059,1090,1.7546829507868116e-05,8.773414753934058e-05,8.773414753934058e-05,16677.109402087,1.7546829507868116e-05,1778617472.7800133,,,,,,,,,,,,,,,,,,,,
2059,1091,,,,16679.396437755,,1778617475.0670886,34.0,0.12627378106117249,,,,,,,,,,,,,,,,,,
2064,1092,,,,16745.250232009,,1778617540.9207711,34.0,,0.16168682277202606,5.571250915527344,0.0,0.16168682277202606,7.700397491455078,0.8381370306015015,,,,,,,,,,,,
2064,1093,,,,16745.253780632,,1778617540.9245667,34.0,,,,,,,,0.0,0.13339345157146454,0.13339345157146454,7.045316696166992,0.8666037321090698,5.03125,,,,,,
2069,1094,1.7522812154969008e-05,8.761406077484503e-05,8.761406077484503e-05,16782.146463107,1.7522812154969008e-05,1778617577.817036,,,,,,,,,,,,,,,,,,,,
2069,1095,1.7522812154969008e-05,8.761406077484503e-05,8.761406077484503e-05,16784.436196879,1.7522812154969008e-05,1778617580.1067395,,,,,,,,,,,,,,,,,,,,
2069,1096,1.7522812154969008e-05,8.761406077484503e-05,8.761406077484503e-05,16786.722299255,1.7522812154969008e-05,1778617582.3929226,,,,,,,,,,,,,,,,,,,,
2069,1097,1.7522812154969008e-05,8.761406077484503e-05,8.761406077484503e-05,16789.009946134,1.7522812154969008e-05,1778617584.6805737,,,,,,,,,,,,,,,,,,,,
2069,1098,,,,16791.297197298,,1778617586.967863,35.0,0.12156911194324493,,,,,,,,,,,,,,,,,,
2079,1099,1.749869441389063e-05,8.749347206945316e-05,8.749347206945316e-05,16873.608415869,1.749869441389063e-05,1778617669.2790496,,,,,,,,,,,,,,,,,,,,
2079,1100,1.749869441389063e-05,8.749347206945316e-05,8.749347206945316e-05,16875.897234627,1.749869441389063e-05,1778617671.5677474,,,,,,,,,,,,,,,,,,,,
2079,1101,1.749869441389063e-05,8.749347206945316e-05,8.749347206945316e-05,16878.183794723,1.749869441389063e-05,1778617673.8544164,,,,,,,,,,,,,,,,,,,,
2079,1102,1.749869441389063e-05,8.749347206945316e-05,8.749347206945316e-05,16880.468897429,1.749869441389063e-05,1778617676.1395338,,,,,,,,,,,,,,,,,,,,
2079,1103,,,,16882.756703489,,1778617678.4273558,35.0,0.12513920664787292,,,,,,,,,,,,,,,,,,
2089,1104,1.747447660647222e-05,8.737238303236111e-05,8.737238303236111e-05,16965.065767158,1.747447660647222e-05,1778617760.7364216,,,,,,,,,,,,,,,,,,,,
2089,1105,1.747447660647222e-05,8.737238303236111e-05,8.737238303236111e-05,16967.355103986,1.747447660647222e-05,1778617763.0257301,,,,,,,,,,,,,,,,,,,,
2089,1106,1.747447660647222e-05,8.737238303236111e-05,8.737238303236111e-05,16969.640501475,1.747447660647222e-05,1778617765.3111262,,,,,,,,,,,,,,,,,,,,
2089,1107,1.747447660647222e-05,8.737238303236111e-05,8.737238303236111e-05,16971.928156117,1.747447660647222e-05,1778617767.5987768,,,,,,,,,,,,,,,,,,,,
2089,1108,,,,16974.213747549,,1778617769.8844016,35.0,0.07559173554182053,,,,,,,,,,,,,,,,,,
2099,1109,1.745015905588835e-05,8.725079527944174e-05,8.725079527944174e-05,17056.538673861,1.745015905588835e-05,1778617852.209324,,,,,,,,,,,,,,,,,,,,
2099,1110,1.745015905588835e-05,8.725079527944174e-05,8.725079527944174e-05,17058.828217219,1.745015905588835e-05,1778617854.4987438,,,,,,,,,,,,,,,,,,,,
2099,1111,1.745015905588835e-05,8.725079527944174e-05,8.725079527944174e-05,17061.11345647,1.745015905588835e-05,1778617856.7840717,,,,,,,,,,,,,,,,,,,,
2099,1112,1.745015905588835e-05,8.725079527944174e-05,8.725079527944174e-05,17063.400630559,1.745015905588835e-05,1778617859.0712583,,,,,,,,,,,,,,,,,,,,
2099,1113,,,,17065.687077687,,1778617861.3577354,35.0,0.14744846522808075,,,,,,,,,,,,,,,,,,
2109,1114,1.742574208664461e-05,8.712871043322304e-05,8.712871043322304e-05,17147.974733652,1.742574208664461e-05,1778617943.6453846,,,,,,,,,,,,,,,,,,,,
2109,1115,1.742574208664461e-05,8.712871043322304e-05,8.712871043322304e-05,17150.266443344,1.742574208664461e-05,1778617945.9369254,,,,,,,,,,,,,,,,,,,,
2109,1116,1.742574208664461e-05,8.712871043322304e-05,8.712871043322304e-05,17152.554179716,1.742574208664461e-05,1778617948.224817,,,,,,,,,,,,,,,,,,,,
2109,1117,1.742574208664461e-05,8.712871043322304e-05,8.712871043322304e-05,17154.841621086,1.742574208664461e-05,1778617950.51225,,,,,,,,,,,,,,,,,,,,
2109,1118,,,,17157.129305042,,1778617952.7999496,35.0,0.11415553092956543,,,,,,,,,,,,,,,,,,
2119,1119,1.740122602457329e-05,8.700613012286645e-05,8.700613012286645e-05,17239.436178658,1.740122602457329e-05,1778618035.10682,,,,,,,,,,,,,,,,,,,,
2119,1120,1.740122602457329e-05,8.700613012286645e-05,8.700613012286645e-05,17241.722657207,1.740122602457329e-05,1778618037.3932645,,,,,,,,,,,,,,,,,,,,
2119,1121,1.740122602457329e-05,8.700613012286645e-05,8.700613012286645e-05,17244.009554046,1.740122602457329e-05,1778618039.6801758,,,,,,,,,,,,,,,,,,,,
2119,1122,1.740122602457329e-05,8.700613012286645e-05,8.700613012286645e-05,17246.296522272,1.740122602457329e-05,1778618041.9671376,,,,,,,,,,,,,,,,,,,,
2119,1123,,,,17248.582087852,,1778618044.2527366,35.0,0.12410812079906464,,,,,,,,,,,,,,,,,,
2123,1124,,,,17305.252638538,,1778618100.9231195,35.0,,0.1658550351858139,5.3125,0.0,0.1658550351858139,7.745316028594971,0.8339718580245972,,,,,,,,,,,,
2123,1125,,,,17305.256042333,,1778618100.926764,35.0,,,,,,,,0.0,0.13926756381988525,0.13926756381988525,7.233196258544922,0.8607347011566162,5.25,,,,,,
2129,1126,1.737661119682902e-05,8.68830559841451e-05,8.68830559841451e-05,17351.311885541,1.737661119682902e-05,1778618146.9824789,,,,,,,,,,,,,,,,,,,,
2129,1127,1.737661119682902e-05,8.68830559841451e-05,8.68830559841451e-05,17353.597207147,1.737661119682902e-05,1778618149.2678497,,,,,,,,,,,,,,,,,,,,
2129,1128,1.737661119682902e-05,8.68830559841451e-05,8.68830559841451e-05,17355.882634312,1.737661119682902e-05,1778618151.5532641,,,,,,,,,,,,,,,,,,,,
2129,1129,1.737661119682902e-05,8.68830559841451e-05,8.68830559841451e-05,17358.169821103,1.737661119682902e-05,1778618153.8404322,,,,,,,,,,,,,,,,,,,,
2129,1130,,,,17360.456760663,,1778618156.127413,36.0,0.2038453221321106,,,,,,,,,,,,,,,,,,
2139,1131,1.7351897931884406e-05,8.675948965942202e-05,8.675948965942202e-05,17442.754023147,1.7351897931884406e-05,1778618238.4246418,,,,,,,,,,,,,,,,,,,,
2139,1132,1.7351897931884406e-05,8.675948965942202e-05,8.675948965942202e-05,17445.039027402,1.7351897931884406e-05,1778618240.7096624,,,,,,,,,,,,,,,,,,,,
2139,1133,1.7351897931884406e-05,8.675948965942202e-05,8.675948965942202e-05,17447.325452613,1.7351897931884406e-05,1778618242.99606,,,,,,,,,,,,,,,,,,,,
2139,1134,1.7351897931884406e-05,8.675948965942202e-05,8.675948965942202e-05,17449.61238025,1.7351897931884406e-05,1778618245.283007,,,,,,,,,,,,,,,,,,,,
2139,1135,,,,17451.902611704,,1778618247.5732758,36.0,0.20241042971611023,,,,,,,,,,,,,,,,,,
2149,1136,1.732708655952566e-05,8.663543279762829e-05,8.663543279762829e-05,17534.366737991,1.732708655952566e-05,1778618330.0373914,,,,,,,,,,,,,,,,,,,,
2149,1137,1.732708655952566e-05,8.663543279762829e-05,8.663543279762829e-05,17536.653015454,1.732708655952566e-05,1778618332.3236372,,,,,,,,,,,,,,,,,,,,
2149,1138,1.732708655952566e-05,8.663543279762829e-05,8.663543279762829e-05,17538.940188655,1.732708655952566e-05,1778618334.6108148,,,,,,,,,,,,,,,,,,,,
2149,1139,1.732708655952566e-05,8.663543279762829e-05,8.663543279762829e-05,17541.227185251,1.732708655952566e-05,1778618336.8978362,,,,,,,,,,,,,,,,,,,,
2149,1140,,,,17543.514531454,,1778618339.1851869,36.0,0.12350325286388397,,,,,,,,,,,,,,,,,,
2159,1141,1.7302177410848177e-05,8.651088705424088e-05,8.651088705424088e-05,17625.793752098,1.7302177410848177e-05,1778618421.4643793,,,,,,,,,,,,,,,,,,,,
2159,1142,1.7302177410848177e-05,8.651088705424088e-05,8.651088705424088e-05,17628.079431467,1.7302177410848177e-05,1778618423.7500536,,,,,,,,,,,,,,,,,,,,
2159,1143,1.7302177410848177e-05,8.651088705424088e-05,8.651088705424088e-05,17630.365188614,1.7302177410848177e-05,1778618426.0358255,,,,,,,,,,,,,,,,,,,,
2159,1144,1.7302177410848177e-05,8.651088705424088e-05,8.651088705424088e-05,17632.653240461,1.7302177410848177e-05,1778618428.323869,,,,,,,,,,,,,,,,,,,,
2159,1145,,,,17634.94258441,,1778618430.6130888,36.0,0.1001194640994072,,,,,,,,,,,,,,,,,,
2169,1146,1.7277170818252132e-05,8.638585409126065e-05,8.638585409126065e-05,17717.339759757,1.7277170818252132e-05,1778618513.0104072,,,,,,,,,,,,,,,,,,,,
2169,1147,1.7277170818252132e-05,8.638585409126065e-05,8.638585409126065e-05,17719.639940014,1.7277170818252132e-05,1778618515.3105767,,,,,,,,,,,,,,,,,,,,
2169,1148,1.7277170818252132e-05,8.638585409126065e-05,8.638585409126065e-05,17721.941865414,1.7277170818252132e-05,1778618517.612502,,,,,,,,,,,,,,,,,,,,
2169,1149,1.7277170818252132e-05,8.638585409126065e-05,8.638585409126065e-05,17724.244589666,1.7277170818252132e-05,1778618519.9152105,,,,,,,,,,,,,,,,,,,,
2169,1150,,,,17726.547607409,,1778618522.2182615,36.0,0.167000874876976,,,,,,,,,,,,,,,,,,
2179,1151,1.7252067115438045e-05,8.626033557719023e-05,8.626033557719023e-05,17809.127067801,1.7252067115438045e-05,1778618604.797646,,,,,,,,,,,,,,,,,,,,
2179,1152,1.7252067115438045e-05,8.626033557719023e-05,8.626033557719023e-05,17811.413994102,1.7252067115438045e-05,1778618607.0845988,,,,,,,,,,,,,,,,,,,,
2179,1153,1.7252067115438045e-05,8.626033557719023e-05,8.626033557719023e-05,17813.703130564,1.7252067115438045e-05,1778618609.37369,,,,,,,,,,,,,,,,,,,,
2179,1154,1.7252067115438045e-05,8.626033557719023e-05,8.626033557719023e-05,17815.989490166,1.7252067115438045e-05,1778618611.6600595,,,,,,,,,,,,,,,,,,,,
2179,1155,,,,17818.275119461,,1778618613.945722,36.0,0.17042452096939087,,,,,,,,,,,,,,,,,,
2182,1156,,,,17865.811666974,,1778618661.4821541,36.0,,0.1709573119878769,5.775238037109375,0.0,0.1709573119878769,7.8355607986450195,0.8288558721542358,,,,,,,,,,,,
2182,1157,,,,17865.815062896,,1778618661.4858222,36.0,,,,,,,,0.0,0.13108517229557037,0.13108517229557037,6.967315196990967,0.8689196109771729,4.96875,,,,,,
2189,1158,1.7226866637402318e-05,8.613433318701159e-05,8.613433318701159e-05,17921.004555742,1.7226866637402318e-05,1778618716.6750426,,,,,,,,,,,,,,,,,,,,
2189,1159,1.7226866637402318e-05,8.613433318701159e-05,8.613433318701159e-05,17923.29188439,1.7226866637402318e-05,1778618718.962509,,,,,,,,,,,,,,,,,,,,
2189,1160,1.7226866637402318e-05,8.613433318701159e-05,8.613433318701159e-05,17925.578633998,1.7226866637402318e-05,1778618721.2491658,,,,,,,,,,,,,,,,,,,,
2189,1161,1.7226866637402318e-05,8.613433318701159e-05,8.613433318701159e-05,17927.866826735,1.7226866637402318e-05,1778618723.53742,,,,,,,,,,,,,,,,,,,,
2189,1162,,,,17930.156282641,,1778618725.826904,37.0,0.14824622869491577,,,,,,,,,,,,,,,,,,
2199,1163,1.720156972043277e-05,8.600784860216386e-05,8.600784860216386e-05,18012.490294385,1.720156972043277e-05,1778618808.1608775,,,,,,,,,,,,,,,,,,,,
2199,1164,1.720156972043277e-05,8.600784860216386e-05,8.600784860216386e-05,18014.775463679,1.720156972043277e-05,1778618810.4460473,,,,,,,,,,,,,,,,,,,,
2199,1165,1.720156972043277e-05,8.600784860216386e-05,8.600784860216386e-05,18017.063389556,1.720156972043277e-05,1778618812.7338712,,,,,,,,,,,,,,,,,,,,
2199,1166,1.720156972043277e-05,8.600784860216386e-05,8.600784860216386e-05,18019.351200291,1.720156972043277e-05,1778618815.0217392,,,,,,,,,,,,,,,,,,,,
2199,1167,,,,18021.639185408,,1778618817.3097801,37.0,0.08503372967243195,,,,,,,,,,,,,,,,,,
2209,1168,1.7176176702104154e-05,8.588088351052078e-05,8.588088351052078e-05,18103.979116383,1.7176176702104154e-05,1778618899.649697,,,,,,,,,,,,,,,,,,,,
2209,1169,1.7176176702104154e-05,8.588088351052078e-05,8.588088351052078e-05,18106.266164701,1.7176176702104154e-05,1778618901.9367826,,,,,,,,,,,,,,,,,,,,
2209,1170,1.7176176702104154e-05,8.588088351052078e-05,8.588088351052078e-05,18108.552813879,1.7176176702104154e-05,1778618904.223395,,,,,,,,,,,,,,,,,,,,
2209,1171,1.7176176702104154e-05,8.588088351052078e-05,8.588088351052078e-05,18110.839813796,1.7176176702104154e-05,1778618906.5104072,,,,,,,,,,,,,,,,,,,,
2209,1172,,,,18113.12856839,,1778618908.7991798,37.0,0.2513834238052368,,,,,,,,,,,,,,,,,,
2219,1173,1.7150687921273646e-05,8.575343960636823e-05,8.575343960636823e-05,18195.458427419,1.7150687921273646e-05,1778618991.1290724,,,,,,,,,,,,,,,,,,,,
2219,1174,1.7150687921273646e-05,8.575343960636823e-05,8.575343960636823e-05,18197.744084857,1.7150687921273646e-05,1778618993.4147215,,,,,,,,,,,,,,,,,,,,
2219,1175,1.7150687921273646e-05,8.575343960636823e-05,8.575343960636823e-05,18200.031736872,1.7150687921273646e-05,1778618995.7023182,,,,,,,,,,,,,,,,,,,,
2219,1176,1.7150687921273646e-05,8.575343960636823e-05,8.575343960636823e-05,18202.322111949,1.7150687921273646e-05,1778618997.9927413,,,,,,,,,,,,,,,,,,,,
2219,1177,,,,18204.608206115,,1778619000.278865,37.0,0.10909031331539154,,,,,,,,,,,,,,,,,,
2229,1178,1.7125103718076323e-05,8.562551859038161e-05,8.562551859038161e-05,18287.064055593,1.7125103718076323e-05,1778619082.734698,,,,,,,,,,,,,,,,,,,,
2229,1179,1.7125103718076323e-05,8.562551859038161e-05,8.562551859038161e-05,18289.349027909,1.7125103718076323e-05,1778619085.0196617,,,,,,,,,,,,,,,,,,,,
2229,1180,1.7125103718076323e-05,8.562551859038161e-05,8.562551859038161e-05,18291.63344316,1.7125103718076323e-05,1778619087.3040612,,,,,,,,,,,,,,,,,,,,
2229,1181,1.7125103718076323e-05,8.562551859038161e-05,8.562551859038161e-05,18293.919290063,1.7125103718076323e-05,1778619089.589897,,,,,,,,,,,,,,,,,,,,
2229,1182,,,,18296.204325087,,1778619091.8749824,37.0,0.1829962134361267,,,,,,,,,,,,,,,,,,
2239,1183,1.7099424433920623e-05,8.54971221696031e-05,8.54971221696031e-05,18378.505631887,1.7099424433920623e-05,1778619174.1762795,,,,,,,,,,,,,,,,,,,,
2239,1184,1.7099424433920623e-05,8.54971221696031e-05,8.54971221696031e-05,18380.79289253,1.7099424433920623e-05,1778619176.4635406,,,,,,,,,,,,,,,,,,,,
2239,1185,1.7099424433920623e-05,8.54971221696031e-05,8.54971221696031e-05,18383.079742466,1.7099424433920623e-05,1778619178.7503734,,,,,,,,,,,,,,,,,,,,
2239,1186,1.7099424433920623e-05,8.54971221696031e-05,8.54971221696031e-05,18385.365917319,1.7099424433920623e-05,1778619181.0365536,,,,,,,,,,,,,,,,,,,,
2239,1187,,,,18387.653644164,,1778619183.3242953,37.0,0.09638193249702454,,,,,,,,,,,,,,,,,,
2241,1188,,,,18426.083852371,,1778619221.7543852,37.0,,0.13813726603984833,4.984375,0.0,0.13813726603984833,7.054860591888428,0.8617185354232788,,,,,,,,,,,,
2241,1189,,,,18426.769088981,,1778619222.439635,37.0,,,,,,,,0.0,0.13213981688022614,0.13213981688022614,6.976043224334717,0.8678635358810425,4.8980560302734375,,,,,,
2249,1190,1.70736504114838e-05,8.536825205741899e-05,8.536825205741899e-05,18491.185207012,1.70736504114838e-05,1778619286.8558235,,,,,,,,,,,,,,,,,,,,
2249,1191,1.70736504114838e-05,8.536825205741899e-05,8.536825205741899e-05,18493.476411575,1.70736504114838e-05,1778619289.1469288,,,,,,,,,,,,,,,,,,,,
2249,1192,1.70736504114838e-05,8.536825205741899e-05,8.536825205741899e-05,18495.763778103,1.70736504114838e-05,1778619291.434413,,,,,,,,,,,,,,,,,,,,
2249,1193,1.70736504114838e-05,8.536825205741899e-05,8.536825205741899e-05,18498.05344665,1.70736504114838e-05,1778619293.7240806,,,,,,,,,,,,,,,,,,,,
2249,1194,,,,18500.340661822,,1778619296.0113046,38.0,0.12490811944007874,,,,,,,,,,,,,,,,,,
2259,1195,1.704778199470734e-05,8.52389099735367e-05,8.52389099735367e-05,18582.664269512,1.704778199470734e-05,1778619378.334879,,,,,,,,,,,,,,,,,,,,
2259,1196,1.704778199470734e-05,8.52389099735367e-05,8.52389099735367e-05,18584.953236329,1.704778199470734e-05,1778619380.6237397,,,,,,,,,,,,,,,,,,,,
2259,1197,1.704778199470734e-05,8.52389099735367e-05,8.52389099735367e-05,18587.242128435,1.704778199470734e-05,1778619382.9127614,,,,,,,,,,,,,,,,,,,,
2259,1198,1.704778199470734e-05,8.52389099735367e-05,8.52389099735367e-05,18589.527714575,1.704778199470734e-05,1778619385.198351,,,,,,,,,,,,,,,,,,,,
2259,1199,,,,18591.815325858,,1778619387.485982,38.0,0.19716662168502808,,,,,,,,,,,,,,,,,,
2269,1200,1.7021819528792368e-05,8.510909764396185e-05,8.510909764396185e-05,18674.125043376,1.7021819528792368e-05,1778619469.7956996,,,,,,,,,,,,,,,,,,,,
2269,1201,1.7021819528792368e-05,8.510909764396185e-05,8.510909764396185e-05,18676.416292537,1.7021819528792368e-05,1778619472.0869253,,,,,,,,,,,,,,,,,,,,
2269,1202,1.7021819528792368e-05,8.510909764396185e-05,8.510909764396185e-05,18678.701467383,1.7021819528792368e-05,1778619474.3722334,,,,,,,,,,,,,,,,,,,,
2269,1203,1.7021819528792368e-05,8.510909764396185e-05,8.510909764396185e-05,18680.987724576,1.7021819528792368e-05,1778619476.6583447,,,,,,,,,,,,,,,,,,,,
2269,1204,,,,18683.274689262,,1778619478.945348,38.0,0.16209670901298523,,,,,,,,,,,,,,,,,,
2279,1205,1.6995763360195065e-05,8.497881680097532e-05,8.497881680097532e-05,18765.582962148,1.6995763360195065e-05,1778619561.2535462,,,,,,,,,,,,,,,,,,,,
2279,1206,1.6995763360195065e-05,8.497881680097532e-05,8.497881680097532e-05,18767.87540022,1.6995763360195065e-05,1778619563.5459156,,,,,,,,,,,,,,,,,,,,
2279,1207,1.6995763360195065e-05,8.497881680097532e-05,8.497881680097532e-05,18770.161138567,1.6995763360195065e-05,1778619565.8317697,,,,,,,,,,,,,,,,,,,,
2279,1208,1.6995763360195065e-05,8.497881680097532e-05,8.497881680097532e-05,18772.447966151,1.6995763360195065e-05,1778619568.1185956,,,,,,,,,,,,,,,,,,,,
2279,1209,,,,18774.736103063,,1778619570.4067605,38.0,0.11902828514575958,,,,,,,,,,,,,,,,,,
2289,1210,1.6969613836622004e-05,8.484806918311002e-05,8.484806918311002e-05,18857.461215429,1.6969613836622004e-05,1778619653.1318662,,,,,,,,,,,,,,,,,,,,
2289,1211,1.6969613836622004e-05,8.484806918311002e-05,8.484806918311002e-05,18859.763602643,1.6969613836622004e-05,1778619655.4341857,,,,,,,,,,,,,,,,,,,,
2289,1212,1.6969613836622004e-05,8.484806918311002e-05,8.484806918311002e-05,18862.065071909,1.6969613836622004e-05,1778619657.7357073,,,,,,,,,,,,,,,,,,,,
2289,1213,1.6969613836622004e-05,8.484806918311002e-05,8.484806918311002e-05,18864.366414876,1.6969613836622004e-05,1778619660.0370278,,,,,,,,,,,,,,,,,,,,
2289,1214,,,,18866.670799994,,1778619662.3414497,38.0,0.16006743907928467,,,,,,,,,,,,,,,,,,
2299,1215,1.6943371307025552e-05,8.471685653512776e-05,8.471685653512776e-05,18948.998916775,1.6943371307025552e-05,1778619744.6695678,,,,,,,,,,,,,,,,,,,,
2299,1216,1.6943371307025552e-05,8.471685653512776e-05,8.471685653512776e-05,18951.284694627,1.6943371307025552e-05,1778619746.9553092,,,,,,,,,,,,,,,,,,,,
2299,1217,1.6943371307025552e-05,8.471685653512776e-05,8.471685653512776e-05,18953.574087101,1.6943371307025552e-05,1778619749.2447104,,,,,,,,,,,,,,,,,,,,
2299,1218,1.6943371307025552e-05,8.471685653512776e-05,8.471685653512776e-05,18955.860689203,1.6943371307025552e-05,1778619751.5312212,,,,,,,,,,,,,,,,,,,,
2299,1219,,,,18958.147629173,,1778619753.8182063,38.0,0.21961481869220734,,,,,,,,,,,,,,,,,,
2300,1220,,,,18987.48285817,,1778619783.153389,38.0,,0.18772178888320923,6.271644592285156,0.0,0.18772178888320923,8.355354309082031,0.812107264995575,,,,,,,,,,,,
2300,1221,,,,18987.486429786,,1778619783.1572237,38.0,,,,,,,,0.0,0.1301650106906891,0.1301650106906891,6.980789661407471,0.8698379993438721,5.072498321533203,,,,,,
2309,1222,1.6917036121599182e-05,8.45851806079959e-05,8.45851806079959e-05,19060.956433297,1.6917036121599182e-05,1778619856.6269,,,,,,,,,,,,,,,,,,,,
2309,1223,1.6917036121599182e-05,8.45851806079959e-05,8.45851806079959e-05,19063.242723348,1.6917036121599182e-05,1778619858.9134774,,,,,,,,,,,,,,,,,,,,
2309,1224,1.6917036121599182e-05,8.45851806079959e-05,8.45851806079959e-05,19065.528706608,1.6917036121599182e-05,1778619861.1992857,,,,,,,,,,,,,,,,,,,,
2309,1225,1.6917036121599182e-05,8.45851806079959e-05,8.45851806079959e-05,19067.815946718,1.6917036121599182e-05,1778619863.4864862,,,,,,,,,,,,,,,,,,,,
2309,1226,,,,19070.104560462,,1778619865.7751558,39.0,0.13095837831497192,,,,,,,,,,,,,,,,,,
2319,1227,1.6890608631772828e-05,8.445304315886414e-05,8.445304315886414e-05,19152.658573198,1.6890608631772828e-05,1778619948.3292148,,,,,,,,,,,,,,,,,,,,
2319,1228,1.6890608631772828e-05,8.445304315886414e-05,8.445304315886414e-05,19154.943534924,1.6890608631772828e-05,1778619950.6141596,,,,,,,,,,,,,,,,,,,,
2319,1229,1.6890608631772828e-05,8.445304315886414e-05,8.445304315886414e-05,19157.228394638,1.6890608631772828e-05,1778619952.8990223,,,,,,,,,,,,,,,,,,,,
2319,1230,1.6890608631772828e-05,8.445304315886414e-05,8.445304315886414e-05,19159.516291215,1.6890608631772828e-05,1778619955.186914,,,,,,,,,,,,,,,,,,,,
2319,1231,,,,19161.803303685,,1778619957.4739583,39.0,0.13409075140953064,,,,,,,,,,,,,,,,,,
2329,1232,1.6864089190208167e-05,8.432044595104084e-05,8.432044595104084e-05,19244.101703782,1.6864089190208167e-05,1778620039.7723546,,,,,,,,,,,,,,,,,,,,
2329,1233,1.6864089190208167e-05,8.432044595104084e-05,8.432044595104084e-05,19246.388992996,1.6864089190208167e-05,1778620042.0596223,,,,,,,,,,,,,,,,,,,,
2329,1234,1.6864089190208167e-05,8.432044595104084e-05,8.432044595104084e-05,19248.674626943,1.6864089190208167e-05,1778620044.3452735,,,,,,,,,,,,,,,,,,,,
2329,1235,1.6864089190208167e-05,8.432044595104084e-05,8.432044595104084e-05,19250.960004375,1.6864089190208167e-05,1778620046.6306155,,,,,,,,,,,,,,,,,,,,
2329,1236,,,,19253.246747381,,1778620048.917402,39.0,0.06529105454683304,,,,,,,,,,,,,,,,,,
2339,1237,1.6837478150793934e-05,8.418739075396967e-05,8.418739075396967e-05,19335.547146538,1.6837478150793934e-05,1778620131.2177186,,,,,,,,,,,,,,,,,,,,
2339,1238,1.6837478150793934e-05,8.418739075396967e-05,8.418739075396967e-05,19337.831801123,1.6837478150793934e-05,1778620133.5024338,,,,,,,,,,,,,,,,,,,,
2339,1239,1.6837478150793934e-05,8.418739075396967e-05,8.418739075396967e-05,19340.116205132,1.6837478150793934e-05,1778620135.7868378,,,,,,,,,,,,,,,,,,,,
2339,1240,1.6837478150793934e-05,8.418739075396967e-05,8.418739075396967e-05,19342.402330378,1.6837478150793934e-05,1778620138.0729318,,,,,,,,,,,,,,,,,,,,
2339,1241,,,,19344.69028262,,1778620140.3609312,39.0,0.14530733227729797,,,,,,,,,,,,,,,,,,
2349,1242,1.6810775868641185e-05,8.405387934320592e-05,8.405387934320592e-05,19426.969218589,1.6810775868641185e-05,1778620222.6398716,,,,,,,,,,,,,,,,,,,,
2349,1243,1.6810775868641185e-05,8.405387934320592e-05,8.405387934320592e-05,19429.25606051,1.6810775868641185e-05,1778620224.9267035,,,,,,,,,,,,,,,,,,,,
2349,1244,1.6810775868641185e-05,8.405387934320592e-05,8.405387934320592e-05,19431.542095999,1.6810775868641185e-05,1778620227.2127514,,,,,,,,,,,,,,,,,,,,
2349,1245,1.6810775868641185e-05,8.405387934320592e-05,8.405387934320592e-05,19433.833435109,1.6810775868641185e-05,1778620229.5039327,,,,,,,,,,,,,,,,,,,,
2349,1246,,,,19436.120922011,,1778620231.7915287,39.0,0.1291031837463379,,,,,,,,,,,,,,,,,,
2359,1247,1.678398270007857e-05,8.391991350039285e-05,8.391991350039285e-05,19518.429858836,1.678398270007857e-05,1778620314.100513,,,,,,,,,,,,,,,,,,,,
2359,1248,1.678398270007857e-05,8.391991350039285e-05,8.391991350039285e-05,19520.714613329,1.678398270007857e-05,1778620316.3852348,,,,,,,,,,,,,,,,,,,,
2359,1249,,,,19522.930720725,,1778620318.6013772,39.0,0.14838381111621857,,,,,,,,,,,,,,,,,,
2359,1250,,,,19547.683801905,,1778620343.3542871,39.0,,0.1439571976661682,4.9375,0.0,0.1439571976661682,7.176382064819336,0.8558883666992188,,,,,,,,,,,,
2359,1251,,,,19548.408533248,,1778620344.0790944,39.0,,,,,,,,0.0,0.1280844509601593,0.1280844509601593,6.917198657989502,0.8719167709350586,5.09375,,,,,,
2369,1252,1.675709900264757e-05,8.378549501323786e-05,8.378549501323786e-05,19630.990779698,1.675709900264757e-05,1778620426.6613905,,,,,,,,,,,,,,,,,,,,
2369,1253,1.675709900264757e-05,8.378549501323786e-05,8.378549501323786e-05,19633.278131007,1.675709900264757e-05,1778620428.9487503,,,,,,,,,,,,,,,,,,,,
2369,1254,1.675709900264757e-05,8.378549501323786e-05,8.378549501323786e-05,19635.568443075,1.675709900264757e-05,1778620431.239045,,,,,,,,,,,,,,,,,,,,
2369,1255,1.675709900264757e-05,8.378549501323786e-05,8.378549501323786e-05,19637.855209066,1.675709900264757e-05,1778620433.5257244,,,,,,,,,,,,,,,,,,,,
2369,1256,,,,19640.143761471,,1778620435.8143644,40.0,0.07415160536766052,,,,,,,,,,,,,,,,,,
2379,1257,1.6730125135097736e-05,8.365062567548867e-05,8.365062567548867e-05,19722.448817851,1.6730125135097736e-05,1778620518.1194572,,,,,,,,,,,,,,,,,,,,
2379,1258,1.6730125135097736e-05,8.365062567548867e-05,8.365062567548867e-05,19724.737734059,1.6730125135097736e-05,1778620520.4083545,,,,,,,,,,,,,,,,,,,,
2379,1259,1.6730125135097736e-05,8.365062567548867e-05,8.365062567548867e-05,19727.025583995,1.6730125135097736e-05,1778620522.6962235,,,,,,,,,,,,,,,,,,,,
2379,1260,1.6730125135097736e-05,8.365062567548867e-05,8.365062567548867e-05,19729.311644563,1.6730125135097736e-05,1778620524.9822714,,,,,,,,,,,,,,,,,,,,
2379,1261,,,,19731.597956739,,1778620527.2686136,40.0,0.18147429823875427,,,,,,,,,,,,,,,,,,
2389,1262,1.670306145738188e-05,8.35153072869094e-05,8.35153072869094e-05,19814.051641306,1.670306145738188e-05,1778620609.7222495,,,,,,,,,,,,,,,,,,,,
2389,1263,1.670306145738188e-05,8.35153072869094e-05,8.35153072869094e-05,19816.353705977,1.670306145738188e-05,1778620612.0243227,,,,,,,,,,,,,,,,,,,,
2389,1264,1.670306145738188e-05,8.35153072869094e-05,8.35153072869094e-05,19818.65376832,1.670306145738188e-05,1778620614.3244116,,,,,,,,,,,,,,,,,,,,
2389,1265,1.670306145738188e-05,8.35153072869094e-05,8.35153072869094e-05,19820.954844938,1.670306145738188e-05,1778620616.6254845,,,,,,,,,,,,,,,,,,,,
2389,1266,,,,19823.256654668,,1778620618.9273112,40.0,0.12641695141792297,,,,,,,,,,,,,,,,,,
2399,1267,1.6675908330651297e-05,8.337954165325648e-05,8.337954165325648e-05,19905.874778495,1.6675908330651297e-05,1778620701.5454192,,,,,,,,,,,,,,,,,,,,
2399,1268,1.6675908330651297e-05,8.337954165325648e-05,8.337954165325648e-05,19908.160444962,1.6675908330651297e-05,1778620703.8310747,,,,,,,,,,,,,,,,,,,,
2399,1269,1.6675908330651297e-05,8.337954165325648e-05,8.337954165325648e-05,19910.447194727,1.6675908330651297e-05,1778620706.1178281,,,,,,,,,,,,,,,,,,,,
2399,1270,1.6675908330651297e-05,8.337954165325648e-05,8.337954165325648e-05,19912.734715481,1.6675908330651297e-05,1778620708.405329,,,,,,,,,,,,,,,,,,,,
2399,1271,,,,19915.019566565,,1778620710.6902168,40.0,0.13451167941093445,,,,,,,,,,,,,,,,,,
2409,1272,1.6648666117250935e-05,8.324333058625466e-05,8.324333058625466e-05,19997.337566726,1.6648666117250935e-05,1778620793.0082104,,,,,,,,,,,,,,,,,,,,
2409,1273,1.6648666117250935e-05,8.324333058625466e-05,8.324333058625466e-05,19999.639807057,1.6648666117250935e-05,1778620795.3104298,,,,,,,,,,,,,,,,,,,,
2409,1274,1.6648666117250935e-05,8.324333058625466e-05,8.324333058625466e-05,20001.941485936,1.6648666117250935e-05,1778620797.6120949,,,,,,,,,,,,,,,,,,,,
2409,1275,1.6648666117250935e-05,8.324333058625466e-05,8.324333058625466e-05,20004.246004943,1.6648666117250935e-05,1778620799.91663,,,,,,,,,,,,,,,,,,,,
2409,1276,,,,20006.549223847,,1778620802.2198882,40.0,0.048750750720500946,,,,,,,,,,,,,,,,,,
2418,1277,,,,20109.187089203,,1778620904.8575878,40.0,,0.1733814924955368,5.59375,0.0,0.1733814924955368,7.953181743621826,0.8264349102973938,,,,,,,,,,,,
2418,1278,,,,20109.190745486,,1778620904.8615553,40.0,,,,,,,,0.0,0.12694059312343597,0.12694059312343597,6.878756999969482,0.873054027557373,4.944366455078125,,,,,,
2419,1279,1.662133518071455e-05,8.310667590357275e-05,8.310667590357275e-05,20109.471054082,1.662133518071455e-05,1778620905.1406531,,,,,,,,,,,,,,,,,,,,
2419,1280,1.662133518071455e-05,8.310667590357275e-05,8.310667590357275e-05,20111.759630394,1.662133518071455e-05,1778620907.4302533,,,,,,,,,,,,,,,,,,,,
2419,1281,1.662133518071455e-05,8.310667590357275e-05,8.310667590357275e-05,20114.047613797,1.662133518071455e-05,1778620909.718241,,,,,,,,,,,,,,,,,,,,
2419,1282,1.662133518071455e-05,8.310667590357275e-05,8.310667590357275e-05,20116.334223887,1.662133518071455e-05,1778620912.0048525,,,,,,,,,,,,,,,,,,,,
2419,1283,,,,20118.62163497,,1778620914.292139,41.0,0.17483218014240265,,,,,,,,,,,,,,,,,,
2429,1284,1.6593915885759875e-05,8.296957942879937e-05,8.296957942879937e-05,20200.929813826,1.6593915885759875e-05,1778620996.6004503,,,,,,,,,,,,,,,,,,,,
2429,1285,1.6593915885759875e-05,8.296957942879937e-05,8.296957942879937e-05,20203.217594888,1.6593915885759875e-05,1778620998.888213,,,,,,,,,,,,,,,,,,,,
2429,1286,1.6593915885759875e-05,8.296957942879937e-05,8.296957942879937e-05,20205.503898239,1.6593915885759875e-05,1778621001.1745102,,,,,,,,,,,,,,,,,,,,
2429,1287,1.6593915885759875e-05,8.296957942879937e-05,8.296957942879937e-05,20207.790781914,1.6593915885759875e-05,1778621003.4613729,,,,,,,,,,,,,,,,,,,,
2429,1288,,,,20210.075850311,,1778621005.7464726,41.0,0.09482136368751526,,,,,,,,,,,,,,,,,,
2439,1289,1.6566408598283734e-05,8.283204299141866e-05,8.283204299141866e-05,20292.387916959,1.6566408598283734e-05,1778621088.058572,,,,,,,,,,,,,,,,,,,,
2439,1290,1.6566408598283734e-05,8.283204299141866e-05,8.283204299141866e-05,20294.674543849,1.6566408598283734e-05,1778621090.3451707,,,,,,,,,,,,,,,,,,,,
2439,1291,1.6566408598283734e-05,8.283204299141866e-05,8.283204299141866e-05,20296.959261532,1.6566408598283734e-05,1778621092.6299198,,,,,,,,,,,,,,,,,,,,
2439,1292,1.6566408598283734e-05,8.283204299141866e-05,8.283204299141866e-05,20299.246131859,1.6566408598283734e-05,1778621094.9167666,,,,,,,,,,,,,,,,,,,,
2439,1293,,,,20301.534181428,,1778621097.2048304,41.0,0.10814572125673294,,,,,,,,,,,,,,,,,,
2449,1294,1.6538813685357174e-05,8.269406842678586e-05,8.269406842678586e-05,20383.823002235,1.6538813685357174e-05,1778621179.4936483,,,,,,,,,,,,,,,,,,,,
2449,1295,1.6538813685357174e-05,8.269406842678586e-05,8.269406842678586e-05,20386.108479671,1.6538813685357174e-05,1778621181.7790997,,,,,,,,,,,,,,,,,,,,
2449,1296,1.6538813685357174e-05,8.269406842678586e-05,8.269406842678586e-05,20388.396142981,1.6538813685357174e-05,1778621184.0667872,,,,,,,,,,,,,,,,,,,,
2449,1297,1.6538813685357174e-05,8.269406842678586e-05,8.269406842678586e-05,20390.684013383,1.6538813685357174e-05,1778621186.3546588,,,,,,,,,,,,,,,,,,,,
2449,1298,,,,20392.969608427,,1778621188.6402633,41.0,0.09461808949708939,,,,,,,,,,,,,,,,,,
2459,1299,1.651113151522055e-05,8.255565757610275e-05,8.255565757610275e-05,20475.264145678,1.651113151522055e-05,1778621270.9347894,,,,,,,,,,,,,,,,,,,,
2459,1300,1.651113151522055e-05,8.255565757610275e-05,8.255565757610275e-05,20477.550174504,1.651113151522055e-05,1778621273.2208085,,,,,,,,,,,,,,,,,,,,
2459,1301,1.651113151522055e-05,8.255565757610275e-05,8.255565757610275e-05,20479.836091272,1.651113151522055e-05,1778621275.5067153,,,,,,,,,,,,,,,,,,,,
2459,1302,1.651113151522055e-05,8.255565757610275e-05,8.255565757610275e-05,20482.122231496,1.651113151522055e-05,1778621277.7928479,,,,,,,,,,,,,,,,,,,,
2459,1303,,,,20484.411475795,,1778621280.0820284,41.0,0.17214089632034302,,,,,,,,,,,,,,,,,,
2469,1304,1.6483362457278632e-05,8.241681228639316e-05,8.241681228639316e-05,20566.707123633,1.6483362457278632e-05,1778621362.3777685,,,,,,,,,,,,,,,,,,,,
2469,1305,1.6483362457278632e-05,8.241681228639316e-05,8.241681228639316e-05,20568.994258452,1.6483362457278632e-05,1778621364.6648872,,,,,,,,,,,,,,,,,,,,
2469,1306,1.6483362457278632e-05,8.241681228639316e-05,8.241681228639316e-05,20571.281173621,1.6483362457278632e-05,1778621366.9517777,,,,,,,,,,,,,,,,,,,,
2469,1307,1.6483362457278632e-05,8.241681228639316e-05,8.241681228639316e-05,20573.568433539,1.6483362457278632e-05,1778621369.2390673,,,,,,,,,,,,,,,,,,,,
2469,1308,,,,20575.855459566,,1778621371.5260966,41.0,0.08191998302936554,,,,,,,,,,,,,,,,,,
2477,1309,,,,20669.163401239,,1778621464.8339314,41.0,,0.18364183604717255,5.5625,0.0,0.18364183604717255,8.059807777404785,0.8161752223968506,,,,,,,,,,,,
2477,1310,,,,20669.166992745,,1778621464.8377945,41.0,,,,,,,,0.0,0.12951143085956573,0.12951143085956573,6.918519496917725,0.8704926371574402,4.96875,,,,,,
2479,1311,1.645550688209566e-05,8.22775344104783e-05,8.22775344104783e-05,20678.681877626,1.645550688209566e-05,1778621474.3525088,,,,,,,,,,,,,,,,,,,,
2479,1312,1.645550688209566e-05,8.22775344104783e-05,8.22775344104783e-05,20680.968826341,1.645550688209566e-05,1778621476.6394641,,,,,,,,,,,,,,,,,,,,
2479,1313,1.645550688209566e-05,8.22775344104783e-05,8.22775344104783e-05,20683.255292121,1.645550688209566e-05,1778621478.9260867,,,,,,,,,,,,,,,,,,,,
2479,1314,1.645550688209566e-05,8.22775344104783e-05,8.22775344104783e-05,20685.540511859,1.645550688209566e-05,1778621481.211095,,,,,,,,,,,,,,,,,,,,
2479,1315,,,,20687.826577459,,1778621483.4971893,42.0,0.18398496508598328,,,,,,,,,,,,,,,,,,
2489,1316,1.64275651613904e-05,8.2137825806952e-05,8.2137825806952e-05,20770.153348217,1.64275651613904e-05,1778621565.8239927,,,,,,,,,,,,,,,,,,,,
2489,1317,1.64275651613904e-05,8.2137825806952e-05,8.2137825806952e-05,20772.440137413,1.64275651613904e-05,1778621568.1106775,,,,,,,,,,,,,,,,,,,,
2489,1318,1.64275651613904e-05,8.2137825806952e-05,8.2137825806952e-05,20774.726245656,1.64275651613904e-05,1778621570.396869,,,,,,,,,,,,,,,,,,,,
2489,1319,1.64275651613904e-05,8.2137825806952e-05,8.2137825806952e-05,20777.014296528,1.64275651613904e-05,1778621572.6849148,,,,,,,,,,,,,,,,,,,,
2489,1320,,,,20779.301130202,,1778621574.9717684,42.0,0.08949799090623856,,,,,,,,,,,,,,,,,,
2499,1321,1.639953766803119e-05,8.199768834015596e-05,8.199768834015596e-05,20861.623898411,1.639953766803119e-05,1778621657.2944896,,,,,,,,,,,,,,,,,,,,
2499,1322,1.639953766803119e-05,8.199768834015596e-05,8.199768834015596e-05,20863.909923939,1.639953766803119e-05,1778621659.5805445,,,,,,,,,,,,,,,,,,,,
2499,1323,1.639953766803119e-05,8.199768834015596e-05,8.199768834015596e-05,20866.197340512,1.639953766803119e-05,1778621661.867967,,,,,,,,,,,,,,,,,,,,
2499,1324,1.639953766803119e-05,8.199768834015596e-05,8.199768834015596e-05,20868.487414206,1.639953766803119e-05,1778621664.15793,,,,,,,,,,,,,,,,,,,,
2499,1325,,,,20870.774552008,,1778621666.4451714,42.0,0.10137613117694855,,,,,,,,,,,,,,,,,,
2509,1326,1.637142477603097e-05,8.185712388015484e-05,8.185712388015484e-05,20953.085994017,1.637142477603097e-05,1778621748.756639,,,,,,,,,,,,,,,,,,,,
2509,1327,1.637142477603097e-05,8.185712388015484e-05,8.185712388015484e-05,20955.372347314,1.637142477603097e-05,1778621751.042944,,,,,,,,,,,,,,,,,,,,
2509,1328,1.637142477603097e-05,8.185712388015484e-05,8.185712388015484e-05,20957.6609226,1.637142477603097e-05,1778621753.3315306,,,,,,,,,,,,,,,,,,,,
2509,1329,1.637142477603097e-05,8.185712388015484e-05,8.185712388015484e-05,20959.946590326,1.637142477603097e-05,1778621755.6171675,,,,,,,,,,,,,,,,,,,,
2509,1330,,,,20962.234255353,,1778621757.9049149,42.0,0.10843416303396225,,,,,,,,,,,,,,,,,,
2519,1331,1.6343226860542263e-05,8.171613430271131e-05,8.171613430271131e-05,21044.555683601,1.6343226860542263e-05,1778621840.2263215,,,,,,,,,,,,,,,,,,,,
2519,1332,1.6343226860542263e-05,8.171613430271131e-05,8.171613430271131e-05,21046.843211096,1.6343226860542263e-05,1778621842.5138493,,,,,,,,,,,,,,,,,,,,
2519,1333,1.6343226860542263e-05,8.171613430271131e-05,8.171613430271131e-05,21049.128633787,1.6343226860542263e-05,1778621844.799253,,,,,,,,,,,,,,,,,,,,
2519,1334,1.6343226860542263e-05,8.171613430271131e-05,8.171613430271131e-05,21051.420322275,1.6343226860542263e-05,1778621847.0909328,,,,,,,,,,,,,,,,,,,,
2519,1335,,,,21053.707045571,,1778621849.3777056,42.0,0.0836196318268776,,,,,,,,,,,,,,,,,,
2529,1336,1.6314944297852203e-05,8.157472148926102e-05,8.157472148926102e-05,21136.026197462,1.6314944297852203e-05,1778621931.6968305,,,,,,,,,,,,,,,,,,,,
2529,1337,1.6314944297852203e-05,8.157472148926102e-05,8.157472148926102e-05,21138.316112919,1.6314944297852203e-05,1778621933.9867277,,,,,,,,,,,,,,,,,,,,
2529,1338,1.6314944297852203e-05,8.157472148926102e-05,8.157472148926102e-05,21140.602459462,1.6314944297852203e-05,1778621936.2730765,,,,,,,,,,,,,,,,,,,,
2529,1339,1.6314944297852203e-05,8.157472148926102e-05,8.157472148926102e-05,21142.88729243,1.6314944297852203e-05,1778621938.5579023,,,,,,,,,,,,,,,,,,,,
2529,1340,,,,21145.17540678,,1778621940.8460522,42.0,0.22060145437717438,,,,,,,,,,,,,,,,,,
2536,1341,,,,21229.349863298,,1778622025.0203934,42.0,,0.150605246424675,5.03125,0.0,0.150605246424675,7.364459037780762,0.849236011505127,,,,,,,,,,,,
2536,1342,,,,21229.353386393,,1778622025.024175,42.0,,,,,,,,0.0,0.12812574207782745,0.12812574207782745,6.8619704246521,0.8718750476837158,4.90625,,,,,,
2539,1343,1.6286577465377497e-05,8.143288732688748e-05,8.143288732688748e-05,21247.954709516,1.6286577465377497e-05,1778622043.6253312,,,,,,,,,,,,,,,,,,,,
2539,1344,1.6286577465377497e-05,8.143288732688748e-05,8.143288732688748e-05,21250.241279658,1.6286577465377497e-05,1778622045.9118986,,,,,,,,,,,,,,,,,,,,
2539,1345,1.6286577465377497e-05,8.143288732688748e-05,8.143288732688748e-05,21252.529312257,1.6286577465377497e-05,1778622048.1999404,,,,,,,,,,,,,,,,,,,,
2539,1346,1.6286577465377497e-05,8.143288732688748e-05,8.143288732688748e-05,21254.818414304,1.6286577465377497e-05,1778622050.4889174,,,,,,,,,,,,,,,,,,,,
2539,1347,,,,21257.106511671,,1778622052.777031,43.0,0.08728842437267303,,,,,,,,,,,,,,,,,,
2549,1348,1.6258126741659386e-05,8.129063370829693e-05,8.129063370829693e-05,21339.438557526,1.6258126741659386e-05,1778622135.1091585,,,,,,,,,,,,,,,,,,,,
2549,1349,1.6258126741659386e-05,8.129063370829693e-05,8.129063370829693e-05,21341.723642669,1.6258126741659386e-05,1778622137.3942523,,,,,,,,,,,,,,,,,,,,
2549,1350,1.6258126741659386e-05,8.129063370829693e-05,8.129063370829693e-05,21344.010479426,1.6258126741659386e-05,1778622139.681086,,,,,,,,,,,,,,,,,,,,
2549,1351,1.6258126741659386e-05,8.129063370829693e-05,8.129063370829693e-05,21346.298294632,1.6258126741659386e-05,1778622141.968922,,,,,,,,,,,,,,,,,,,,
2549,1352,,,,21348.584542452,,1778622144.2551806,43.0,0.1806822121143341,,,,,,,,,,,,,,,,,,
2559,1353,1.62295925063586e-05,8.1147962531793e-05,8.1147962531793e-05,21430.895708797,1.62295925063586e-05,1778622226.5663602,,,,,,,,,,,,,,,,,,,,
2559,1354,1.62295925063586e-05,8.1147962531793e-05,8.1147962531793e-05,21433.187318802,1.62295925063586e-05,1778622228.8579433,,,,,,,,,,,,,,,,,,,,
2559,1355,1.62295925063586e-05,8.1147962531793e-05,8.1147962531793e-05,21435.47392861,1.62295925063586e-05,1778622231.1445487,,,,,,,,,,,,,,,,,,,,
2559,1356,1.62295925063586e-05,8.1147962531793e-05,8.1147962531793e-05,21437.765300366,1.62295925063586e-05,1778622233.4359307,,,,,,,,,,,,,,,,,,,,
2559,1357,,,,21440.052471809,,1778622235.7231426,43.0,0.06190976873040199,,,,,,,,,,,,,,,,,,
2569,1358,1.6200975140250287e-05,8.100487570125143e-05,8.100487570125143e-05,21522.371972385,1.6200975140250287e-05,1778622318.0426216,,,,,,,,,,,,,,,,,,,,
2569,1359,1.6200975140250287e-05,8.100487570125143e-05,8.100487570125143e-05,21524.658164921,1.6200975140250287e-05,1778622320.3287013,,,,,,,,,,,,,,,,,,,,
2569,1360,1.6200975140250287e-05,8.100487570125143e-05,8.100487570125143e-05,21526.944559871,1.6200975140250287e-05,1778622322.6151743,,,,,,,,,,,,,,,,,,,,
2569,1361,1.6200975140250287e-05,8.100487570125143e-05,8.100487570125143e-05,21529.232398371,1.6200975140250287e-05,1778622324.9030116,,,,,,,,,,,,,,,,,,,,
2569,1362,,,,21531.518984348,,1778622327.1896257,43.0,0.15361346304416656,,,,,,,,,,,,,,,,,,
2579,1363,1.617227502521894e-05,8.086137512609471e-05,8.086137512609471e-05,21613.798692378,1.617227502521894e-05,1778622409.4693282,,,,,,,,,,,,,,,,,,,,
2579,1364,1.617227502521894e-05,8.086137512609471e-05,8.086137512609471e-05,21616.082320053,1.617227502521894e-05,1778622411.7529747,,,,,,,,,,,,,,,,,,,,
2579,1365,1.617227502521894e-05,8.086137512609471e-05,8.086137512609471e-05,21618.368151771,1.617227502521894e-05,1778622414.0387714,,,,,,,,,,,,,,,,,,,,
2579,1366,1.617227502521894e-05,8.086137512609471e-05,8.086137512609471e-05,21620.651101737,1.617227502521894e-05,1778622416.3217301,,,,,,,,,,,,,,,,,,,,
2579,1367,,,,21622.939805662,,1778622418.6104453,43.0,0.11501779407262802,,,,,,,,,,,,,,,,,,
2589,1368,1.6143492544253292e-05,8.071746272126646e-05,8.071746272126646e-05,21705.207510276,1.6143492544253292e-05,1778622500.8781338,,,,,,,,,,,,,,,,,,,,
2589,1369,1.6143492544253292e-05,8.071746272126646e-05,8.071746272126646e-05,21707.491078967,1.6143492544253292e-05,1778622503.1617413,,,,,,,,,,,,,,,,,,,,
2589,1370,1.6143492544253292e-05,8.071746272126646e-05,8.071746272126646e-05,21709.776159901,1.6143492544253292e-05,1778622505.4467998,,,,,,,,,,,,,,,,,,,,
2589,1371,1.6143492544253292e-05,8.071746272126646e-05,8.071746272126646e-05,21712.062855542,1.6143492544253292e-05,1778622507.7334776,,,,,,,,,,,,,,,,,,,,
2589,1372,,,,21714.350992348,,1778622510.0216446,43.0,0.11662616580724716,,,,,,,,,,,,,,,,,,
2595,1373,,,,21789.236381512,,1778622584.906901,43.0,,0.1504441350698471,5.234375,0.0,0.1504441350698471,7.4185919761657715,0.8493902683258057,,,,,,,,,,,,
2595,1374,,,,21789.239731006,,1778622584.9105308,43.0,,,,,,,,0.0,0.12800192832946777,0.12800192832946777,6.872414588928223,0.8719955682754517,4.875,,,,,,
2599,1375,1.6114628081441205e-05,8.057314040720603e-05,8.057314040720603e-05,21816.939856223,1.6114628081441205e-05,1778622612.6104794,,,,,,,,,,,,,,,,,,,,
2599,1376,1.6114628081441205e-05,8.057314040720603e-05,8.057314040720603e-05,21819.228047105,1.6114628081441205e-05,1778622614.8987005,,,,,,,,,,,,,,,,,,,,
2599,1377,1.6114628081441205e-05,8.057314040720603e-05,8.057314040720603e-05,21821.51441088,1.6114628081441205e-05,1778622617.1849642,,,,,,,,,,,,,,,,,,,,
2599,1378,1.6114628081441205e-05,8.057314040720603e-05,8.057314040720603e-05,21823.799605838,1.6114628081441205e-05,1778622619.4700391,,,,,,,,,,,,,,,,,,,,
2599,1379,,,,21826.086265628,,1778622621.7569125,44.0,0.14864839613437653,,,,,,,,,,,,,,,,,,
2609,1380,1.6085682021964552e-05,8.042841010982275e-05,8.042841010982275e-05,21908.350358754,1.6085682021964552e-05,1778622704.0209968,,,,,,,,,,,,,,,,,,,,
2609,1381,1.6085682021964552e-05,8.042841010982275e-05,8.042841010982275e-05,21910.635120847,1.6085682021964552e-05,1778622706.3057988,,,,,,,,,,,,,,,,,,,,
2609,1382,1.6085682021964552e-05,8.042841010982275e-05,8.042841010982275e-05,21912.92134764,1.6085682021964552e-05,1778622708.5919595,,,,,,,,,,,,,,,,,,,,
2609,1383,1.6085682021964552e-05,8.042841010982275e-05,8.042841010982275e-05,21915.205058673,1.6085682021964552e-05,1778622710.8756769,,,,,,,,,,,,,,,,,,,,
2609,1384,,,,21917.491687691,,1778622713.1623325,44.0,0.17354299128055573,,,,,,,,,,,,,,,,,,
2619,1385,1.605665475209407e-05,8.028327376047035e-05,8.028327376047035e-05,21999.779147139,1.605665475209407e-05,1778622795.4497845,,,,,,,,,,,,,,,,,,,,
2619,1386,1.605665475209407e-05,8.028327376047035e-05,8.028327376047035e-05,22002.064890867,1.605665475209407e-05,1778622797.7355013,,,,,,,,,,,,,,,,,,,,
2619,1387,1.605665475209407e-05,8.028327376047035e-05,8.028327376047035e-05,22004.351976052,1.605665475209407e-05,1778622800.02257,,,,,,,,,,,,,,,,,,,,
2619,1388,1.605665475209407e-05,8.028327376047035e-05,8.028327376047035e-05,22006.638194473,1.605665475209407e-05,1778622802.308807,,,,,,,,,,,,,,,,,,,,
2619,1389,,,,22008.926225238,,1778622804.596878,44.0,0.10536791384220123,,,,,,,,,,,,,,,,,,
2629,1390,1.6027546659184216e-05,8.013773329592106e-05,8.013773329592106e-05,22091.234878699,1.6027546659184216e-05,1778622886.9054163,,,,,,,,,,,,,,,,,,,,
2629,1391,1.6027546659184216e-05,8.013773329592106e-05,8.013773329592106e-05,22093.521665469,1.6027546659184216e-05,1778622889.1922507,,,,,,,,,,,,,,,,,,,,
2629,1392,1.6027546659184216e-05,8.013773329592106e-05,8.013773329592106e-05,22095.808527702,1.6027546659184216e-05,1778622891.4791453,,,,,,,,,,,,,,,,,,,,
2629,1393,1.6027546659184216e-05,8.013773329592106e-05,8.013773329592106e-05,22098.095673901,1.6027546659184216e-05,1778622893.7662861,,,,,,,,,,,,,,,,,,,,
2629,1394,,,,22100.38354526,,1778622896.0541966,44.0,0.12059897184371948,,,,,,,,,,,,,,,,,,
2639,1395,1.5998358131667976e-05,7.999179065833987e-05,7.999179065833987e-05,22182.917302698,1.5998358131667976e-05,1778622978.5879052,,,,,,,,,,,,,,,,,,,,
2639,1396,1.5998358131667976e-05,7.999179065833987e-05,7.999179065833987e-05,22185.221502957,1.5998358131667976e-05,1778622980.892069,,,,,,,,,,,,,,,,,,,,
2639,1397,1.5998358131667976e-05,7.999179065833987e-05,7.999179065833987e-05,22187.526110348,1.5998358131667976e-05,1778622983.1965652,,,,,,,,,,,,,,,,,,,,
2639,1398,1.5998358131667976e-05,7.999179065833987e-05,7.999179065833987e-05,22189.828803662,1.5998358131667976e-05,1778622985.4994287,,,,,,,,,,,,,,,,,,,,
2639,1399,,,,22192.131410124,,1778622987.8020537,44.0,0.10357299447059631,,,,,,,,,,,,,,,,,,
2649,1400,1.5969089559051705e-05,7.984544779525853e-05,7.984544779525853e-05,22274.57170765,1.5969089559051705e-05,1778623070.2423549,,,,,,,,,,,,,,,,,,,,
2649,1401,1.5969089559051705e-05,7.984544779525853e-05,7.984544779525853e-05,22276.859904207,1.5969089559051705e-05,1778623072.5305154,,,,,,,,,,,,,,,,,,,,
2649,1402,1.5969089559051705e-05,7.984544779525853e-05,7.984544779525853e-05,22279.145865934,1.5969089559051705e-05,1778623074.8165011,,,,,,,,,,,,,,,,,,,,
2649,1403,1.5969089559051705e-05,7.984544779525853e-05,7.984544779525853e-05,22281.431887751,1.5969089559051705e-05,1778623077.102507,,,,,,,,,,,,,,,,,,,,
2649,1404,,,,22283.721413205,,1778623079.3920507,44.0,0.13128617405891418,,,,,,,,,,,,,,,,,,
2654,1405,,,,22349.552322172,,1778623145.2228472,44.0,,0.1438198983669281,4.6875,0.0,0.1438198983669281,7.051236629486084,0.8560343980789185,,,,,,,,,,,,
2654,1406,,,,22350.06626879,,1778623145.7368474,44.0,,,,,,,,0.0,0.12572623789310455,0.12572623789310455,6.835025310516357,0.8742689490318298,4.8984375,,,,,,
2659,1407,1.5939741331909923e-05,7.969870665954961e-05,7.969870665954961e-05,22386.935943036,1.5939741331909923e-05,1778623182.6065884,,,,,,,,,,,,,,,,,,,,
2659,1408,1.5939741331909923e-05,7.969870665954961e-05,7.969870665954961e-05,22389.223489547,1.5939741331909923e-05,1778623184.8940883,,,,,,,,,,,,,,,,,,,,
2659,1409,1.5939741331909923e-05,7.969870665954961e-05,7.969870665954961e-05,22391.508483781,1.5939741331909923e-05,1778623187.1790905,,,,,,,,,,,,,,,,,,,,
2659,1410,1.5939741331909923e-05,7.969870665954961e-05,7.969870665954961e-05,22393.795852644,1.5939741331909923e-05,1778623189.4664776,,,,,,,,,,,,,,,,,,,,
2659,1411,,,,22396.080614709,,1778623191.7512686,45.0,0.13458514213562012,,,,,,,,,,,,,,,,,,
2669,1412,1.5910313841880095e-05,7.955156920940048e-05,7.955156920940048e-05,22478.619611561,1.5910313841880095e-05,1778623274.2902198,,,,,,,,,,,,,,,,,,,,
2669,1413,1.5910313841880095e-05,7.955156920940048e-05,7.955156920940048e-05,22480.905381246,1.5910313841880095e-05,1778623276.5759969,,,,,,,,,,,,,,,,,,,,
2669,1414,1.5910313841880095e-05,7.955156920940048e-05,7.955156920940048e-05,22483.191683301,1.5910313841880095e-05,1778623278.8623176,,,,,,,,,,,,,,,,,,,,
2669,1415,1.5910313841880095e-05,7.955156920940048e-05,7.955156920940048e-05,22485.476097498,1.5910313841880095e-05,1778623281.1467314,,,,,,,,,,,,,,,,,,,,
2669,1416,,,,22487.762423008,,1778623283.4330416,45.0,0.0566086508333683,,,,,,,,,,,,,,,,,,
2679,1417,1.5880807481657413e-05,7.940403740828705e-05,7.940403740828705e-05,22570.077288941,1.5880807481657413e-05,1778623365.747914,,,,,,,,,,,,,,,,,,,,
2679,1418,1.5880807481657413e-05,7.940403740828705e-05,7.940403740828705e-05,22572.363445393,1.5880807481657413e-05,1778623368.0340617,,,,,,,,,,,,,,,,,,,,
2679,1419,1.5880807481657413e-05,7.940403740828705e-05,7.940403740828705e-05,22574.648961001,1.5880807481657413e-05,1778623370.3196034,,,,,,,,,,,,,,,,,,,,
2679,1420,1.5880807481657413e-05,7.940403740828705e-05,7.940403740828705e-05,22576.935520187,1.5880807481657413e-05,1778623372.606147,,,,,,,,,,,,,,,,,,,,
2679,1421,,,,22579.220462754,,1778623374.89109,45.0,0.08208945393562317,,,,,,,,,,,,,,,,,,
2689,1422,1.585122264498954e-05,7.92561132249477e-05,7.92561132249477e-05,22661.507560286,1.585122264498954e-05,1778623457.1781356,,,,,,,,,,,,,,,,,,,,
2689,1423,1.585122264498954e-05,7.92561132249477e-05,7.92561132249477e-05,22663.793895292,1.585122264498954e-05,1778623459.4645286,,,,,,,,,,,,,,,,,,,,
2689,1424,1.585122264498954e-05,7.92561132249477e-05,7.92561132249477e-05,22666.079705028,1.585122264498954e-05,1778623461.7503085,,,,,,,,,,,,,,,,,,,,
2689,1425,1.585122264498954e-05,7.92561132249477e-05,7.92561132249477e-05,22668.36535925,1.585122264498954e-05,1778623464.0359735,,,,,,,,,,,,,,,,,,,,
2689,1426,,,,22670.652647999,,1778623466.323305,45.0,0.133688285946846,,,,,,,,,,,,,,,,,,
2699,1427,1.5821559726671387e-05,7.910779863335693e-05,7.910779863335693e-05,22752.963709444,1.5821559726671387e-05,1778623548.6343546,,,,,,,,,,,,,,,,,,,,
2699,1428,1.5821559726671387e-05,7.910779863335693e-05,7.910779863335693e-05,22755.248145822,1.5821559726671387e-05,1778623550.918746,,,,,,,,,,,,,,,,,,,,
2699,1429,1.5821559726671387e-05,7.910779863335693e-05,7.910779863335693e-05,22757.536155671,1.5821559726671387e-05,1778623553.2067642,,,,,,,,,,,,,,,,,,,,
2699,1430,1.5821559726671387e-05,7.910779863335693e-05,7.910779863335693e-05,22759.821187994,1.5821559726671387e-05,1778623555.4917424,,,,,,,,,,,,,,,,,,,,
2699,1431,,,,22762.10861706,,1778623557.77918,45.0,0.07605676352977753,,,,,,,,,,,,,,,,,,
2709,1432,1.5791819122539818e-05,7.895909561269909e-05,7.895909561269909e-05,22844.430859713,1.5791819122539818e-05,1778623640.1014752,,,,,,,,,,,,,,,,,,,,
2709,1433,1.5791819122539818e-05,7.895909561269909e-05,7.895909561269909e-05,22846.717849706,1.5791819122539818e-05,1778623642.3883805,,,,,,,,,,,,,,,,,,,,
2709,1434,1.5791819122539818e-05,7.895909561269909e-05,7.895909561269909e-05,22849.006047975,1.5791819122539818e-05,1778623644.676578,,,,,,,,,,,,,,,,,,,,
2709,1435,1.5791819122539818e-05,7.895909561269909e-05,7.895909561269909e-05,22851.293787924,1.5791819122539818e-05,1778623646.964356,,,,,,,,,,,,,,,,,,,,
2709,1436,,,,22853.582290419,,1778623649.252901,45.0,0.13690155744552612,,,,,,,,,,,,,,,,,,
2713,1437,,,,22910.312968648,,1778623705.9835095,45.0,,0.19652557373046875,6.443500518798828,0.0,0.19652557373046875,8.76681900024414,0.8032807111740112,,,,,,,,,,,,
2713,1438,,,,22910.316295088,,1778623705.987044,45.0,,,,,,,,0.0,0.12490258365869522,0.12490258365869522,6.833034992218018,0.875097393989563,4.956249237060547,,,,,,
2719,1439,1.5762001229468363e-05,7.881000614734182e-05,7.881000614734182e-05,22956.329811798,1.5762001229468363e-05,1778623752.0003226,,,,,,,,,,,,,,,,,,,,
2719,1440,1.5762001229468363e-05,7.881000614734182e-05,7.881000614734182e-05,22958.616512419,1.5762001229468363e-05,1778623754.286977,,,,,,,,,,,,,,,,,,,,
2719,1441,1.5762001229468363e-05,7.881000614734182e-05,7.881000614734182e-05,22960.904251882,1.5762001229468363e-05,1778623756.5747569,,,,,,,,,,,,,,,,,,,,
2719,1442,1.5762001229468363e-05,7.881000614734182e-05,7.881000614734182e-05,22963.191658985,1.5762001229468363e-05,1778623758.8622031,,,,,,,,,,,,,,,,,,,,
2719,1443,,,,22965.478680318,,1778623761.1493137,46.0,0.24326622486114502,,,,,,,,,,,,,,,,,,
2729,1444,1.5732106445361956e-05,7.866053222680978e-05,7.866053222680978e-05,23047.830004956,1.5732106445361956e-05,1778623843.5005922,,,,,,,,,,,,,,,,,,,,
2729,1445,1.5732106445361956e-05,7.866053222680978e-05,7.866053222680978e-05,23050.11876501,1.5732106445361956e-05,1778623845.7892864,,,,,,,,,,,,,,,,,,,,
2729,1446,1.5732106445361956e-05,7.866053222680978e-05,7.866053222680978e-05,23052.405206869,1.5732106445361956e-05,1778623848.0758004,,,,,,,,,,,,,,,,,,,,
2729,1447,1.5732106445361956e-05,7.866053222680978e-05,7.866053222680978e-05,23054.693161051,1.5732106445361956e-05,1778623850.3637302,,,,,,,,,,,,,,,,,,,,
2729,1448,,,,23056.983516762,,1778623852.654033,46.0,0.2154315859079361,,,,,,,,,,,,,,,,,,
2739,1449,1.570213516915159e-05,7.851067584575796e-05,7.851067584575796e-05,23139.318191951,1.570213516915159e-05,1778623934.9887953,,,,,,,,,,,,,,,,,,,,
2739,1450,1.570213516915159e-05,7.851067584575796e-05,7.851067584575796e-05,23141.601764104,1.570213516915159e-05,1778623937.2723472,,,,,,,,,,,,,,,,,,,,
2739,1451,1.570213516915159e-05,7.851067584575796e-05,7.851067584575796e-05,23143.891453902,1.570213516915159e-05,1778623939.5619278,,,,,,,,,,,,,,,,,,,,
2739,1452,1.570213516915159e-05,7.851067584575796e-05,7.851067584575796e-05,23146.178693357,1.570213516915159e-05,1778623941.849329,,,,,,,,,,,,,,,,,,,,
2739,1453,,,,23148.466348156,,1778623944.1370041,46.0,0.0845417007803917,,,,,,,,,,,,,,,,,,
2749,1454,1.567208780078901e-05,7.836043900394504e-05,7.836043900394504e-05,23230.787213383,1.567208780078901e-05,1778624026.457862,,,,,,,,,,,,,,,,,,,,
2749,1455,1.567208780078901e-05,7.836043900394504e-05,7.836043900394504e-05,23233.078306579,1.567208780078901e-05,1778624028.748931,,,,,,,,,,,,,,,,,,,,
2749,1456,1.567208780078901e-05,7.836043900394504e-05,7.836043900394504e-05,23235.366458954,1.567208780078901e-05,1778624031.0369315,,,,,,,,,,,,,,,,,,,,
2749,1457,1.567208780078901e-05,7.836043900394504e-05,7.836043900394504e-05,23237.655199362,1.567208780078901e-05,1778624033.3258324,,,,,,,,,,,,,,,,,,,,
2749,1458,,,,23239.941619824,,1778624035.6122644,46.0,0.08074194937944412,,,,,,,,,,,,,,,,,,
2759,1459,1.564196474124137e-05,7.820982370620685e-05,7.820982370620685e-05,23322.261252804,1.564196474124137e-05,1778624117.9318898,,,,,,,,,,,,,,,,,,,,
2759,1460,1.564196474124137e-05,7.820982370620685e-05,7.820982370620685e-05,23324.547509358,1.564196474124137e-05,1778624120.2181027,,,,,,,,,,,,,,,,,,,,
2759,1461,1.564196474124137e-05,7.820982370620685e-05,7.820982370620685e-05,23326.834141415,1.564196474124137e-05,1778624122.504762,,,,,,,,,,,,,,,,,,,,
2759,1462,1.564196474124137e-05,7.820982370620685e-05,7.820982370620685e-05,23329.120610378,1.564196474124137e-05,1778624124.791247,,,,,,,,,,,,,,,,,,,,
2759,1463,,,,23331.408476259,,1778624127.0791175,46.0,0.06172037869691849,,,,,,,,,,,,,,,,,,
2769,1464,1.561176639248589e-05,7.805883196242945e-05,7.805883196242945e-05,23413.705789838,1.561176639248589e-05,1778624209.376442,,,,,,,,,,,,,,,,,,,,
2769,1465,1.561176639248589e-05,7.805883196242945e-05,7.805883196242945e-05,23415.992495895,1.561176639248589e-05,1778624211.663112,,,,,,,,,,,,,,,,,,,,
2769,1466,1.561176639248589e-05,7.805883196242945e-05,7.805883196242945e-05,23418.276773222,1.561176639248589e-05,1778624213.9474022,,,,,,,,,,,,,,,,,,,,
2769,1467,1.561176639248589e-05,7.805883196242945e-05,7.805883196242945e-05,23420.56210973,1.561176639248589e-05,1778624216.2327344,,,,,,,,,,,,,,,,,,,,
2769,1468,,,,23422.848963318,,1778624218.519621,46.0,0.1267671287059784,,,,,,,,,,,,,,,,,,
2772,1469,,,,23470.331130337,,1778624266.001665,46.0,,0.14346684515476227,5.025501251220703,0.0,0.14346684515476227,7.219499588012695,0.856391191482544,,,,,,,,,,,,
2772,1470,,,,23470.334618029,,1778624266.005398,46.0,,,,,,,,0.0,0.1236157938838005,0.1236157938838005,6.755523681640625,0.8763849139213562,4.771732330322266,,,,,,
2779,1471,1.558149315750449e-05,7.790746578752246e-05,7.790746578752246e-05,23525.56304007,1.558149315750449e-05,1778624321.2336671,,,,,,,,,,,,,,,,,,,,
2779,1472,1.558149315750449e-05,7.790746578752246e-05,7.790746578752246e-05,23527.84936422,1.558149315750449e-05,1778624323.5199986,,,,,,,,,,,,,,,,,,,,
2779,1473,1.558149315750449e-05,7.790746578752246e-05,7.790746578752246e-05,23530.135468538,1.558149315750449e-05,1778624325.8060703,,,,,,,,,,,,,,,,,,,,
2779,1474,1.558149315750449e-05,7.790746578752246e-05,7.790746578752246e-05,23532.421876592,1.558149315750449e-05,1778624328.0925,,,,,,,,,,,,,,,,,,,,
2779,1475,,,,23534.708262944,,1778624330.3789132,47.0,0.14151133596897125,,,,,,,,,,,,,,,,,,
2789,1476,1.55511454402784e-05,7.775572720139199e-05,7.775572720139199e-05,23617.003224388,1.55511454402784e-05,1778624412.6738603,,,,,,,,,,,,,,,,,,,,
2789,1477,1.55511454402784e-05,7.775572720139199e-05,7.775572720139199e-05,23619.290867027,1.55511454402784e-05,1778624414.961407,,,,,,,,,,,,,,,,,,,,
2789,1478,1.55511454402784e-05,7.775572720139199e-05,7.775572720139199e-05,23621.575121303,1.55511454402784e-05,1778624417.2457523,,,,,,,,,,,,,,,,,,,,
2789,1479,1.55511454402784e-05,7.775572720139199e-05,7.775572720139199e-05,23623.859364092,1.55511454402784e-05,1778624419.52999,,,,,,,,,,,,,,,,,,,,
2789,1480,,,,23626.148415218,,1778624421.819071,47.0,0.09711633622646332,,,,,,,,,,,,,,,,,,
2799,1481,1.552072364578278e-05,7.760361822891389e-05,7.760361822891389e-05,23708.449098387,1.552072364578278e-05,1778624504.1197093,,,,,,,,,,,,,,,,,,,,
2799,1482,1.552072364578278e-05,7.760361822891389e-05,7.760361822891389e-05,23710.735917167,1.552072364578278e-05,1778624506.406552,,,,,,,,,,,,,,,,,,,,
2799,1483,1.552072364578278e-05,7.760361822891389e-05,7.760361822891389e-05,23713.023196069,1.552072364578278e-05,1778624508.6938343,,,,,,,,,,,,,,,,,,,,
2799,1484,1.552072364578278e-05,7.760361822891389e-05,7.760361822891389e-05,23715.308506491,1.552072364578278e-05,1778624510.979112,,,,,,,,,,,,,,,,,,,,
2799,1485,,,,23717.596700567,,1778624513.2673397,47.0,0.0925341248512268,,,,,,,,,,,,,,,,,,
2809,1486,1.549022817998132e-05,7.74511408999066e-05,7.74511408999066e-05,23799.895585861,1.549022817998132e-05,1778624595.566233,,,,,,,,,,,,,,,,,,,,
2809,1487,1.549022817998132e-05,7.74511408999066e-05,7.74511408999066e-05,23802.187323183,1.549022817998132e-05,1778624597.8579402,,,,,,,,,,,,,,,,,,,,
2809,1488,1.549022817998132e-05,7.74511408999066e-05,7.74511408999066e-05,23804.47379469,1.549022817998132e-05,1778624600.1444247,,,,,,,,,,,,,,,,,,,,
2809,1489,1.549022817998132e-05,7.74511408999066e-05,7.74511408999066e-05,23806.7609533,1.549022817998132e-05,1778624602.4315596,,,,,,,,,,,,,,,,,,,,
2809,1490,,,,23809.048357729,,1778624604.7190046,47.0,0.19822004437446594,,,,,,,,,,,,,,,,,,
2819,1491,1.5459659449820812e-05,7.729829724910405e-05,7.729829724910405e-05,23891.354549188,1.5459659449820812e-05,1778624687.0251865,,,,,,,,,,,,,,,,,,,,
2819,1492,1.5459659449820812e-05,7.729829724910405e-05,7.729829724910405e-05,23893.643217577,1.5459659449820812e-05,1778624689.313743,,,,,,,,,,,,,,,,,,,,
2819,1493,1.5459659449820812e-05,7.729829724910405e-05,7.729829724910405e-05,23895.929952219,1.5459659449820812e-05,1778624691.6005745,,,,,,,,,,,,,,,,,,,,
2819,1494,1.5459659449820812e-05,7.729829724910405e-05,7.729829724910405e-05,23898.215512976,1.5459659449820812e-05,1778624693.8860652,,,,,,,,,,,,,,,,,,,,
2819,1495,,,,23900.505241267,,1778624696.1758988,47.0,0.07792017608880997,,,,,,,,,,,,,,,,,,
2829,1496,1.542901786322573e-05,7.714508931612865e-05,7.714508931612865e-05,23982.82929006,1.542901786322573e-05,1778624778.4998903,,,,,,,,,,,,,,,,,,,,
2829,1497,1.542901786322573e-05,7.714508931612865e-05,7.714508931612865e-05,23985.114221622,1.542901786322573e-05,1778624780.7848103,,,,,,,,,,,,,,,,,,,,
2829,1498,1.542901786322573e-05,7.714508931612865e-05,7.714508931612865e-05,23987.401396796,1.542901786322573e-05,1778624783.071881,,,,,,,,,,,,,,,,,,,,
2829,1499,1.542901786322573e-05,7.714508931612865e-05,7.714508931612865e-05,23989.685442806,1.542901786322573e-05,1778624785.3560436,,,,,,,,,,,,,,,,,,,,
2829,1500,,,,23991.973281236,,1778624787.643936,47.0,0.06641582399606705,,,,,,,,,,,,,,,,,,
2831,1501,,,,24030.41822547,,1778624826.088753,47.0,,0.15574733912944794,5.4875030517578125,0.0,0.15574733912944794,7.626282215118408,0.8440860509872437,,,,,,,,,,,,
2831,1502,,,,24030.42173172,,1778624826.0924966,47.0,,,,,,,,0.0,0.12464070320129395,0.12464070320129395,6.8766398429870605,0.8753598928451538,4.90625,,,,,,
2839,1503,1.5398303829092775e-05,7.699151914546388e-05,7.699151914546388e-05,24094.781689268,1.5398303829092775e-05,1778624890.4523032,,,,,,,,,,,,,,,,,,,,
2839,1504,1.5398303829092775e-05,7.699151914546388e-05,7.699151914546388e-05,24097.067449077,1.5398303829092775e-05,1778624892.7380495,,,,,,,,,,,,,,,,,,,,
2839,1505,1.5398303829092775e-05,7.699151914546388e-05,7.699151914546388e-05,24099.356109287,1.5398303829092775e-05,1778624895.0266492,,,,,,,,,,,,,,,,,,,,
2839,1506,1.5398303829092775e-05,7.699151914546388e-05,7.699151914546388e-05,24101.642738511,1.5398303829092775e-05,1778624897.3132563,,,,,,,,,,,,,,,,,,,,
2839,1507,,,,24103.929831432,,1778624899.6004384,48.0,0.11751000583171844,,,,,,,,,,,,,,,,,,
2849,1508,1.536751775728543e-05,7.683758878642715e-05,7.683758878642715e-05,24186.253722907,1.536751775728543e-05,1778624981.9242973,,,,,,,,,,,,,,,,,,,,
2849,1509,1.536751775728543e-05,7.683758878642715e-05,7.683758878642715e-05,24188.539119763,1.536751775728543e-05,1778624984.2096481,,,,,,,,,,,,,,,,,,,,
2849,1510,1.536751775728543e-05,7.683758878642715e-05,7.683758878642715e-05,24190.825071533,1.536751775728543e-05,1778624986.495664,,,,,,,,,,,,,,,,,,,,
2849,1511,1.536751775728543e-05,7.683758878642715e-05,7.683758878642715e-05,24193.111572328,1.536751775728543e-05,1778624988.7821145,,,,,,,,,,,,,,,,,,,,
2849,1512,,,,24195.399569843,,1778624991.0701687,48.0,0.11977700144052505,,,,,,,,,,,,,,,,,,
2859,1513,1.5336660058628475e-05,7.668330029314237e-05,7.668330029314237e-05,24277.727410793,1.5336660058628475e-05,1778625073.3979707,,,,,,,,,,,,,,,,,,,,
2859,1514,1.5336660058628475e-05,7.668330029314237e-05,7.668330029314237e-05,24280.014481171,1.5336660058628475e-05,1778625075.6850035,,,,,,,,,,,,,,,,,,,,
2859,1515,1.5336660058628475e-05,7.668330029314237e-05,7.668330029314237e-05,24282.300530843,1.5336660058628475e-05,1778625077.97105,,,,,,,,,,,,,,,,,,,,
2859,1516,1.5336660058628475e-05,7.668330029314237e-05,7.668330029314237e-05,24284.590509094,1.5336660058628475e-05,1778625080.261045,,,,,,,,,,,,,,,,,,,,
2859,1517,,,,24286.879020517,,1778625082.549532,48.0,0.05938388407230377,,,,,,,,,,,,,,,,,,
2869,1518,1.5305731144902526e-05,7.652865572451262e-05,7.652865572451262e-05,24369.216241798,1.5305731144902526e-05,1778625164.8867924,,,,,,,,,,,,,,,,,,,,
2869,1519,1.5305731144902526e-05,7.652865572451262e-05,7.652865572451262e-05,24371.502182012,1.5305731144902526e-05,1778625167.172807,,,,,,,,,,,,,,,,,,,,
2869,1520,1.5305731144902526e-05,7.652865572451262e-05,7.652865572451262e-05,24373.787505859,1.5305731144902526e-05,1778625169.458053,,,,,,,,,,,,,,,,,,,,
2869,1521,1.5305731144902526e-05,7.652865572451262e-05,7.652865572451262e-05,24376.073781004,1.5305731144902526e-05,1778625171.7443476,,,,,,,,,,,,,,,,,,,,
2869,1522,,,,24378.361528124,,1778625174.0321524,48.0,0.27825599908828735,,,,,,,,,,,,,,,,,,
2879,1523,1.5274731428838517e-05,7.637365714419257e-05,7.637365714419257e-05,24460.697825401,1.5274731428838517e-05,1778625256.3683207,,,,,,,,,,,,,,,,,,,,
2879,1524,1.5274731428838517e-05,7.637365714419257e-05,7.637365714419257e-05,24462.984419716,1.5274731428838517e-05,1778625258.6549184,,,,,,,,,,,,,,,,,,,,
2879,1525,1.5274731428838517e-05,7.637365714419257e-05,7.637365714419257e-05,24465.276328224,1.5274731428838517e-05,1778625260.946924,,,,,,,,,,,,,,,,,,,,
2879,1526,1.5274731428838517e-05,7.637365714419257e-05,7.637365714419257e-05,24467.563313464,1.5274731428838517e-05,1778625263.2339272,,,,,,,,,,,,,,,,,,,,
2879,1527,,,,24469.852032522,,1778625265.5226865,48.0,0.14399346709251404,,,,,,,,,,,,,,,,,,
2889,1528,1.5243661324112213e-05,7.621830662056106e-05,7.621830662056106e-05,24552.344447055,1.5243661324112213e-05,1778625348.015077,,,,,,,,,,,,,,,,,,,,
2889,1529,1.5243661324112213e-05,7.621830662056106e-05,7.621830662056106e-05,24554.633493917,1.5243661324112213e-05,1778625350.3040366,,,,,,,,,,,,,,,,,,,,
2889,1530,1.5243661324112213e-05,7.621830662056106e-05,7.621830662056106e-05,24556.920064753,1.5243661324112213e-05,1778625352.5906384,,,,,,,,,,,,,,,,,,,,
2889,1531,1.5243661324112213e-05,7.621830662056106e-05,7.621830662056106e-05,24559.204872006,1.5243661324112213e-05,1778625354.8754983,,,,,,,,,,,,,,,,,,,,
2889,1532,,,,24561.49216764,,1778625357.1628284,48.0,0.1393270194530487,,,,,,,,,,,,,,,,,,
2890,1533,,,,24590.832372417,,1778625386.5028937,48.0,,0.13564898073673248,4.84954833984375,0.0,0.13564898073673248,6.957345008850098,0.8642020225524902,,,,,,,,,,,,
2890,1534,,,,24591.151652331,,1778625386.82217,48.0,,,,,,,,0.0,0.11758957803249359,0.11758957803249359,6.559968948364258,0.8824074268341064,4.625,,,,,,
2899,1535,1.5212521245338683e-05,7.606260622669342e-05,7.606260622669342e-05,24664.656570188,1.5212521245338683e-05,1778625460.327084,,,,,,,,,,,,,,,,,,,,
2899,1536,1.5212521245338683e-05,7.606260622669342e-05,7.606260622669342e-05,24666.943897883,1.5212521245338683e-05,1778625462.6144922,,,,,,,,,,,,,,,,,,,,
2899,1537,1.5212521245338683e-05,7.606260622669342e-05,7.606260622669342e-05,24669.231043944,1.5212521245338683e-05,1778625464.9016154,,,,,,,,,,,,,,,,,,,,
2899,1538,1.5212521245338683e-05,7.606260622669342e-05,7.606260622669342e-05,24671.518447201,1.5212521245338683e-05,1778625467.1889899,,,,,,,,,,,,,,,,,,,,
2899,1539,,,,24673.806097207,,1778625469.4766817,49.0,0.12788516283035278,,,,,,,,,,,,,,,,,,
2909,1540,1.5181311608066755e-05,7.590655804033378e-05,7.590655804033378e-05,24756.144618862,1.5181311608066755e-05,1778625551.81522,,,,,,,,,,,,,,,,,,,,
2909,1541,1.5181311608066755e-05,7.590655804033378e-05,7.590655804033378e-05,24758.431757512,1.5181311608066755e-05,1778625554.1023057,,,,,,,,,,,,,,,,,,,,
2909,1542,1.5181311608066755e-05,7.590655804033378e-05,7.590655804033378e-05,24760.716676103,1.5181311608066755e-05,1778625556.387232,,,,,,,,,,,,,,,,,,,,
2909,1543,1.5181311608066755e-05,7.590655804033378e-05,7.590655804033378e-05,24763.004019699,1.5181311608066755e-05,1778625558.6746185,,,,,,,,,,,,,,,,,,,,
2909,1544,,,,24765.289295855,,1778625560.9599698,49.0,0.29253697395324707,,,,,,,,,,,,,,,,,,
2919,1545,1.5150032828773488e-05,7.575016414386744e-05,7.575016414386744e-05,24847.629138845,1.5150032828773488e-05,1778625643.2996814,,,,,,,,,,,,,,,,,,,,
2919,1546,1.5150032828773488e-05,7.575016414386744e-05,7.575016414386744e-05,24849.915468009,1.5150032828773488e-05,1778625645.5859873,,,,,,,,,,,,,,,,,,,,
2919,1547,1.5150032828773488e-05,7.575016414386744e-05,7.575016414386744e-05,24852.20140412,1.5150032828773488e-05,1778625647.8718793,,,,,,,,,,,,,,,,,,,,
2919,1548,1.5150032828773488e-05,7.575016414386744e-05,7.575016414386744e-05,24854.487362724,1.5150032828773488e-05,1778625650.157916,,,,,,,,,,,,,,,,,,,,
2919,1549,,,,24856.775603189,,1778625652.4461668,49.0,0.11962520331144333,,,,,,,,,,,,,,,,,,
2929,1550,1.5118685324858605e-05,7.559342662429301e-05,7.559342662429301e-05,24939.111392773,1.5118685324858605e-05,1778625734.7818823,,,,,,,,,,,,,,,,,,,,
2929,1551,1.5118685324858605e-05,7.559342662429301e-05,7.559342662429301e-05,24941.398576253,1.5118685324858605e-05,1778625737.0691223,,,,,,,,,,,,,,,,,,,,
2929,1552,1.5118685324858605e-05,7.559342662429301e-05,7.559342662429301e-05,24943.68395721,1.5118685324858605e-05,1778625739.3545153,,,,,,,,,,,,,,,,,,,,
2929,1553,1.5118685324858605e-05,7.559342662429301e-05,7.559342662429301e-05,24945.971737917,1.5118685324858605e-05,1778625741.642287,,,,,,,,,,,,,,,,,,,,
2929,1554,,,,24948.261228534,,1778625743.9319704,49.0,0.11264698952436447,,,,,,,,,,,,,,,,,,
2939,1555,1.508726951463892e-05,7.54363475731946e-05,7.54363475731946e-05,25030.600676951,1.508726951463892e-05,1778625826.2712135,,,,,,,,,,,,,,,,,,,,
2939,1556,1.508726951463892e-05,7.54363475731946e-05,7.54363475731946e-05,25032.886080787,1.508726951463892e-05,1778625828.556698,,,,,,,,,,,,,,,,,,,,
2939,1557,1.508726951463892e-05,7.54363475731946e-05,7.54363475731946e-05,25035.17207521,1.508726951463892e-05,1778625830.8427436,,,,,,,,,,,,,,,,,,,,
2939,1558,1.508726951463892e-05,7.54363475731946e-05,7.54363475731946e-05,25037.457577712,1.508726951463892e-05,1778625833.1281612,,,,,,,,,,,,,,,,,,,,
2939,1559,,,,25039.74335737,,1778625835.4140055,49.0,0.08535715937614441,,,,,,,,,,,,,,,,,,
2949,1560,1.5055785817342765e-05,7.527892908671382e-05,7.527892908671382e-05,25122.050411164,1.5055785817342765e-05,1778625917.7210498,,,,,,,,,,,,,,,,,,,,
2949,1561,1.5055785817342765e-05,7.527892908671382e-05,7.527892908671382e-05,25124.335601923,1.5055785817342765e-05,1778625920.006224,,,,,,,,,,,,,,,,,,,,
2949,1562,,,,25126.552800977,,1778625922.2234576,49.0,0.1360676884651184,,,,,,,,,,,,,,,,,,
2949,1563,,,,25151.314013912,,1778625946.9845405,49.0,,0.13559897243976593,4.978748321533203,0.0,0.13559897243976593,6.958128929138184,0.8642659187316895,,,,,,,,,,,,
2949,1564,,,,25151.619227727,,1778625947.2898035,49.0,,,,,,,,0.0,0.12009932100772858,0.12009932100772858,6.747439861297607,0.8799070715904236,4.9375,,,,,,
2959,1565,1.502423465310439e-05,7.512117326552195e-05,7.512117326552195e-05,25234.227850804,1.502423465310439e-05,1778626029.8984528,,,,,,,,,,,,,,,,,,,,
2959,1566,1.502423465310439e-05,7.512117326552195e-05,7.512117326552195e-05,25236.518191504,1.502423465310439e-05,1778626032.1887934,,,,,,,,,,,,,,,,,,,,
2959,1567,1.502423465310439e-05,7.512117326552195e-05,7.512117326552195e-05,25238.805764721,1.502423465310439e-05,1778626034.4763806,,,,,,,,,,,,,,,,,,,,
2959,1568,1.502423465310439e-05,7.512117326552195e-05,7.512117326552195e-05,25241.091114713,1.502423465310439e-05,1778626036.7617106,,,,,,,,,,,,,,,,,,,,
2959,1569,,,,25243.377519351,,1778626039.0481634,50.0,0.06938794255256653,,,,,,,,,,,,,,,,,,
2969,1570,1.4992616442958365e-05,7.496308221479183e-05,7.496308221479183e-05,25325.736744648,1.4992616442958365e-05,1778626121.4073834,,,,,,,,,,,,,,,,,,,,
2969,1571,1.4992616442958365e-05,7.496308221479183e-05,7.496308221479183e-05,25328.040092445,1.4992616442958365e-05,1778626123.7106924,,,,,,,,,,,,,,,,,,,,
2969,1572,1.4992616442958365e-05,7.496308221479183e-05,7.496308221479183e-05,25330.342051934,1.4992616442958365e-05,1778626126.0126913,,,,,,,,,,,,,,,,,,,,
2969,1573,1.4992616442958365e-05,7.496308221479183e-05,7.496308221479183e-05,25332.64414924,1.4992616442958365e-05,1778626128.3147302,,,,,,,,,,,,,,,,,,,,
2969,1574,,,,25334.94876397,,1778626130.619413,50.0,0.04818275570869446,,,,,,,,,,,,,,,,,,
2979,1575,1.496093160883394e-05,7.480465804416969e-05,7.480465804416969e-05,25417.44949198,1.496093160883394e-05,1778626213.1201298,,,,,,,,,,,,,,,,,,,,
2979,1576,1.496093160883394e-05,7.480465804416969e-05,7.480465804416969e-05,25419.736027657,1.496093160883394e-05,1778626215.406628,,,,,,,,,,,,,,,,,,,,
2979,1577,1.496093160883394e-05,7.480465804416969e-05,7.480465804416969e-05,25422.024286476,1.496093160883394e-05,1778626217.6948905,,,,,,,,,,,,,,,,,,,,
2979,1578,1.496093160883394e-05,7.480465804416969e-05,7.480465804416969e-05,25424.30978358,1.496093160883394e-05,1778626219.980376,,,,,,,,,,,,,,,,,,,,
2979,1579,,,,25426.597806913,,1778626222.268466,50.0,0.09721770137548447,,,,,,,,,,,,,,,,,,
2989,1580,1.4929180573549442e-05,7.464590286774721e-05,7.464590286774721e-05,25508.908208561,1.4929180573549442e-05,1778626304.5788465,,,,,,,,,,,,,,,,,,,,
2989,1581,1.4929180573549442e-05,7.464590286774721e-05,7.464590286774721e-05,25511.193666705,1.4929180573549442e-05,1778626306.8642826,,,,,,,,,,,,,,,,,,,,
2989,1582,1.4929180573549442e-05,7.464590286774721e-05,7.464590286774721e-05,25513.479512341,1.4929180573549442e-05,1778626309.1501386,,,,,,,,,,,,,,,,,,,,
2989,1583,1.4929180573549442e-05,7.464590286774721e-05,7.464590286774721e-05,25515.766739974,1.4929180573549442e-05,1778626311.4373794,,,,,,,,,,,,,,,,,,,,
2989,1584,,,,25518.053364039,,1778626313.7240276,50.0,0.09990476071834564,,,,,,,,,,,,,,,,,,
2999,1585,1.489736376080661e-05,7.448681880403306e-05,7.448681880403306e-05,25600.347241675,1.489736376080661e-05,1778626396.01789,,,,,,,,,,,,,,,,,,,,
2999,1586,1.489736376080661e-05,7.448681880403306e-05,7.448681880403306e-05,25602.634918023,1.489736376080661e-05,1778626398.3055408,,,,,,,,,,,,,,,,,,,,
2999,1587,1.489736376080661e-05,7.448681880403306e-05,7.448681880403306e-05,25604.921985023,1.489736376080661e-05,1778626400.5925887,,,,,,,,,,,,,,,,,,,,
2999,1588,1.489736376080661e-05,7.448681880403306e-05,7.448681880403306e-05,25607.208178177,1.489736376080661e-05,1778626402.878817,,,,,,,,,,,,,,,,,,,,
2999,1589,,,,25609.496671511,,1778626405.1673274,50.0,0.09664283692836761,,,,,,,,,,,,,,,,,,
3008,1590,,,,25712.309549393,,1778626507.9800258,50.0,,0.17200270295143127,5.78125,0.0,0.17200270295143127,8.064165115356445,0.8278087973594666,,,,,,,,,,,,
3008,1591,,,,25712.312878981,,1778626507.9836032,50.0,,,,,,,,0.0,0.1196848526597023,0.1196848526597023,6.676846981048584,0.8803161978721619,4.84375,,,,,,
3009,1592,1.4865481595184958e-05,7.43274079759248e-05,7.43274079759248e-05,25712.662288526,1.4865481595184958e-05,1778626508.3324232,,,,,,,,,,,,,,,,,,,,
3009,1593,1.4865481595184958e-05,7.43274079759248e-05,7.43274079759248e-05,25714.950749905,1.4865481595184958e-05,1778626510.6213963,,,,,,,,,,,,,,,,,,,,
3009,1594,1.4865481595184958e-05,7.43274079759248e-05,7.43274079759248e-05,25717.237071595,1.4865481595184958e-05,1778626512.9076538,,,,,,,,,,,,,,,,,,,,
3009,1595,1.4865481595184958e-05,7.43274079759248e-05,7.43274079759248e-05,25719.52303863,1.4865481595184958e-05,1778626515.193681,,,,,,,,,,,,,,,,,,,,
3009,1596,,,,25721.809032565,,1778626517.4796906,51.0,0.11376538872718811,,,,,,,,,,,,,,,,,,
3019,1597,1.483353450213609e-05,7.416767251068045e-05,7.416767251068045e-05,25804.586611631,1.483353450213609e-05,1778626600.2572403,,,,,,,,,,,,,,,,,,,,
3019,1598,1.483353450213609e-05,7.416767251068045e-05,7.416767251068045e-05,25806.887278775,1.483353450213609e-05,1778626602.5579085,,,,,,,,,,,,,,,,,,,,
3019,1599,1.483353450213609e-05,7.416767251068045e-05,7.416767251068045e-05,25809.187067967,1.483353450213609e-05,1778626604.857704,,,,,,,,,,,,,,,,,,,,
3019,1600,1.483353450213609e-05,7.416767251068045e-05,7.416767251068045e-05,25811.488914433,1.483353450213609e-05,1778626607.159513,,,,,,,,,,,,,,,,,,,,
3019,1601,,,,25813.793898377,,1778626609.4645517,51.0,0.20698609948158264,,,,,,,,,,,,,,,,,,
3029,1602,1.4801522907978054e-05,7.400761453989027e-05,7.400761453989027e-05,25896.120176487,1.4801522907978054e-05,1778626691.7908227,,,,,,,,,,,,,,,,,,,,
3029,1603,1.4801522907978054e-05,7.400761453989027e-05,7.400761453989027e-05,25898.408782752,1.4801522907978054e-05,1778626694.0794086,,,,,,,,,,,,,,,,,,,,
3029,1604,1.4801522907978054e-05,7.400761453989027e-05,7.400761453989027e-05,25900.696200989,1.4801522907978054e-05,1778626696.366741,,,,,,,,,,,,,,,,,,,,
3029,1605,1.4801522907978054e-05,7.400761453989027e-05,7.400761453989027e-05,25902.982162605,1.4801522907978054e-05,1778626698.6527596,,,,,,,,,,,,,,,,,,,,
3029,1606,,,,25905.267707944,,1778626700.9383454,51.0,0.0817084088921547,,,,,,,,,,,,,,,,,,
3039,1607,1.4769447239889614e-05,7.384723619944806e-05,7.384723619944806e-05,25987.562990286,1.4769447239889614e-05,1778626783.2336335,,,,,,,,,,,,,,,,,,,,
3039,1608,1.4769447239889614e-05,7.384723619944806e-05,7.384723619944806e-05,25989.848711062,1.4769447239889614e-05,1778626785.5193295,,,,,,,,,,,,,,,,,,,,
3039,1609,1.4769447239889614e-05,7.384723619944806e-05,7.384723619944806e-05,25992.13425455,1.4769447239889614e-05,1778626787.8048675,,,,,,,,,,,,,,,,,,,,
3039,1610,1.4769447239889614e-05,7.384723619944806e-05,7.384723619944806e-05,25994.42132299,1.4769447239889614e-05,1778626790.091949,,,,,,,,,,,,,,,,,,,,
3039,1611,,,,25996.709878477,,1778626792.3805294,51.0,0.06497042626142502,,,,,,,,,,,,,,,,,,
3049,1612,1.473730792590458e-05,7.36865396295229e-05,7.36865396295229e-05,26078.998908027,1.473730792590458e-05,1778626874.6695457,,,,,,,,,,,,,,,,,,,,
3049,1613,1.473730792590458e-05,7.36865396295229e-05,7.36865396295229e-05,26081.28680767,1.473730792590458e-05,1778626876.9574409,,,,,,,,,,,,,,,,,,,,
3049,1614,1.473730792590458e-05,7.36865396295229e-05,7.36865396295229e-05,26083.575205972,1.473730792590458e-05,1778626879.24574,,,,,,,,,,,,,,,,,,,,
3049,1615,1.473730792590458e-05,7.36865396295229e-05,7.36865396295229e-05,26085.863258463,1.473730792590458e-05,1778626881.5338771,,,,,,,,,,,,,,,,,,,,
3049,1616,,,,26088.150386534,,1778626883.8210316,51.0,0.10326946526765823,,,,,,,,,,,,,,,,,,
3059,1617,1.4705105394906074e-05,7.352552697453036e-05,7.352552697453036e-05,26170.434273435,1.4705105394906074e-05,1778626966.104913,,,,,,,,,,,,,,,,,,,,
3059,1618,1.4705105394906074e-05,7.352552697453036e-05,7.352552697453036e-05,26172.722239459,1.4705105394906074e-05,1778626968.3928714,,,,,,,,,,,,,,,,,,,,
3059,1619,1.4705105394906074e-05,7.352552697453036e-05,7.352552697453036e-05,26175.008716143,1.4705105394906074e-05,1778626970.6794152,,,,,,,,,,,,,,,,,,,,
3059,1620,1.4705105394906074e-05,7.352552697453036e-05,7.352552697453036e-05,26177.293266489,1.4705105394906074e-05,1778626972.9638977,,,,,,,,,,,,,,,,,,,,
3059,1621,,,,26179.579665604,,1778626975.2503173,51.0,0.1245761290192604,,,,,,,,,,,,,,,,,,
3067,1622,,,,26272.82404277,,1778627068.4945726,51.0,,0.17206674814224243,6.03125,0.0,0.17206674814224243,8.188011169433594,0.8277406692504883,,,,,,,,,,,,
3067,1623,,,,26272.827521656,,1778627068.498312,51.0,,,,,,,,0.0,0.11597111821174622,0.11597111821174622,6.5204176902771,0.8840314149856567,4.6875,,,,,,
3069,1624,1.4672840076620829e-05,7.336420038310414e-05,7.336420038310414e-05,26282.351643998,1.4672840076620829e-05,1778627078.0222254,,,,,,,,,,,,,,,,,,,,
3069,1625,1.4672840076620829e-05,7.336420038310414e-05,7.336420038310414e-05,26284.641459454,1.4672840076620829e-05,1778627080.311933,,,,,,,,,,,,,,,,,,,,
3069,1626,1.4672840076620829e-05,7.336420038310414e-05,7.336420038310414e-05,26286.928867975,1.4672840076620829e-05,1778627082.5994844,,,,,,,,,,,,,,,,,,,,
3069,1627,1.4672840076620829e-05,7.336420038310414e-05,7.336420038310414e-05,26289.218307441,1.4672840076620829e-05,1778627084.8889303,,,,,,,,,,,,,,,,,,,,
3069,1628,,,,26291.505610109,,1778627087.1762586,52.0,0.12099070101976395,,,,,,,,,,,,,,,,,,
3079,1629,1.4640512401613438e-05,7.32025620080672e-05,7.32025620080672e-05,26373.82998063,1.4640512401613438e-05,1778627169.5006254,,,,,,,,,,,,,,,,,,,,
3079,1630,1.4640512401613438e-05,7.32025620080672e-05,7.32025620080672e-05,26376.114658573,1.4640512401613438e-05,1778627171.7852876,,,,,,,,,,,,,,,,,,,,
3079,1631,1.4640512401613438e-05,7.32025620080672e-05,7.32025620080672e-05,26378.402840649,1.4640512401613438e-05,1778627174.0734656,,,,,,,,,,,,,,,,,,,,
3079,1632,1.4640512401613438e-05,7.32025620080672e-05,7.32025620080672e-05,26380.691105768,1.4640512401613438e-05,1778627176.3616471,,,,,,,,,,,,,,,,,,,,
3079,1633,,,,26382.977468672,,1778627178.648116,52.0,0.1147485077381134,,,,,,,,,,,,,,,,,,
3089,1634,1.4608122801280614e-05,7.304061400640306e-05,7.304061400640306e-05,26465.273272705,1.4608122801280614e-05,1778627260.943926,,,,,,,,,,,,,,,,,,,,
3089,1635,1.4608122801280614e-05,7.304061400640306e-05,7.304061400640306e-05,26467.558718966,1.4608122801280614e-05,1778627263.2293425,,,,,,,,,,,,,,,,,,,,
3089,1636,1.4608122801280614e-05,7.304061400640306e-05,7.304061400640306e-05,26469.846124474,1.4608122801280614e-05,1778627265.5167327,,,,,,,,,,,,,,,,,,,,
3089,1637,1.4608122801280614e-05,7.304061400640306e-05,7.304061400640306e-05,26472.132104296,1.4608122801280614e-05,1778627267.8027039,,,,,,,,,,,,,,,,,,,,
3089,1638,,,,26474.418643427,,1778627270.0891738,52.0,0.10653266310691833,,,,,,,,,,,,,,,,,,
3099,1639,1.4575671707845431e-05,7.287835853922716e-05,7.287835853922716e-05,26556.71730068,1.4575671707845431e-05,1778627352.3879492,,,,,,,,,,,,,,,,,,,,
3099,1640,1.4575671707845431e-05,7.287835853922716e-05,7.287835853922716e-05,26559.003422982,1.4575671707845431e-05,1778627354.6740534,,,,,,,,,,,,,,,,,,,,
3099,1641,1.4575671707845431e-05,7.287835853922716e-05,7.287835853922716e-05,26561.287567656,1.4575671707845431e-05,1778627356.9581914,,,,,,,,,,,,,,,,,,,,
3099,1642,1.4575671707845431e-05,7.287835853922716e-05,7.287835853922716e-05,26563.574066491,1.4575671707845431e-05,1778627359.244682,,,,,,,,,,,,,,,,,,,,
3099,1643,,,,26565.859218248,,1778627361.5298874,52.0,0.1525294929742813,,,,,,,,,,,,,,,,,,
3109,1644,1.454315955435156e-05,7.27157977717578e-05,7.27157977717578e-05,26648.139474979,1.454315955435156e-05,1778627443.8101168,,,,,,,,,,,,,,,,,,,,
3109,1645,1.454315955435156e-05,7.27157977717578e-05,7.27157977717578e-05,26650.426347684,1.454315955435156e-05,1778627446.0969713,,,,,,,,,,,,,,,,,,,,
3109,1646,1.454315955435156e-05,7.27157977717578e-05,7.27157977717578e-05,26652.713032195,1.454315955435156e-05,1778627448.3836396,,,,,,,,,,,,,,,,,,,,
3109,1647,1.454315955435156e-05,7.27157977717578e-05,7.27157977717578e-05,26654.998142925,1.454315955435156e-05,1778627450.6687684,,,,,,,,,,,,,,,,,,,,
3109,1648,,,,26657.285656471,,1778627452.9563084,52.0,0.11644133925437927,,,,,,,,,,,,,,,,,,
3119,1649,1.4510586774657487e-05,7.255293387328744e-05,7.255293387328744e-05,26739.589131473,1.4510586774657487e-05,1778627535.2597365,,,,,,,,,,,,,,,,,,,,
3119,1650,1.4510586774657487e-05,7.255293387328744e-05,7.255293387328744e-05,26741.875461998,1.4510586774657487e-05,1778627537.546094,,,,,,,,,,,,,,,,,,,,
3119,1651,1.4510586774657487e-05,7.255293387328744e-05,7.255293387328744e-05,26744.160696392,1.4510586774657487e-05,1778627539.831302,,,,,,,,,,,,,,,,,,,,
3119,1652,1.4510586774657487e-05,7.255293387328744e-05,7.255293387328744e-05,26746.447324882,1.4510586774657487e-05,1778627542.1179712,,,,,,,,,,,,,,,,,,,,
3119,1653,,,,26748.737353308,,1778627544.4080124,52.0,0.06493915617465973,,,,,,,,,,,,,,,,,,
3126,1654,,,,26832.881432731,,1778627628.5518966,52.0,,0.1316240280866623,4.8125,0.0,0.1316240280866623,6.915822505950928,0.8682471513748169,,,,,,,,,,,,
3126,1655,,,,26833.766441619,,1778627629.436994,52.0,,,,,,,,0.0,0.11386942863464355,0.11386942863464355,6.499799728393555,0.8861333727836609,4.643501281738281,,,,,,
3129,1656,1.4477953803430724e-05,7.238976901715361e-05,7.238976901715361e-05,26852.404543588,1.4477953803430724e-05,1778627648.0751393,,,,,,,,,,,,,,,,,,,,
3129,1657,1.4477953803430724e-05,7.238976901715361e-05,7.238976901715361e-05,26854.689217844,1.4477953803430724e-05,1778627650.3598373,,,,,,,,,,,,,,,,,,,,
3129,1658,1.4477953803430724e-05,7.238976901715361e-05,7.238976901715361e-05,26856.97396594,1.4477953803430724e-05,1778627652.644571,,,,,,,,,,,,,,,,,,,,
3129,1659,1.4477953803430724e-05,7.238976901715361e-05,7.238976901715361e-05,26859.260735377,1.4477953803430724e-05,1778627654.9312825,,,,,,,,,,,,,,,,,,,,
3129,1660,,,,26861.546738139,,1778627657.217388,53.0,0.08930598944425583,,,,,,,,,,,,,,,,,,
3139,1661,1.4445261076142011e-05,7.222630538071005e-05,7.222630538071005e-05,26943.857207554,1.4445261076142011e-05,1778627739.5277276,,,,,,,,,,,,,,,,,,,,
3139,1662,1.4445261076142011e-05,7.222630538071005e-05,7.222630538071005e-05,26946.143813756,1.4445261076142011e-05,1778627741.8144414,,,,,,,,,,,,,,,,,,,,
3139,1663,1.4445261076142011e-05,7.222630538071005e-05,7.222630538071005e-05,26948.43286718,1.4445261076142011e-05,1778627744.1034513,,,,,,,,,,,,,,,,,,,,
3139,1664,1.4445261076142011e-05,7.222630538071005e-05,7.222630538071005e-05,26950.718272061,1.4445261076142011e-05,1778627746.388898,,,,,,,,,,,,,,,,,,,,
3139,1665,,,,26953.005977744,,1778627748.6766305,53.0,0.14018645882606506,,,,,,,,,,,,,,,,,,
3149,1666,1.44125090290595e-05,7.20625451452975e-05,7.20625451452975e-05,27035.312174984,1.44125090290595e-05,1778627830.9827163,,,,,,,,,,,,,,,,,,,,
3149,1667,1.44125090290595e-05,7.20625451452975e-05,7.20625451452975e-05,27037.599348368,1.44125090290595e-05,1778627833.269976,,,,,,,,,,,,,,,,,,,,
3149,1668,1.44125090290595e-05,7.20625451452975e-05,7.20625451452975e-05,27039.887544832,1.44125090290595e-05,1778627835.5581582,,,,,,,,,,,,,,,,,,,,
3149,1669,1.44125090290595e-05,7.20625451452975e-05,7.20625451452975e-05,27042.172979988,1.44125090290595e-05,1778627837.843613,,,,,,,,,,,,,,,,,,,,
3149,1670,,,,27044.458948696,,1778627840.129605,53.0,0.09075362980365753,,,,,,,,,,,,,,,,,,
3159,1671,1.4379698099242937e-05,7.189849049621468e-05,7.189849049621468e-05,27126.757202486,1.4379698099242937e-05,1778627922.427825,,,,,,,,,,,,,,,,,,,,
3159,1672,1.4379698099242937e-05,7.189849049621468e-05,7.189849049621468e-05,27129.044713139,1.4379698099242937e-05,1778627924.7153316,,,,,,,,,,,,,,,,,,,,
3159,1673,1.4379698099242937e-05,7.189849049621468e-05,7.189849049621468e-05,27131.327988437,1.4379698099242937e-05,1778627926.9986165,,,,,,,,,,,,,,,,,,,,
3159,1674,1.4379698099242937e-05,7.189849049621468e-05,7.189849049621468e-05,27133.61407239,1.4379698099242937e-05,1778627929.2847052,,,,,,,,,,,,,,,,,,,,
3159,1675,,,,27135.900345166,,1778627931.571006,53.0,0.08476224541664124,,,,,,,,,,,,,,,,,,
3169,1676,1.4346828724537835e-05,7.173414362268918e-05,7.173414362268918e-05,27218.201346126,1.4346828724537835e-05,1778628013.871881,,,,,,,,,,,,,,,,,,,,
3169,1677,1.4346828724537835e-05,7.173414362268918e-05,7.173414362268918e-05,27220.487857887,1.4346828724537835e-05,1778628016.158438,,,,,,,,,,,,,,,,,,,,
3169,1678,1.4346828724537835e-05,7.173414362268918e-05,7.173414362268918e-05,27222.775233717,1.4346828724537835e-05,1778628018.4458528,,,,,,,,,,,,,,,,,,,,
3169,1679,1.4346828724537835e-05,7.173414362268918e-05,7.173414362268918e-05,27225.06151623,1.4346828724537835e-05,1778628020.7321393,,,,,,,,,,,,,,,,,,,,
3169,1680,,,,27227.349981477,,1778628023.020643,53.0,0.11530754715204239,,,,,,,,,,,,,,,,,,
3179,1681,1.4313901343569612e-05,7.156950671784805e-05,7.156950671784805e-05,27309.654873466,1.4313901343569612e-05,1778628105.3255198,,,,,,,,,,,,,,,,,,,,
3179,1682,1.4313901343569612e-05,7.156950671784805e-05,7.156950671784805e-05,27311.93925576,1.4313901343569612e-05,1778628107.6098852,,,,,,,,,,,,,,,,,,,,
3179,1683,1.4313901343569612e-05,7.156950671784805e-05,7.156950671784805e-05,27314.22428057,1.4313901343569612e-05,1778628109.894906,,,,,,,,,,,,,,,,,,,,
3179,1684,1.4313901343569612e-05,7.156950671784805e-05,7.156950671784805e-05,27316.508499376,1.4313901343569612e-05,1778628112.1791136,,,,,,,,,,,,,,,,,,,,
3179,1685,,,,27318.795213987,,1778628114.4658668,53.0,0.0932035893201828,,,,,,,,,,,,,,,,,,
3185,1686,,,,27393.726288502,,1778628189.3968294,53.0,,0.1399545967578888,5.072498321533203,0.0,0.1399545967578888,7.101230144500732,0.8599014282226562,,,,,,,,,,,,
3185,1687,,,,27393.729936692,,1778628189.4007077,53.0,,,,,,,,0.0,0.11444611847400665,0.11444611847400665,6.483016014099121,0.8855551481246948,4.5,,,,,,
3189,1688,1.4280916395737763e-05,7.140458197868882e-05,7.140458197868882e-05,27421.460938609,1.4280916395737763e-05,1778628217.1315434,,,,,,,,,,,,,,,,,,,,
3189,1689,1.4280916395737763e-05,7.140458197868882e-05,7.140458197868882e-05,27423.749107571,1.4280916395737763e-05,1778628219.4197416,,,,,,,,,,,,,,,,,,,,
3189,1690,1.4280916395737763e-05,7.140458197868882e-05,7.140458197868882e-05,27426.035827512,1.4280916395737763e-05,1778628221.7064657,,,,,,,,,,,,,,,,,,,,
3189,1691,1.4280916395737763e-05,7.140458197868882e-05,7.140458197868882e-05,27428.325318361,1.4280916395737763e-05,1778628223.995934,,,,,,,,,,,,,,,,,,,,
3189,1692,,,,27430.612176508,,1778628226.2828324,54.0,0.13711173832416534,,,,,,,,,,,,,,,,,,
3199,1693,1.4247874321209976e-05,7.123937160604987e-05,7.123937160604987e-05,27512.901035511,1.4247874321209976e-05,1778628308.571669,,,,,,,,,,,,,,,,,,,,
3199,1694,1.4247874321209976e-05,7.123937160604987e-05,7.123937160604987e-05,27515.18702939,1.4247874321209976e-05,1778628310.857653,,,,,,,,,,,,,,,,,,,,
3199,1695,1.4247874321209976e-05,7.123937160604987e-05,7.123937160604987e-05,27517.475316549,1.4247874321209976e-05,1778628313.145962,,,,,,,,,,,,,,,,,,,,
3199,1696,1.4247874321209976e-05,7.123937160604987e-05,7.123937160604987e-05,27519.760366446,1.4247874321209976e-05,1778628315.430971,,,,,,,,,,,,,,,,,,,,
3199,1697,,,,27522.050691149,,1778628317.7213342,54.0,0.05762837827205658,,,,,,,,,,,,,,,,,,
3209,1698,1.4214775560916268e-05,7.107387780458133e-05,7.107387780458133e-05,27604.344014882,1.4214775560916268e-05,1778628400.0146604,,,,,,,,,,,,,,,,,,,,
3209,1699,1.4214775560916268e-05,7.107387780458133e-05,7.107387780458133e-05,27606.632666832,1.4214775560916268e-05,1778628402.3032858,,,,,,,,,,,,,,,,,,,,
3209,1700,1.4214775560916268e-05,7.107387780458133e-05,7.107387780458133e-05,27608.918004645,1.4214775560916268e-05,1778628404.5886395,,,,,,,,,,,,,,,,,,,,
3209,1701,1.4214775560916268e-05,7.107387780458133e-05,7.107387780458133e-05,27611.203420874,1.4214775560916268e-05,1778628406.873977,,,,,,,,,,,,,,,,,,,,
3209,1702,,,,27613.490727837,,1778628409.1613753,54.0,0.13124433159828186,,,,,,,,,,,,,,,,,,
3219,1703,1.4181620556543103e-05,7.090810278271552e-05,7.090810278271552e-05,27695.789596307,1.4181620556543103e-05,1778628491.4602284,,,,,,,,,,,,,,,,,,,,
3219,1704,1.4181620556543103e-05,7.090810278271552e-05,7.090810278271552e-05,27698.078265394,1.4181620556543103e-05,1778628493.748887,,,,,,,,,,,,,,,,,,,,
3219,1705,1.4181620556543103e-05,7.090810278271552e-05,7.090810278271552e-05,27700.363921617,1.4181620556543103e-05,1778628496.034502,,,,,,,,,,,,,,,,,,,,
3219,1706,1.4181620556543103e-05,7.090810278271552e-05,7.090810278271552e-05,27702.649333552,1.4181620556543103e-05,1778628498.3199515,,,,,,,,,,,,,,,,,,,,
3219,1707,,,,27704.936993579,,1778628500.6076422,54.0,0.14201024174690247,,,,,,,,,,,,,,,,,,
3229,1708,1.414840975052749e-05,7.074204875263745e-05,7.074204875263745e-05,27787.2308763,1.414840975052749e-05,1778628582.901528,,,,,,,,,,,,,,,,,,,,
3229,1709,1.414840975052749e-05,7.074204875263745e-05,7.074204875263745e-05,27789.519144237,1.414840975052749e-05,1778628585.1897714,,,,,,,,,,,,,,,,,,,,
3229,1710,1.414840975052749e-05,7.074204875263745e-05,7.074204875263745e-05,27791.804410355,1.414840975052749e-05,1778628587.4750214,,,,,,,,,,,,,,,,,,,,
3229,1711,1.414840975052749e-05,7.074204875263745e-05,7.074204875263745e-05,27794.093599316,1.414840975052749e-05,1778628589.764212,,,,,,,,,,,,,,,,,,,,
3229,1712,,,,27796.377482422,,1778628592.0481248,54.0,0.1097041666507721,,,,,,,,,,,,,,,,,,
3239,1713,1.411514358605109e-05,7.057571793025544e-05,7.057571793025544e-05,27878.656856086,1.411514358605109e-05,1778628674.3275046,,,,,,,,,,,,,,,,,,,,
3239,1714,1.411514358605109e-05,7.057571793025544e-05,7.057571793025544e-05,27880.942632247,1.411514358605109e-05,1778628676.6132464,,,,,,,,,,,,,,,,,,,,
3239,1715,1.411514358605109e-05,7.057571793025544e-05,7.057571793025544e-05,27883.228298531,1.411514358605109e-05,1778628678.8989,,,,,,,,,,,,,,,,,,,,
3239,1716,1.411514358605109e-05,7.057571793025544e-05,7.057571793025544e-05,27885.514923307,1.411514358605109e-05,1778628681.1855485,,,,,,,,,,,,,,,,,,,,
3239,1717,,,,27887.801795935,,1778628683.4724474,54.0,0.17926782369613647,,,,,,,,,,,,,,,,,,
3244,1718,,,,27953.618230764,,1778628749.2887588,54.0,,0.14826448261737823,5.25,0.0,0.14826448261737823,7.381861686706543,0.851581871509552,,,,,,,,,,,,
3244,1719,,,,27953.621814466,,1778628749.2926044,54.0,,,,,,,,0.0,0.11662079393863678,0.11662079393863678,6.616025924682617,0.8833800554275513,4.8359375,,,,,,
3249,1720,1.4081822507034285e-05,7.040911253517142e-05,7.040911253517142e-05,27990.519182823,1.4081822507034285e-05,1778628786.1898105,,,,,,,,,,,,,,,,,,,,
3249,1721,1.4081822507034285e-05,7.040911253517142e-05,7.040911253517142e-05,27992.802377897,1.4081822507034285e-05,1778628788.4730062,,,,,,,,,,,,,,,,,,,,
3249,1722,1.4081822507034285e-05,7.040911253517142e-05,7.040911253517142e-05,27995.08898261,1.4081822507034285e-05,1778628790.7596173,,,,,,,,,,,,,,,,,,,,
3249,1723,1.4081822507034285e-05,7.040911253517142e-05,7.040911253517142e-05,27997.377541503,1.4081822507034285e-05,1778628793.0481668,,,,,,,,,,,,,,,,,,,,
3249,1724,,,,27999.665363536,,1778628795.3360128,55.0,0.032911188900470734,,,,,,,,,,,,,,,,,,
3259,1725,1.4048446958130271e-05,7.024223479065135e-05,7.024223479065135e-05,28081.970266738,1.4048446958130271e-05,1778628877.6409006,,,,,,,,,,,,,,,,,,,,
3259,1726,1.4048446958130271e-05,7.024223479065135e-05,7.024223479065135e-05,28084.256647601,1.4048446958130271e-05,1778628879.9272604,,,,,,,,,,,,,,,,,,,,
3259,1727,1.4048446958130271e-05,7.024223479065135e-05,7.024223479065135e-05,28086.542067837,1.4048446958130271e-05,1778628882.2126167,,,,,,,,,,,,,,,,,,,,
3259,1728,1.4048446958130271e-05,7.024223479065135e-05,7.024223479065135e-05,28088.828129047,1.4048446958130271e-05,1778628884.4987638,,,,,,,,,,,,,,,,,,,,
3259,1729,,,,28091.11587451,,1778628886.7865405,55.0,0.0701177716255188,,,,,,,,,,,,,,,,,,
3269,1730,1.4015017384719112e-05,7.007508692359556e-05,7.007508692359556e-05,28173.41176715,1.4015017384719112e-05,1778628969.0824175,,,,,,,,,,,,,,,,,,,,
3269,1731,1.4015017384719112e-05,7.007508692359556e-05,7.007508692359556e-05,28175.69780973,1.4015017384719112e-05,1778628971.36843,,,,,,,,,,,,,,,,,,,,
3269,1732,1.4015017384719112e-05,7.007508692359556e-05,7.007508692359556e-05,28177.98201886,1.4015017384719112e-05,1778628973.6526554,,,,,,,,,,,,,,,,,,,,
3269,1733,1.4015017384719112e-05,7.007508692359556e-05,7.007508692359556e-05,28180.268674981,1.4015017384719112e-05,1778628975.9392617,,,,,,,,,,,,,,,,,,,,
3269,1734,,,,28182.555904574,,1778628978.2265708,55.0,0.10056351870298386,,,,,,,,,,,,,,,,,,
3279,1735,1.398153423290181e-05,6.990767116450905e-05,6.990767116450905e-05,28264.84375683,1.398153423290181e-05,1778629060.5143967,,,,,,,,,,,,,,,,,,,,
3279,1736,1.398153423290181e-05,6.990767116450905e-05,6.990767116450905e-05,28267.130943417,1.398153423290181e-05,1778629062.8015754,,,,,,,,,,,,,,,,,,,,
3279,1737,1.398153423290181e-05,6.990767116450905e-05,6.990767116450905e-05,28269.426589743,1.398153423290181e-05,1778629065.0972123,,,,,,,,,,,,,,,,,,,,
3279,1738,1.398153423290181e-05,6.990767116450905e-05,6.990767116450905e-05,28271.728864351,1.398153423290181e-05,1778629067.3995,,,,,,,,,,,,,,,,,,,,
3279,1739,,,,28274.031886232,,1778629069.7025385,55.0,0.11727368831634521,,,,,,,,,,,,,,,,,,
3289,1740,1.3947997949494341e-05,6.97399897474717e-05,6.97399897474717e-05,28356.452951739,1.3947997949494341e-05,1778629152.123592,,,,,,,,,,,,,,,,,,,,
3289,1741,1.3947997949494341e-05,6.97399897474717e-05,6.97399897474717e-05,28358.740496283,1.3947997949494341e-05,1778629154.4110925,,,,,,,,,,,,,,,,,,,,
3289,1742,1.3947997949494341e-05,6.97399897474717e-05,6.97399897474717e-05,28361.028618324,1.3947997949494341e-05,1778629156.6992285,,,,,,,,,,,,,,,,,,,,
3289,1743,1.3947997949494341e-05,6.97399897474717e-05,6.97399897474717e-05,28363.313658962,1.3947997949494341e-05,1778629158.9842992,,,,,,,,,,,,,,,,,,,,
3289,1744,,,,28365.599160302,,1778629161.269814,55.0,0.2232781946659088,,,,,,,,,,,,,,,,,,
3299,1745,1.391440898202169e-05,6.957204491010845e-05,6.957204491010845e-05,28447.887720767,1.391440898202169e-05,1778629243.5583682,,,,,,,,,,,,,,,,,,,,
3299,1746,1.391440898202169e-05,6.957204491010845e-05,6.957204491010845e-05,28450.171979021,1.391440898202169e-05,1778629245.842606,,,,,,,,,,,,,,,,,,,,
3299,1747,1.391440898202169e-05,6.957204491010845e-05,6.957204491010845e-05,28452.457109688,1.391440898202169e-05,1778629248.1277282,,,,,,,,,,,,,,,,,,,,
3299,1748,1.391440898202169e-05,6.957204491010845e-05,6.957204491010845e-05,28454.741906542,1.391440898202169e-05,1778629250.4125416,,,,,,,,,,,,,,,,,,,,
3299,1749,,,,28457.028775032,,1778629252.699437,55.0,0.1602306365966797,,,,,,,,,,,,,,,,,,
3303,1750,,,,28513.703114055,,1778629309.3736444,55.0,,0.12705384194850922,4.765625,0.0,0.12705384194850922,6.696617603302002,0.8728204965591431,,,,,,,,,,,,
3303,1751,,,,28514.448810778,,1778629310.1193833,55.0,,,,,,,,0.0,0.11109089106321335,0.11109089106321335,6.409942626953125,0.888910710811615,4.578125,,,,,,
3309,1752,1.3880767778711892e-05,6.940383889355946e-05,6.940383889355946e-05,28560.490520291,1.3880767778711892e-05,1778629356.1611364,,,,,,,,,,,,,,,,,,,,
3309,1753,1.3880767778711892e-05,6.940383889355946e-05,6.940383889355946e-05,28562.779588645,1.3880767778711892e-05,1778629358.4502106,,,,,,,,,,,,,,,,,,,,
3309,1754,1.3880767778711892e-05,6.940383889355946e-05,6.940383889355946e-05,28565.068313692,1.3880767778711892e-05,1778629360.738959,,,,,,,,,,,,,,,,,,,,
3309,1755,1.3880767778711892e-05,6.940383889355946e-05,6.940383889355946e-05,28567.354310784,1.3880767778711892e-05,1778629363.0249317,,,,,,,,,,,,,,,,,,,,
3309,1756,,,,28569.639132658,,1778629365.3097885,56.0,0.08844403922557831,,,,,,,,,,,,,,,,,,
3319,1757,1.384707478849004e-05,6.92353739424502e-05,6.92353739424502e-05,28651.942190637,1.384707478849004e-05,1778629447.612836,,,,,,,,,,,,,,,,,,,,
3319,1758,1.384707478849004e-05,6.92353739424502e-05,6.92353739424502e-05,28654.229997561,1.384707478849004e-05,1778629449.9006274,,,,,,,,,,,,,,,,,,,,
3319,1759,1.384707478849004e-05,6.92353739424502e-05,6.92353739424502e-05,28656.516270157,1.384707478849004e-05,1778629452.1868622,,,,,,,,,,,,,,,,,,,,
3319,1760,1.384707478849004e-05,6.92353739424502e-05,6.92353739424502e-05,28658.801252722,1.384707478849004e-05,1778629454.4718702,,,,,,,,,,,,,,,,,,,,
3319,1761,,,,28661.088494154,,1778629456.7590928,56.0,0.08357387781143188,,,,,,,,,,,,,,,,,,
3329,1762,1.3813330460972298e-05,6.906665230486149e-05,6.906665230486149e-05,28743.376665788,1.3813330460972298e-05,1778629539.047304,,,,,,,,,,,,,,,,,,,,
3329,1763,1.3813330460972298e-05,6.906665230486149e-05,6.906665230486149e-05,28745.663100678,1.3813330460972298e-05,1778629541.3337255,,,,,,,,,,,,,,,,,,,,
3329,1764,1.3813330460972298e-05,6.906665230486149e-05,6.906665230486149e-05,28747.950306927,1.3813330460972298e-05,1778629543.6209402,,,,,,,,,,,,,,,,,,,,
3329,1765,1.3813330460972298e-05,6.906665230486149e-05,6.906665230486149e-05,28750.235639236,1.3813330460972298e-05,1778629545.9062583,,,,,,,,,,,,,,,,,,,,
3329,1766,,,,28752.524935539,,1778629548.1955943,56.0,0.06326930224895477,,,,,,,,,,,,,,,,,,
3339,1767,1.3779535246459901e-05,6.88976762322995e-05,6.88976762322995e-05,28834.83521428,1.3779535246459901e-05,1778629630.5058632,,,,,,,,,,,,,,,,,,,,
3339,1768,1.3779535246459901e-05,6.88976762322995e-05,6.88976762322995e-05,28837.122663995,1.3779535246459901e-05,1778629632.7932658,,,,,,,,,,,,,,,,,,,,
3339,1769,1.3779535246459901e-05,6.88976762322995e-05,6.88976762322995e-05,28839.411324311,1.3779535246459901e-05,1778629635.081942,,,,,,,,,,,,,,,,,,,,
3339,1770,1.3779535246459901e-05,6.88976762322995e-05,6.88976762322995e-05,28841.696542759,1.3779535246459901e-05,1778629637.367159,,,,,,,,,,,,,,,,,,,,
3339,1771,,,,28843.985483335,,1778629639.6561327,56.0,0.11478153616189957,,,,,,,,,,,,,,,,,,
3349,1772,1.3745689595933143e-05,6.872844797966572e-05,6.872844797966572e-05,28926.266750248,1.3745689595933143e-05,1778629721.9373891,,,,,,,,,,,,,,,,,,,,
3349,1773,1.3745689595933143e-05,6.872844797966572e-05,6.872844797966572e-05,28928.551692841,1.3745689595933143e-05,1778629724.2223194,,,,,,,,,,,,,,,,,,,,
3349,1774,1.3745689595933143e-05,6.872844797966572e-05,6.872844797966572e-05,28930.83829492,1.3745689595933143e-05,1778629726.508878,,,,,,,,,,,,,,,,,,,,
3349,1775,1.3745689595933143e-05,6.872844797966572e-05,6.872844797966572e-05,28933.124241694,1.3745689595933143e-05,1778629728.7948656,,,,,,,,,,,,,,,,,,,,
3349,1776,,,,28935.410380736,,1778629731.0810182,56.0,0.13057884573936462,,,,,,,,,,,,,,,,,,
3359,1777,1.3711793961045365e-05,6.855896980522682e-05,6.855896980522682e-05,29017.687290584,1.3711793961045365e-05,1778629813.3579383,,,,,,,,,,,,,,,,,,,,
3359,1778,1.3711793961045365e-05,6.855896980522682e-05,6.855896980522682e-05,29019.978657492,1.3711793961045365e-05,1778629815.6456423,,,,,,,,,,,,,,,,,,,,
3359,1779,1.3711793961045365e-05,6.855896980522682e-05,6.855896980522682e-05,29022.260198378,1.3711793961045365e-05,1778629817.9307623,,,,,,,,,,,,,,,,,,,,
3359,1780,1.3711793961045365e-05,6.855896980522682e-05,6.855896980522682e-05,29024.54607074,1.3711793961045365e-05,1778629820.2166858,,,,,,,,,,,,,,,,,,,,
3359,1781,,,,29026.836118722,,1778629822.5067627,56.0,0.08721520006656647,,,,,,,,,,,,,,,,,,
3362,1782,,,,29074.395956617,,1778629870.0664835,56.0,,0.14268097281455994,5.333332061767578,0.0,0.14268097281455994,7.303675174713135,0.8571792840957642,,,,,,,,,,,,
3362,1783,,,,29074.39940872,,1778629870.0702047,56.0,,,,,,,,0.0,0.11314740777015686,0.11314740777015686,6.511356830596924,0.8868522644042969,4.628501892089844,,,,,,
3369,1784,1.3677848794116923e-05,6.838924397058462e-05,6.838924397058462e-05,29129.62046357,1.3677848794116923e-05,1778629925.2910743,,,,,,,,,,,,,,,,,,,,
3369,1785,1.3677848794116923e-05,6.838924397058462e-05,6.838924397058462e-05,29131.907680863,1.3677848794116923e-05,1778629927.5783012,,,,,,,,,,,,,,,,,,,,
3369,1786,1.3677848794116923e-05,6.838924397058462e-05,6.838924397058462e-05,29134.195900652,1.3677848794116923e-05,1778629929.86643,,,,,,,,,,,,,,,,,,,,
3369,1787,1.3677848794116923e-05,6.838924397058462e-05,6.838924397058462e-05,29136.483111503,1.3677848794116923e-05,1778629932.1537173,,,,,,,,,,,,,,,,,,,,
3369,1788,,,,29138.769652497,,1778629934.4402928,57.0,0.16417565941810608,,,,,,,,,,,,,,,,,,
3379,1789,1.3643854548129151e-05,6.821927274064576e-05,6.821927274064576e-05,29221.080518817,1.3643854548129151e-05,1778630016.7511566,,,,,,,,,,,,,,,,,,,,
3379,1790,1.3643854548129151e-05,6.821927274064576e-05,6.821927274064576e-05,29223.366207851,1.3643854548129151e-05,1778630019.0368357,,,,,,,,,,,,,,,,,,,,
3379,1791,1.3643854548129151e-05,6.821927274064576e-05,6.821927274064576e-05,29225.652561845,1.3643854548129151e-05,1778630021.3231914,,,,,,,,,,,,,,,,,,,,
3379,1792,1.3643854548129151e-05,6.821927274064576e-05,6.821927274064576e-05,29227.939635651,1.3643854548129151e-05,1778630023.610226,,,,,,,,,,,,,,,,,,,,
3379,1793,,,,29230.227571985,,1778630025.8982205,57.0,0.07987312227487564,,,,,,,,,,,,,,,,,,
3389,1794,1.3609811676718325e-05,6.804905838359162e-05,6.804905838359162e-05,29312.533806108,1.3609811676718325e-05,1778630108.204449,,,,,,,,,,,,,,,,,,,,
3389,1795,1.3609811676718325e-05,6.804905838359162e-05,6.804905838359162e-05,29314.820272162,1.3609811676718325e-05,1778630110.490896,,,,,,,,,,,,,,,,,,,,
3389,1796,1.3609811676718325e-05,6.804905838359162e-05,6.804905838359162e-05,29317.10312439,1.3609811676718325e-05,1778630112.773733,,,,,,,,,,,,,,,,,,,,
3389,1797,1.3609811676718325e-05,6.804905838359162e-05,6.804905838359162e-05,29319.38988668,1.3609811676718325e-05,1778630115.0605159,,,,,,,,,,,,,,,,,,,,
3389,1798,,,,29321.675159518,,1778630117.3457506,57.0,0.12903663516044617,,,,,,,,,,,,,,,,,,
3399,1799,1.3575720634169596e-05,6.787860317084797e-05,6.787860317084797e-05,29403.990611974,1.3575720634169596e-05,1778630199.661255,,,,,,,,,,,,,,,,,,,,
3399,1800,1.3575720634169596e-05,6.787860317084797e-05,6.787860317084797e-05,29406.273726739,1.3575720634169596e-05,1778630201.9443474,,,,,,,,,,,,,,,,,,,,
3399,1801,1.3575720634169596e-05,6.787860317084797e-05,6.787860317084797e-05,29408.558343393,1.3575720634169596e-05,1778630204.2289398,,,,,,,,,,,,,,,,,,,,
3399,1802,1.3575720634169596e-05,6.787860317084797e-05,6.787860317084797e-05,29410.845418686,1.3575720634169596e-05,1778630206.5160313,,,,,,,,,,,,,,,,,,,,
3399,1803,,,,29413.130943706,,1778630208.8015957,57.0,0.07975184917449951,,,,,,,,,,,,,,,,,,
3409,1804,1.3541581875410939e-05,6.770790937705469e-05,6.770790937705469e-05,29495.428322894,1.3541581875410939e-05,1778630291.098981,,,,,,,,,,,,,,,,,,,,
3409,1805,1.3541581875410939e-05,6.770790937705469e-05,6.770790937705469e-05,29497.712833712,1.3541581875410939e-05,1778630293.3834736,,,,,,,,,,,,,,,,,,,,
3409,1806,1.3541581875410939e-05,6.770790937705469e-05,6.770790937705469e-05,29499.999220081,1.3541581875410939e-05,1778630295.669842,,,,,,,,,,,,,,,,,,,,
3409,1807,1.3541581875410939e-05,6.770790937705469e-05,6.770790937705469e-05,29502.286413484,1.3541581875410939e-05,1778630297.9569905,,,,,,,,,,,,,,,,,,,,
3409,1808,,,,29504.573035026,,1778630300.243684,57.0,0.08808469772338867,,,,,,,,,,,,,,,,,,
3419,1809,1.3507395856007075e-05,6.753697928003537e-05,6.753697928003537e-05,29586.865164341,1.3507395856007075e-05,1778630382.5358162,,,,,,,,,,,,,,,,,,,,
3419,1810,1.3507395856007075e-05,6.753697928003537e-05,6.753697928003537e-05,29589.150078248,1.3507395856007075e-05,1778630384.8207045,,,,,,,,,,,,,,,,,,,,
3419,1811,1.3507395856007075e-05,6.753697928003537e-05,6.753697928003537e-05,29591.435829325,1.3507395856007075e-05,1778630387.1064537,,,,,,,,,,,,,,,,,,,,
3419,1812,1.3507395856007075e-05,6.753697928003537e-05,6.753697928003537e-05,29593.722322126,1.3507395856007075e-05,1778630389.3927968,,,,,,,,,,,,,,,,,,,,
3419,1813,,,,29596.010818371,,1778630391.6814604,57.0,0.05652531981468201,,,,,,,,,,,,,,,,,,
3421,1814,,,,29634.461036975,,1778630430.1315784,57.0,,0.13208235800266266,4.78704833984375,0.0,0.13208235800266266,6.809545993804932,0.8677732944488525,,,,,,,,,,,,
3421,1815,,,,29635.278217685,,1778630430.9487858,57.0,,,,,,,,0.0,0.11313886940479279,0.11313886940479279,6.476935863494873,0.8868647217750549,4.695499420166016,,,,,,
3429,1816,1.34731630321534e-05,6.7365815160767e-05,6.7365815160767e-05,29699.587930189,1.34731630321534e-05,1778630495.2585242,,,,,,,,,,,,,,,,,,,,
3429,1817,1.34731630321534e-05,6.7365815160767e-05,6.7365815160767e-05,29701.874217121,1.34731630321534e-05,1778630497.5448282,,,,,,,,,,,,,,,,,,,,
3429,1818,1.34731630321534e-05,6.7365815160767e-05,6.7365815160767e-05,29704.16132007,1.34731630321534e-05,1778630499.8319147,,,,,,,,,,,,,,,,,,,,
3429,1819,1.34731630321534e-05,6.7365815160767e-05,6.7365815160767e-05,29706.450689418,1.34731630321534e-05,1778630502.1213129,,,,,,,,,,,,,,,,,,,,
3429,1820,,,,29708.737399515,,1778630504.4080408,58.0,0.11589057743549347,,,,,,,,,,,,,,,,,,
3439,1821,1.3438883860669888e-05,6.719441930334943e-05,6.719441930334943e-05,29791.042544714,1.3438883860669888e-05,1778630586.7131374,,,,,,,,,,,,,,,,,,,,
3439,1822,1.3438883860669888e-05,6.719441930334943e-05,6.719441930334943e-05,29793.327990775,1.3438883860669888e-05,1778630588.998622,,,,,,,,,,,,,,,,,,,,
3439,1823,1.3438883860669888e-05,6.719441930334943e-05,6.719441930334943e-05,29795.61427811,1.3438883860669888e-05,1778630591.2849128,,,,,,,,,,,,,,,,,,,,
3439,1824,1.3438883860669888e-05,6.719441930334943e-05,6.719441930334943e-05,29797.899045359,1.3438883860669888e-05,1778630593.5696807,,,,,,,,,,,,,,,,,,,,
3439,1825,,,,29800.189631741,,1778630595.860285,58.0,0.04706283658742905,,,,,,,,,,,,,,,,,,
3449,1826,1.3404558798994995e-05,6.702279399497498e-05,6.702279399497498e-05,29882.47922931,1.3404558798994995e-05,1778630678.1498752,,,,,,,,,,,,,,,,,,,,
3449,1827,1.3404558798994995e-05,6.702279399497498e-05,6.702279399497498e-05,29884.765572284,1.3404558798994995e-05,1778630680.4361935,,,,,,,,,,,,,,,,,,,,
3449,1828,1.3404558798994995e-05,6.702279399497498e-05,6.702279399497498e-05,29887.050908973,1.3404558798994995e-05,1778630682.7214396,,,,,,,,,,,,,,,,,,,,
3449,1829,1.3404558798994995e-05,6.702279399497498e-05,6.702279399497498e-05,29889.337397515,1.3404558798994995e-05,1778630685.0080247,,,,,,,,,,,,,,,,,,,,
3449,1830,,,,29891.624767703,,1778630687.2954245,58.0,0.11491809040307999,,,,,,,,,,,,,,,,,,
3459,1831,1.3370188305179567e-05,6.685094152589784e-05,6.685094152589784e-05,29973.923300615,1.3370188305179567e-05,1778630769.5939448,,,,,,,,,,,,,,,,,,,,
3459,1832,1.3370188305179567e-05,6.685094152589784e-05,6.685094152589784e-05,29976.206524181,1.3370188305179567e-05,1778630771.8771574,,,,,,,,,,,,,,,,,,,,
3459,1833,1.3370188305179567e-05,6.685094152589784e-05,6.685094152589784e-05,29978.49530792,1.3370188305179567e-05,1778630774.1659343,,,,,,,,,,,,,,,,,,,,
3459,1834,1.3370188305179567e-05,6.685094152589784e-05,6.685094152589784e-05,29980.783071024,1.3370188305179567e-05,1778630776.453674,,,,,,,,,,,,,,,,,,,,
3459,1835,,,,29983.069321121,,1778630778.7399673,58.0,0.15053823590278625,,,,,,,,,,,,,,,,,,
3469,1836,1.3335772837880716e-05,6.667886418940358e-05,6.667886418940358e-05,30065.344230841,1.3335772837880716e-05,1778630861.0148787,,,,,,,,,,,,,,,,,,,,
3469,1837,1.3335772837880716e-05,6.667886418940358e-05,6.667886418940358e-05,30067.628455076,1.3335772837880716e-05,1778630863.2990859,,,,,,,,,,,,,,,,,,,,
3469,1838,1.3335772837880716e-05,6.667886418940358e-05,6.667886418940358e-05,30069.912245439,1.3335772837880716e-05,1778630865.5828733,,,,,,,,,,,,,,,,,,,,
3469,1839,1.3335772837880716e-05,6.667886418940358e-05,6.667886418940358e-05,30072.197308145,1.3335772837880716e-05,1778630867.8679287,,,,,,,,,,,,,,,,,,,,
3469,1840,,,,30074.482941289,,1778630870.1535943,58.0,0.12994873523712158,,,,,,,,,,,,,,,,,,
3479,1841,1.3301312856355702e-05,6.65065642817785e-05,6.65065642817785e-05,30156.763399902,1.3301312856355702e-05,1778630952.4340408,,,,,,,,,,,,,,,,,,,,
3479,1842,1.3301312856355702e-05,6.65065642817785e-05,6.65065642817785e-05,30159.050634291,1.3301312856355702e-05,1778630954.7212532,,,,,,,,,,,,,,,,,,,,
3479,1843,1.3301312856355702e-05,6.65065642817785e-05,6.65065642817785e-05,30161.338089181,1.3301312856355702e-05,1778630957.0087235,,,,,,,,,,,,,,,,,,,,
3479,1844,1.3301312856355702e-05,6.65065642817785e-05,6.65065642817785e-05,30163.625049317,1.3301312856355702e-05,1778630959.295687,,,,,,,,,,,,,,,,,,,,
3479,1845,,,,30165.911500256,,1778630961.5821648,58.0,0.10575595498085022,,,,,,,,,,,,,,,,,,
3480,1846,,,,30195.180893272,,1778630990.8514156,58.0,,0.13926051557064056,5.109596252441406,0.0,0.13926051557064056,7.116492748260498,0.860603928565979,,,,,,,,,,,,
3480,1847,,,,30195.1864561,,1778630990.855017,58.0,,,,,,,,0.0,0.11082423478364944,0.11082423478364944,6.347806453704834,0.8891814351081848,4.528251647949219,,,,,,
3489,1848,1.3266808820455808e-05,6.633404410227903e-05,6.633404410227903e-05,30268.647003822,1.3266808820455808e-05,1778631064.3176072,,,,,,,,,,,,,,,,,,,,
3489,1849,1.3266808820455808e-05,6.633404410227903e-05,6.633404410227903e-05,30270.931470219,1.3266808820455808e-05,1778631066.6021001,,,,,,,,,,,,,,,,,,,,
3489,1850,1.3266808820455808e-05,6.633404410227903e-05,6.633404410227903e-05,30273.221391532,1.3266808820455808e-05,1778631068.8919325,,,,,,,,,,,,,,,,,,,,
3489,1851,1.3266808820455808e-05,6.633404410227903e-05,6.633404410227903e-05,30275.509964045,1.3266808820455808e-05,1778631071.1805892,,,,,,,,,,,,,,,,,,,,
3489,1852,,,,30277.795514412,,1778631073.466163,59.0,0.05823104828596115,,,,,,,,,,,,,,,,,,
3499,1853,1.3232261190620191e-05,6.616130595310095e-05,6.616130595310095e-05,30360.065964563,1.3232261190620191e-05,1778631155.7365952,,,,,,,,,,,,,,,,,,,,
3499,1854,1.3232261190620191e-05,6.616130595310095e-05,6.616130595310095e-05,30362.350237805,1.3232261190620191e-05,1778631158.0208595,,,,,,,,,,,,,,,,,,,,
3499,1855,1.3232261190620191e-05,6.616130595310095e-05,6.616130595310095e-05,30364.637247834,1.3232261190620191e-05,1778631160.3078883,,,,,,,,,,,,,,,,,,,,
3499,1856,1.3232261190620191e-05,6.616130595310095e-05,6.616130595310095e-05,30366.923866254,1.3232261190620191e-05,1778631162.5944886,,,,,,,,,,,,,,,,,,,,
3499,1857,,,,30369.210794619,,1778631164.8814516,59.0,0.14165730774402618,,,,,,,,,,,,,,,,,,
3509,1858,1.3197670427869764e-05,6.598835213934881e-05,6.598835213934881e-05,30451.598753857,1.3197670427869764e-05,1778631247.269407,,,,,,,,,,,,,,,,,,,,
3509,1859,1.3197670427869764e-05,6.598835213934881e-05,6.598835213934881e-05,30453.882359491,1.3197670427869764e-05,1778631249.552987,,,,,,,,,,,,,,,,,,,,
3509,1860,1.3197670427869764e-05,6.598835213934881e-05,6.598835213934881e-05,30456.167979095,1.3197670427869764e-05,1778631251.8386297,,,,,,,,,,,,,,,,,,,,
3509,1861,1.3197670427869764e-05,6.598835213934881e-05,6.598835213934881e-05,30458.454431888,1.3197670427869764e-05,1778631254.1250653,,,,,,,,,,,,,,,,,,,,
3509,1862,,,,30460.740970518,,1778631256.4116135,59.0,0.07010440528392792,,,,,,,,,,,,,,,,,,
3519,1863,1.316303699380101e-05,6.581518496900504e-05,6.581518496900504e-05,30543.039357139,1.316303699380101e-05,1778631338.710005,,,,,,,,,,,,,,,,,,,,
3519,1864,1.316303699380101e-05,6.581518496900504e-05,6.581518496900504e-05,30545.326225024,1.316303699380101e-05,1778631340.996851,,,,,,,,,,,,,,,,,,,,
3519,1865,1.316303699380101e-05,6.581518496900504e-05,6.581518496900504e-05,30547.610960882,1.316303699380101e-05,1778631343.2815907,,,,,,,,,,,,,,,,,,,,
3519,1866,1.316303699380101e-05,6.581518496900504e-05,6.581518496900504e-05,30549.896216622,1.316303699380101e-05,1778631345.5668216,,,,,,,,,,,,,,,,,,,,
3519,1867,,,,30552.184137339,,1778631347.8547893,59.0,0.0773237943649292,,,,,,,,,,,,,,,,,,
3529,1868,1.312836135057985e-05,6.564180675289924e-05,6.564180675289924e-05,30634.458127949,1.312836135057985e-05,1778631430.128777,,,,,,,,,,,,,,,,,,,,
3529,1869,1.312836135057985e-05,6.564180675289924e-05,6.564180675289924e-05,30636.743794056,1.312836135057985e-05,1778631432.4144087,,,,,,,,,,,,,,,,,,,,
3529,1870,1.312836135057985e-05,6.564180675289924e-05,6.564180675289924e-05,30639.032152942,1.312836135057985e-05,1778631434.7027662,,,,,,,,,,,,,,,,,,,,
3529,1871,1.312836135057985e-05,6.564180675289924e-05,6.564180675289924e-05,30641.319198273,1.312836135057985e-05,1778631436.9898307,,,,,,,,,,,,,,,,,,,,
3529,1872,,,,30643.606261671,,1778631439.2769163,59.0,0.11943009495735168,,,,,,,,,,,,,,,,,,
3539,1873,1.3093643960935462e-05,6.546821980467731e-05,6.546821980467731e-05,30725.887141962,1.3093643960935462e-05,1778631521.5577874,,,,,,,,,,,,,,,,,,,,
3539,1874,1.3093643960935462e-05,6.546821980467731e-05,6.546821980467731e-05,30728.1741525,1.3093643960935462e-05,1778631523.8447738,,,,,,,,,,,,,,,,,,,,
3539,1875,,,,30730.390247,,1778631526.0608983,59.0,0.1291644126176834,,,,,,,,,,,,,,,,,,
3539,1876,,,,30755.181748135,,1778631550.8522556,59.0,,0.13426107168197632,4.625,0.0,0.13426107168197632,6.7895097732543945,0.8656103610992432,,,,,,,,,,,,
3539,1877,,,,30756.055178938,,1778631551.7257519,59.0,,,,,,,,0.0,0.11259324103593826,0.11259324103593826,6.417136192321777,0.8874064683914185,4.579524993896484,,,,,,
3549,1878,1.3058885288154112e-05,6.529442644077056e-05,6.529442644077056e-05,30838.673998113,1.3058885288154112e-05,1778631634.3445938,,,,,,,,,,,,,,,,,,,,
3549,1879,1.3058885288154112e-05,6.529442644077056e-05,6.529442644077056e-05,30840.9616339,1.3058885288154112e-05,1778631636.6322496,,,,,,,,,,,,,,,,,,,,
3549,1880,1.3058885288154112e-05,6.529442644077056e-05,6.529442644077056e-05,30843.247394748,1.3058885288154112e-05,1778631638.9180257,,,,,,,,,,,,,,,,,,,,
3549,1881,1.3058885288154112e-05,6.529442644077056e-05,6.529442644077056e-05,30845.534324163,1.3058885288154112e-05,1778631641.2049744,,,,,,,,,,,,,,,,,,,,
3549,1882,,,,30847.820969461,,1778631643.4916306,60.0,0.06888691335916519,,,,,,,,,,,,,,,,,,
3559,1883,1.3024085796072967e-05,6.512042898036483e-05,6.512042898036483e-05,30930.613186075,1.3024085796072967e-05,1778631726.2837136,,,,,,,,,,,,,,,,,,,,
3559,1884,1.3024085796072967e-05,6.512042898036483e-05,6.512042898036483e-05,30932.915492927,1.3024085796072967e-05,1778631728.5861304,,,,,,,,,,,,,,,,,,,,
3559,1885,1.3024085796072967e-05,6.512042898036483e-05,6.512042898036483e-05,30935.21647677,1.3024085796072967e-05,1778631730.887087,,,,,,,,,,,,,,,,,,,,
3559,1886,1.3024085796072967e-05,6.512042898036483e-05,6.512042898036483e-05,30937.518267876,1.3024085796072967e-05,1778631733.1888545,,,,,,,,,,,,,,,,,,,,
3559,1887,,,,30939.818824205,,1778631735.4894745,60.0,0.05726335942745209,,,,,,,,,,,,,,,,,,
3569,1888,1.2989245949073903e-05,6.494622974536951e-05,6.494622974536951e-05,31022.689297257,1.2989245949073903e-05,1778631818.3599408,,,,,,,,,,,,,,,,,,,,
3569,1889,1.2989245949073903e-05,6.494622974536951e-05,6.494622974536951e-05,31024.991311829,1.2989245949073903e-05,1778631820.6619365,,,,,,,,,,,,,,,,,,,,
3569,1890,1.2989245949073903e-05,6.494622974536951e-05,6.494622974536951e-05,31027.295452899,1.2989245949073903e-05,1778631822.9660733,,,,,,,,,,,,,,,,,,,,
3569,1891,1.2989245949073903e-05,6.494622974536951e-05,6.494622974536951e-05,31029.597177425,1.2989245949073903e-05,1778631825.267803,,,,,,,,,,,,,,,,,,,,
3569,1892,,,,31031.89930679,,1778631827.5699558,60.0,0.18329474329948425,,,,,,,,,,,,,,,,,,
3579,1893,1.295436621207732e-05,6.47718310603866e-05,6.47718310603866e-05,31114.772704471,1.295436621207732e-05,1778631910.4433398,,,,,,,,,,,,,,,,,,,,
3579,1894,1.295436621207732e-05,6.47718310603866e-05,6.47718310603866e-05,31117.076952321,1.295436621207732e-05,1778631912.7475688,,,,,,,,,,,,,,,,,,,,
3579,1895,1.295436621207732e-05,6.47718310603866e-05,6.47718310603866e-05,31119.380569503,1.295436621207732e-05,1778631915.0511963,,,,,,,,,,,,,,,,,,,,
3579,1896,1.295436621207732e-05,6.47718310603866e-05,6.47718310603866e-05,31121.681511792,1.295436621207732e-05,1778631917.3521366,,,,,,,,,,,,,,,,,,,,
3579,1897,,,,31123.985177948,,1778631919.6558328,60.0,0.12931376695632935,,,,,,,,,,,,,,,,,,
3589,1898,1.2919447050535917e-05,6.459723525267959e-05,6.459723525267959e-05,31206.845927988,1.2919447050535917e-05,1778632002.5165718,,,,,,,,,,,,,,,,,,,,
3589,1899,1.2919447050535917e-05,6.459723525267959e-05,6.459723525267959e-05,31209.147635718,1.2919447050535917e-05,1778632004.8182597,,,,,,,,,,,,,,,,,,,,
3589,1900,1.2919447050535917e-05,6.459723525267959e-05,6.459723525267959e-05,31211.447305112,1.2919447050535917e-05,1778632007.1179423,,,,,,,,,,,,,,,,,,,,
3589,1901,1.2919447050535917e-05,6.459723525267959e-05,6.459723525267959e-05,31213.749672203,1.2919447050535917e-05,1778632009.420294,,,,,,,,,,,,,,,,,,,,
3589,1902,,,,31216.053572561,,1778632011.7242224,60.0,0.05939114838838577,,,,,,,,,,,,,,,,,,
3598,1903,,,,31318.62863929,,1778632114.2991486,60.0,,0.12646500766277313,5.040000915527344,0.0,0.12646500766277313,6.839457988739014,0.8734085559844971,,,,,,,,,,,,
3598,1904,,,,31318.63220281,,1778632114.3030097,60.0,,,,,,,,0.0,0.10878615081310272,0.10878615081310272,6.371885776519775,0.8912146687507629,4.625,,,,,,
3599,1905,1.2884488930428519e-05,6.44224446521426e-05,6.44224446521426e-05,31318.965692475,1.2884488930428519e-05,1778632114.6361024,,,,,,,,,,,,,,,,,,,,
3599,1906,1.2884488930428519e-05,6.44224446521426e-05,6.44224446521426e-05,31321.254846143,1.2884488930428519e-05,1778632116.925478,,,,,,,,,,,,,,,,,,,,
3599,1907,1.2884488930428519e-05,6.44224446521426e-05,6.44224446521426e-05,31323.542455378,1.2884488930428519e-05,1778632119.213061,,,,,,,,,,,,,,,,,,,,
3599,1908,1.2884488930428519e-05,6.44224446521426e-05,6.44224446521426e-05,31325.826770719,1.2884488930428519e-05,1778632121.49739,,,,,,,,,,,,,,,,,,,,
3599,1909,,,,31328.11393848,,1778632123.7846003,61.0,0.10684014856815338,,,,,,,,,,,,,,,,,,
3609,1910,1.2849492318253805e-05,6.424746159126902e-05,6.424746159126902e-05,31410.380265976,1.2849492318253805e-05,1778632206.0509346,,,,,,,,,,,,,,,,,,,,
3609,1911,1.2849492318253805e-05,6.424746159126902e-05,6.424746159126902e-05,31412.667128728,1.2849492318253805e-05,1778632208.3377542,,,,,,,,,,,,,,,,,,,,
3609,1912,1.2849492318253805e-05,6.424746159126902e-05,6.424746159126902e-05,31414.951473262,1.2849492318253805e-05,1778632210.6221502,,,,,,,,,,,,,,,,,,,,
3609,1913,1.2849492318253805e-05,6.424746159126902e-05,6.424746159126902e-05,31417.236881526,1.2849492318253805e-05,1778632212.9075549,,,,,,,,,,,,,,,,,,,,
3609,1914,,,,31419.520755403,,1778632215.1915362,61.0,0.08446723222732544,,,,,,,,,,,,,,,,,,
3619,1915,1.2814457681024127e-05,6.407228840512063e-05,6.407228840512063e-05,31501.753249858,1.2814457681024127e-05,1778632297.4238799,,,,,,,,,,,,,,,,,,,,
3619,1916,1.2814457681024127e-05,6.407228840512063e-05,6.407228840512063e-05,31504.037856206,1.2814457681024127e-05,1778632299.7086022,,,,,,,,,,,,,,,,,,,,
3619,1917,1.2814457681024127e-05,6.407228840512063e-05,6.407228840512063e-05,31506.323761866,1.2814457681024127e-05,1778632301.9944706,,,,,,,,,,,,,,,,,,,,
3619,1918,1.2814457681024127e-05,6.407228840512063e-05,6.407228840512063e-05,31508.607558066,1.2814457681024127e-05,1778632304.2782247,,,,,,,,,,,,,,,,,,,,
3619,1919,,,,31510.893061213,,1778632306.5638566,61.0,0.11294691264629364,,,,,,,,,,,,,,,,,,
3629,1920,1.277938548625926e-05,6.389692743129631e-05,6.389692743129631e-05,31593.12785433,1.277938548625926e-05,1778632388.798479,,,,,,,,,,,,,,,,,,,,
3629,1921,1.277938548625926e-05,6.389692743129631e-05,6.389692743129631e-05,31595.413668812,1.277938548625926e-05,1778632391.0843408,,,,,,,,,,,,,,,,,,,,
3629,1922,1.277938548625926e-05,6.389692743129631e-05,6.389692743129631e-05,31597.699642975,1.277938548625926e-05,1778632393.3703957,,,,,,,,,,,,,,,,,,,,
3629,1923,1.277938548625926e-05,6.389692743129631e-05,6.389692743129631e-05,31599.983269537,1.277938548625926e-05,1778632395.653982,,,,,,,,,,,,,,,,,,,,
3629,1924,,,,31602.267294679,,1778632397.938095,61.0,0.1285824477672577,,,,,,,,,,,,,,,,,,
3639,1925,1.2744276201980168e-05,6.372138100990084e-05,6.372138100990084e-05,31684.499168616,1.2744276201980168e-05,1778632480.1698155,,,,,,,,,,,,,,,,,,,,
3639,1926,1.2744276201980168e-05,6.372138100990084e-05,6.372138100990084e-05,31686.786407598,1.2744276201980168e-05,1778632482.457148,,,,,,,,,,,,,,,,,,,,
3639,1927,1.2744276201980168e-05,6.372138100990084e-05,6.372138100990084e-05,31689.072379454,1.2744276201980168e-05,1778632484.7431536,,,,,,,,,,,,,,,,,,,,
3639,1928,1.2744276201980168e-05,6.372138100990084e-05,6.372138100990084e-05,31691.357029573,1.2744276201980168e-05,1778632487.027761,,,,,,,,,,,,,,,,,,,,
3639,1929,,,,31693.642068948,,1778632489.3128326,61.0,0.13800686597824097,,,,,,,,,,,,,,,,,,
3649,1930,1.2709130296702748e-05,6.354565148351373e-05,6.354565148351373e-05,31775.868900236,1.2709130296702748e-05,1778632571.5395322,,,,,,,,,,,,,,,,,,,,
3649,1931,1.2709130296702748e-05,6.354565148351373e-05,6.354565148351373e-05,31778.153261688,1.2709130296702748e-05,1778632573.8240418,,,,,,,,,,,,,,,,,,,,
3649,1932,1.2709130296702748e-05,6.354565148351373e-05,6.354565148351373e-05,31780.437912345,1.2709130296702748e-05,1778632576.1086864,,,,,,,,,,,,,,,,,,,,
3649,1933,1.2709130296702748e-05,6.354565148351373e-05,6.354565148351373e-05,31782.722574359,1.2709130296702748e-05,1778632578.393256,,,,,,,,,,,,,,,,,,,,
3649,1934,,,,31785.007781643,,1778632580.6784983,61.0,0.06044787913560867,,,,,,,,,,,,,,,,,,
3657,1935,,,,31878.171339771,,1778632673.841848,61.0,,0.1259773224592209,4.625,0.0,0.1259773224592209,6.677404403686523,0.8738843202590942,,,,,,,,,,,,
3657,1936,,,,31878.895121835,,1778632674.565706,61.0,,,,,,,,0.0,0.1075768992304802,0.1075768992304802,6.329536437988281,0.8924237489700317,4.5,,,,,,
3659,1937,1.2673948239431595e-05,6.336974119715797e-05,6.336974119715797e-05,31888.357274664,1.2673948239431595e-05,1778632684.0277727,,,,,,,,,,,,,,,,,,,,
3659,1938,1.2673948239431595e-05,6.336974119715797e-05,6.336974119715797e-05,31890.645242057,1.2673948239431595e-05,1778632686.315852,,,,,,,,,,,,,,,,,,,,
3659,1939,1.2673948239431595e-05,6.336974119715797e-05,6.336974119715797e-05,31892.929243276,1.2673948239431595e-05,1778632688.5999403,,,,,,,,,,,,,,,,,,,,
3659,1940,1.2673948239431595e-05,6.336974119715797e-05,6.336974119715797e-05,31895.215346627,1.2673948239431595e-05,1778632690.8859553,,,,,,,,,,,,,,,,,,,,
3659,1941,,,,31897.504768268,,1778632693.1754115,62.0,0.07931997627019882,,,,,,,,,,,,,,,,,,
3669,1942,1.2638730499653731e-05,6.319365249826865e-05,6.319365249826865e-05,31979.812218231,1.2638730499653731e-05,1778632775.4827147,,,,,,,,,,,,,,,,,,,,
3669,1943,1.2638730499653731e-05,6.319365249826865e-05,6.319365249826865e-05,31982.097984842,1.2638730499653731e-05,1778632777.7686172,,,,,,,,,,,,,,,,,,,,
3669,1944,1.2638730499653731e-05,6.319365249826865e-05,6.319365249826865e-05,31984.383361045,1.2638730499653731e-05,1778632780.0539956,,,,,,,,,,,,,,,,,,,,
3669,1945,1.2638730499653731e-05,6.319365249826865e-05,6.319365249826865e-05,31986.667255521,1.2638730499653731e-05,1778632782.3378747,,,,,,,,,,,,,,,,,,,,
3669,1946,,,,31988.954086423,,1778632784.6247246,62.0,0.12825843691825867,,,,,,,,,,,,,,,,,,
3679,1947,1.260347754733234e-05,6.30173877366617e-05,6.30173877366617e-05,32071.252193393,1.260347754733234e-05,1778632866.9227061,,,,,,,,,,,,,,,,,,,,
3679,1948,1.260347754733234e-05,6.30173877366617e-05,6.30173877366617e-05,32073.538396977,1.260347754733234e-05,1778632869.2090158,,,,,,,,,,,,,,,,,,,,
3679,1949,1.260347754733234e-05,6.30173877366617e-05,6.30173877366617e-05,32075.824117616,1.260347754733234e-05,1778632871.4947538,,,,,,,,,,,,,,,,,,,,
3679,1950,1.260347754733234e-05,6.30173877366617e-05,6.30173877366617e-05,32078.111046912,1.260347754733234e-05,1778632873.7816417,,,,,,,,,,,,,,,,,,,,
3679,1951,,,,32080.397329877,,1778632876.06796,62.0,0.11585725843906403,,,,,,,,,,,,,,,,,,
3689,1952,1.2568189852900505e-05,6.284094926450252e-05,6.284094926450252e-05,32162.691249799,1.2568189852900505e-05,1778632958.3618686,,,,,,,,,,,,,,,,,,,,
3689,1953,1.2568189852900505e-05,6.284094926450252e-05,6.284094926450252e-05,32164.978429508,1.2568189852900505e-05,1778632960.6490324,,,,,,,,,,,,,,,,,,,,
3689,1954,1.2568189852900505e-05,6.284094926450252e-05,6.284094926450252e-05,32167.263537542,1.2568189852900505e-05,1778632962.934229,,,,,,,,,,,,,,,,,,,,
3689,1955,1.2568189852900505e-05,6.284094926450252e-05,6.284094926450252e-05,32169.547632372,1.2568189852900505e-05,1778632965.2182376,,,,,,,,,,,,,,,,,,,,
3689,1956,,,,32171.832970803,,1778632967.503774,62.0,0.11831516027450562,,,,,,,,,,,,,,,,,,
3699,1957,1.2532867887254923e-05,6.266433943627462e-05,6.266433943627462e-05,32254.113527825,1.2532867887254923e-05,1778633049.784163,,,,,,,,,,,,,,,,,,,,
3699,1958,1.2532867887254923e-05,6.266433943627462e-05,6.266433943627462e-05,32256.400490775,1.2532867887254923e-05,1778633052.0711195,,,,,,,,,,,,,,,,,,,,
3699,1959,1.2532867887254923e-05,6.266433943627462e-05,6.266433943627462e-05,32258.684014102,1.2532867887254923e-05,1778633054.3547776,,,,,,,,,,,,,,,,,,,,
3699,1960,1.2532867887254923e-05,6.266433943627462e-05,6.266433943627462e-05,32260.969988726,1.2532867887254923e-05,1778633056.6406758,,,,,,,,,,,,,,,,,,,,
3699,1961,,,,32263.257716426,,1778633058.928305,62.0,0.06453173607587814,,,,,,,,,,,,,,,,,,
3709,1962,1.249751212174962e-05,6.24875606087481e-05,6.24875606087481e-05,32345.522941159,1.249751212174962e-05,1778633141.193556,,,,,,,,,,,,,,,,,,,,
3709,1963,1.249751212174962e-05,6.24875606087481e-05,6.24875606087481e-05,32347.808492221,1.249751212174962e-05,1778633143.4792485,,,,,,,,,,,,,,,,,,,,
3709,1964,1.249751212174962e-05,6.24875606087481e-05,6.24875606087481e-05,32350.093280587,1.249751212174962e-05,1778633145.76403,,,,,,,,,,,,,,,,,,,,
3709,1965,1.249751212174962e-05,6.24875606087481e-05,6.24875606087481e-05,32352.378218458,1.249751212174962e-05,1778633148.048879,,,,,,,,,,,,,,,,,,,,
3709,1966,,,,32354.665588767,,1778633150.3362231,62.0,0.07570822536945343,,,,,,,,,,,,,,,,,,
3716,1967,,,,32438.721886409,,1778633234.3924184,62.0,,0.12586498260498047,4.46875,0.0,0.12586498260498047,6.623795509338379,0.8739808797836304,,,,,,,,,,,,
3716,1968,,,,32439.276683096,,1778633234.947253,62.0,,,,,,,,0.0,0.10819423943758011,0.10819423943758011,6.330102920532227,0.8918094635009766,4.5886383056640625,,,,,,
3719,1969,1.2462123028189668e-05,6.231061514094834e-05,6.231061514094834e-05,32457.941147052,1.2462123028189668e-05,1778633253.611763,,,,,,,,,,,,,,,,,,,,
3719,1970,1.2462123028189668e-05,6.231061514094834e-05,6.231061514094834e-05,32460.227259237,1.2462123028189668e-05,1778633255.8980224,,,,,,,,,,,,,,,,,,,,
3719,1971,1.2462123028189668e-05,6.231061514094834e-05,6.231061514094834e-05,32462.515157116,1.2462123028189668e-05,1778633258.185852,,,,,,,,,,,,,,,,,,,,
3719,1972,1.2462123028189668e-05,6.231061514094834e-05,6.231061514094834e-05,32464.800263929,1.2462123028189668e-05,1778633260.470847,,,,,,,,,,,,,,,,,,,,
3719,1973,,,,32467.086661162,,1778633262.7572985,63.0,0.08181680738925934,,,,,,,,,,,,,,,,,,
3729,1974,1.2426701078824888e-05,6.213350539412444e-05,6.213350539412444e-05,32549.363434809,1.2426701078824888e-05,1778633345.0339801,,,,,,,,,,,,,,,,,,,,
3729,1975,1.2426701078824888e-05,6.213350539412444e-05,6.213350539412444e-05,32551.648570881,1.2426701078824888e-05,1778633347.3191748,,,,,,,,,,,,,,,,,,,,
3729,1976,1.2426701078824888e-05,6.213350539412444e-05,6.213350539412444e-05,32553.935487271,1.2426701078824888e-05,1778633349.6060941,,,,,,,,,,,,,,,,,,,,
3729,1977,1.2426701078824888e-05,6.213350539412444e-05,6.213350539412444e-05,32556.2208009,1.2426701078824888e-05,1778633351.891387,,,,,,,,,,,,,,,,,,,,
3729,1978,,,,32558.50602852,,1778633354.176671,63.0,0.0757564902305603,,,,,,,,,,,,,,,,,,
3739,1979,1.2391246746343542e-05,6.195623373171771e-05,6.195623373171771e-05,32640.764712397,1.2391246746343542e-05,1778633436.4353433,,,,,,,,,,,,,,,,,,,,
3739,1980,1.2391246746343542e-05,6.195623373171771e-05,6.195623373171771e-05,32643.04936663,1.2391246746343542e-05,1778633438.720163,,,,,,,,,,,,,,,,,,,,
3739,1981,1.2391246746343542e-05,6.195623373171771e-05,6.195623373171771e-05,32645.335221389,1.2391246746343542e-05,1778633441.0058782,,,,,,,,,,,,,,,,,,,,
3739,1982,1.2391246746343542e-05,6.195623373171771e-05,6.195623373171771e-05,32647.624250562,1.2391246746343542e-05,1778633443.2948768,,,,,,,,,,,,,,,,,,,,
3739,1983,,,,32649.9094262,,1778633445.580057,63.0,0.120101697742939,,,,,,,,,,,,,,,,,,
3749,1984,1.2355760503866022e-05,6.177880251933011e-05,6.177880251933011e-05,32732.174131471,1.2355760503866022e-05,1778633527.844769,,,,,,,,,,,,,,,,,,,,
3749,1985,1.2355760503866022e-05,6.177880251933011e-05,6.177880251933011e-05,32734.459708388,1.2355760503866022e-05,1778633530.130339,,,,,,,,,,,,,,,,,,,,
3749,1986,1.2355760503866022e-05,6.177880251933011e-05,6.177880251933011e-05,32736.74720375,1.2355760503866022e-05,1778633532.4178202,,,,,,,,,,,,,,,,,,,,
3749,1987,1.2355760503866022e-05,6.177880251933011e-05,6.177880251933011e-05,32739.032415478,1.2355760503866022e-05,1778633534.7030487,,,,,,,,,,,,,,,,,,,,
3749,1988,,,,32741.319279631,,1778633536.9899287,63.0,0.1182008683681488,,,,,,,,,,,,,,,,,,
3759,1989,1.232024282493856e-05,6.16012141246928e-05,6.16012141246928e-05,32823.568033948,1.232024282493856e-05,1778633619.2386591,,,,,,,,,,,,,,,,,,,,
3759,1990,1.232024282493856e-05,6.16012141246928e-05,6.16012141246928e-05,32825.852290875,1.232024282493856e-05,1778633621.523005,,,,,,,,,,,,,,,,,,,,
3759,1991,1.232024282493856e-05,6.16012141246928e-05,6.16012141246928e-05,32828.136991269,1.232024282493856e-05,1778633623.8076453,,,,,,,,,,,,,,,,,,,,
3759,1992,1.232024282493856e-05,6.16012141246928e-05,6.16012141246928e-05,32830.422669384,1.232024282493856e-05,1778633626.0932448,,,,,,,,,,,,,,,,,,,,
3759,1993,,,,32832.711475784,,1778633628.38211,63.0,0.12447317689657211,,,,,,,,,,,,,,,,,,
3769,1994,1.2284694183526872e-05,6.142347091763437e-05,6.142347091763437e-05,32914.981297373,1.2284694183526872e-05,1778633710.6519358,,,,,,,,,,,,,,,,,,,,
3769,1995,1.2284694183526872e-05,6.142347091763437e-05,6.142347091763437e-05,32917.264174661,1.2284694183526872e-05,1778633712.9349334,,,,,,,,,,,,,,,,,,,,
3769,1996,1.2284694183526872e-05,6.142347091763437e-05,6.142347091763437e-05,32919.55051654,1.2284694183526872e-05,1778633715.221109,,,,,,,,,,,,,,,,,,,,
3769,1997,1.2284694183526872e-05,6.142347091763437e-05,6.142347091763437e-05,32921.837459122,1.2284694183526872e-05,1778633717.5080442,,,,,,,,,,,,,,,,,,,,
3769,1998,,,,32924.122782368,,1778633719.793428,63.0,0.0690617486834526,,,,,,,,,,,,,,,,,,
3775,1999,,,,32999.000988365,,1778633794.6715024,63.0,,0.12046892195940018,4.4375,0.0,0.12046892195940018,6.42328405380249,0.8794090747833252,,,,,,,,,,,,
3775,2000,,,,32999.487310572,,1778633795.1578732,63.0,,,,,,,,0.0,0.1077333614230156,0.1077333614230156,6.311891078948975,0.8922658562660217,4.53125,,,,,,
3779,2001,1.2249115054009865e-05,6.124557527004933e-05,6.124557527004933e-05,33027.168044466,1.2249115054009865e-05,1778633822.838631,,,,,,,,,,,,,,,,,,,,
3779,2002,1.2249115054009865e-05,6.124557527004933e-05,6.124557527004933e-05,33029.453669673,1.2249115054009865e-05,1778633825.1242766,,,,,,,,,,,,,,,,,,,,
3779,2003,1.2249115054009865e-05,6.124557527004933e-05,6.124557527004933e-05,33031.737560091,1.2249115054009865e-05,1778633827.4081697,,,,,,,,,,,,,,,,,,,,
3779,2004,1.2249115054009865e-05,6.124557527004933e-05,6.124557527004933e-05,33034.022989394,1.2249115054009865e-05,1778633829.693716,,,,,,,,,,,,,,,,,,,,
3779,2005,,,,33036.309340013,,1778633831.9799871,64.0,0.24067416787147522,,,,,,,,,,,,,,,,,,
3789,2006,1.2213505911173294e-05,6.106752955586646e-05,6.106752955586646e-05,33118.558306329,1.2213505911173294e-05,1778633914.2289124,,,,,,,,,,,,,,,,,,,,
3789,2007,1.2213505911173294e-05,6.106752955586646e-05,6.106752955586646e-05,33120.843550178,1.2213505911173294e-05,1778633916.514146,,,,,,,,,,,,,,,,,,,,
3789,2008,1.2213505911173294e-05,6.106752955586646e-05,6.106752955586646e-05,33123.129952769,1.2213505911173294e-05,1778633918.80063,,,,,,,,,,,,,,,,,,,,
3789,2009,1.2213505911173294e-05,6.106752955586646e-05,6.106752955586646e-05,33125.416317754,1.2213505911173294e-05,1778633921.0869815,,,,,,,,,,,,,,,,,,,,
3789,2010,,,,33127.701660993,,1778633923.3723152,64.0,0.14363418519496918,,,,,,,,,,,,,,,,,,
3799,2011,1.2177867230203422e-05,6.088933615101711e-05,6.088933615101711e-05,33209.940207224,1.2177867230203422e-05,1778634005.6108394,,,,,,,,,,,,,,,,,,,,
3799,2012,1.2177867230203422e-05,6.088933615101711e-05,6.088933615101711e-05,33212.224895392,1.2177867230203422e-05,1778634007.8956175,,,,,,,,,,,,,,,,,,,,
3799,2013,1.2177867230203422e-05,6.088933615101711e-05,6.088933615101711e-05,33214.511641746,1.2177867230203422e-05,1778634010.1823134,,,,,,,,,,,,,,,,,,,,
3799,2014,1.2177867230203422e-05,6.088933615101711e-05,6.088933615101711e-05,33216.797166863,1.2177867230203422e-05,1778634012.4678726,,,,,,,,,,,,,,,,,,,,
3799,2015,,,,33219.083521678,,1778634014.75417,64.0,0.10164656490087509,,,,,,,,,,,,,,,,,,
3809,2016,1.214219948668069e-05,6.071099743340345e-05,6.071099743340345e-05,33301.32738671,1.214219948668069e-05,1778634096.9980164,,,,,,,,,,,,,,,,,,,,
3809,2017,1.214219948668069e-05,6.071099743340345e-05,6.071099743340345e-05,33303.61291048,1.214219948668069e-05,1778634099.2836404,,,,,,,,,,,,,,,,,,,,
3809,2018,1.214219948668069e-05,6.071099743340345e-05,6.071099743340345e-05,33305.898267049,1.214219948668069e-05,1778634101.5689218,,,,,,,,,,,,,,,,,,,,
3809,2019,1.214219948668069e-05,6.071099743340345e-05,6.071099743340345e-05,33308.180656545,1.214219948668069e-05,1778634103.8514292,,,,,,,,,,,,,,,,,,,,
3809,2020,,,,33310.467574082,,1778634106.1382344,64.0,0.07261655479669571,,,,,,,,,,,,,,,,,,
3819,2021,1.2106503156573358e-05,6.0532515782866784e-05,6.0532515782866784e-05,33392.711557149,1.2106503156573358e-05,1778634188.3821893,,,,,,,,,,,,,,,,,,,,
3819,2022,1.2106503156573358e-05,6.0532515782866784e-05,6.0532515782866784e-05,33394.996255983,1.2106503156573358e-05,1778634190.6669374,,,,,,,,,,,,,,,,,,,,
3819,2023,1.2106503156573358e-05,6.0532515782866784e-05,6.0532515782866784e-05,33397.281967361,1.2106503156573358e-05,1778634192.9525971,,,,,,,,,,,,,,,,,,,,
3819,2024,1.2106503156573358e-05,6.0532515782866784e-05,6.0532515782866784e-05,33399.565981405,1.2106503156573358e-05,1778634195.2367563,,,,,,,,,,,,,,,,,,,,
3819,2025,,,,33401.853168011,,1778634197.5238473,64.0,0.129029780626297,,,,,,,,,,,,,,,,,,
3829,2026,1.207077871623116e-05,6.0353893581155796e-05,6.0353893581155796e-05,33484.108583095,1.207077871623116e-05,1778634279.7792156,,,,,,,,,,,,,,,,,,,,
3829,2027,1.207077871623116e-05,6.0353893581155796e-05,6.0353893581155796e-05,33486.39284742,1.207077871623116e-05,1778634282.0636003,,,,,,,,,,,,,,,,,,,,
3829,2028,1.207077871623116e-05,6.0353893581155796e-05,6.0353893581155796e-05,33488.676681188,1.207077871623116e-05,1778634284.347318,,,,,,,,,,,,,,,,,,,,
3829,2029,1.207077871623116e-05,6.0353893581155796e-05,6.0353893581155796e-05,33490.961974021,1.207077871623116e-05,1778634286.6327264,,,,,,,,,,,,,,,,,,,,
3829,2030,,,,33493.247486564,,1778634288.9181437,64.0,0.12451228499412537,,,,,,,,,,,,,,,,,,
3834,2031,,,,33558.964241651,,1778634354.6347587,64.0,,0.14153440296649933,4.9609375,0.0,0.14153440296649933,7.006564140319824,0.8583071827888489,,,,,,,,,,,,
3834,2032,,,,33558.967558669,,1778634354.6383557,64.0,,,,,,,,0.0,0.10828953236341476,0.10828953236341476,6.302863597869873,0.8917152285575867,4.53125,,,,,,
3839,2033,1.2035026642378949e-05,6.017513321189474e-05,6.017513321189474e-05,33595.831083142,1.2035026642378949e-05,1778634391.5016935,,,,,,,,,,,,,,,,,,,,
3839,2034,1.2035026642378949e-05,6.017513321189474e-05,6.017513321189474e-05,33598.116298734,1.2035026642378949e-05,1778634393.7870831,,,,,,,,,,,,,,,,,,,,
3839,2035,1.2035026642378949e-05,6.017513321189474e-05,6.017513321189474e-05,33600.401754687,1.2035026642378949e-05,1778634396.0724657,,,,,,,,,,,,,,,,,,,,
3839,2036,1.2035026642378949e-05,6.017513321189474e-05,6.017513321189474e-05,33602.685867221,1.2035026642378949e-05,1778634398.3565915,,,,,,,,,,,,,,,,,,,,
3839,2037,,,,33604.973268179,,1778634400.6439314,65.0,0.04919509217143059,,,,,,,,,,,,,,,,,,
3849,2038,1.199924741211034e-05,5.9996237060551696e-05,5.9996237060551696e-05,33687.237042462,1.199924741211034e-05,1778634482.9076471,,,,,,,,,,,,,,,,,,,,
3849,2039,1.199924741211034e-05,5.9996237060551696e-05,5.9996237060551696e-05,33689.524516893,1.199924741211034e-05,1778634485.1952968,,,,,,,,,,,,,,,,,,,,
3849,2040,1.199924741211034e-05,5.9996237060551696e-05,5.9996237060551696e-05,33691.808932036,1.199924741211034e-05,1778634487.4796455,,,,,,,,,,,,,,,,,,,,
3849,2041,1.199924741211034e-05,5.9996237060551696e-05,5.9996237060551696e-05,33694.093411425,1.199924741211034e-05,1778634489.7640865,,,,,,,,,,,,,,,,,,,,
3849,2042,,,,33696.381848155,,1778634492.0525517,65.0,0.1092354953289032,,,,,,,,,,,,,,,,,,
3859,2043,1.1963441502881325e-05,5.9817207514406625e-05,5.9817207514406625e-05,33778.630416432,1.1963441502881325e-05,1778634574.3010383,,,,,,,,,,,,,,,,,,,,
3859,2044,1.1963441502881325e-05,5.9817207514406625e-05,5.9817207514406625e-05,33780.91591869,1.1963441502881325e-05,1778634576.5866504,,,,,,,,,,,,,,,,,,,,
3859,2045,1.1963441502881325e-05,5.9817207514406625e-05,5.9817207514406625e-05,33783.200228856,1.1963441502881325e-05,1778634578.870935,,,,,,,,,,,,,,,,,,,,
3859,2046,1.1963441502881325e-05,5.9817207514406625e-05,5.9817207514406625e-05,33785.484441646,1.1963441502881325e-05,1778634581.1551204,,,,,,,,,,,,,,,,,,,,
3859,2047,,,,33787.770862046,,1778634583.4415195,65.0,0.15187889337539673,,,,,,,,,,,,,,,,,,
3869,2048,1.1927609392503923e-05,5.9638046962519615e-05,5.9638046962519615e-05,33870.01579737,1.1927609392503923e-05,1778634665.6863987,,,,,,,,,,,,,,,,,,,,
3869,2049,1.1927609392503923e-05,5.9638046962519615e-05,5.9638046962519615e-05,33872.29780756,1.1927609392503923e-05,1778634667.9685357,,,,,,,,,,,,,,,,,,,,
3869,2050,1.1927609392503923e-05,5.9638046962519615e-05,5.9638046962519615e-05,33874.582785842,1.1927609392503923e-05,1778634670.2534392,,,,,,,,,,,,,,,,,,,,
3869,2051,1.1927609392503923e-05,5.9638046962519615e-05,5.9638046962519615e-05,33876.868425769,1.1927609392503923e-05,1778634672.5391488,,,,,,,,,,,,,,,,,,,,
3869,2052,,,,33879.1573477,,1778634674.828016,65.0,0.07617484033107758,,,,,,,,,,,,,,,,,,
3879,2053,1.1891751559139789e-05,5.945875779569894e-05,5.945875779569894e-05,33961.408228364,1.1891751559139789e-05,1778634757.0788703,,,,,,,,,,,,,,,,,,,,
3879,2054,1.1891751559139789e-05,5.945875779569894e-05,5.945875779569894e-05,33963.690330162,1.1891751559139789e-05,1778634759.361022,,,,,,,,,,,,,,,,,,,,
3879,2055,1.1891751559139789e-05,5.945875779569894e-05,5.945875779569894e-05,33965.974740981,1.1891751559139789e-05,1778634761.6454074,,,,,,,,,,,,,,,,,,,,
3879,2056,1.1891751559139789e-05,5.945875779569894e-05,5.945875779569894e-05,33968.259045531,1.1891751559139789e-05,1778634763.9297974,,,,,,,,,,,,,,,,,,,,
3879,2057,,,,33970.546534299,,1778634766.2171822,65.0,0.07021714746952057,,,,,,,,,,,,,,,,,,
3889,2058,1.1855868481293838e-05,5.9279342406469185e-05,5.9279342406469185e-05,34052.797479245,1.1855868481293838e-05,1778634848.4681118,,,,,,,,,,,,,,,,,,,,
3889,2059,1.1855868481293838e-05,5.9279342406469185e-05,5.9279342406469185e-05,34055.083816019,1.1855868481293838e-05,1778634850.7545135,,,,,,,,,,,,,,,,,,,,
3889,2060,1.1855868481293838e-05,5.9279342406469185e-05,5.9279342406469185e-05,34057.367277542,1.1855868481293838e-05,1778634853.0379548,,,,,,,,,,,,,,,,,,,,
3889,2061,1.1855868481293838e-05,5.9279342406469185e-05,5.9279342406469185e-05,34059.652449696,1.1855868481293838e-05,1778634855.3232126,,,,,,,,,,,,,,,,,,,,
3889,2062,,,,34061.938913263,,1778634857.609705,65.0,0.11024238914251328,,,,,,,,,,,,,,,,,,
3893,2063,,,,34118.587032865,,1778634914.2575564,65.0,,0.14954620599746704,5.484375,0.0,0.14954620599746704,7.514658451080322,0.8502984642982483,,,,,,,,,,,,
3893,2064,,,,34118.590347258,,1778634914.2611504,65.0,,,,,,,,0.0,0.10362084954977036,0.10362084954977036,6.113184928894043,0.8963814377784729,4.278125762939453,,,,,,
3899,2065,1.1819960637807858e-05,5.9099803189039296e-05,5.9099803189039296e-05,34164.581963692,1.1819960637807858e-05,1778634960.252579,,,,,,,,,,,,,,,,,,,,
3899,2066,1.1819960637807858e-05,5.9099803189039296e-05,5.9099803189039296e-05,34166.868398148,1.1819960637807858e-05,1778634962.5389972,,,,,,,,,,,,,,,,,,,,
3899,2067,1.1819960637807858e-05,5.9099803189039296e-05,5.9099803189039296e-05,34169.153609735,1.1819960637807858e-05,1778634964.8241892,,,,,,,,,,,,,,,,,,,,
3899,2068,1.1819960637807858e-05,5.9099803189039296e-05,5.9099803189039296e-05,34171.441058006,1.1819960637807858e-05,1778634967.1116805,,,,,,,,,,,,,,,,,,,,
3899,2069,,,,34173.725561971,,1778634969.3961194,66.0,0.07435689121484756,,,,,,,,,,,,,,,,,,
3909,2070,1.1784028507854137e-05,5.892014253927068e-05,5.892014253927068e-05,34255.98362795,1.1784028507854137e-05,1778635051.6542103,,,,,,,,,,,,,,,,,,,,
3909,2071,1.1784028507854137e-05,5.892014253927068e-05,5.892014253927068e-05,34258.269233919,1.1784028507854137e-05,1778635053.939859,,,,,,,,,,,,,,,,,,,,
3909,2072,1.1784028507854137e-05,5.892014253927068e-05,5.892014253927068e-05,34260.553782689,1.1784028507854137e-05,1778635056.224427,,,,,,,,,,,,,,,,,,,,
3909,2073,1.1784028507854137e-05,5.892014253927068e-05,5.892014253927068e-05,34262.841110127,1.1784028507854137e-05,1778635058.5117226,,,,,,,,,,,,,,,,,,,,
3909,2074,,,,34265.125278567,,1778635060.7959666,66.0,0.1042579859495163,,,,,,,,,,,,,,,,,,
3919,2075,1.1748072570929035e-05,5.874036285464517e-05,5.874036285464517e-05,34347.377499353,1.1748072570929035e-05,1778635143.0480936,,,,,,,,,,,,,,,,,,,,
3919,2076,1.1748072570929035e-05,5.874036285464517e-05,5.874036285464517e-05,34349.662250466,1.1748072570929035e-05,1778635145.332902,,,,,,,,,,,,,,,,,,,,
3919,2077,1.1748072570929035e-05,5.874036285464517e-05,5.874036285464517e-05,34351.947301811,1.1748072570929035e-05,1778635147.6179245,,,,,,,,,,,,,,,,,,,,
3919,2078,1.1748072570929035e-05,5.874036285464517e-05,5.874036285464517e-05,34354.233318217,1.1748072570929035e-05,1778635149.903936,,,,,,,,,,,,,,,,,,,,
3919,2079,,,,34356.519519622,,1778635152.1902816,66.0,0.0753178521990776,,,,,,,,,,,,,,,,,,
3929,2080,1.1712093306846613e-05,5.856046653423306e-05,5.856046653423306e-05,34438.765781919,1.1712093306846613e-05,1778635234.436402,,,,,,,,,,,,,,,,,,,,
3929,2081,1.1712093306846613e-05,5.856046653423306e-05,5.856046653423306e-05,34441.049590233,1.1712093306846613e-05,1778635236.7202115,,,,,,,,,,,,,,,,,,,,
3929,2082,1.1712093306846613e-05,5.856046653423306e-05,5.856046653423306e-05,34443.33534275,1.1712093306846613e-05,1778635239.006019,,,,,,,,,,,,,,,,,,,,
3929,2083,1.1712093306846613e-05,5.856046653423306e-05,5.856046653423306e-05,34445.617568556,1.1712093306846613e-05,1778635241.2882555,,,,,,,,,,,,,,,,,,,,
3929,2084,,,,34447.903138149,,1778635243.5739155,66.0,0.05018541216850281,,,,,,,,,,,,,,,,,,
3939,2085,1.167609119573222e-05,5.83804559786611e-05,5.83804559786611e-05,34530.148518825,1.167609119573222e-05,1778635325.819134,,,,,,,,,,,,,,,,,,,,
3939,2086,1.167609119573222e-05,5.83804559786611e-05,5.83804559786611e-05,34532.436537357,1.167609119573222e-05,1778635328.1071653,,,,,,,,,,,,,,,,,,,,
3939,2087,1.167609119573222e-05,5.83804559786611e-05,5.83804559786611e-05,34534.720289605,1.167609119573222e-05,1778635330.3909476,,,,,,,,,,,,,,,,,,,,
3939,2088,1.167609119573222e-05,5.83804559786611e-05,5.83804559786611e-05,34537.003129251,1.167609119573222e-05,1778635332.6738734,,,,,,,,,,,,,,,,,,,,
3939,2089,,,,34539.289492676,,1778635334.9602754,66.0,0.08126743137836456,,,,,,,,,,,,,,,,,,
3949,2090,1.164006671801609e-05,5.8200333590080444e-05,5.8200333590080444e-05,34621.564869218,1.164006671801609e-05,1778635417.2335703,,,,,,,,,,,,,,,,,,,,
3949,2091,1.164006671801609e-05,5.8200333590080444e-05,5.8200333590080444e-05,34623.85125328,1.164006671801609e-05,1778635419.5219166,,,,,,,,,,,,,,,,,,,,
3949,2092,1.164006671801609e-05,5.8200333590080444e-05,5.8200333590080444e-05,34626.135974873,1.164006671801609e-05,1778635421.806532,,,,,,,,,,,,,,,,,,,,
3949,2093,1.164006671801609e-05,5.8200333590080444e-05,5.8200333590080444e-05,34628.420497868,1.164006671801609e-05,1778635424.0911083,,,,,,,,,,,,,,,,,,,,
3949,2094,,,,34630.706990995,,1778635426.3776875,66.0,0.10074244439601898,,,,,,,,,,,,,,,,,,
3952,2095,,,,34678.509483148,,1778635474.179989,66.0,,0.1257137954235077,4.824748992919922,0.0,0.1257137954235077,6.790860176086426,0.874150812625885,,,,,,,,,,,,
3952,2096,,,,34678.51284326,,1778635474.1836312,66.0,,,,,,,,0.0,0.1070234552025795,0.1070234552025795,6.318681716918945,0.8929782509803772,4.5389251708984375,,,,,,
3959,2097,1.1604020354426919e-05,5.8020101772134594e-05,5.8020101772134594e-05,34734.066562543,1.1604020354426919e-05,1778635529.7371364,,,,,,,,,,,,,,,,,,,,
3959,2098,1.1604020354426919e-05,5.8020101772134594e-05,5.8020101772134594e-05,34736.367266264,1.1604020354426919e-05,1778635532.0379002,,,,,,,,,,,,,,,,,,,,
3959,2099,1.1604020354426919e-05,5.8020101772134594e-05,5.8020101772134594e-05,34738.668906124,1.1604020354426919e-05,1778635534.339518,,,,,,,,,,,,,,,,,,,,
3959,2100,1.1604020354426919e-05,5.8020101772134594e-05,5.8020101772134594e-05,34740.973163509,1.1604020354426919e-05,1778635536.6436803,,,,,,,,,,,,,,,,,,,,
3959,2101,,,,34743.276697867,,1778635538.947263,67.0,0.1427624523639679,,,,,,,,,,,,,,,,,,
3969,2102,1.1567952585985474e-05,5.783976292992736e-05,5.783976292992736e-05,34826.150446589,1.1567952585985474e-05,1778635621.8210638,,,,,,,,,,,,,,,,,,,,
3969,2103,1.1567952585985474e-05,5.783976292992736e-05,5.783976292992736e-05,34828.453830287,1.1567952585985474e-05,1778635624.1242604,,,,,,,,,,,,,,,,,,,,
3969,2104,1.1567952585985474e-05,5.783976292992736e-05,5.783976292992736e-05,34830.75518887,1.1567952585985474e-05,1778635626.4257922,,,,,,,,,,,,,,,,,,,,
3969,2105,1.1567952585985474e-05,5.783976292992736e-05,5.783976292992736e-05,34833.057617923,1.1567952585985474e-05,1778635628.7283018,,,,,,,,,,,,,,,,,,,,
3969,2106,,,,34835.359926526,,1778635631.0305018,67.0,0.062042370438575745,,,,,,,,,,,,,,,,,,
3979,2107,1.1531863893998145e-05,5.765931946999072e-05,5.765931946999072e-05,34918.245462183,1.1531863893998145e-05,1778635713.9160879,,,,,,,,,,,,,,,,,,,,
3979,2108,1.1531863893998145e-05,5.765931946999072e-05,5.765931946999072e-05,34920.549005357,1.1531863893998145e-05,1778635716.2196789,,,,,,,,,,,,,,,,,,,,
3979,2109,1.1531863893998145e-05,5.765931946999072e-05,5.765931946999072e-05,34922.851018331,1.1531863893998145e-05,1778635718.5216768,,,,,,,,,,,,,,,,,,,,
3979,2110,1.1531863893998145e-05,5.765931946999072e-05,5.765931946999072e-05,34925.153511978,1.1531863893998145e-05,1778635720.824149,,,,,,,,,,,,,,,,,,,,
3979,2111,,,,34927.456305737,,1778635723.1269388,67.0,0.10862892121076584,,,,,,,,,,,,,,,,,,
3989,2112,1.1495754760050546e-05,5.747877380025273e-05,5.747877380025273e-05,35010.328435579,1.1495754760050546e-05,1778635805.9990923,,,,,,,,,,,,,,,,,,,,
3989,2113,1.1495754760050546e-05,5.747877380025273e-05,5.747877380025273e-05,35012.632454555,1.1495754760050546e-05,1778635808.3029947,,,,,,,,,,,,,,,,,,,,
3989,2114,1.1495754760050546e-05,5.747877380025273e-05,5.747877380025273e-05,35014.932840129,1.1495754760050546e-05,1778635810.6035712,,,,,,,,,,,,,,,,,,,,
3989,2115,1.1495754760050546e-05,5.747877380025273e-05,5.747877380025273e-05,35017.2348536,1.1495754760050546e-05,1778635812.9056048,,,,,,,,,,,,,,,,,,,,
3989,2116,,,,35019.538683613,,1778635815.2092662,67.0,0.12473592162132263,,,,,,,,,,,,,,,,,,
3999,2117,1.145962566600107e-05,5.7298128330005354e-05,5.7298128330005354e-05,35102.398923869,1.145962566600107e-05,1778635898.0695014,,,,,,,,,,,,,,,,,,,,
3999,2118,1.145962566600107e-05,5.7298128330005354e-05,5.7298128330005354e-05,35104.70172518,1.145962566600107e-05,1778635900.3724496,,,,,,,,,,,,,,,,,,,,
3999,2119,1.145962566600107e-05,5.7298128330005354e-05,5.7298128330005354e-05,35107.002998934,1.145962566600107e-05,1778635902.6735795,,,,,,,,,,,,,,,,,,,,
3999,2120,1.145962566600107e-05,5.7298128330005354e-05,5.7298128330005354e-05,35109.307505099,1.145962566600107e-05,1778635904.9782147,,,,,,,,,,,,,,,,,,,,
3999,2121,,,,35111.609102992,,1778635907.2796814,67.0,0.07809718698263168,,,,,,,,,,,,,,,,,,
4009,2122,1.1423477093974477e-05,5.7117385469872387e-05,5.7117385469872387e-05,35194.462565403,1.1423477093974477e-05,1778635990.133175,,,,,,,,,,,,,,,,,,,,
4009,2123,1.1423477093974477e-05,5.7117385469872387e-05,5.7117385469872387e-05,35196.762472388,1.1423477093974477e-05,1778635992.4331226,,,,,,,,,,,,,,,,,,,,
4009,2124,1.1423477093974477e-05,5.7117385469872387e-05,5.7117385469872387e-05,35199.063650053,1.1423477093974477e-05,1778635994.7343976,,,,,,,,,,,,,,,,,,,,
4009,2125,1.1423477093974477e-05,5.7117385469872387e-05,5.7117385469872387e-05,35201.368024295,1.1423477093974477e-05,1778635997.038595,,,,,,,,,,,,,,,,,,,,
4009,2126,,,,35203.671183541,,1778635999.34195,67.0,0.127832293510437,,,,,,,,,,,,,,,,,,
4011,2127,,,,35242.273310776,,1778636037.943826,67.0,,0.1293744295835495,4.65625,0.0,0.1293744295835495,6.7597432136535645,0.8704894781112671,,,,,,,,,,,,
4011,2128,,,,35242.276692751,,1778636037.9474812,67.0,,,,,,,,0.0,0.10433968156576157,0.10433968156576157,6.228661060333252,0.8956652879714966,4.46875,,,,,,
4019,2129,1.1387309526355445e-05,5.6936547631777225e-05,5.6936547631777225e-05,35306.991343735,1.1387309526355445e-05,1778636102.6618698,,,,,,,,,,,,,,,,,,,,
4019,2130,1.1387309526355445e-05,5.6936547631777225e-05,5.6936547631777225e-05,35309.294773125,1.1387309526355445e-05,1778636104.9653342,,,,,,,,,,,,,,,,,,,,
4019,2131,1.1387309526355445e-05,5.6936547631777225e-05,5.6936547631777225e-05,35311.597832038,1.1387309526355445e-05,1778636107.268451,,,,,,,,,,,,,,,,,,,,
4019,2132,1.1387309526355445e-05,5.6936547631777225e-05,5.6936547631777225e-05,35313.899884577,1.1387309526355445e-05,1778636109.5706098,,,,,,,,,,,,,,,,,,,,
4019,2133,,,,35316.203800449,,1778636111.8744504,68.0,0.05601578950881958,,,,,,,,,,,,,,,,,,
4029,2134,1.1351123445782137e-05,5.6755617228910683e-05,5.6755617228910683e-05,35399.059230008,1.1351123445782137e-05,1778636194.7299092,,,,,,,,,,,,,,,,,,,,
4029,2135,1.1351123445782137e-05,5.6755617228910683e-05,5.6755617228910683e-05,35401.361521812,1.1351123445782137e-05,1778636197.0321512,,,,,,,,,,,,,,,,,,,,
4029,2136,1.1351123445782137e-05,5.6755617228910683e-05,5.6755617228910683e-05,35403.664329001,1.1351123445782137e-05,1778636199.3350775,,,,,,,,,,,,,,,,,,,,
4029,2137,1.1351123445782137e-05,5.6755617228910683e-05,5.6755617228910683e-05,35405.968361973,1.1351123445782137e-05,1778636201.6389754,,,,,,,,,,,,,,,,,,,,
4029,2138,,,,35408.270436751,,1778636203.941063,68.0,0.12122123688459396,,,,,,,,,,,,,,,,,,
4039,2139,1.1314919335139769e-05,5.6574596675698844e-05,5.6574596675698844e-05,35491.126489903,1.1314919335139769e-05,1778636286.7971642,,,,,,,,,,,,,,,,,,,,
4039,2140,1.1314919335139769e-05,5.6574596675698844e-05,5.6574596675698844e-05,35493.428503833,1.1314919335139769e-05,1778636289.099176,,,,,,,,,,,,,,,,,,,,
4039,2141,1.1314919335139769e-05,5.6574596675698844e-05,5.6574596675698844e-05,35495.731035492,1.1314919335139769e-05,1778636291.4016414,,,,,,,,,,,,,,,,,,,,
4039,2142,1.1314919335139769e-05,5.6574596675698844e-05,5.6574596675698844e-05,35498.031178911,1.1314919335139769e-05,1778636293.7018814,,,,,,,,,,,,,,,,,,,,
4039,2143,,,,35500.334001148,,1778636296.00466,68.0,0.055386513471603394,,,,,,,,,,,,,,,,,,
4049,2144,1.1278697677554153e-05,5.6393488387770764e-05,5.6393488387770764e-05,35583.208946788,1.1278697677554153e-05,1778636378.8795614,,,,,,,,,,,,,,,,,,,,
4049,2145,1.1278697677554153e-05,5.6393488387770764e-05,5.6393488387770764e-05,35585.511543879,1.1278697677554153e-05,1778636381.1822538,,,,,,,,,,,,,,,,,,,,
4049,2146,1.1278697677554153e-05,5.6393488387770764e-05,5.6393488387770764e-05,35587.81396107,1.1278697677554153e-05,1778636383.48458,,,,,,,,,,,,,,,,,,,,
4049,2147,1.1278697677554153e-05,5.6393488387770764e-05,5.6393488387770764e-05,35590.115880533,1.1278697677554153e-05,1778636385.786394,,,,,,,,,,,,,,,,,,,,
4049,2148,,,,35592.418955995,,1778636388.089501,68.0,0.08147114515304565,,,,,,,,,,,,,,,,,,
4059,2149,1.1242458956385263e-05,5.621229478192631e-05,5.621229478192631e-05,35675.297075548,1.1242458956385263e-05,1778636470.9676754,,,,,,,,,,,,,,,,,,,,
4059,2150,1.1242458956385263e-05,5.621229478192631e-05,5.621229478192631e-05,35677.602364731,1.1242458956385263e-05,1778636473.2729316,,,,,,,,,,,,,,,,,,,,
4059,2151,1.1242458956385263e-05,5.621229478192631e-05,5.621229478192631e-05,35679.907186141,1.1242458956385263e-05,1778636475.577732,,,,,,,,,,,,,,,,,,,,
4059,2152,1.1242458956385263e-05,5.621229478192631e-05,5.621229478192631e-05,35682.208742862,1.1242458956385263e-05,1778636477.879336,,,,,,,,,,,,,,,,,,,,
4059,2153,,,,35684.509116966,,1778636480.179816,68.0,0.06341173499822617,,,,,,,,,,,,,,,,,,
4069,2154,1.1206203655220769e-05,5.603101827610384e-05,5.603101827610384e-05,35767.34416974,1.1206203655220769e-05,1778636563.0148032,,,,,,,,,,,,,,,,,,,,
4069,2155,1.1206203655220769e-05,5.603101827610384e-05,5.603101827610384e-05,35769.644541505,1.1206203655220769e-05,1778636565.315178,,,,,,,,,,,,,,,,,,,,
4069,2156,1.1206203655220769e-05,5.603101827610384e-05,5.603101827610384e-05,35771.947199688,1.1206203655220769e-05,1778636567.617753,,,,,,,,,,,,,,,,,,,,
4069,2157,1.1206203655220769e-05,5.603101827610384e-05,5.603101827610384e-05,35774.24862691,1.1206203655220769e-05,1778636569.9193227,,,,,,,,,,,,,,,,,,,,
4069,2158,,,,35776.554424763,,1778636572.2251666,68.0,0.06468451023101807,,,,,,,,,,,,,,,,,,
4070,2159,,,,35806.005557084,,1778636601.6760824,68.0,,0.124209463596344,4.65625,0.0,0.124209463596344,6.678805351257324,0.8756569027900696,,,,,,,,,,,,
4070,2160,,,,35806.008874901,,1778636601.6795766,68.0,,,,,,,,0.0,0.10257475823163986,0.10257475823163986,6.119838237762451,0.8974279165267944,4.306499481201172,,,,,,
4079,2161,1.11699322578696e-05,5.5849661289348e-05,5.5849661289348e-05,35880.01791454,1.11699322578696e-05,1778636675.6885312,,,,,,,,,,,,,,,,,,,,
4079,2162,1.11699322578696e-05,5.5849661289348e-05,5.5849661289348e-05,35882.319392566,1.11699322578696e-05,1778636677.9899542,,,,,,,,,,,,,,,,,,,,
4079,2163,1.11699322578696e-05,5.5849661289348e-05,5.5849661289348e-05,35884.621732729,1.11699322578696e-05,1778636680.2924497,,,,,,,,,,,,,,,,,,,,
4079,2164,1.11699322578696e-05,5.5849661289348e-05,5.5849661289348e-05,35886.9237055,1.11699322578696e-05,1778636682.5942714,,,,,,,,,,,,,,,,,,,,
4079,2165,,,,35889.22523784,,1778636684.8958554,69.0,0.06310612708330154,,,,,,,,,,,,,,,,,,
4089,2166,1.1133645248355475e-05,5.566822624177738e-05,5.566822624177738e-05,35972.063641855,1.1133645248355475e-05,1778636767.7342763,,,,,,,,,,,,,,,,,,,,
4089,2167,1.1133645248355475e-05,5.566822624177738e-05,5.566822624177738e-05,35974.36509735,1.1133645248355475e-05,1778636770.0357351,,,,,,,,,,,,,,,,,,,,
4089,2168,1.1133645248355475e-05,5.566822624177738e-05,5.566822624177738e-05,35976.664708333,1.1133645248355475e-05,1778636772.3353822,,,,,,,,,,,,,,,,,,,,
4089,2169,1.1133645248355475e-05,5.566822624177738e-05,5.566822624177738e-05,35978.966132382,1.1133645248355475e-05,1778636774.6368074,,,,,,,,,,,,,,,,,,,,
4089,2170,,,,35981.266941387,,1778636776.9377246,69.0,0.06179562956094742,,,,,,,,,,,,,,,,,,
4099,2171,1.1097343110910452e-05,5.548671555455226e-05,5.548671555455226e-05,36064.087255918,1.1097343110910452e-05,1778636859.7578783,,,,,,,,,,,,,,,,,,,,
4099,2172,1.1097343110910452e-05,5.548671555455226e-05,5.548671555455226e-05,36066.388445786,1.1097343110910452e-05,1778636862.0590672,,,,,,,,,,,,,,,,,,,,
4099,2173,1.1097343110910452e-05,5.548671555455226e-05,5.548671555455226e-05,36068.689950918,1.1097343110910452e-05,1778636864.3607082,,,,,,,,,,,,,,,,,,,,
4099,2174,1.1097343110910452e-05,5.548671555455226e-05,5.548671555455226e-05,36070.989844189,1.1097343110910452e-05,1778636866.6605706,,,,,,,,,,,,,,,,,,,,
4099,2175,,,,36073.290353816,,1778636868.961149,69.0,0.09546796977519989,,,,,,,,,,,,,,,,,,
4109,2176,1.1061026329968472e-05,5.5305131649842354e-05,5.5305131649842354e-05,36156.109403392,1.1061026329968472e-05,1778636951.779972,,,,,,,,,,,,,,,,,,,,
4109,2177,1.1061026329968472e-05,5.5305131649842354e-05,5.5305131649842354e-05,36158.407463146,1.1061026329968472e-05,1778636954.0779867,,,,,,,,,,,,,,,,,,,,
4109,2178,1.1061026329968472e-05,5.5305131649842354e-05,5.5305131649842354e-05,36160.710423418,1.1061026329968472e-05,1778636956.380941,,,,,,,,,,,,,,,,,,,,
4109,2179,1.1061026329968472e-05,5.5305131649842354e-05,5.5305131649842354e-05,36163.011714661,1.1061026329968472e-05,1778636958.6823165,,,,,,,,,,,,,,,,,,,,
4109,2180,,,,36165.311445108,,1778636960.9821143,69.0,0.13362374901771545,,,,,,,,,,,,,,,,,,
4119,2181,1.102469539015887e-05,5.512347695079435e-05,5.512347695079435e-05,36248.153067945,1.102469539015887e-05,1778637043.823696,,,,,,,,,,,,,,,,,,,,
4119,2182,1.102469539015887e-05,5.512347695079435e-05,5.512347695079435e-05,36250.45506551,1.102469539015887e-05,1778637046.1258175,,,,,,,,,,,,,,,,,,,,
4119,2183,1.102469539015887e-05,5.512347695079435e-05,5.512347695079435e-05,36252.755615099,1.102469539015887e-05,1778637048.426389,,,,,,,,,,,,,,,,,,,,
4119,2184,1.102469539015887e-05,5.512347695079435e-05,5.512347695079435e-05,36255.057383821,1.102469539015887e-05,1778637050.728029,,,,,,,,,,,,,,,,,,,,
4119,2185,,,,36257.360036542,,1778637053.0306828,69.0,0.04370906949043274,,,,,,,,,,,,,,,,,,
4129,2186,1.0988350776299941e-05,5.49417538814997e-05,5.49417538814997e-05,36340.17802758,1.0988350776299941e-05,1778637135.848651,,,,,,,,,,,,,,,,,,,,
4129,2187,1.0988350776299941e-05,5.49417538814997e-05,5.49417538814997e-05,36342.47925611,1.0988350776299941e-05,1778637138.1498945,,,,,,,,,,,,,,,,,,,,
4129,2188,,,,36344.707794218,,1778637140.3784435,69.0,0.15358705818653107,,,,,,,,,,,,,,,,,,
4129,2189,,,,36369.375598112,,1778637165.0461442,69.0,,0.11904839426279068,4.4375,0.0,0.11904839426279068,6.426966190338135,0.8808255791664124,,,,,,,,,,,,
4129,2190,,,,36369.629746498,,1778637165.300276,69.0,,,,,,,,0.0,0.10401884466409683,0.10401884466409683,6.1823811531066895,0.8959824442863464,4.421875,,,,,,
4139,2191,1.0951992973392436e-05,5.4759964866962175e-05,5.4759964866962175e-05,36452.216102415,1.0951992973392436e-05,1778637247.8865702,,,,,,,,,,,,,,,,,,,,
4139,2192,1.0951992973392436e-05,5.4759964866962175e-05,5.4759964866962175e-05,36454.505152423,1.0951992973392436e-05,1778637250.1757681,,,,,,,,,,,,,,,,,,,,
4139,2193,1.0951992973392436e-05,5.4759964866962175e-05,5.4759964866962175e-05,36456.790610273,1.0951992973392436e-05,1778637252.4611256,,,,,,,,,,,,,,,,,,,,
4139,2194,1.0951992973392436e-05,5.4759964866962175e-05,5.4759964866962175e-05,36459.075312887,1.0951992973392436e-05,1778637254.7458715,,,,,,,,,,,,,,,,,,,,
4139,2195,,,,36461.362630513,,1778637257.0331905,70.0,0.14536821842193604,,,,,,,,,,,,,,,,,,
4149,2196,1.0915622466613118e-05,5.457811233306559e-05,5.457811233306559e-05,36543.643775068,1.0915622466613118e-05,1778637339.3143504,,,,,,,,,,,,,,,,,,,,
4149,2197,1.0915622466613118e-05,5.457811233306559e-05,5.457811233306559e-05,36545.93339976,1.0915622466613118e-05,1778637341.6039326,,,,,,,,,,,,,,,,,,,,
4149,2198,1.0915622466613118e-05,5.457811233306559e-05,5.457811233306559e-05,36548.219851342,1.0915622466613118e-05,1778637343.890337,,,,,,,,,,,,,,,,,,,,
4149,2199,1.0915622466613118e-05,5.457811233306559e-05,5.457811233306559e-05,36550.50410415,1.0915622466613118e-05,1778637346.1747146,,,,,,,,,,,,,,,,,,,,
4149,2200,,,,36552.791595116,,1778637348.462312,70.0,0.1085636168718338,,,,,,,,,,,,,,,,,,
4159,2201,1.0879239741308278e-05,5.439619870654139e-05,5.439619870654139e-05,36635.0883317,1.0879239741308278e-05,1778637430.7588923,,,,,,,,,,,,,,,,,,,,
4159,2202,1.0879239741308278e-05,5.439619870654139e-05,5.439619870654139e-05,36637.380185571,1.0879239741308278e-05,1778637433.0507278,,,,,,,,,,,,,,,,,,,,
4159,2203,1.0879239741308278e-05,5.439619870654139e-05,5.439619870654139e-05,36639.666757614,1.0879239741308278e-05,1778637435.3372984,,,,,,,,,,,,,,,,,,,,
4159,2204,1.0879239741308278e-05,5.439619870654139e-05,5.439619870654139e-05,36641.954211563,1.0879239741308278e-05,1778637437.6248968,,,,,,,,,,,,,,,,,,,,
4159,2205,,,,36644.240184335,,1778637439.910946,70.0,0.10003571212291718,,,,,,,,,,,,,,,,,,
4169,2206,1.0842845282987255e-05,5.421422641493628e-05,5.421422641493628e-05,36726.505101461,1.0842845282987255e-05,1778637522.1756995,,,,,,,,,,,,,,,,,,,,
4169,2207,1.0842845282987255e-05,5.421422641493628e-05,5.421422641493628e-05,36728.791513782,1.0842845282987255e-05,1778637524.4619348,,,,,,,,,,,,,,,,,,,,
4169,2208,1.0842845282987255e-05,5.421422641493628e-05,5.421422641493628e-05,36731.078321107,1.0842845282987255e-05,1778637526.7490163,,,,,,,,,,,,,,,,,,,,
4169,2209,1.0842845282987255e-05,5.421422641493628e-05,5.421422641493628e-05,36733.364891446,1.0842845282987255e-05,1778637529.0352952,,,,,,,,,,,,,,,,,,,,
4169,2210,,,,36735.652059694,,1778637531.3226697,70.0,0.085673026740551,,,,,,,,,,,,,,,,,,
4179,2211,1.0806439577315956e-05,5.403219788657978e-05,5.403219788657978e-05,36817.919009772,1.0806439577315956e-05,1778637613.5896327,,,,,,,,,,,,,,,,,,,,
4179,2212,1.0806439577315956e-05,5.403219788657978e-05,5.403219788657978e-05,36820.20444329,1.0806439577315956e-05,1778637615.875038,,,,,,,,,,,,,,,,,,,,
4179,2213,1.0806439577315956e-05,5.403219788657978e-05,5.403219788657978e-05,36822.492240611,1.0806439577315956e-05,1778637618.1628346,,,,,,,,,,,,,,,,,,,,
4179,2214,1.0806439577315956e-05,5.403219788657978e-05,5.403219788657978e-05,36824.776306564,1.0806439577315956e-05,1778637620.4469197,,,,,,,,,,,,,,,,,,,,
4179,2215,,,,36827.063393568,,1778637622.7340937,70.0,0.1685837209224701,,,,,,,,,,,,,,,,,,
4188,2216,,,,36929.384123731,,1778637725.054607,70.0,,0.12245367467403412,4.5827484130859375,0.0,0.12245367467403412,6.575096607208252,0.8774363398551941,,,,,,,,,,,,
4188,2217,,,,36929.701158037,,1778637725.3717058,70.0,,,,,,,,0.0,0.103632353246212,0.103632353246212,6.168128490447998,0.8963706493377686,4.453125,,,,,,
4189,2218,1.0770023110110382e-05,5.38501155505519e-05,5.38501155505519e-05,36930.043785966,1.0770023110110382e-05,1778637725.7134738,,,,,,,,,,,,,,,,,,,,
4189,2219,1.0770023110110382e-05,5.38501155505519e-05,5.38501155505519e-05,36932.333291116,1.0770023110110382e-05,1778637728.0039253,,,,,,,,,,,,,,,,,,,,
4189,2220,1.0770023110110382e-05,5.38501155505519e-05,5.38501155505519e-05,36934.623182096,1.0770023110110382e-05,1778637730.2937114,,,,,,,,,,,,,,,,,,,,
4189,2221,1.0770023110110382e-05,5.38501155505519e-05,5.38501155505519e-05,36936.913087969,1.0770023110110382e-05,1778637732.5836728,,,,,,,,,,,,,,,,,,,,
4189,2222,,,,36939.200872744,,1778637734.8715994,71.0,0.12644046545028687,,,,,,,,,,,,,,,,,,
4199,2223,1.0733596367330136e-05,5.3667981836650685e-05,5.3667981836650685e-05,37021.493711828,1.0733596367330136e-05,1778637817.1642976,,,,,,,,,,,,,,,,,,,,
4199,2224,1.0733596367330136e-05,5.3667981836650685e-05,5.3667981836650685e-05,37023.77797778,1.0733596367330136e-05,1778637819.448718,,,,,,,,,,,,,,,,,,,,
4199,2225,1.0733596367330136e-05,5.3667981836650685e-05,5.3667981836650685e-05,37026.064303538,1.0733596367330136e-05,1778637821.734878,,,,,,,,,,,,,,,,,,,,
4199,2226,1.0733596367330136e-05,5.3667981836650685e-05,5.3667981836650685e-05,37028.350556536,1.0733596367330136e-05,1778637824.021156,,,,,,,,,,,,,,,,,,,,
4199,2227,,,,37030.636501553,,1778637826.3072364,71.0,0.051512740552425385,,,,,,,,,,,,,,,,,,
4209,2228,1.0697159835071954e-05,5.348579917535976e-05,5.348579917535976e-05,37112.919258166,1.0697159835071954e-05,1778637908.5898497,,,,,,,,,,,,,,,,,,,,
4209,2229,1.0697159835071954e-05,5.348579917535976e-05,5.348579917535976e-05,37115.20348166,1.0697159835071954e-05,1778637910.8742034,,,,,,,,,,,,,,,,,,,,
4209,2230,1.0697159835071954e-05,5.348579917535976e-05,5.348579917535976e-05,37117.492329336,1.0697159835071954e-05,1778637913.162889,,,,,,,,,,,,,,,,,,,,
4209,2231,1.0697159835071954e-05,5.348579917535976e-05,5.348579917535976e-05,37119.779121623,1.0697159835071954e-05,1778637915.4496748,,,,,,,,,,,,,,,,,,,,
4209,2232,,,,37122.063450928,,1778637917.7341886,71.0,0.10248690843582153,,,,,,,,,,,,,,,,,,
4219,2233,1.0660713999563195e-05,5.330356999781597e-05,5.330356999781597e-05,37204.325826007,1.0660713999563195e-05,1778637999.9965367,,,,,,,,,,,,,,,,,,,,
4219,2234,1.0660713999563195e-05,5.330356999781597e-05,5.330356999781597e-05,37206.611820851,1.0660713999563195e-05,1778638002.282342,,,,,,,,,,,,,,,,,,,,
4219,2235,1.0660713999563195e-05,5.330356999781597e-05,5.330356999781597e-05,37208.899065273,1.0660713999563195e-05,1778638004.5696688,,,,,,,,,,,,,,,,,,,,
4219,2236,1.0660713999563195e-05,5.330356999781597e-05,5.330356999781597e-05,37211.184577032,1.0660713999563195e-05,1778638006.855158,,,,,,,,,,,,,,,,,,,,
4219,2237,,,,37213.470254941,,1778638009.1410513,71.0,0.14481183886528015,,,,,,,,,,,,,,,,,,
4229,2238,1.0624259347155373e-05,5.312129673577686e-05,5.312129673577686e-05,37295.751266272,1.0624259347155373e-05,1778638091.4218166,,,,,,,,,,,,,,,,,,,,
4229,2239,1.0624259347155373e-05,5.312129673577686e-05,5.312129673577686e-05,37298.034672721,1.0624259347155373e-05,1778638093.7052035,,,,,,,,,,,,,,,,,,,,
4229,2240,1.0624259347155373e-05,5.312129673577686e-05,5.312129673577686e-05,37300.321460844,1.0624259347155373e-05,1778638095.99199,,,,,,,,,,,,,,,,,,,,
4229,2241,1.0624259347155373e-05,5.312129673577686e-05,5.312129673577686e-05,37302.60741904,1.0624259347155373e-05,1778638098.2779458,,,,,,,,,,,,,,,,,,,,
4229,2242,,,,37304.891129437,,1778638100.5618713,71.0,0.1344710886478424,,,,,,,,,,,,,,,,,,
4239,2243,1.0587796364317662e-05,5.2938981821588305e-05,5.2938981821588305e-05,37387.188728749,1.0587796364317662e-05,1778638182.8592765,,,,,,,,,,,,,,,,,,,,
4239,2244,1.0587796364317662e-05,5.2938981821588305e-05,5.2938981821588305e-05,37389.474641912,1.0587796364317662e-05,1778638185.1453154,,,,,,,,,,,,,,,,,,,,
4239,2245,1.0587796364317662e-05,5.2938981821588305e-05,5.2938981821588305e-05,37391.760488636,1.0587796364317662e-05,1778638187.4310803,,,,,,,,,,,,,,,,,,,,
4239,2246,1.0587796364317662e-05,5.2938981821588305e-05,5.2938981821588305e-05,37394.051232642,1.0587796364317662e-05,1778638189.7219136,,,,,,,,,,,,,,,,,,,,
4239,2247,,,,37396.338546301,,1778638192.0091069,71.0,0.04955166578292847,,,,,,,,,,,,,,,,,,
4247,2248,,,,37489.564065701,,1778638285.2345312,71.0,,0.12190552800893784,4.75,0.0,0.12190552800893784,6.613923072814941,0.8779729604721069,,,,,,,,,,,,
4247,2249,,,,37489.567547075,,1778638285.2383358,71.0,,,,,,,,0.0,0.10074155032634735,0.10074155032634735,6.139703750610352,0.8992582559585571,4.4702911376953125,,,,,,
4249,2250,1.055132553763039e-05,5.275662768815195e-05,5.275662768815195e-05,37499.02627153,1.055132553763039e-05,1778638294.6968074,,,,,,,,,,,,,,,,,,,,
4249,2251,1.055132553763039e-05,5.275662768815195e-05,5.275662768815195e-05,37501.312025763,1.055132553763039e-05,1778638296.9827266,,,,,,,,,,,,,,,,,,,,
4249,2252,1.055132553763039e-05,5.275662768815195e-05,5.275662768815195e-05,37503.599403466,1.055132553763039e-05,1778638299.270126,,,,,,,,,,,,,,,,,,,,
4249,2253,1.055132553763039e-05,5.275662768815195e-05,5.275662768815195e-05,37505.885798033,1.055132553763039e-05,1778638301.556386,,,,,,,,,,,,,,,,,,,,
4249,2254,,,,37508.171824126,,1778638303.842529,72.0,0.07332111150026321,,,,,,,,,,,,,,,,,,
4259,2255,1.0514847353778567e-05,5.257423676889284e-05,5.257423676889284e-05,37590.477593564,1.0514847353778567e-05,1778638386.1481936,,,,,,,,,,,,,,,,,,,,
4259,2256,1.0514847353778567e-05,5.257423676889284e-05,5.257423676889284e-05,37592.760917409,1.0514847353778567e-05,1778638388.4316697,,,,,,,,,,,,,,,,,,,,
4259,2257,1.0514847353778567e-05,5.257423676889284e-05,5.257423676889284e-05,37595.044890049,1.0514847353778567e-05,1778638390.7155597,,,,,,,,,,,,,,,,,,,,
4259,2258,1.0514847353778567e-05,5.257423676889284e-05,5.257423676889284e-05,37597.330858751,1.0514847353778567e-05,1778638393.001465,,,,,,,,,,,,,,,,,,,,
4259,2259,,,,37599.614306953,,1778638395.285012,72.0,0.09449869394302368,,,,,,,,,,,,,,,,,,
4269,2260,1.0478362299545381e-05,5.2391811497726906e-05,5.2391811497726906e-05,37681.891468794,1.0478362299545381e-05,1778638477.5620577,,,,,,,,,,,,,,,,,,,,
4269,2261,1.0478362299545381e-05,5.2391811497726906e-05,5.2391811497726906e-05,37684.177340323,1.0478362299545381e-05,1778638479.8481088,,,,,,,,,,,,,,,,,,,,
4269,2262,1.0478362299545381e-05,5.2391811497726906e-05,5.2391811497726906e-05,37686.465360954,1.0478362299545381e-05,1778638482.1359398,,,,,,,,,,,,,,,,,,,,
4269,2263,1.0478362299545381e-05,5.2391811497726906e-05,5.2391811497726906e-05,37688.752084214,1.0478362299545381e-05,1778638484.4226754,,,,,,,,,,,,,,,,,,,,
4269,2264,,,,37691.037817386,,1778638486.7085433,72.0,0.08395259082317352,,,,,,,,,,,,,,,,,,
4279,2265,1.0441870861805697e-05,5.220935430902848e-05,5.220935430902848e-05,37773.319046046,1.0441870861805697e-05,1778638568.9896586,,,,,,,,,,,,,,,,,,,,
4279,2266,1.0441870861805697e-05,5.220935430902848e-05,5.220935430902848e-05,37775.607354473,1.0441870861805697e-05,1778638571.2778845,,,,,,,,,,,,,,,,,,,,
4279,2267,1.0441870861805697e-05,5.220935430902848e-05,5.220935430902848e-05,37777.893495211,1.0441870861805697e-05,1778638573.5640619,,,,,,,,,,,,,,,,,,,,
4279,2268,1.0441870861805697e-05,5.220935430902848e-05,5.220935430902848e-05,37780.180346478,1.0441870861805697e-05,1778638575.8508976,,,,,,,,,,,,,,,,,,,,
4279,2269,,,,37782.467172528,,1778638578.1376784,72.0,0.1652439832687378,,,,,,,,,,,,,,,,,,
4289,2270,1.0405373527519563e-05,5.202686763759781e-05,5.202686763759781e-05,37864.737575476,1.0405373527519563e-05,1778638660.4083073,,,,,,,,,,,,,,,,,,,,
4289,2271,1.0405373527519563e-05,5.202686763759781e-05,5.202686763759781e-05,37867.02196405,1.0405373527519563e-05,1778638662.69267,,,,,,,,,,,,,,,,,,,,
4289,2272,1.0405373527519563e-05,5.202686763759781e-05,5.202686763759781e-05,37869.308457468,1.0405373527519563e-05,1778638664.97897,,,,,,,,,,,,,,,,,,,,
4289,2273,1.0405373527519563e-05,5.202686763759781e-05,5.202686763759781e-05,37871.594308411,1.0405373527519563e-05,1778638667.2648869,,,,,,,,,,,,,,,,,,,,
4289,2274,,,,37873.882699963,,1778638669.5534523,72.0,0.1139700785279274,,,,,,,,,,,,,,,,,,
4299,2275,1.0368870783725718e-05,5.184435391862858e-05,5.184435391862858e-05,37956.160849998,1.0368870783725718e-05,1778638751.831409,,,,,,,,,,,,,,,,,,,,
4299,2276,1.0368870783725718e-05,5.184435391862858e-05,5.184435391862858e-05,37958.446493429,1.0368870783725718e-05,1778638754.1172261,,,,,,,,,,,,,,,,,,,,
4299,2277,1.0368870783725718e-05,5.184435391862858e-05,5.184435391862858e-05,37960.732379274,1.0368870783725718e-05,1778638756.402929,,,,,,,,,,,,,,,,,,,,
4299,2278,1.0368870783725718e-05,5.184435391862858e-05,5.184435391862858e-05,37963.017268021,1.0368870783725718e-05,1778638758.6878104,,,,,,,,,,,,,,,,,,,,
4299,2279,,,,37965.304967163,,1778638760.9756894,72.0,0.0990496277809143,,,,,,,,,,,,,,,,,,
4306,2280,,,,38049.383783366,,1778638845.0544665,72.0,,0.12214241176843643,4.4921875,0.0,0.12214241176843643,6.535548686981201,0.8777317404747009,,,,,,,,,,,,
4306,2281,,,,38049.665899604,,1778638845.3364482,72.0,,,,,,,,0.0,0.10439816862344742,0.10439816862344742,6.216771125793457,0.8956040143966675,4.4375,,,,,,
4309,2282,1.0332363117535091e-05,5.166181558767545e-05,5.166181558767545e-05,38068.23261066,1.0332363117535091e-05,1778638863.9031332,,,,,,,,,,,,,,,,,,,,
4309,2283,1.0332363117535091e-05,5.166181558767545e-05,5.166181558767545e-05,38070.51930221,1.0332363117535091e-05,1778638866.189922,,,,,,,,,,,,,,,,,,,,
4309,2284,1.0332363117535091e-05,5.166181558767545e-05,5.166181558767545e-05,38072.806084044,1.0332363117535091e-05,1778638868.476637,,,,,,,,,,,,,,,,,,,,
4309,2285,1.0332363117535091e-05,5.166181558767545e-05,5.166181558767545e-05,38075.093481675,1.0332363117535091e-05,1778638870.7640293,,,,,,,,,,,,,,,,,,,,
4309,2286,,,,38077.378836926,,1778638873.0495038,73.0,0.09965230524539948,,,,,,,,,,,,,,,,,,
4319,2287,1.029585101612429e-05,5.147925508062145e-05,5.147925508062145e-05,38159.68734273,1.029585101612429e-05,1778638955.357971,,,,,,,,,,,,,,,,,,,,
4319,2288,1.029585101612429e-05,5.147925508062145e-05,5.147925508062145e-05,38161.975626963,1.029585101612429e-05,1778638957.6461554,,,,,,,,,,,,,,,,,,,,
4319,2289,1.029585101612429e-05,5.147925508062145e-05,5.147925508062145e-05,38164.262680246,1.029585101612429e-05,1778638959.933352,,,,,,,,,,,,,,,,,,,,
4319,2290,1.029585101612429e-05,5.147925508062145e-05,5.147925508062145e-05,38166.547865882,1.029585101612429e-05,1778638962.2183926,,,,,,,,,,,,,,,,,,,,
4319,2291,,,,38168.833755677,,1778638964.5043113,73.0,0.12408564239740372,,,,,,,,,,,,,,,,,,
4329,2292,1.0259334966729113e-05,5.1296674833645566e-05,5.1296674833645566e-05,38251.152010334,1.0259334966729113e-05,1778639046.8226318,,,,,,,,,,,,,,,,,,,,
4329,2293,1.0259334966729113e-05,5.1296674833645566e-05,5.1296674833645566e-05,38253.435835925,1.0259334966729113e-05,1778639049.1065552,,,,,,,,,,,,,,,,,,,,
4329,2294,1.0259334966729113e-05,5.1296674833645566e-05,5.1296674833645566e-05,38255.723501348,1.0259334966729113e-05,1778639051.3941157,,,,,,,,,,,,,,,,,,,,
4329,2295,1.0259334966729113e-05,5.1296674833645566e-05,5.1296674833645566e-05,38258.008159671,1.0259334966729113e-05,1778639053.678523,,,,,,,,,,,,,,,,,,,,
4329,2296,,,,38260.29783131,,1778639055.968297,73.0,0.049599070101976395,,,,,,,,,,,,,,,,,,
4339,2297,1.0222815456638044e-05,5.111407728319022e-05,5.111407728319022e-05,38342.602278002,1.0222815456638044e-05,1778639138.2728355,,,,,,,,,,,,,,,,,,,,
4339,2298,1.0222815456638044e-05,5.111407728319022e-05,5.111407728319022e-05,38344.889631656,1.0222815456638044e-05,1778639140.5603197,,,,,,,,,,,,,,,,,,,,
4339,2299,1.0222815456638044e-05,5.111407728319022e-05,5.111407728319022e-05,38347.177521015,1.0222815456638044e-05,1778639142.8481426,,,,,,,,,,,,,,,,,,,,
4339,2300,1.0222815456638044e-05,5.111407728319022e-05,5.111407728319022e-05,38349.463645602,1.0222815456638044e-05,1778639145.1341586,,,,,,,,,,,,,,,,,,,,
4339,2301,,,,38351.750585274,,1778639147.42118,73.0,0.12280922383069992,,,,,,,,,,,,,,,,,,
4349,2302,1.0186292973185742e-05,5.0931464865928714e-05,5.0931464865928714e-05,38434.066111756,1.0186292973185742e-05,1778639229.7368424,,,,,,,,,,,,,,,,,,,,
4349,2303,1.0186292973185742e-05,5.0931464865928714e-05,5.0931464865928714e-05,38436.350801475,1.0186292973185742e-05,1778639232.021321,,,,,,,,,,,,,,,,,,,,
4349,2304,1.0186292973185742e-05,5.0931464865928714e-05,5.0931464865928714e-05,38438.638554769,1.0186292973185742e-05,1778639234.3091166,,,,,,,,,,,,,,,,,,,,
4349,2305,1.0186292973185742e-05,5.0931464865928714e-05,5.0931464865928714e-05,38440.925602403,1.0186292973185742e-05,1778639236.596098,,,,,,,,,,,,,,,,,,,,
4349,2306,,,,38443.213899635,,1778639238.8844702,73.0,0.0669935941696167,,,,,,,,,,,,,,,,,,
4359,2307,1.0149768003746554e-05,5.074884001873277e-05,5.074884001873277e-05,38525.537354599,1.0149768003746554e-05,1778639321.2080817,,,,,,,,,,,,,,,,,,,,
4359,2308,1.0149768003746554e-05,5.074884001873277e-05,5.074884001873277e-05,38527.824021409,1.0149768003746554e-05,1778639323.4945939,,,,,,,,,,,,,,,,,,,,
4359,2309,1.0149768003746554e-05,5.074884001873277e-05,5.074884001873277e-05,38530.110283801,1.0149768003746554e-05,1778639325.7808359,,,,,,,,,,,,,,,,,,,,
4359,2310,1.0149768003746554e-05,5.074884001873277e-05,5.074884001873277e-05,38532.396653645,1.0149768003746554e-05,1778639328.0672216,,,,,,,,,,,,,,,,,,,,
4359,2311,,,,38534.683153836,,1778639330.3538988,73.0,0.048384927213191986,,,,,,,,,,,,,,,,,,
4365,2312,,,,38609.65338254,,1778639405.3240294,73.0,,0.12218747287988663,4.59375,0.0,0.12218747287988663,6.534762382507324,0.8776775002479553,,,,,,,,,,,,
4365,2313,,,,38609.969152094,,1778639405.6396904,73.0,,,,,,,,0.0,0.1013999804854393,0.1013999804854393,6.112552165985107,0.8986021876335144,4.381500244140625,,,,,,
4369,2314,1.0113241035727989e-05,5.0566205178639944e-05,5.0566205178639944e-05,38637.683324922,1.0113241035727989e-05,1778639433.353782,,,,,,,,,,,,,,,,,,,,
4369,2315,1.0113241035727989e-05,5.0566205178639944e-05,5.0566205178639944e-05,38639.971988655,1.0113241035727989e-05,1778639435.6426923,,,,,,,,,,,,,,,,,,,,
4369,2316,1.0113241035727989e-05,5.0566205178639944e-05,5.0566205178639944e-05,38642.256836472,1.0113241035727989e-05,1778639437.9274302,,,,,,,,,,,,,,,,,,,,
4369,2317,1.0113241035727989e-05,5.0566205178639944e-05,5.0566205178639944e-05,38644.542786776,1.0113241035727989e-05,1778639440.2134671,,,,,,,,,,,,,,,,,,,,
4369,2318,,,,38646.829755692,,1778639442.500297,74.0,0.08255167305469513,,,,,,,,,,,,,,,,,,
4379,2319,1.007671255656424e-05,5.03835627828212e-05,5.03835627828212e-05,38729.130421719,1.007671255656424e-05,1778639524.8009515,,,,,,,,,,,,,,,,,,,,
4379,2320,1.007671255656424e-05,5.03835627828212e-05,5.03835627828212e-05,38731.415676026,1.007671255656424e-05,1778639527.086345,,,,,,,,,,,,,,,,,,,,
4379,2321,1.007671255656424e-05,5.03835627828212e-05,5.03835627828212e-05,38733.70378903,1.007671255656424e-05,1778639529.3745136,,,,,,,,,,,,,,,,,,,,
4379,2322,1.007671255656424e-05,5.03835627828212e-05,5.03835627828212e-05,38735.990840128,1.007671255656424e-05,1778639531.6613407,,,,,,,,,,,,,,,,,,,,
4379,2323,,,,38738.278967744,,1778639533.949497,74.0,0.08002395182847977,,,,,,,,,,,,,,,,,,
4389,2324,1.0040183053709649e-05,5.020091526854824e-05,5.020091526854824e-05,38820.574339558,1.0040183053709649e-05,1778639616.244753,,,,,,,,,,,,,,,,,,,,
4389,2325,1.0040183053709649e-05,5.020091526854824e-05,5.020091526854824e-05,38822.860289198,1.0040183053709649e-05,1778639618.530942,,,,,,,,,,,,,,,,,,,,
4389,2326,1.0040183053709649e-05,5.020091526854824e-05,5.020091526854824e-05,38825.146895145,1.0040183053709649e-05,1778639620.8175757,,,,,,,,,,,,,,,,,,,,
4389,2327,1.0040183053709649e-05,5.020091526854824e-05,5.020091526854824e-05,38827.433004256,1.0040183053709649e-05,1778639623.103538,,,,,,,,,,,,,,,,,,,,
4389,2328,,,,38829.722020517,,1778639625.3925679,74.0,0.12035903334617615,,,,,,,,,,,,,,,,,,
4399,2329,1.0003653014632233e-05,5.001826507316116e-05,5.001826507316116e-05,38912.023330741,1.0003653014632233e-05,1778639707.6939251,,,,,,,,,,,,,,,,,,,,
4399,2330,1.0003653014632233e-05,5.001826507316116e-05,5.001826507316116e-05,38914.306515004,1.0003653014632233e-05,1778639709.9772758,,,,,,,,,,,,,,,,,,,,
4399,2331,1.0003653014632233e-05,5.001826507316116e-05,5.001826507316116e-05,38916.592752056,1.0003653014632233e-05,1778639712.2633553,,,,,,,,,,,,,,,,,,,,
4399,2332,1.0003653014632233e-05,5.001826507316116e-05,5.001826507316116e-05,38918.877503975,1.0003653014632233e-05,1778639714.548068,,,,,,,,,,,,,,,,,,,,
4399,2333,,,,38921.166060385,,1778639716.8366096,74.0,0.067967489361763,,,,,,,,,,,,,,,,,,
4409,2334,9.967122926807154e-06,4.9835614634035765e-05,4.9835614634035765e-05,39003.478625822,9.967122926807154e-06,1778639799.149375,,,,,,,,,,,,,,,,,,,,
4409,2335,9.967122926807154e-06,4.9835614634035765e-05,4.9835614634035765e-05,39005.764509445,9.967122926807154e-06,1778639801.4352255,,,,,,,,,,,,,,,,,,,,
4409,2336,9.967122926807154e-06,4.9835614634035765e-05,4.9835614634035765e-05,39008.050829215,9.967122926807154e-06,1778639803.721376,,,,,,,,,,,,,,,,,,,,
4409,2337,9.967122926807154e-06,4.9835614634035765e-05,4.9835614634035765e-05,39010.338450601,9.967122926807154e-06,1778639806.008932,,,,,,,,,,,,,,,,,,,,
4409,2338,,,,39012.625520258,,1778639808.2960906,74.0,0.10410016775131226,,,,,,,,,,,,,,,,,,
4419,2339,9.930593277710237e-06,4.965296638855118e-05,4.965296638855118e-05,39094.932940324,9.930593277710237e-06,1778639890.6036808,,,,,,,,,,,,,,,,,,,,
4419,2340,9.930593277710237e-06,4.965296638855118e-05,4.965296638855118e-05,39097.217966511,9.930593277710237e-06,1778639892.8887146,,,,,,,,,,,,,,,,,,,,
4419,2341,9.930593277710237e-06,4.965296638855118e-05,4.965296638855118e-05,39099.503561894,9.930593277710237e-06,1778639895.1740766,,,,,,,,,,,,,,,,,,,,
4419,2342,9.930593277710237e-06,4.965296638855118e-05,4.965296638855118e-05,39101.788763345,9.930593277710237e-06,1778639897.4592936,,,,,,,,,,,,,,,,,,,,
4419,2343,,,,39104.075255456,,1778639899.7459264,74.0,0.12865781784057617,,,,,,,,,,,,,,,,,,
4424,2344,,,,39169.958634913,,1778639965.6291368,74.0,,0.12092594057321548,4.788249969482422,0.0,0.12092594057321548,6.5555620193481445,0.8789395093917847,,,,,,,,,,,,
4424,2345,,,,39169.962051399,,1778639965.632763,74.0,,,,,,,,0.0,0.10104909539222717,0.10104909539222717,6.105559349060059,0.8989537358283997,4.3697509765625,,,,,,
4429,2346,9.894064554811436e-06,4.947032277405718e-05,4.947032277405718e-05,39206.922992717,9.894064554811436e-06,1778640002.5934858,,,,,,,,,,,,,,,,,,,,
4429,2347,9.894064554811436e-06,4.947032277405718e-05,4.947032277405718e-05,39209.209634926,9.894064554811436e-06,1778640004.8801627,,,,,,,,,,,,,,,,,,,,
4429,2348,9.894064554811436e-06,4.947032277405718e-05,4.947032277405718e-05,39211.495528168,9.894064554811436e-06,1778640007.166241,,,,,,,,,,,,,,,,,,,,
4429,2349,9.894064554811436e-06,4.947032277405718e-05,4.947032277405718e-05,39213.782014361,9.894064554811436e-06,1778640009.4527318,,,,,,,,,,,,,,,,,,,,
4429,2350,,,,39216.070029273,,1778640011.740629,75.0,0.08416777849197388,,,,,,,,,,,,,,,,,,
4439,2351,9.857537245568361e-06,4.928768622784181e-05,4.928768622784181e-05,39298.359475031,9.857537245568361e-06,1778640094.030033,,,,,,,,,,,,,,,,,,,,
4439,2352,9.857537245568361e-06,4.928768622784181e-05,4.928768622784181e-05,39300.645691863,9.857537245568361e-06,1778640096.3163228,,,,,,,,,,,,,,,,,,,,
4439,2353,9.857537245568361e-06,4.928768622784181e-05,4.928768622784181e-05,39302.931055552,9.857537245568361e-06,1778640098.6017869,,,,,,,,,,,,,,,,,,,,
4439,2354,9.857537245568361e-06,4.928768622784181e-05,4.928768622784181e-05,39305.217135428,9.857537245568361e-06,1778640100.8878396,,,,,,,,,,,,,,,,,,,,
4439,2355,,,,39307.502473819,,1778640103.1730335,75.0,0.26439324021339417,,,,,,,,,,,,,,,,,,
4449,2356,9.821011837419748e-06,4.910505918709874e-05,4.910505918709874e-05,39389.776751516,9.821011837419748e-06,1778640185.4473393,,,,,,,,,,,,,,,,,,,,
4449,2357,9.821011837419748e-06,4.910505918709874e-05,4.910505918709874e-05,39392.059676823,9.821011837419748e-06,1778640187.7302513,,,,,,,,,,,,,,,,,,,,
4449,2358,9.821011837419748e-06,4.910505918709874e-05,4.910505918709874e-05,39394.346020989,9.821011837419748e-06,1778640190.0167634,,,,,,,,,,,,,,,,,,,,
4449,2359,9.821011837419748e-06,4.910505918709874e-05,4.910505918709874e-05,39396.633136986,9.821011837419748e-06,1778640192.3037345,,,,,,,,,,,,,,,,,,,,
4449,2360,,,,39398.920905694,,1778640194.5914621,75.0,0.14415106177330017,,,,,,,,,,,,,,,,,,
4459,2361,9.78448881777897e-06,4.8922444088894845e-05,4.8922444088894845e-05,39481.236909208,9.78448881777897e-06,1778640276.9074745,,,,,,,,,,,,,,,,,,,,
4459,2362,9.78448881777897e-06,4.8922444088894845e-05,4.8922444088894845e-05,39483.524035935,9.78448881777897e-06,1778640279.1946678,,,,,,,,,,,,,,,,,,,,
4459,2363,9.78448881777897e-06,4.8922444088894845e-05,4.8922444088894845e-05,39485.809759703,9.78448881777897e-06,1778640281.4802778,,,,,,,,,,,,,,,,,,,,
4459,2364,9.78448881777897e-06,4.8922444088894845e-05,4.8922444088894845e-05,39488.09688028,9.78448881777897e-06,1778640283.7673323,,,,,,,,,,,,,,,,,,,,
4459,2365,,,,39490.38525961,,1778640286.0558221,75.0,0.10643334686756134,,,,,,,,,,,,,,,,,,
4469,2366,9.747968674027518e-06,4.873984337013759e-05,4.873984337013759e-05,39572.725737889,9.747968674027518e-06,1778640368.396183,,,,,,,,,,,,,,,,,,,,
4469,2367,9.747968674027518e-06,4.873984337013759e-05,4.873984337013759e-05,39575.013677141,9.747968674027518e-06,1778640370.6842203,,,,,,,,,,,,,,,,,,,,
4469,2368,9.747968674027518e-06,4.873984337013759e-05,4.873984337013759e-05,39577.300954798,9.747968674027518e-06,1778640372.9715989,,,,,,,,,,,,,,,,,,,,
4469,2369,9.747968674027518e-06,4.873984337013759e-05,4.873984337013759e-05,39579.587609639,9.747968674027518e-06,1778640375.2581918,,,,,,,,,,,,,,,,,,,,
4469,2370,,,,39581.873389955,,1778640377.5439699,75.0,0.14976266026496887,,,,,,,,,,,,,,,,,,
4479,2371,9.711451893508513e-06,4.855725946754256e-05,4.855725946754256e-05,39664.148031217,9.711451893508513e-06,1778640459.818805,,,,,,,,,,,,,,,,,,,,
4479,2372,9.711451893508513e-06,4.855725946754256e-05,4.855725946754256e-05,39666.434911781,9.711451893508513e-06,1778640462.1054626,,,,,,,,,,,,,,,,,,,,
4479,2373,9.711451893508513e-06,4.855725946754256e-05,4.855725946754256e-05,39668.720446231,9.711451893508513e-06,1778640464.3911262,,,,,,,,,,,,,,,,,,,,
4479,2374,9.711451893508513e-06,4.855725946754256e-05,4.855725946754256e-05,39671.003913312,9.711451893508513e-06,1778640466.6746702,,,,,,,,,,,,,,,,,,,,
4479,2375,,,,39673.287804151,,1778640468.9585626,75.0,0.09291397035121918,,,,,,,,,,,,,,,,,,
4483,2376,,,,39729.934062198,,1778640525.6045713,75.0,,0.1203557550907135,4.453125,0.0,0.1203557550907135,6.472867488861084,0.8795211911201477,,,,,,,,,,,,
4483,2377,,,,39730.231526564,,1778640525.9020803,75.0,,,,,,,,0.0,0.10195261240005493,0.10195261240005493,6.162861347198486,0.8980399966239929,4.46875,,,,,,
4489,2378,9.674938963520193e-06,4.8374694817600964e-05,4.8374694817600964e-05,39776.265197389,9.674938963520193e-06,1778640571.9355664,,,,,,,,,,,,,,,,,,,,
4489,2379,9.674938963520193e-06,4.8374694817600964e-05,4.8374694817600964e-05,39778.552509524,9.674938963520193e-06,1778640574.223176,,,,,,,,,,,,,,,,,,,,
4489,2380,9.674938963520193e-06,4.8374694817600964e-05,4.8374694817600964e-05,39780.838758611,9.674938963520193e-06,1778640576.5092106,,,,,,,,,,,,,,,,,,,,
4489,2381,9.674938963520193e-06,4.8374694817600964e-05,4.8374694817600964e-05,39783.124799464,9.674938963520193e-06,1778640578.795221,,,,,,,,,,,,,,,,,,,,
4489,2382,,,,39785.412672332,,1778640581.0832376,76.0,0.13566139340400696,,,,,,,,,,,,,,,,,,
4499,2383,9.638430371309413e-06,4.819215185654706e-05,4.819215185654706e-05,39867.713964834,9.638430371309413e-06,1778640663.3845158,,,,,,,,,,,,,,,,,,,,
4499,2384,9.638430371309413e-06,4.819215185654706e-05,4.819215185654706e-05,39869.998689614,9.638430371309413e-06,1778640665.669389,,,,,,,,,,,,,,,,,,,,
4499,2385,9.638430371309413e-06,4.819215185654706e-05,4.819215185654706e-05,39872.285183663,9.638430371309413e-06,1778640667.9557745,,,,,,,,,,,,,,,,,,,,
4499,2386,9.638430371309413e-06,4.819215185654706e-05,4.819215185654706e-05,39874.567818159,9.638430371309413e-06,1778640670.238544,,,,,,,,,,,,,,,,,,,,
4499,2387,,,,39876.853925446,,1778640672.524484,76.0,0.07182475924491882,,,,,,,,,,,,,,,,,,
4509,2388,9.601926604065146e-06,4.800963302032573e-05,4.800963302032573e-05,39959.1357576,9.601926604065146e-06,1778640754.8063443,,,,,,,,,,,,,,,,,,,,
4509,2389,9.601926604065146e-06,4.800963302032573e-05,4.800963302032573e-05,39961.420883222,9.601926604065146e-06,1778640757.091565,,,,,,,,,,,,,,,,,,,,
4509,2390,9.601926604065146e-06,4.800963302032573e-05,4.800963302032573e-05,39963.705384735,9.601926604065146e-06,1778640759.3760896,,,,,,,,,,,,,,,,,,,,
4509,2391,9.601926604065146e-06,4.800963302032573e-05,4.800963302032573e-05,39965.990842404,9.601926604065146e-06,1778640761.6614132,,,,,,,,,,,,,,,,,,,,
4509,2392,,,,39968.276987617,,1778640763.9475582,76.0,0.04111538454890251,,,,,,,,,,,,,,,,,,
4519,2393,9.565428148911966e-06,4.7827140744559834e-05,4.7827140744559834e-05,40050.559859378,9.565428148911966e-06,1778640846.2304711,,,,,,,,,,,,,,,,,,,,
4519,2394,9.565428148911966e-06,4.7827140744559834e-05,4.7827140744559834e-05,40052.844701982,9.565428148911966e-06,1778640848.5154293,,,,,,,,,,,,,,,,,,,,
4519,2395,9.565428148911966e-06,4.7827140744559834e-05,4.7827140744559834e-05,40055.131896924,9.565428148911966e-06,1778640850.8026204,,,,,,,,,,,,,,,,,,,,
4519,2396,9.565428148911966e-06,4.7827140744559834e-05,4.7827140744559834e-05,40057.418285331,9.565428148911966e-06,1778640853.0888348,,,,,,,,,,,,,,,,,,,,
4519,2397,,,,40059.706870532,,1778640855.3773713,76.0,0.1101258248090744,,,,,,,,,,,,,,,,,,
4529,2398,9.528935492903575e-06,4.7644677464517874e-05,4.7644677464517874e-05,40142.008688607,9.528935492903575e-06,1778640937.6793542,,,,,,,,,,,,,,,,,,,,
4529,2399,9.528935492903575e-06,4.7644677464517874e-05,4.7644677464517874e-05,40144.296358393,9.528935492903575e-06,1778640939.9669607,,,,,,,,,,,,,,,,,,,,
4529,2400,9.528935492903575e-06,4.7644677464517874e-05,4.7644677464517874e-05,40146.582771577,9.528935492903575e-06,1778640942.253129,,,,,,,,,,,,,,,,,,,,
4529,2401,9.528935492903575e-06,4.7644677464517874e-05,4.7644677464517874e-05,40148.868999882,9.528935492903575e-06,1778640944.5395634,,,,,,,,,,,,,,,,,,,,
4529,2402,,,,40151.154043354,,1778640946.8246813,76.0,0.14704777300357819,,,,,,,,,,,,,,,,,,
4539,2403,9.492449123016279e-06,4.746224561508139e-05,4.746224561508139e-05,40233.482031344,9.492449123016279e-06,1778641029.1525831,,,,,,,,,,,,,,,,,,,,
4539,2404,9.492449123016279e-06,4.746224561508139e-05,4.746224561508139e-05,40235.768317818,9.492449123016279e-06,1778641031.4388661,,,,,,,,,,,,,,,,,,,,
4539,2405,9.492449123016279e-06,4.746224561508139e-05,4.746224561508139e-05,40238.054232262,9.492449123016279e-06,1778641033.7249315,,,,,,,,,,,,,,,,,,,,
4539,2406,9.492449123016279e-06,4.746224561508139e-05,4.746224561508139e-05,40240.340732776,9.492449123016279e-06,1778641036.0114481,,,,,,,,,,,,,,,,,,,,
4539,2407,,,,40242.627558148,,1778641038.2983205,76.0,0.057171136140823364,,,,,,,,,,,,,,,,,,
4542,2408,,,,40290.129517212,,1778641085.8000078,76.0,,0.12263406813144684,4.583183288574219,0.0,0.12263406813144684,6.595367908477783,0.8772297501564026,,,,,,,,,,,,
4542,2409,,,,40290.132887151,,1778641085.8036857,76.0,,,,,,,,0.0,0.10007193684577942,0.10007193684577942,6.056233882904053,0.8999276757240295,4.341146469116211,,,,,,
4549,2410,9.455969526142504e-06,4.727984763071251e-05,4.727984763071251e-05,40345.293089484,9.455969526142504e-06,1778641140.9637234,,,,,,,,,,,,,,,,,,,,
4549,2411,9.455969526142504e-06,4.727984763071251e-05,4.727984763071251e-05,40347.579999107,9.455969526142504e-06,1778641143.2505677,,,,,,,,,,,,,,,,,,,,
4549,2412,9.455969526142504e-06,4.727984763071251e-05,4.727984763071251e-05,40349.86871743,9.455969526142504e-06,1778641145.5392773,,,,,,,,,,,,,,,,,,,,
4549,2413,9.455969526142504e-06,4.727984763071251e-05,4.727984763071251e-05,40352.154536822,9.455969526142504e-06,1778641147.8251777,,,,,,,,,,,,,,,,,,,,
4549,2414,,,,40354.44121882,,1778641150.111992,77.0,0.0376482754945755,,,,,,,,,,,,,,,,,,
4559,2415,9.419497189084287e-06,4.7097485945421435e-05,4.7097485945421435e-05,40436.741988171,9.419497189084287e-06,1778641232.412531,,,,,,,,,,,,,,,,,,,,
4559,2416,9.419497189084287e-06,4.7097485945421435e-05,4.7097485945421435e-05,40439.027093633,9.419497189084287e-06,1778641234.6976142,,,,,,,,,,,,,,,,,,,,
4559,2417,9.419497189084287e-06,4.7097485945421435e-05,4.7097485945421435e-05,40441.3121105,9.419497189084287e-06,1778641236.982684,,,,,,,,,,,,,,,,,,,,
4559,2418,9.419497189084287e-06,4.7097485945421435e-05,4.7097485945421435e-05,40443.596506982,9.419497189084287e-06,1778641239.2670887,,,,,,,,,,,,,,,,,,,,
4559,2419,,,,40445.880749683,,1778641241.5513806,77.0,0.0900300070643425,,,,,,,,,,,,,,,,,,
4569,2420,9.38303259854679e-06,4.6915162992733955e-05,4.6915162992733955e-05,40528.201862735,9.38303259854679e-06,1778641323.8723986,,,,,,,,,,,,,,,,,,,,
4569,2421,9.38303259854679e-06,4.6915162992733955e-05,4.6915162992733955e-05,40530.486906536,9.38303259854679e-06,1778641326.15753,,,,,,,,,,,,,,,,,,,,
4569,2422,9.38303259854679e-06,4.6915162992733955e-05,4.6915162992733955e-05,40532.774654713,9.38303259854679e-06,1778641328.445133,,,,,,,,,,,,,,,,,,,,
4569,2423,9.38303259854679e-06,4.6915162992733955e-05,4.6915162992733955e-05,40535.063874523,9.38303259854679e-06,1778641330.734604,,,,,,,,,,,,,,,,,,,,
4569,2424,,,,40537.353098178,,1778641333.0236087,77.0,0.12566766142845154,,,,,,,,,,,,,,,,,,
4579,2425,9.346576241131807e-06,4.673288120565903e-05,4.673288120565903e-05,40619.661854506,9.346576241131807e-06,1778641415.332371,,,,,,,,,,,,,,,,,,,,
4579,2426,9.346576241131807e-06,4.673288120565903e-05,4.673288120565903e-05,40621.949415816,9.346576241131807e-06,1778641417.6199734,,,,,,,,,,,,,,,,,,,,
4579,2427,9.346576241131807e-06,4.673288120565903e-05,4.673288120565903e-05,40624.236956235,9.346576241131807e-06,1778641419.9076586,,,,,,,,,,,,,,,,,,,,
4579,2428,9.346576241131807e-06,4.673288120565903e-05,4.673288120565903e-05,40626.525522435,9.346576241131807e-06,1778641422.1960688,,,,,,,,,,,,,,,,,,,,
4579,2429,,,,40628.812575248,,1778641424.4831433,77.0,0.05899391323328018,,,,,,,,,,,,,,,,,,
4589,2430,9.310128603331257e-06,4.655064301665628e-05,4.655064301665628e-05,40711.134993395,9.310128603331257e-06,1778641506.8056087,,,,,,,,,,,,,,,,,,,,
4589,2431,9.310128603331257e-06,4.655064301665628e-05,4.655064301665628e-05,40713.421987406,9.310128603331257e-06,1778641509.092706,,,,,,,,,,,,,,,,,,,,
4589,2432,9.310128603331257e-06,4.655064301665628e-05,4.655064301665628e-05,40715.71062595,9.310128603331257e-06,1778641511.3812106,,,,,,,,,,,,,,,,,,,,
4589,2433,9.310128603331257e-06,4.655064301665628e-05,4.655064301665628e-05,40717.996897413,9.310128603331257e-06,1778641513.6674328,,,,,,,,,,,,,,,,,,,,
4589,2434,,,,40720.285124616,,1778641515.9556944,77.0,0.12206349521875381,,,,,,,,,,,,,,,,,,
4599,2435,9.273690171520704e-06,4.636845085760352e-05,4.636845085760352e-05,40802.580213934,9.273690171520704e-06,1778641598.2509177,,,,,,,,,,,,,,,,,,,,
4599,2436,9.273690171520704e-06,4.636845085760352e-05,4.636845085760352e-05,40804.864471835,9.273690171520704e-06,1778641600.5352423,,,,,,,,,,,,,,,,,,,,
4599,2437,9.273690171520704e-06,4.636845085760352e-05,4.636845085760352e-05,40807.149344499,9.273690171520704e-06,1778641602.820072,,,,,,,,,,,,,,,,,,,,
4599,2438,9.273690171520704e-06,4.636845085760352e-05,4.636845085760352e-05,40809.435262365,9.273690171520704e-06,1778641605.1059773,,,,,,,,,,,,,,,,,,,,
4599,2439,,,,40811.718586018,,1778641607.389367,77.0,0.06128113344311714,,,,,,,,,,,,,,,,,,
4601,2440,,,,40850.061992404,,1778641645.7324986,77.0,,0.1229405552148819,4.497882843017578,0.0,0.1229405552148819,6.606081008911133,0.8769224286079407,,,,,,,,,,,,
4601,2441,,,,40850.065311596,,1778641645.7361045,77.0,,,,,,,,0.0,0.10126711428165436,0.10126711428165436,6.05511474609375,0.8987363576889038,4.265625,,,,,,
4609,2442,9.237261431952858e-06,4.618630715976429e-05,4.618630715976429e-05,40914.376036071,9.237261431952858e-06,1778641710.0466895,,,,,,,,,,,,,,,,,,,,
4609,2443,9.237261431952858e-06,4.618630715976429e-05,4.618630715976429e-05,40916.661049496,9.237261431952858e-06,1778641712.3316262,,,,,,,,,,,,,,,,,,,,
4609,2444,9.237261431952858e-06,4.618630715976429e-05,4.618630715976429e-05,40918.94662101,9.237261431952858e-06,1778641714.6171148,,,,,,,,,,,,,,,,,,,,
4609,2445,9.237261431952858e-06,4.618630715976429e-05,4.618630715976429e-05,40921.231545109,9.237261431952858e-06,1778641716.9022338,,,,,,,,,,,,,,,,,,,,
4609,2446,,,,40923.517762012,,1778641719.1885,78.0,0.09858676791191101,,,,,,,,,,,,,,,,,,
4619,2447,9.2008428707511e-06,4.600421435375549e-05,4.600421435375549e-05,41005.792490062,9.2008428707511e-06,1778641801.463023,,,,,,,,,,,,,,,,,,,,
4619,2448,9.2008428707511e-06,4.600421435375549e-05,4.600421435375549e-05,41008.079518034,9.2008428707511e-06,1778641803.7500646,,,,,,,,,,,,,,,,,,,,
4619,2449,9.2008428707511e-06,4.600421435375549e-05,4.600421435375549e-05,41010.365068212,9.2008428707511e-06,1778641806.035667,,,,,,,,,,,,,,,,,,,,
4619,2450,9.2008428707511e-06,4.600421435375549e-05,4.600421435375549e-05,41012.650096855,9.2008428707511e-06,1778641808.3208148,,,,,,,,,,,,,,,,,,,,
4619,2451,,,,41014.936570661,,1778641810.60733,78.0,0.10927185416221619,,,,,,,,,,,,,,,,,,
4629,2452,9.164434973902975e-06,4.5822174869514874e-05,4.5822174869514874e-05,41097.27360972,9.164434973902975e-06,1778641892.944081,,,,,,,,,,,,,,,,,,,,
4629,2453,9.164434973902975e-06,4.5822174869514874e-05,4.5822174869514874e-05,41099.560470948,9.164434973902975e-06,1778641895.2309651,,,,,,,,,,,,,,,,,,,,
4629,2454,9.164434973902975e-06,4.5822174869514874e-05,4.5822174869514874e-05,41101.850185557,9.164434973902975e-06,1778641897.5207248,,,,,,,,,,,,,,,,,,,,
4629,2455,9.164434973902975e-06,4.5822174869514874e-05,4.5822174869514874e-05,41104.136235784,9.164434973902975e-06,1778641899.8069637,,,,,,,,,,,,,,,,,,,,
4629,2456,,,,41106.424265016,,1778641902.0948224,78.0,0.10973671078681946,,,,,,,,,,,,,,,,,,
4639,2457,9.12803822725373e-06,4.5640191136268654e-05,4.5640191136268654e-05,41188.70341417,9.12803822725373e-06,1778641984.3739054,,,,,,,,,,,,,,,,,,,,
4639,2458,9.12803822725373e-06,4.5640191136268654e-05,4.5640191136268654e-05,41190.990714857,9.12803822725373e-06,1778641986.6613028,,,,,,,,,,,,,,,,,,,,
4639,2459,9.12803822725373e-06,4.5640191136268654e-05,4.5640191136268654e-05,41193.281442147,9.12803822725373e-06,1778641988.952019,,,,,,,,,,,,,,,,,,,,
4639,2460,9.12803822725373e-06,4.5640191136268654e-05,4.5640191136268654e-05,41195.565605064,9.12803822725373e-06,1778641991.2363443,,,,,,,,,,,,,,,,,,,,
4639,2461,,,,41197.850820682,,1778641993.5214164,78.0,0.07993261516094208,,,,,,,,,,,,,,,,,,
4649,2462,9.091653116499803e-06,4.545826558249902e-05,4.545826558249902e-05,41280.115061545,9.091653116499803e-06,1778642075.7855625,,,,,,,,,,,,,,,,,,,,
4649,2463,9.091653116499803e-06,4.545826558249902e-05,4.545826558249902e-05,41282.402361019,9.091653116499803e-06,1778642078.0729074,,,,,,,,,,,,,,,,,,,,
4649,2464,9.091653116499803e-06,4.545826558249902e-05,4.545826558249902e-05,41284.69131439,9.091653116499803e-06,1778642080.361949,,,,,,,,,,,,,,,,,,,,
4649,2465,9.091653116499803e-06,4.545826558249902e-05,4.545826558249902e-05,41286.976531199,9.091653116499803e-06,1778642082.6471949,,,,,,,,,,,,,,,,,,,,
4649,2466,,,,41289.262830857,,1778642084.933409,78.0,0.1459525227546692,,,,,,,,,,,,,,,,,,
4659,2467,9.055280127182366e-06,4.5276400635911834e-05,4.5276400635911834e-05,41371.560706918,9.055280127182366e-06,1778642167.2312648,,,,,,,,,,,,,,,,,,,,
4659,2468,9.055280127182366e-06,4.5276400635911834e-05,4.5276400635911834e-05,41373.848535226,9.055280127182366e-06,1778642169.5191846,,,,,,,,,,,,,,,,,,,,
4659,2469,9.055280127182366e-06,4.5276400635911834e-05,4.5276400635911834e-05,41376.134017716,9.055280127182366e-06,1778642171.804586,,,,,,,,,,,,,,,,,,,,
4659,2470,9.055280127182366e-06,4.5276400635911834e-05,4.5276400635911834e-05,41378.421244118,9.055280127182366e-06,1778642174.0918014,,,,,,,,,,,,,,,,,,,,
4659,2471,,,,41380.706218252,,1778642176.3769197,78.0,0.1106567308306694,,,,,,,,,,,,,,,,,,
4660,2472,,,,41409.957422393,,1778642205.628053,78.0,,0.12999574840068817,4.612499237060547,0.0,0.12999574840068817,6.758247375488281,0.86988365650177,,,,,,,,,,,,
4660,2473,,,,41409.960554143,,1778642205.6313405,78.0,,,,,,,,0.0,0.0961272343993187,0.0961272343993187,6.013286590576172,0.9038695096969604,4.3686676025390625,,,,,,
4669,2474,9.01891974468084e-06,4.5094598723404194e-05,4.5094598723404194e-05,41483.424567989,9.01891974468084e-06,1778642279.0951567,,,,,,,,,,,,,,,,,,,,
4669,2475,9.01891974468084e-06,4.5094598723404194e-05,4.5094598723404194e-05,41485.710911918,9.01891974468084e-06,1778642281.3815386,,,,,,,,,,,,,,,,,,,,
4669,2476,9.01891974468084e-06,4.5094598723404194e-05,4.5094598723404194e-05,41487.995916763,9.01891974468084e-06,1778642283.6666555,,,,,,,,,,,,,,,,,,,,
4669,2477,9.01891974468084e-06,4.5094598723404194e-05,4.5094598723404194e-05,41490.28096351,9.01891974468084e-06,1778642285.951662,,,,,,,,,,,,,,,,,,,,
4669,2478,,,,41492.566496889,,1778642288.237181,79.0,0.15835297107696533,,,,,,,,,,,,,,,,,,
4679,2479,8.982572454206406e-06,4.491286227103203e-05,4.491286227103203e-05,41574.84386232,8.982572454206406e-06,1778642370.5144737,,,,,,,,,,,,,,,,,,,,
4679,2480,8.982572454206406e-06,4.491286227103203e-05,4.491286227103203e-05,41577.131107236,8.982572454206406e-06,1778642372.8017569,,,,,,,,,,,,,,,,,,,,
4679,2481,8.982572454206406e-06,4.491286227103203e-05,4.491286227103203e-05,41579.416163659,8.982572454206406e-06,1778642375.0869012,,,,,,,,,,,,,,,,,,,,
4679,2482,8.982572454206406e-06,4.491286227103203e-05,4.491286227103203e-05,41581.701399613,8.982572454206406e-06,1778642377.3720746,,,,,,,,,,,,,,,,,,,,
4679,2483,,,,41583.988058234,,1778642379.6586928,79.0,0.09070640802383423,,,,,,,,,,,,,,,,,,
4689,2484,8.946238740795547e-06,4.473119370397774e-05,4.473119370397774e-05,41666.244378237,8.946238740795547e-06,1778642461.9149952,,,,,,,,,,,,,,,,,,,,
4689,2485,8.946238740795547e-06,4.473119370397774e-05,4.473119370397774e-05,41668.528102188,8.946238740795547e-06,1778642464.198845,,,,,,,,,,,,,,,,,,,,
4689,2486,8.946238740795547e-06,4.473119370397774e-05,4.473119370397774e-05,41670.813779387,8.946238740795547e-06,1778642466.4844947,,,,,,,,,,,,,,,,,,,,
4689,2487,8.946238740795547e-06,4.473119370397774e-05,4.473119370397774e-05,41673.096718997,8.946238740795547e-06,1778642468.7674634,,,,,,,,,,,,,,,,,,,,
4689,2488,,,,41675.384663174,,1778642471.0553043,79.0,0.11619962751865387,,,,,,,,,,,,,,,,,,
4699,2489,8.909919089303556e-06,4.454959544651777e-05,4.454959544651777e-05,41757.654067821,8.909919089303556e-06,1778642553.3246992,,,,,,,,,,,,,,,,,,,,
4699,2490,8.909919089303556e-06,4.454959544651777e-05,4.454959544651777e-05,41759.939695718,8.909919089303556e-06,1778642555.61043,,,,,,,,,,,,,,,,,,,,
4699,2491,8.909919089303556e-06,4.454959544651777e-05,4.454959544651777e-05,41762.221766004,8.909919089303556e-06,1778642557.8924727,,,,,,,,,,,,,,,,,,,,
4699,2492,8.909919089303556e-06,4.454959544651777e-05,4.454959544651777e-05,41764.506261176,8.909919089303556e-06,1778642560.1769054,,,,,,,,,,,,,,,,,,,,
4699,2493,,,,41766.790096916,,1778642562.460767,79.0,0.10875687003135681,,,,,,,,,,,,,,,,,,
4709,2494,8.873613984398083e-06,4.4368069921990404e-05,4.4368069921990404e-05,41849.059669524,8.873613984398083e-06,1778642644.7302134,,,,,,,,,,,,,,,,,,,,
4709,2495,8.873613984398083e-06,4.4368069921990404e-05,4.4368069921990404e-05,41851.346515927,8.873613984398083e-06,1778642647.01711,,,,,,,,,,,,,,,,,,,,
4709,2496,8.873613984398083e-06,4.4368069921990404e-05,4.4368069921990404e-05,41853.632555164,8.873613984398083e-06,1778642649.3032825,,,,,,,,,,,,,,,,,,,,
4709,2497,8.873613984398083e-06,4.4368069921990404e-05,4.4368069921990404e-05,41855.920881331,8.873613984398083e-06,1778642651.5914314,,,,,,,,,,,,,,,,,,,,
4709,2498,,,,41858.209663573,,1778642653.880261,79.0,0.12485559284687042,,,,,,,,,,,,,,,,,,
4719,2499,8.83732391055266e-06,4.41866195527633e-05,4.41866195527633e-05,41940.510742917,8.83732391055266e-06,1778642736.1814575,,,,,,,,,,,,,,,,,,,,
4719,2500,8.83732391055266e-06,4.41866195527633e-05,4.41866195527633e-05,41942.796455467,8.83732391055266e-06,1778642738.4671755,,,,,,,,,,,,,,,,,,,,
4719,2501,,,,41945.011936954,,1778642740.6827104,79.0,0.07830952852964401,,,,,,,,,,,,,,,,,,
4719,2502,,,,41969.751697408,,1778642765.4221954,79.0,,0.1401212066411972,4.875,0.0,0.1401212066411972,7.084754943847656,0.8597510457038879,,,,,,,,,,,,
4719,2503,,,,41969.755097251,,1778642765.4258854,79.0,,,,,,,,0.0,0.09733320772647858,0.09733320772647858,5.968673229217529,0.9026657938957214,4.21875,,,,,,
4729,2504,8.80104935204024e-06,4.4005246760201204e-05,4.4005246760201204e-05,42052.416236835,8.80104935204024e-06,1778642848.0867846,,,,,,,,,,,,,,,,,,,,
4729,2505,8.80104935204024e-06,4.4005246760201204e-05,4.4005246760201204e-05,42054.704740862,8.80104935204024e-06,1778642850.3754258,,,,,,,,,,,,,,,,,,,,
4729,2506,8.80104935204024e-06,4.4005246760201204e-05,4.4005246760201204e-05,42056.991149386,8.80104935204024e-06,1778642852.6618726,,,,,,,,,,,,,,,,,,,,
4729,2507,8.80104935204024e-06,4.4005246760201204e-05,4.4005246760201204e-05,42059.275889641,8.80104935204024e-06,1778642854.9464536,,,,,,,,,,,,,,,,,,,,
4729,2508,,,,42061.560281061,,1778642857.230923,80.0,0.11855737119913101,,,,,,,,,,,,,,,,,,
4739,2509,8.764790792926731e-06,4.382395396463366e-05,4.382395396463366e-05,42143.855260241,8.764790792926731e-06,1778642939.525984,,,,,,,,,,,,,,,,,,,,
4739,2510,8.764790792926731e-06,4.382395396463366e-05,4.382395396463366e-05,42146.141677691,8.764790792926731e-06,1778642941.8122246,,,,,,,,,,,,,,,,,,,,
4739,2511,8.764790792926731e-06,4.382395396463366e-05,4.382395396463366e-05,42148.427334694,8.764790792926731e-06,1778642944.0980601,,,,,,,,,,,,,,,,,,,,
4739,2512,8.764790792926731e-06,4.382395396463366e-05,4.382395396463366e-05,42150.713073089,8.764790792926731e-06,1778642946.3836784,,,,,,,,,,,,,,,,,,,,
4739,2513,,,,42152.998484631,,1778642948.6690676,80.0,0.16413550078868866,,,,,,,,,,,,,,,,,,
4749,2514,8.728548717064531e-06,4.3642743585322656e-05,4.3642743585322656e-05,42235.300800241,8.728548717064531e-06,1778643030.9714732,,,,,,,,,,,,,,,,,,,,
4749,2515,8.728548717064531e-06,4.3642743585322656e-05,4.3642743585322656e-05,42237.585531029,8.728548717064531e-06,1778643033.2560973,,,,,,,,,,,,,,,,,,,,
4749,2516,8.728548717064531e-06,4.3642743585322656e-05,4.3642743585322656e-05,42239.872307244,8.728548717064531e-06,1778643035.5430114,,,,,,,,,,,,,,,,,,,,
4749,2517,8.728548717064531e-06,4.3642743585322656e-05,4.3642743585322656e-05,42242.160193048,8.728548717064531e-06,1778643037.8308153,,,,,,,,,,,,,,,,,,,,
4749,2518,,,,42244.446501386,,1778643040.117245,80.0,0.17759405076503754,,,,,,,,,,,,,,,,,,
4759,2519,8.692323608086084e-06,4.346161804043042e-05,4.346161804043042e-05,42326.750507395,8.692323608086084e-06,1778643122.4211857,,,,,,,,,,,,,,,,,,,,
4759,2520,8.692323608086084e-06,4.346161804043042e-05,4.346161804043042e-05,42329.035075146,8.692323608086084e-06,1778643124.7056978,,,,,,,,,,,,,,,,,,,,
4759,2521,8.692323608086084e-06,4.346161804043042e-05,4.346161804043042e-05,42331.321430166,8.692323608086084e-06,1778643126.9921334,,,,,,,,,,,,,,,,,,,,
4759,2522,8.692323608086084e-06,4.346161804043042e-05,4.346161804043042e-05,42333.608325807,8.692323608086084e-06,1778643129.279006,,,,,,,,,,,,,,,,,,,,
4759,2523,,,,42335.893865798,,1778643131.5644453,80.0,0.07527332007884979,,,,,,,,,,,,,,,,,,
4769,2524,8.656115949397415e-06,4.328057974698707e-05,4.328057974698707e-05,42418.207642436,8.656115949397415e-06,1778643213.8781664,,,,,,,,,,,,,,,,,,,,
4769,2525,8.656115949397415e-06,4.328057974698707e-05,4.328057974698707e-05,42420.4923917,8.656115949397415e-06,1778643216.1629794,,,,,,,,,,,,,,,,,,,,
4769,2526,8.656115949397415e-06,4.328057974698707e-05,4.328057974698707e-05,42422.777727785,8.656115949397415e-06,1778643218.4484155,,,,,,,,,,,,,,,,,,,,
4769,2527,8.656115949397415e-06,4.328057974698707e-05,4.328057974698707e-05,42425.06380175,8.656115949397415e-06,1778643220.734521,,,,,,,,,,,,,,,,,,,,
4769,2528,,,,42427.352400162,,1778643223.0229542,80.0,0.08986499905586243,,,,,,,,,,,,,,,,,,
4778,2529,,,,42529.666028315,,1778643325.3366742,80.0,,0.12284408509731293,4.46875,0.0,0.12284408509731293,6.607181549072266,0.8770212531089783,,,,,,,,,,,,
4778,2530,,,,42529.669558668,,1778643325.3403358,80.0,,,,,,,,0.0,0.09505951404571533,0.09505951404571533,5.925670146942139,0.9049333333969116,4.25,,,,,,
4779,2531,8.619926224171689e-06,4.309963112085844e-05,4.309963112085844e-05,42529.983322358,8.619926224171689e-06,1778643325.6536038,,,,,,,,,,,,,,,,,,,,
4779,2532,8.619926224171689e-06,4.309963112085844e-05,4.309963112085844e-05,42532.273846252,8.619926224171689e-06,1778643327.9443297,,,,,,,,,,,,,,,,,,,,
4779,2533,8.619926224171689e-06,4.309963112085844e-05,4.309963112085844e-05,42534.561508127,8.619926224171689e-06,1778643330.2322168,,,,,,,,,,,,,,,,,,,,
4779,2534,8.619926224171689e-06,4.309963112085844e-05,4.309963112085844e-05,42536.849919258,8.619926224171689e-06,1778643332.520509,,,,,,,,,,,,,,,,,,,,
4779,2535,,,,42539.139603444,,1778643334.810136,81.0,0.07137525081634521,,,,,,,,,,,,,,,,,,
4789,2536,8.58375491534275e-06,4.291877457671374e-05,4.291877457671374e-05,42621.452056473,8.58375491534275e-06,1778643417.122755,,,,,,,,,,,,,,,,,,,,
4789,2537,8.58375491534275e-06,4.291877457671374e-05,4.291877457671374e-05,42623.736652608,8.58375491534275e-06,1778643419.4073787,,,,,,,,,,,,,,,,,,,,
4789,2538,8.58375491534275e-06,4.291877457671374e-05,4.291877457671374e-05,42626.022209807,8.58375491534275e-06,1778643421.6925452,,,,,,,,,,,,,,,,,,,,
4789,2539,8.58375491534275e-06,4.291877457671374e-05,4.291877457671374e-05,42628.307806925,8.58375491534275e-06,1778643423.9783747,,,,,,,,,,,,,,,,,,,,
4789,2540,,,,42630.594224847,,1778643426.2648509,81.0,0.09297982603311539,,,,,,,,,,,,,,,,,,
4799,2541,8.547602505598689e-06,4.2738012527993443e-05,4.2738012527993443e-05,42712.880079992,8.547602505598689e-06,1778643508.5506911,,,,,,,,,,,,,,,,,,,,
4799,2542,8.547602505598689e-06,4.2738012527993443e-05,4.2738012527993443e-05,42715.166640896,8.547602505598689e-06,1778643510.8373806,,,,,,,,,,,,,,,,,,,,
4799,2543,8.547602505598689e-06,4.2738012527993443e-05,4.2738012527993443e-05,42717.450420263,8.547602505598689e-06,1778643513.1209984,,,,,,,,,,,,,,,,,,,,
4799,2544,8.547602505598689e-06,4.2738012527993443e-05,4.2738012527993443e-05,42719.738091085,8.547602505598689e-06,1778643515.4086275,,,,,,,,,,,,,,,,,,,,
4799,2545,,,,42722.024321788,,1778643517.6949372,81.0,0.08817962557077408,,,,,,,,,,,,,,,,,,
4809,2546,8.511469477375399e-06,4.2557347386876995e-05,4.2557347386876995e-05,42804.311765435,8.511469477375399e-06,1778643599.9823182,,,,,,,,,,,,,,,,,,,,
4809,2547,8.511469477375399e-06,4.2557347386876995e-05,4.2557347386876995e-05,42806.601928764,8.511469477375399e-06,1778643602.272537,,,,,,,,,,,,,,,,,,,,
4809,2548,8.511469477375399e-06,4.2557347386876995e-05,4.2557347386876995e-05,42808.887724319,8.511469477375399e-06,1778643604.558439,,,,,,,,,,,,,,,,,,,,
4809,2549,8.511469477375399e-06,4.2557347386876995e-05,4.2557347386876995e-05,42811.174642832,8.511469477375399e-06,1778643606.8452642,,,,,,,,,,,,,,,,,,,,
4809,2550,,,,42813.461788406,,1778643609.1323702,81.0,0.07633411884307861,,,,,,,,,,,,,,,,,,
4819,2551,8.475356312850135e-06,4.237678156425067e-05,4.237678156425067e-05,42895.758661453,8.475356312850135e-06,1778643691.4293678,,,,,,,,,,,,,,,,,,,,
4819,2552,8.475356312850135e-06,4.237678156425067e-05,4.237678156425067e-05,42898.04565073,8.475356312850135e-06,1778643693.7161775,,,,,,,,,,,,,,,,,,,,
4819,2553,8.475356312850135e-06,4.237678156425067e-05,4.237678156425067e-05,42900.331538338,8.475356312850135e-06,1778643696.0021284,,,,,,,,,,,,,,,,,,,,
4819,2554,8.475356312850135e-06,4.237678156425067e-05,4.237678156425067e-05,42902.61770862,8.475356312850135e-06,1778643698.288315,,,,,,,,,,,,,,,,,,,,
4819,2555,,,,42904.903425209,,1778643700.5741746,81.0,0.11673422157764435,,,,,,,,,,,,,,,,,,
4829,2556,8.439263493935086e-06,4.219631746967543e-05,4.219631746967543e-05,42987.195905057,8.439263493935086e-06,1778643782.8665845,,,,,,,,,,,,,,,,,,,,
4829,2557,8.439263493935086e-06,4.219631746967543e-05,4.219631746967543e-05,42989.480316391,8.439263493935086e-06,1778643785.1508286,,,,,,,,,,,,,,,,,,,,
4829,2558,8.439263493935086e-06,4.219631746967543e-05,4.219631746967543e-05,42991.764576956,8.439263493935086e-06,1778643787.435149,,,,,,,,,,,,,,,,,,,,
4829,2559,8.439263493935086e-06,4.219631746967543e-05,4.219631746967543e-05,42994.050919003,8.439263493935086e-06,1778643789.7216516,,,,,,,,,,,,,,,,,,,,
4829,2560,,,,42996.338469158,,1778643792.0090203,81.0,0.0658687949180603,,,,,,,,,,,,,,,,,,
4837,2561,,,,43089.532689949,,1778643885.2033637,81.0,,0.12883789837360382,4.707435607910156,0.0,0.12883789837360382,6.765567779541016,0.871026873588562,,,,,,,,,,,,
4837,2562,,,,43089.535894902,,1778643885.2066708,81.0,,,,,,,,0.0,0.09608405083417892,0.09608405083417892,5.961119651794434,0.9039120674133301,4.3177490234375,,,,,,
4839,2563,8.403191502270924e-06,4.201595751135461e-05,4.201595751135461e-05,43098.979588579,8.403191502270924e-06,1778643894.6502395,,,,,,,,,,,,,,,,,,,,
4839,2564,8.403191502270924e-06,4.201595751135461e-05,4.201595751135461e-05,43101.265966269,8.403191502270924e-06,1778643896.9365675,,,,,,,,,,,,,,,,,,,,
4839,2565,8.403191502270924e-06,4.201595751135461e-05,4.201595751135461e-05,43103.552194923,8.403191502270924e-06,1778643899.222947,,,,,,,,,,,,,,,,,,,,
4839,2566,8.403191502270924e-06,4.201595751135461e-05,4.201595751135461e-05,43105.839167587,8.403191502270924e-06,1778643901.509757,,,,,,,,,,,,,,,,,,,,
4839,2567,,,,43108.124683637,,1778643903.795251,82.0,0.11424170434474945,,,,,,,,,,,,,,,,,,
4849,2568,8.367140819220405e-06,4.183570409610202e-05,4.183570409610202e-05,43190.407851486,8.367140819220405e-06,1778643986.0785637,,,,,,,,,,,,,,,,,,,,
4849,2569,8.367140819220405e-06,4.183570409610202e-05,4.183570409610202e-05,43192.694398039,8.367140819220405e-06,1778643988.3649497,,,,,,,,,,,,,,,,,,,,
4849,2570,8.367140819220405e-06,4.183570409610202e-05,4.183570409610202e-05,43194.980736248,8.367140819220405e-06,1778643990.6514604,,,,,,,,,,,,,,,,,,,,
4849,2571,8.367140819220405e-06,4.183570409610202e-05,4.183570409610202e-05,43197.268680282,8.367140819220405e-06,1778643992.9392796,,,,,,,,,,,,,,,,,,,,
4849,2572,,,,43199.556568961,,1778643995.2271302,82.0,0.10040397942066193,,,,,,,,,,,,,,,,,,
4859,2573,8.331111925861929e-06,4.165555962930964e-05,4.165555962930964e-05,43281.847350538,8.331111925861929e-06,1778644077.5179183,,,,,,,,,,,,,,,,,,,,
4859,2574,8.331111925861929e-06,4.165555962930964e-05,4.165555962930964e-05,43284.135290434,8.331111925861929e-06,1778644079.8059206,,,,,,,,,,,,,,,,,,,,
4859,2575,8.331111925861929e-06,4.165555962930964e-05,4.165555962930964e-05,43286.423578702,8.331111925861929e-06,1778644082.094128,,,,,,,,,,,,,,,,,,,,
4859,2576,8.331111925861929e-06,4.165555962930964e-05,4.165555962930964e-05,43288.710003243,8.331111925861929e-06,1778644084.380581,,,,,,,,,,,,,,,,,,,,
4859,2577,,,,43290.998049894,,1778644086.6687164,82.0,0.16236896812915802,,,,,,,,,,,,,,,,,,
4869,2578,8.295105302983131e-06,4.147552651491565e-05,4.147552651491565e-05,43373.280764774,8.295105302983131e-06,1778644168.9513507,,,,,,,,,,,,,,,,,,,,
4869,2579,8.295105302983131e-06,4.147552651491565e-05,4.147552651491565e-05,43375.565207391,8.295105302983131e-06,1778644171.235949,,,,,,,,,,,,,,,,,,,,
4869,2580,8.295105302983131e-06,4.147552651491565e-05,4.147552651491565e-05,43377.84940645,8.295105302983131e-06,1778644173.52,,,,,,,,,,,,,,,,,,,,
4869,2581,8.295105302983131e-06,4.147552651491565e-05,4.147552651491565e-05,43380.134617751,8.295105302983131e-06,1778644175.8053148,,,,,,,,,,,,,,,,,,,,
4869,2582,,,,43382.42150273,,1778644178.0921676,82.0,0.1251537799835205,,,,,,,,,,,,,,,,,,
4879,2583,8.259121431074438e-06,4.1295607155372186e-05,4.1295607155372186e-05,43464.688752073,8.259121431074438e-06,1778644260.359489,,,,,,,,,,,,,,,,,,,,
4879,2584,8.259121431074438e-06,4.1295607155372186e-05,4.1295607155372186e-05,43466.974104587,8.259121431074438e-06,1778644262.6446946,,,,,,,,,,,,,,,,,,,,
4879,2585,8.259121431074438e-06,4.1295607155372186e-05,4.1295607155372186e-05,43469.258897447,8.259121431074438e-06,1778644264.9294813,,,,,,,,,,,,,,,,,,,,
4879,2586,8.259121431074438e-06,4.1295607155372186e-05,4.1295607155372186e-05,43471.543543073,8.259121431074438e-06,1778644267.214193,,,,,,,,,,,,,,,,,,,,
4879,2587,,,,43473.828392245,,1778644269.499143,82.0,0.04947949945926666,,,,,,,,,,,,,,,,,,
4889,2588,8.223160790322692e-06,4.1115803951613454e-05,4.1115803951613454e-05,43556.118967521,8.223160790322692e-06,1778644351.7895672,,,,,,,,,,,,,,,,,,,,
4889,2589,8.223160790322692e-06,4.1115803951613454e-05,4.1115803951613454e-05,43558.409215291,8.223160790322692e-06,1778644354.0797074,,,,,,,,,,,,,,,,,,,,
4889,2590,8.223160790322692e-06,4.1115803951613454e-05,4.1115803951613454e-05,43560.695823082,8.223160790322692e-06,1778644356.3664458,,,,,,,,,,,,,,,,,,,,
4889,2591,8.223160790322692e-06,4.1115803951613454e-05,4.1115803951613454e-05,43562.980284039,8.223160790322692e-06,1778644358.6509054,,,,,,,,,,,,,,,,,,,,
4889,2592,,,,43565.26712006,,1778644360.9378479,82.0,0.08284877240657806,,,,,,,,,,,,,,,,,,
4896,2593,,,,43649.348847939,,1778644445.0194855,82.0,,0.12251068651676178,4.4609375,0.0,0.12251068651676178,6.616106986999512,0.8773621320724487,,,,,,,,,,,,
4896,2594,,,,43649.352138462,,1778644445.0229247,82.0,,,,,,,,0.0,0.09591216593980789,0.09591216593980789,5.930463790893555,0.9040875434875488,4.21875,,,,,,
4899,2595,8.187223860604724e-06,4.093611930302362e-05,4.093611930302362e-05,43667.95142581,8.187223860604724e-06,1778644463.6218948,,,,,,,,,,,,,,,,,,,,
4899,2596,8.187223860604724e-06,4.093611930302362e-05,4.093611930302362e-05,43670.238770187,8.187223860604724e-06,1778644465.9093206,,,,,,,,,,,,,,,,,,,,
4899,2597,8.187223860604724e-06,4.093611930302362e-05,4.093611930302362e-05,43672.525663434,8.187223860604724e-06,1778644468.1963372,,,,,,,,,,,,,,,,,,,,
4899,2598,8.187223860604724e-06,4.093611930302362e-05,4.093611930302362e-05,43674.811721312,8.187223860604724e-06,1778644470.482169,,,,,,,,,,,,,,,,,,,,
4899,2599,,,,43677.101509232,,1778644472.7720659,83.0,0.09251151978969574,,,,,,,,,,,,,,,,,,
4909,2600,8.151311121480953e-06,4.0756555607404764e-05,4.0756555607404764e-05,43759.384867606,8.151311121480953e-06,1778644555.0556087,,,,,,,,,,,,,,,,,,,,
4909,2601,8.151311121480953e-06,4.0756555607404764e-05,4.0756555607404764e-05,43761.673933005,8.151311121480953e-06,1778644557.3444357,,,,,,,,,,,,,,,,,,,,
4909,2602,8.151311121480953e-06,4.0756555607404764e-05,4.0756555607404764e-05,43763.958265479,8.151311121480953e-06,1778644559.6289268,,,,,,,,,,,,,,,,,,,,
4909,2603,8.151311121480953e-06,4.0756555607404764e-05,4.0756555607404764e-05,43766.245269172,8.151311121480953e-06,1778644561.9157588,,,,,,,,,,,,,,,,,,,,
4909,2604,,,,43768.530036788,,1778644564.200618,83.0,0.0431690514087677,,,,,,,,,,,,,,,,,,
4919,2605,8.115423052188988e-06,4.0577115260944934e-05,4.0577115260944934e-05,43850.795098575,8.115423052188988e-06,1778644646.4656549,,,,,,,,,,,,,,,,,,,,
4919,2606,8.115423052188988e-06,4.0577115260944934e-05,4.0577115260944934e-05,43853.07958139,8.115423052188988e-06,1778644648.7501662,,,,,,,,,,,,,,,,,,,,
4919,2607,8.115423052188988e-06,4.0577115260944934e-05,4.0577115260944934e-05,43855.363755979,8.115423052188988e-06,1778644651.034473,,,,,,,,,,,,,,,,,,,,
4919,2608,8.115423052188988e-06,4.0577115260944934e-05,4.0577115260944934e-05,43857.650148706,8.115423052188988e-06,1778644653.320732,,,,,,,,,,,,,,,,,,,,
4919,2609,,,,43859.93517199,,1778644655.6059015,83.0,0.10547320544719696,,,,,,,,,,,,,,,,,,
4929,2610,8.079560131637223e-06,4.039780065818611e-05,4.039780065818611e-05,43942.203044315,8.079560131637223e-06,1778644737.8736598,,,,,,,,,,,,,,,,,,,,
4929,2611,8.079560131637223e-06,4.039780065818611e-05,4.039780065818611e-05,43944.491110417,8.079560131637223e-06,1778644740.1618025,,,,,,,,,,,,,,,,,,,,
4929,2612,8.079560131637223e-06,4.039780065818611e-05,4.039780065818611e-05,43946.775481977,8.079560131637223e-06,1778644742.4460294,,,,,,,,,,,,,,,,,,,,
4929,2613,8.079560131637223e-06,4.039780065818611e-05,4.039780065818611e-05,43949.059559564,8.079560131637223e-06,1778644744.7301295,,,,,,,,,,,,,,,,,,,,
4929,2614,,,,43951.343423938,,1778644747.0141244,83.0,0.07167152315378189,,,,,,,,,,,,,,,,,,
4939,2615,8.043722838398465e-06,4.021861419199232e-05,4.021861419199232e-05,44033.610635018,8.043722838398465e-06,1778644829.2813342,,,,,,,,,,,,,,,,,,,,
4939,2616,8.043722838398465e-06,4.021861419199232e-05,4.021861419199232e-05,44035.897431034,8.043722838398465e-06,1778644831.5679653,,,,,,,,,,,,,,,,,,,,
4939,2617,8.043722838398465e-06,4.021861419199232e-05,4.021861419199232e-05,44038.184149191,8.043722838398465e-06,1778644833.8546946,,,,,,,,,,,,,,,,,,,,
4939,2618,8.043722838398465e-06,4.021861419199232e-05,4.021861419199232e-05,44040.469915705,8.043722838398465e-06,1778644836.140534,,,,,,,,,,,,,,,,,,,,
4939,2619,,,,44042.755116385,,1778644838.425876,83.0,0.06157775595784187,,,,,,,,,,,,,,,,,,
4949,2620,8.007911650703531e-06,4.003955825351765e-05,4.003955825351765e-05,44125.01211707,8.007911650703531e-06,1778644920.6827881,,,,,,,,,,,,,,,,,,,,
4949,2621,8.007911650703531e-06,4.003955825351765e-05,4.003955825351765e-05,44127.29866586,8.007911650703531e-06,1778644922.9692502,,,,,,,,,,,,,,,,,,,,
4949,2622,8.007911650703531e-06,4.003955825351765e-05,4.003955825351765e-05,44129.583808352,8.007911650703531e-06,1778644925.2543788,,,,,,,,,,,,,,,,,,,,
4949,2623,8.007911650703531e-06,4.003955825351765e-05,4.003955825351765e-05,44131.87075577,8.007911650703531e-06,1778644927.5413702,,,,,,,,,,,,,,,,,,,,
4949,2624,,,,44134.157273149,,1778644929.828042,83.0,0.0434240847826004,,,,,,,,,,,,,,,,,,
4955,2625,,,,44209.096244899,,1778645004.7669585,83.0,,0.13346494734287262,4.84375,0.0,0.13346494734287262,6.920541286468506,0.8664003014564514,,,,,,,,,,,,
4955,2626,,,,44209.099452968,,1778645004.7702262,83.0,,,,,,,,0.0,0.09848840534687042,0.09848840534687042,5.993303298950195,0.9015123248100281,4.299999237060547,,,,,,
4959,2627,7.972127046434878e-06,3.986063523217439e-05,3.986063523217439e-05,44236.837744265,7.972127046434878e-06,1778645032.5082057,,,,,,,,,,,,,,,,,,,,
4959,2628,7.972127046434878e-06,3.986063523217439e-05,3.986063523217439e-05,44239.124048871,7.972127046434878e-06,1778645034.7945662,,,,,,,,,,,,,,,,,,,,
4959,2629,7.972127046434878e-06,3.986063523217439e-05,3.986063523217439e-05,44241.410522319,7.972127046434878e-06,1778645037.0811229,,,,,,,,,,,,,,,,,,,,
4959,2630,7.972127046434878e-06,3.986063523217439e-05,3.986063523217439e-05,44243.696905589,7.972127046434878e-06,1778645039.3674583,,,,,,,,,,,,,,,,,,,,
4959,2631,,,,44245.988788026,,1778645041.659246,84.0,0.16957435011863708,,,,,,,,,,,,,,,,,,
4969,2632,7.936369503120211e-06,3.9681847515601056e-05,3.9681847515601056e-05,44328.29605391,7.936369503120211e-06,1778645123.966509,,,,,,,,,,,,,,,,,,,,
4969,2633,7.936369503120211e-06,3.9681847515601056e-05,3.9681847515601056e-05,44330.583291799,7.936369503120211e-06,1778645126.2537334,,,,,,,,,,,,,,,,,,,,
4969,2634,7.936369503120211e-06,3.9681847515601056e-05,3.9681847515601056e-05,44332.874173001,7.936369503120211e-06,1778645128.5447128,,,,,,,,,,,,,,,,,,,,
4969,2635,7.936369503120211e-06,3.9681847515601056e-05,3.9681847515601056e-05,44335.161945261,7.936369503120211e-06,1778645130.8324761,,,,,,,,,,,,,,,,,,,,
4969,2636,,,,44337.450883215,,1778645133.1214833,84.0,0.0637148916721344,,,,,,,,,,,,,,,,,,
4979,2637,7.90063949792613e-06,3.950319748963065e-05,3.950319748963065e-05,44419.763323633,7.90063949792613e-06,1778645215.4338777,,,,,,,,,,,,,,,,,,,,
4979,2638,7.90063949792613e-06,3.950319748963065e-05,3.950319748963065e-05,44422.050889597,7.90063949792613e-06,1778645217.7214415,,,,,,,,,,,,,,,,,,,,
4979,2639,7.90063949792613e-06,3.950319748963065e-05,3.950319748963065e-05,44424.335710487,7.90063949792613e-06,1778645220.0062847,,,,,,,,,,,,,,,,,,,,
4979,2640,7.90063949792613e-06,3.950319748963065e-05,3.950319748963065e-05,44426.621056146,7.90063949792613e-06,1778645222.2915962,,,,,,,,,,,,,,,,,,,,
4979,2641,,,,44428.910423377,,1778645224.5810182,84.0,0.11479216814041138,,,,,,,,,,,,,,,,,,
4989,2642,7.86493750765175e-06,3.932468753825874e-05,3.932468753825874e-05,44511.209695012,7.86493750765175e-06,1778645306.880289,,,,,,,,,,,,,,,,,,,,
4989,2643,7.86493750765175e-06,3.932468753825874e-05,3.932468753825874e-05,44513.495137722,7.86493750765175e-06,1778645309.1659172,,,,,,,,,,,,,,,,,,,,
4989,2644,7.86493750765175e-06,3.932468753825874e-05,3.932468753825874e-05,44515.781685022,7.86493750765175e-06,1778645311.452178,,,,,,,,,,,,,,,,,,,,
4989,2645,7.86493750765175e-06,3.932468753825874e-05,3.932468753825874e-05,44518.066498722,7.86493750765175e-06,1778645313.73711,,,,,,,,,,,,,,,,,,,,
4989,2646,,,,44520.351650259,,1778645316.0222933,84.0,0.14706751704216003,,,,,,,,,,,,,,,,,,
4999,2647,7.829264008722335e-06,3.914632004361167e-05,3.914632004361167e-05,44602.631188171,7.829264008722335e-06,1778645398.3016698,,,,,,,,,,,,,,,,,,,,
4999,2648,7.829264008722335e-06,3.914632004361167e-05,3.914632004361167e-05,44604.914832537,7.829264008722335e-06,1778645400.5855887,,,,,,,,,,,,,,,,,,,,
4999,2649,7.829264008722335e-06,3.914632004361167e-05,3.914632004361167e-05,44607.201338779,7.829264008722335e-06,1778645402.8719099,,,,,,,,,,,,,,,,,,,,
4999,2650,7.829264008722335e-06,3.914632004361167e-05,3.914632004361167e-05,44609.486343379,7.829264008722335e-06,1778645405.1569211,,,,,,,,,,,,,,,,,,,,
4999,2651,,,,44611.772412982,,1778645407.443027,84.0,0.08388759195804596,,,,,,,,,,,,,,,,,,
5009,2652,7.79361947718296e-06,3.896809738591479e-05,3.896809738591479e-05,44694.047602676,7.79361947718296e-06,1778645489.7183006,,,,,,,,,,,,,,,,,,,,
5009,2653,7.79361947718296e-06,3.896809738591479e-05,3.896809738591479e-05,44696.331761791,7.79361947718296e-06,1778645492.002551,,,,,,,,,,,,,,,,,,,,
5009,2654,7.79361947718296e-06,3.896809738591479e-05,3.896809738591479e-05,44698.620046865,7.79361947718296e-06,1778645494.2906597,,,,,,,,,,,,,,,,,,,,
5009,2655,7.79361947718296e-06,3.896809738591479e-05,3.896809738591479e-05,44700.904764668,7.79361947718296e-06,1778645496.5754278,,,,,,,,,,,,,,,,,,,,
5009,2656,,,,44703.190802377,,1778645498.8614562,84.0,0.13910451531410217,,,,,,,,,,,,,,,,,,
5014,2657,,,,44768.950705846,,1778645564.6213775,84.0,,0.1549985110759735,5.8132476806640625,0.0,0.1549985110759735,7.715497970581055,0.8448554277420044,,,,,,,,,,,,
5014,2658,,,,44768.953850739,,1778645564.6246324,84.0,,,,,,,,0.0,0.09710794687271118,0.09710794687271118,5.981368541717529,0.9028933048248291,4.3125,,,,,,
5019,2659,7.75800438869212e-06,3.8790021943460605e-05,3.8790021943460605e-05,44805.859638468,7.75800438869212e-06,1778645601.5301409,,,,,,,,,,,,,,,,,,,,
5019,2660,7.75800438869212e-06,3.8790021943460605e-05,3.8790021943460605e-05,44808.146549008,7.75800438869212e-06,1778645603.8170629,,,,,,,,,,,,,,,,,,,,
5019,2661,7.75800438869212e-06,3.8790021943460605e-05,3.8790021943460605e-05,44810.432497439,7.75800438869212e-06,1778645606.1031227,,,,,,,,,,,,,,,,,,,,
5019,2662,7.75800438869212e-06,3.8790021943460605e-05,3.8790021943460605e-05,44812.717511883,7.75800438869212e-06,1778645608.3882535,,,,,,,,,,,,,,,,,,,,
5019,2663,,,,44815.004816752,,1778645610.6755385,85.0,0.06060337275266647,,,,,,,,,,,,,,,,,,
5029,2664,7.722419218515433e-06,3.861209609257717e-05,3.861209609257717e-05,44897.322485107,7.722419218515433e-06,1778645692.9929671,,,,,,,,,,,,,,,,,,,,
5029,2665,7.722419218515433e-06,3.861209609257717e-05,3.861209609257717e-05,44899.608466186,7.722419218515433e-06,1778645695.2790065,,,,,,,,,,,,,,,,,,,,
5029,2666,7.722419218515433e-06,3.861209609257717e-05,3.861209609257717e-05,44901.897416641,7.722419218515433e-06,1778645697.5679793,,,,,,,,,,,,,,,,,,,,
5029,2667,7.722419218515433e-06,3.861209609257717e-05,3.861209609257717e-05,44904.186393015,7.722419218515433e-06,1778645699.8568892,,,,,,,,,,,,,,,,,,,,
5029,2668,,,,44906.475821137,,1778645702.1464016,85.0,0.08442726731300354,,,,,,,,,,,,,,,,,,
5039,2669,7.686864441519258e-06,3.843432220759629e-05,3.843432220759629e-05,44988.780884793,7.686864441519258e-06,1778645784.4514441,,,,,,,,,,,,,,,,,,,,
5039,2670,7.686864441519258e-06,3.843432220759629e-05,3.843432220759629e-05,44991.066468962,7.686864441519258e-06,1778645786.736915,,,,,,,,,,,,,,,,,,,,
5039,2671,7.686864441519258e-06,3.843432220759629e-05,3.843432220759629e-05,44993.356484089,7.686864441519258e-06,1778645789.0244677,,,,,,,,,,,,,,,,,,,,
5039,2672,7.686864441519258e-06,3.843432220759629e-05,3.843432220759629e-05,44995.639789676,7.686864441519258e-06,1778645791.310304,,,,,,,,,,,,,,,,,,,,
5039,2673,,,,44997.92567892,,1778645793.596151,85.0,0.06712794303894043,,,,,,,,,,,,,,,,,,
5049,2674,7.651340532164377e-06,3.825670266082188e-05,3.825670266082188e-05,45080.243628122,7.651340532164377e-06,1778645875.914126,,,,,,,,,,,,,,,,,,,,
5049,2675,7.651340532164377e-06,3.825670266082188e-05,3.825670266082188e-05,45082.531741977,7.651340532164377e-06,1778645878.2021365,,,,,,,,,,,,,,,,,,,,
5049,2676,7.651340532164377e-06,3.825670266082188e-05,3.825670266082188e-05,45084.82208102,7.651340532164377e-06,1778645880.492702,,,,,,,,,,,,,,,,,,,,
5049,2677,7.651340532164377e-06,3.825670266082188e-05,3.825670266082188e-05,45087.110321484,7.651340532164377e-06,1778645882.7810366,,,,,,,,,,,,,,,,,,,,
5049,2678,,,,45089.395696574,,1778645885.0662758,85.0,0.08502642810344696,,,,,,,,,,,,,,,,,,
5059,2679,7.6158479644996596e-06,3.80792398224983e-05,3.80792398224983e-05,45171.674958548,7.6158479644996596e-06,1778645967.3455298,,,,,,,,,,,,,,,,,,,,
5059,2680,7.6158479644996596e-06,3.80792398224983e-05,3.80792398224983e-05,45173.963436772,7.6158479644996596e-06,1778645969.6341696,,,,,,,,,,,,,,,,,,,,
5059,2681,7.6158479644996596e-06,3.80792398224983e-05,3.80792398224983e-05,45176.251926783,7.6158479644996596e-06,1778645971.9225042,,,,,,,,,,,,,,,,,,,,
5059,2682,7.6158479644996596e-06,3.80792398224983e-05,3.80792398224983e-05,45178.539040802,7.6158479644996596e-06,1778645974.209743,,,,,,,,,,,,,,,,,,,,
5059,2683,,,,45180.827644331,,1778645976.498267,85.0,0.04440274089574814,,,,,,,,,,,,,,,,,,
5069,2684,7.580387212155729e-06,3.790193606077864e-05,3.790193606077864e-05,45263.103557776,7.580387212155729e-06,1778646058.774134,,,,,,,,,,,,,,,,,,,,
5069,2685,7.580387212155729e-06,3.790193606077864e-05,3.790193606077864e-05,45265.39098612,7.580387212155729e-06,1778646061.0616715,,,,,,,,,,,,,,,,,,,,
5069,2686,7.580387212155729e-06,3.790193606077864e-05,3.790193606077864e-05,45267.680565981,7.580387212155729e-06,1778646063.3511136,,,,,,,,,,,,,,,,,,,,
5069,2687,7.580387212155729e-06,3.790193606077864e-05,3.790193606077864e-05,45269.964507634,7.580387212155729e-06,1778646065.6352675,,,,,,,,,,,,,,,,,,,,
5069,2688,,,,45272.248447243,,1778646067.9191873,85.0,0.1512545943260193,,,,,,,,,,,,,,,,,,
5073,2689,,,,45328.855118399,,1778646124.5257726,85.0,,0.12102442979812622,4.5319976806640625,0.0,0.12102442979812622,6.5206804275512695,0.8788614273071289,,,,,,,,,,,,
5073,2690,,,,45328.858433188,,1778646124.5292108,85.0,,,,,,,,0.0,0.09366157650947571,0.09366157650947571,5.887400150299072,0.906336784362793,4.303749084472656,,,,,,
5079,2691,7.5449587483386536e-06,3.772479374169326e-05,3.772479374169326e-05,45374.914267992,7.5449587483386536e-06,1778646170.5849538,,,,,,,,,,,,,,,,,,,,
5079,2692,7.5449587483386536e-06,3.772479374169326e-05,3.772479374169326e-05,45377.200578576,7.5449587483386536e-06,1778646172.8711758,,,,,,,,,,,,,,,,,,,,
5079,2693,7.5449587483386536e-06,3.772479374169326e-05,3.772479374169326e-05,45379.486739623,7.5449587483386536e-06,1778646175.1574614,,,,,,,,,,,,,,,,,,,,
5079,2694,7.5449587483386536e-06,3.772479374169326e-05,3.772479374169326e-05,45381.774196119,7.5449587483386536e-06,1778646177.4447374,,,,,,,,,,,,,,,,,,,,
5079,2695,,,,45384.061445051,,1778646179.7321963,86.0,0.0707954689860344,,,,,,,,,,,,,,,,,,
5089,2696,7.509563045823631e-06,3.754781522911816e-05,3.754781522911816e-05,45466.376161226,7.509563045823631e-06,1778646262.0466638,,,,,,,,,,,,,,,,,,,,
5089,2697,7.509563045823631e-06,3.754781522911816e-05,3.754781522911816e-05,45468.665093051,7.509563045823631e-06,1778646264.3357708,,,,,,,,,,,,,,,,,,,,
5089,2698,7.509563045823631e-06,3.754781522911816e-05,3.754781522911816e-05,45470.952151475,7.509563045823631e-06,1778646266.6227076,,,,,,,,,,,,,,,,,,,,
5089,2699,7.509563045823631e-06,3.754781522911816e-05,3.754781522911816e-05,45473.237057457,7.509563045823631e-06,1778646268.9076142,,,,,,,,,,,,,,,,,,,,
5089,2700,,,,45475.524392385,,1778646271.1951053,86.0,0.13707932829856873,,,,,,,,,,,,,,,,,,
5099,2701,7.474200576948673e-06,3.737100288474336e-05,3.737100288474336e-05,45557.823284605,7.474200576948673e-06,1778646353.4938724,,,,,,,,,,,,,,,,,,,,
5099,2702,7.474200576948673e-06,3.737100288474336e-05,3.737100288474336e-05,45560.109689043,7.474200576948673e-06,1778646355.7803667,,,,,,,,,,,,,,,,,,,,
5099,2703,7.474200576948673e-06,3.737100288474336e-05,3.737100288474336e-05,45562.398510567,7.474200576948673e-06,1778646358.0690882,,,,,,,,,,,,,,,,,,,,
5099,2704,7.474200576948673e-06,3.737100288474336e-05,3.737100288474336e-05,45564.685934207,7.474200576948673e-06,1778646360.3566213,,,,,,,,,,,,,,,,,,,,
5099,2705,,,,45566.972382977,,1778646362.6431084,86.0,0.05889211967587471,,,,,,,,,,,,,,,,,,
5109,2706,7.438871813608299e-06,3.719435906804149e-05,3.719435906804149e-05,45649.287976079,7.438871813608299e-06,1778646444.9587,,,,,,,,,,,,,,,,,,,,
5109,2707,7.438871813608299e-06,3.719435906804149e-05,3.719435906804149e-05,45651.574345352,7.438871813608299e-06,1778646447.2449126,,,,,,,,,,,,,,,,,,,,
5109,2708,7.438871813608299e-06,3.719435906804149e-05,3.719435906804149e-05,45653.861131211,7.438871813608299e-06,1778646449.5318706,,,,,,,,,,,,,,,,,,,,
5109,2709,7.438871813608299e-06,3.719435906804149e-05,3.719435906804149e-05,45656.14765893,7.438871813608299e-06,1778646451.8182378,,,,,,,,,,,,,,,,,,,,
5109,2710,,,,45658.435015776,,1778646454.1056073,86.0,0.09683757275342941,,,,,,,,,,,,,,,,,,
5119,2711,7.403577227247252e-06,3.7017886136236256e-05,3.7017886136236256e-05,45740.739977135,7.403577227247252e-06,1778646536.4105556,,,,,,,,,,,,,,,,,,,,
5119,2712,7.403577227247252e-06,3.7017886136236256e-05,3.7017886136236256e-05,45743.02640803,7.403577227247252e-06,1778646538.6969368,,,,,,,,,,,,,,,,,,,,
5119,2713,7.403577227247252e-06,3.7017886136236256e-05,3.7017886136236256e-05,45745.311944829,7.403577227247252e-06,1778646540.9826348,,,,,,,,,,,,,,,,,,,,
5119,2714,7.403577227247252e-06,3.7017886136236256e-05,3.7017886136236256e-05,45747.599854847,7.403577227247252e-06,1778646543.2704031,,,,,,,,,,,,,,,,,,,,
5119,2715,,,,45749.885743332,,1778646545.556295,86.0,0.042757757008075714,,,,,,,,,,,,,,,,,,
5129,2716,7.368317288854199e-06,3.6841586444270995e-05,3.6841586444270995e-05,45832.188268,7.368317288854199e-06,1778646627.8588274,,,,,,,,,,,,,,,,,,,,
5129,2717,7.368317288854199e-06,3.6841586444270995e-05,3.6841586444270995e-05,45834.475693893,7.368317288854199e-06,1778646630.1462455,,,,,,,,,,,,,,,,,,,,
5129,2718,7.368317288854199e-06,3.6841586444270995e-05,3.6841586444270995e-05,45836.7634821,7.368317288854199e-06,1778646632.4340725,,,,,,,,,,,,,,,,,,,,
5129,2719,7.368317288854199e-06,3.6841586444270995e-05,3.6841586444270995e-05,45839.047353922,7.368317288854199e-06,1778646634.718091,,,,,,,,,,,,,,,,,,,,
5129,2720,,,,45841.331549359,,1778646637.0022912,86.0,0.08557073026895523,,,,,,,,,,,,,,,,,,
5132,2721,,,,45888.859038355,,1778646684.5295422,86.0,,0.14528614282608032,5.03125,0.0,0.14528614282608032,7.166343688964844,0.854564368724823,,,,,,,,,,,,
5132,2722,,,,45888.862311741,,1778646684.533141,86.0,,,,,,,,0.0,0.09329625219106674,0.09329625219106674,5.846341609954834,0.9067032337188721,4.28125,,,,,,
5139,2723,7.333092468955448e-06,3.666546234477723e-05,3.666546234477723e-05,45944.072763266,7.333092468955448e-06,1778646739.7433448,,,,,,,,,,,,,,,,,,,,
5139,2724,7.333092468955448e-06,3.666546234477723e-05,3.666546234477723e-05,45946.359851582,7.333092468955448e-06,1778646742.0304277,,,,,,,,,,,,,,,,,,,,
5139,2725,7.333092468955448e-06,3.666546234477723e-05,3.666546234477723e-05,45948.646036247,7.333092468955448e-06,1778646744.3166916,,,,,,,,,,,,,,,,,,,,
5139,2726,7.333092468955448e-06,3.666546234477723e-05,3.666546234477723e-05,45950.93267944,7.333092468955448e-06,1778646746.603261,,,,,,,,,,,,,,,,,,,,
5139,2727,,,,45953.220871534,,1778646748.8910306,87.0,0.09685851633548737,,,,,,,,,,,,,,,,,,
5149,2728,7.297903237608666e-06,3.648951618804333e-05,3.648951618804333e-05,46035.530201177,7.297903237608666e-06,1778646831.200544,,,,,,,,,,,,,,,,,,,,
5149,2729,7.297903237608666e-06,3.648951618804333e-05,3.648951618804333e-05,46037.819084537,7.297903237608666e-06,1778646833.489687,,,,,,,,,,,,,,,,,,,,
5149,2730,7.297903237608666e-06,3.648951618804333e-05,3.648951618804333e-05,46040.104154206,7.297903237608666e-06,1778646835.7747984,,,,,,,,,,,,,,,,,,,,
5149,2731,7.297903237608666e-06,3.648951618804333e-05,3.648951618804333e-05,46042.390301396,7.297903237608666e-06,1778646838.0609336,,,,,,,,,,,,,,,,,,,,
5149,2732,,,,46044.676140131,,1778646840.3467705,87.0,0.07666835933923721,,,,,,,,,,,,,,,,,,
5159,2733,7.262750064396604e-06,3.631375032198302e-05,3.631375032198302e-05,46126.981254272,7.262750064396604e-06,1778646922.651954,,,,,,,,,,,,,,,,,,,,
5159,2734,7.262750064396604e-06,3.631375032198302e-05,3.631375032198302e-05,46129.265637304,7.262750064396604e-06,1778646924.9363213,,,,,,,,,,,,,,,,,,,,
5159,2735,7.262750064396604e-06,3.631375032198302e-05,3.631375032198302e-05,46131.552295267,7.262750064396604e-06,1778646927.223027,,,,,,,,,,,,,,,,,,,,
5159,2736,7.262750064396604e-06,3.631375032198302e-05,3.631375032198302e-05,46133.840258434,7.262750064396604e-06,1778646929.5109673,,,,,,,,,,,,,,,,,,,,
5159,2737,,,,46136.127635267,,1778646931.7983508,87.0,0.09179353713989258,,,,,,,,,,,,,,,,,,
5169,2738,7.227633418420843e-06,3.613816709210422e-05,3.613816709210422e-05,46218.436585141,7.227633418420843e-06,1778647014.1073422,,,,,,,,,,,,,,,,,,,,
5169,2739,7.227633418420843e-06,3.613816709210422e-05,3.613816709210422e-05,46220.724389266,7.227633418420843e-06,1778647016.3948853,,,,,,,,,,,,,,,,,,,,
5169,2740,7.227633418420843e-06,3.613816709210422e-05,3.613816709210422e-05,46223.013067174,7.227633418420843e-06,1778647018.6836023,,,,,,,,,,,,,,,,,,,,
5169,2741,7.227633418420843e-06,3.613816709210422e-05,3.613816709210422e-05,46225.298272676,7.227633418420843e-06,1778647020.968978,,,,,,,,,,,,,,,,,,,,
5169,2742,,,,46227.583874283,,1778647023.2546341,87.0,0.07534894347190857,,,,,,,,,,,,,,,,,,
5179,2743,7.192553768295526e-06,3.596276884147763e-05,3.596276884147763e-05,46309.897679268,7.192553768295526e-06,1778647105.5682547,,,,,,,,,,,,,,,,,,,,
5179,2744,7.192553768295526e-06,3.596276884147763e-05,3.596276884147763e-05,46312.183748898,7.192553768295526e-06,1778647107.8542542,,,,,,,,,,,,,,,,,,,,
5179,2745,7.192553768295526e-06,3.596276884147763e-05,3.596276884147763e-05,46314.470186241,7.192553768295526e-06,1778647110.1408293,,,,,,,,,,,,,,,,,,,,
5179,2746,7.192553768295526e-06,3.596276884147763e-05,3.596276884147763e-05,46316.755197266,7.192553768295526e-06,1778647112.425823,,,,,,,,,,,,,,,,,,,,
5179,2747,,,,46319.042036762,,1778647114.7126646,87.0,0.03265192359685898,,,,,,,,,,,,,,,,,,
5189,2748,7.157511582141104e-06,3.5787557910705524e-05,3.5787557910705524e-05,46401.347210968,7.157511582141104e-06,1778647197.0178268,,,,,,,,,,,,,,,,,,,,
5189,2749,7.157511582141104e-06,3.5787557910705524e-05,3.5787557910705524e-05,46403.630410867,7.157511582141104e-06,1778647199.3010333,,,,,,,,,,,,,,,,,,,,
5189,2750,7.157511582141104e-06,3.5787557910705524e-05,3.5787557910705524e-05,46405.916027201,7.157511582141104e-06,1778647201.5866573,,,,,,,,,,,,,,,,,,,,
5189,2751,7.157511582141104e-06,3.5787557910705524e-05,3.5787557910705524e-05,46408.200533704,7.157511582141104e-06,1778647203.8712137,,,,,,,,,,,,,,,,,,,,
5189,2752,,,,46410.483778467,,1778647206.154561,87.0,0.06526736915111542,,,,,,,,,,,,,,,,,,
5191,2753,,,,46448.928501902,,1778647244.5990095,87.0,,0.11920756846666336,4.625,0.0,0.11920756846666336,6.440375804901123,0.8806751370429993,,,,,,,,,,,,
5191,2754,,,,46449.237017222,,1778647244.9075694,87.0,,,,,,,,0.0,0.09398286789655685,0.09398286789655685,5.880202770233154,0.9060173034667969,4.1875,,,,,,
5199,2755,7.122507327578081e-06,3.5612536637890406e-05,3.5612536637890406e-05,46513.589323998,7.122507327578081e-06,1778647309.2600312,,,,,,,,,,,,,,,,,,,,
5199,2756,7.122507327578081e-06,3.5612536637890406e-05,3.5612536637890406e-05,46515.876448391,7.122507327578081e-06,1778647311.5471227,,,,,,,,,,,,,,,,,,,,
5199,2757,7.122507327578081e-06,3.5612536637890406e-05,3.5612536637890406e-05,46518.162587951,7.122507327578081e-06,1778647313.833146,,,,,,,,,,,,,,,,,,,,
5199,2758,7.122507327578081e-06,3.5612536637890406e-05,3.5612536637890406e-05,46520.447993115,7.122507327578081e-06,1778647316.1187046,,,,,,,,,,,,,,,,,,,,
5199,2759,,,,46522.735877929,,1778647318.4064925,88.0,0.23119667172431946,,,,,,,,,,,,,,,,,,
5209,2760,7.087541471720795e-06,3.5437707358603975e-05,3.5437707358603975e-05,46605.052279043,7.087541471720795e-06,1778647400.7230172,,,,,,,,,,,,,,,,,,,,
5209,2761,7.087541471720795e-06,3.5437707358603975e-05,3.5437707358603975e-05,46607.340453925,7.087541471720795e-06,1778647403.0111916,,,,,,,,,,,,,,,,,,,,
5209,2762,7.087541471720795e-06,3.5437707358603975e-05,3.5437707358603975e-05,46609.628580825,7.087541471720795e-06,1778647405.2993095,,,,,,,,,,,,,,,,,,,,
5209,2763,7.087541471720795e-06,3.5437707358603975e-05,3.5437707358603975e-05,46611.914329234,7.087541471720795e-06,1778647407.5849032,,,,,,,,,,,,,,,,,,,,
5209,2764,,,,46614.20064091,,1778647409.8713932,88.0,0.07981200516223907,,,,,,,,,,,,,,,,,,
5219,2765,7.052614481171165e-06,3.5263072405855824e-05,3.5263072405855824e-05,46696.508790315,7.052614481171165e-06,1778647492.1794894,,,,,,,,,,,,,,,,,,,,
5219,2766,7.052614481171165e-06,3.5263072405855824e-05,3.5263072405855824e-05,46698.796197172,7.052614481171165e-06,1778647494.4668982,,,,,,,,,,,,,,,,,,,,
5219,2767,7.052614481171165e-06,3.5263072405855824e-05,3.5263072405855824e-05,46701.083593422,7.052614481171165e-06,1778647496.7542002,,,,,,,,,,,,,,,,,,,,
5219,2768,7.052614481171165e-06,3.5263072405855824e-05,3.5263072405855824e-05,46703.36891603,7.052614481171165e-06,1778647499.0394847,,,,,,,,,,,,,,,,,,,,
5219,2769,,,,46705.656171817,,1778647501.3269122,88.0,0.07279233634471893,,,,,,,,,,,,,,,,,,
5229,2770,7.017726822012475e-06,3.508863411006237e-05,3.508863411006237e-05,46787.969114758,7.017726822012475e-06,1778647583.6396408,,,,,,,,,,,,,,,,,,,,
5229,2771,7.017726822012475e-06,3.508863411006237e-05,3.508863411006237e-05,46790.256105009,7.017726822012475e-06,1778647585.9267998,,,,,,,,,,,,,,,,,,,,
5229,2772,7.017726822012475e-06,3.508863411006237e-05,3.508863411006237e-05,46792.543205104,7.017726822012475e-06,1778647588.2137294,,,,,,,,,,,,,,,,,,,,
5229,2773,7.017726822012475e-06,3.508863411006237e-05,3.508863411006237e-05,46794.827524654,7.017726822012475e-06,1778647590.498258,,,,,,,,,,,,,,,,,,,,
5229,2774,,,,46797.114625217,,1778647592.7852447,88.0,0.07328241318464279,,,,,,,,,,,,,,,,,,
5239,2775,6.982878959803153e-06,3.4914394799015763e-05,3.4914394799015763e-05,46879.412553309,6.982878959803153e-06,1778647675.0832558,,,,,,,,,,,,,,,,,,,,
5239,2776,6.982878959803153e-06,3.4914394799015763e-05,3.4914394799015763e-05,46881.698374222,6.982878959803153e-06,1778647677.3690407,,,,,,,,,,,,,,,,,,,,
5239,2777,6.982878959803153e-06,3.4914394799015763e-05,3.4914394799015763e-05,46883.981699518,6.982878959803153e-06,1778647679.6523464,,,,,,,,,,,,,,,,,,,,
5239,2778,6.982878959803153e-06,3.4914394799015763e-05,3.4914394799015763e-05,46886.267151343,6.982878959803153e-06,1778647681.9377997,,,,,,,,,,,,,,,,,,,,
5239,2779,,,,46888.553574549,,1778647684.224198,88.0,0.06409166753292084,,,,,,,,,,,,,,,,,,
5249,2780,6.948071359570551e-06,3.4740356797852754e-05,3.4740356797852754e-05,46970.820745113,6.948071359570551e-06,1778647766.4914587,,,,,,,,,,,,,,,,,,,,
5249,2781,6.948071359570551e-06,3.4740356797852754e-05,3.4740356797852754e-05,46973.106574811,6.948071359570551e-06,1778647768.777331,,,,,,,,,,,,,,,,,,,,
5249,2782,6.948071359570551e-06,3.4740356797852754e-05,3.4740356797852754e-05,46975.391613679,6.948071359570551e-06,1778647771.062384,,,,,,,,,,,,,,,,,,,,
5249,2783,6.948071359570551e-06,3.4740356797852754e-05,3.4740356797852754e-05,46977.676850563,6.948071359570551e-06,1778647773.3475995,,,,,,,,,,,,,,,,,,,,
5249,2784,,,,46979.959848107,,1778647775.6306255,88.0,0.1133691668510437,,,,,,,,,,,,,,,,,,
5250,2785,,,,47009.220678802,,1778647804.891314,88.0,,0.11774929612874985,4.426338195800781,0.0,0.11774929612874985,6.44187593460083,0.8821263909339905,,,,,,,,,,,,
5250,2786,,,,47009.224016314,,1778647804.8947763,88.0,,,,,,,,0.0,0.09394276887178421,0.09394276887178421,5.851530075073242,0.9060572981834412,4.1875,,,,,,
5259,2787,6.913304485804748e-06,3.456652242902374e-05,3.456652242902374e-05,47082.646143069,6.913304485804748e-06,1778647878.3167315,,,,,,,,,,,,,,,,,,,,
5259,2788,6.913304485804748e-06,3.456652242902374e-05,3.456652242902374e-05,47084.932353406,6.913304485804748e-06,1778647880.6029668,,,,,,,,,,,,,,,,,,,,
5259,2789,6.913304485804748e-06,3.456652242902374e-05,3.456652242902374e-05,47087.218482259,6.913304485804748e-06,1778647882.889027,,,,,,,,,,,,,,,,,,,,
5259,2790,6.913304485804748e-06,3.456652242902374e-05,3.456652242902374e-05,47089.502655117,6.913304485804748e-06,1778647885.1732373,,,,,,,,,,,,,,,,,,,,
5259,2791,,,,47091.791676711,,1778647887.4623163,89.0,0.10805357992649078,,,,,,,,,,,,,,,,,,
5269,2792,6.878578802452349e-06,3.439289401226175e-05,3.439289401226175e-05,47174.09370438,6.878578802452349e-06,1778647969.7644684,,,,,,,,,,,,,,,,,,,,
5269,2793,6.878578802452349e-06,3.439289401226175e-05,3.439289401226175e-05,47176.38025319,6.878578802452349e-06,1778647972.0508976,,,,,,,,,,,,,,,,,,,,
5269,2794,6.878578802452349e-06,3.439289401226175e-05,3.439289401226175e-05,47178.665621983,6.878578802452349e-06,1778647974.3363044,,,,,,,,,,,,,,,,,,,,
5269,2795,6.878578802452349e-06,3.439289401226175e-05,3.439289401226175e-05,47180.952187927,6.878578802452349e-06,1778647976.6229017,,,,,,,,,,,,,,,,,,,,
5269,2796,,,,47183.241792523,,1778647978.9123065,89.0,0.06719716638326645,,,,,,,,,,,,,,,,,,
5279,2797,6.843894772910295e-06,3.421947386455148e-05,3.421947386455148e-05,47265.537164654,6.843894772910295e-06,1778648061.2078385,,,,,,,,,,,,,,,,,,,,
5279,2798,6.843894772910295e-06,3.421947386455148e-05,3.421947386455148e-05,47267.823857706,6.843894772910295e-06,1778648063.4943044,,,,,,,,,,,,,,,,,,,,
5279,2799,6.843894772910295e-06,3.421947386455148e-05,3.421947386455148e-05,47270.113009266,6.843894772910295e-06,1778648065.7837057,,,,,,,,,,,,,,,,,,,,
5279,2800,6.843894772910295e-06,3.421947386455148e-05,3.421947386455148e-05,47272.400859508,6.843894772910295e-06,1778648068.071551,,,,,,,,,,,,,,,,,,,,
5279,2801,,,,47274.688306552,,1778648070.3589954,89.0,0.06382279098033905,,,,,,,,,,,,,,,,,,
5289,2802,6.809252860019675e-06,3.4046264300098374e-05,3.4046264300098374e-05,47356.999292969,6.809252860019675e-06,1778648152.6699333,,,,,,,,,,,,,,,,,,,,
5289,2803,6.809252860019675e-06,3.4046264300098374e-05,3.4046264300098374e-05,47359.28293128,6.809252860019675e-06,1778648154.9535701,,,,,,,,,,,,,,,,,,,,
5289,2804,6.809252860019675e-06,3.4046264300098374e-05,3.4046264300098374e-05,47361.569964028,6.809252860019675e-06,1778648157.2406576,,,,,,,,,,,,,,,,,,,,
5289,2805,6.809252860019675e-06,3.4046264300098374e-05,3.4046264300098374e-05,47363.855727886,6.809252860019675e-06,1778648159.5263703,,,,,,,,,,,,,,,,,,,,
5289,2806,,,,47366.142234942,,1778648161.8128865,89.0,0.12142777442932129,,,,,,,,,,,,,,,,,,
5299,2807,6.774653526059549e-06,3.3873267630297744e-05,3.3873267630297744e-05,47448.411418981,6.774653526059549e-06,1778648244.0819855,,,,,,,,,,,,,,,,,,,,
5299,2808,6.774653526059549e-06,3.3873267630297744e-05,3.3873267630297744e-05,47450.695327601,6.774653526059549e-06,1778648246.3659701,,,,,,,,,,,,,,,,,,,,
5299,2809,6.774653526059549e-06,3.3873267630297744e-05,3.3873267630297744e-05,47452.982538703,6.774653526059549e-06,1778648248.652889,,,,,,,,,,,,,,,,,,,,
5299,2810,6.774653526059549e-06,3.3873267630297744e-05,3.3873267630297744e-05,47455.268869808,6.774653526059549e-06,1778648250.939613,,,,,,,,,,,,,,,,,,,,
5299,2811,,,,47457.558780121,,1778648253.2293346,89.0,0.07717099785804749,,,,,,,,,,,,,,,,,,
5309,2812,6.740097232740792e-06,3.370048616370396e-05,3.370048616370396e-05,47539.843312989,6.740097232740792e-06,1778648335.5140417,,,,,,,,,,,,,,,,,,,,
5309,2813,6.740097232740792e-06,3.370048616370396e-05,3.370048616370396e-05,47542.128390308,6.740097232740792e-06,1778648337.7991152,,,,,,,,,,,,,,,,,,,,
5309,2814,,,,47544.34441138,,1778648340.0151749,89.0,0.13490894436836243,,,,,,,,,,,,,,,,,,
5309,2815,,,,47569.009320445,,1778648364.680032,89.0,,0.13117411732673645,4.6875,0.0,0.13117411732673645,6.848814010620117,0.8686778545379639,,,,,,,,,,,,
5309,2816,,,,47569.012526672,,1778648364.6832876,89.0,,,,,,,,0.0,0.09384003281593323,0.09384003281593323,5.885358810424805,0.9061630368232727,4.25,,,,,,
5319,2817,6.705584441199914e-06,3.3527922205999566e-05,3.3527922205999566e-05,47651.684926081,6.705584441199914e-06,1778648447.3552973,,,,,,,,,,,,,,,,,,,,
5319,2818,6.705584441199914e-06,3.3527922205999566e-05,3.3527922205999566e-05,47653.987221121,6.705584441199914e-06,1778648449.6579313,,,,,,,,,,,,,,,,,,,,
5319,2819,6.705584441199914e-06,3.3527922205999566e-05,3.3527922205999566e-05,47656.291547688,6.705584441199914e-06,1778648451.9620695,,,,,,,,,,,,,,,,,,,,
5319,2820,6.705584441199914e-06,3.3527922205999566e-05,3.3527922205999566e-05,47658.59360668,6.705584441199914e-06,1778648454.2643902,,,,,,,,,,,,,,,,,,,,
5319,2821,,,,47660.897396136,,1778648456.5680108,90.0,0.18156129121780396,,,,,,,,,,,,,,,,,,
5329,2822,6.6711156119929246e-06,3.335557805996462e-05,3.335557805996462e-05,47743.761450274,6.6711156119929246e-06,1778648539.4321485,,,,,,,,,,,,,,,,,,,,
5329,2823,6.6711156119929246e-06,3.335557805996462e-05,3.335557805996462e-05,47746.063481388,6.6711156119929246e-06,1778648541.7340596,,,,,,,,,,,,,,,,,,,,
5329,2824,6.6711156119929246e-06,3.335557805996462e-05,3.335557805996462e-05,47748.365348223,6.6711156119929246e-06,1778648544.0360785,,,,,,,,,,,,,,,,,,,,
5329,2825,6.6711156119929246e-06,3.335557805996462e-05,3.335557805996462e-05,47750.668792271,6.6711156119929246e-06,1778648546.3395045,,,,,,,,,,,,,,,,,,,,
5329,2826,,,,47752.973024505,,1778648548.6435947,90.0,0.0759931206703186,,,,,,,,,,,,,,,,,,
5339,2827,6.636691205089163e-06,3.3183456025445816e-05,3.3183456025445816e-05,47835.58013772,6.636691205089163e-06,1778648631.2506907,,,,,,,,,,,,,,,,,,,,
5339,2828,6.636691205089163e-06,3.3183456025445816e-05,3.3183456025445816e-05,47837.865617579,6.636691205089163e-06,1778648633.536141,,,,,,,,,,,,,,,,,,,,
5339,2829,6.636691205089163e-06,3.3183456025445816e-05,3.3183456025445816e-05,47840.150413177,6.636691205089163e-06,1778648635.821095,,,,,,,,,,,,,,,,,,,,
5339,2830,6.636691205089163e-06,3.3183456025445816e-05,3.3183456025445816e-05,47842.433846342,6.636691205089163e-06,1778648638.1045547,,,,,,,,,,,,,,,,,,,,
5339,2831,,,,47844.723450737,,1778648640.3941534,90.0,0.08594110608100891,,,,,,,,,,,,,,,,,,
5349,2832,6.602311679865187e-06,3.301155839932594e-05,3.301155839932594e-05,47927.030962021,6.602311679865187e-06,1778648722.7016547,,,,,,,,,,,,,,,,,,,,
5349,2833,6.602311679865187e-06,3.301155839932594e-05,3.301155839932594e-05,47929.315819887,6.602311679865187e-06,1778648724.9865139,,,,,,,,,,,,,,,,,,,,
5349,2834,6.602311679865187e-06,3.301155839932594e-05,3.301155839932594e-05,47931.601611588,6.602311679865187e-06,1778648727.2721543,,,,,,,,,,,,,,,,,,,,
5349,2835,6.602311679865187e-06,3.301155839932594e-05,3.301155839932594e-05,47933.886756004,6.602311679865187e-06,1778648729.5574408,,,,,,,,,,,,,,,,,,,,
5349,2836,,,,47936.174428203,,1778648731.8450193,90.0,0.09856203198432922,,,,,,,,,,,,,,,,,,
5359,2837,6.5679774950986334e-06,3.283988747549316e-05,3.283988747549316e-05,48018.465463163,6.5679774950986334e-06,1778648814.1361942,,,,,,,,,,,,,,,,,,,,
5359,2838,6.5679774950986334e-06,3.283988747549316e-05,3.283988747549316e-05,48020.751503264,6.5679774950986334e-06,1778648816.4220443,,,,,,,,,,,,,,,,,,,,
5359,2839,6.5679774950986334e-06,3.283988747549316e-05,3.283988747549316e-05,48023.036941177,6.5679774950986334e-06,1778648818.7074683,,,,,,,,,,,,,,,,,,,,
5359,2840,6.5679774950986334e-06,3.283988747549316e-05,3.283988747549316e-05,48025.322538509,6.5679774950986334e-06,1778648820.9932547,,,,,,,,,,,,,,,,,,,,
5359,2841,,,,48027.609608548,,1778648823.2802,90.0,0.10567350685596466,,,,,,,,,,,,,,,,,,
5368,2842,,,,48129.939961766,,1778648925.6104746,90.0,,0.12297789007425308,4.640625,0.0,0.12297789007425308,6.623249053955078,0.8769077062606812,,,,,,,,,,,,
5368,2843,,,,48129.943477098,,1778648925.6142275,90.0,,,,,,,,0.0,0.0918455496430397,0.0918455496430397,5.808367729187012,0.9081538915634155,4.21875,,,,,,
5369,2844,6.53368910896208e-06,3.26684455448104e-05,3.26684455448104e-05,48130.264224899,6.53368910896208e-06,1778648925.9345791,,,,,,,,,,,,,,,,,,,,
5369,2845,6.53368910896208e-06,3.26684455448104e-05,3.26684455448104e-05,48132.552004966,6.53368910896208e-06,1778648928.2225428,,,,,,,,,,,,,,,,,,,,
5369,2846,6.53368910896208e-06,3.26684455448104e-05,3.26684455448104e-05,48134.836221026,6.53368910896208e-06,1778648930.5069613,,,,,,,,,,,,,,,,,,,,
5369,2847,6.53368910896208e-06,3.26684455448104e-05,3.26684455448104e-05,48137.120625239,6.53368910896208e-06,1778648932.7912345,,,,,,,,,,,,,,,,,,,,
5369,2848,,,,48139.410060504,,1778648935.0808225,91.0,0.08166450262069702,,,,,,,,,,,,,,,,,,
5379,2849,6.499446979016962e-06,3.249723489508481e-05,3.249723489508481e-05,48221.688123088,6.499446979016962e-06,1778649017.3586564,,,,,,,,,,,,,,,,,,,,
5379,2850,6.499446979016962e-06,3.249723489508481e-05,3.249723489508481e-05,48223.975492413,6.499446979016962e-06,1778649019.6462083,,,,,,,,,,,,,,,,,,,,
5379,2851,6.499446979016962e-06,3.249723489508481e-05,3.249723489508481e-05,48226.260090076,6.499446979016962e-06,1778649021.9307737,,,,,,,,,,,,,,,,,,,,
5379,2852,6.499446979016962e-06,3.249723489508481e-05,3.249723489508481e-05,48228.543345856,6.499446979016962e-06,1778649024.21407,,,,,,,,,,,,,,,,,,,,
5379,2853,,,,48230.828226362,,1778649026.4987745,91.0,0.07521423697471619,,,,,,,,,,,,,,,,,,
5389,2854,6.465251562207431e-06,3.2326257811037155e-05,3.2326257811037155e-05,48313.10875405,6.465251562207431e-06,1778649108.7793345,,,,,,,,,,,,,,,,,,,,
5389,2855,6.465251562207431e-06,3.2326257811037155e-05,3.2326257811037155e-05,48315.395300404,6.465251562207431e-06,1778649111.0660236,,,,,,,,,,,,,,,,,,,,
5389,2856,6.465251562207431e-06,3.2326257811037155e-05,3.2326257811037155e-05,48317.68241925,6.465251562207431e-06,1778649113.3531284,,,,,,,,,,,,,,,,,,,,
5389,2857,6.465251562207431e-06,3.2326257811037155e-05,3.2326257811037155e-05,48319.967131922,6.465251562207431e-06,1778649115.6378362,,,,,,,,,,,,,,,,,,,,
5389,2858,,,,48322.25479873,,1778649117.9253561,91.0,0.1316794902086258,,,,,,,,,,,,,,,,,,
5399,2859,6.4311033148542845e-06,3.215551657427142e-05,3.215551657427142e-05,48404.541082139,6.4311033148542845e-06,1778649200.2118,,,,,,,,,,,,,,,,,,,,
5399,2860,6.4311033148542845e-06,3.215551657427142e-05,3.215551657427142e-05,48406.826344891,6.4311033148542845e-06,1778649202.496948,,,,,,,,,,,,,,,,,,,,
5399,2861,6.4311033148542845e-06,3.215551657427142e-05,3.215551657427142e-05,48409.111451526,6.4311033148542845e-06,1778649204.7821722,,,,,,,,,,,,,,,,,,,,
5399,2862,6.4311033148542845e-06,3.215551657427142e-05,3.215551657427142e-05,48411.396265109,6.4311033148542845e-06,1778649207.0668392,,,,,,,,,,,,,,,,,,,,
5399,2863,,,,48413.685208628,,1778649209.3559787,91.0,0.1839923858642578,,,,,,,,,,,,,,,,,,
5409,2864,6.397002692648868e-06,3.198501346324434e-05,3.198501346324434e-05,48496.215308816,6.397002692648868e-06,1778649291.8859324,,,,,,,,,,,,,,,,,,,,
5409,2865,6.397002692648868e-06,3.198501346324434e-05,3.198501346324434e-05,48498.516571484,6.397002692648868e-06,1778649294.1872213,,,,,,,,,,,,,,,,,,,,
5409,2866,6.397002692648868e-06,3.198501346324434e-05,3.198501346324434e-05,48500.818400533,6.397002692648868e-06,1778649296.4889784,,,,,,,,,,,,,,,,,,,,
5409,2867,6.397002692648868e-06,3.198501346324434e-05,3.198501346324434e-05,48503.12115918,6.397002692648868e-06,1778649298.7917297,,,,,,,,,,,,,,,,,,,,
5409,2868,,,,48505.422076093,,1778649301.0927293,91.0,0.18603631854057312,,,,,,,,,,,,,,,,,,
5419,2869,6.362950150646992e-06,3.181475075323496e-05,3.181475075323496e-05,48588.270817263,6.362950150646992e-06,1778649383.9414074,,,,,,,,,,,,,,,,,,,,
5419,2870,6.362950150646992e-06,3.181475075323496e-05,3.181475075323496e-05,48590.572495446,6.362950150646992e-06,1778649386.2429955,,,,,,,,,,,,,,,,,,,,
5419,2871,6.362950150646992e-06,3.181475075323496e-05,3.181475075323496e-05,48592.857709971,6.362950150646992e-06,1778649388.528421,,,,,,,,,,,,,,,,,,,,
5419,2872,6.362950150646992e-06,3.181475075323496e-05,3.181475075323496e-05,48595.145079148,6.362950150646992e-06,1778649390.815777,,,,,,,,,,,,,,,,,,,,
5419,2873,,,,48597.430587293,,1778649393.1012046,91.0,0.08888792991638184,,,,,,,,,,,,,,,,,,
5427,2874,,,,48690.630056988,,1778649486.3005667,91.0,,0.11691930890083313,4.4375,0.0,0.11691930890083313,6.437520980834961,0.882957935333252,,,,,,,,,,,,
5427,2875,,,,48690.873128723,,1778649486.5436513,91.0,,,,,,,,0.0,0.0931248664855957,0.0931248664855957,5.828096866607666,0.9068748950958252,4.128749847412109,,,,,,
5429,2876,6.328946143262857e-06,3.1644730716314284e-05,3.1644730716314284e-05,48700.30198983,6.328946143262857e-06,1778649495.9725006,,,,,,,,,,,,,,,,,,,,
5429,2877,6.328946143262857e-06,3.1644730716314284e-05,3.1644730716314284e-05,48702.58795053,6.328946143262857e-06,1778649498.2584999,,,,,,,,,,,,,,,,,,,,
5429,2878,6.328946143262857e-06,3.1644730716314284e-05,3.1644730716314284e-05,48704.873123473,6.328946143262857e-06,1778649500.5438554,,,,,,,,,,,,,,,,,,,,
5429,2879,6.328946143262857e-06,3.1644730716314284e-05,3.1644730716314284e-05,48707.15720437,6.328946143262857e-06,1778649502.8279102,,,,,,,,,,,,,,,,,,,,
5429,2880,,,,48709.445235564,,1778649505.1159518,92.0,0.08921351283788681,,,,,,,,,,,,,,,,,,
5439,2881,6.2949911242629955e-06,3.147495562131498e-05,3.147495562131498e-05,48791.738361526,6.2949911242629955e-06,1778649587.4089692,,,,,,,,,,,,,,,,,,,,
5439,2882,6.2949911242629955e-06,3.147495562131498e-05,3.147495562131498e-05,48794.021421982,6.2949911242629955e-06,1778649589.692183,,,,,,,,,,,,,,,,,,,,
5439,2883,6.2949911242629955e-06,3.147495562131498e-05,3.147495562131498e-05,48796.307102892,6.2949911242629955e-06,1778649591.9778726,,,,,,,,,,,,,,,,,,,,
5439,2884,6.2949911242629955e-06,3.147495562131498e-05,3.147495562131498e-05,48798.591348971,6.2949911242629955e-06,1778649594.262155,,,,,,,,,,,,,,,,,,,,
5439,2885,,,,48800.875120975,,1778649596.5459278,92.0,0.05640385299921036,,,,,,,,,,,,,,,,,,
5449,2886,6.261085546760217e-06,3.130542773380108e-05,3.130542773380108e-05,48883.12770832,6.261085546760217e-06,1778649678.7983186,,,,,,,,,,,,,,,,,,,,
5449,2887,6.261085546760217e-06,3.130542773380108e-05,3.130542773380108e-05,48885.411633662,6.261085546760217e-06,1778649681.082412,,,,,,,,,,,,,,,,,,,,
5449,2888,6.261085546760217e-06,3.130542773380108e-05,3.130542773380108e-05,48887.697610541,6.261085546760217e-06,1778649683.3683789,,,,,,,,,,,,,,,,,,,,
5449,2889,6.261085546760217e-06,3.130542773380108e-05,3.130542773380108e-05,48889.982266671,6.261085546760217e-06,1778649685.6530604,,,,,,,,,,,,,,,,,,,,
5449,2890,,,,48892.266720646,,1778649687.9375074,92.0,0.08726884424686432,,,,,,,,,,,,,,,,,,
5459,2891,6.227229863207556e-06,3.113614931603778e-05,3.113614931603778e-05,48974.518008726,6.227229863207556e-06,1778649770.1887434,,,,,,,,,,,,,,,,,,,,
5459,2892,6.227229863207556e-06,3.113614931603778e-05,3.113614931603778e-05,48976.803365037,6.227229863207556e-06,1778649772.4740596,,,,,,,,,,,,,,,,,,,,
5459,2893,6.227229863207556e-06,3.113614931603778e-05,3.113614931603778e-05,48979.087153777,6.227229863207556e-06,1778649774.757917,,,,,,,,,,,,,,,,,,,,
5459,2894,6.227229863207556e-06,3.113614931603778e-05,3.113614931603778e-05,48981.37060676,6.227229863207556e-06,1778649777.0413728,,,,,,,,,,,,,,,,,,,,
5459,2895,,,,48983.658450142,,1778649779.3292353,92.0,0.1022263765335083,,,,,,,,,,,,,,,,,,
5469,2896,6.193424525392242e-06,3.096712262696121e-05,3.096712262696121e-05,49065.94275992,6.193424525392242e-06,1778649861.6133761,,,,,,,,,,,,,,,,,,,,
5469,2897,6.193424525392242e-06,3.096712262696121e-05,3.096712262696121e-05,49068.228829119,6.193424525392242e-06,1778649863.899473,,,,,,,,,,,,,,,,,,,,
5469,2898,6.193424525392242e-06,3.096712262696121e-05,3.096712262696121e-05,49070.512756213,6.193424525392242e-06,1778649866.1834998,,,,,,,,,,,,,,,,,,,,
5469,2899,6.193424525392242e-06,3.096712262696121e-05,3.096712262696121e-05,49072.797650873,6.193424525392242e-06,1778649868.4683867,,,,,,,,,,,,,,,,,,,,
5469,2900,,,,49075.084365411,,1778649870.755082,92.0,0.09937862306833267,,,,,,,,,,,,,,,,,,
5479,2901,6.159669984429651e-06,3.079834992214825e-05,3.079834992214825e-05,49157.330705612,6.159669984429651e-06,1778649953.0012972,,,,,,,,,,,,,,,,,,,,
5479,2902,6.159669984429651e-06,3.079834992214825e-05,3.079834992214825e-05,49159.616528638,6.159669984429651e-06,1778649955.287274,,,,,,,,,,,,,,,,,,,,
5479,2903,6.159669984429651e-06,3.079834992214825e-05,3.079834992214825e-05,49161.90327344,6.159669984429651e-06,1778649957.5740068,,,,,,,,,,,,,,,,,,,,
5479,2904,6.159669984429651e-06,3.079834992214825e-05,3.079834992214825e-05,49164.189790649,6.159669984429651e-06,1778649959.8605337,,,,,,,,,,,,,,,,,,,,
5479,2905,,,,49166.474886777,,1778649962.1454961,92.0,0.07953733205795288,,,,,,,,,,,,,,,,,,
5486,2906,,,,49250.515361471,,1778650046.1856887,92.0,,0.12455836683511734,4.7421875,0.0,0.12455836683511734,6.659292221069336,0.8753111362457275,,,,,,,,,,,,
5486,2907,,,,49250.51935333,,1778650046.1900961,92.0,,,,,,,,0.0,0.09331571310758591,0.09331571310758591,5.868969440460205,0.9066821932792664,4.25,,,,,,
5489,2908,6.125966690757319e-06,3.062983345378659e-05,3.062983345378659e-05,49269.086402737,6.125966690757319e-06,1778650064.7569067,,,,,,,,,,,,,,,,,,,,
5489,2909,6.125966690757319e-06,3.062983345378659e-05,3.062983345378659e-05,49271.373391096,6.125966690757319e-06,1778650067.0439124,,,,,,,,,,,,,,,,,,,,
5489,2910,6.125966690757319e-06,3.062983345378659e-05,3.062983345378659e-05,49273.660238841,6.125966690757319e-06,1778650069.3310015,,,,,,,,,,,,,,,,,,,,
5489,2911,6.125966690757319e-06,3.062983345378659e-05,3.062983345378659e-05,49275.945921913,6.125966690757319e-06,1778650071.616543,,,,,,,,,,,,,,,,,,,,
5489,2912,,,,49278.232469454,,1778650073.9031832,93.0,0.12633085250854492,,,,,,,,,,,,,,,,,,
5499,2913,6.092315094128902e-06,3.046157547064451e-05,3.046157547064451e-05,49360.531407242,6.092315094128902e-06,1778650156.202018,,,,,,,,,,,,,,,,,,,,
5499,2914,6.092315094128902e-06,3.046157547064451e-05,3.046157547064451e-05,49362.819986604,6.092315094128902e-06,1778650158.4907131,,,,,,,,,,,,,,,,,,,,
5499,2915,6.092315094128902e-06,3.046157547064451e-05,3.046157547064451e-05,49365.10671591,6.092315094128902e-06,1778650160.7773864,,,,,,,,,,,,,,,,,,,,
5499,2916,6.092315094128902e-06,3.046157547064451e-05,3.046157547064451e-05,49367.394887126,6.092315094128902e-06,1778650163.0654802,,,,,,,,,,,,,,,,,,,,
5499,2917,,,,49369.680513449,,1778650165.3512993,93.0,0.07836975902318954,,,,,,,,,,,,,,,,,,
5509,2918,6.058715643608191e-06,3.0293578218040952e-05,3.0293578218040952e-05,49451.975886883,6.058715643608191e-06,1778650247.6464703,,,,,,,,,,,,,,,,,,,,
5509,2919,6.058715643608191e-06,3.0293578218040952e-05,3.0293578218040952e-05,49454.262507225,6.058715643608191e-06,1778650249.9331994,,,,,,,,,,,,,,,,,,,,
5509,2920,6.058715643608191e-06,3.0293578218040952e-05,3.0293578218040952e-05,49456.547746438,6.058715643608191e-06,1778650252.218421,,,,,,,,,,,,,,,,,,,,
5509,2921,6.058715643608191e-06,3.0293578218040952e-05,3.0293578218040952e-05,49458.834822304,6.058715643608191e-06,1778650254.5055554,,,,,,,,,,,,,,,,,,,,
5509,2922,,,,49461.120408928,,1778650256.791128,93.0,0.040672726929187775,,,,,,,,,,,,,,,,,,
5519,2923,6.0251687875631015e-06,3.0125843937815506e-05,3.0125843937815506e-05,49543.412188187,6.0251687875631015e-06,1778650339.0827844,,,,,,,,,,,,,,,,,,,,
5519,2924,6.0251687875631015e-06,3.0125843937815506e-05,3.0125843937815506e-05,49545.698830169,6.0251687875631015e-06,1778650341.3695626,,,,,,,,,,,,,,,,,,,,
5519,2925,6.0251687875631015e-06,3.0125843937815506e-05,3.0125843937815506e-05,49547.986954361,6.0251687875631015e-06,1778650343.657627,,,,,,,,,,,,,,,,,,,,
5519,2926,6.0251687875631015e-06,3.0125843937815506e-05,3.0125843937815506e-05,49550.27464438,6.0251687875631015e-06,1778650345.9452455,,,,,,,,,,,,,,,,,,,,
5519,2927,,,,49552.565214943,,1778650348.2358406,93.0,0.0744214653968811,,,,,,,,,,,,,,,,,,
5529,2928,5.991674973659714e-06,2.9958374868298566e-05,2.9958374868298566e-05,49634.844209283,5.991674973659714e-06,1778650430.5149493,,,,,,,,,,,,,,,,,,,,
5529,2929,5.991674973659714e-06,2.9958374868298566e-05,2.9958374868298566e-05,49637.129275839,5.991674973659714e-06,1778650432.7998698,,,,,,,,,,,,,,,,,,,,
5529,2930,5.991674973659714e-06,2.9958374868298566e-05,2.9958374868298566e-05,49639.415851064,5.991674973659714e-06,1778650435.086589,,,,,,,,,,,,,,,,,,,,
5529,2931,5.991674973659714e-06,2.9958374868298566e-05,2.9958374868298566e-05,49641.703344561,5.991674973659714e-06,1778650437.3739173,,,,,,,,,,,,,,,,,,,,
5529,2932,,,,49643.989219352,,1778650439.6599357,93.0,0.061134301126003265,,,,,,,,,,,,,,,,,,
5539,2933,5.958234648856283e-06,2.9791173244281412e-05,2.9791173244281412e-05,49726.267829224,5.958234648856283e-06,1778650521.9384644,,,,,,,,,,,,,,,,,,,,
5539,2934,5.958234648856283e-06,2.9791173244281412e-05,2.9791173244281412e-05,49728.551616009,5.958234648856283e-06,1778650524.2223077,,,,,,,,,,,,,,,,,,,,
5539,2935,5.958234648856283e-06,2.9791173244281412e-05,2.9791173244281412e-05,49730.84226522,5.958234648856283e-06,1778650526.5128868,,,,,,,,,,,,,,,,,,,,
5539,2936,5.958234648856283e-06,2.9791173244281412e-05,2.9791173244281412e-05,49733.127238859,5.958234648856283e-06,1778650528.797985,,,,,,,,,,,,,,,,,,,,
5539,2937,,,,49735.414006308,,1778650531.0846572,93.0,0.060921430587768555,,,,,,,,,,,,,,,,,,
5545,2938,,,,49810.282909381,,1778650605.95341,93.0,,0.12993675470352173,4.966148376464844,0.0,0.12993675470352173,6.8527913093566895,0.8699336051940918,,,,,,,,,,,,
5545,2939,,,,49810.286299923,,1778650605.9570987,93.0,,,,,,,,0.0,0.09223833680152893,0.09223833680152893,5.799959182739258,0.9077625870704651,4.125,,,,,,
5549,2940,5.924848259397278e-06,2.962424129698639e-05,2.962424129698639e-05,49838.03312126,5.924848259397278e-06,1778650633.703731,,,,,,,,,,,,,,,,,,,,
5549,2941,5.924848259397278e-06,2.962424129698639e-05,2.962424129698639e-05,49840.317898938,5.924848259397278e-06,1778650635.9885013,,,,,,,,,,,,,,,,,,,,
5549,2942,5.924848259397278e-06,2.962424129698639e-05,2.962424129698639e-05,49842.605239241,5.924848259397278e-06,1778650638.2758687,,,,,,,,,,,,,,,,,,,,
5549,2943,5.924848259397278e-06,2.962424129698639e-05,2.962424129698639e-05,49844.892737882,5.924848259397278e-06,1778650640.563375,,,,,,,,,,,,,,,,,,,,
5549,2944,,,,49847.178645658,,1778650642.8492594,94.0,0.10343186557292938,,,,,,,,,,,,,,,,,,
5559,2945,5.89151625080743e-06,2.9457581254037146e-05,2.9457581254037146e-05,49929.481629487,5.89151625080743e-06,1778650725.1521842,,,,,,,,,,,,,,,,,,,,
5559,2946,5.89151625080743e-06,2.9457581254037146e-05,2.9457581254037146e-05,49931.766931228,5.89151625080743e-06,1778650727.4375236,,,,,,,,,,,,,,,,,,,,
5559,2947,5.89151625080743e-06,2.9457581254037146e-05,2.9457581254037146e-05,49934.053623732,5.89151625080743e-06,1778650729.7243388,,,,,,,,,,,,,,,,,,,,
5559,2948,5.89151625080743e-06,2.9457581254037146e-05,2.9457581254037146e-05,49936.338557358,5.89151625080743e-06,1778650732.0091488,,,,,,,,,,,,,,,,,,,,
5559,2949,,,,49938.625676103,,1778650734.2963061,94.0,0.06621627509593964,,,,,,,,,,,,,,,,,,
5569,2950,5.858239067885782e-06,2.9291195339428905e-05,2.9291195339428905e-05,50020.90994726,5.858239067885782e-06,1778650816.5805783,,,,,,,,,,,,,,,,,,,,
5569,2951,5.858239067885782e-06,2.9291195339428905e-05,2.9291195339428905e-05,50023.20806985,5.858239067885782e-06,1778650818.878751,,,,,,,,,,,,,,,,,,,,
5569,2952,5.858239067885782e-06,2.9291195339428905e-05,2.9291195339428905e-05,50025.511265243,5.858239067885782e-06,1778650821.1818674,,,,,,,,,,,,,,,,,,,,
5569,2953,5.858239067885782e-06,2.9291195339428905e-05,2.9291195339428905e-05,50027.813857919,5.858239067885782e-06,1778650823.4844236,,,,,,,,,,,,,,,,,,,,
5569,2954,,,,50030.116361351,,1778650825.78699,94.0,0.1382438689470291,,,,,,,,,,,,,,,,,,
5579,2955,5.8250171546997546e-06,2.9125085773498774e-05,2.9125085773498774e-05,50113.022516482,5.8250171546997546e-06,1778650908.6930645,,,,,,,,,,,,,,,,,,,,
5579,2956,5.8250171546997546e-06,2.9125085773498774e-05,2.9125085773498774e-05,50115.324949264,5.8250171546997546e-06,1778650910.9955993,,,,,,,,,,,,,,,,,,,,
5579,2957,5.8250171546997546e-06,2.9125085773498774e-05,2.9125085773498774e-05,50117.628935483,5.8250171546997546e-06,1778650913.2995813,,,,,,,,,,,,,,,,,,,,
5579,2958,5.8250171546997546e-06,2.9125085773498774e-05,2.9125085773498774e-05,50119.932492095,5.8250171546997546e-06,1778650915.6031628,,,,,,,,,,,,,,,,,,,,
5579,2959,,,,50122.235109985,,1778650917.9057899,94.0,0.07507088780403137,,,,,,,,,,,,,,,,,,
5589,2960,5.791850954579226e-06,2.8959254772896128e-05,2.8959254772896128e-05,50205.132671866,5.791850954579226e-06,1778651000.8034217,,,,,,,,,,,,,,,,,,,,
5589,2961,5.791850954579226e-06,2.8959254772896128e-05,2.8959254772896128e-05,50207.437847241,5.791850954579226e-06,1778651003.108434,,,,,,,,,,,,,,,,,,,,
5589,2962,5.791850954579226e-06,2.8959254772896128e-05,2.8959254772896128e-05,50209.739790893,5.791850954579226e-06,1778651005.4105022,,,,,,,,,,,,,,,,,,,,
5589,2963,5.791850954579226e-06,2.8959254772896128e-05,2.8959254772896128e-05,50212.042199063,5.791850954579226e-06,1778651007.7127402,,,,,,,,,,,,,,,,,,,,
5589,2964,,,,50214.345912297,,1778651010.016663,94.0,0.06663870811462402,,,,,,,,,,,,,,,,,,
5599,2965,5.758740910110611e-06,2.879370455055305e-05,2.879370455055305e-05,50297.245469866,5.758740910110611e-06,1778651092.9160562,,,,,,,,,,,,,,,,,,,,
5599,2966,5.758740910110611e-06,2.879370455055305e-05,2.879370455055305e-05,50299.547417691,5.758740910110611e-06,1778651095.2181487,,,,,,,,,,,,,,,,,,,,
5599,2967,5.758740910110611e-06,2.879370455055305e-05,2.879370455055305e-05,50301.852063896,5.758740910110611e-06,1778651097.522632,,,,,,,,,,,,,,,,,,,,
5599,2968,5.758740910110611e-06,2.879370455055305e-05,2.879370455055305e-05,50304.153770667,5.758740910110611e-06,1778651099.8245053,,,,,,,,,,,,,,,,,,,,
5599,2969,,,,50306.456928121,,1778651102.1274934,94.0,0.059503570199012756,,,,,,,,,,,,,,,,,,
5604,2970,,,,50372.585528506,,1778651168.25617,94.0,,0.1288975477218628,4.66400146484375,0.0,0.1288975477218628,6.737616539001465,0.8709645867347717,,,,,,,,,,,,
5604,2971,,,,50372.588734501,,1778651168.2595117,94.0,,,,,,,,0.0,0.09160315990447998,0.09160315990447998,5.775537490844727,0.9083918929100037,4.125,,,,,,
5609,2972,5.725687463130945e-06,2.862843731565473e-05,2.862843731565473e-05,50409.530614677,5.725687463130945e-06,1778651205.2011101,,,,,,,,,,,,,,,,,,,,
5609,2973,5.725687463130945e-06,2.862843731565473e-05,2.862843731565473e-05,50411.81541368,5.725687463130945e-06,1778651207.486137,,,,,,,,,,,,,,,,,,,,
5609,2974,5.725687463130945e-06,2.862843731565473e-05,2.862843731565473e-05,50414.101150944,5.725687463130945e-06,1778651209.7718508,,,,,,,,,,,,,,,,,,,,
5609,2975,5.725687463130945e-06,2.862843731565473e-05,2.862843731565473e-05,50416.387146216,5.725687463130945e-06,1778651212.0578408,,,,,,,,,,,,,,,,,,,,
5609,2976,,,,50418.673567549,,1778651214.3443108,95.0,0.0701008290052414,,,,,,,,,,,,,,,,,,
5619,2977,5.692691054722012e-06,2.8463455273610063e-05,2.8463455273610063e-05,50500.966053201,5.692691054722012e-06,1778651296.636616,,,,,,,,,,,,,,,,,,,,
5619,2978,5.692691054722012e-06,2.8463455273610063e-05,2.8463455273610063e-05,50503.248773383,5.692691054722012e-06,1778651298.9194756,,,,,,,,,,,,,,,,,,,,
5619,2979,5.692691054722012e-06,2.8463455273610063e-05,2.8463455273610063e-05,50505.534424986,5.692691054722012e-06,1778651301.20513,,,,,,,,,,,,,,,,,,,,
5619,2980,5.692691054722012e-06,2.8463455273610063e-05,2.8463455273610063e-05,50507.821293319,5.692691054722012e-06,1778651303.4919908,,,,,,,,,,,,,,,,,,,,
5619,2981,,,,50510.110038045,,1778651305.7807121,95.0,0.06372560560703278,,,,,,,,,,,,,,,,,,
5629,2982,5.659752125204438e-06,2.8298760626022185e-05,2.8298760626022185e-05,50592.852455873,5.659752125204438e-06,1778651388.523069,,,,,,,,,,,,,,,,,,,,
5629,2983,5.659752125204438e-06,2.8298760626022185e-05,2.8298760626022185e-05,50595.153743342,5.659752125204438e-06,1778651390.8243608,,,,,,,,,,,,,,,,,,,,
5629,2984,5.659752125204438e-06,2.8298760626022185e-05,2.8298760626022185e-05,50597.456147051,5.659752125204438e-06,1778651393.1267822,,,,,,,,,,,,,,,,,,,,
5629,2985,5.659752125204438e-06,2.8298760626022185e-05,2.8298760626022185e-05,50599.758753785,5.659752125204438e-06,1778651395.4293687,,,,,,,,,,,,,,,,,,,,
5629,2986,,,,50602.061176942,,1778651397.7318287,95.0,0.08886510133743286,,,,,,,,,,,,,,,,,,
5639,2987,5.62687111413182e-06,2.81343555706591e-05,2.81343555706591e-05,50684.92802968,5.62687111413182e-06,1778651480.5986469,,,,,,,,,,,,,,,,,,,,
5639,2988,5.62687111413182e-06,2.81343555706591e-05,2.81343555706591e-05,50687.231501324,5.62687111413182e-06,1778651482.9021094,,,,,,,,,,,,,,,,,,,,
5639,2989,5.62687111413182e-06,2.81343555706591e-05,2.81343555706591e-05,50689.532613086,5.62687111413182e-06,1778651485.2032602,,,,,,,,,,,,,,,,,,,,
5639,2990,5.62687111413182e-06,2.81343555706591e-05,2.81343555706591e-05,50691.833747963,5.62687111413182e-06,1778651487.504364,,,,,,,,,,,,,,,,,,,,
5639,2991,,,,50694.136553012,,1778651489.8071914,95.0,0.052725523710250854,,,,,,,,,,,,,,,,,,
5649,2992,5.5940484602848675e-06,2.797024230142434e-05,2.797024230142434e-05,50777.018697853,5.5940484602848675e-06,1778651572.6893072,,,,,,,,,,,,,,,,,,,,
5649,2993,5.5940484602848675e-06,2.797024230142434e-05,2.797024230142434e-05,50779.320636728,5.5940484602848675e-06,1778651574.9913523,,,,,,,,,,,,,,,,,,,,
5649,2994,5.5940484602848675e-06,2.797024230142434e-05,2.797024230142434e-05,50781.623211199,5.5940484602848675e-06,1778651577.2937503,,,,,,,,,,,,,,,,,,,,
5649,2995,5.5940484602848675e-06,2.797024230142434e-05,2.797024230142434e-05,50783.92538725,5.5940484602848675e-06,1778651579.59612,,,,,,,,,,,,,,,,,,,,
5649,2996,,,,50786.230302984,,1778651581.9008822,95.0,0.1251836121082306,,,,,,,,,,,,,,,,,,
5659,2997,5.561284601665538e-06,2.780642300832769e-05,2.780642300832769e-05,50869.095469224,5.561284601665538e-06,1778651664.7660692,,,,,,,,,,,,,,,,,,,,
5659,2998,5.561284601665538e-06,2.780642300832769e-05,2.780642300832769e-05,50871.399700807,5.561284601665538e-06,1778651667.070348,,,,,,,,,,,,,,,,,,,,
5659,2999,5.561284601665538e-06,2.780642300832769e-05,2.780642300832769e-05,50873.699731068,5.561284601665538e-06,1778651669.3704562,,,,,,,,,,,,,,,,,,,,
5659,3000,5.561284601665538e-06,2.780642300832769e-05,2.780642300832769e-05,50876.001673846,5.561284601665538e-06,1778651671.6723106,,,,,,,,,,,,,,,,,,,,
5659,3001,,,,50878.302235066,,1778651673.9730008,95.0,0.055239006876945496,,,,,,,,,,,,,,,,,,
5663,3002,,,,50935.154825076,,1778651730.8255002,95.0,,0.1223490908741951,4.5,0.0,0.1223490908741951,6.562399387359619,0.8775296807289124,,,,,,,,,,,,
5663,3003,,,,50935.158098462,,1778651730.8288765,95.0,,,,,,,,0.0,0.09074877202510834,0.09074877202510834,5.775130748748779,0.9092470407485962,4.166496276855469,,,,,,
5669,3004,5.528579975491198e-06,2.7642899877455992e-05,2.7642899877455992e-05,50981.173451506,5.528579975491198e-06,1778651776.843959,,,,,,,,,,,,,,,,,,,,
5669,3005,5.528579975491198e-06,2.7642899877455992e-05,2.7642899877455992e-05,50983.456535203,5.528579975491198e-06,1778651779.1272457,,,,,,,,,,,,,,,,,,,,
5669,3006,5.528579975491198e-06,2.7642899877455992e-05,2.7642899877455992e-05,50985.743232707,5.528579975491198e-06,1778651781.4138772,,,,,,,,,,,,,,,,,,,,
5669,3007,5.528579975491198e-06,2.7642899877455992e-05,2.7642899877455992e-05,50988.027882819,5.528579975491198e-06,1778651783.6984277,,,,,,,,,,,,,,,,,,,,
5669,3008,,,,50990.315687569,,1778651785.9864047,96.0,0.06913740187883377,,,,,,,,,,,,,,,,,,
5679,3009,5.495935018188785e-06,2.7479675090943924e-05,2.7479675090943924e-05,51072.915944819,5.495935018188785e-06,1778651868.5864499,,,,,,,,,,,,,,,,,,,,
5679,3010,5.495935018188785e-06,2.7479675090943924e-05,2.7479675090943924e-05,51075.217192307,5.495935018188785e-06,1778651870.8878992,,,,,,,,,,,,,,,,,,,,
5679,3011,5.495935018188785e-06,2.7479675090943924e-05,2.7479675090943924e-05,51077.520159832,5.495935018188785e-06,1778651873.1907458,,,,,,,,,,,,,,,,,,,,
5679,3012,5.495935018188785e-06,2.7479675090943924e-05,2.7479675090943924e-05,51079.823108769,5.495935018188785e-06,1778651875.4937851,,,,,,,,,,,,,,,,,,,,
5679,3013,,,,51082.125752257,,1778651877.7963781,96.0,0.0909288302063942,,,,,,,,,,,,,,,,,,
5689,3014,5.463350165388985e-06,2.7316750826944926e-05,2.7316750826944926e-05,51164.992767329,5.463350165388985e-06,1778651960.663435,,,,,,,,,,,,,,,,,,,,
5689,3015,5.463350165388985e-06,2.7316750826944926e-05,2.7316750826944926e-05,51167.294818134,5.463350165388985e-06,1778651962.9654226,,,,,,,,,,,,,,,,,,,,
5689,3016,5.463350165388985e-06,2.7316750826944926e-05,2.7316750826944926e-05,51169.595744187,5.463350165388985e-06,1778651965.266401,,,,,,,,,,,,,,,,,,,,
5689,3017,5.463350165388985e-06,2.7316750826944926e-05,2.7316750826944926e-05,51171.895012184,5.463350165388985e-06,1778651967.5657196,,,,,,,,,,,,,,,,,,,,
5689,3018,,,,51174.201552194,,1778651969.8722308,96.0,0.12174084782600403,,,,,,,,,,,,,,,,,,
5699,3019,5.430825851920427e-06,2.7154129259602135e-05,2.7154129259602135e-05,51257.06011106,5.430825851920427e-06,1778652052.7307413,,,,,,,,,,,,,,,,,,,,
5699,3020,5.430825851920427e-06,2.7154129259602135e-05,2.7154129259602135e-05,51259.362520154,5.430825851920427e-06,1778652055.03297,,,,,,,,,,,,,,,,,,,,
5699,3021,5.430825851920427e-06,2.7154129259602135e-05,2.7154129259602135e-05,51261.662550638,5.430825851920427e-06,1778652057.333179,,,,,,,,,,,,,,,,,,,,
5699,3022,5.430825851920427e-06,2.7154129259602135e-05,2.7154129259602135e-05,51263.963303529,5.430825851920427e-06,1778652059.6340241,,,,,,,,,,,,,,,,,,,,
5699,3023,,,,51266.264972769,,1778652061.9356565,96.0,0.11119112372398376,,,,,,,,,,,,,,,,,,
5709,3024,5.398362511803855e-06,2.6991812559019276e-05,2.6991812559019276e-05,51349.119052973,5.398362511803855e-06,1778652144.789613,,,,,,,,,,,,,,,,,,,,
5709,3025,5.398362511803855e-06,2.6991812559019276e-05,2.6991812559019276e-05,51351.421913175,5.398362511803855e-06,1778652147.0924582,,,,,,,,,,,,,,,,,,,,
5709,3026,5.398362511803855e-06,2.6991812559019276e-05,2.6991812559019276e-05,51353.726088225,5.398362511803855e-06,1778652149.396817,,,,,,,,,,,,,,,,,,,,
5709,3027,5.398362511803855e-06,2.6991812559019276e-05,2.6991812559019276e-05,51356.027334158,5.398362511803855e-06,1778652151.69793,,,,,,,,,,,,,,,,,,,,
5709,3028,,,,51358.330026066,,1778652154.0007164,96.0,0.1363232284784317,,,,,,,,,,,,,,,,,,
5719,3029,5.36596057824637e-06,2.682980289123185e-05,2.682980289123185e-05,51441.186850627,5.36596057824637e-06,1778652236.857488,,,,,,,,,,,,,,,,,,,,
5719,3030,5.36596057824637e-06,2.682980289123185e-05,2.682980289123185e-05,51443.490706857,5.36596057824637e-06,1778652239.1612911,,,,,,,,,,,,,,,,,,,,
5719,3031,5.36596057824637e-06,2.682980289123185e-05,2.682980289123185e-05,51445.793905147,5.36596057824637e-06,1778652241.4644575,,,,,,,,,,,,,,,,,,,,
5719,3032,5.36596057824637e-06,2.682980289123185e-05,2.682980289123185e-05,51448.094677146,5.36596057824637e-06,1778652243.7654147,,,,,,,,,,,,,,,,,,,,
5719,3033,,,,51450.395627554,,1778652246.0663836,96.0,0.0399126335978508,,,,,,,,,,,,,,,,,,
5722,3034,,,,51498.21138742,,1778652293.8818986,96.0,,0.1175089105963707,4.46875,0.0,0.1175089105963707,6.419683456420898,0.8823725581169128,,,,,,,,,,,,
5722,3035,,,,51498.539795975,,1778652294.2103643,96.0,,,,,,,,0.0,0.09206817299127579,0.09206817299127579,5.779898166656494,0.9079358577728271,4.0625,,,,,,
5729,3036,5.333620483635629e-06,2.6668102418178142e-05,2.6668102418178142e-05,51554.004863805,5.333620483635629e-06,1778652349.6754606,,,,,,,,,,,,,,,,,,,,
5729,3037,5.333620483635629e-06,2.6668102418178142e-05,2.6668102418178142e-05,51556.30544839,5.333620483635629e-06,1778652351.9761019,,,,,,,,,,,,,,,,,,,,
5729,3038,5.333620483635629e-06,2.6668102418178142e-05,2.6668102418178142e-05,51558.606123942,5.333620483635629e-06,1778652354.2768025,,,,,,,,,,,,,,,,,,,,
5729,3039,5.333620483635629e-06,2.6668102418178142e-05,2.6668102418178142e-05,51560.908514865,5.333620483635629e-06,1778652356.5791767,,,,,,,,,,,,,,,,,,,,
5729,3040,,,,51563.211481874,,1778652358.882105,97.0,0.16939181089401245,,,,,,,,,,,,,,,,,,
5739,3041,5.30134265953408e-06,2.65067132976704e-05,2.65067132976704e-05,51646.082088655,5.30134265953408e-06,1778652441.7526617,,,,,,,,,,,,,,,,,,,,
5739,3042,5.30134265953408e-06,2.65067132976704e-05,2.65067132976704e-05,51648.383947406,5.30134265953408e-06,1778652444.0546305,,,,,,,,,,,,,,,,,,,,
5739,3043,5.30134265953408e-06,2.65067132976704e-05,2.65067132976704e-05,51650.688491837,5.30134265953408e-06,1778652446.3591113,,,,,,,,,,,,,,,,,,,,
5739,3044,5.30134265953408e-06,2.65067132976704e-05,2.65067132976704e-05,51652.988970894,5.30134265953408e-06,1778652448.6596196,,,,,,,,,,,,,,,,,,,,
5739,3045,,,,51655.292626949,,1778652450.9632394,97.0,0.059456393122673035,,,,,,,,,,,,,,,,,,
5749,3046,5.269127536673194e-06,2.634563768336597e-05,2.634563768336597e-05,51738.123070668,5.269127536673194e-06,1778652533.7936296,,,,,,,,,,,,,,,,,,,,
5749,3047,5.269127536673194e-06,2.634563768336597e-05,2.634563768336597e-05,51740.424608264,5.269127536673194e-06,1778652536.0952947,,,,,,,,,,,,,,,,,,,,
5749,3048,5.269127536673194e-06,2.634563768336597e-05,2.634563768336597e-05,51742.725715804,5.269127536673194e-06,1778652538.3964233,,,,,,,,,,,,,,,,,,,,
5749,3049,5.269127536673194e-06,2.634563768336597e-05,2.634563768336597e-05,51745.027835567,5.269127536673194e-06,1778652540.6984494,,,,,,,,,,,,,,,,,,,,
5749,3050,,,,51747.327879388,,1778652542.9985821,97.0,0.07024737447500229,,,,,,,,,,,,,,,,,,
5759,3051,5.236975544947735e-06,2.6184877724738677e-05,2.6184877724738677e-05,51830.179894726,5.236975544947735e-06,1778652625.8506355,,,,,,,,,,,,,,,,,,,,
5759,3052,5.236975544947735e-06,2.6184877724738677e-05,2.6184877724738677e-05,51832.481759322,5.236975544947735e-06,1778652628.1523156,,,,,,,,,,,,,,,,,,,,
5759,3053,5.236975544947735e-06,2.6184877724738677e-05,2.6184877724738677e-05,51834.784969032,5.236975544947735e-06,1778652630.4557,,,,,,,,,,,,,,,,,,,,
5759,3054,5.236975544947735e-06,2.6184877724738677e-05,2.6184877724738677e-05,51837.087151928,5.236975544947735e-06,1778652632.7578952,,,,,,,,,,,,,,,,,,,,
5759,3055,,,,51839.38948522,,1778652635.060232,97.0,0.0777798593044281,,,,,,,,,,,,,,,,,,
5769,3056,5.20488711341001e-06,2.602443556705005e-05,2.602443556705005e-05,51922.253586878,5.20488711341001e-06,1778652717.924102,,,,,,,,,,,,,,,,,,,,
5769,3057,5.20488711341001e-06,2.602443556705005e-05,2.602443556705005e-05,51924.557835378,5.20488711341001e-06,1778652720.2283792,,,,,,,,,,,,,,,,,,,,
5769,3058,5.20488711341001e-06,2.602443556705005e-05,2.602443556705005e-05,51926.861393028,5.20488711341001e-06,1778652722.5319638,,,,,,,,,,,,,,,,,,,,
5769,3059,5.20488711341001e-06,2.602443556705005e-05,2.602443556705005e-05,51929.164244687,5.20488711341001e-06,1778652724.8349302,,,,,,,,,,,,,,,,,,,,
5769,3060,,,,51931.465946418,,1778652727.13653,97.0,0.04186718910932541,,,,,,,,,,,,,,,,,,
5779,3061,5.1728626702641425e-06,2.5864313351320713e-05,2.5864313351320713e-05,52014.334694962,5.1728626702641425e-06,1778652810.0054305,,,,,,,,,,,,,,,,,,,,
5779,3062,5.1728626702641425e-06,2.5864313351320713e-05,2.5864313351320713e-05,52016.63630498,5.1728626702641425e-06,1778652812.3068738,,,,,,,,,,,,,,,,,,,,
5779,3063,5.1728626702641425e-06,2.5864313351320713e-05,2.5864313351320713e-05,52018.936548543,5.1728626702641425e-06,1778652814.60725,,,,,,,,,,,,,,,,,,,,
5779,3064,5.1728626702641425e-06,2.5864313351320713e-05,2.5864313351320713e-05,52021.240420344,5.1728626702641425e-06,1778652816.9111512,,,,,,,,,,,,,,,,,,,,
5779,3065,,,,52023.54164913,,1778652819.2123833,97.0,0.04393595829606056,,,,,,,,,,,,,,,,,,
5781,3066,,,,52062.159839696,,1778652857.830345,97.0,,0.12167148292064667,4.7734375,0.0,0.12167148292064667,6.582563877105713,0.8782126307487488,,,,,,,,,,,,
5781,3067,,,,52062.163163165,,1778652857.8339639,97.0,,,,,,,,0.0,0.09107672423124313,0.09107672423124313,5.756272792816162,0.9089242219924927,4.100700378417969,,,,,,
5789,3068,5.140902642860379e-06,2.5704513214301894e-05,2.5704513214301894e-05,52126.938911419,5.140902642860379e-06,1778652922.6095343,,,,,,,,,,,,,,,,,,,,
5789,3069,5.140902642860379e-06,2.5704513214301894e-05,2.5704513214301894e-05,52129.240234627,5.140902642860379e-06,1778652924.9108984,,,,,,,,,,,,,,,,,,,,
5789,3070,5.140902642860379e-06,2.5704513214301894e-05,2.5704513214301894e-05,52131.540631101,5.140902642860379e-06,1778652927.2113044,,,,,,,,,,,,,,,,,,,,
5789,3071,5.140902642860379e-06,2.5704513214301894e-05,2.5704513214301894e-05,52133.840713761,5.140902642860379e-06,1778652929.511379,,,,,,,,,,,,,,,,,,,,
5789,3072,,,,52136.144951824,,1778652931.8155348,98.0,0.0842011347413063,,,,,,,,,,,,,,,,,,
5799,3073,5.109007457689346e-06,2.5545037288446728e-05,2.5545037288446728e-05,52219.017200607,5.109007457689346e-06,1778653014.6878388,,,,,,,,,,,,,,,,,,,,
5799,3074,5.109007457689346e-06,2.5545037288446728e-05,2.5545037288446728e-05,52221.316033295,5.109007457689346e-06,1778653016.986714,,,,,,,,,,,,,,,,,,,,
5799,3075,5.109007457689346e-06,2.5545037288446728e-05,2.5545037288446728e-05,52223.61638005,5.109007457689346e-06,1778653019.2869818,,,,,,,,,,,,,,,,,,,,
5799,3076,5.109007457689346e-06,2.5545037288446728e-05,2.5545037288446728e-05,52225.918022315,5.109007457689346e-06,1778653021.5886295,,,,,,,,,,,,,,,,,,,,
5799,3077,,,,52228.219616647,,1778653023.890258,98.0,0.07970044761896133,,,,,,,,,,,,,,,,,,
5809,3078,5.0771775403764e-06,2.5385887701881998e-05,2.5385887701881998e-05,52311.073540792,5.0771775403764e-06,1778653106.7440896,,,,,,,,,,,,,,,,,,,,
5809,3079,5.0771775403764e-06,2.5385887701881998e-05,2.5385887701881998e-05,52313.374413825,5.0771775403764e-06,1778653109.0450695,,,,,,,,,,,,,,,,,,,,
5809,3080,5.0771775403764e-06,2.5385887701881998e-05,2.5385887701881998e-05,52315.675393398,5.0771775403764e-06,1778653111.346051,,,,,,,,,,,,,,,,,,,,
5809,3081,5.0771775403764e-06,2.5385887701881998e-05,2.5385887701881998e-05,52317.977503222,5.0771775403764e-06,1778653113.647975,,,,,,,,,,,,,,,,,,,,
5809,3082,,,,52320.279466566,,1778653115.950038,98.0,0.05370181426405907,,,,,,,,,,,,,,,,,,
5819,3083,5.045413315675925e-06,2.522706657837962e-05,2.522706657837962e-05,52403.136667129,5.045413315675925e-06,1778653198.8072953,,,,,,,,,,,,,,,,,,,,
5819,3084,5.045413315675925e-06,2.522706657837962e-05,2.522706657837962e-05,52405.434695679,5.045413315675925e-06,1778653201.105376,,,,,,,,,,,,,,,,,,,,
5819,3085,5.045413315675925e-06,2.522706657837962e-05,2.522706657837962e-05,52407.737781346,5.045413315675925e-06,1778653203.408429,,,,,,,,,,,,,,,,,,,,
5819,3086,5.045413315675925e-06,2.522706657837962e-05,2.522706657837962e-05,52410.038010416,5.045413315675925e-06,1778653205.7086914,,,,,,,,,,,,,,,,,,,,
5819,3087,,,,52412.345425486,,1778653208.0160596,98.0,0.0743999108672142,,,,,,,,,,,,,,,,,,
5829,3088,5.013715207465672e-06,2.5068576037328363e-05,2.5068576037328363e-05,52495.186462145,5.013715207465672e-06,1778653290.8570766,,,,,,,,,,,,,,,,,,,,
5829,3089,5.013715207465672e-06,2.5068576037328363e-05,2.5068576037328363e-05,52497.486192079,5.013715207465672e-06,1778653293.156884,,,,,,,,,,,,,,,,,,,,
5829,3090,5.013715207465672e-06,2.5068576037328363e-05,2.5068576037328363e-05,52499.787143271,5.013715207465672e-06,1778653295.4577918,,,,,,,,,,,,,,,,,,,,
5829,3091,5.013715207465672e-06,2.5068576037328363e-05,2.5068576037328363e-05,52502.093217639,5.013715207465672e-06,1778653297.7638752,,,,,,,,,,,,,,,,,,,,
5829,3092,,,,52504.393886406,,1778653300.064569,98.0,0.09799054265022278,,,,,,,,,,,,,,,,,,
5839,3093,4.982083638741093e-06,2.4910418193705465e-05,2.4910418193705465e-05,52587.214790729,4.982083638741093e-06,1778653382.8854058,,,,,,,,,,,,,,,,,,,,
5839,3094,4.982083638741093e-06,2.4910418193705465e-05,2.4910418193705465e-05,52589.514121739,4.982083638741093e-06,1778653385.184811,,,,,,,,,,,,,,,,,,,,
5839,3095,4.982083638741093e-06,2.4910418193705465e-05,2.4910418193705465e-05,52591.817199905,4.982083638741093e-06,1778653387.48786,,,,,,,,,,,,,,,,,,,,
5839,3096,4.982083638741093e-06,2.4910418193705465e-05,2.4910418193705465e-05,52594.121509142,4.982083638741093e-06,1778653389.7921312,,,,,,,,,,,,,,,,,,,,
5839,3097,,,,52596.422436954,,1778653392.0931087,98.0,0.20836031436920166,,,,,,,,,,,,,,,,,,
5840,3098,,,,52625.886958535,,1778653421.5574431,98.0,,0.11865220218896866,4.484375,0.0,0.11865220218896866,6.464694976806641,0.8812335729598999,,,,,,,,,,,,
5840,3099,,,,52625.890278948,,1778653421.561086,98.0,,,,,,,,0.0,0.08870793879032135,0.08870793879032135,5.74144172668457,0.9112934470176697,4.1875,,,,,,
5849,3100,4.9505190316097125e-06,2.4752595158048563e-05,2.4752595158048563e-05,52699.782225308,4.9505190316097125e-06,1778653495.4529052,,,,,,,,,,,,,,,,,,,,
5849,3101,4.9505190316097125e-06,2.4752595158048563e-05,2.4752595158048563e-05,52702.085860598,4.9505190316097125e-06,1778653497.756421,,,,,,,,,,,,,,,,,,,,
5849,3102,4.9505190316097125e-06,2.4752595158048563e-05,2.4752595158048563e-05,52704.387851335,4.9505190316097125e-06,1778653500.0586097,,,,,,,,,,,,,,,,,,,,
5849,3103,4.9505190316097125e-06,2.4752595158048563e-05,2.4752595158048563e-05,52706.688978033,4.9505190316097125e-06,1778653502.3597069,,,,,,,,,,,,,,,,,,,,
5849,3104,,,,52708.991653531,,1778653504.6622458,99.0,0.13285639882087708,,,,,,,,,,,,,,,,,,
5859,3105,4.919021807285483e-06,2.4595109036427417e-05,2.4595109036427417e-05,52791.876665731,4.919021807285483e-06,1778653587.547334,,,,,,,,,,,,,,,,,,,,
5859,3106,4.919021807285483e-06,2.4595109036427417e-05,2.4595109036427417e-05,52794.179153546,4.919021807285483e-06,1778653589.8498921,,,,,,,,,,,,,,,,,,,,
5859,3107,4.919021807285483e-06,2.4595109036427417e-05,2.4595109036427417e-05,52796.480891304,4.919021807285483e-06,1778653592.1514823,,,,,,,,,,,,,,,,,,,,
5859,3108,4.919021807285483e-06,2.4595109036427417e-05,2.4595109036427417e-05,52798.781613765,4.919021807285483e-06,1778653594.4523282,,,,,,,,,,,,,,,,,,,,
5859,3109,,,,52801.083461569,,1778653596.75419,99.0,0.09160113334655762,,,,,,,,,,,,,,,,,,
5869,3110,4.887592386083167e-06,2.443796193041584e-05,2.443796193041584e-05,52883.954602891,4.887592386083167e-06,1778653679.6251774,,,,,,,,,,,,,,,,,,,,
5869,3111,4.887592386083167e-06,2.443796193041584e-05,2.443796193041584e-05,52886.257192389,4.887592386083167e-06,1778653681.9278963,,,,,,,,,,,,,,,,,,,,
5869,3112,4.887592386083167e-06,2.443796193041584e-05,2.443796193041584e-05,52888.558710326,4.887592386083167e-06,1778653684.2293117,,,,,,,,,,,,,,,,,,,,
5869,3113,4.887592386083167e-06,2.443796193041584e-05,2.443796193041584e-05,52890.859968273,4.887592386083167e-06,1778653686.5305965,,,,,,,,,,,,,,,,,,,,
5869,3114,,,,52893.161553242,,1778653688.8322687,99.0,0.07520797848701477,,,,,,,,,,,,,,,,,,
5879,3115,4.856231187412731e-06,2.4281155937063653e-05,2.4281155937063653e-05,52975.983968305,4.856231187412731e-06,1778653771.6546836,,,,,,,,,,,,,,,,,,,,
5879,3116,4.856231187412731e-06,2.4281155937063653e-05,2.4281155937063653e-05,52978.285574894,4.856231187412731e-06,1778653773.9561205,,,,,,,,,,,,,,,,,,,,
5879,3117,4.856231187412731e-06,2.4281155937063653e-05,2.4281155937063653e-05,52980.585159323,4.856231187412731e-06,1778653776.2557607,,,,,,,,,,,,,,,,,,,,
5879,3118,4.856231187412731e-06,2.4281155937063653e-05,2.4281155937063653e-05,52982.886653916,4.856231187412731e-06,1778653778.55725,,,,,,,,,,,,,,,,,,,,
5879,3119,,,,52985.188058032,,1778653780.8588378,99.0,0.10392113029956818,,,,,,,,,,,,,,,,,,
5889,3120,4.82493862977373e-06,2.412469314886865e-05,2.412469314886865e-05,53068.029463533,4.82493862977373e-06,1778653863.7001014,,,,,,,,,,,,,,,,,,,,
5889,3121,4.82493862977373e-06,2.412469314886865e-05,2.412469314886865e-05,53070.329115642,4.82493862977373e-06,1778653865.9998686,,,,,,,,,,,,,,,,,,,,
5889,3122,4.82493862977373e-06,2.412469314886865e-05,2.412469314886865e-05,53072.628040368,4.82493862977373e-06,1778653868.2987523,,,,,,,,,,,,,,,,,,,,
5889,3123,4.82493862977373e-06,2.412469314886865e-05,2.412469314886865e-05,53074.931214014,4.82493862977373e-06,1778653870.6019087,,,,,,,,,,,,,,,,,,,,
5889,3124,,,,53077.235155465,,1778653872.905804,99.0,0.055826228111982346,,,,,,,,,,,,,,,,,,
5899,3125,4.793715130749766e-06,2.3968575653748825e-05,2.3968575653748825e-05,53160.067209911,4.793715130749766e-06,1778653955.737808,,,,,,,,,,,,,,,,,,,,
5899,3126,4.793715130749766e-06,2.3968575653748825e-05,2.3968575653748825e-05,53162.366945734,4.793715130749766e-06,1778653958.0375872,,,,,,,,,,,,,,,,,,,,
5899,3127,,,,53164.597216615,,1778653960.2679322,99.0,0.07537653297185898,,,,,,,,,,,,,,,,,,
5899,3128,,,,53189.536528579,,1778653985.207176,99.0,,0.12804941833019257,4.7050018310546875,0.0,0.12804941833019257,6.761171817779541,0.8718138933181763,,,,,,,,,,,,
5899,3129,,,,53189.539646909,,1778653985.2104278,99.0,,,,,,,,0.0,0.09000559151172638,0.09000559151172638,5.7286601066589355,0.909993052482605,4.125,,,,,,
5909,3130,4.762561107002865e-06,2.3812805535014328e-05,2.3812805535014328e-05,53272.703036572,4.762561107002865e-06,1778654068.3735158,,,,,,,,,,,,,,,,,,,,
5909,3131,4.762561107002865e-06,2.3812805535014328e-05,2.3812805535014328e-05,53275.006700006,4.762561107002865e-06,1778654070.6774333,,,,,,,,,,,,,,,,,,,,
5909,3132,4.762561107002865e-06,2.3812805535014328e-05,2.3812805535014328e-05,53277.308403893,4.762561107002865e-06,1778654072.978976,,,,,,,,,,,,,,,,,,,,
5909,3133,4.762561107002865e-06,2.3812805535014328e-05,2.3812805535014328e-05,53279.609539716,4.762561107002865e-06,1778654075.2802668,,,,,,,,,,,,,,,,,,,,
5909,3134,,,,53281.91161973,,1778654077.582256,100.0,0.14089874923229218,,,,,,,,,,,,,,,,,,
5919,3135,4.731476974267956e-06,2.3657384871339782e-05,2.3657384871339782e-05,53364.761642451,4.731476974267956e-06,1778654160.432384,,,,,,,,,,,,,,,,,,,,
5919,3136,4.731476974267956e-06,2.3657384871339782e-05,2.3657384871339782e-05,53367.063102497,4.731476974267956e-06,1778654162.733668,,,,,,,,,,,,,,,,,,,,
5919,3137,4.731476974267956e-06,2.3657384871339782e-05,2.3657384871339782e-05,53369.366087698,4.731476974267956e-06,1778654165.036652,,,,,,,,,,,,,,,,,,,,
5919,3138,4.731476974267956e-06,2.3657384871339782e-05,2.3657384871339782e-05,53371.665995081,4.731476974267956e-06,1778654167.3366876,,,,,,,,,,,,,,,,,,,,
5919,3139,,,,53373.968593571,,1778654169.639329,100.0,0.08597289025783539,,,,,,,,,,,,,,,,,,
5929,3140,4.7004631473472915e-06,2.350231573673646e-05,2.350231573673646e-05,53456.834397039,4.7004631473472915e-06,1778654252.504985,,,,,,,,,,,,,,,,,,,,
5929,3141,4.7004631473472915e-06,2.350231573673646e-05,2.350231573673646e-05,53459.136136062,4.7004631473472915e-06,1778654254.8066995,,,,,,,,,,,,,,,,,,,,
5929,3142,4.7004631473472915e-06,2.350231573673646e-05,2.350231573673646e-05,53461.437333009,4.7004631473472915e-06,1778654257.1079698,,,,,,,,,,,,,,,,,,,,
5929,3143,4.7004631473472915e-06,2.350231573673646e-05,2.350231573673646e-05,53463.739138793,4.7004631473472915e-06,1778654259.409884,,,,,,,,,,,,,,,,,,,,
5929,3144,,,,53466.042451314,,1778654261.713045,100.0,0.09801457822322845,,,,,,,,,,,,,,,,,,
5939,3145,4.669520040104939e-06,2.3347600200524693e-05,2.3347600200524693e-05,53548.904560532,4.669520040104939e-06,1778654344.5751243,,,,,,,,,,,,,,,,,,,,
5939,3146,4.669520040104939e-06,2.3347600200524693e-05,2.3347600200524693e-05,53551.205764916,4.669520040104939e-06,1778654346.8764148,,,,,,,,,,,,,,,,,,,,
5939,3147,4.669520040104939e-06,2.3347600200524693e-05,2.3347600200524693e-05,53553.507046577,4.669520040104939e-06,1778654349.1777582,,,,,,,,,,,,,,,,,,,,
5939,3148,4.669520040104939e-06,2.3347600200524693e-05,2.3347600200524693e-05,53555.808757454,4.669520040104939e-06,1778654351.4795036,,,,,,,,,,,,,,,,,,,,
5939,3149,,,,53558.11008226,,1778654353.7807107,100.0,0.11909662187099457,,,,,,,,,,,,,,,,,,
5949,3150,4.638648065461245e-06,2.3193240327306226e-05,2.3193240327306226e-05,53640.978158405,4.638648065461245e-06,1778654436.6487045,,,,,,,,,,,,,,,,,,,,
5949,3151,4.638648065461245e-06,2.3193240327306226e-05,2.3193240327306226e-05,53643.282322395,4.638648065461245e-06,1778654438.9528944,,,,,,,,,,,,,,,,,,,,
5949,3152,4.638648065461245e-06,2.3193240327306226e-05,2.3193240327306226e-05,53645.582934004,4.638648065461245e-06,1778654441.253657,,,,,,,,,,,,,,,,,,,,
5949,3153,4.638648065461245e-06,2.3193240327306226e-05,2.3193240327306226e-05,53647.882076193,4.638648065461245e-06,1778654443.5528193,,,,,,,,,,,,,,,,,,,,
5949,3154,,,,53650.185296535,,1778654445.8559391,100.0,0.082556813955307,,,,,,,,,,,,,,,,,,
5958,3155,,,,53753.270741151,,1778654548.9412198,100.0,,0.12435437738895416,4.875,0.0,0.12435437738895416,6.689357280731201,0.8755057454109192,,,,,,,,,,,,
5958,3156,,,,53753.274185841,,1778654548.9448743,100.0,,,,,,,,0.0,0.08929766714572906,0.08929766714572906,5.6926798820495605,0.910699188709259,4.03125,,,,,,
5959,3157,4.607847635387328e-06,2.303923817693664e-05,2.303923817693664e-05,53753.56585436,4.607847635387328e-06,1778654549.2365758,,,,,,,,,,,,,,,,,,,,
5959,3158,4.607847635387328e-06,2.303923817693664e-05,2.303923817693664e-05,53755.867388915,4.607847635387328e-06,1778654551.537892,,,,,,,,,,,,,,,,,,,,
5959,3159,4.607847635387328e-06,2.303923817693664e-05,2.303923817693664e-05,53758.169035981,4.607847635387328e-06,1778654553.839749,,,,,,,,,,,,,,,,,,,,
5959,3160,4.607847635387328e-06,2.303923817693664e-05,2.303923817693664e-05,53760.468648908,4.607847635387328e-06,1778654556.1392713,,,,,,,,,,,,,,,,,,,,
5959,3161,,,,53762.770850999,,1778654558.4416082,101.0,0.09894241392612457,,,,,,,,,,,,,,,,,,
5969,3162,4.577119160899579e-06,2.2885595804497893e-05,2.2885595804497893e-05,53845.622343183,4.577119160899579e-06,1778654641.2930653,,,,,,,,,,,,,,,,,,,,
5969,3163,4.577119160899579e-06,2.2885595804497893e-05,2.2885595804497893e-05,53847.924469522,4.577119160899579e-06,1778654643.595192,,,,,,,,,,,,,,,,,,,,
5969,3164,4.577119160899579e-06,2.2885595804497893e-05,2.2885595804497893e-05,53850.224332969,4.577119160899579e-06,1778654645.8950474,,,,,,,,,,,,,,,,,,,,
5969,3165,4.577119160899579e-06,2.2885595804497893e-05,2.2885595804497893e-05,53852.523233418,4.577119160899579e-06,1778654648.1939402,,,,,,,,,,,,,,,,,,,,
5969,3166,,,,53854.825543576,,1778654650.4962487,101.0,0.0931062251329422,,,,,,,,,,,,,,,,,,
5979,3167,4.54646305205417e-06,2.2732315260270846e-05,2.2732315260270846e-05,53937.699666665,4.54646305205417e-06,1778654733.3701494,,,,,,,,,,,,,,,,,,,,
5979,3168,4.54646305205417e-06,2.2732315260270846e-05,2.2732315260270846e-05,53940.001881321,4.54646305205417e-06,1778654735.6725972,,,,,,,,,,,,,,,,,,,,
5979,3169,4.54646305205417e-06,2.2732315260270846e-05,2.2732315260270846e-05,53942.304468317,4.54646305205417e-06,1778654737.9751387,,,,,,,,,,,,,,,,,,,,
5979,3170,4.54646305205417e-06,2.2732315260270846e-05,2.2732315260270846e-05,53944.608485394,4.54646305205417e-06,1778654740.2791488,,,,,,,,,,,,,,,,,,,,
5979,3171,,,,53946.911632464,,1778654742.5821757,101.0,0.0995779037475586,,,,,,,,,,,,,,,,,,
5989,3172,4.515879717941601e-06,2.2579398589708008e-05,2.2579398589708008e-05,54029.777087418,4.515879717941601e-06,1778654825.4475229,,,,,,,,,,,,,,,,,,,,
5989,3173,4.515879717941601e-06,2.2579398589708008e-05,2.2579398589708008e-05,54032.078263084,4.515879717941601e-06,1778654827.7488427,,,,,,,,,,,,,,,,,,,,
5989,3174,4.515879717941601e-06,2.2579398589708008e-05,2.2579398589708008e-05,54034.379086601,4.515879717941601e-06,1778654830.0496855,,,,,,,,,,,,,,,,,,,,
5989,3175,4.515879717941601e-06,2.2579398589708008e-05,2.2579398589708008e-05,54036.683065704,4.515879717941601e-06,1778654832.3536289,,,,,,,,,,,,,,,,,,,,
5989,3176,,,,54038.98668063,,1778654834.6572592,101.0,0.06247112900018692,,,,,,,,,,,,,,,,,,
5999,3177,4.485369566681224e-06,2.2426847833406117e-05,2.2426847833406117e-05,54121.877127292,4.485369566681224e-06,1778654917.5477552,,,,,,,,,,,,,,,,,,,,
5999,3178,4.485369566681224e-06,2.2426847833406117e-05,2.2426847833406117e-05,54124.178746027,4.485369566681224e-06,1778654919.8493774,,,,,,,,,,,,,,,,,,,,
5999,3179,4.485369566681224e-06,2.2426847833406117e-05,2.2426847833406117e-05,54126.480292493,4.485369566681224e-06,1778654922.1508708,,,,,,,,,,,,,,,,,,,,
5999,3180,4.485369566681224e-06,2.2426847833406117e-05,2.2426847833406117e-05,54128.78492428,4.485369566681224e-06,1778654924.4555213,,,,,,,,,,,,,,,,,,,,
5999,3181,,,,54131.088910788,,1778654926.7594867,101.0,0.04395139217376709,,,,,,,,,,,,,,,,,,
6009,3182,4.454933005415804e-06,2.2274665027079016e-05,2.2274665027079016e-05,54213.946394821,4.454933005415804e-06,1778655009.6171632,,,,,,,,,,,,,,,,,,,,
6009,3183,4.454933005415804e-06,2.2274665027079016e-05,2.2274665027079016e-05,54216.246914154,4.454933005415804e-06,1778655011.9174795,,,,,,,,,,,,,,,,,,,,
6009,3184,4.454933005415804e-06,2.2274665027079016e-05,2.2274665027079016e-05,54218.550981554,4.454933005415804e-06,1778655014.2215567,,,,,,,,,,,,,,,,,,,,
6009,3185,4.454933005415804e-06,2.2274665027079016e-05,2.2274665027079016e-05,54220.853715799,4.454933005415804e-06,1778655016.5243142,,,,,,,,,,,,,,,,,,,,
6009,3186,,,,54223.15767006,,1778655018.828279,101.0,0.08849573880434036,,,,,,,,,,,,,,,,,,
6017,3187,,,,54317.035498242,,1778655112.7060058,101.0,,0.12425387650728226,4.528644561767578,0.0,0.12425387650728226,6.554853916168213,0.8756205439567566,,,,,,,,,,,,
6017,3188,,,,54317.038871265,,1778655112.7095857,101.0,,,,,,,,0.0,0.09078678488731384,0.09078678488731384,5.7895426750183105,0.9092137217521667,4.1875,,,,,,
6019,3189,4.424570440306082e-06,2.212285220153041e-05,2.212285220153041e-05,54326.613436391,4.424570440306082e-06,1778655122.2840002,,,,,,,,,,,,,,,,,,,,
6019,3190,4.424570440306082e-06,2.212285220153041e-05,2.212285220153041e-05,54328.915407764,4.424570440306082e-06,1778655124.586032,,,,,,,,,,,,,,,,,,,,
6019,3191,4.424570440306082e-06,2.212285220153041e-05,2.212285220153041e-05,54331.216939466,4.424570440306082e-06,1778655126.887614,,,,,,,,,,,,,,,,,,,,
6019,3192,4.424570440306082e-06,2.212285220153041e-05,2.212285220153041e-05,54333.519266035,4.424570440306082e-06,1778655129.189936,,,,,,,,,,,,,,,,,,,,
6019,3193,,,,54335.821501626,,1778655131.4921308,102.0,0.09511804580688477,,,,,,,,,,,,,,,,,,
6029,3194,4.394282276525359e-06,2.1971411382626793e-05,2.1971411382626793e-05,54418.655807625,4.394282276525359e-06,1778655214.326399,,,,,,,,,,,,,,,,,,,,
6029,3195,4.394282276525359e-06,2.1971411382626793e-05,2.1971411382626793e-05,54420.955749026,4.394282276525359e-06,1778655216.6264653,,,,,,,,,,,,,,,,,,,,
6029,3196,4.394282276525359e-06,2.1971411382626793e-05,2.1971411382626793e-05,54423.258077918,4.394282276525359e-06,1778655218.9286935,,,,,,,,,,,,,,,,,,,,
6029,3197,4.394282276525359e-06,2.1971411382626793e-05,2.1971411382626793e-05,54425.559539766,4.394282276525359e-06,1778655221.2302382,,,,,,,,,,,,,,,,,,,,
6029,3198,,,,54427.863297208,,1778655223.5338829,102.0,0.05824023112654686,,,,,,,,,,,,,,,,,,
6039,3199,4.3640689182540866e-06,2.182034459127043e-05,2.182034459127043e-05,54510.689142311,4.3640689182540866e-06,1778655306.3597496,,,,,,,,,,,,,,,,,,,,
6039,3200,4.3640689182540866e-06,2.182034459127043e-05,2.182034459127043e-05,54512.990134793,4.3640689182540866e-06,1778655308.6608167,,,,,,,,,,,,,,,,,,,,
6039,3201,4.3640689182540866e-06,2.182034459127043e-05,2.182034459127043e-05,54515.291715449,4.3640689182540866e-06,1778655310.962459,,,,,,,,,,,,,,,,,,,,
6039,3202,4.3640689182540866e-06,2.182034459127043e-05,2.182034459127043e-05,54517.594351123,4.3640689182540866e-06,1778655313.2649677,,,,,,,,,,,,,,,,,,,,
6039,3203,,,,54519.897295302,,1778655315.5678608,102.0,0.06043199449777603,,,,,,,,,,,,,,,,,,
6049,3204,4.3339307686744745e-06,2.1669653843372374e-05,2.1669653843372374e-05,54602.748620849,4.3339307686744745e-06,1778655398.4191961,,,,,,,,,,,,,,,,,,,,
6049,3205,4.3339307686744745e-06,2.1669653843372374e-05,2.1669653843372374e-05,54605.047393011,4.3339307686744745e-06,1778655400.718119,,,,,,,,,,,,,,,,,,,,
6049,3206,4.3339307686744745e-06,2.1669653843372374e-05,2.1669653843372374e-05,54607.348503601,4.3339307686744745e-06,1778655403.0190258,,,,,,,,,,,,,,,,,,,,
6049,3207,4.3339307686744745e-06,2.1669653843372374e-05,2.1669653843372374e-05,54609.650849439,4.3339307686744745e-06,1778655405.321418,,,,,,,,,,,,,,,,,,,,
6049,3208,,,,54611.953524793,,1778655407.624099,102.0,0.1100044921040535,,,,,,,,,,,,,,,,,,
6059,3209,4.303868229965114e-06,2.1519341149825567e-05,2.1519341149825567e-05,54694.827604228,4.303868229965114e-06,1778655490.4983726,,,,,,,,,,,,,,,,,,,,
6059,3210,4.303868229965114e-06,2.1519341149825567e-05,2.1519341149825567e-05,54697.127264846,4.303868229965114e-06,1778655492.7979786,,,,,,,,,,,,,,,,,,,,
6059,3211,4.303868229965114e-06,2.1519341149825567e-05,2.1519341149825567e-05,54699.429020405,4.303868229965114e-06,1778655495.0996473,,,,,,,,,,,,,,,,,,,,
6059,3212,4.303868229965114e-06,2.1519341149825567e-05,2.1519341149825567e-05,54701.730651708,4.303868229965114e-06,1778655497.401208,,,,,,,,,,,,,,,,,,,,
6059,3213,,,,54704.031897141,,1778655499.7026508,102.0,0.04151104390621185,,,,,,,,,,,,,,,,,,
6069,3214,4.273881703295593e-06,2.1369408516477968e-05,2.1369408516477968e-05,54786.884587301,4.273881703295593e-06,1778655582.5551994,,,,,,,,,,,,,,,,,,,,
6069,3215,4.273881703295593e-06,2.1369408516477968e-05,2.1369408516477968e-05,54789.183781498,4.273881703295593e-06,1778655584.854483,,,,,,,,,,,,,,,,,,,,
6069,3216,4.273881703295593e-06,2.1369408516477968e-05,2.1369408516477968e-05,54791.484700047,4.273881703295593e-06,1778655587.1552684,,,,,,,,,,,,,,,,,,,,
6069,3217,4.273881703295593e-06,2.1369408516477968e-05,2.1369408516477968e-05,54793.788938206,4.273881703295593e-06,1778655589.4596548,,,,,,,,,,,,,,,,,,,,
6069,3218,,,,54796.090306273,,1778655591.7609742,102.0,0.11074181646108627,,,,,,,,,,,,,,,,,,
6076,3219,,,,54880.738811538,,1778655676.4094691,102.0,,0.13202010095119476,4.974887847900391,0.0,0.13202010095119476,6.894963264465332,0.8678414821624756,,,,,,,,,,,,
6076,3220,,,,54880.742014001,,1778655676.4127853,102.0,,,,,,,,0.0,0.08612139523029327,0.08612139523029327,5.6344122886657715,0.9138780236244202,4.09375,,,,,,
6079,3221,4.243971588821173e-06,2.1219857944105863e-05,2.1219857944105863e-05,54899.485848559,4.243971588821173e-06,1778655695.156367,,,,,,,,,,,,,,,,,,,,
6079,3222,4.243971588821173e-06,2.1219857944105863e-05,2.1219857944105863e-05,54901.787896799,4.243971588821173e-06,1778655697.4584708,,,,,,,,,,,,,,,,,,,,
6079,3223,4.243971588821173e-06,2.1219857944105863e-05,2.1219857944105863e-05,54904.090124961,4.243971588821173e-06,1778655699.7608676,,,,,,,,,,,,,,,,,,,,
6079,3224,4.243971588821173e-06,2.1219857944105863e-05,2.1219857944105863e-05,54906.392528087,4.243971588821173e-06,1778655702.0631099,,,,,,,,,,,,,,,,,,,,
6079,3225,,,,54908.696091579,,1778655704.3666544,103.0,0.08990255743265152,,,,,,,,,,,,,,,,,,
6089,3226,4.214138285677425e-06,2.1070691428387123e-05,2.1070691428387123e-05,54991.541712072,4.214138285677425e-06,1778655787.212325,,,,,,,,,,,,,,,,,,,,
6089,3227,4.214138285677425e-06,2.1070691428387123e-05,2.1070691428387123e-05,54993.845416193,4.214138285677425e-06,1778655789.5161767,,,,,,,,,,,,,,,,,,,,
6089,3228,4.214138285677425e-06,2.1070691428387123e-05,2.1070691428387123e-05,54996.146918616,4.214138285677425e-06,1778655791.8175094,,,,,,,,,,,,,,,,,,,,
6089,3229,4.214138285677425e-06,2.1070691428387123e-05,2.1070691428387123e-05,54998.447005643,4.214138285677425e-06,1778655794.1175585,,,,,,,,,,,,,,,,,,,,
6089,3230,,,,55000.749399017,,1778655796.4199562,103.0,0.1131058782339096,,,,,,,,,,,,,,,,,,
6099,3231,4.184382191974912e-06,2.092191095987456e-05,2.092191095987456e-05,55083.598335673,4.184382191974912e-06,1778655879.2690747,,,,,,,,,,,,,,,,,,,,
6099,3232,4.184382191974912e-06,2.092191095987456e-05,2.092191095987456e-05,55085.899660599,4.184382191974912e-06,1778655881.5702298,,,,,,,,,,,,,,,,,,,,
6099,3233,4.184382191974912e-06,2.092191095987456e-05,2.092191095987456e-05,55088.203267245,4.184382191974912e-06,1778655883.8738537,,,,,,,,,,,,,,,,,,,,
6099,3234,4.184382191974912e-06,2.092191095987456e-05,2.092191095987456e-05,55090.50506306,4.184382191974912e-06,1778655886.1756759,,,,,,,,,,,,,,,,,,,,
6099,3235,,,,55092.807968395,,1778655888.4785843,103.0,0.07283646613359451,,,,,,,,,,,,,,,,,,
6109,3236,4.15470370479388e-06,2.07735185239694e-05,2.07735185239694e-05,55175.642800272,4.15470370479388e-06,1778655971.3134367,,,,,,,,,,,,,,,,,,,,
6109,3237,4.15470370479388e-06,2.07735185239694e-05,2.07735185239694e-05,55177.943477503,4.15470370479388e-06,1778655973.6141047,,,,,,,,,,,,,,,,,,,,
6109,3238,4.15470370479388e-06,2.07735185239694e-05,2.07735185239694e-05,55180.243694845,4.15470370479388e-06,1778655975.914315,,,,,,,,,,,,,,,,,,,,
6109,3239,4.15470370479388e-06,2.07735185239694e-05,2.07735185239694e-05,55182.544699982,4.15470370479388e-06,1778655978.2154639,,,,,,,,,,,,,,,,,,,,
6109,3240,,,,55184.846515368,,1778655980.5171468,103.0,0.05978976935148239,,,,,,,,,,,,,,,,,,
6119,3241,4.125103220178941e-06,2.0625516100894704e-05,2.0625516100894704e-05,55267.69811944,4.125103220178941e-06,1778656063.3687105,,,,,,,,,,,,,,,,,,,,
6119,3242,4.125103220178941e-06,2.0625516100894704e-05,2.0625516100894704e-05,55269.99885604,4.125103220178941e-06,1778656065.6694071,,,,,,,,,,,,,,,,,,,,
6119,3243,4.125103220178941e-06,2.0625516100894704e-05,2.0625516100894704e-05,55272.301908781,4.125103220178941e-06,1778656067.9724855,,,,,,,,,,,,,,,,,,,,
6119,3244,4.125103220178941e-06,2.0625516100894704e-05,2.0625516100894704e-05,55274.602899915,4.125103220178941e-06,1778656070.2736228,,,,,,,,,,,,,,,,,,,,
6119,3245,,,,55276.906068072,,1778656072.5766792,103.0,0.08120547235012054,,,,,,,,,,,,,,,,,,
6129,3246,4.095581133133818e-06,2.0477905665669088e-05,2.0477905665669088e-05,55359.753651352,4.095581133133818e-06,1778656155.4242005,,,,,,,,,,,,,,,,,,,,
6129,3247,4.095581133133818e-06,2.0477905665669088e-05,2.0477905665669088e-05,55362.059035374,4.095581133133818e-06,1778656157.729551,,,,,,,,,,,,,,,,,,,,
6129,3248,4.095581133133818e-06,2.0477905665669088e-05,2.0477905665669088e-05,55364.360585625,4.095581133133818e-06,1778656160.0313134,,,,,,,,,,,,,,,,,,,,
6129,3249,4.095581133133818e-06,2.0477905665669088e-05,2.0477905665669088e-05,55366.661628995,4.095581133133818e-06,1778656162.332275,,,,,,,,,,,,,,,,,,,,
6129,3250,,,,55368.96495728,,1778656164.6357026,103.0,0.07827070355415344,,,,,,,,,,,,,,,,,,
6135,3251,,,,55444.480096494,,1778656240.1506,103.0,,0.12406056374311447,4.6875,0.0,0.12406056374311447,6.641011714935303,0.8758059740066528,,,,,,,,,,,,
6135,3252,,,,55444.485287085,,1778656240.1560264,103.0,,,,,,,,0.0,0.08853019028902054,0.08853019028902054,5.7113938331604,0.9114675521850586,4.171875,,,,,,
6139,3253,4.066137837616048e-06,2.033068918808024e-05,2.033068918808024e-05,55472.405574409,4.066137837616048e-06,1778656268.0760722,,,,,,,,,,,,,,,,,,,,
6139,3254,4.066137837616048e-06,2.033068918808024e-05,2.033068918808024e-05,55474.707446729,4.066137837616048e-06,1778656270.3781307,,,,,,,,,,,,,,,,,,,,
6139,3255,4.066137837616048e-06,2.033068918808024e-05,2.033068918808024e-05,55477.009559401,4.066137837616048e-06,1778656272.6800933,,,,,,,,,,,,,,,,,,,,
6139,3256,4.066137837616048e-06,2.033068918808024e-05,2.033068918808024e-05,55479.313497267,4.066137837616048e-06,1778656274.9840405,,,,,,,,,,,,,,,,,,,,
6139,3257,,,,55481.616198236,,1778656277.2867699,104.0,0.09508469700813293,,,,,,,,,,,,,,,,,,
6149,3258,4.0367737265317375e-06,2.0183868632658687e-05,2.0183868632658687e-05,55564.494216989,4.0367737265317375e-06,1778656360.1649547,,,,,,,,,,,,,,,,,,,,
6149,3259,4.0367737265317375e-06,2.0183868632658687e-05,2.0183868632658687e-05,55566.797588046,4.0367737265317375e-06,1778656362.4681456,,,,,,,,,,,,,,,,,,,,
6149,3260,4.0367737265317375e-06,2.0183868632658687e-05,2.0183868632658687e-05,55569.09919956,4.0367737265317375e-06,1778656364.7697668,,,,,,,,,,,,,,,,,,,,
6149,3261,4.0367737265317375e-06,2.0183868632658687e-05,2.0183868632658687e-05,55571.401102693,4.0367737265317375e-06,1778656367.0716484,,,,,,,,,,,,,,,,,,,,
6149,3262,,,,55573.704208295,,1778656369.3749511,104.0,0.1138092428445816,,,,,,,,,,,,,,,,,,
6159,3263,4.007489191730315e-06,2.0037445958651573e-05,2.0037445958651573e-05,55656.54372466,4.007489191730315e-06,1778656452.214178,,,,,,,,,,,,,,,,,,,,
6159,3264,4.007489191730315e-06,2.0037445958651573e-05,2.0037445958651573e-05,55658.845301505,4.007489191730315e-06,1778656454.5159636,,,,,,,,,,,,,,,,,,,,
6159,3265,4.007489191730315e-06,2.0037445958651573e-05,2.0037445958651573e-05,55661.148118845,4.007489191730315e-06,1778656456.8186805,,,,,,,,,,,,,,,,,,,,
6159,3266,4.007489191730315e-06,2.0037445958651573e-05,2.0037445958651573e-05,55663.448720226,4.007489191730315e-06,1778656459.1192899,,,,,,,,,,,,,,,,,,,,
6159,3267,,,,55665.752535328,,1778656461.4231038,104.0,0.08640860766172409,,,,,,,,,,,,,,,,,,
6169,3268,3.978284623999305e-06,1.989142311999653e-05,1.989142311999653e-05,55748.606334334,3.978284623999305e-06,1778656544.2769217,,,,,,,,,,,,,,,,,,,,
6169,3269,3.978284623999305e-06,1.989142311999653e-05,1.989142311999653e-05,55750.908651905,3.978284623999305e-06,1778656546.5792348,,,,,,,,,,,,,,,,,,,,
6169,3270,3.978284623999305e-06,1.989142311999653e-05,1.989142311999653e-05,55753.210739682,3.978284623999305e-06,1778656548.881285,,,,,,,,,,,,,,,,,,,,
6169,3271,3.978284623999305e-06,1.989142311999653e-05,1.989142311999653e-05,55755.514129497,3.978284623999305e-06,1778656551.1847425,,,,,,,,,,,,,,,,,,,,
6169,3272,,,,55757.817585051,,1778656553.48814,104.0,0.09478391706943512,,,,,,,,,,,,,,,,,,
6179,3273,3.94916041305911e-06,1.974580206529555e-05,1.974580206529555e-05,55840.646439822,3.94916041305911e-06,1778656636.3170643,,,,,,,,,,,,,,,,,,,,
6179,3274,3.94916041305911e-06,1.974580206529555e-05,1.974580206529555e-05,55842.946985094,3.94916041305911e-06,1778656638.6176665,,,,,,,,,,,,,,,,,,,,
6179,3275,3.94916041305911e-06,1.974580206529555e-05,1.974580206529555e-05,55845.249503963,3.94916041305911e-06,1778656640.9200814,,,,,,,,,,,,,,,,,,,,
6179,3276,3.94916041305911e-06,1.974580206529555e-05,1.974580206529555e-05,55847.54978561,3.94916041305911e-06,1778656643.220408,,,,,,,,,,,,,,,,,,,,
6179,3277,,,,55849.850146288,,1778656645.5207882,104.0,0.11967503279447556,,,,,,,,,,,,,,,,,,
6189,3278,3.920116947557809e-06,1.9600584737789048e-05,1.9600584737789048e-05,55932.673982091,3.920116947557809e-06,1778656728.34462,,,,,,,,,,,,,,,,,,,,
6189,3279,3.920116947557809e-06,1.9600584737789048e-05,1.9600584737789048e-05,55934.97486682,3.920116947557809e-06,1778656730.645561,,,,,,,,,,,,,,,,,,,,
6189,3280,3.920116947557809e-06,1.9600584737789048e-05,1.9600584737789048e-05,55937.275780043,3.920116947557809e-06,1778656732.9464707,,,,,,,,,,,,,,,,,,,,
6189,3281,3.920116947557809e-06,1.9600584737789048e-05,1.9600584737789048e-05,55939.57748732,3.920116947557809e-06,1778656735.2481894,,,,,,,,,,,,,,,,,,,,
6189,3282,,,,55941.881195867,,1778656737.5518506,104.0,0.06476572155952454,,,,,,,,,,,,,,,,,,
6194,3283,,,,56008.164246655,,1778656803.8347564,104.0,,0.1252603679895401,4.9375,0.0,0.1252603679895401,6.6985859870910645,0.8746145963668823,,,,,,,,,,,,
6194,3284,,,,56008.167597912,,1778656803.8383873,104.0,,,,,,,,0.0,0.08736547827720642,0.08736547827720642,5.655475616455078,0.912628173828125,4.03125,,,,,,
6199,3285,3.891154615065981e-06,1.9455773075329903e-05,1.9455773075329903e-05,56045.348414414,3.891154615065981e-06,1778656841.0191133,,,,,,,,,,,,,,,,,,,,
6199,3286,3.891154615065981e-06,1.9455773075329903e-05,1.9455773075329903e-05,56047.650364851,3.891154615065981e-06,1778656843.320898,,,,,,,,,,,,,,,,,,,,
6199,3287,3.891154615065981e-06,1.9455773075329903e-05,1.9455773075329903e-05,56049.951618412,3.891154615065981e-06,1778656845.6223803,,,,,,,,,,,,,,,,,,,,
6199,3288,3.891154615065981e-06,1.9455773075329903e-05,1.9455773075329903e-05,56052.251616347,3.891154615065981e-06,1778656847.92215,,,,,,,,,,,,,,,,,,,,
6199,3289,,,,56054.553098042,,1778656850.22388,105.0,0.04182405024766922,,,,,,,,,,,,,,,,,,
6209,3290,3.862273802071512e-06,1.931136901035756e-05,1.931136901035756e-05,56137.411450563,3.862273802071512e-06,1778656933.0819798,,,,,,,,,,,,,,,,,,,,
6209,3291,3.862273802071512e-06,1.931136901035756e-05,1.931136901035756e-05,56139.71533394,3.862273802071512e-06,1778656935.3858938,,,,,,,,,,,,,,,,,,,,
6209,3292,3.862273802071512e-06,1.931136901035756e-05,1.931136901035756e-05,56142.018885259,3.862273802071512e-06,1778656937.6895041,,,,,,,,,,,,,,,,,,,,
6209,3293,3.862273802071512e-06,1.931136901035756e-05,1.931136901035756e-05,56144.324015803,3.862273802071512e-06,1778656939.9946737,,,,,,,,,,,,,,,,,,,,
6209,3294,,,,56146.627174293,,1778656942.2978344,105.0,0.11507643759250641,,,,,,,,,,,,,,,,,,
6219,3295,3.833474893974464e-06,1.9167374469872318e-05,1.9167374469872318e-05,56229.531085305,3.833474893974464e-06,1778657025.201719,,,,,,,,,,,,,,,,,,,,
6219,3296,3.833474893974464e-06,1.9167374469872318e-05,1.9167374469872318e-05,56231.836184002,3.833474893974464e-06,1778657027.5066829,,,,,,,,,,,,,,,,,,,,
6219,3297,3.833474893974464e-06,1.9167374469872318e-05,1.9167374469872318e-05,56234.140399804,3.833474893974464e-06,1778657029.810974,,,,,,,,,,,,,,,,,,,,
6219,3298,3.833474893974464e-06,1.9167374469872318e-05,1.9167374469872318e-05,56236.442334949,3.833474893974464e-06,1778657032.112946,,,,,,,,,,,,,,,,,,,,
6219,3299,,,,56238.743993339,,1778657034.4145715,105.0,0.1684384047985077,,,,,,,,,,,,,,,,,,
6229,3300,3.8047582750819114e-06,1.9023791375409557e-05,1.9023791375409557e-05,56321.622555775,3.8047582750819114e-06,1778657117.29312,,,,,,,,,,,,,,,,,,,,
6229,3301,3.8047582750819114e-06,1.9023791375409557e-05,1.9023791375409557e-05,56323.921871844,3.8047582750819114e-06,1778657119.5925982,,,,,,,,,,,,,,,,,,,,
6229,3302,3.8047582750819114e-06,1.9023791375409557e-05,1.9023791375409557e-05,56326.225754037,3.8047582750819114e-06,1778657121.8964138,,,,,,,,,,,,,,,,,,,,
6229,3303,3.8047582750819114e-06,1.9023791375409557e-05,1.9023791375409557e-05,56328.528853385,3.8047582750819114e-06,1778657124.1994426,,,,,,,,,,,,,,,,,,,,
6229,3304,,,,56330.830332288,,1778657126.500916,105.0,0.1949630230665207,,,,,,,,,,,,,,,,,,
6239,3305,3.776124328602827e-06,1.8880621643014136e-05,1.8880621643014136e-05,56413.715794673,3.776124328602827e-06,1778657209.3863664,,,,,,,,,,,,,,,,,,,,
6239,3306,3.776124328602827e-06,1.8880621643014136e-05,1.8880621643014136e-05,56416.016972963,3.776124328602827e-06,1778657211.6875575,,,,,,,,,,,,,,,,,,,,
6239,3307,3.776124328602827e-06,1.8880621643014136e-05,1.8880621643014136e-05,56418.318832147,3.776124328602827e-06,1778657213.9894783,,,,,,,,,,,,,,,,,,,,
6239,3308,3.776124328602827e-06,1.8880621643014136e-05,1.8880621643014136e-05,56420.623136538,3.776124328602827e-06,1778657216.2936842,,,,,,,,,,,,,,,,,,,,
6239,3309,,,,56422.925272571,,1778657218.596017,105.0,0.07426770031452179,,,,,,,,,,,,,,,,,,
6249,3310,3.747573436642952e-06,1.8737867183214757e-05,1.8737867183214757e-05,56505.816066313,3.747573436642952e-06,1778657301.4866636,,,,,,,,,,,,,,,,,,,,
6249,3311,3.747573436642952e-06,1.8737867183214757e-05,1.8737867183214757e-05,56508.118254362,3.747573436642952e-06,1778657303.7888272,,,,,,,,,,,,,,,,,,,,
6249,3312,3.747573436642952e-06,1.8737867183214757e-05,1.8737867183214757e-05,56510.419820668,3.747573436642952e-06,1778657306.090508,,,,,,,,,,,,,,,,,,,,
6249,3313,3.747573436642952e-06,1.8737867183214757e-05,1.8737867183214757e-05,56512.719639037,3.747573436642952e-06,1778657308.3904057,,,,,,,,,,,,,,,,,,,,
6249,3314,,,,56515.021414609,,1778657310.6921577,105.0,0.08649852126836777,,,,,,,,,,,,,,,,,,
6253,3315,,,,56572.103779896,,1778657367.7742782,105.0,,0.13329628109931946,4.9029998779296875,0.0,0.13329628109931946,6.945544719696045,0.8665376901626587,,,,,,,,,,,,
6253,3316,,,,56572.10929837,,1778657367.7800112,105.0,,,,,,,,0.0,0.08987854421138763,0.08987854421138763,5.71605110168457,0.9101242423057556,4.078125,,,,,,
6259,3317,3.719105980199712e-06,1.859552990099856e-05,1.859552990099856e-05,56618.42055824,3.719105980199712e-06,1778657414.0910606,,,,,,,,,,,,,,,,,,,,
6259,3318,3.719105980199712e-06,1.859552990099856e-05,1.859552990099856e-05,56620.723268543,3.719105980199712e-06,1778657416.3939712,,,,,,,,,,,,,,,,,,,,
6259,3319,3.719105980199712e-06,1.859552990099856e-05,1.859552990099856e-05,56623.023931209,3.719105980199712e-06,1778657418.6945505,,,,,,,,,,,,,,,,,,,,
6259,3320,3.719105980199712e-06,1.859552990099856e-05,1.859552990099856e-05,56625.327398812,3.719105980199712e-06,1778657420.998119,,,,,,,,,,,,,,,,,,,,
6259,3321,,,,56627.629147242,,1778657423.2999203,106.0,0.04181758314371109,,,,,,,,,,,,,,,,,,
6269,3322,3.690722339157128e-06,1.845361169578564e-05,1.845361169578564e-05,56710.463491319,3.690722339157128e-06,1778657506.1340559,,,,,,,,,,,,,,,,,,,,
6269,3323,3.690722339157128e-06,1.845361169578564e-05,1.845361169578564e-05,56712.766932129,3.690722339157128e-06,1778657508.4374564,,,,,,,,,,,,,,,,,,,,
6269,3324,3.690722339157128e-06,1.845361169578564e-05,1.845361169578564e-05,56715.068061906,3.690722339157128e-06,1778657510.7387667,,,,,,,,,,,,,,,,,,,,
6269,3325,3.690722339157128e-06,1.845361169578564e-05,1.845361169578564e-05,56717.370546491,3.690722339157128e-06,1778657513.0411046,,,,,,,,,,,,,,,,,,,,
6269,3326,,,,56719.672753249,,1778657515.3434987,106.0,0.06474630534648895,,,,,,,,,,,,,,,,,,
6279,3327,3.6624228922807447e-06,1.8312114461403724e-05,1.8312114461403724e-05,56802.548185592,3.6624228922807447e-06,1778657598.2187471,,,,,,,,,,,,,,,,,,,,
6279,3328,3.6624228922807447e-06,1.8312114461403724e-05,1.8312114461403724e-05,56804.850849723,3.6624228922807447e-06,1778657600.5215192,,,,,,,,,,,,,,,,,,,,
6279,3329,3.6624228922807447e-06,1.8312114461403724e-05,1.8312114461403724e-05,56807.152075072,3.6624228922807447e-06,1778657602.8226943,,,,,,,,,,,,,,,,,,,,
6279,3330,3.6624228922807447e-06,1.8312114461403724e-05,1.8312114461403724e-05,56809.454282698,3.6624228922807447e-06,1778657605.125025,,,,,,,,,,,,,,,,,,,,
6279,3331,,,,56811.757428496,,1778657607.4281857,106.0,0.07547809928655624,,,,,,,,,,,,,,,,,,
6289,3332,3.634208017212578e-06,1.817104008606289e-05,1.817104008606289e-05,56894.614988051,3.634208017212578e-06,1778657690.285716,,,,,,,,,,,,,,,,,,,,
6289,3333,3.634208017212578e-06,1.817104008606289e-05,1.817104008606289e-05,56896.918330639,3.634208017212578e-06,1778657692.5889368,,,,,,,,,,,,,,,,,,,,
6289,3334,3.634208017212578e-06,1.817104008606289e-05,1.817104008606289e-05,56899.220485993,3.634208017212578e-06,1778657694.8912108,,,,,,,,,,,,,,,,,,,,
6289,3335,3.634208017212578e-06,1.817104008606289e-05,1.817104008606289e-05,56901.523772549,3.634208017212578e-06,1778657697.194371,,,,,,,,,,,,,,,,,,,,
6289,3336,,,,56903.82496666,,1778657699.4957495,106.0,0.04935944080352783,,,,,,,,,,,,,,,,,,
6299,3337,3.6060780904660752e-06,1.8030390452330375e-05,1.8030390452330375e-05,56986.685776691,3.6060780904660752e-06,1778657782.356392,,,,,,,,,,,,,,,,,,,,
6299,3338,3.6060780904660752e-06,1.8030390452330375e-05,1.8030390452330375e-05,56988.985988429,3.6060780904660752e-06,1778657784.6566746,,,,,,,,,,,,,,,,,,,,
6299,3339,3.6060780904660752e-06,1.8030390452330375e-05,1.8030390452330375e-05,56991.28871622,3.6060780904660752e-06,1778657786.9592583,,,,,,,,,,,,,,,,,,,,
6299,3340,3.6060780904660752e-06,1.8030390452330375e-05,1.8030390452330375e-05,56993.591170621,3.6060780904660752e-06,1778657789.2617364,,,,,,,,,,,,,,,,,,,,
6299,3341,,,,56995.89362249,,1778657791.5643632,106.0,0.03880098834633827,,,,,,,,,,,,,,,,,,
6309,3342,3.578033487421091e-06,1.7890167437105454e-05,1.7890167437105454e-05,57078.74147392,3.578033487421091e-06,1778657874.4120262,,,,,,,,,,,,,,,,,,,,
6309,3343,3.578033487421091e-06,1.7890167437105454e-05,1.7890167437105454e-05,57081.043029424,3.578033487421091e-06,1778657876.713591,,,,,,,,,,,,,,,,,,,,
6309,3344,3.578033487421091e-06,1.7890167437105454e-05,1.7890167437105454e-05,57083.34475248,3.578033487421091e-06,1778657879.0154698,,,,,,,,,,,,,,,,,,,,
6309,3345,3.578033487421091e-06,1.7890167437105454e-05,1.7890167437105454e-05,57085.646183259,3.578033487421091e-06,1778657881.3168018,,,,,,,,,,,,,,,,,,,,
6309,3346,,,,57087.949666463,,1778657883.6204329,106.0,0.10906673967838287,,,,,,,,,,,,,,,,,,
6312,3347,,,,57135.766386454,,1778657931.4370446,106.0,,0.11649779230356216,4.478752136230469,0.0,0.11649779230356216,6.397857189178467,0.8833776712417603,,,,,,,,,,,,
6312,3348,,,,57136.146497683,,1778657931.8170428,106.0,,,,,,,,0.0,0.0885043814778328,0.0885043814778328,5.671195030212402,0.9115005135536194,4.015251159667969,,,,,,
6319,3349,3.5500745823188753e-06,1.7750372911594377e-05,1.7750372911594377e-05,57191.257158532,3.5500745823188753e-06,1778657986.927754,,,,,,,,,,,,,,,,,,,,
6319,3350,3.5500745823188753e-06,1.7750372911594377e-05,1.7750372911594377e-05,57193.541896239,3.5500745823188753e-06,1778657989.21266,,,,,,,,,,,,,,,,,,,,
6319,3351,3.5500745823188753e-06,1.7750372911594377e-05,1.7750372911594377e-05,57195.826959566,3.5500745823188753e-06,1778657991.4975863,,,,,,,,,,,,,,,,,,,,
6319,3352,3.5500745823188753e-06,1.7750372911594377e-05,1.7750372911594377e-05,57198.111821121,3.5500745823188753e-06,1778657993.782494,,,,,,,,,,,,,,,,,,,,
6319,3353,,,,57200.398862092,,1778657996.0695612,107.0,0.11789005994796753,,,,,,,,,,,,,,,,,,
6329,3354,3.522201748257086e-06,1.7611008741285427e-05,1.7611008741285427e-05,57282.670012427,3.522201748257086e-06,1778658078.340569,,,,,,,,,,,,,,,,,,,,
6329,3355,3.522201748257086e-06,1.7611008741285427e-05,1.7611008741285427e-05,57284.956114518,3.522201748257086e-06,1778658080.6268249,,,,,,,,,,,,,,,,,,,,
6329,3356,3.522201748257086e-06,1.7611008741285427e-05,1.7611008741285427e-05,57287.242452875,3.522201748257086e-06,1778658082.913053,,,,,,,,,,,,,,,,,,,,
6329,3357,3.522201748257086e-06,1.7611008741285427e-05,1.7611008741285427e-05,57289.531806365,3.522201748257086e-06,1778658085.2025394,,,,,,,,,,,,,,,,,,,,
6329,3358,,,,57291.818645507,,1778658087.4892554,107.0,0.07029587030410767,,,,,,,,,,,,,,,,,,
6339,3359,3.494415357184804e-06,1.747207678592402e-05,1.747207678592402e-05,57374.081736469,3.494415357184804e-06,1778658169.7523658,,,,,,,,,,,,,,,,,,,,
6339,3360,3.494415357184804e-06,1.747207678592402e-05,1.747207678592402e-05,57376.367919474,3.494415357184804e-06,1778658172.0385823,,,,,,,,,,,,,,,,,,,,
6339,3361,3.494415357184804e-06,1.747207678592402e-05,1.747207678592402e-05,57378.653187816,3.494415357184804e-06,1778658174.3238423,,,,,,,,,,,,,,,,,,,,
6339,3362,3.494415357184804e-06,1.747207678592402e-05,1.747207678592402e-05,57380.940156153,3.494415357184804e-06,1778658176.6108034,,,,,,,,,,,,,,,,,,,,
6339,3363,,,,57383.227408078,,1778658178.8981926,107.0,0.046544838696718216,,,,,,,,,,,,,,,,,,
6349,3364,3.466715779897567e-06,1.7333578899487834e-05,1.7333578899487834e-05,57465.471520406,3.466715779897567e-06,1778658261.14215,,,,,,,,,,,,,,,,,,,,
6349,3365,3.466715779897567e-06,1.7333578899487834e-05,1.7333578899487834e-05,57467.755750127,3.466715779897567e-06,1778658263.4262054,,,,,,,,,,,,,,,,,,,,
6349,3366,3.466715779897567e-06,1.7333578899487834e-05,1.7333578899487834e-05,57470.043213199,3.466715779897567e-06,1778658265.713882,,,,,,,,,,,,,,,,,,,,
6349,3367,3.466715779897567e-06,1.7333578899487834e-05,1.7333578899487834e-05,57472.32737471,3.466715779897567e-06,1778658267.9979284,,,,,,,,,,,,,,,,,,,,
6349,3368,,,,57474.615785278,,1778658270.2865663,107.0,0.07282273471355438,,,,,,,,,,,,,,,,,,
6359,3369,3.439103386032431e-06,1.7195516930162152e-05,1.7195516930162152e-05,57556.896423179,3.439103386032431e-06,1778658352.5669835,,,,,,,,,,,,,,,,,,,,
6359,3370,3.439103386032431e-06,1.7195516930162152e-05,1.7195516930162152e-05,57559.184001014,3.439103386032431e-06,1778658354.8546376,,,,,,,,,,,,,,,,,,,,
6359,3371,3.439103386032431e-06,1.7195516930162152e-05,1.7195516930162152e-05,57561.469093515,3.439103386032431e-06,1778658357.139734,,,,,,,,,,,,,,,,,,,,
6359,3372,3.439103386032431e-06,1.7195516930162152e-05,1.7195516930162152e-05,57563.755417927,3.439103386032431e-06,1778658359.425997,,,,,,,,,,,,,,,,,,,,
6359,3373,,,,57566.041826498,,1778658361.7124934,107.0,0.04398679733276367,,,,,,,,,,,,,,,,,,
6369,3374,3.4115785440630334e-06,1.7057892720315164e-05,1.7057892720315164e-05,57648.316078102,3.4115785440630334e-06,1778658443.9866433,,,,,,,,,,,,,,,,,,,,
6369,3375,3.4115785440630334e-06,1.7057892720315164e-05,1.7057892720315164e-05,57650.603162166,3.4115785440630334e-06,1778658446.2737684,,,,,,,,,,,,,,,,,,,,
6369,3376,3.4115785440630334e-06,1.7057892720315164e-05,1.7057892720315164e-05,57652.88957369,3.4115785440630334e-06,1778658448.5601695,,,,,,,,,,,,,,,,,,,,
6369,3377,3.4115785440630334e-06,1.7057892720315164e-05,1.7057892720315164e-05,57655.17550322,3.4115785440630334e-06,1778658450.8461523,,,,,,,,,,,,,,,,,,,,
6369,3378,,,,57657.458847715,,1778658453.129498,107.0,0.0761338323354721,,,,,,,,,,,,,,,,,,
6371,3379,,,,57695.844009387,,1778658491.5145206,107.0,,0.11814767122268677,4.46875,0.0,0.11814767122268677,6.46945333480835,0.8817334175109863,,,,,,,,,,,,
6371,3380,,,,57695.847405462,,1778658491.5181847,107.0,,,,,,,,0.0,0.08789081871509552,0.08789081871509552,5.672617435455322,0.9121092557907104,4.125,,,,,,
6379,3381,3.3841416212946764e-06,1.692070810647338e-05,1.692070810647338e-05,57760.176444999,3.3841416212946764e-06,1778658555.8470411,,,,,,,,,,,,,,,,,,,,
6379,3382,3.3841416212946764e-06,1.692070810647338e-05,1.692070810647338e-05,57762.466134656,3.3841416212946764e-06,1778658558.1367364,,,,,,,,,,,,,,,,,,,,
6379,3383,3.3841416212946764e-06,1.692070810647338e-05,1.692070810647338e-05,57764.75119156,3.3841416212946764e-06,1778658560.4219098,,,,,,,,,,,,,,,,,,,,
6379,3384,3.3841416212946764e-06,1.692070810647338e-05,1.692070810647338e-05,57767.041295081,3.3841416212946764e-06,1778658562.7119052,,,,,,,,,,,,,,,,,,,,
6379,3385,,,,57769.328280926,,1778658564.9990525,108.0,0.09092926979064941,,,,,,,,,,,,,,,,,,
6389,3386,3.3567929838594147e-06,1.6783964919297074e-05,1.6783964919297074e-05,57851.611664647,3.3567929838594147e-06,1778658647.2822344,,,,,,,,,,,,,,,,,,,,
6389,3387,3.3567929838594147e-06,1.6783964919297074e-05,1.6783964919297074e-05,57853.895569808,3.3567929838594147e-06,1778658649.566303,,,,,,,,,,,,,,,,,,,,
6389,3388,3.3567929838594147e-06,1.6783964919297074e-05,1.6783964919297074e-05,57856.180222654,3.3567929838594147e-06,1778658651.8508868,,,,,,,,,,,,,,,,,,,,
6389,3389,3.3567929838594147e-06,1.6783964919297074e-05,1.6783964919297074e-05,57858.465034339,3.3567929838594147e-06,1778658654.1357515,,,,,,,,,,,,,,,,,,,,
6389,3390,,,,57860.749316759,,1778658656.4200857,108.0,0.17591549456119537,,,,,,,,,,,,,,,,,,
6399,3391,3.3295329967111857e-06,1.6647664983555927e-05,1.6647664983555927e-05,57943.043124982,3.3295329967111857e-06,1778658738.713723,,,,,,,,,,,,,,,,,,,,
6399,3392,3.3295329967111857e-06,1.6647664983555927e-05,1.6647664983555927e-05,57945.331014956,3.3295329967111857e-06,1778658741.0017085,,,,,,,,,,,,,,,,,,,,
6399,3393,3.3295329967111857e-06,1.6647664983555927e-05,1.6647664983555927e-05,57947.617120079,3.3295329967111857e-06,1778658743.2877078,,,,,,,,,,,,,,,,,,,,
6399,3394,3.3295329967111857e-06,1.6647664983555927e-05,1.6647664983555927e-05,57949.902575186,3.3295329967111857e-06,1778658745.5732677,,,,,,,,,,,,,,,,,,,,
6399,3395,,,,57952.188784767,,1778658747.859471,108.0,0.07471799850463867,,,,,,,,,,,,,,,,,,
6409,3396,3.30236202362094e-06,1.6511810118104698e-05,1.6511810118104698e-05,58034.464053686,3.30236202362094e-06,1778658830.13478,,,,,,,,,,,,,,,,,,,,
6409,3397,3.30236202362094e-06,1.6511810118104698e-05,1.6511810118104698e-05,58036.751481082,3.30236202362094e-06,1778658832.4220293,,,,,,,,,,,,,,,,,,,,
6409,3398,3.30236202362094e-06,1.6511810118104698e-05,1.6511810118104698e-05,58039.038268407,3.30236202362094e-06,1778658834.7090237,,,,,,,,,,,,,,,,,,,,
6409,3399,3.30236202362094e-06,1.6511810118104698e-05,1.6511810118104698e-05,58041.325465129,3.30236202362094e-06,1778658836.9960415,,,,,,,,,,,,,,,,,,,,
6409,3400,,,,58043.612156712,,1778658839.2829735,108.0,0.09795074164867401,,,,,,,,,,,,,,,,,,
6419,3401,3.2752804271717686e-06,1.6376402135858843e-05,1.6376402135858843e-05,58126.19118978,3.2752804271717686e-06,1778658921.861826,,,,,,,,,,,,,,,,,,,,
6419,3402,3.2752804271717686e-06,1.6376402135858843e-05,1.6376402135858843e-05,58128.495381885,3.2752804271717686e-06,1778658924.1660836,,,,,,,,,,,,,,,,,,,,
6419,3403,3.2752804271717686e-06,1.6376402135858843e-05,1.6376402135858843e-05,58130.798531945,3.2752804271717686e-06,1778658926.469117,,,,,,,,,,,,,,,,,,,,
6419,3404,3.2752804271717686e-06,1.6376402135858843e-05,1.6376402135858843e-05,58133.101106752,3.2752804271717686e-06,1778658928.7716467,,,,,,,,,,,,,,,,,,,,
6419,3405,,,,58135.402764061,,1778658931.0734975,108.0,0.06962516903877258,,,,,,,,,,,,,,,,,,
6429,3406,3.2482885687540846e-06,1.6241442843770422e-05,1.6241442843770422e-05,58218.270357727,3.2482885687540846e-06,1778659013.9410625,,,,,,,,,,,,,,,,,,,,
6429,3407,3.2482885687540846e-06,1.6241442843770422e-05,1.6241442843770422e-05,58220.571666846,3.2482885687540846e-06,1778659016.2424035,,,,,,,,,,,,,,,,,,,,
6429,3408,3.2482885687540846e-06,1.6241442843770422e-05,1.6241442843770422e-05,58222.873681697,3.2482885687540846e-06,1778659018.5444214,,,,,,,,,,,,,,,,,,,,
6429,3409,3.2482885687540846e-06,1.6241442843770422e-05,1.6241442843770422e-05,58225.175236617,3.2482885687540846e-06,1778659020.8459625,,,,,,,,,,,,,,,,,,,,
6429,3410,,,,58227.475626828,,1778659023.1463892,108.0,0.12812769412994385,,,,,,,,,,,,,,,,,,
6430,3411,,,,58256.893588663,,1778659052.5642166,108.0,,0.12340674549341202,4.71875,0.0,0.12340674549341202,6.628842830657959,0.8764716386795044,,,,,,,,,,,,
6430,3412,,,,58256.896777435,,1778659052.567564,108.0,,,,,,,,0.0,0.08630117028951645,0.08630117028951645,5.596776008605957,0.913694441318512,4.015625,,,,,,
6439,3413,3.22138680856078e-06,1.61069340428039e-05,1.61069340428039e-05,58330.854126829,3.22138680856078e-06,1778659126.5246437,,,,,,,,,,,,,,,,,,,,
6439,3414,3.22138680856078e-06,1.61069340428039e-05,1.61069340428039e-05,58333.155961821,3.22138680856078e-06,1778659128.8265145,,,,,,,,,,,,,,,,,,,,
6439,3415,3.22138680856078e-06,1.61069340428039e-05,1.61069340428039e-05,58335.459255156,3.22138680856078e-06,1778659131.129992,,,,,,,,,,,,,,,,,,,,
6439,3416,3.22138680856078e-06,1.61069340428039e-05,1.61069340428039e-05,58337.762987472,3.22138680856078e-06,1778659133.4335277,,,,,,,,,,,,,,,,,,,,
6439,3417,,,,58340.065108988,,1778659135.735852,109.0,0.08219342678785324,,,,,,,,,,,,,,,,,,
6449,3418,3.1945755055824434e-06,1.597287752791222e-05,1.597287752791222e-05,58422.92220407,3.1945755055824434e-06,1778659218.5927696,,,,,,,,,,,,,,,,,,,,
6449,3419,3.1945755055824434e-06,1.597287752791222e-05,1.597287752791222e-05,58425.222950952,3.1945755055824434e-06,1778659220.89351,,,,,,,,,,,,,,,,,,,,
6449,3420,3.1945755055824434e-06,1.597287752791222e-05,1.597287752791222e-05,58427.526336881,3.1945755055824434e-06,1778659223.1968083,,,,,,,,,,,,,,,,,,,,
6449,3421,3.1945755055824434e-06,1.597287752791222e-05,1.597287752791222e-05,58429.827562244,3.1945755055824434e-06,1778659225.4982288,,,,,,,,,,,,,,,,,,,,
6449,3422,,,,58432.133835503,,1778659227.8045273,109.0,0.08785542100667953,,,,,,,,,,,,,,,,,,
6459,3423,3.1678550176025504e-06,1.583927508801275e-05,1.583927508801275e-05,58514.99472329,3.1678550176025504e-06,1778659310.6654372,,,,,,,,,,,,,,,,,,,,
6459,3424,3.1678550176025504e-06,1.583927508801275e-05,1.583927508801275e-05,58517.297636241,3.1678550176025504e-06,1778659312.9682174,,,,,,,,,,,,,,,,,,,,
6459,3425,3.1678550176025504e-06,1.583927508801275e-05,1.583927508801275e-05,58519.598788346,3.1678550176025504e-06,1778659315.2695162,,,,,,,,,,,,,,,,,,,,
6459,3426,3.1678550176025504e-06,1.583927508801275e-05,1.583927508801275e-05,58521.904288657,3.1678550176025504e-06,1778659317.5748584,,,,,,,,,,,,,,,,,,,,
6459,3427,,,,58524.208796667,,1778659319.8795793,109.0,0.053036708384752274,,,,,,,,,,,,,,,,,,
6469,3428,3.1412257011926996e-06,1.5706128505963498e-05,1.5706128505963498e-05,58607.057692992,3.1412257011926996e-06,1778659402.7283366,,,,,,,,,,,,,,,,,,,,
6469,3429,3.1412257011926996e-06,1.5706128505963498e-05,1.5706128505963498e-05,58609.358090085,3.1412257011926996e-06,1778659405.028819,,,,,,,,,,,,,,,,,,,,
6469,3430,3.1412257011926996e-06,1.5706128505963498e-05,1.5706128505963498e-05,58611.6594999,3.1412257011926996e-06,1778659407.3301215,,,,,,,,,,,,,,,,,,,,
6469,3431,3.1412257011926996e-06,1.5706128505963498e-05,1.5706128505963498e-05,58613.961413804,3.1412257011926996e-06,1778659409.632157,,,,,,,,,,,,,,,,,,,,
6469,3432,,,,58616.259809622,,1778659411.930456,109.0,0.06951132416725159,,,,,,,,,,,,,,,,,,
6479,3433,3.1146879117078433e-06,1.5573439558539216e-05,1.5573439558539216e-05,58699.128441396,3.1146879117078433e-06,1778659494.7990634,,,,,,,,,,,,,,,,,,,,
6479,3434,3.1146879117078433e-06,1.5573439558539216e-05,1.5573439558539216e-05,58701.430165145,3.1146879117078433e-06,1778659497.1008651,,,,,,,,,,,,,,,,,,,,
6479,3435,3.1146879117078433e-06,1.5573439558539216e-05,1.5573439558539216e-05,58703.731547561,3.1146879117078433e-06,1778659499.4021747,,,,,,,,,,,,,,,,,,,,
6479,3436,3.1146879117078433e-06,1.5573439558539216e-05,1.5573439558539216e-05,58706.030196421,3.1146879117078433e-06,1778659501.7008572,,,,,,,,,,,,,,,,,,,,
6479,3437,,,,58708.333454227,,1778659504.0040889,109.0,0.05602629482746124,,,,,,,,,,,,,,,,,,
6489,3438,3.0882420032815583e-06,1.5441210016407792e-05,1.5441210016407792e-05,58791.166306786,3.0882420032815583e-06,1778659586.836879,,,,,,,,,,,,,,,,,,,,
6489,3439,3.0882420032815583e-06,1.5441210016407792e-05,1.5441210016407792e-05,58793.467869725,3.0882420032815583e-06,1778659589.1385667,,,,,,,,,,,,,,,,,,,,
6489,3440,,,,58795.700110365,,1778659591.3707757,109.0,0.0843268558382988,,,,,,,,,,,,,,,,,,
6489,3441,,,,58820.570949217,,1778659616.241466,109.0,,0.12413287162780762,4.78125,0.0,0.12413287162780762,6.661968231201172,0.8757404685020447,,,,,,,,,,,,
6489,3442,,,,58820.574273503,,1778659616.2450736,109.0,,,,,,,,0.0,0.08652012795209885,0.08652012795209885,5.634308338165283,0.9134830236434937,4.0625,,,,,,
6499,3443,3.0618883288213165e-06,1.5309441644106582e-05,1.5309441644106582e-05,58903.74443267,3.0618883288213165e-06,1778659699.4151204,,,,,,,,,,,,,,,,,,,,
6499,3444,3.0618883288213165e-06,1.5309441644106582e-05,1.5309441644106582e-05,58906.046143098,3.0618883288213165e-06,1778659701.7168002,,,,,,,,,,,,,,,,,,,,
6499,3445,3.0618883288213165e-06,1.5309441644106582e-05,1.5309441644106582e-05,58908.348702162,3.0618883288213165e-06,1778659704.019271,,,,,,,,,,,,,,,,,,,,
6499,3446,3.0618883288213165e-06,1.5309441644106582e-05,1.5309441644106582e-05,58910.651916241,3.0618883288213165e-06,1778659706.3224556,,,,,,,,,,,,,,,,,,,,
6499,3447,,,,58912.954747505,,1778659708.625452,110.0,0.11693057417869568,,,,,,,,,,,,,,,,,,
6509,3448,3.035627240003768e-06,1.517813620001884e-05,1.517813620001884e-05,58995.81192204,3.035627240003768e-06,1778659791.4825964,,,,,,,,,,,,,,,,,,,,
6509,3449,3.035627240003768e-06,1.517813620001884e-05,1.517813620001884e-05,58998.113766152,3.035627240003768e-06,1778659793.7844577,,,,,,,,,,,,,,,,,,,,
6509,3450,3.035627240003768e-06,1.517813620001884e-05,1.517813620001884e-05,59000.416258109,3.035627240003768e-06,1778659796.0869207,,,,,,,,,,,,,,,,,,,,
6509,3451,3.035627240003768e-06,1.517813620001884e-05,1.517813620001884e-05,59002.716877192,3.035627240003768e-06,1778659798.3874948,,,,,,,,,,,,,,,,,,,,
6509,3452,,,,59005.018437309,,1778659800.689063,110.0,0.0356048159301281,,,,,,,,,,,,,,,,,,
6519,3453,3.0094590872700558e-06,1.5047295436350278e-05,1.5047295436350278e-05,59087.870358402,3.0094590872700558e-06,1778659883.5409958,,,,,,,,,,,,,,,,,,,,
6519,3454,3.0094590872700558e-06,1.5047295436350278e-05,1.5047295436350278e-05,59090.17132098,3.0094590872700558e-06,1778659885.8419528,,,,,,,,,,,,,,,,,,,,
6519,3455,3.0094590872700558e-06,1.5047295436350278e-05,1.5047295436350278e-05,59092.470804446,3.0094590872700558e-06,1778659888.141459,,,,,,,,,,,,,,,,,,,,
6519,3456,3.0094590872700558e-06,1.5047295436350278e-05,1.5047295436350278e-05,59094.773511888,3.0094590872700558e-06,1778659890.4441006,,,,,,,,,,,,,,,,,,,,
6519,3457,,,,59097.075326409,,1778659892.746101,110.0,0.11332275718450546,,,,,,,,,,,,,,,,,,
6529,3458,2.9833842198211393e-06,1.4916921099105696e-05,1.4916921099105696e-05,59179.94123208,2.9833842198211393e-06,1778659975.6118083,,,,,,,,,,,,,,,,,,,,
6529,3459,2.9833842198211393e-06,1.4916921099105696e-05,1.4916921099105696e-05,59182.243979691,2.9833842198211393e-06,1778659977.9145515,,,,,,,,,,,,,,,,,,,,
6529,3460,2.9833842198211393e-06,1.4916921099105696e-05,1.4916921099105696e-05,59184.546779511,2.9833842198211393e-06,1778659980.217577,,,,,,,,,,,,,,,,,,,,
6529,3461,2.9833842198211393e-06,1.4916921099105696e-05,1.4916921099105696e-05,59186.847215689,2.9833842198211393e-06,1778659982.5178628,,,,,,,,,,,,,,,,,,,,
6529,3462,,,,59189.150535101,,1778659984.821159,110.0,0.13338607549667358,,,,,,,,,,,,,,,,,,
6539,3463,2.957402985613128e-06,1.478701492806564e-05,1.478701492806564e-05,59272.00045753,2.957402985613128e-06,1778660067.671028,,,,,,,,,,,,,,,,,,,,
6539,3464,2.957402985613128e-06,1.478701492806564e-05,1.478701492806564e-05,59274.30112884,2.957402985613128e-06,1778660069.9718304,,,,,,,,,,,,,,,,,,,,
6539,3465,2.957402985613128e-06,1.478701492806564e-05,1.478701492806564e-05,59276.601040078,2.957402985613128e-06,1778660072.271728,,,,,,,,,,,,,,,,,,,,
6539,3466,2.957402985613128e-06,1.478701492806564e-05,1.478701492806564e-05,59278.903986819,2.957402985613128e-06,1778660074.574582,,,,,,,,,,,,,,,,,,,,
6539,3467,,,,59281.205830573,,1778660076.8766506,110.0,0.045183442533016205,,,,,,,,,,,,,,,,,,
6548,3468,,,,59384.244633652,,1778660179.9151263,110.0,,0.1251068413257599,4.65625,0.0,0.1251068413257599,6.6596903800964355,0.8747671246528625,,,,,,,,,,,,
6548,3469,,,,59384.24797219,,1778660179.9187515,110.0,,,,,,,,0.0,0.08721413463354111,0.08721413463354111,5.647633075714111,0.9127886295318604,4.0625,,,,,,
6549,3470,2.9315157313526476e-06,1.4657578656763238e-05,1.4657578656763238e-05,59384.587920337,2.9315157313526476e-06,1778660180.258331,,,,,,,,,,,,,,,,,,,,
6549,3471,2.9315157313526476e-06,1.4657578656763238e-05,1.4657578656763238e-05,59386.890109743,2.9315157313526476e-06,1778660182.560759,,,,,,,,,,,,,,,,,,,,
6549,3472,2.9315157313526476e-06,1.4657578656763238e-05,1.4657578656763238e-05,59389.194259816,2.9315157313526476e-06,1778660184.8649075,,,,,,,,,,,,,,,,,,,,
6549,3473,2.9315157313526476e-06,1.4657578656763238e-05,1.4657578656763238e-05,59391.496417967,2.9315157313526476e-06,1778660187.1669436,,,,,,,,,,,,,,,,,,,,
6549,3474,,,,59393.799899567,,1778660189.4706647,111.0,0.09874987602233887,,,,,,,,,,,,,,,,,,
6559,3475,2.9057228024922035e-06,1.4528614012461017e-05,1.4528614012461017e-05,59476.675559296,2.9057228024922035e-06,1778660272.346169,,,,,,,,,,,,,,,,,,,,
6559,3476,2.9057228024922035e-06,1.4528614012461017e-05,1.4528614012461017e-05,59478.977745385,2.9057228024922035e-06,1778660274.648517,,,,,,,,,,,,,,,,,,,,
6559,3477,2.9057228024922035e-06,1.4528614012461017e-05,1.4528614012461017e-05,59481.279144452,2.9057228024922035e-06,1778660276.9497201,,,,,,,,,,,,,,,,,,,,
6559,3478,2.9057228024922035e-06,1.4528614012461017e-05,1.4528614012461017e-05,59483.580765914,2.9057228024922035e-06,1778660279.251382,,,,,,,,,,,,,,,,,,,,
6559,3479,,,,59485.884568254,,1778660281.5551522,111.0,0.02713104709982872,,,,,,,,,,,,,,,,,,
6569,3480,2.8800245432255815e-06,1.4400122716127906e-05,1.4400122716127906e-05,59568.740336513,2.8800245432255815e-06,1778660364.4110742,,,,,,,,,,,,,,,,,,,,
6569,3481,2.8800245432255815e-06,1.4400122716127906e-05,1.4400122716127906e-05,59571.040841092,2.8800245432255815e-06,1778660366.711565,,,,,,,,,,,,,,,,,,,,
6569,3482,2.8800245432255815e-06,1.4400122716127906e-05,1.4400122716127906e-05,59573.343747792,2.8800245432255815e-06,1778660369.0143342,,,,,,,,,,,,,,,,,,,,
6569,3483,2.8800245432255815e-06,1.4400122716127906e-05,1.4400122716127906e-05,59575.647512973,2.8800245432255815e-06,1778660371.3182216,,,,,,,,,,,,,,,,,,,,
6569,3484,,,,59577.94863994,,1778660373.6192112,111.0,0.08388222008943558,,,,,,,,,,,,,,,,,,
6579,3485,2.8544212964832385e-06,1.4272106482416192e-05,1.4272106482416192e-05,59660.814224472,2.8544212964832385e-06,1778660456.4847124,,,,,,,,,,,,,,,,,,,,
6579,3486,2.8544212964832385e-06,1.4272106482416192e-05,1.4272106482416192e-05,59663.115507438,2.8544212964832385e-06,1778660458.786225,,,,,,,,,,,,,,,,,,,,
6579,3487,2.8544212964832385e-06,1.4272106482416192e-05,1.4272106482416192e-05,59665.417456595,2.8544212964832385e-06,1778660461.0881722,,,,,,,,,,,,,,,,,,,,
6579,3488,2.8544212964832385e-06,1.4272106482416192e-05,1.4272106482416192e-05,59667.719914889,2.8544212964832385e-06,1778660463.3905694,,,,,,,,,,,,,,,,,,,,
6579,3489,,,,59670.020546728,,1778660465.691218,111.0,0.09190183877944946,,,,,,,,,,,,,,,,,,
6589,3490,2.8289134039277465e-06,1.4144567019638733e-05,1.4144567019638733e-05,59752.88022957,2.8289134039277465e-06,1778660548.550696,,,,,,,,,,,,,,,,,,,,
6589,3491,2.8289134039277465e-06,1.4144567019638733e-05,1.4144567019638733e-05,59755.183781963,2.8289134039277465e-06,1778660550.854329,,,,,,,,,,,,,,,,,,,,
6589,3492,2.8289134039277465e-06,1.4144567019638733e-05,1.4144567019638733e-05,59757.488120427,2.8289134039277465e-06,1778660553.1586637,,,,,,,,,,,,,,,,,,,,
6589,3493,2.8289134039277465e-06,1.4144567019638733e-05,1.4144567019638733e-05,59759.790000338,2.8289134039277465e-06,1778660555.460616,,,,,,,,,,,,,,,,,,,,
6589,3494,,,,59762.096300712,,1778660557.766873,111.0,0.12701375782489777,,,,,,,,,,,,,,,,,,
6599,3495,2.8035012059492194e-06,1.4017506029746097e-05,1.4017506029746097e-05,59844.951462729,2.8035012059492194e-06,1778660640.6220322,,,,,,,,,,,,,,,,,,,,
6599,3496,2.8035012059492194e-06,1.4017506029746097e-05,1.4017506029746097e-05,59847.254645511,2.8035012059492194e-06,1778660642.9251966,,,,,,,,,,,,,,,,,,,,
6599,3497,2.8035012059492194e-06,1.4017506029746097e-05,1.4017506029746097e-05,59849.555544733,2.8035012059492194e-06,1778660645.2262144,,,,,,,,,,,,,,,,,,,,
6599,3498,2.8035012059492194e-06,1.4017506029746097e-05,1.4017506029746097e-05,59851.856114029,2.8035012059492194e-06,1778660647.5267768,,,,,,,,,,,,,,,,,,,,
6599,3499,,,,59854.157881687,,1778660649.8286512,111.0,0.08800490200519562,,,,,,,,,,,,,,,,,,
6607,3500,,,,59948.013044729,,1778660743.6835663,111.0,,0.12022949010133743,4.5345001220703125,0.0,0.12022949010133743,6.528367042541504,0.8796348571777344,,,,,,,,,,,,
6607,3501,,,,59948.018766488,,1778660743.6894293,111.0,,,,,,,,0.0,0.08665843307971954,0.08665843307971954,5.671914577484131,0.9133417010307312,4.1796875,,,,,,
6609,3502,2.778185041660779e-06,1.3890925208303895e-05,1.3890925208303895e-05,59957.541165607,2.778185041660779e-06,1778660753.211721,,,,,,,,,,,,,,,,,,,,
6609,3503,2.778185041660779e-06,1.3890925208303895e-05,1.3890925208303895e-05,59959.842196556,2.778185041660779e-06,1778660755.512894,,,,,,,,,,,,,,,,,,,,
6609,3504,2.778185041660779e-06,1.3890925208303895e-05,1.3890925208303895e-05,59962.143147005,2.778185041660779e-06,1778660757.8137603,,,,,,,,,,,,,,,,,,,,
6609,3505,2.778185041660779e-06,1.3890925208303895e-05,1.3890925208303895e-05,59964.44493968,2.778185041660779e-06,1778660760.1156492,,,,,,,,,,,,,,,,,,,,
6609,3506,,,,59966.748088735,,1778660762.4188523,112.0,0.053465522825717926,,,,,,,,,,,,,,,,,,
6619,3507,2.752965248894015e-06,1.3764826244470075e-05,1.3764826244470075e-05,60049.617065013,2.752965248894015e-06,1778660845.2877314,,,,,,,,,,,,,,,,,,,,
6619,3508,2.752965248894015e-06,1.3764826244470075e-05,1.3764826244470075e-05,60051.918992364,2.752965248894015e-06,1778660847.5895772,,,,,,,,,,,,,,,,,,,,
6619,3509,2.752965248894015e-06,1.3764826244470075e-05,1.3764826244470075e-05,60054.221750855,2.752965248894015e-06,1778660849.8923373,,,,,,,,,,,,,,,,,,,,
6619,3510,2.752965248894015e-06,1.3764826244470075e-05,1.3764826244470075e-05,60056.522727718,2.752965248894015e-06,1778660852.1932604,,,,,,,,,,,,,,,,,,,,
6619,3511,,,,60058.827342489,,1778660854.497926,112.0,0.1303572654724121,,,,,,,,,,,,,,,,,,
6629,3512,2.7278421641944974e-06,1.3639210820972487e-05,1.3639210820972487e-05,60141.673297913,2.7278421641944974e-06,1778660937.3439305,,,,,,,,,,,,,,,,,,,,
6629,3513,2.7278421641944974e-06,1.3639210820972487e-05,1.3639210820972487e-05,60143.976666593,2.7278421641944974e-06,1778660939.6473796,,,,,,,,,,,,,,,,,,,,
6629,3514,2.7278421641944974e-06,1.3639210820972487e-05,1.3639210820972487e-05,60146.276625169,2.7278421641944974e-06,1778660941.9471896,,,,,,,,,,,,,,,,,,,,
6629,3515,2.7278421641944974e-06,1.3639210820972487e-05,1.3639210820972487e-05,60148.57734471,2.7278421641944974e-06,1778660944.247912,,,,,,,,,,,,,,,,,,,,
6629,3516,,,,60150.877759913,,1778660946.5484905,112.0,0.12251847237348557,,,,,,,,,,,,,,,,,,
6639,3517,2.70281612281727e-06,1.351408061408635e-05,1.351408061408635e-05,60233.712176478,2.70281612281727e-06,1778661029.3827498,,,,,,,,,,,,,,,,,,,,
6639,3518,2.70281612281727e-06,1.351408061408635e-05,1.351408061408635e-05,60236.013243553,2.70281612281727e-06,1778661031.6838365,,,,,,,,,,,,,,,,,,,,
6639,3519,2.70281612281727e-06,1.351408061408635e-05,1.351408061408635e-05,60238.313670686,2.70281612281727e-06,1778661033.984193,,,,,,,,,,,,,,,,,,,,
6639,3520,2.70281612281727e-06,1.351408061408635e-05,1.351408061408635e-05,60240.615715602,2.70281612281727e-06,1778661036.2863934,,,,,,,,,,,,,,,,,,,,
6639,3521,,,,60242.919991781,,1778661038.5905733,112.0,0.052781254053115845,,,,,,,,,,,,,,,,,,
6649,3522,2.677887458722386e-06,1.3389437293611929e-05,1.3389437293611929e-05,60325.747591315,2.677887458722386e-06,1778661121.4182312,,,,,,,,,,,,,,,,,,,,
6649,3523,2.677887458722386e-06,1.3389437293611929e-05,1.3389437293611929e-05,60328.047136736,2.677887458722386e-06,1778661123.717879,,,,,,,,,,,,,,,,,,,,
6649,3524,2.677887458722386e-06,1.3389437293611929e-05,1.3389437293611929e-05,60330.347650051,2.677887458722386e-06,1778661126.018424,,,,,,,,,,,,,,,,,,,,
6649,3525,2.677887458722386e-06,1.3389437293611929e-05,1.3389437293611929e-05,60332.647362294,2.677887458722386e-06,1778661128.31809,,,,,,,,,,,,,,,,,,,,
6649,3526,,,,60334.948311075,,1778661130.619003,112.0,0.055956561118364334,,,,,,,,,,,,,,,,,,
6659,3527,2.6530565045704426e-06,1.3265282522852212e-05,1.3265282522852212e-05,60417.798804956,2.6530565045704426e-06,1778661213.4694471,,,,,,,,,,,,,,,,,,,,
6659,3528,2.6530565045704426e-06,1.3265282522852212e-05,1.3265282522852212e-05,60420.10073309,2.6530565045704426e-06,1778661215.7715092,,,,,,,,,,,,,,,,,,,,
6659,3529,2.6530565045704426e-06,1.3265282522852212e-05,1.3265282522852212e-05,60422.401059617,2.6530565045704426e-06,1778661218.0718188,,,,,,,,,,,,,,,,,,,,
6659,3530,2.6530565045704426e-06,1.3265282522852212e-05,1.3265282522852212e-05,60424.700330257,2.6530565045704426e-06,1778661220.3710763,,,,,,,,,,,,,,,,,,,,
6659,3531,,,,60427.001362987,,1778661222.672028,112.0,0.07374890148639679,,,,,,,,,,,,,,,,,,
6666,3532,,,,60511.586556288,,1778661307.2571046,112.0,,0.12087155878543854,4.662387847900391,0.0,0.12087155878543854,6.549570083618164,0.8790173530578613,,,,,,,,,,,,
6666,3533,,,,60511.589793854,,1778661307.2605088,112.0,,,,,,,,0.0,0.08550258725881577,0.08550258725881577,5.579206466674805,0.9144980907440186,4.03125,,,,,,
6669,3534,2.6283235917181493e-06,1.3141617958590747e-05,1.3141617958590747e-05,60530.324597232,2.6283235917181493e-06,1778661325.9952257,,,,,,,,,,,,,,,,,,,,
6669,3535,2.6283235917181493e-06,1.3141617958590747e-05,1.3141617958590747e-05,60532.629836789,2.6283235917181493e-06,1778661328.300387,,,,,,,,,,,,,,,,,,,,
6669,3536,2.6283235917181493e-06,1.3141617958590747e-05,1.3141617958590747e-05,60534.931305529,2.6283235917181493e-06,1778661330.6020494,,,,,,,,,,,,,,,,,,,,
6669,3537,2.6283235917181493e-06,1.3141617958590747e-05,1.3141617958590747e-05,60537.23343972,2.6283235917181493e-06,1778661332.9040298,,,,,,,,,,,,,,,,,,,,
6669,3538,,,,60539.536770049,,1778661335.2075315,113.0,0.11988219618797302,,,,,,,,,,,,,,,,,,
6679,3539,2.603689050213902e-06,1.301844525106951e-05,1.301844525106951e-05,60622.385112046,2.603689050213902e-06,1778661418.055848,,,,,,,,,,,,,,,,,,,,
6679,3540,2.603689050213902e-06,1.301844525106951e-05,1.301844525106951e-05,60624.689231932,2.603689050213902e-06,1778661420.3599038,,,,,,,,,,,,,,,,,,,,
6679,3541,2.603689050213902e-06,1.301844525106951e-05,1.301844525106951e-05,60626.988677442,2.603689050213902e-06,1778661422.6593552,,,,,,,,,,,,,,,,,,,,
6679,3542,2.603689050213902e-06,1.301844525106951e-05,1.301844525106951e-05,60629.290893167,2.603689050213902e-06,1778661424.9614544,,,,,,,,,,,,,,,,,,,,
6679,3543,,,,60631.593856265,,1778661427.2644897,113.0,0.04832785576581955,,,,,,,,,,,,,,,,,,
6689,3544,2.579153208793382e-06,1.2895766043966912e-05,1.2895766043966912e-05,60714.465285083,2.579153208793382e-06,1778661510.1360662,,,,,,,,,,,,,,,,,,,,
6689,3545,2.579153208793382e-06,1.2895766043966912e-05,1.2895766043966912e-05,60716.766503498,2.579153208793382e-06,1778661512.4370456,,,,,,,,,,,,,,,,,,,,
6689,3546,2.579153208793382e-06,1.2895766043966912e-05,1.2895766043966912e-05,60719.06788576,2.579153208793382e-06,1778661514.738621,,,,,,,,,,,,,,,,,,,,
6689,3547,2.579153208793382e-06,1.2895766043966912e-05,1.2895766043966912e-05,60721.370419553,2.579153208793382e-06,1778661517.0411656,,,,,,,,,,,,,,,,,,,,
6689,3548,,,,60723.673051675,,1778661519.3438413,113.0,0.09277123957872391,,,,,,,,,,,,,,,,,,
6699,3549,2.5547163948751687e-06,1.2773581974375842e-05,1.2773581974375842e-05,60806.509518127,2.5547163948751687e-06,1778661602.1802678,,,,,,,,,,,,,,,,,,,,
6699,3550,2.5547163948751687e-06,1.2773581974375842e-05,1.2773581974375842e-05,60808.80933766,2.5547163948751687e-06,1778661604.479935,,,,,,,,,,,,,,,,,,,,
6699,3551,2.5547163948751687e-06,1.2773581974375842e-05,1.2773581974375842e-05,60811.106457957,2.5547163948751687e-06,1778661606.777193,,,,,,,,,,,,,,,,,,,,
6699,3552,2.5547163948751687e-06,1.2773581974375842e-05,1.2773581974375842e-05,60813.40778739,2.5547163948751687e-06,1778661609.0785213,,,,,,,,,,,,,,,,,,,,
6699,3553,,,,60815.707863951,,1778661611.3786297,113.0,0.058008454740047455,,,,,,,,,,,,,,,,,,
6709,3554,2.530378934556359e-06,1.2651894672781794e-05,1.2651894672781794e-05,60898.555913551,2.530378934556359e-06,1778661694.226516,,,,,,,,,,,,,,,,,,,,
6709,3555,2.530378934556359e-06,1.2651894672781794e-05,1.2651894672781794e-05,60900.856590963,2.530378934556359e-06,1778661696.5271995,,,,,,,,,,,,,,,,,,,,
6709,3556,2.530378934556359e-06,1.2651894672781794e-05,1.2651894672781794e-05,60903.15757758,2.530378934556359e-06,1778661698.828161,,,,,,,,,,,,,,,,,,,,
6709,3557,2.530378934556359e-06,1.2651894672781794e-05,1.2651894672781794e-05,60905.456000875,2.530378934556359e-06,1778661701.1267476,,,,,,,,,,,,,,,,,,,,
6709,3558,,,,60907.757749769,,1778661703.428478,113.0,0.07944677025079727,,,,,,,,,,,,,,,,,,
6719,3559,2.506141152608236e-06,1.2530705763041178e-05,1.2530705763041178e-05,60990.617998626,2.506141152608236e-06,1778661786.288569,,,,,,,,,,,,,,,,,,,,
6719,3560,2.506141152608236e-06,1.2530705763041178e-05,1.2530705763041178e-05,60992.920622663,2.506141152608236e-06,1778661788.5911424,,,,,,,,,,,,,,,,,,,,
6719,3561,2.506141152608236e-06,1.2530705763041178e-05,1.2530705763041178e-05,60995.223021543,2.506141152608236e-06,1778661790.8937142,,,,,,,,,,,,,,,,,,,,
6719,3562,2.506141152608236e-06,1.2530705763041178e-05,1.2530705763041178e-05,60997.523323021,2.506141152608236e-06,1778661793.1940448,,,,,,,,,,,,,,,,,,,,
6719,3563,,,,60999.824616107,,1778661795.4953787,113.0,0.09561141580343246,,,,,,,,,,,,,,,,,,
6725,3564,,,,61075.270053119,,1778661870.9407434,113.0,,0.11527291685342789,4.46875,0.0,0.11527291685342789,6.362707138061523,0.8845909833908081,,,,,,,,,,,,
6725,3565,,,,61077.949722162,,1778661873.620248,113.0,,,,,,,,0.0,0.08584649860858917,0.08584649860858917,5.601627826690674,0.9141509532928467,4.0625,,,,,,
6729,3566,2.4820033724719207e-06,1.2410016862359602e-05,1.2410016862359602e-05,61105.71370745,2.4820033724719207e-06,1778661901.3842618,,,,,,,,,,,,,,,,,,,,
6729,3567,2.4820033724719207e-06,1.2410016862359602e-05,1.2410016862359602e-05,61107.999868605,2.4820033724719207e-06,1778661903.6704981,,,,,,,,,,,,,,,,,,,,
6729,3568,2.4820033724719207e-06,1.2410016862359602e-05,1.2410016862359602e-05,61110.287949996,2.4820033724719207e-06,1778661905.9584951,,,,,,,,,,,,,,,,,,,,
6729,3569,2.4820033724719207e-06,1.2410016862359602e-05,1.2410016862359602e-05,61112.571756234,2.4820033724719207e-06,1778661908.2424605,,,,,,,,,,,,,,,,,,,,
6729,3570,,,,61114.859754562,,1778661910.530468,114.0,0.0976475179195404,,,,,,,,,,,,,,,,,,
6739,3571,2.4579659162540604e-06,1.2289829581270302e-05,1.2289829581270302e-05,61197.416160292,2.4579659162540604e-06,1778661993.0868022,,,,,,,,,,,,,,,,,,,,
6739,3572,2.4579659162540604e-06,1.2289829581270302e-05,1.2289829581270302e-05,61199.719989633,2.4579659162540604e-06,1778661995.390704,,,,,,,,,,,,,,,,,,,,
6739,3573,2.4579659162540604e-06,1.2289829581270302e-05,1.2289829581270302e-05,61202.023187997,2.4579659162540604e-06,1778661997.693841,,,,,,,,,,,,,,,,,,,,
6739,3574,2.4579659162540604e-06,1.2289829581270302e-05,1.2289829581270302e-05,61204.324846508,2.4579659162540604e-06,1778661999.9955993,,,,,,,,,,,,,,,,,,,,
6739,3575,,,,61206.624551324,,1778662002.2953017,114.0,0.0947803407907486,,,,,,,,,,,,,,,,,,
6749,3576,2.434029104722532e-06,1.2170145523612658e-05,1.2170145523612658e-05,61289.452891181,2.434029104722532e-06,1778662085.1235197,,,,,,,,,,,,,,,,,,,,
6749,3577,2.434029104722532e-06,1.2170145523612658e-05,1.2170145523612658e-05,61291.753033421,2.434029104722532e-06,1778662087.423754,,,,,,,,,,,,,,,,,,,,
6749,3578,2.434029104722532e-06,1.2170145523612658e-05,1.2170145523612658e-05,61294.05515182,2.434029104722532e-06,1778662089.7257419,,,,,,,,,,,,,,,,,,,,
6749,3579,2.434029104722532e-06,1.2170145523612658e-05,1.2170145523612658e-05,61296.354291094,2.434029104722532e-06,1778662092.0250273,,,,,,,,,,,,,,,,,,,,
6749,3580,,,,61298.656940243,,1778662094.3276985,114.0,0.057689592242240906,,,,,,,,,,,,,,,,,,
6759,3581,2.4101932573021513e-06,1.2050966286510757e-05,1.2050966286510757e-05,61381.479546949,2.4101932573021513e-06,1778662177.1501873,,,,,,,,,,,,,,,,,,,,
6759,3582,2.4101932573021513e-06,1.2050966286510757e-05,1.2050966286510757e-05,61383.780238933,2.4101932573021513e-06,1778662179.450942,,,,,,,,,,,,,,,,,,,,
6759,3583,2.4101932573021513e-06,1.2050966286510757e-05,1.2050966286510757e-05,61386.078407565,2.4101932573021513e-06,1778662181.7491179,,,,,,,,,,,,,,,,,,,,
6759,3584,2.4101932573021513e-06,1.2050966286510757e-05,1.2050966286510757e-05,61388.380025872,2.4101932573021513e-06,1778662184.050802,,,,,,,,,,,,,,,,,,,,
6759,3585,,,,61390.679483804,,1778662186.3502543,114.0,0.08496308326721191,,,,,,,,,,,,,,,,,,
6769,3586,2.3864586920704257e-06,1.1932293460352129e-05,1.1932293460352129e-05,61473.497550717,2.3864586920704257e-06,1778662269.1681826,,,,,,,,,,,,,,,,,,,,
6769,3587,2.3864586920704257e-06,1.1932293460352129e-05,1.1932293460352129e-05,61475.798657702,2.3864586920704257e-06,1778662271.4693742,,,,,,,,,,,,,,,,,,,,
6769,3588,2.3864586920704257e-06,1.1932293460352129e-05,1.1932293460352129e-05,61478.10075859,2.3864586920704257e-06,1778662273.7714946,,,,,,,,,,,,,,,,,,,,
6769,3589,2.3864586920704257e-06,1.1932293460352129e-05,1.1932293460352129e-05,61480.401383982,2.3864586920704257e-06,1778662276.0721538,,,,,,,,,,,,,,,,,,,,
6769,3590,,,,61482.70363667,,1778662278.3744502,114.0,0.09707723557949066,,,,,,,,,,,,,,,,,,
6779,3591,2.3628257257533017e-06,1.1814128628766508e-05,1.1814128628766508e-05,61565.521365947,2.3628257257533017e-06,1778662361.1920023,,,,,,,,,,,,,,,,,,,,
6779,3592,2.3628257257533017e-06,1.1814128628766508e-05,1.1814128628766508e-05,61567.822117764,2.3628257257533017e-06,1778662363.4928718,,,,,,,,,,,,,,,,,,,,
6779,3593,2.3628257257533017e-06,1.1814128628766508e-05,1.1814128628766508e-05,61570.121283068,2.3628257257533017e-06,1778662365.7920592,,,,,,,,,,,,,,,,,,,,
6779,3594,2.3628257257533017e-06,1.1814128628766508e-05,1.1814128628766508e-05,61572.421166021,2.3628257257533017e-06,1778662368.0919209,,,,,,,,,,,,,,,,,,,,
6779,3595,,,,61574.721260443,,1778662370.392018,114.0,0.07450023293495178,,,,,,,,,,,,,,,,,,
6784,3596,,,,61640.911722995,,1778662436.5822208,114.0,,0.11931679397821426,4.6842498779296875,0.0,0.11931679397821426,6.531583786010742,0.880570113658905,,,,,,,,,,,,
6784,3597,,,,61640.915096865,,1778662436.585887,114.0,,,,,,,,0.0,0.08617819845676422,0.08617819845676422,5.640934944152832,0.9138213396072388,4.079689025878906,,,,,,
6789,3598,2.3392946737209367e-06,1.1696473368604683e-05,1.1696473368604683e-05,61678.036577797,2.3392946737209367e-06,1778662473.7072535,,,,,,,,,,,,,,,,,,,,
6789,3599,2.3392946737209367e-06,1.1696473368604683e-05,1.1696473368604683e-05,61680.338251682,2.3392946737209367e-06,1778662476.0088842,,,,,,,,,,,,,,,,,,,,
6789,3600,2.3392946737209367e-06,1.1696473368604683e-05,1.1696473368604683e-05,61682.640069353,2.3392946737209367e-06,1778662478.3106902,,,,,,,,,,,,,,,,,,,,
6789,3601,2.3392946737209367e-06,1.1696473368604683e-05,1.1696473368604683e-05,61684.943585808,2.3392946737209367e-06,1778662480.6143446,,,,,,,,,,,,,,,,,,,,
6789,3602,,,,61687.247383997,,1778662482.9181156,115.0,0.04557115212082863,,,,,,,,,,,,,,,,,,
6799,3603,2.315865849983494e-06,1.157932924991747e-05,1.157932924991747e-05,61770.09016308,2.315865849983494e-06,1778662565.760806,,,,,,,,,,,,,,,,,,,,
6799,3604,2.315865849983494e-06,1.157932924991747e-05,1.157932924991747e-05,61772.393239397,2.315865849983494e-06,1778662568.0638318,,,,,,,,,,,,,,,,,,,,
6799,3605,2.315865849983494e-06,1.157932924991747e-05,1.157932924991747e-05,61774.694266256,2.315865849983494e-06,1778662570.364891,,,,,,,,,,,,,,,,,,,,
6799,3606,2.315865849983494e-06,1.157932924991747e-05,1.157932924991747e-05,61776.99797831,2.315865849983494e-06,1778662572.668695,,,,,,,,,,,,,,,,,,,,
6799,3607,,,,61779.299234594,,1778662574.9699085,115.0,0.05213722959160805,,,,,,,,,,,,,,,,,,
6809,3608,2.29253956718695e-06,1.1462697835934749e-05,1.1462697835934749e-05,61862.142044255,2.29253956718695e-06,1778662657.8126924,,,,,,,,,,,,,,,,,,,,
6809,3609,2.29253956718695e-06,1.1462697835934749e-05,1.1462697835934749e-05,61864.444036058,2.29253956718695e-06,1778662660.1147716,,,,,,,,,,,,,,,,,,,,
6809,3610,2.29253956718695e-06,1.1462697835934749e-05,1.1462697835934749e-05,61866.745796924,2.29253956718695e-06,1778662662.4165604,,,,,,,,,,,,,,,,,,,,
6809,3611,2.29253956718695e-06,1.1462697835934749e-05,1.1462697835934749e-05,61869.048887649,2.29253956718695e-06,1778662664.7195704,,,,,,,,,,,,,,,,,,,,
6809,3612,,,,61871.3514227,,1778662667.0220652,115.0,0.03908689320087433,,,,,,,,,,,,,,,,,,
6819,3613,2.2693161366089245e-06,1.1346580683044622e-05,1.1346580683044622e-05,61954.185610767,2.2693161366089245e-06,1778662749.8563714,,,,,,,,,,,,,,,,,,,,
6819,3614,2.2693161366089245e-06,1.1346580683044622e-05,1.1346580683044622e-05,61956.484588755,2.2693161366089245e-06,1778662752.1552043,,,,,,,,,,,,,,,,,,,,
6819,3615,2.2693161366089245e-06,1.1346580683044622e-05,1.1346580683044622e-05,61958.784505384,2.2693161366089245e-06,1778662754.45529,,,,,,,,,,,,,,,,,,,,
6819,3616,2.2693161366089245e-06,1.1346580683044622e-05,1.1346580683044622e-05,61961.083530464,2.2693161366089245e-06,1778662756.7543032,,,,,,,,,,,,,,,,,,,,
6819,3617,,,,61963.385407671,,1778662759.056167,115.0,0.08537133038043976,,,,,,,,,,,,,,,,,,
6829,3618,2.2461958681545247e-06,1.1230979340772624e-05,1.1230979340772624e-05,62046.22326962,2.2461958681545247e-06,1778662841.8939097,,,,,,,,,,,,,,,,,,,,
6829,3619,2.2461958681545247e-06,1.1230979340772624e-05,1.1230979340772624e-05,62048.521175982,2.2461958681545247e-06,1778662844.1919317,,,,,,,,,,,,,,,,,,,,
6829,3620,2.2461958681545247e-06,1.1230979340772624e-05,1.1230979340772624e-05,62050.823209285,2.2461958681545247e-06,1778662846.4939764,,,,,,,,,,,,,,,,,,,,
6829,3621,2.2461958681545247e-06,1.1230979340772624e-05,1.1230979340772624e-05,62053.122109672,2.2461958681545247e-06,1778662848.7928603,,,,,,,,,,,,,,,,,,,,
6829,3622,,,,62055.422281319,,1778662851.092956,115.0,0.15727397799491882,,,,,,,,,,,,,,,,,,
6839,3623,2.2231790703522148e-06,1.1115895351761075e-05,1.1115895351761075e-05,62138.25638934,2.2231790703522148e-06,1778662933.9270215,,,,,,,,,,,,,,,,,,,,
6839,3624,2.2231790703522148e-06,1.1115895351761075e-05,1.1115895351761075e-05,62140.557294771,2.2231790703522148e-06,1778662936.2280846,,,,,,,,,,,,,,,,,,,,
6839,3625,2.2231790703522148e-06,1.1115895351761075e-05,1.1115895351761075e-05,62142.857781724,2.2231790703522148e-06,1778662938.5285752,,,,,,,,,,,,,,,,,,,,
6839,3626,2.2231790703522148e-06,1.1115895351761075e-05,1.1115895351761075e-05,62145.160961564,2.2231790703522148e-06,1778662940.8316596,,,,,,,,,,,,,,,,,,,,
6839,3627,,,,62147.461187075,,1778662943.1319056,115.0,0.10725539922714233,,,,,,,,,,,,,,,,,,
6843,3628,,,,62204.443447728,,1778663000.1139581,115.0,,0.1142176166176796,4.546875,0.0,0.1142176166176796,6.347024440765381,0.8856576681137085,,,,,,,,,,,,
6843,3629,,,,62205.362832148,,1778663001.033406,115.0,,,,,,,,0.0,0.08372721076011658,0.08372721076011658,5.532731056213379,0.916271448135376,3.9722518920898438,,,,,,
6849,3630,2.2002660503496863e-06,1.1001330251748432e-05,1.1001330251748432e-05,62251.347863175,2.2002660503496863e-06,1778663047.0184536,,,,,,,,,,,,,,,,,,,,
6849,3631,2.2002660503496863e-06,1.1001330251748432e-05,1.1001330251748432e-05,62253.6309777,2.2002660503496863e-06,1778663049.3017373,,,,,,,,,,,,,,,,,,,,
6849,3632,2.2002660503496863e-06,1.1001330251748432e-05,1.1001330251748432e-05,62255.915155273,2.2002660503496863e-06,1778663051.5857885,,,,,,,,,,,,,,,,,,,,
6849,3633,2.2002660503496863e-06,1.1001330251748432e-05,1.1001330251748432e-05,62258.201477429,2.2002660503496863e-06,1778663053.8721342,,,,,,,,,,,,,,,,,,,,
6849,3634,,,,62260.485713441,,1778663056.1563466,116.0,0.11313905566930771,,,,,,,,,,,,,,,,,,
6859,3635,2.1774571139097745e-06,1.0887285569548871e-05,1.0887285569548871e-05,62343.149048236,2.1774571139097745e-06,1778663138.8196845,,,,,,,,,,,,,,,,,,,,
6859,3636,2.1774571139097745e-06,1.0887285569548871e-05,1.0887285569548871e-05,62345.4484315,2.1774571139097745e-06,1778663141.1191382,,,,,,,,,,,,,,,,,,,,
6859,3637,2.1774571139097745e-06,1.0887285569548871e-05,1.0887285569548871e-05,62347.750330795,2.1774571139097745e-06,1778663143.4209638,,,,,,,,,,,,,,,,,,,,
6859,3638,2.1774571139097745e-06,1.0887285569548871e-05,1.0887285569548871e-05,62350.05105867,2.1774571139097745e-06,1778663145.7218127,,,,,,,,,,,,,,,,,,,,
6859,3639,,,,62352.352599287,,1778663148.0232456,116.0,0.05997024476528168,,,,,,,,,,,,,,,,,,
6869,3640,2.1547525654063707e-06,1.0773762827031853e-05,1.0773762827031853e-05,62435.190237265,2.1547525654063707e-06,1778663230.8609626,,,,,,,,,,,,,,,,,,,,
6869,3641,2.1547525654063707e-06,1.0773762827031853e-05,1.0773762827031853e-05,62437.493072908,2.1547525654063707e-06,1778663233.163653,,,,,,,,,,,,,,,,,,,,
6869,3642,2.1547525654063707e-06,1.0773762827031853e-05,1.0773762827031853e-05,62439.798506907,2.1547525654063707e-06,1778663235.4689772,,,,,,,,,,,,,,,,,,,,
6869,3643,2.1547525654063707e-06,1.0773762827031853e-05,1.0773762827031853e-05,62442.09911948,2.1547525654063707e-06,1778663237.7696998,,,,,,,,,,,,,,,,,,,,
6869,3644,,,,62444.403624293,,1778663240.0743887,116.0,0.07907769829034805,,,,,,,,,,,,,,,,,,
6879,3645,2.1321527078203575e-06,1.0660763539101787e-05,1.0660763539101787e-05,62527.248330259,2.1321527078203575e-06,1778663322.9189615,,,,,,,,,,,,,,,,,,,,
6879,3646,2.1321527078203575e-06,1.0660763539101787e-05,1.0660763539101787e-05,62529.548872677,2.1321527078203575e-06,1778663325.2196083,,,,,,,,,,,,,,,,,,,,
6879,3647,2.1321527078203575e-06,1.0660763539101787e-05,1.0660763539101787e-05,62531.850165623,2.1321527078203575e-06,1778663327.5207937,,,,,,,,,,,,,,,,,,,,
6879,3648,2.1321527078203575e-06,1.0660763539101787e-05,1.0660763539101787e-05,62534.15185148,2.1321527078203575e-06,1778663329.8225942,,,,,,,,,,,,,,,,,,,,
6879,3649,,,,62536.453576387,,1778663332.1242137,116.0,0.06252622604370117,,,,,,,,,,,,,,,,,,
6889,3650,2.109657842735576e-06,1.0548289213677881e-05,1.0548289213677881e-05,62619.300109658,2.109657842735576e-06,1778663414.9706826,,,,,,,,,,,,,,,,,,,,
6889,3651,2.109657842735576e-06,1.0548289213677881e-05,1.0548289213677881e-05,62621.600470524,2.109657842735576e-06,1778663417.2710228,,,,,,,,,,,,,,,,,,,,
6889,3652,2.109657842735576e-06,1.0548289213677881e-05,1.0548289213677881e-05,62623.902719638,2.109657842735576e-06,1778663419.5734758,,,,,,,,,,,,,,,,,,,,
6889,3653,2.109657842735576e-06,1.0548289213677881e-05,1.0548289213677881e-05,62626.204260027,2.109657842735576e-06,1778663421.874864,,,,,,,,,,,,,,,,,,,,
6889,3654,,,,62628.5077987,,1778663424.1785352,116.0,0.03883443772792816,,,,,,,,,,,,,,,,,,
6899,3655,2.087268270334787e-06,1.0436341351673933e-05,1.0436341351673933e-05,62711.350229759,2.087268270334787e-06,1778663507.0208051,,,,,,,,,,,,,,,,,,,,
6899,3656,2.087268270334787e-06,1.0436341351673933e-05,1.0436341351673933e-05,62713.652460315,2.087268270334787e-06,1778663509.3231888,,,,,,,,,,,,,,,,,,,,
6899,3657,2.087268270334787e-06,1.0436341351673933e-05,1.0436341351673933e-05,62715.952856804,2.087268270334787e-06,1778663511.6235118,,,,,,,,,,,,,,,,,,,,
6899,3658,2.087268270334787e-06,1.0436341351673933e-05,1.0436341351673933e-05,62718.253553306,2.087268270334787e-06,1778663513.9241502,,,,,,,,,,,,,,,,,,,,
6899,3659,,,,62720.55856352,,1778663516.2291336,116.0,0.04505736380815506,,,,,,,,,,,,,,,,,,
6902,3660,,,,62768.431401016,,1778663564.1019118,116.0,,0.11678194254636765,4.625,0.0,0.11678194254636765,6.422157287597656,0.8830990791320801,,,,,,,,,,,,
6902,3661,,,,62768.434774505,,1778663564.1055596,116.0,,,,,,,,0.0,0.08288761973381042,0.08288761973381042,5.52552604675293,0.9171087741851807,4.0,,,,,,
6909,3662,2.064984289395674e-06,1.0324921446978369e-05,1.0324921446978369e-05,62824.024305852,2.064984289395674e-06,1778663619.695028,,,,,,,,,,,,,,,,,,,,
6909,3663,2.064984289395674e-06,1.0324921446978369e-05,1.0324921446978369e-05,62826.327854232,2.064984289395674e-06,1778663621.998497,,,,,,,,,,,,,,,,,,,,
6909,3664,2.064984289395674e-06,1.0324921446978369e-05,1.0324921446978369e-05,62828.628908504,2.064984289395674e-06,1778663624.2995877,,,,,,,,,,,,,,,,,,,,
6909,3665,2.064984289395674e-06,1.0324921446978369e-05,1.0324921446978369e-05,62830.932182082,2.064984289395674e-06,1778663626.6027331,,,,,,,,,,,,,,,,,,,,
6909,3666,,,,62833.23741191,,1778663628.9079967,117.0,0.08524417877197266,,,,,,,,,,,,,,,,,,
6919,3667,2.042806197286863e-06,1.0214030986434314e-05,1.0214030986434314e-05,62916.107344359,2.042806197286863e-06,1778663711.7779472,,,,,,,,,,,,,,,,,,,,
6919,3668,2.042806197286863e-06,1.0214030986434314e-05,1.0214030986434314e-05,62918.4101618,2.042806197286863e-06,1778663714.0806189,,,,,,,,,,,,,,,,,,,,
6919,3669,2.042806197286863e-06,1.0214030986434314e-05,1.0214030986434314e-05,62920.716048704,2.042806197286863e-06,1778663716.3866825,,,,,,,,,,,,,,,,,,,,
6919,3670,2.042806197286863e-06,1.0214030986434314e-05,1.0214030986434314e-05,62923.017857199,2.042806197286863e-06,1778663718.6884954,,,,,,,,,,,,,,,,,,,,
6919,3671,,,,62925.322282638,,1778663720.992844,117.0,0.12155871093273163,,,,,,,,,,,,,,,,,,
6929,3672,2.0207342899639427e-06,1.0103671449819713e-05,1.0103671449819713e-05,63008.224113183,2.0207342899639427e-06,1778663803.8945997,,,,,,,,,,,,,,,,,,,,
6929,3673,2.0207342899639427e-06,1.0103671449819713e-05,1.0103671449819713e-05,63010.525338921,2.0207342899639427e-06,1778663806.1958537,,,,,,,,,,,,,,,,,,,,
6929,3674,2.0207342899639427e-06,1.0103671449819713e-05,1.0103671449819713e-05,63012.82854215,2.0207342899639427e-06,1778663808.499215,,,,,,,,,,,,,,,,,,,,
6929,3675,2.0207342899639427e-06,1.0103671449819713e-05,1.0103671449819713e-05,63015.128455356,2.0207342899639427e-06,1778663810.7992043,,,,,,,,,,,,,,,,,,,,
6929,3676,,,,63017.43359068,,1778663813.1041827,117.0,0.05177311599254608,,,,,,,,,,,,,,,,,,
6939,3677,1.99876886196551e-06,9.99384430982755e-06,9.99384430982755e-06,63100.201762427,1.99876886196551e-06,1778663895.8722796,,,,,,,,,,,,,,,,,,,,
6939,3678,1.99876886196551e-06,9.99384430982755e-06,9.99384430982755e-06,63102.48883942,1.99876886196551e-06,1778663898.1593795,,,,,,,,,,,,,,,,,,,,
6939,3679,1.99876886196551e-06,9.99384430982755e-06,9.99384430982755e-06,63104.771748391,1.99876886196551e-06,1778663900.4424717,,,,,,,,,,,,,,,,,,,,
6939,3680,1.99876886196551e-06,9.99384430982755e-06,9.99384430982755e-06,63107.058697453,1.99876886196551e-06,1778663902.729232,,,,,,,,,,,,,,,,,,,,
6939,3681,,,,63109.348265712,,1778663905.0188704,117.0,0.052056774497032166,,,,,,,,,,,,,,,,,,
6949,3682,1.9769102064092584e-06,9.884551032046292e-06,9.884551032046292e-06,63191.865450208,1.9769102064092584e-06,1778663987.5360043,,,,,,,,,,,,,,,,,,,,
6949,3683,1.9769102064092584e-06,9.884551032046292e-06,9.884551032046292e-06,63194.164178212,1.9769102064092584e-06,1778663989.834933,,,,,,,,,,,,,,,,,,,,
6949,3684,1.9769102064092584e-06,9.884551032046292e-06,9.884551032046292e-06,63196.465654086,1.9769102064092584e-06,1778663992.1363919,,,,,,,,,,,,,,,,,,,,
6949,3685,1.9769102064092584e-06,9.884551032046292e-06,9.884551032046292e-06,63198.767002619,1.9769102064092584e-06,1778663994.4377818,,,,,,,,,,,,,,,,,,,,
6949,3686,,,,63201.071646503,,1778663996.74226,117.0,0.07348558306694031,,,,,,,,,,,,,,,,,,
6959,3687,1.955158614988054e-06,9.77579307494027e-06,9.77579307494027e-06,63283.918578205,1.955158614988054e-06,1778664079.5891824,,,,,,,,,,,,,,,,,,,,
6959,3688,1.955158614988054e-06,9.77579307494027e-06,9.77579307494027e-06,63286.217815465,1.955158614988054e-06,1778664081.8884606,,,,,,,,,,,,,,,,,,,,
6959,3689,1.955158614988054e-06,9.77579307494027e-06,9.77579307494027e-06,63288.518474811,1.955158614988054e-06,1778664084.1891446,,,,,,,,,,,,,,,,,,,,
6959,3690,1.955158614988054e-06,9.77579307494027e-06,9.77579307494027e-06,63290.819776703,1.955158614988054e-06,1778664086.4904246,,,,,,,,,,,,,,,,,,,,
6959,3691,,,,63293.118875496,,1778664088.7896848,117.0,0.06301764398813248,,,,,,,,,,,,,,,,,,
6961,3692,,,,63331.794218911,,1778664127.4647255,117.0,,0.11393576860427856,4.583248138427734,0.0,0.11393576860427856,6.307080268859863,0.885959804058075,,,,,,,,,,,,
6961,3693,,,,63332.067002097,,1778664127.7375765,117.0,,,,,,,,0.0,0.08412668108940125,0.08412668108940125,5.5586395263671875,0.9158728122711182,4.03125,,,,,,
6969,3694,1.9335143779660438e-06,9.667571889830218e-06,9.667571889830218e-06,63396.704772493,1.9335143779660438e-06,1778664192.3753245,,,,,,,,,,,,,,,,,,,,
6969,3695,1.9335143779660438e-06,9.667571889830218e-06,9.667571889830218e-06,63399.006184714,1.9335143779660438e-06,1778664194.6767159,,,,,,,,,,,,,,,,,,,,
6969,3696,1.9335143779660438e-06,9.667571889830218e-06,9.667571889830218e-06,63401.310476612,1.9335143779660438e-06,1778664196.9810271,,,,,,,,,,,,,,,,,,,,
6969,3697,1.9335143779660438e-06,9.667571889830218e-06,9.667571889830218e-06,63403.61124113,1.9335143779660438e-06,1778664199.281956,,,,,,,,,,,,,,,,,,,,
6969,3698,,,,63405.915717436,,1778664201.586386,118.0,0.05334528535604477,,,,,,,,,,,,,,,,,,
6979,3699,1.9119777841747865e-06,9.559888920873932e-06,9.559888920873932e-06,63488.777595658,1.9119777841747865e-06,1778664284.4482238,,,,,,,,,,,,,,,,,,,,
6979,3700,1.9119777841747865e-06,9.559888920873932e-06,9.559888920873932e-06,63491.07871032,1.9119777841747865e-06,1778664286.7494287,,,,,,,,,,,,,,,,,,,,
6979,3701,1.9119777841747865e-06,9.559888920873932e-06,9.559888920873932e-06,63493.384098874,1.9119777841747865e-06,1778664289.05472,,,,,,,,,,,,,,,,,,,,
6979,3702,1.9119777841747865e-06,9.559888920873932e-06,9.559888920873932e-06,63495.683814165,1.9119777841747865e-06,1778664291.354437,,,,,,,,,,,,,,,,,,,,
6979,3703,,,,63497.987181313,,1778664293.6578708,118.0,0.1132379025220871,,,,,,,,,,,,,,,,,,
6989,3704,1.8905491210093895e-06,9.452745605046947e-06,9.452745605046947e-06,63580.819000196,1.8905491210093895e-06,1778664376.4896274,,,,,,,,,,,,,,,,,,,,
6989,3705,1.8905491210093895e-06,9.452745605046947e-06,9.452745605046947e-06,63583.121528311,1.8905491210093895e-06,1778664378.7922945,,,,,,,,,,,,,,,,,,,,
6989,3706,1.8905491210093895e-06,9.452745605046947e-06,9.452745605046947e-06,63585.423031806,1.8905491210093895e-06,1778664381.093717,,,,,,,,,,,,,,,,,,,,
6989,3707,1.8905491210093895e-06,9.452745605046947e-06,9.452745605046947e-06,63587.725403506,1.8905491210093895e-06,1778664383.3960102,,,,,,,,,,,,,,,,,,,,
6989,3708,,,,63590.024960017,,1778664385.6955864,118.0,0.1057933121919632,,,,,,,,,,,,,,,,,,
6999,3709,1.8692286744246867e-06,9.346143372123433e-06,9.346143372123433e-06,63672.852989858,1.8692286744246867e-06,1778664468.523549,,,,,,,,,,,,,,,,,,,,
6999,3710,1.8692286744246867e-06,9.346143372123433e-06,9.346143372123433e-06,63675.152488509,1.8692286744246867e-06,1778664470.8231883,,,,,,,,,,,,,,,,,,,,
6999,3711,1.8692286744246867e-06,9.346143372123433e-06,9.346143372123433e-06,63677.453690699,1.8692286744246867e-06,1778664473.124309,,,,,,,,,,,,,,,,,,,,
6999,3712,1.8692286744246867e-06,9.346143372123433e-06,9.346143372123433e-06,63679.757004883,1.8692286744246867e-06,1778664475.4277532,,,,,,,,,,,,,,,,,,,,
6999,3713,,,,63682.06058636,,1778664477.7312486,118.0,0.03598051145672798,,,,,,,,,,,,,,,,,,
7009,3714,1.848016728931412e-06,9.24008364465706e-06,9.24008364465706e-06,63764.881195601,1.848016728931412e-06,1778664560.551805,,,,,,,,,,,,,,,,,,,,
7009,3715,1.848016728931412e-06,9.24008364465706e-06,9.24008364465706e-06,63767.182342856,1.848016728931412e-06,1778664562.852954,,,,,,,,,,,,,,,,,,,,
7009,3716,1.848016728931412e-06,9.24008364465706e-06,9.24008364465706e-06,63769.482353834,1.848016728931412e-06,1778664565.1529458,,,,,,,,,,,,,,,,,,,,
7009,3717,1.848016728931412e-06,9.24008364465706e-06,9.24008364465706e-06,63771.784581123,1.848016728931412e-06,1778664567.45519,,,,,,,,,,,,,,,,,,,,
7009,3718,,,,63774.084994446,,1778664569.7556849,118.0,0.07841147482395172,,,,,,,,,,,,,,,,,,
7019,3719,1.8269135675924077e-06,9.134567837962038e-06,9.134567837962038e-06,63856.907056744,1.8269135675924077e-06,1778664652.5777974,,,,,,,,,,,,,,,,,,,,
7019,3720,1.8269135675924077e-06,9.134567837962038e-06,9.134567837962038e-06,63859.209161134,1.8269135675924077e-06,1778664654.8798985,,,,,,,,,,,,,,,,,,,,
7019,3721,1.8269135675924077e-06,9.134567837962038e-06,9.134567837962038e-06,63861.511979788,1.8269135675924077e-06,1778664657.1827264,,,,,,,,,,,,,,,,,,,,
7019,3722,1.8269135675924077e-06,9.134567837962038e-06,9.134567837962038e-06,63863.812250915,1.8269135675924077e-06,1778664659.4830241,,,,,,,,,,,,,,,,,,,,
7019,3723,,,,63866.114627445,,1778664661.7853863,118.0,0.22057536244392395,,,,,,,,,,,,,,,,,,
7020,3724,,,,63895.381854126,,1778664691.0523522,118.0,,0.11496814340353012,4.4296875,0.0,0.11496814340353012,6.359869956970215,0.8849096298217773,,,,,,,,,,,,
7020,3725,,,,63895.704227428,,1778664691.3747356,118.0,,,,,,,,0.0,0.08606219291687012,0.08606219291687012,5.619030475616455,0.9139341115951538,4.067188262939453,,,,,,
7029,3726,1.8059194720188444e-06,9.029597360094222e-06,9.029597360094222e-06,63969.116818473,1.8059194720188444e-06,1778664764.7873363,,,,,,,,,,,,,,,,,,,,
7029,3727,1.8059194720188444e-06,9.029597360094222e-06,9.029597360094222e-06,63971.403572368,1.8059194720188444e-06,1778664767.0741038,,,,,,,,,,,,,,,,,,,,
7029,3728,1.8059194720188444e-06,9.029597360094222e-06,9.029597360094222e-06,63973.688254421,1.8059194720188444e-06,1778664769.3590016,,,,,,,,,,,,,,,,,,,,
7029,3729,1.8059194720188444e-06,9.029597360094222e-06,9.029597360094222e-06,63975.975014025,1.8059194720188444e-06,1778664771.6455998,,,,,,,,,,,,,,,,,,,,
7029,3730,,,,63978.262587444,,1778664773.9331486,119.0,0.14821715652942657,,,,,,,,,,,,,,,,,,
7039,3731,1.7850347223664665e-06,8.925173611832333e-06,8.925173611832333e-06,64060.550507847,1.7850347223664665e-06,1778664856.221047,,,,,,,,,,,,,,,,,,,,
7039,3732,1.7850347223664665e-06,8.925173611832333e-06,8.925173611832333e-06,64062.836090959,1.7850347223664665e-06,1778664858.5065951,,,,,,,,,,,,,,,,,,,,
7039,3733,1.7850347223664665e-06,8.925173611832333e-06,8.925173611832333e-06,64065.121539599,1.7850347223664665e-06,1778664860.7922494,,,,,,,,,,,,,,,,,,,,
7039,3734,1.7850347223664665e-06,8.925173611832333e-06,8.925173611832333e-06,64067.407343424,1.7850347223664665e-06,1778664863.077929,,,,,,,,,,,,,,,,,,,,
7039,3735,,,,64069.693914472,,1778664865.3646343,119.0,0.08136902749538422,,,,,,,,,,,,,,,,,,
7049,3736,1.764259597331851e-06,8.821297986659256e-06,8.821297986659256e-06,64151.979644157,1.764259597331851e-06,1778664947.6500823,,,,,,,,,,,,,,,,,,,,
7049,3737,1.764259597331851e-06,8.821297986659256e-06,8.821297986659256e-06,64154.26588929,1.764259597331851e-06,1778664949.9364834,,,,,,,,,,,,,,,,,,,,
7049,3738,1.764259597331851e-06,8.821297986659256e-06,8.821297986659256e-06,64156.552095815,1.764259597331851e-06,1778664952.2226932,,,,,,,,,,,,,,,,,,,,
7049,3739,1.764259597331851e-06,8.821297986659256e-06,8.821297986659256e-06,64158.840359522,1.764259597331851e-06,1778664954.510903,,,,,,,,,,,,,,,,,,,,
7049,3740,,,,64161.128788767,,1778664956.7993505,119.0,0.1844586730003357,,,,,,,,,,,,,,,,,,
7059,3741,1.743594374148686e-06,8.71797187074343e-06,8.71797187074343e-06,64243.412203315,1.743594374148686e-06,1778665039.0828173,,,,,,,,,,,,,,,,,,,,
7059,3742,1.743594374148686e-06,8.71797187074343e-06,8.71797187074343e-06,64245.696614147,1.743594374148686e-06,1778665041.3672578,,,,,,,,,,,,,,,,,,,,
7059,3743,1.743594374148686e-06,8.71797187074343e-06,8.71797187074343e-06,64247.979119645,1.743594374148686e-06,1778665043.649827,,,,,,,,,,,,,,,,,,,,
7059,3744,1.743594374148686e-06,8.71797187074343e-06,8.71797187074343e-06,64250.265786808,1.743594374148686e-06,1778665045.9364014,,,,,,,,,,,,,,,,,,,,
7059,3745,,,,64252.552726791,,1778665048.2233634,119.0,0.06812547892332077,,,,,,,,,,,,,,,,,,
7069,3746,1.7230393285840807e-06,8.615196642920403e-06,8.615196642920403e-06,64334.830099401,1.7230393285840807e-06,1778665130.5007322,,,,,,,,,,,,,,,,,,,,
7069,3747,1.7230393285840807e-06,8.615196642920403e-06,8.615196642920403e-06,64337.113903045,1.7230393285840807e-06,1778665132.7846646,,,,,,,,,,,,,,,,,,,,
7069,3748,1.7230393285840807e-06,8.615196642920403e-06,8.615196642920403e-06,64339.396395319,1.7230393285840807e-06,1778665135.067129,,,,,,,,,,,,,,,,,,,,
7069,3749,1.7230393285840807e-06,8.615196642920403e-06,8.615196642920403e-06,64341.683671852,1.7230393285840807e-06,1778665137.3541327,,,,,,,,,,,,,,,,,,,,
7069,3750,,,,64343.971441406,,1778665139.6420746,119.0,0.0875387042760849,,,,,,,,,,,,,,,,,,
7079,3751,1.7025947349348692e-06,8.512973674674345e-06,8.512973674674345e-06,64426.505498256,1.7025947349348692e-06,1778665222.176207,,,,,,,,,,,,,,,,,,,,
7079,3752,1.7025947349348692e-06,8.512973674674345e-06,8.512973674674345e-06,64428.806302664,1.7025947349348692e-06,1778665224.4770575,,,,,,,,,,,,,,,,,,,,
7079,3753,,,,64431.036993284,,1778665226.707779,119.0,0.08964081108570099,,,,,,,,,,,,,,,,,,
7079,3754,,,,64455.720664264,,1778665251.391341,119.0,,0.11350583285093307,4.4921875,0.0,0.11350583285093307,6.307513236999512,0.8863817453384399,,,,,,,,,,,,
7079,3755,,,,64456.041665879,,1778665251.7121966,119.0,,,,,,,,0.0,0.08381790667772293,0.08381790667772293,5.55792760848999,0.9161807894706726,4.0625,,,,,,
7089,3756,1.682260866023967e-06,8.411304330119835e-06,8.411304330119835e-06,64538.628505717,1.682260866023967e-06,1778665334.2991142,,,,,,,,,,,,,,,,,,,,
7089,3757,1.682260866023967e-06,8.411304330119835e-06,8.411304330119835e-06,64540.914982138,1.682260866023967e-06,1778665336.5856256,,,,,,,,,,,,,,,,,,,,
7089,3758,1.682260866023967e-06,8.411304330119835e-06,8.411304330119835e-06,64543.201091428,1.682260866023967e-06,1778665338.8717194,,,,,,,,,,,,,,,,,,,,
7089,3759,1.682260866023967e-06,8.411304330119835e-06,8.411304330119835e-06,64545.489169947,1.682260866023967e-06,1778665341.1598475,,,,,,,,,,,,,,,,,,,,
7089,3760,,,,64547.774069689,,1778665343.4447083,120.0,0.0792120099067688,,,,,,,,,,,,,,,,,,
7099,3761,1.6620379931967234e-06,8.310189965983617e-06,8.310189965983617e-06,64630.055533678,1.6620379931967234e-06,1778665425.7260633,,,,,,,,,,,,,,,,,,,,
7099,3762,1.6620379931967234e-06,8.310189965983617e-06,8.310189965983617e-06,64632.340622638,1.6620379931967234e-06,1778665428.0111682,,,,,,,,,,,,,,,,,,,,
7099,3763,1.6620379931967234e-06,8.310189965983617e-06,8.310189965983617e-06,64634.62792814,1.6620379931967234e-06,1778665430.2986565,,,,,,,,,,,,,,,,,,,,
7099,3764,1.6620379931967234e-06,8.310189965983617e-06,8.310189965983617e-06,64636.910742753,1.6620379931967234e-06,1778665432.581474,,,,,,,,,,,,,,,,,,,,
7099,3765,,,,64639.198293944,,1778665434.8690484,120.0,0.06045887619256973,,,,,,,,,,,,,,,,,,
7109,3766,1.6419263863172997e-06,8.209631931586498e-06,8.209631931586498e-06,64721.468686354,1.6419263863172997e-06,1778665517.1391525,,,,,,,,,,,,,,,,,,,,
7109,3767,1.6419263863172997e-06,8.209631931586498e-06,8.209631931586498e-06,64723.753389819,1.6419263863172997e-06,1778665519.4239478,,,,,,,,,,,,,,,,,,,,
7109,3768,1.6419263863172997e-06,8.209631931586498e-06,8.209631931586498e-06,64726.041898584,1.6419263863172997e-06,1778665521.7124765,,,,,,,,,,,,,,,,,,,,
7109,3769,1.6419263863172997e-06,8.209631931586498e-06,8.209631931586498e-06,64728.328498139,1.6419263863172997e-06,1778665523.9990623,,,,,,,,,,,,,,,,,,,,
7109,3770,,,,64730.616271388,,1778665526.2869675,120.0,0.07423107326030731,,,,,,,,,,,,,,,,,,
7119,3771,1.6219263137650621e-06,8.10963156882531e-06,8.10963156882531e-06,64812.879652628,1.6219263137650621e-06,1778665608.5502295,,,,,,,,,,,,,,,,,,,,
7119,3772,1.6219263137650621e-06,8.10963156882531e-06,8.10963156882531e-06,64815.165426186,1.6219263137650621e-06,1778665610.8359656,,,,,,,,,,,,,,,,,,,,
7119,3773,1.6219263137650621e-06,8.10963156882531e-06,8.10963156882531e-06,64817.451926286,1.6219263137650621e-06,1778665613.1225543,,,,,,,,,,,,,,,,,,,,
7119,3774,1.6219263137650621e-06,8.10963156882531e-06,8.10963156882531e-06,64819.737322847,1.6219263137650621e-06,1778665615.4080312,,,,,,,,,,,,,,,,,,,,
7119,3775,,,,64822.021106866,,1778665617.6917036,120.0,0.06495518237352371,,,,,,,,,,,,,,,,,,
7129,3776,1.6020380424310144e-06,8.010190212155073e-06,8.010190212155073e-06,64904.277804464,1.6020380424310144e-06,1778665699.9483836,,,,,,,,,,,,,,,,,,,,
7129,3777,1.6020380424310144e-06,8.010190212155073e-06,8.010190212155073e-06,64906.561193683,1.6020380424310144e-06,1778665702.2317889,,,,,,,,,,,,,,,,,,,,
7129,3778,1.6020380424310144e-06,8.010190212155073e-06,8.010190212155073e-06,64908.848516183,1.6020380424310144e-06,1778665704.5191123,,,,,,,,,,,,,,,,,,,,
7129,3779,1.6020380424310144e-06,8.010190212155073e-06,8.010190212155073e-06,64911.133989775,1.6020380424310144e-06,1778665706.8045843,,,,,,,,,,,,,,,,,,,,
7129,3780,,,,64913.420633124,,1778665709.0913432,120.0,0.05460593104362488,,,,,,,,,,,,,,,,,,
7138,3781,,,,65015.739476327,,1778665811.4101489,120.0,,0.1240713819861412,4.8125,0.0,0.1240713819861412,6.689215183258057,0.8757944107055664,,,,,,,,,,,,
7138,3782,,,,65015.742669616,,1778665811.4134462,120.0,,,,,,,,0.0,0.0840347483754158,0.0840347483754158,5.507678985595703,0.9159615635871887,3.893749237060547,,,,,,
7139,3783,1.5822618377142273e-06,7.911309188571136e-06,7.911309188571136e-06,65016.087010681,1.5822618377142273e-06,1778665811.756771,,,,,,,,,,,,,,,,,,,,
7139,3784,1.5822618377142273e-06,7.911309188571136e-06,7.911309188571136e-06,65018.376363126,1.5822618377142273e-06,1778665814.0468867,,,,,,,,,,,,,,,,,,,,
7139,3785,1.5822618377142273e-06,7.911309188571136e-06,7.911309188571136e-06,65020.663237779,1.5822618377142273e-06,1778665816.3338015,,,,,,,,,,,,,,,,,,,,
7139,3786,1.5822618377142273e-06,7.911309188571136e-06,7.911309188571136e-06,65022.947073524,1.5822618377142273e-06,1778665818.6176236,,,,,,,,,,,,,,,,,,,,
7139,3787,,,,65025.234362729,,1778665820.9051034,121.0,0.06465823203325272,,,,,,,,,,,,,,,,,,
7149,3788,1.5625979635182965e-06,7.812989817591482e-06,7.812989817591482e-06,65107.508477209,1.5625979635182965e-06,1778665903.1791086,,,,,,,,,,,,,,,,,,,,
7149,3789,1.5625979635182965e-06,7.812989817591482e-06,7.812989817591482e-06,65109.792988873,1.5625979635182965e-06,1778665905.463627,,,,,,,,,,,,,,,,,,,,
7149,3790,1.5625979635182965e-06,7.812989817591482e-06,7.812989817591482e-06,65112.077841451,1.5625979635182965e-06,1778665907.7486362,,,,,,,,,,,,,,,,,,,,
7149,3791,1.5625979635182965e-06,7.812989817591482e-06,7.812989817591482e-06,65114.363644366,1.5625979635182965e-06,1778665910.034401,,,,,,,,,,,,,,,,,,,,
7149,3792,,,,65116.649326,,1778665912.3200142,121.0,0.09419772028923035,,,,,,,,,,,,,,,,,,
7159,3793,1.543046682247824e-06,7.71523341123912e-06,7.71523341123912e-06,65198.910130068,1.543046682247824e-06,1778665994.580719,,,,,,,,,,,,,,,,,,,,
7159,3794,1.543046682247824e-06,7.71523341123912e-06,7.71523341123912e-06,65201.198255598,1.543046682247824e-06,1778665996.868803,,,,,,,,,,,,,,,,,,,,
7159,3795,1.543046682247824e-06,7.71523341123912e-06,7.71523341123912e-06,65203.483870485,1.543046682247824e-06,1778665999.1545746,,,,,,,,,,,,,,,,,,,,
7159,3796,1.543046682247824e-06,7.71523341123912e-06,7.71523341123912e-06,65205.769889489,1.543046682247824e-06,1778666001.440559,,,,,,,,,,,,,,,,,,,,
7159,3797,,,,65208.058125966,,1778666003.7287862,121.0,0.07896724343299866,,,,,,,,,,,,,,,,,,
7169,3798,1.5236082548049146e-06,7.6180412740245734e-06,7.6180412740245734e-06,65290.330917037,1.5236082548049146e-06,1778666086.0015557,,,,,,,,,,,,,,,,,,,,
7169,3799,1.5236082548049146e-06,7.6180412740245734e-06,7.6180412740245734e-06,65292.617054688,1.5236082548049146e-06,1778666088.2877219,,,,,,,,,,,,,,,,,,,,
7169,3800,1.5236082548049146e-06,7.6180412740245734e-06,7.6180412740245734e-06,65294.901895901,1.5236082548049146e-06,1778666090.5726292,,,,,,,,,,,,,,,,,,,,
7169,3801,1.5236082548049146e-06,7.6180412740245734e-06,7.6180412740245734e-06,65297.184788586,1.5236082548049146e-06,1778666092.8555582,,,,,,,,,,,,,,,,,,,,
7169,3802,,,,65299.471618858,,1778666095.1423252,121.0,0.12301191687583923,,,,,,,,,,,,,,,,,,
7179,3803,1.5042829405856963e-06,7.521414702928481e-06,7.521414702928481e-06,65381.711645368,1.5042829405856963e-06,1778666177.3822856,,,,,,,,,,,,,,,,,,,,
7179,3804,1.5042829405856963e-06,7.521414702928481e-06,7.521414702928481e-06,65383.994752434,1.5042829405856963e-06,1778666179.6654196,,,,,,,,,,,,,,,,,,,,
7179,3805,1.5042829405856963e-06,7.521414702928481e-06,7.521414702928481e-06,65386.278907595,1.5042829405856963e-06,1778666181.9496546,,,,,,,,,,,,,,,,,,,,
7179,3806,1.5042829405856963e-06,7.521414702928481e-06,7.521414702928481e-06,65388.560544883,1.5042829405856963e-06,1778666184.2312756,,,,,,,,,,,,,,,,,,,,
7179,3807,,,,65390.844261255,,1778666186.515003,121.0,0.0967928096652031,,,,,,,,,,,,,,,,,,
7189,3808,1.4850709974768574e-06,7.4253549873842865e-06,7.4253549873842865e-06,65473.073614602,1.4850709974768574e-06,1778666268.74426,,,,,,,,,,,,,,,,,,,,
7189,3809,1.4850709974768574e-06,7.4253549873842865e-06,7.4253549873842865e-06,65475.356443549,1.4850709974768574e-06,1778666271.0270882,,,,,,,,,,,,,,,,,,,,
7189,3810,1.4850709974768574e-06,7.4253549873842865e-06,7.4253549873842865e-06,65477.640189374,1.4850709974768574e-06,1778666273.3109477,,,,,,,,,,,,,,,,,,,,
7189,3811,1.4850709974768574e-06,7.4253549873842865e-06,7.4253549873842865e-06,65479.926080163,1.4850709974768574e-06,1778666275.596829,,,,,,,,,,,,,,,,,,,,
7189,3812,,,,65482.212579366,,1778666277.883299,121.0,0.06364084780216217,,,,,,,,,,,,,,,,,,
7197,3813,,,,65575.416259999,,1778666371.0869625,121.0,,0.12022019177675247,4.71875,0.0,0.12022019177675247,6.532769203186035,0.8796499371528625,,,,,,,,,,,,
7197,3814,,,,65575.419390524,,1778666371.0901864,121.0,,,,,,,,0.0,0.08410456031560898,0.08410456031560898,5.540175914764404,0.9158994555473328,4.0,,,,,,
7199,3815,1.4659726818522025e-06,7.329863409261012e-06,7.329863409261012e-06,65584.857221774,1.4659726818522025e-06,1778666380.5279465,,,,,,,,,,,,,,,,,,,,
7199,3816,1.4659726818522025e-06,7.329863409261012e-06,7.329863409261012e-06,65587.142489417,1.4659726818522025e-06,1778666382.813035,,,,,,,,,,,,,,,,,,,,
7199,3817,1.4659726818522025e-06,7.329863409261012e-06,7.329863409261012e-06,65589.428821429,1.4659726818522025e-06,1778666385.0993536,,,,,,,,,,,,,,,,,,,,
7199,3818,1.4659726818522025e-06,7.329863409261012e-06,7.329863409261012e-06,65591.713429812,1.4659726818522025e-06,1778666387.3841524,,,,,,,,,,,,,,,,,,,,
7199,3819,,,,65593.99975198,,1778666389.670565,122.0,0.06567317992448807,,,,,,,,,,,,,,,,,,
7209,3820,1.4469882485692398e-06,7.2349412428462e-06,7.2349412428462e-06,65676.276978086,1.4469882485692398e-06,1778666471.9475965,,,,,,,,,,,,,,,,,,,,
7209,3821,1.4469882485692398e-06,7.2349412428462e-06,7.2349412428462e-06,65678.56422359,1.4469882485692398e-06,1778666474.234842,,,,,,,,,,,,,,,,,,,,
7209,3822,1.4469882485692398e-06,7.2349412428462e-06,7.2349412428462e-06,65680.848553152,1.4469882485692398e-06,1778666476.5192437,,,,,,,,,,,,,,,,,,,,
7209,3823,1.4469882485692398e-06,7.2349412428462e-06,7.2349412428462e-06,65683.133915807,1.4469882485692398e-06,1778666478.8045752,,,,,,,,,,,,,,,,,,,,
7209,3824,,,,65685.420878417,,1778666481.0916266,122.0,0.09031566977500916,,,,,,,,,,,,,,,,,,
7219,3825,1.428117950965766e-06,7.14058975482883e-06,7.14058975482883e-06,65767.68343484,1.428117950965766e-06,1778666563.354079,,,,,,,,,,,,,,,,,,,,
7219,3826,1.428117950965766e-06,7.14058975482883e-06,7.14058975482883e-06,65769.967180874,1.428117950965766e-06,1778666565.63798,,,,,,,,,,,,,,,,,,,,
7219,3827,1.428117950965766e-06,7.14058975482883e-06,7.14058975482883e-06,65772.265887059,1.428117950965766e-06,1778666567.936689,,,,,,,,,,,,,,,,,,,,
7219,3828,1.428117950965766e-06,7.14058975482883e-06,7.14058975482883e-06,65774.572258433,1.428117950965766e-06,1778666570.2428863,,,,,,,,,,,,,,,,,,,,
7219,3829,,,,65776.877335723,,1778666572.5480313,122.0,0.09138520807027817,,,,,,,,,,,,,,,,,,
7229,3830,1.4093620408565012e-06,7.046810204282506e-06,7.046810204282506e-06,65859.770698419,1.4093620408565012e-06,1778666655.4413464,,,,,,,,,,,,,,,,,,,,
7229,3831,1.4093620408565012e-06,7.046810204282506e-06,7.046810204282506e-06,65862.075467384,1.4093620408565012e-06,1778666657.7462533,,,,,,,,,,,,,,,,,,,,
7229,3832,1.4093620408565012e-06,7.046810204282506e-06,7.046810204282506e-06,65864.37565245,1.4093620408565012e-06,1778666660.0463693,,,,,,,,,,,,,,,,,,,,
7229,3833,1.4093620408565012e-06,7.046810204282506e-06,7.046810204282506e-06,65866.678457783,1.4093620408565012e-06,1778666662.349104,,,,,,,,,,,,,,,,,,,,
7229,3834,,,,65868.982106244,,1778666664.6527348,122.0,0.08186067640781403,,,,,,,,,,,,,,,,,,
7239,3835,1.3907207685297186e-06,6.953603842648593e-06,6.953603842648593e-06,65951.85426485,1.3907207685297186e-06,1778666747.52491,,,,,,,,,,,,,,,,,,,,
7239,3836,1.3907207685297186e-06,6.953603842648593e-06,6.953603842648593e-06,65954.155461584,1.3907207685297186e-06,1778666749.826232,,,,,,,,,,,,,,,,,,,,
7239,3837,1.3907207685297186e-06,6.953603842648593e-06,6.953603842648593e-06,65956.456616105,1.3907207685297186e-06,1778666752.1273818,,,,,,,,,,,,,,,,,,,,
7239,3838,1.3907207685297186e-06,6.953603842648593e-06,6.953603842648593e-06,65958.762487225,1.3907207685297186e-06,1778666754.4331312,,,,,,,,,,,,,,,,,,,,
7239,3839,,,,65961.067189798,,1778666756.7378983,122.0,0.04072306677699089,,,,,,,,,,,,,,,,,,
7249,3840,1.37219438274391e-06,6.8609719137195495e-06,6.8609719137195495e-06,66043.93359931,1.37219438274391e-06,1778666839.604235,,,,,,,,,,,,,,,,,,,,
7249,3841,1.37219438274391e-06,6.8609719137195495e-06,6.8609719137195495e-06,66046.236676348,1.37219438274391e-06,1778666841.907442,,,,,,,,,,,,,,,,,,,,
7249,3842,1.37219438274391e-06,6.8609719137195495e-06,6.8609719137195495e-06,66048.53872427,1.37219438274391e-06,1778666844.209449,,,,,,,,,,,,,,,,,,,,
7249,3843,1.37219438274391e-06,6.8609719137195495e-06,6.8609719137195495e-06,66050.841681829,1.37219438274391e-06,1778666846.512383,,,,,,,,,,,,,,,,,,,,
7249,3844,,,,66053.144057144,,1778666848.8147874,122.0,0.1386866718530655,,,,,,,,,,,,,,,,,,
7256,3845,,,,66137.816951089,,1778666933.4876192,122.0,,0.11848553270101547,4.5227508544921875,0.0,0.11848553270101547,6.469751358032227,0.8813872337341309,,,,,,,,,,,,
7256,3846,,,,66137.820176836,,1778666933.4909408,122.0,,,,,,,,0.0,0.08284292370080948,0.08284292370080948,5.507043361663818,0.9171587228775024,3.9562530517578125,,,,,,
7259,3847,1.3537831307244563e-06,6.768915653622282e-06,6.768915653622282e-06,66156.506280913,1.3537831307244563e-06,1778666952.176866,,,,,,,,,,,,,,,,,,,,
7259,3848,1.3537831307244563e-06,6.768915653622282e-06,6.768915653622282e-06,66158.807618607,1.3537831307244563e-06,1778666954.478232,,,,,,,,,,,,,,,,,,,,
7259,3849,1.3537831307244563e-06,6.768915653622282e-06,6.768915653622282e-06,66161.110710338,1.3537831307244563e-06,1778666956.7813466,,,,,,,,,,,,,,,,,,,,
7259,3850,1.3537831307244563e-06,6.768915653622282e-06,6.768915653622282e-06,66163.411077534,1.3537831307244563e-06,1778666959.081869,,,,,,,,,,,,,,,,,,,,
7259,3851,,,,66165.711480283,,1778666961.3822799,123.0,0.07276157289743423,,,,,,,,,,,,,,,,,,
7269,3852,1.3354872581603439e-06,6.67743629080172e-06,6.67743629080172e-06,66248.533128947,1.3354872581603439e-06,1778667044.2037816,,,,,,,,,,,,,,,,,,,,
7269,3853,1.3354872581603439e-06,6.67743629080172e-06,6.67743629080172e-06,66250.832928697,1.3354872581603439e-06,1778667046.5037322,,,,,,,,,,,,,,,,,,,,
7269,3854,1.3354872581603439e-06,6.67743629080172e-06,6.67743629080172e-06,66253.134307341,1.3354872581603439e-06,1778667048.805047,,,,,,,,,,,,,,,,,,,,
7269,3855,1.3354872581603439e-06,6.67743629080172e-06,6.67743629080172e-06,66255.433858218,1.3354872581603439e-06,1778667051.1046028,,,,,,,,,,,,,,,,,,,,
7269,3856,,,,66257.73370509,,1778667053.4044962,123.0,0.0827188640832901,,,,,,,,,,,,,,,,,,
7279,3857,1.3173070092008732e-06,6.586535046004366e-06,6.586535046004366e-06,66340.529690573,1.3173070092008732e-06,1778667136.200332,,,,,,,,,,,,,,,,,,,,
7279,3858,1.3173070092008732e-06,6.586535046004366e-06,6.586535046004366e-06,66342.829155979,1.3173070092008732e-06,1778667138.4999652,,,,,,,,,,,,,,,,,,,,
7279,3859,1.3173070092008732e-06,6.586535046004366e-06,6.586535046004366e-06,66345.130323683,1.3173070092008732e-06,1778667140.8010163,,,,,,,,,,,,,,,,,,,,
7279,3860,1.3173070092008732e-06,6.586535046004366e-06,6.586535046004366e-06,66347.42901785,1.3173070092008732e-06,1778667143.0997734,,,,,,,,,,,,,,,,,,,,
7279,3861,,,,66349.731266569,,1778667145.401942,123.0,0.13861112296581268,,,,,,,,,,,,,,,,,,
7289,3862,1.299242626452407e-06,6.496213132262036e-06,6.496213132262036e-06,66432.566442856,1.299242626452407e-06,1778667228.2370825,,,,,,,,,,,,,,,,,,,,
7289,3863,1.299242626452407e-06,6.496213132262036e-06,6.496213132262036e-06,66434.870082883,1.299242626452407e-06,1778667230.5408235,,,,,,,,,,,,,,,,,,,,
7289,3864,1.299242626452407e-06,6.496213132262036e-06,6.496213132262036e-06,66437.170697052,1.299242626452407e-06,1778667232.8414116,,,,,,,,,,,,,,,,,,,,
7289,3865,1.299242626452407e-06,6.496213132262036e-06,6.496213132262036e-06,66439.470845492,1.299242626452407e-06,1778667235.1415854,,,,,,,,,,,,,,,,,,,,
7289,3866,,,,66441.771585532,,1778667237.442352,123.0,0.08456715941429138,,,,,,,,,,,,,,,,,,
7299,3867,1.2812943509751318e-06,6.4064717548756595e-06,6.4064717548756595e-06,66524.596808594,1.2812943509751318e-06,1778667320.2674549,,,,,,,,,,,,,,,,,,,,
7299,3868,1.2812943509751318e-06,6.4064717548756595e-06,6.4064717548756595e-06,66526.897413457,1.2812943509751318e-06,1778667322.5681524,,,,,,,,,,,,,,,,,,,,
7299,3869,1.2812943509751318e-06,6.4064717548756595e-06,6.4064717548756595e-06,66529.197143144,1.2812943509751318e-06,1778667324.8678524,,,,,,,,,,,,,,,,,,,,
7299,3870,1.2812943509751318e-06,6.4064717548756595e-06,6.4064717548756595e-06,66531.497693135,1.2812943509751318e-06,1778667327.1684592,,,,,,,,,,,,,,,,,,,,
7299,3871,,,,66533.798524228,,1778667329.4692478,123.0,0.06948074698448181,,,,,,,,,,,,,,,,,,
7309,3872,1.2634624222798386e-06,6.317312111399193e-06,6.317312111399193e-06,66616.60258086,1.2634624222798386e-06,1778667412.2732215,,,,,,,,,,,,,,,,,,,,
7309,3873,1.2634624222798386e-06,6.317312111399193e-06,6.317312111399193e-06,66618.90280659,1.2634624222798386e-06,1778667414.573568,,,,,,,,,,,,,,,,,,,,
7309,3874,1.2634624222798386e-06,6.317312111399193e-06,6.317312111399193e-06,66621.204070331,1.2634624222798386e-06,1778667416.8747842,,,,,,,,,,,,,,,,,,,,
7309,3875,1.2634624222798386e-06,6.317312111399193e-06,6.317312111399193e-06,66623.505089544,1.2634624222798386e-06,1778667419.1758695,,,,,,,,,,,,,,,,,,,,
7309,3876,,,,66625.805723988,,1778667421.476497,123.0,0.06301279366016388,,,,,,,,,,,,,,,,,,
7315,3877,,,,66701.207001038,,1778667496.8775146,123.0,,0.11822476983070374,4.625,0.0,0.11822476983070374,6.471912860870361,0.8816526532173157,,,,,,,,,,,,
7315,3878,,,,66701.21032928,,1778667496.8811252,123.0,,,,,,,,0.0,0.08381073921918869,0.08381073921918869,5.514155387878418,0.9161872267723083,3.9375,,,,,,
7319,3879,1.2457470783247294e-06,6.228735391623647e-06,6.228735391623647e-06,66729.113906194,1.2457470783247294e-06,1778667524.784476,,,,,,,,,,,,,,,,,,,,
7319,3880,1.2457470783247294e-06,6.228735391623647e-06,6.228735391623647e-06,66731.413944351,1.2457470783247294e-06,1778667527.084676,,,,,,,,,,,,,,,,,,,,
7319,3881,1.2457470783247294e-06,6.228735391623647e-06,6.228735391623647e-06,66733.717083708,1.2457470783247294e-06,1778667529.3877344,,,,,,,,,,,,,,,,,,,,
7319,3882,1.2457470783247294e-06,6.228735391623647e-06,6.228735391623647e-06,66736.02009294,1.2457470783247294e-06,1778667531.690737,,,,,,,,,,,,,,,,,,,,
7319,3883,,,,66738.323796245,,1778667533.994479,124.0,0.08038647472858429,,,,,,,,,,,,,,,,,,
7329,3884,1.2281485555122408e-06,6.140742777561203e-06,6.140742777561203e-06,66821.139413392,1.2281485555122408e-06,1778667616.8100188,,,,,,,,,,,,,,,,,,,,
7329,3885,1.2281485555122408e-06,6.140742777561203e-06,6.140742777561203e-06,66823.442876452,1.2281485555122408e-06,1778667619.1136317,,,,,,,,,,,,,,,,,,,,
7329,3886,1.2281485555122408e-06,6.140742777561203e-06,6.140742777561203e-06,66825.746110468,1.2281485555122408e-06,1778667621.4166758,,,,,,,,,,,,,,,,,,,,
7329,3887,1.2281485555122408e-06,6.140742777561203e-06,6.140742777561203e-06,66828.04787752,1.2281485555122408e-06,1778667623.7184324,,,,,,,,,,,,,,,,,,,,
7329,3888,,,,66830.351262043,,1778667626.0219214,124.0,0.06709224730730057,,,,,,,,,,,,,,,,,,
7339,3889,1.210667088685893e-06,6.053335443429464e-06,6.053335443429464e-06,66913.190100332,1.210667088685893e-06,1778667708.8607426,,,,,,,,,,,,,,,,,,,,
7339,3890,1.210667088685893e-06,6.053335443429464e-06,6.053335443429464e-06,66915.489501435,1.210667088685893e-06,1778667711.1602266,,,,,,,,,,,,,,,,,,,,
7339,3891,1.210667088685893e-06,6.053335443429464e-06,6.053335443429464e-06,66917.790884967,1.210667088685893e-06,1778667713.4614818,,,,,,,,,,,,,,,,,,,,
7339,3892,1.210667088685893e-06,6.053335443429464e-06,6.053335443429464e-06,66920.091800957,1.210667088685893e-06,1778667715.7624068,,,,,,,,,,,,,,,,,,,,
7339,3893,,,,66922.394960277,,1778667718.065592,124.0,0.09306650608778,,,,,,,,,,,,,,,,,,
7349,3894,1.1933029111271432e-06,5.966514555635716e-06,5.966514555635716e-06,67005.243908747,1.1933029111271432e-06,1778667800.914635,,,,,,,,,,,,,,,,,,,,
7349,3895,1.1933029111271432e-06,5.966514555635716e-06,5.966514555635716e-06,67007.545942542,1.1933029111271432e-06,1778667803.2165198,,,,,,,,,,,,,,,,,,,,
7349,3896,1.1933029111271432e-06,5.966514555635716e-06,5.966514555635716e-06,67009.845946428,1.1933029111271432e-06,1778667805.5166388,,,,,,,,,,,,,,,,,,,,
7349,3897,1.1933029111271432e-06,5.966514555635716e-06,5.966514555635716e-06,67012.148071991,1.1933029111271432e-06,1778667807.81865,,,,,,,,,,,,,,,,,,,,
7349,3898,,,,67014.452708849,,1778667810.123462,124.0,0.07511284947395325,,,,,,,,,,,,,,,,,,
7359,3899,1.1760562545522902e-06,5.8802812727614505e-06,5.8802812727614505e-06,67097.287037687,1.1760562545522902e-06,1778667892.9576802,,,,,,,,,,,,,,,,,,,,
7359,3900,1.1760562545522902e-06,5.8802812727614505e-06,5.8802812727614505e-06,67099.585710108,1.1760562545522902e-06,1778667895.2564018,,,,,,,,,,,,,,,,,,,,
7359,3901,1.1760562545522902e-06,5.8802812727614505e-06,5.8802812727614505e-06,67101.891244821,1.1760562545522902e-06,1778667897.5618727,,,,,,,,,,,,,,,,,,,,
7359,3902,1.1760562545522902e-06,5.8802812727614505e-06,5.8802812727614505e-06,67104.19281742,1.1760562545522902e-06,1778667899.8633516,,,,,,,,,,,,,,,,,,,,
7359,3903,,,,67106.492405396,,1778667902.1630945,124.0,0.035954926162958145,,,,,,,,,,,,,,,,,,
7369,3904,1.158927349109371e-06,5.794636745546856e-06,5.794636745546856e-06,67189.335047923,1.158927349109371e-06,1778667985.005621,,,,,,,,,,,,,,,,,,,,
7369,3905,1.158927349109371e-06,5.794636745546856e-06,5.794636745546856e-06,67191.637304786,1.158927349109371e-06,1778667987.307841,,,,,,,,,,,,,,,,,,,,
7369,3906,1.158927349109371e-06,5.794636745546856e-06,5.794636745546856e-06,67193.938514365,1.158927349109371e-06,1778667989.609225,,,,,,,,,,,,,,,,,,,,
7369,3907,1.158927349109371e-06,5.794636745546856e-06,5.794636745546856e-06,67196.240071517,1.158927349109371e-06,1778667991.91067,,,,,,,,,,,,,,,,,,,,
7369,3908,,,,67198.542257935,,1778667994.2128704,124.0,0.1344214230775833,,,,,,,,,,,,,,,,,,
7374,3909,,,,67264.743998542,,1778668060.4144986,124.0,,0.12133130431175232,4.640625,0.0,0.12133130431175232,6.56805419921875,0.8785586357116699,,,,,,,,,,,,
7374,3910,,,,67264.747683159,,1778668060.41848,124.0,,,,,,,,0.0,0.08339641243219376,0.08339641243219376,5.501206874847412,0.9166069030761719,3.90625,,,,,,
7379,3911,1.1419164233750935e-06,5.709582116875467e-06,5.709582116875467e-06,67301.874351493,1.1419164233750935e-06,1778668097.5449677,,,,,,,,,,,,,,,,,,,,
7379,3912,1.1419164233750935e-06,5.709582116875467e-06,5.709582116875467e-06,67304.173846033,1.1419164233750935e-06,1778668099.8445892,,,,,,,,,,,,,,,,,,,,
7379,3913,1.1419164233750935e-06,5.709582116875467e-06,5.709582116875467e-06,67306.474037547,1.1419164233750935e-06,1778668102.144681,,,,,,,,,,,,,,,,,,,,
7379,3914,1.1419164233750935e-06,5.709582116875467e-06,5.709582116875467e-06,67308.774361473,1.1419164233750935e-06,1778668104.4450903,,,,,,,,,,,,,,,,,,,,
7379,3915,,,,67311.074503536,,1778668106.74525,125.0,0.19519805908203125,,,,,,,,,,,,,,,,,,
7389,3916,1.1250237043517864e-06,5.625118521758932e-06,5.625118521758932e-06,67393.890246977,1.1250237043517864e-06,1778668189.5607953,,,,,,,,,,,,,,,,,,,,
7389,3917,1.1250237043517864e-06,5.625118521758932e-06,5.625118521758932e-06,67396.192876946,1.1250237043517864e-06,1778668191.8635163,,,,,,,,,,,,,,,,,,,,
7389,3918,1.1250237043517864e-06,5.625118521758932e-06,5.625118521758932e-06,67398.495238533,1.1250237043517864e-06,1778668194.1659951,,,,,,,,,,,,,,,,,,,,
7389,3919,1.1250237043517864e-06,5.625118521758932e-06,5.625118521758932e-06,67400.799667866,1.1250237043517864e-06,1778668196.4702485,,,,,,,,,,,,,,,,,,,,
7389,3920,,,,67403.1013547,,1778668198.77196,125.0,0.08588573336601257,,,,,,,,,,,,,,,,,,
7399,3921,1.1082494174643621e-06,5.5412470873218105e-06,5.5412470873218105e-06,67485.960551959,1.1082494174643621e-06,1778668281.6312625,,,,,,,,,,,,,,,,,,,,
7399,3922,1.1082494174643621e-06,5.5412470873218105e-06,5.5412470873218105e-06,67488.261855827,1.1082494174643621e-06,1778668283.932405,,,,,,,,,,,,,,,,,,,,
7399,3923,1.1082494174643621e-06,5.5412470873218105e-06,5.5412470873218105e-06,67490.563573576,1.1082494174643621e-06,1778668286.234303,,,,,,,,,,,,,,,,,,,,
7399,3924,1.1082494174643621e-06,5.5412470873218105e-06,5.5412470873218105e-06,67492.865532889,1.1082494174643621e-06,1778668288.5360212,,,,,,,,,,,,,,,,,,,,
7399,3925,,,,67495.168543121,,1778668290.8392704,125.0,0.08694344758987427,,,,,,,,,,,,,,,,,,
7409,3926,1.0915937865573212e-06,5.457968932786606e-06,5.457968932786606e-06,67578.009779092,1.0915937865573212e-06,1778668373.680403,,,,,,,,,,,,,,,,,,,,
7409,3927,1.0915937865573212e-06,5.457968932786606e-06,5.457968932786606e-06,67580.312362671,1.0915937865573212e-06,1778668375.9830818,,,,,,,,,,,,,,,,,,,,
7409,3928,1.0915937865573212e-06,5.457968932786606e-06,5.457968932786606e-06,67582.61671564,1.0915937865573212e-06,1778668378.2872531,,,,,,,,,,,,,,,,,,,,
7409,3929,1.0915937865573212e-06,5.457968932786606e-06,5.457968932786606e-06,67584.915655326,1.0915937865573212e-06,1778668380.5863717,,,,,,,,,,,,,,,,,,,,
7409,3930,,,,67587.218983786,,1778668382.8895936,125.0,0.08456192910671234,,,,,,,,,,,,,,,,,,
7419,3931,1.0750570338917575e-06,5.375285169458788e-06,5.375285169458788e-06,67670.049036504,1.0750570338917575e-06,1778668465.7196684,,,,,,,,,,,,,,,,,,,,
7419,3932,1.0750570338917575e-06,5.375285169458788e-06,5.375285169458788e-06,67672.3514716,1.0750570338917575e-06,1778668468.0220501,,,,,,,,,,,,,,,,,,,,
7419,3933,1.0750570338917575e-06,5.375285169458788e-06,5.375285169458788e-06,67674.65271118,1.0750570338917575e-06,1778668470.3234434,,,,,,,,,,,,,,,,,,,,
7419,3934,1.0750570338917575e-06,5.375285169458788e-06,5.375285169458788e-06,67676.954417352,1.0750570338917575e-06,1778668472.6249785,,,,,,,,,,,,,,,,,,,,
7419,3935,,,,67679.254379655,,1778668474.9249554,125.0,0.14956097304821014,,,,,,,,,,,,,,,,,,
7429,3936,1.0586393801423988e-06,5.2931969007119945e-06,5.2931969007119945e-06,67762.103214331,1.0586393801423988e-06,1778668557.7737982,,,,,,,,,,,,,,,,,,,,
7429,3937,1.0586393801423988e-06,5.2931969007119945e-06,5.2931969007119945e-06,67764.405887533,1.0586393801423988e-06,1778668560.076655,,,,,,,,,,,,,,,,,,,,
7429,3938,1.0586393801423988e-06,5.2931969007119945e-06,5.2931969007119945e-06,67766.708142649,1.0586393801423988e-06,1778668562.378817,,,,,,,,,,,,,,,,,,,,
7429,3939,1.0586393801423988e-06,5.2931969007119945e-06,5.2931969007119945e-06,67769.009113215,1.0586393801423988e-06,1778668564.6799033,,,,,,,,,,,,,,,,,,,,
7429,3940,,,,67771.307253339,,1778668566.97805,125.0,0.07782979309558868,,,,,,,,,,,,,,,,,,
7433,3941,,,,67828.328586029,,1778668623.999117,125.0,,0.1200907751917839,4.6875,0.0,0.1200907751917839,6.513166904449463,0.8797770738601685,,,,,,,,,,,,
7433,3942,,,,67828.331799286,,1778668624.0025141,125.0,,,,,,,,0.0,0.08374059945344925,0.08374059945344925,5.551742076873779,0.9162523150444031,4.0859375,,,,,,
7439,3943,1.042341044394648e-06,5.21170522197324e-06,5.21170522197324e-06,67874.669219098,1.042341044394648e-06,1778668670.3397803,,,,,,,,,,,,,,,,,,,,
7439,3944,1.042341044394648e-06,5.21170522197324e-06,5.21170522197324e-06,67876.972164352,1.042341044394648e-06,1778668672.642771,,,,,,,,,,,,,,,,,,,,
7439,3945,1.042341044394648e-06,5.21170522197324e-06,5.21170522197324e-06,67879.27395352,1.042341044394648e-06,1778668674.9446616,,,,,,,,,,,,,,,,,,,,
7439,3946,1.042341044394648e-06,5.21170522197324e-06,5.21170522197324e-06,67881.574666581,1.042341044394648e-06,1778668677.2453701,,,,,,,,,,,,,,,,,,,,
7439,3947,,,,67883.876115229,,1778668679.5468662,126.0,0.06906326115131378,,,,,,,,,,,,,,,,,,
7449,3948,1.0261622441416752e-06,5.130811220708376e-06,5.130811220708376e-06,67966.718604395,1.0261622441416752e-06,1778668762.3893452,,,,,,,,,,,,,,,,,,,,
7449,3949,1.0261622441416752e-06,5.130811220708376e-06,5.130811220708376e-06,67969.020737447,1.0261622441416752e-06,1778668764.6914632,,,,,,,,,,,,,,,,,,,,
7449,3950,1.0261622441416752e-06,5.130811220708376e-06,5.130811220708376e-06,67971.32356923,1.0261622441416752e-06,1778668766.99417,,,,,,,,,,,,,,,,,,,,
7449,3951,1.0261622441416752e-06,5.130811220708376e-06,5.130811220708376e-06,67973.622354473,1.0261622441416752e-06,1778668769.2930973,,,,,,,,,,,,,,,,,,,,
7449,3952,,,,67975.924746125,,1778668771.5955448,126.0,0.05490148067474365,,,,,,,,,,,,,,,,,,
7459,3953,1.0101031952815054e-06,5.0505159764075276e-06,5.0505159764075276e-06,68058.770593721,1.0101031952815054e-06,1778668854.4413192,,,,,,,,,,,,,,,,,,,,
7459,3954,1.0101031952815054e-06,5.0505159764075276e-06,5.0505159764075276e-06,68061.073816138,1.0101031952815054e-06,1778668856.7445803,,,,,,,,,,,,,,,,,,,,
7459,3955,1.0101031952815054e-06,5.0505159764075276e-06,5.0505159764075276e-06,68063.376297681,1.0101031952815054e-06,1778668859.0468519,,,,,,,,,,,,,,,,,,,,
7459,3956,1.0101031952815054e-06,5.0505159764075276e-06,5.0505159764075276e-06,68065.677418632,1.0101031952815054e-06,1778668861.3481715,,,,,,,,,,,,,,,,,,,,
7459,3957,,,,68067.977794673,,1778668863.6485808,126.0,0.07746967673301697,,,,,,,,,,,,,,,,,,
7469,3958,9.941641121141455e-07,4.970820560570727e-06,4.970820560570727e-06,68150.846033037,9.941641121141455e-07,1778668946.5166278,,,,,,,,,,,,,,,,,,,,
7469,3959,9.941641121141455e-07,4.970820560570727e-06,4.970820560570727e-06,68153.147085511,9.941641121141455e-07,1778668948.817766,,,,,,,,,,,,,,,,,,,,
7469,3960,9.941641121141455e-07,4.970820560570727e-06,4.970820560570727e-06,68155.446801718,9.941641121141455e-07,1778668951.1174917,,,,,,,,,,,,,,,,,,,,
7469,3961,9.941641121141455e-07,4.970820560570727e-06,4.970820560570727e-06,68157.747085067,9.941641121141455e-07,1778668953.4178176,,,,,,,,,,,,,,,,,,,,
7469,3962,,,,68160.050118568,,1778668955.7208567,126.0,0.06766460835933685,,,,,,,,,,,,,,,,,,
7479,3963,9.783452073387179e-07,4.891726036693589e-06,4.891726036693589e-06,68242.899257364,9.783452073387179e-07,1778669038.569904,,,,,,,,,,,,,,,,,,,,
7479,3964,9.783452073387179e-07,4.891726036693589e-06,4.891726036693589e-06,68245.200941624,9.783452073387179e-07,1778669040.871554,,,,,,,,,,,,,,,,,,,,
7479,3965,9.783452073387179e-07,4.891726036693589e-06,4.891726036693589e-06,68247.505043035,9.783452073387179e-07,1778669043.1757088,,,,,,,,,,,,,,,,,,,,
7479,3966,9.783452073387179e-07,4.891726036693589e-06,4.891726036693589e-06,68249.808130694,9.783452073387179e-07,1778669045.4787507,,,,,,,,,,,,,,,,,,,,
7479,3967,,,,68252.109235034,,1778669047.7798855,126.0,0.11110977828502655,,,,,,,,,,,,,,,,,,
7489,3968,9.626466920506205e-07,4.8132334602531025e-06,4.8132334602531025e-06,68334.965687469,9.626466920506205e-07,1778669130.6362464,,,,,,,,,,,,,,,,,,,,
7489,3969,9.626466920506205e-07,4.8132334602531025e-06,4.8132334602531025e-06,68337.263805578,9.626466920506205e-07,1778669132.9344525,,,,,,,,,,,,,,,,,,,,
7489,3970,9.626466920506205e-07,4.8132334602531025e-06,4.8132334602531025e-06,68339.567008566,9.626466920506205e-07,1778669135.2376738,,,,,,,,,,,,,,,,,,,,
7489,3971,9.626466920506205e-07,4.8132334602531025e-06,4.8132334602531025e-06,68341.868893765,9.626466920506205e-07,1778669137.5396104,,,,,,,,,,,,,,,,,,,,
7489,3972,,,,68344.170452074,,1778669139.841143,126.0,0.15132008492946625,,,,,,,,,,,,,,,,,,
7492,3973,,,,68391.957903727,,1778669187.6285882,126.0,,0.12216714769601822,4.755748748779297,0.0,0.12216714769601822,6.601133823394775,0.877707302570343,,,,,,,,,,,,
7492,3974,,,,68391.96112761,,1778669187.631887,126.0,,,,,,,,0.0,0.08474112302064896,0.08474112302064896,5.54367208480835,0.9152528643608093,3.9144439697265625,,,,,,
7499,3975,9.470687757387165e-07,4.735343878693582e-06,4.735343878693582e-06,68447.475025107,9.470687757387165e-07,1778669243.145558,,,,,,,,,,,,,,,,,,,,
7499,3976,9.470687757387165e-07,4.735343878693582e-06,4.735343878693582e-06,68449.778343326,9.470687757387165e-07,1778669245.4489934,,,,,,,,,,,,,,,,,,,,
7499,3977,9.470687757387165e-07,4.735343878693582e-06,4.735343878693582e-06,68452.080246379,9.470687757387165e-07,1778669247.7508092,,,,,,,,,,,,,,,,,,,,
7499,3978,9.470687757387165e-07,4.735343878693582e-06,4.735343878693582e-06,68454.380582549,9.470687757387165e-07,1778669250.0512824,,,,,,,,,,,,,,,,,,,,
7499,3979,,,,68456.682603591,,1778669252.3532023,127.0,0.10057131946086884,,,,,,,,,,,,,,,,,,
7509,3980,9.316116662825381e-07,4.658058331412691e-06,4.658058331412691e-06,68539.503134286,9.316116662825381e-07,1778669335.1737795,,,,,,,,,,,,,,,,,,,,
7509,3981,9.316116662825381e-07,4.658058331412691e-06,4.658058331412691e-06,68541.80281108,9.316116662825381e-07,1778669337.4735258,,,,,,,,,,,,,,,,,,,,
7509,3982,9.316116662825381e-07,4.658058331412691e-06,4.658058331412691e-06,68544.104405737,9.316116662825381e-07,1778669339.7751253,,,,,,,,,,,,,,,,,,,,
7509,3983,9.316116662825381e-07,4.658058331412691e-06,4.658058331412691e-06,68546.404087089,9.316116662825381e-07,1778669342.0748217,,,,,,,,,,,,,,,,,,,,
7509,3984,,,,68548.704354542,,1778669344.3751118,127.0,0.09345827996730804,,,,,,,,,,,,,,,,,,
7519,3985,9.162755699495063e-07,4.5813778497475314e-06,4.5813778497475314e-06,68631.521542991,9.162755699495063e-07,1778669427.1921933,,,,,,,,,,,,,,,,,,,,
7519,3986,9.162755699495063e-07,4.5813778497475314e-06,4.5813778497475314e-06,68633.822353364,9.162755699495063e-07,1778669429.4930418,,,,,,,,,,,,,,,,,,,,
7519,3987,9.162755699495063e-07,4.5813778497475314e-06,4.5813778497475314e-06,68636.121748732,9.162755699495063e-07,1778669431.792416,,,,,,,,,,,,,,,,,,,,
7519,3988,9.162755699495063e-07,4.5813778497475314e-06,4.5813778497475314e-06,68638.420553463,9.162755699495063e-07,1778669434.091299,,,,,,,,,,,,,,,,,,,,
7519,3989,,,,68640.721378049,,1778669436.3921516,127.0,0.04444221779704094,,,,,,,,,,,,,,,,,,
7529,3990,9.01060691392186e-07,4.50530345696093e-06,4.50530345696093e-06,68723.534829996,9.01060691392186e-07,1778669519.2054715,,,,,,,,,,,,,,,,,,,,
7529,3991,9.01060691392186e-07,4.50530345696093e-06,4.50530345696093e-06,68725.837414922,9.01060691392186e-07,1778669521.5081072,,,,,,,,,,,,,,,,,,,,
7529,3992,9.01060691392186e-07,4.50530345696093e-06,4.50530345696093e-06,68728.138501836,9.01060691392186e-07,1778669523.8092375,,,,,,,,,,,,,,,,,,,,
7529,3993,9.01060691392186e-07,4.50530345696093e-06,4.50530345696093e-06,68730.439510213,9.01060691392186e-07,1778669526.110292,,,,,,,,,,,,,,,,,,,,
7529,3994,,,,68732.740509217,,1778669528.4112756,127.0,0.06310401856899261,,,,,,,,,,,,,,,,,,
7539,3995,8.859672336455471e-07,4.429836168227735e-06,4.429836168227735e-06,68815.546206223,8.859672336455471e-07,1778669611.2168374,,,,,,,,,,,,,,,,,,,,
7539,3996,8.859672336455471e-07,4.429836168227735e-06,4.429836168227735e-06,68817.846413811,8.859672336455471e-07,1778669613.5171263,,,,,,,,,,,,,,,,,,,,
7539,3997,8.859672336455471e-07,4.429836168227735e-06,4.429836168227735e-06,68820.145819525,8.859672336455471e-07,1778669615.8165941,,,,,,,,,,,,,,,,,,,,
7539,3998,8.859672336455471e-07,4.429836168227735e-06,4.429836168227735e-06,68822.4466765,8.859672336455471e-07,1778669618.1174295,,,,,,,,,,,,,,,,,,,,
7539,3999,,,,68824.746868346,,1778669620.4176269,127.0,0.09645964205265045,,,,,,,,,,,,,,,,,,
7549,4000,8.709953981242636e-07,4.354976990621318e-06,4.354976990621318e-06,68907.567552686,8.709953981242636e-07,1778669703.2381706,,,,,,,,,,,,,,,,,,,,
7549,4001,8.709953981242636e-07,4.354976990621318e-06,4.354976990621318e-06,68909.868001612,8.709953981242636e-07,1778669705.538705,,,,,,,,,,,,,,,,,,,,
7549,4002,8.709953981242636e-07,4.354976990621318e-06,4.354976990621318e-06,68912.168178119,8.709953981242636e-07,1778669707.8389282,,,,,,,,,,,,,,,,,,,,
7549,4003,8.709953981242636e-07,4.354976990621318e-06,4.354976990621318e-06,68914.46791789,8.709953981242636e-07,1778669710.1386294,,,,,,,,,,,,,,,,,,,,
7549,4004,,,,68916.767544392,,1778669712.4383073,127.0,0.05483519285917282,,,,,,,,,,,,,,,,,,
7551,4005,,,,68955.334746439,,1778669751.0054321,127.0,,0.12203995138406754,4.765625,0.0,0.12203995138406754,6.586479187011719,0.8778237700462341,,,,,,,,,,,,
7551,4006,,,,68955.337917042,,1778669751.0087333,127.0,,,,,,,,0.0,0.08239046484231949,0.08239046484231949,5.511770248413086,0.9176077842712402,3.96875,,,,,,
7559,4007,8.561453846200174e-07,4.280726923100087e-06,4.280726923100087e-06,69020.051724926,8.561453846200174e-07,1778669815.7223253,,,,,,,,,,,,,,,,,,,,
7559,4008,8.561453846200174e-07,4.280726923100087e-06,4.280726923100087e-06,69022.353505521,8.561453846200174e-07,1778669818.0241463,,,,,,,,,,,,,,,,,,,,
7559,4009,8.561453846200174e-07,4.280726923100087e-06,4.280726923100087e-06,69024.653767443,8.561453846200174e-07,1778669820.324386,,,,,,,,,,,,,,,,,,,,
7559,4010,8.561453846200174e-07,4.280726923100087e-06,4.280726923100087e-06,69026.953361183,8.561453846200174e-07,1778669822.6239977,,,,,,,,,,,,,,,,,,,,
7559,4011,,,,69029.255818014,,1778669824.926457,128.0,0.06661081314086914,,,,,,,,,,,,,,,,,,
7569,4012,8.414173912988421e-07,4.20708695649421e-06,4.20708695649421e-06,69112.080855677,8.414173912988421e-07,1778669907.7514203,,,,,,,,,,,,,,,,,,,,
7569,4013,8.414173912988421e-07,4.20708695649421e-06,4.20708695649421e-06,69114.383809108,8.414173912988421e-07,1778669910.054523,,,,,,,,,,,,,,,,,,,,
7569,4014,8.414173912988421e-07,4.20708695649421e-06,4.20708695649421e-06,69116.685628424,8.414173912988421e-07,1778669912.356192,,,,,,,,,,,,,,,,,,,,
7569,4015,8.414173912988421e-07,4.20708695649421e-06,4.20708695649421e-06,69118.986698426,8.414173912988421e-07,1778669914.657242,,,,,,,,,,,,,,,,,,,,
7569,4016,,,,69121.287942379,,1778669916.958692,128.0,0.07138606905937195,,,,,,,,,,,,,,,,,,
7579,4017,8.26811614698464e-07,4.13405807349232e-06,4.13405807349232e-06,69204.116689485,8.26811614698464e-07,1778669999.7874532,,,,,,,,,,,,,,,,,,,,
7579,4018,8.26811614698464e-07,4.13405807349232e-06,4.13405807349232e-06,69206.419286664,8.26811614698464e-07,1778670002.0898213,,,,,,,,,,,,,,,,,,,,
7579,4019,8.26811614698464e-07,4.13405807349232e-06,4.13405807349232e-06,69208.71912651,8.26811614698464e-07,1778670004.389824,,,,,,,,,,,,,,,,,,,,
7579,4020,8.26811614698464e-07,4.13405807349232e-06,4.13405807349232e-06,69211.023402052,8.26811614698464e-07,1778670006.693994,,,,,,,,,,,,,,,,,,,,
7579,4021,,,,69213.326591872,,1778670008.9971685,128.0,0.06689946353435516,,,,,,,,,,,,,,,,,,
7589,4022,8.123282497256957e-07,4.061641248628478e-06,4.061641248628478e-06,69296.167190583,8.123282497256957e-07,1778670091.8378317,,,,,,,,,,,,,,,,,,,,
7589,4023,8.123282497256957e-07,4.061641248628478e-06,4.061641248628478e-06,69298.466396911,8.123282497256957e-07,1778670094.137159,,,,,,,,,,,,,,,,,,,,
7589,4024,8.123282497256957e-07,4.061641248628478e-06,4.061641248628478e-06,69300.766665896,8.123282497256957e-07,1778670096.437439,,,,,,,,,,,,,,,,,,,,
7589,4025,8.123282497256957e-07,4.061641248628478e-06,4.061641248628478e-06,69303.072247192,8.123282497256957e-07,1778670098.7428808,,,,,,,,,,,,,,,,,,,,
7589,4026,,,,69305.374223923,,1778670101.0448875,128.0,0.12422910332679749,,,,,,,,,,,,,,,,,,
7599,4027,7.979674896538248e-07,3.989837448269123e-06,3.989837448269123e-06,69388.182276365,7.979674896538248e-07,1778670183.8529143,,,,,,,,,,,,,,,,,,,,
7599,4028,7.979674896538248e-07,3.989837448269123e-06,3.989837448269123e-06,69390.483396381,7.979674896538248e-07,1778670186.1541424,,,,,,,,,,,,,,,,,,,,
7599,4029,7.979674896538248e-07,3.989837448269123e-06,3.989837448269123e-06,69392.784741966,7.979674896538248e-07,1778670188.4554844,,,,,,,,,,,,,,,,,,,,
7599,4030,7.979674896538248e-07,3.989837448269123e-06,3.989837448269123e-06,69395.089026527,7.979674896538248e-07,1778670190.7597368,,,,,,,,,,,,,,,,,,,,
7599,4031,,,,69397.391343783,,1778670193.0619853,128.0,0.08691372722387314,,,,,,,,,,,,,,,,,,
7609,4032,7.837295261200384e-07,3.918647630600192e-06,3.918647630600192e-06,69480.198494267,7.837295261200384e-07,1778670275.869062,,,,,,,,,,,,,,,,,,,,
7609,4033,7.837295261200384e-07,3.918647630600192e-06,3.918647630600192e-06,69482.499420955,7.837295261200384e-07,1778670278.170097,,,,,,,,,,,,,,,,,,,,
7609,4034,7.837295261200384e-07,3.918647630600192e-06,3.918647630600192e-06,69484.798336793,7.837295261200384e-07,1778670280.469062,,,,,,,,,,,,,,,,,,,,
7609,4035,7.837295261200384e-07,3.918647630600192e-06,3.918647630600192e-06,69487.09727865,7.837295261200384e-07,1778670282.7679782,,,,,,,,,,,,,,,,,,,,
7609,4036,,,,69489.39843822,,1778670285.069216,128.0,0.05304153263568878,,,,,,,,,,,,,,,,,,
7610,4037,,,,69518.842197625,,1778670314.512867,128.0,,0.11968209594488144,4.703125,0.0,0.11968209594488144,6.493809223175049,0.8801890015602112,,,,,,,,,,,,
7610,4038,,,,69518.84548863,,1778670314.5162463,128.0,,,,,,,,0.0,0.08324924856424332,0.08324924856424332,5.533733367919922,0.9167505502700806,4.0,,,,,,
7619,4039,7.696145491228646e-07,3.848072745614323e-06,3.848072745614323e-06,69592.830497349,7.696145491228646e-07,1778670388.5010135,,,,,,,,,,,,,,,,,,,,
7619,4040,7.696145491228646e-07,3.848072745614323e-06,3.848072745614323e-06,69595.130759194,7.696145491228646e-07,1778670390.8014607,,,,,,,,,,,,,,,,,,,,
7619,4041,7.696145491228646e-07,3.848072745614323e-06,3.848072745614323e-06,69597.43366373,7.696145491228646e-07,1778670393.1041794,,,,,,,,,,,,,,,,,,,,
7619,4042,7.696145491228646e-07,3.848072745614323e-06,3.848072745614323e-06,69599.734504766,7.696145491228646e-07,1778670395.405062,,,,,,,,,,,,,,,,,,,,
7619,4043,,,,69602.039224129,,1778670397.7098434,129.0,0.1118466928601265,,,,,,,,,,,,,,,,,,
7629,4044,7.556227470196353e-07,3.7781137350981765e-06,3.7781137350981765e-06,69684.911294765,7.556227470196353e-07,1778670480.5820405,,,,,,,,,,,,,,,,,,,,
7629,4045,7.556227470196353e-07,3.7781137350981765e-06,3.7781137350981765e-06,69687.212062372,7.556227470196353e-07,1778670482.882558,,,,,,,,,,,,,,,,,,,,
7629,4046,7.556227470196353e-07,3.7781137350981765e-06,3.7781137350981765e-06,69689.513886156,7.556227470196353e-07,1778670485.1844711,,,,,,,,,,,,,,,,,,,,
7629,4047,7.556227470196353e-07,3.7781137350981765e-06,3.7781137350981765e-06,69691.816544905,7.556227470196353e-07,1778670487.4871416,,,,,,,,,,,,,,,,,,,,
7629,4048,,,,69694.118609952,,1778670489.7892451,129.0,0.09601162374019623,,,,,,,,,,,,,,,,,,
7639,4049,7.417543065239785e-07,3.708771532619892e-06,3.708771532619892e-06,69776.950805312,7.417543065239785e-07,1778670572.6213489,,,,,,,,,,,,,,,,,,,,
7639,4050,7.417543065239785e-07,3.708771532619892e-06,3.708771532619892e-06,69779.253344904,7.417543065239785e-07,1778670574.9240239,,,,,,,,,,,,,,,,,,,,
7639,4051,7.417543065239785e-07,3.708771532619892e-06,3.708771532619892e-06,69781.557384559,7.417543065239785e-07,1778670577.2279456,,,,,,,,,,,,,,,,,,,,
7639,4052,7.417543065239785e-07,3.708771532619892e-06,3.708771532619892e-06,69783.85933813,7.417543065239785e-07,1778670579.5299695,,,,,,,,,,,,,,,,,,,,
7639,4053,,,,69786.161515669,,1778670581.8321087,129.0,0.10772321373224258,,,,,,,,,,,,,,,,,,
7649,4054,7.28009412703321e-07,3.640047063516605e-06,3.640047063516605e-06,69869.006807541,7.28009412703321e-07,1778670664.6773806,,,,,,,,,,,,,,,,,,,,
7649,4055,7.28009412703321e-07,3.640047063516605e-06,3.640047063516605e-06,69871.308562265,7.28009412703321e-07,1778670666.9792163,,,,,,,,,,,,,,,,,,,,
7649,4056,7.28009412703321e-07,3.640047063516605e-06,3.640047063516605e-06,69873.613287272,7.28009412703321e-07,1778670669.283856,,,,,,,,,,,,,,,,,,,,
7649,4057,7.28009412703321e-07,3.640047063516605e-06,3.640047063516605e-06,69875.91473807,7.28009412703321e-07,1778670671.585373,,,,,,,,,,,,,,,,,,,,
7649,4058,,,,69878.217796072,,1778670673.88843,129.0,0.037733566015958786,,,,,,,,,,,,,,,,,,
7659,4059,7.14388248976422e-07,3.57194124488211e-06,3.57194124488211e-06,69961.080097407,7.14388248976422e-07,1778670756.7507064,,,,,,,,,,,,,,,,,,,,
7659,4060,7.14388248976422e-07,3.57194124488211e-06,3.57194124488211e-06,69963.37723163,7.14388248976422e-07,1778670759.0479774,,,,,,,,,,,,,,,,,,,,
7659,4061,7.14388248976422e-07,3.57194124488211e-06,3.57194124488211e-06,69965.679487318,7.14388248976422e-07,1778670761.3500884,,,,,,,,,,,,,,,,,,,,
7659,4062,7.14388248976422e-07,3.57194124488211e-06,3.57194124488211e-06,69967.978128877,7.14388248976422e-07,1778670763.6488192,,,,,,,,,,,,,,,,,,,,
7659,4063,,,,69970.278107514,,1778670765.9488597,129.0,0.07397794723510742,,,,,,,,,,,,,,,,,,
7669,4064,7.008909971109213e-07,3.504454985554606e-06,3.504454985554606e-06,70053.106723324,7.008909971109213e-07,1778670848.7774205,,,,,,,,,,,,,,,,,,,,
7669,4065,7.008909971109213e-07,3.504454985554606e-06,3.504454985554606e-06,70055.405471513,7.008909971109213e-07,1778670851.0759888,,,,,,,,,,,,,,,,,,,,
7669,4066,,,,70057.634944178,,1778670853.3056245,129.0,0.1104830726981163,,,,,,,,,,,,,,,,,,
7669,4067,,,,70082.502907144,,1778670878.1734908,129.0,,0.11801565438508987,4.539501190185547,0.0,0.11801565438508987,6.4485249519348145,0.8818727731704712,,,,,,,,,,,,
7669,4068,,,,70082.506069456,,1778670878.1768384,129.0,,,,,,,,0.0,0.0836130827665329,0.0836130827665329,5.499246597290039,0.9163873195648193,3.953125,,,,,,
7679,4069,6.875178372209212e-07,3.4375891861046063e-06,3.4375891861046063e-06,70165.101573724,6.875178372209212e-07,1778670960.7720876,,,,,,,,,,,,,,,,,,,,
7679,4070,6.875178372209212e-07,3.4375891861046063e-06,3.4375891861046063e-06,70167.38826479,6.875178372209212e-07,1778670963.0589423,,,,,,,,,,,,,,,,,,,,
7679,4071,6.875178372209212e-07,3.4375891861046063e-06,3.4375891861046063e-06,70169.672440739,6.875178372209212e-07,1778670965.3431718,,,,,,,,,,,,,,,,,,,,
7679,4072,6.875178372209212e-07,3.4375891861046063e-06,3.4375891861046063e-06,70171.958087968,6.875178372209212e-07,1778670967.628796,,,,,,,,,,,,,,,,,,,,
7679,4073,,,,70174.243163509,,1778670969.91379,130.0,0.1631941944360733,,,,,,,,,,,,,,,,,,
7689,4074,6.742689477645748e-07,3.3713447388228735e-06,3.3713447388228735e-06,70256.484549895,6.742689477645748e-07,1778671052.1551921,,,,,,,,,,,,,,,,,,,,
7689,4075,6.742689477645748e-07,3.3713447388228735e-06,3.3713447388228735e-06,70258.771410727,6.742689477645748e-07,1778671054.4421508,,,,,,,,,,,,,,,,,,,,
7689,4076,6.742689477645748e-07,3.3713447388228735e-06,3.3713447388228735e-06,70261.057117776,6.742689477645748e-07,1778671056.7278554,,,,,,,,,,,,,,,,,,,,
7689,4077,6.742689477645748e-07,3.3713447388228735e-06,3.3713447388228735e-06,70263.342299316,6.742689477645748e-07,1778671059.013056,,,,,,,,,,,,,,,,,,,,
7689,4078,,,,70265.626380273,,1778671061.2970872,130.0,0.07632694393396378,,,,,,,,,,,,,,,,,,
7699,4079,6.611445055417087e-07,3.3057225277085435e-06,3.3057225277085435e-06,70347.890585617,6.611445055417087e-07,1778671143.5611434,,,,,,,,,,,,,,,,,,,,
7699,4080,6.611445055417087e-07,3.3057225277085435e-06,3.3057225277085435e-06,70350.175941869,6.611445055417087e-07,1778671145.8466578,,,,,,,,,,,,,,,,,,,,
7699,4081,6.611445055417087e-07,3.3057225277085435e-06,3.3057225277085435e-06,70352.461265903,6.611445055417087e-07,1778671148.1319065,,,,,,,,,,,,,,,,,,,,
7699,4082,6.611445055417087e-07,3.3057225277085435e-06,3.3057225277085435e-06,70354.746322295,6.611445055417087e-07,1778671150.416946,,,,,,,,,,,,,,,,,,,,
7699,4083,,,,70357.032794024,,1778671152.7034643,130.0,0.08580175042152405,,,,,,,,,,,,,,,,,,
7709,4084,6.481446856914675e-07,3.2407234284573372e-06,3.2407234284573372e-06,70439.310087908,6.481446856914675e-07,1778671234.9805858,,,,,,,,,,,,,,,,,,,,
7709,4085,6.481446856914675e-07,3.2407234284573372e-06,3.2407234284573372e-06,70441.593766459,6.481446856914675e-07,1778671237.2644448,,,,,,,,,,,,,,,,,,,,
7709,4086,6.481446856914675e-07,3.2407234284573372e-06,3.2407234284573372e-06,70443.880492981,6.481446856914675e-07,1778671239.5511243,,,,,,,,,,,,,,,,,,,,
7709,4087,6.481446856914675e-07,3.2407234284573372e-06,3.2407234284573372e-06,70446.166762235,6.481446856914675e-07,1778671241.837381,,,,,,,,,,,,,,,,,,,,
7709,4088,,,,70448.453988017,,1778671244.1246934,130.0,0.08229963481426239,,,,,,,,,,,,,,,,,,
7719,4089,6.352696616899645e-07,3.1763483084498227e-06,3.1763483084498227e-06,70530.704428031,6.352696616899645e-07,1778671326.3750124,,,,,,,,,,,,,,,,,,,,
7719,4090,6.352696616899645e-07,3.1763483084498227e-06,3.1763483084498227e-06,70532.987834402,6.352696616899645e-07,1778671328.6585655,,,,,,,,,,,,,,,,,,,,
7719,4091,6.352696616899645e-07,3.1763483084498227e-06,3.1763483084498227e-06,70535.271180021,6.352696616899645e-07,1778671330.9418488,,,,,,,,,,,,,,,,,,,,
7719,4092,6.352696616899645e-07,3.1763483084498227e-06,3.1763483084498227e-06,70537.555647927,6.352696616899645e-07,1778671333.2263772,,,,,,,,,,,,,,,,,,,,
7719,4093,,,,70539.840464857,,1778671335.511239,130.0,0.14638781547546387,,,,,,,,,,,,,,,,,,
7728,4094,,,,70642.160347779,,1778671437.8310292,130.0,,0.12020798772573471,4.625,0.0,0.12020798772573471,6.537351131439209,0.8796564340591431,,,,,,,,,,,,
7728,4095,,,,70642.163532133,,1778671437.8343148,130.0,,,,,,,,0.0,0.08325956016778946,0.08325956016778946,5.49379825592041,0.9167438745498657,3.9832725524902344,,,,,,
7729,4096,6.225196053479798e-07,3.1125980267398993e-06,3.1125980267398993e-06,70642.460184165,6.225196053479798e-07,1778671438.1303236,,,,,,,,,,,,,,,,,,,,
7729,4097,6.225196053479798e-07,3.1125980267398993e-06,3.1125980267398993e-06,70644.752488905,6.225196053479798e-07,1778671440.4232023,,,,,,,,,,,,,,,,,,,,
7729,4098,6.225196053479798e-07,3.1125980267398993e-06,3.1125980267398993e-06,70647.039451419,6.225196053479798e-07,1778671442.7099597,,,,,,,,,,,,,,,,,,,,
7729,4099,6.225196053479798e-07,3.1125980267398993e-06,3.1125980267398993e-06,70649.325532238,6.225196053479798e-07,1778671444.9961393,,,,,,,,,,,,,,,,,,,,
7729,4100,,,,70651.61430383,,1778671447.2849257,131.0,0.0861741155385971,,,,,,,,,,,,,,,,,,
7739,4101,6.098946868086619e-07,3.0494734340433094e-06,3.0494734340433094e-06,70733.900248296,6.098946868086619e-07,1778671529.5708017,,,,,,,,,,,,,,,,,,,,
7739,4102,6.098946868086619e-07,3.0494734340433094e-06,3.0494734340433094e-06,70736.185045364,6.098946868086619e-07,1778671531.8556304,,,,,,,,,,,,,,,,,,,,
7739,4103,6.098946868086619e-07,3.0494734340433094e-06,3.0494734340433094e-06,70738.4680503,6.098946868086619e-07,1778671534.1386607,,,,,,,,,,,,,,,,,,,,
7739,4104,6.098946868086619e-07,3.0494734340433094e-06,3.0494734340433094e-06,70740.753184745,6.098946868086619e-07,1778671536.423749,,,,,,,,,,,,,,,,,,,,
7739,4105,,,,70743.037633801,,1778671538.708269,131.0,0.15107478201389313,,,,,,,,,,,,,,,,,,
7749,4106,5.973950745452595e-07,2.9869753727262973e-06,2.9869753727262973e-06,70825.317347634,5.973950745452595e-07,1778671620.9879181,,,,,,,,,,,,,,,,,,,,
7749,4107,5.973950745452595e-07,2.9869753727262973e-06,2.9869753727262973e-06,70827.603208619,5.973950745452595e-07,1778671623.273775,,,,,,,,,,,,,,,,,,,,
7749,4108,5.973950745452595e-07,2.9869753727262973e-06,2.9869753727262973e-06,70829.886570999,5.973950745452595e-07,1778671625.5571976,,,,,,,,,,,,,,,,,,,,
7749,4109,5.973950745452595e-07,2.9869753727262973e-06,2.9869753727262973e-06,70832.170007402,5.973950745452595e-07,1778671627.8405545,,,,,,,,,,,,,,,,,,,,
7749,4110,,,,70834.458290205,,1778671630.1289349,131.0,0.11082686483860016,,,,,,,,,,,,,,,,,,
7759,4111,5.850209353588643e-07,2.9251046767943214e-06,2.9251046767943214e-06,70916.728903527,5.850209353588643e-07,1778671712.3994277,,,,,,,,,,,,,,,,,,,,
7759,4112,5.850209353588643e-07,2.9251046767943214e-06,2.9251046767943214e-06,70919.015063509,5.850209353588643e-07,1778671714.6856022,,,,,,,,,,,,,,,,,,,,
7759,4113,5.850209353588643e-07,2.9251046767943214e-06,2.9251046767943214e-06,70921.302106387,5.850209353588643e-07,1778671716.9726899,,,,,,,,,,,,,,,,,,,,
7759,4114,5.850209353588643e-07,2.9251046767943214e-06,2.9251046767943214e-06,70923.589811601,5.850209353588643e-07,1778671719.260585,,,,,,,,,,,,,,,,,,,,
7759,4115,,,,70925.877193078,,1778671721.5479214,131.0,0.12615063786506653,,,,,,,,,,,,,,,,,,
7769,4116,5.727724343762009e-07,2.8638621718810044e-06,2.8638621718810044e-06,71008.1569011,5.727724343762009e-07,1778671803.827533,,,,,,,,,,,,,,,,,,,,
7769,4117,5.727724343762009e-07,2.8638621718810044e-06,2.8638621718810044e-06,71010.44165076,5.727724343762009e-07,1778671806.1124067,,,,,,,,,,,,,,,,,,,,
7769,4118,5.727724343762009e-07,2.8638621718810044e-06,2.8638621718810044e-06,71012.729219305,5.727724343762009e-07,1778671808.399941,,,,,,,,,,,,,,,,,,,,
7769,4119,5.727724343762009e-07,2.8638621718810044e-06,2.8638621718810044e-06,71015.013876317,5.727724343762009e-07,1778671810.6845074,,,,,,,,,,,,,,,,,,,,
7769,4120,,,,71017.300660655,,1778671812.9713686,131.0,0.07005050778388977,,,,,,,,,,,,,,,,,,
7779,4121,5.606497350474094e-07,2.803248675237047e-06,2.803248675237047e-06,71099.556203879,5.606497350474094e-07,1778671895.226841,,,,,,,,,,,,,,,,,,,,
7779,4122,5.606497350474094e-07,2.803248675237047e-06,2.803248675237047e-06,71101.840698614,5.606497350474094e-07,1778671897.51142,,,,,,,,,,,,,,,,,,,,
7779,4123,5.606497350474094e-07,2.803248675237047e-06,2.803248675237047e-06,71104.126403969,5.606497350474094e-07,1778671899.7969418,,,,,,,,,,,,,,,,,,,,
7779,4124,5.606497350474094e-07,2.803248675237047e-06,2.803248675237047e-06,71106.412599629,5.606497350474094e-07,1778671902.0832024,,,,,,,,,,,,,,,,,,,,
7779,4125,,,,71108.697140333,,1778671904.3679156,131.0,0.07897110283374786,,,,,,,,,,,,,,,,,,
7787,4126,,,,71201.881844089,,1778671997.5523438,131.0,,0.12003730982542038,4.703125,0.0,0.12003730982542038,6.5321807861328125,0.8798357248306274,,,,,,,,,,,,
7787,4127,,,,71201.885172901,,1778671997.5559752,131.0,,,,,,,,0.0,0.08296314626932144,0.08296314626932144,5.505270481109619,0.917036771774292,4.0,,,,,,
7789,4128,5.486529991438705e-07,2.7432649957193523e-06,2.7432649957193523e-06,71211.373509741,5.486529991438705e-07,1778672007.0440602,,,,,,,,,,,,,,,,,,,,
7789,4129,5.486529991438705e-07,2.7432649957193523e-06,2.7432649957193523e-06,71213.658252738,5.486529991438705e-07,1778672009.3289287,,,,,,,,,,,,,,,,,,,,
7789,4130,5.486529991438705e-07,2.7432649957193523e-06,2.7432649957193523e-06,71215.943723748,5.486529991438705e-07,1778672011.6143303,,,,,,,,,,,,,,,,,,,,
7789,4131,5.486529991438705e-07,2.7432649957193523e-06,2.7432649957193523e-06,71218.230712099,5.486529991438705e-07,1778672013.9012878,,,,,,,,,,,,,,,,,,,,
7789,4132,,,,71220.519046471,,1778672016.1896727,132.0,0.06236718222498894,,,,,,,,,,,,,,,,,,
7799,4133,5.367823867560484e-07,2.683911933780242e-06,2.683911933780242e-06,71302.806868742,5.367823867560484e-07,1778672098.4774964,,,,,,,,,,,,,,,,,,,,
7799,4134,5.367823867560484e-07,2.683911933780242e-06,2.683911933780242e-06,71305.092607051,5.367823867560484e-07,1778672100.7632177,,,,,,,,,,,,,,,,,,,,
7799,4135,5.367823867560484e-07,2.683911933780242e-06,2.683911933780242e-06,71307.379274957,5.367823867560484e-07,1778672103.0498488,,,,,,,,,,,,,,,,,,,,
7799,4136,5.367823867560484e-07,2.683911933780242e-06,2.683911933780242e-06,71309.665471655,5.367823867560484e-07,1778672105.3360097,,,,,,,,,,,,,,,,,,,,
7799,4137,,,,71311.952805812,,1778672107.6234236,132.0,0.08572541177272797,,,,,,,,,,,,,,,,,,
7809,4138,5.250380562913493e-07,2.6251902814567465e-06,2.6251902814567465e-06,71394.241420084,5.250380562913493e-07,1778672189.9119673,,,,,,,,,,,,,,,,,,,,
7809,4139,5.250380562913493e-07,2.6251902814567465e-06,2.6251902814567465e-06,71396.529823574,5.250380562913493e-07,1778672192.200343,,,,,,,,,,,,,,,,,,,,
7809,4140,5.250380562913493e-07,2.6251902814567465e-06,2.6251902814567465e-06,71398.817416847,5.250380562913493e-07,1778672194.4879258,,,,,,,,,,,,,,,,,,,,
7809,4141,5.250380562913493e-07,2.6251902814567465e-06,2.6251902814567465e-06,71401.102864777,5.250380562913493e-07,1778672196.77344,,,,,,,,,,,,,,,,,,,,
7809,4142,,,,71403.387912486,,1778672199.0586178,132.0,0.0858343094587326,,,,,,,,,,,,,,,,,,
7819,4143,5.134201644720083e-07,2.5671008223600413e-06,2.5671008223600413e-06,71485.660240063,5.134201644720083e-07,1778672281.330861,,,,,,,,,,,,,,,,,,,,
7819,4144,5.134201644720083e-07,2.5671008223600413e-06,2.5671008223600413e-06,71487.943719782,5.134201644720083e-07,1778672283.6143324,,,,,,,,,,,,,,,,,,,,
7819,4145,5.134201644720083e-07,2.5671008223600413e-06,2.5671008223600413e-06,71490.230558238,5.134201644720083e-07,1778672285.9011428,,,,,,,,,,,,,,,,,,,,
7819,4146,5.134201644720083e-07,2.5671008223600413e-06,2.5671008223600413e-06,71492.515687796,5.134201644720083e-07,1778672288.1862366,,,,,,,,,,,,,,,,,,,,
7819,4147,,,,71494.802575706,,1778672290.4732757,132.0,0.0781000405550003,,,,,,,,,,,,,,,,,,
7829,4148,5.019288663330047e-07,2.509644331665023e-06,2.509644331665023e-06,71577.087535184,5.019288663330047e-07,1778672372.75816,,,,,,,,,,,,,,,,,,,,
7829,4149,5.019288663330047e-07,2.509644331665023e-06,2.509644331665023e-06,71579.372349229,5.019288663330047e-07,1778672375.043087,,,,,,,,,,,,,,,,,,,,
7829,4150,5.019288663330047e-07,2.509644331665023e-06,2.509644331665023e-06,71581.655726405,5.019288663330047e-07,1778672377.3263958,,,,,,,,,,,,,,,,,,,,
7829,4151,5.019288663330047e-07,2.509644331665023e-06,2.509644331665023e-06,71583.941071728,5.019288663330047e-07,1778672379.6116714,,,,,,,,,,,,,,,,,,,,
7829,4152,,,,71586.229000073,,1778672381.8996644,132.0,0.02838215045630932,,,,,,,,,,,,,,,,,,
7839,4153,4.905643152199846e-07,2.4528215760999227e-06,2.4528215760999227e-06,71668.498750122,4.905643152199846e-07,1778672464.1693752,,,,,,,,,,,,,,,,,,,,
7839,4154,4.905643152199846e-07,2.4528215760999227e-06,2.4528215760999227e-06,71670.786283158,4.905643152199846e-07,1778672466.4570231,,,,,,,,,,,,,,,,,,,,
7839,4155,4.905643152199846e-07,2.4528215760999227e-06,2.4528215760999227e-06,71673.071989708,4.905643152199846e-07,1778672468.7426584,,,,,,,,,,,,,,,,,,,,
7839,4156,4.905643152199846e-07,2.4528215760999227e-06,2.4528215760999227e-06,71675.358539656,4.905643152199846e-07,1778672471.029134,,,,,,,,,,,,,,,,,,,,
7839,4157,,,,71677.645583355,,1778672473.3162696,132.0,0.11238013207912445,,,,,,,,,,,,,,,,,,
7846,4158,,,,71761.735693811,,1778672557.406135,132.0,,0.12030672281980515,4.7050018310546875,0.0,0.12030672281980515,6.545304298400879,0.8795623183250427,,,,,,,,,,,,
7846,4159,,,,71761.739062404,,1778672557.4098432,132.0,,,,,,,,0.0,0.0829249769449234,0.0829249769449234,5.476716995239258,0.9170759320259094,3.903644561767578,,,,,,
7849,4160,4.793266627872206e-07,2.3966333139361032e-06,2.3966333139361032e-06,71780.342346734,4.793266627872206e-07,1778672576.0129762,,,,,,,,,,,,,,,,,,,,
7849,4161,4.793266627872206e-07,2.3966333139361032e-06,2.3966333139361032e-06,71782.62759049,4.793266627872206e-07,1778672578.2982025,,,,,,,,,,,,,,,,,,,,
7849,4162,4.793266627872206e-07,2.3966333139361032e-06,2.3966333139361032e-06,71784.913513056,4.793266627872206e-07,1778672580.5841622,,,,,,,,,,,,,,,,,,,,
7849,4163,4.793266627872206e-07,2.3966333139361032e-06,2.3966333139361032e-06,71787.199239357,4.793266627872206e-07,1778672582.869862,,,,,,,,,,,,,,,,,,,,
7849,4164,,,,71789.485683837,,1778672585.1564484,133.0,0.05719029903411865,,,,,,,,,,,,,,,,,,
7859,4165,4.6821605899558086e-07,2.3410802949779044e-06,2.3410802949779044e-06,71872.183891162,4.6821605899558086e-07,1778672667.854521,,,,,,,,,,,,,,,,,,,,
7859,4166,4.6821605899558086e-07,2.3410802949779044e-06,2.3410802949779044e-06,71874.484731333,4.6821605899558086e-07,1778672670.1554134,,,,,,,,,,,,,,,,,,,,
7859,4167,4.6821605899558086e-07,2.3410802949779044e-06,2.3410802949779044e-06,71876.783258527,4.6821605899558086e-07,1778672672.4538946,,,,,,,,,,,,,,,,,,,,
7859,4168,4.6821605899558086e-07,2.3410802949779044e-06,2.3410802949779044e-06,71879.083976644,4.6821605899558086e-07,1778672674.7547305,,,,,,,,,,,,,,,,,,,,
7859,4169,,,,71881.387294497,,1778672677.0580685,133.0,0.040534816682338715,,,,,,,,,,,,,,,,,,
7869,4170,4.5723265211053855e-07,2.2861632605526928e-06,2.2861632605526928e-06,71963.795287998,4.5723265211053855e-07,1778672759.466004,,,,,,,,,,,,,,,,,,,,
7869,4171,4.5723265211053855e-07,2.2861632605526928e-06,2.2861632605526928e-06,71966.081533961,4.5723265211053855e-07,1778672761.7520936,,,,,,,,,,,,,,,,,,,,
7869,4172,4.5723265211053855e-07,2.2861632605526928e-06,2.2861632605526928e-06,71968.366697977,4.5723265211053855e-07,1778672764.0372303,,,,,,,,,,,,,,,,,,,,
7869,4173,4.5723265211053855e-07,2.2861632605526928e-06,2.2861632605526928e-06,71970.651623594,4.5723265211053855e-07,1778672766.3222158,,,,,,,,,,,,,,,,,,,,
7869,4174,,,,71972.937510536,,1778672768.608036,133.0,0.04415278881788254,,,,,,,,,,,,,,,,,,
7879,4175,4.4637658870018477e-07,2.2318829435009237e-06,2.2318829435009237e-06,72055.228232922,4.4637658870018477e-07,1778672850.8989244,,,,,,,,,,,,,,,,,,,,
7879,4176,4.4637658870018477e-07,2.2318829435009237e-06,2.2318829435009237e-06,72057.511655647,4.4637658870018477e-07,1778672853.182184,,,,,,,,,,,,,,,,,,,,
7879,4177,4.4637658870018477e-07,2.2318829435009237e-06,2.2318829435009237e-06,72059.796194499,4.4637658870018477e-07,1778672855.4667528,,,,,,,,,,,,,,,,,,,,
7879,4178,4.4637658870018477e-07,2.2318829435009237e-06,2.2318829435009237e-06,72062.082058131,4.4637658870018477e-07,1778672857.752726,,,,,,,,,,,,,,,,,,,,
7879,4179,,,,72064.367397946,,1778672860.0381432,133.0,0.04069376364350319,,,,,,,,,,,,,,,,,,
7889,4180,4.3564801363327635e-07,2.1782400681663817e-06,2.1782400681663817e-06,72146.651728812,4.3564801363327635e-07,1778672942.3222775,,,,,,,,,,,,,,,,,,,,
7889,4181,4.3564801363327635e-07,2.1782400681663817e-06,2.1782400681663817e-06,72148.938149558,4.3564801363327635e-07,1778672944.6087136,,,,,,,,,,,,,,,,,,,,
7889,4182,4.3564801363327635e-07,2.1782400681663817e-06,2.1782400681663817e-06,72151.223917904,4.3564801363327635e-07,1778672946.8945606,,,,,,,,,,,,,,,,,,,,
7889,4183,4.3564801363327635e-07,2.1782400681663817e-06,2.1782400681663817e-06,72153.510787404,4.3564801363327635e-07,1778672949.1813436,,,,,,,,,,,,,,,,,,,,
7889,4184,,,,72155.794496754,,1778672951.4652643,133.0,0.09603267908096313,,,,,,,,,,,,,,,,,,
7899,4185,4.25047070077298e-07,2.12523535038649e-06,2.12523535038649e-06,72238.058354496,4.25047070077298e-07,1778673033.7289839,,,,,,,,,,,,,,,,,,,,
7899,4186,4.25047070077298e-07,2.12523535038649e-06,2.12523535038649e-06,72240.343388445,4.25047070077298e-07,1778673036.0140862,,,,,,,,,,,,,,,,,,,,
7899,4187,4.25047070077298e-07,2.12523535038649e-06,2.12523535038649e-06,72242.628905329,4.25047070077298e-07,1778673038.2995574,,,,,,,,,,,,,,,,,,,,
7899,4188,4.25047070077298e-07,2.12523535038649e-06,2.12523535038649e-06,72244.912968888,4.25047070077298e-07,1778673040.583754,,,,,,,,,,,,,,,,,,,,
7899,4189,,,,72247.198741105,,1778673042.8693721,133.0,0.05317001789808273,,,,,,,,,,,,,,,,,,
7905,4190,,,,72322.443283717,,1778673118.1139631,133.0,,0.11689576506614685,4.531501770019531,0.0,0.11689576506614685,6.425222873687744,0.8829686641693115,,,,,,,,,,,,
7905,4191,,,,72322.446494692,,1778673118.1172583,133.0,,,,,,,,0.0,0.08204194903373718,0.08204194903373718,5.477625370025635,0.9179551005363464,4.0,,,,,,
7909,4192,4.14573899496562e-07,2.07286949748281e-06,2.07286949748281e-06,72350.322513475,4.14573899496562e-07,1778673145.9931931,,,,,,,,,,,,,,,,,,,,
7909,4193,4.14573899496562e-07,2.07286949748281e-06,2.07286949748281e-06,72352.623942136,4.14573899496562e-07,1778673148.294541,,,,,,,,,,,,,,,,,,,,
7909,4194,4.14573899496562e-07,2.07286949748281e-06,2.07286949748281e-06,72354.92515399,4.14573899496562e-07,1778673150.5958838,,,,,,,,,,,,,,,,,,,,
7909,4195,4.14573899496562e-07,2.07286949748281e-06,2.07286949748281e-06,72357.227121811,4.14573899496562e-07,1778673152.897634,,,,,,,,,,,,,,,,,,,,
7909,4196,,,,72359.528149178,,1778673155.198755,134.0,0.05250627547502518,,,,,,,,,,,,,,,,,,
7919,4197,4.042286416503083e-07,2.0211432082515413e-06,2.0211432082515413e-06,72441.941775828,4.042286416503083e-07,1778673237.6123116,,,,,,,,,,,,,,,,,,,,
7919,4198,4.042286416503083e-07,2.0211432082515413e-06,2.0211432082515413e-06,72444.227635137,4.042286416503083e-07,1778673239.898341,,,,,,,,,,,,,,,,,,,,
7919,4199,4.042286416503083e-07,2.0211432082515413e-06,2.0211432082515413e-06,72446.513061675,4.042286416503083e-07,1778673242.1836138,,,,,,,,,,,,,,,,,,,,
7919,4200,4.042286416503083e-07,2.0211432082515413e-06,2.0211432082515413e-06,72448.797865728,4.042286416503083e-07,1778673244.4684958,,,,,,,,,,,,,,,,,,,,
7919,4201,,,,72451.08472622,,1778673246.7553813,134.0,0.12085259705781937,,,,,,,,,,,,,,,,,,
7929,4202,3.9401143459084744e-07,1.9700571729542373e-06,1.9700571729542373e-06,72533.877902148,3.9401143459084744e-07,1778673329.5486512,,,,,,,,,,,,,,,,,,,,
7929,4203,3.9401143459084744e-07,1.9700571729542373e-06,1.9700571729542373e-06,72536.179970864,3.9401143459084744e-07,1778673331.850569,,,,,,,,,,,,,,,,,,,,
7929,4204,3.9401143459084744e-07,1.9700571729542373e-06,1.9700571729542373e-06,72538.480700508,3.9401143459084744e-07,1778673334.151277,,,,,,,,,,,,,,,,,,,,
7929,4205,3.9401143459084744e-07,1.9700571729542373e-06,1.9700571729542373e-06,72540.78015848,3.9401143459084744e-07,1778673336.4507792,,,,,,,,,,,,,,,,,,,,
7929,4206,,,,72543.084311969,,1778673338.754872,134.0,0.07147140055894852,,,,,,,,,,,,,,,,,,
7939,4207,3.839224146617182e-07,1.919612073308591e-06,1.919612073308591e-06,72625.955506363,3.839224146617182e-07,1778673421.6262743,,,,,,,,,,,,,,,,,,,,
7939,4208,3.839224146617182e-07,1.919612073308591e-06,1.919612073308591e-06,72628.256496809,3.839224146617182e-07,1778673423.9270515,,,,,,,,,,,,,,,,,,,,
7939,4209,3.839224146617182e-07,1.919612073308591e-06,1.919612073308591e-06,72630.557294404,3.839224146617182e-07,1778673426.2279048,,,,,,,,,,,,,,,,,,,,
7939,4210,3.839224146617182e-07,1.919612073308591e-06,1.919612073308591e-06,72632.857779009,3.839224146617182e-07,1778673428.5283253,,,,,,,,,,,,,,,,,,,,
7939,4211,,,,72635.158774079,,1778673430.829512,134.0,0.08500669151544571,,,,,,,,,,,,,,,,,,
7949,4212,3.73961716495862e-07,1.86980858247931e-06,1.86980858247931e-06,72718.021342557,3.73961716495862e-07,1778673513.6919084,,,,,,,,,,,,,,,,,,,,
7949,4213,3.73961716495862e-07,1.86980858247931e-06,1.86980858247931e-06,72720.323160508,3.73961716495862e-07,1778673515.9937694,,,,,,,,,,,,,,,,,,,,
7949,4214,3.73961716495862e-07,1.86980858247931e-06,1.86980858247931e-06,72722.624078176,3.73961716495862e-07,1778673518.2946095,,,,,,,,,,,,,,,,,,,,
7949,4215,3.73961716495862e-07,1.86980858247931e-06,1.86980858247931e-06,72724.926905703,3.73961716495862e-07,1778673520.5976334,,,,,,,,,,,,,,,,,,,,
7949,4216,,,,72727.227480344,,1778673522.898065,134.0,0.1732092648744583,,,,,,,,,,,,,,,,,,
7959,4217,3.6412947301383227e-07,1.8206473650691613e-06,1.8206473650691613e-06,72810.084265892,3.6412947301383227e-07,1778673605.7548754,,,,,,,,,,,,,,,,,,,,
7959,4218,3.6412947301383227e-07,1.8206473650691613e-06,1.8206473650691613e-06,72812.383532661,3.6412947301383227e-07,1778673608.0541317,,,,,,,,,,,,,,,,,,,,
7959,4219,3.6412947301383227e-07,1.8206473650691613e-06,1.8206473650691613e-06,72814.684279905,3.6412947301383227e-07,1778673610.3550084,,,,,,,,,,,,,,,,,,,,
7959,4220,3.6412947301383227e-07,1.8206473650691613e-06,1.8206473650691613e-06,72816.970205679,3.6412947301383227e-07,1778673612.6408188,,,,,,,,,,,,,,,,,,,,
7959,4221,,,,72819.256451313,,1778673614.927016,134.0,0.11946213245391846,,,,,,,,,,,,,,,,,,
7964,4222,,,,72884.980680137,,1778673680.6513467,134.0,,0.11711239814758301,4.5625,0.0,0.11711239814758301,6.427377223968506,0.8827711939811707,,,,,,,,,,,,
7964,4223,,,,72884.983856582,,1778673680.6546361,134.0,,,,,,,,0.0,0.08341555297374725,0.08341555297374725,5.512880325317383,0.9165841341018677,4.0,,,,,,
7969,4224,3.544258154220193e-07,1.7721290771100961e-06,1.7721290771100961e-06,72922.079729342,3.544258154220193e-07,1778673717.7501807,,,,,,,,,,,,,,,,,,,,
7969,4225,3.544258154220193e-07,1.7721290771100961e-06,1.7721290771100961e-06,72924.37917029,3.544258154220193e-07,1778673720.0498774,,,,,,,,,,,,,,,,,,,,
7969,4226,3.544258154220193e-07,1.7721290771100961e-06,1.7721290771100961e-06,72926.679699173,3.544258154220193e-07,1778673722.3501985,,,,,,,,,,,,,,,,,,,,
7969,4227,3.544258154220193e-07,1.7721290771100961e-06,1.7721290771100961e-06,72928.981922742,3.544258154220193e-07,1778673724.652484,,,,,,,,,,,,,,,,,,,,
7969,4228,,,,72931.280427541,,1778673726.9511194,135.0,0.14810699224472046,,,,,,,,,,,,,,,,,,
7979,4229,3.448508732108968e-07,1.7242543660544841e-06,1.7242543660544841e-06,73014.141404405,3.448508732108968e-07,1778673809.8121696,,,,,,,,,,,,,,,,,,,,
7979,4230,3.448508732108968e-07,1.7242543660544841e-06,1.7242543660544841e-06,73016.445725732,3.448508732108968e-07,1778673812.1162188,,,,,,,,,,,,,,,,,,,,
7979,4231,3.448508732108968e-07,1.7242543660544841e-06,1.7242543660544841e-06,73018.74692761,3.448508732108968e-07,1778673814.4174826,,,,,,,,,,,,,,,,,,,,
7979,4232,3.448508732108968e-07,1.7242543660544841e-06,1.7242543660544841e-06,73021.047396165,3.448508732108968e-07,1778673816.7179675,,,,,,,,,,,,,,,,,,,,
7979,4233,,,,73023.347290637,,1778673819.018076,135.0,0.10389499366283417,,,,,,,,,,,,,,,,,,
7989,4234,3.354047741532973e-07,1.6770238707664864e-06,1.6770238707664864e-06,73106.21841789,3.354047741532973e-07,1778673901.8888955,,,,,,,,,,,,,,,,,,,,
7989,4235,3.354047741532973e-07,1.6770238707664864e-06,1.6770238707664864e-06,73108.521720661,3.354047741532973e-07,1778673904.1922543,,,,,,,,,,,,,,,,,,,,
7989,4236,3.354047741532973e-07,1.6770238707664864e-06,1.6770238707664864e-06,73110.82431123,3.354047741532973e-07,1778673906.4949415,,,,,,,,,,,,,,,,,,,,
7989,4237,3.354047741532973e-07,1.6770238707664864e-06,1.6770238707664864e-06,73113.129080504,3.354047741532973e-07,1778673908.799649,,,,,,,,,,,,,,,,,,,,
7989,4238,,,,73115.430003425,,1778673911.1007574,135.0,0.07842454314231873,,,,,,,,,,,,,,,,,,
7999,4239,3.26087644302705e-07,1.630438221513525e-06,1.630438221513525e-06,73198.305245417,3.26087644302705e-07,1778673993.975783,,,,,,,,,,,,,,,,,,,,
7999,4240,3.26087644302705e-07,1.630438221513525e-06,1.630438221513525e-06,73200.607973539,3.26087644302705e-07,1778673996.2785637,,,,,,,,,,,,,,,,,,,,
7999,4241,3.26087644302705e-07,1.630438221513525e-06,1.630438221513525e-06,73202.908292839,3.26087644302705e-07,1778673998.5788705,,,,,,,,,,,,,,,,,,,,
7999,4242,3.26087644302705e-07,1.630438221513525e-06,1.630438221513525e-06,73205.210379906,3.26087644302705e-07,1778674000.8811243,,,,,,,,,,,,,,,,,,,,
7999,4243,,,,73207.512258178,,1778674003.1829956,135.0,0.06726187467575073,,,,,,,,,,,,,,,,,,
8009,4244,3.168996079915743e-07,1.5844980399578712e-06,1.5844980399578712e-06,73290.193444862,3.168996079915743e-07,1778674085.8640442,,,,,,,,,,,,,,,,,,,,
8009,4245,3.168996079915743e-07,1.5844980399578712e-06,1.5844980399578712e-06,73292.481136227,3.168996079915743e-07,1778674088.1517456,,,,,,,,,,,,,,,,,,,,
8009,4246,3.168996079915743e-07,1.5844980399578712e-06,1.5844980399578712e-06,73294.767344223,3.168996079915743e-07,1778674090.4380872,,,,,,,,,,,,,,,,,,,,
8009,4247,3.168996079915743e-07,1.5844980399578712e-06,1.5844980399578712e-06,73297.05246296,3.168996079915743e-07,1778674092.723013,,,,,,,,,,,,,,,,,,,,
8009,4248,,,,73299.337309748,,1778674095.0080194,135.0,0.11822684109210968,,,,,,,,,,,,,,,,,,
8019,4249,3.07840787829673e-07,1.5392039391483648e-06,1.5392039391483648e-06,73381.620302945,3.07840787829673e-07,1778674177.2909007,,,,,,,,,,,,,,,,,,,,
8019,4250,3.07840787829673e-07,1.5392039391483648e-06,1.5392039391483648e-06,73383.905750784,3.07840787829673e-07,1778674179.5765114,,,,,,,,,,,,,,,,,,,,
8019,4251,3.07840787829673e-07,1.5392039391483648e-06,1.5392039391483648e-06,73386.191251703,3.07840787829673e-07,1778674181.861846,,,,,,,,,,,,,,,,,,,,
8019,4252,3.07840787829673e-07,1.5392039391483648e-06,1.5392039391483648e-06,73388.474279294,3.07840787829673e-07,1778674184.1449986,,,,,,,,,,,,,,,,,,,,
8019,4253,,,,73390.7597729,,1778674186.4305253,135.0,0.04474472254514694,,,,,,,,,,,,,,,,,,
8023,4254,,,,73447.624914673,,1778674243.2955985,135.0,,0.11892367899417877,4.625,0.0,0.11892367899417877,6.491199970245361,0.8809643387794495,,,,,,,,,,,,
8023,4255,,,,73447.628057076,,1778674243.298827,135.0,,,,,,,,0.0,0.082587331533432,0.082587331533432,5.486623764038086,0.9174099564552307,3.96875,,,,,,
8029,4256,2.9891130470244055e-07,1.4945565235122027e-06,1.4945565235122027e-06,73493.59364138,2.9891130470244055e-07,1778674289.2643158,,,,,,,,,,,,,,,,,,,,
8029,4257,2.9891130470244055e-07,1.4945565235122027e-06,1.4945565235122027e-06,73495.880010165,2.9891130470244055e-07,1778674291.5506966,,,,,,,,,,,,,,,,,,,,
8029,4258,2.9891130470244055e-07,1.4945565235122027e-06,1.4945565235122027e-06,73498.163754926,2.9891130470244055e-07,1778674293.8344753,,,,,,,,,,,,,,,,,,,,
8029,4259,2.9891130470244055e-07,1.4945565235122027e-06,1.4945565235122027e-06,73500.448839109,2.9891130470244055e-07,1778674296.119444,,,,,,,,,,,,,,,,,,,,
8029,4260,,,,73502.733603321,,1778674298.4042864,136.0,0.04161810874938965,,,,,,,,,,,,,,,,,,
8039,4261,2.901112777693771e-07,1.4505563888468855e-06,1.4505563888468855e-06,73584.995247535,2.901112777693771e-07,1778674380.665976,,,,,,,,,,,,,,,,,,,,
8039,4262,2.901112777693771e-07,1.4505563888468855e-06,1.4505563888468855e-06,73587.280596565,2.901112777693771e-07,1778674382.9511557,,,,,,,,,,,,,,,,,,,,
8039,4263,2.901112777693771e-07,1.4505563888468855e-06,1.4505563888468855e-06,73589.563355011,2.901112777693771e-07,1778674385.2340994,,,,,,,,,,,,,,,,,,,,
8039,4264,2.901112777693771e-07,1.4505563888468855e-06,1.4505563888468855e-06,73591.851835867,2.901112777693771e-07,1778674387.522177,,,,,,,,,,,,,,,,,,,,
8039,4265,,,,73594.137574251,,1778674389.8083367,136.0,0.07201991975307465,,,,,,,,,,,,,,,,,,
8049,4266,2.8144082446246e-07,1.4072041223123e-06,1.4072041223123e-06,73676.406618353,2.8144082446246e-07,1778674472.077166,,,,,,,,,,,,,,,,,,,,
8049,4267,2.8144082446246e-07,1.4072041223123e-06,1.4072041223123e-06,73678.693048936,2.8144082446246e-07,1778674474.363616,,,,,,,,,,,,,,,,,,,,
8049,4268,2.8144082446246e-07,1.4072041223123e-06,1.4072041223123e-06,73680.977319292,2.8144082446246e-07,1778674476.6480153,,,,,,,,,,,,,,,,,,,,
8049,4269,2.8144082446246e-07,1.4072041223123e-06,1.4072041223123e-06,73683.264496447,2.8144082446246e-07,1778674478.935052,,,,,,,,,,,,,,,,,,,,
8049,4270,,,,73685.549864121,,1778674481.2205884,136.0,0.08689604699611664,,,,,,,,,,,,,,,,,,
8059,4271,2.729000604845666e-07,1.3645003024228332e-06,1.3645003024228332e-06,73767.823358746,2.729000604845666e-07,1778674563.493915,,,,,,,,,,,,,,,,,,,,
8059,4272,2.729000604845666e-07,1.3645003024228332e-06,1.3645003024228332e-06,73770.109662137,2.729000604845666e-07,1778674565.7802918,,,,,,,,,,,,,,,,,,,,
8059,4273,2.729000604845666e-07,1.3645003024228332e-06,1.3645003024228332e-06,73772.393914505,2.729000604845666e-07,1778674568.0646067,,,,,,,,,,,,,,,,,,,,
8059,4274,2.729000604845666e-07,1.3645003024228332e-06,1.3645003024228332e-06,73774.678887024,2.729000604845666e-07,1778674570.3496313,,,,,,,,,,,,,,,,,,,,
8059,4275,,,,73776.965892759,,1778674572.636339,136.0,0.07882997393608093,,,,,,,,,,,,,,,,,,
8069,4276,2.6448909980793636e-07,1.3224454990396818e-06,1.3224454990396818e-06,73859.248711771,2.6448909980793636e-07,1778674654.9190903,,,,,,,,,,,,,,,,,,,,
8069,4277,2.6448909980793636e-07,1.3224454990396818e-06,1.3224454990396818e-06,73861.535532148,2.6448909980793636e-07,1778674657.2061157,,,,,,,,,,,,,,,,,,,,
8069,4278,2.6448909980793636e-07,1.3224454990396818e-06,1.3224454990396818e-06,73863.81790557,2.6448909980793636e-07,1778674659.4886906,,,,,,,,,,,,,,,,,,,,
8069,4279,2.6448909980793636e-07,1.3224454990396818e-06,1.3224454990396818e-06,73866.104704443,2.6448909980793636e-07,1778674661.7752595,,,,,,,,,,,,,,,,,,,,
8069,4280,,,,73868.388976248,,1778674664.0593488,136.0,0.06598994880914688,,,,,,,,,,,,,,,,,,
8079,4281,2.562080546726475e-07,1.2810402733632376e-06,1.2810402733632376e-06,73950.680009794,2.562080546726475e-07,1778674746.3506234,,,,,,,,,,,,,,,,,,,,
8079,4282,2.562080546726475e-07,1.2810402733632376e-06,1.2810402733632376e-06,73952.965585489,2.562080546726475e-07,1778674748.636329,,,,,,,,,,,,,,,,,,,,
8079,4283,2.562080546726475e-07,1.2810402733632376e-06,1.2810402733632376e-06,73955.248593164,2.562080546726475e-07,1778674750.9193628,,,,,,,,,,,,,,,,,,,,
8079,4284,2.562080546726475e-07,1.2810402733632376e-06,1.2810402733632376e-06,73957.530077258,2.562080546726475e-07,1778674753.20081,,,,,,,,,,,,,,,,,,,,
8079,4285,,,,73959.815107162,,1778674755.485873,136.0,0.14204010367393494,,,,,,,,,,,,,,,,,,
8082,4286,,,,74007.319844342,,1778674802.990495,136.0,,0.11763370782136917,4.5625,0.0,0.11763370782136917,6.449953556060791,0.8822620511054993,,,,,,,,,,,,
8082,4287,,,,74007.323028207,,1778674802.99381,136.0,,,,,,,,0.0,0.0827399268746376,0.0827399268746376,5.4774603843688965,0.9172561168670654,3.875,,,,,,
8089,4288,2.480570355851197e-07,1.2402851779255986e-06,1.2402851779255986e-06,74062.526689061,2.480570355851197e-07,1778674858.1972678,,,,,,,,,,,,,,,,,,,,
8089,4289,2.480570355851197e-07,1.2402851779255986e-06,1.2402851779255986e-06,74064.812389238,2.480570355851197e-07,1778674860.4831226,,,,,,,,,,,,,,,,,,,,
8089,4290,2.480570355851197e-07,1.2402851779255986e-06,1.2402851779255986e-06,74067.097841923,2.480570355851197e-07,1778674862.7684643,,,,,,,,,,,,,,,,,,,,
8089,4291,2.480570355851197e-07,1.2402851779255986e-06,1.2402851779255986e-06,74069.383541599,2.480570355851197e-07,1778674865.0541177,,,,,,,,,,,,,,,,,,,,
8089,4292,,,,74071.673049989,,1778674867.343757,137.0,0.08451385051012039,,,,,,,,,,,,,,,,,,
8099,4293,2.400361513166416e-07,1.2001807565832078e-06,1.2001807565832078e-06,74153.965910347,2.400361513166416e-07,1778674949.6366398,,,,,,,,,,,,,,,,,,,,
8099,4294,2.400361513166416e-07,1.2001807565832078e-06,1.2001807565832078e-06,74156.251475481,2.400361513166416e-07,1778674951.9220297,,,,,,,,,,,,,,,,,,,,
8099,4295,2.400361513166416e-07,1.2001807565832078e-06,1.2001807565832078e-06,74158.537869391,2.400361513166416e-07,1778674954.2082973,,,,,,,,,,,,,,,,,,,,
8099,4296,2.400361513166416e-07,1.2001807565832078e-06,1.2001807565832078e-06,74160.824496611,2.400361513166416e-07,1778674956.4951265,,,,,,,,,,,,,,,,,,,,
8099,4297,,,,74163.110859514,,1778674958.7813938,137.0,0.07977578043937683,,,,,,,,,,,,,,,,,,
8109,4298,2.3214550890191646e-07,1.1607275445095821e-06,1.1607275445095821e-06,74245.399695563,2.3214550890191646e-07,1778675041.0704024,,,,,,,,,,,,,,,,,,,,
8109,4299,2.3214550890191646e-07,1.1607275445095821e-06,1.1607275445095821e-06,74247.683949048,2.3214550890191646e-07,1778675043.3543742,,,,,,,,,,,,,,,,,,,,
8109,4300,2.3214550890191646e-07,1.1607275445095821e-06,1.1607275445095821e-06,74249.968100208,2.3214550890191646e-07,1778675045.6386838,,,,,,,,,,,,,,,,,,,,
8109,4301,2.3214550890191646e-07,1.1607275445095821e-06,1.1607275445095821e-06,74252.254197733,2.3214550890191646e-07,1778675047.9247546,,,,,,,,,,,,,,,,,,,,
8109,4302,,,,74254.541434159,,1778675050.2121756,137.0,0.04386620223522186,,,,,,,,,,,,,,,,,,
8119,4303,2.2438521363763678e-07,1.1219260681881837e-06,1.1219260681881837e-06,74336.828670049,2.2438521363763678e-07,1778675132.4992461,,,,,,,,,,,,,,,,,,,,
8119,4304,2.2438521363763678e-07,1.1219260681881837e-06,1.1219260681881837e-06,74339.116019558,2.2438521363763678e-07,1778675134.7863228,,,,,,,,,,,,,,,,,,,,
8119,4305,2.2438521363763678e-07,1.1219260681881837e-06,1.1219260681881837e-06,74341.400293674,2.2438521363763678e-07,1778675137.0708213,,,,,,,,,,,,,,,,,,,,
8119,4306,2.2438521363763678e-07,1.1219260681881837e-06,1.1219260681881837e-06,74343.685860763,2.2438521363763678e-07,1778675139.3565805,,,,,,,,,,,,,,,,,,,,
8119,4307,,,,74345.973328849,,1778675141.6439066,137.0,0.046670153737068176,,,,,,,,,,,,,,,,,,
8129,4308,2.1675536908107198e-07,1.0837768454053598e-06,1.0837768454053598e-06,74428.279844216,2.1675536908107198e-07,1778675223.95042,,,,,,,,,,,,,,,,,,,,
8129,4309,2.1675536908107198e-07,1.0837768454053598e-06,1.0837768454053598e-06,74430.566439683,2.1675536908107198e-07,1778675226.23705,,,,,,,,,,,,,,,,,,,,
8129,4310,2.1675536908107198e-07,1.0837768454053598e-06,1.0837768454053598e-06,74432.854002013,2.1675536908107198e-07,1778675228.524403,,,,,,,,,,,,,,,,,,,,
8129,4311,2.1675536908107198e-07,1.0837768454053598e-06,1.0837768454053598e-06,74435.140107974,2.1675536908107198e-07,1778675230.8107975,,,,,,,,,,,,,,,,,,,,
8129,4312,,,,74437.427537843,,1778675233.09811,137.0,0.040884196758270264,,,,,,,,,,,,,,,,,,
8139,4313,2.0925607704869732e-07,1.0462803852434865e-06,1.0462803852434865e-06,74519.733797031,2.0925607704869732e-07,1778675315.4045029,,,,,,,,,,,,,,,,,,,,
8139,4314,2.0925607704869732e-07,1.0462803852434865e-06,1.0462803852434865e-06,74522.018493796,2.0925607704869732e-07,1778675317.6891913,,,,,,,,,,,,,,,,,,,,
8139,4315,2.0925607704869732e-07,1.0462803852434865e-06,1.0462803852434865e-06,74524.306377792,2.0925607704869732e-07,1778675319.977157,,,,,,,,,,,,,,,,,,,,
8139,4316,2.0925607704869732e-07,1.0462803852434865e-06,1.0462803852434865e-06,74526.590346191,2.0925607704869732e-07,1778675322.261066,,,,,,,,,,,,,,,,,,,,
8139,4317,,,,74528.877949884,,1778675324.5486946,137.0,0.07818373292684555,,,,,,,,,,,,,,,,,,
8141,4318,,,,74567.365804117,,1778675363.036416,137.0,,0.12013160437345505,4.7050018310546875,0.0,0.12013160437345505,6.537031173706055,0.8797431588172913,,,,,,,,,,,,
8141,4319,,,,74567.369476326,,1778675363.0402365,137.0,,,,,,,,0.0,0.0823293924331665,0.0823293924331665,5.465928077697754,0.9176713228225708,3.875,,,,,,
8149,4320,2.0188743761482832e-07,1.0094371880741415e-06,1.0094371880741415e-06,74631.709711752,2.0188743761482832e-07,1778675427.380247,,,,,,,,,,,,,,,,,,,,
8149,4321,2.0188743761482832e-07,1.0094371880741415e-06,1.0094371880741415e-06,74633.997888697,2.0188743761482832e-07,1778675429.6685753,,,,,,,,,,,,,,,,,,,,
8149,4322,2.0188743761482832e-07,1.0094371880741415e-06,1.0094371880741415e-06,74636.284452587,2.0188743761482832e-07,1778675431.9548702,,,,,,,,,,,,,,,,,,,,
8149,4323,2.0188743761482832e-07,1.0094371880741415e-06,1.0094371880741415e-06,74638.571624259,2.0188743761482832e-07,1778675434.2420115,,,,,,,,,,,,,,,,,,,,
8149,4324,,,,74640.859135542,,1778675436.5294394,138.0,0.12838111817836761,,,,,,,,,,,,,,,,,,
8159,4325,2.0000000000000002e-07,1.0000000000000002e-06,1.0000000000000002e-06,74723.155499504,2.0000000000000002e-07,1778675518.8260698,,,,,,,,,,,,,,,,,,,,
8159,4326,2.0000000000000002e-07,1.0000000000000002e-06,1.0000000000000002e-06,74725.443180466,2.0000000000000002e-07,1778675521.113885,,,,,,,,,,,,,,,,,,,,
8159,4327,2.0000000000000002e-07,1.0000000000000002e-06,1.0000000000000002e-06,74727.729477874,2.0000000000000002e-07,1778675523.3999307,,,,,,,,,,,,,,,,,,,,
8159,4328,2.0000000000000002e-07,1.0000000000000002e-06,1.0000000000000002e-06,74730.017985496,2.0000000000000002e-07,1778675525.6886666,,,,,,,,,,,,,,,,,,,,
8159,4329,,,,74732.304214787,,1778675527.974793,138.0,0.06427792459726334,,,,,,,,,,,,,,,,,,
8169,4330,2.0000000000000002e-07,1.0000000000000002e-06,1.0000000000000002e-06,74814.586751816,2.0000000000000002e-07,1778675610.2574766,,,,,,,,,,,,,,,,,,,,
8169,4331,2.0000000000000002e-07,1.0000000000000002e-06,1.0000000000000002e-06,74816.873539495,2.0000000000000002e-07,1778675612.5440738,,,,,,,,,,,,,,,,,,,,
8169,4332,2.0000000000000002e-07,1.0000000000000002e-06,1.0000000000000002e-06,74819.160628354,2.0000000000000002e-07,1778675614.8311207,,,,,,,,,,,,,,,,,,,,
8169,4333,2.0000000000000002e-07,1.0000000000000002e-06,1.0000000000000002e-06,74821.44549679,2.0000000000000002e-07,1778675617.1159716,,,,,,,,,,,,,,,,,,,,
8169,4334,,,,74823.731093731,,1778675619.4018764,138.0,0.08326610922813416,,,,,,,,,,,,,,,,,,
8179,4335,2.0000000000000002e-07,1.0000000000000002e-06,1.0000000000000002e-06,74906.013115947,2.0000000000000002e-07,1778675701.6837287,,,,,,,,,,,,,,,,,,,,
8179,4336,2.0000000000000002e-07,1.0000000000000002e-06,1.0000000000000002e-06,74908.298659215,2.0000000000000002e-07,1778675703.9692173,,,,,,,,,,,,,,,,,,,,
8179,4337,2.0000000000000002e-07,1.0000000000000002e-06,1.0000000000000002e-06,74910.583325491,2.0000000000000002e-07,1778675706.2539287,,,,,,,,,,,,,,,,,,,,
8179,4338,2.0000000000000002e-07,1.0000000000000002e-06,1.0000000000000002e-06,74912.87123724,2.0000000000000002e-07,1778675708.5416324,,,,,,,,,,,,,,,,,,,,
8179,4339,,,,74915.157762971,,1778675710.8285117,138.0,0.10537092387676239,,,,,,,,,,,,,,,,,,
8189,4340,2.0000000000000002e-07,1.0000000000000002e-06,1.0000000000000002e-06,74997.454901509,2.0000000000000002e-07,1778675793.1255214,,,,,,,,,,,,,,,,,,,,
8189,4341,2.0000000000000002e-07,1.0000000000000002e-06,1.0000000000000002e-06,74999.739822044,2.0000000000000002e-07,1778675795.4103527,,,,,,,,,,,,,,,,,,,,
8189,4342,2.0000000000000002e-07,1.0000000000000002e-06,1.0000000000000002e-06,75002.026329465,2.0000000000000002e-07,1778675797.6967618,,,,,,,,,,,,,,,,,,,,
8189,4343,2.0000000000000002e-07,1.0000000000000002e-06,1.0000000000000002e-06,75004.31559133,2.0000000000000002e-07,1778675799.986322,,,,,,,,,,,,,,,,,,,,
8189,4344,,,,75006.603298664,,1778675802.2740448,138.0,0.10623207688331604,,,,,,,,,,,,,,,,,,
8199,4345,2.0000000000000002e-07,1.0000000000000002e-06,1.0000000000000002e-06,75088.871851125,2.0000000000000002e-07,1778675884.5424929,,,,,,,,,,,,,,,,,,,,
8199,4346,2.0000000000000002e-07,1.0000000000000002e-06,1.0000000000000002e-06,75091.15709373,2.0000000000000002e-07,1778675886.8277907,,,,,,,,,,,,,,,,,,,,
8199,4347,2.0000000000000002e-07,1.0000000000000002e-06,1.0000000000000002e-06,75093.440884069,2.0000000000000002e-07,1778675889.1116219,,,,,,,,,,,,,,,,,,,,
8199,4348,2.0000000000000002e-07,1.0000000000000002e-06,1.0000000000000002e-06,75095.724430719,2.0000000000000002e-07,1778675891.3951974,,,,,,,,,,,,,,,,,,,,
8199,4349,,,,75098.011511816,,1778675893.6822746,138.0,0.052467815577983856,,,,,,,,,,,,,,,,,,
8200,4350,,,,75127.313352382,,1778675922.9840195,138.0,,0.11708609014749527,4.588748931884766,0.0,0.11708609014749527,6.436097621917725,0.8827934265136719,,,,,,,,,,,,
8200,4351,,,,75127.316555952,,1778675922.9873328,138.0,,,,,,,,0.0,0.08210700750350952,0.08210700750350952,5.473392486572266,0.9178922176361084,4.002498626708984,,,,,,
8209,4352,2.0000000000000002e-07,1.0000000000000002e-06,1.0000000000000002e-06,75200.772107166,2.0000000000000002e-07,1778675996.4425347,,,,,,,,,,,,,,,,,,,,
8209,4353,2.0000000000000002e-07,1.0000000000000002e-06,1.0000000000000002e-06,75203.05806519,2.0000000000000002e-07,1778675998.728667,,,,,,,,,,,,,,,,,,,,
8209,4354,2.0000000000000002e-07,1.0000000000000002e-06,1.0000000000000002e-06,75205.345255166,2.0000000000000002e-07,1778676001.015928,,,,,,,,,,,,,,,,,,,,
8209,4355,2.0000000000000002e-07,1.0000000000000002e-06,1.0000000000000002e-06,75207.633737345,2.0000000000000002e-07,1778676003.3042762,,,,,,,,,,,,,,,,,,,,
8209,4356,,,,75209.9179053,,1778676005.5884588,139.0,0.07135117053985596,,,,,,,,,,,,,,,,,,
8219,4357,2.0000000000000002e-07,1.0000000000000002e-06,1.0000000000000002e-06,75292.206703277,2.0000000000000002e-07,1778676087.8772135,,,,,,,,,,,,,,,,,,,,
8219,4358,2.0000000000000002e-07,1.0000000000000002e-06,1.0000000000000002e-06,75294.49283404,2.0000000000000002e-07,1778676090.1635008,,,,,,,,,,,,,,,,,,,,
8219,4359,2.0000000000000002e-07,1.0000000000000002e-06,1.0000000000000002e-06,75296.776661376,2.0000000000000002e-07,1778676092.4472356,,,,,,,,,,,,,,,,,,,,
8219,4360,2.0000000000000002e-07,1.0000000000000002e-06,1.0000000000000002e-06,75299.064106473,2.0000000000000002e-07,1778676094.7346427,,,,,,,,,,,,,,,,,,,,
8219,4361,,,,75301.351866263,,1778676097.0225222,139.0,0.08759751915931702,,,,,,,,,,,,,,,,,,
8229,4362,2.0000000000000002e-07,1.0000000000000002e-06,1.0000000000000002e-06,75383.626441149,2.0000000000000002e-07,1778676179.296972,,,,,,,,,,,,,,,,,,,,
8229,4363,2.0000000000000002e-07,1.0000000000000002e-06,1.0000000000000002e-06,75385.911671839,2.0000000000000002e-07,1778676181.582374,,,,,,,,,,,,,,,,,,,,
8229,4364,2.0000000000000002e-07,1.0000000000000002e-06,1.0000000000000002e-06,75388.197323731,2.0000000000000002e-07,1778676183.8678346,,,,,,,,,,,,,,,,,,,,
8229,4365,2.0000000000000002e-07,1.0000000000000002e-06,1.0000000000000002e-06,75390.482578794,2.0000000000000002e-07,1778676186.1531029,,,,,,,,,,,,,,,,,,,,
8229,4366,,,,75392.770593278,,1778676188.4411418,139.0,0.03550300747156143,,,,,,,,,,,,,,,,,,
8239,4367,2.0000000000000002e-07,1.0000000000000002e-06,1.0000000000000002e-06,75475.058411229,2.0000000000000002e-07,1778676270.729101,,,,,,,,,,,,,,,,,,,,
8239,4368,2.0000000000000002e-07,1.0000000000000002e-06,1.0000000000000002e-06,75477.34663156,2.0000000000000002e-07,1778676273.0171907,,,,,,,,,,,,,,,,,,,,
8239,4369,2.0000000000000002e-07,1.0000000000000002e-06,1.0000000000000002e-06,75479.635152622,2.0000000000000002e-07,1778676275.3057148,,,,,,,,,,,,,,,,,,,,
8239,4370,2.0000000000000002e-07,1.0000000000000002e-06,1.0000000000000002e-06,75481.921059499,2.0000000000000002e-07,1778676277.5916612,,,,,,,,,,,,,,,,,,,,
8239,4371,,,,75484.205773439,,1778676279.876557,139.0,0.07459023594856262,,,,,,,,,,,,,,,,,,
8249,4372,2.0000000000000002e-07,1.0000000000000002e-06,1.0000000000000002e-06,75566.503624998,2.0000000000000002e-07,1778676362.1740265,,,,,,,,,,,,,,,,,,,,
8249,4373,2.0000000000000002e-07,1.0000000000000002e-06,1.0000000000000002e-06,75568.788481221,2.0000000000000002e-07,1778676364.4590023,,,,,,,,,,,,,,,,,,,,
8249,4374,2.0000000000000002e-07,1.0000000000000002e-06,1.0000000000000002e-06,75571.075490993,2.0000000000000002e-07,1778676366.7460163,,,,,,,,,,,,,,,,,,,,
8249,4375,2.0000000000000002e-07,1.0000000000000002e-06,1.0000000000000002e-06,75573.363189239,2.0000000000000002e-07,1778676369.0337508,,,,,,,,,,,,,,,,,,,,
8249,4376,,,,75575.64953613,,1778676371.3202662,139.0,0.05779952555894852,,,,,,,,,,,,,,,,,,
8259,4377,2.0000000000000002e-07,1.0000000000000002e-06,1.0000000000000002e-06,75657.920161456,2.0000000000000002e-07,1778676453.5908766,,,,,,,,,,,,,,,,,,,,
8259,4378,2.0000000000000002e-07,1.0000000000000002e-06,1.0000000000000002e-06,75660.205817238,2.0000000000000002e-07,1778676455.8765864,,,,,,,,,,,,,,,,,,,,
8259,4379,,,,75662.420172433,,1778676458.0909421,139.0,0.21323812007904053,,,,,,,,,,,,,,,,,,
8259,4380,,,,75687.257079955,,1778676482.9277525,139.0,,0.11992522329092026,4.65625,0.0,0.11992522329092026,6.5286478996276855,0.8799442052841187,,,,,,,,,,,,
8259,4381,,,,75687.26026719,,1778676482.9310517,139.0,,,,,,,,0.0,0.08237116783857346,0.08237116783857346,5.482031345367432,0.9176253080368042,3.96875,,,,,,
8269,4382,2.0000000000000002e-07,1.0000000000000002e-06,1.0000000000000002e-06,75769.905695596,2.0000000000000002e-07,1778676565.5763338,,,,,,,,,,,,,,,,,,,,
8269,4383,2.0000000000000002e-07,1.0000000000000002e-06,1.0000000000000002e-06,75772.189634818,2.0000000000000002e-07,1778676567.8602939,,,,,,,,,,,,,,,,,,,,
8269,4384,2.0000000000000002e-07,1.0000000000000002e-06,1.0000000000000002e-06,75774.474548835,2.0000000000000002e-07,1778676570.145233,,,,,,,,,,,,,,,,,,,,
8269,4385,2.0000000000000002e-07,1.0000000000000002e-06,1.0000000000000002e-06,75776.760533992,2.0000000000000002e-07,1778676572.4310145,,,,,,,,,,,,,,,,,,,,
8269,4386,,,,75779.045449098,,1778676574.7160206,140.0,0.0625324472784996,,,,,,,,,,,,,,,,,,
8279,4387,2.0000000000000002e-07,1.0000000000000002e-06,1.0000000000000002e-06,75861.317413776,2.0000000000000002e-07,1778676656.988144,,,,,,,,,,,,,,,,,,,,
8279,4388,2.0000000000000002e-07,1.0000000000000002e-06,1.0000000000000002e-06,75863.604404027,2.0000000000000002e-07,1778676659.2751193,,,,,,,,,,,,,,,,,,,,
8279,4389,2.0000000000000002e-07,1.0000000000000002e-06,1.0000000000000002e-06,75865.888088503,2.0000000000000002e-07,1778676661.5587802,,,,,,,,,,,,,,,,,,,,
8279,4390,2.0000000000000002e-07,1.0000000000000002e-06,1.0000000000000002e-06,75868.174588683,2.0000000000000002e-07,1778676663.8451192,,,,,,,,,,,,,,,,,,,,
8279,4391,,,,75870.460505595,,1778676666.1310937,140.0,0.06098443269729614,,,,,,,,,,,,,,,,,,
8289,4392,2.0000000000000002e-07,1.0000000000000002e-06,1.0000000000000002e-06,75952.744048922,2.0000000000000002e-07,1778676748.414735,,,,,,,,,,,,,,,,,,,,
8289,4393,2.0000000000000002e-07,1.0000000000000002e-06,1.0000000000000002e-06,75955.029343462,2.0000000000000002e-07,1778676750.7000556,,,,,,,,,,,,,,,,,,,,
8289,4394,2.0000000000000002e-07,1.0000000000000002e-06,1.0000000000000002e-06,75957.315221759,2.0000000000000002e-07,1778676752.9856794,,,,,,,,,,,,,,,,,,,,
8289,4395,2.0000000000000002e-07,1.0000000000000002e-06,1.0000000000000002e-06,75959.598554805,2.0000000000000002e-07,1778676755.2691655,,,,,,,,,,,,,,,,,,,,
8289,4396,,,,75961.885189937,,1778676757.5557988,140.0,0.10356152057647705,,,,,,,,,,,,,,,,,,
8299,4397,2.0000000000000002e-07,1.0000000000000002e-06,1.0000000000000002e-06,76044.182249444,2.0000000000000002e-07,1778676839.8529208,,,,,,,,,,,,,,,,,,,,
8299,4398,2.0000000000000002e-07,1.0000000000000002e-06,1.0000000000000002e-06,76046.469292156,2.0000000000000002e-07,1778676842.139851,,,,,,,,,,,,,,,,,,,,
8299,4399,2.0000000000000002e-07,1.0000000000000002e-06,1.0000000000000002e-06,76048.754718734,2.0000000000000002e-07,1778676844.4252088,,,,,,,,,,,,,,,,,,,,
8299,4400,2.0000000000000002e-07,1.0000000000000002e-06,1.0000000000000002e-06,76051.042683109,2.0000000000000002e-07,1778676846.7131872,,,,,,,,,,,,,,,,,,,,
8299,4401,,,,76053.329280306,,1778676848.999874,140.0,0.12747454643249512,,,,,,,,,,,,,,,,,,
8309,4402,2.0000000000000002e-07,1.0000000000000002e-06,1.0000000000000002e-06,76135.60797847,2.0000000000000002e-07,1778676931.2786922,,,,,,,,,,,,,,,,,,,,
8309,4403,2.0000000000000002e-07,1.0000000000000002e-06,1.0000000000000002e-06,76137.894408191,2.0000000000000002e-07,1778676933.5651042,,,,,,,,,,,,,,,,,,,,
8309,4404,2.0000000000000002e-07,1.0000000000000002e-06,1.0000000000000002e-06,76140.179805739,2.0000000000000002e-07,1778676935.850372,,,,,,,,,,,,,,,,,,,,
8309,4405,2.0000000000000002e-07,1.0000000000000002e-06,1.0000000000000002e-06,76142.465525459,2.0000000000000002e-07,1778676938.1359632,,,,,,,,,,,,,,,,,,,,
8309,4406,,,,76144.753922717,,1778676940.424658,140.0,0.06204034388065338,,,,,,,,,,,,,,,,,,
8318,4407,,,,76247.124957231,,1778677042.7956324,140.0,,0.1179930567741394,4.625,0.0,0.1179930567741394,6.469435691833496,0.8818851113319397,,,,,,,,,,,,
8318,4408,,,,76247.129348137,,1778677042.800118,140.0,,,,,,,,0.0,0.0817476436495781,0.0817476436495781,5.462833881378174,0.9182578921318054,3.96875,,,,,,
8319,4409,2.0000000000000002e-07,1.0000000000000002e-06,1.0000000000000002e-06,76247.47370722,2.0000000000000002e-07,1778677043.1430607,,,,,,,,,,,,,,,,,,,,
8319,4410,2.0000000000000002e-07,1.0000000000000002e-06,1.0000000000000002e-06,76249.771597726,2.0000000000000002e-07,1778677045.4423108,,,,,,,,,,,,,,,,,,,,
8319,4411,2.0000000000000002e-07,1.0000000000000002e-06,1.0000000000000002e-06,76252.058868463,2.0000000000000002e-07,1778677047.7293851,,,,,,,,,,,,,,,,,,,,
8319,4412,2.0000000000000002e-07,1.0000000000000002e-06,1.0000000000000002e-06,76254.343070832,2.0000000000000002e-07,1778677050.0138102,,,,,,,,,,,,,,,,,,,,
8319,4413,,,,76256.631843116,,1778677052.3024316,141.0,0.05555960536003113,,,,,,,,,,,,,,,,,,
8329,4414,2.0000000000000002e-07,1.0000000000000002e-06,1.0000000000000002e-06,76338.927973147,2.0000000000000002e-07,1778677134.5985394,,,,,,,,,,,,,,,,,,,,
8329,4415,2.0000000000000002e-07,1.0000000000000002e-06,1.0000000000000002e-06,76341.216960854,2.0000000000000002e-07,1778677136.8875482,,,,,,,,,,,,,,,,,,,,
8329,4416,2.0000000000000002e-07,1.0000000000000002e-06,1.0000000000000002e-06,76343.505638824,2.0000000000000002e-07,1778677139.1762133,,,,,,,,,,,,,,,,,,,,
8329,4417,2.0000000000000002e-07,1.0000000000000002e-06,1.0000000000000002e-06,76345.79085248,2.0000000000000002e-07,1778677141.4616015,,,,,,,,,,,,,,,,,,,,
8329,4418,,,,76348.076384474,,1778677143.7469995,141.0,0.05489006265997887,,,,,,,,,,,,,,,,,,
8339,4419,2.0000000000000002e-07,1.0000000000000002e-06,1.0000000000000002e-06,76430.355992615,2.0000000000000002e-07,1778677226.026727,,,,,,,,,,,,,,,,,,,,
8339,4420,2.0000000000000002e-07,1.0000000000000002e-06,1.0000000000000002e-06,76432.64222926,2.0000000000000002e-07,1778677228.312786,,,,,,,,,,,,,,,,,,,,
8339,4421,2.0000000000000002e-07,1.0000000000000002e-06,1.0000000000000002e-06,76434.928985955,2.0000000000000002e-07,1778677230.5997117,,,,,,,,,,,,,,,,,,,,
8339,4422,2.0000000000000002e-07,1.0000000000000002e-06,1.0000000000000002e-06,76437.216100869,2.0000000000000002e-07,1778677232.8866568,,,,,,,,,,,,,,,,,,,,
8339,4423,,,,76439.503246397,,1778677235.1738288,141.0,0.0498138926923275,,,,,,,,,,,,,,,,,,
8349,4424,2.0000000000000002e-07,1.0000000000000002e-06,1.0000000000000002e-06,76522.282086435,2.0000000000000002e-07,1778677317.9526722,,,,,,,,,,,,,,,,,,,,
8349,4425,2.0000000000000002e-07,1.0000000000000002e-06,1.0000000000000002e-06,76524.582059172,2.0000000000000002e-07,1778677320.2527373,,,,,,,,,,,,,,,,,,,,
8349,4426,2.0000000000000002e-07,1.0000000000000002e-06,1.0000000000000002e-06,76526.88364866,2.0000000000000002e-07,1778677322.5542197,,,,,,,,,,,,,,,,,,,,
8349,4427,2.0000000000000002e-07,1.0000000000000002e-06,1.0000000000000002e-06,76529.189070723,2.0000000000000002e-07,1778677324.8596418,,,,,,,,,,,,,,,,,,,,
8349,4428,,,,76531.489823249,,1778677327.1604273,141.0,0.06952911615371704,,,,,,,,,,,,,,,,,,
8359,4429,2.0000000000000002e-07,1.0000000000000002e-06,1.0000000000000002e-06,76614.336453923,2.0000000000000002e-07,1778677410.0072038,,,,,,,,,,,,,,,,,,,,
8359,4430,2.0000000000000002e-07,1.0000000000000002e-06,1.0000000000000002e-06,76616.638874231,2.0000000000000002e-07,1778677412.3094733,,,,,,,,,,,,,,,,,,,,
8359,4431,2.0000000000000002e-07,1.0000000000000002e-06,1.0000000000000002e-06,76618.941031311,2.0000000000000002e-07,1778677414.6116514,,,,,,,,,,,,,,,,,,,,
8359,4432,2.0000000000000002e-07,1.0000000000000002e-06,1.0000000000000002e-06,76621.242265462,2.0000000000000002e-07,1778677416.912874,,,,,,,,,,,,,,,,,,,,
8359,4433,,,,76623.544660127,,1778677419.2152815,141.0,0.029935887083411217,,,,,,,,,,,,,,,,,,
8369,4434,2.0000000000000002e-07,1.0000000000000002e-06,1.0000000000000002e-06,76706.38924405,2.0000000000000002e-07,1778677502.0598018,,,,,,,,,,,,,,,,,,,,
8369,4435,2.0000000000000002e-07,1.0000000000000002e-06,1.0000000000000002e-06,76708.688251823,2.0000000000000002e-07,1778677504.3588028,,,,,,,,,,,,,,,,,,,,
8369,4436,2.0000000000000002e-07,1.0000000000000002e-06,1.0000000000000002e-06,76710.989603601,2.0000000000000002e-07,1778677506.6601858,,,,,,,,,,,,,,,,,,,,
8369,4437,2.0000000000000002e-07,1.0000000000000002e-06,1.0000000000000002e-06,76713.289234409,2.0000000000000002e-07,1778677508.9598048,,,,,,,,,,,,,,,,,,,,
8369,4438,,,,76715.591150164,,1778677511.2619097,141.0,0.10647450387477875,,,,,,,,,,,,,,,,,,
8377,4439,,,,76809.232755174,,1778677604.9034057,141.0,,0.11767072975635529,4.5975799560546875,0.0,0.11767072975635529,6.447178840637207,0.8822133541107178,,,,,,,,,,,,
8377,4440,,,,76809.235855454,,1778677604.9066782,141.0,,,,,,,,0.0,0.07942768186330795,0.07942768186330795,5.393383979797363,0.9205695390701294,3.8828125,,,,,,
8379,4441,2.0000000000000002e-07,1.0000000000000002e-06,1.0000000000000002e-06,76818.679831752,2.0000000000000002e-07,1778677614.3504913,,,,,,,,,,,,,,,,,,,,
8379,4442,2.0000000000000002e-07,1.0000000000000002e-06,1.0000000000000002e-06,76820.966027865,2.0000000000000002e-07,1778677616.636628,,,,,,,,,,,,,,,,,,,,
8379,4443,2.0000000000000002e-07,1.0000000000000002e-06,1.0000000000000002e-06,76823.252908107,2.0000000000000002e-07,1778677618.9235213,,,,,,,,,,,,,,,,,,,,
8379,4444,2.0000000000000002e-07,1.0000000000000002e-06,1.0000000000000002e-06,76825.53732099,2.0000000000000002e-07,1778677621.2080324,,,,,,,,,,,,,,,,,,,,
8379,4445,,,,76827.822759935,,1778677623.493333,142.0,0.08092047274112701,,,,,,,,,,,,,,,,,,
8389,4446,2.0000000000000002e-07,1.0000000000000002e-06,1.0000000000000002e-06,76910.101985239,2.0000000000000002e-07,1778677705.7727494,,,,,,,,,,,,,,,,,,,,
8389,4447,2.0000000000000002e-07,1.0000000000000002e-06,1.0000000000000002e-06,76912.38816906,2.0000000000000002e-07,1778677708.0587819,,,,,,,,,,,,,,,,,,,,
8389,4448,2.0000000000000002e-07,1.0000000000000002e-06,1.0000000000000002e-06,76914.675234457,2.0000000000000002e-07,1778677710.3459628,,,,,,,,,,,,,,,,,,,,
8389,4449,2.0000000000000002e-07,1.0000000000000002e-06,1.0000000000000002e-06,76916.962228414,2.0000000000000002e-07,1778677712.6327972,,,,,,,,,,,,,,,,,,,,
8389,4450,,,,76919.248737769,,1778677714.9193635,142.0,0.10031651705503464,,,,,,,,,,,,,,,,,,
8399,4451,2.0000000000000002e-07,1.0000000000000002e-06,1.0000000000000002e-06,77001.556248243,2.0000000000000002e-07,1778677797.2268353,,,,,,,,,,,,,,,,,,,,
8399,4452,2.0000000000000002e-07,1.0000000000000002e-06,1.0000000000000002e-06,77003.858752875,2.0000000000000002e-07,1778677799.529496,,,,,,,,,,,,,,,,,,,,
8399,4453,2.0000000000000002e-07,1.0000000000000002e-06,1.0000000000000002e-06,77006.159272494,2.0000000000000002e-07,1778677801.8298783,,,,,,,,,,,,,,,,,,,,
8399,4454,2.0000000000000002e-07,1.0000000000000002e-06,1.0000000000000002e-06,77008.459301312,2.0000000000000002e-07,1778677804.1298704,,,,,,,,,,,,,,,,,,,,
8399,4455,,,,77010.761961381,,1778677806.4325764,142.0,0.12473122775554657,,,,,,,,,,,,,,,,,,
8409,4456,2.0000000000000002e-07,1.0000000000000002e-06,1.0000000000000002e-06,77093.242845507,2.0000000000000002e-07,1778677888.9134254,,,,,,,,,,,,,,,,,,,,
8409,4457,2.0000000000000002e-07,1.0000000000000002e-06,1.0000000000000002e-06,77095.527228624,2.0000000000000002e-07,1778677891.197943,,,,,,,,,,,,,,,,,,,,
8409,4458,2.0000000000000002e-07,1.0000000000000002e-06,1.0000000000000002e-06,77097.813952826,2.0000000000000002e-07,1778677893.48456,,,,,,,,,,,,,,,,,,,,
8409,4459,2.0000000000000002e-07,1.0000000000000002e-06,1.0000000000000002e-06,77100.099354263,2.0000000000000002e-07,1778677895.7699707,,,,,,,,,,,,,,,,,,,,
8409,4460,,,,77102.386396268,,1778677898.0570238,142.0,0.10185790061950684,,,,,,,,,,,,,,,,,,
8419,4461,2.0000000000000002e-07,1.0000000000000002e-06,1.0000000000000002e-06,77184.65897911,2.0000000000000002e-07,1778677980.3297257,,,,,,,,,,,,,,,,,,,,
8419,4462,2.0000000000000002e-07,1.0000000000000002e-06,1.0000000000000002e-06,77186.944956752,2.0000000000000002e-07,1778677982.6155393,,,,,,,,,,,,,,,,,,,,
8419,4463,2.0000000000000002e-07,1.0000000000000002e-06,1.0000000000000002e-06,77189.230315569,2.0000000000000002e-07,1778677984.9008796,,,,,,,,,,,,,,,,,,,,
8419,4464,2.0000000000000002e-07,1.0000000000000002e-06,1.0000000000000002e-06,77191.515088562,2.0000000000000002e-07,1778677987.1856794,,,,,,,,,,,,,,,,,,,,
8419,4465,,,,77193.799366277,,1778677989.4701655,142.0,0.0636797845363617,,,,,,,,,,,,,,,,,,
8429,4466,2.0000000000000002e-07,1.0000000000000002e-06,1.0000000000000002e-06,77276.077332291,2.0000000000000002e-07,1778678071.7480807,,,,,,,,,,,,,,,,,,,,
8429,4467,2.0000000000000002e-07,1.0000000000000002e-06,1.0000000000000002e-06,77278.364162391,2.0000000000000002e-07,1778678074.034734,,,,,,,,,,,,,,,,,,,,
8429,4468,2.0000000000000002e-07,1.0000000000000002e-06,1.0000000000000002e-06,77280.650902813,2.0000000000000002e-07,1778678076.3215222,,,,,,,,,,,,,,,,,,,,
8429,4469,2.0000000000000002e-07,1.0000000000000002e-06,1.0000000000000002e-06,77282.934603816,2.0000000000000002e-07,1778678078.6051543,,,,,,,,,,,,,,,,,,,,
8429,4470,,,,77285.219129118,,1778678080.8898695,142.0,0.10832545161247253,,,,,,,,,,,,,,,,,,
8436,4471,,,,77369.218779479,,1778678164.8894465,142.0,,0.11865781247615814,4.65625,0.0,0.11865781247615814,6.4862236976623535,0.8812038898468018,,,,,,,,,,,,
8436,4472,,,,77369.221948993,,1778678164.892746,142.0,,,,,,,,0.0,0.08211591839790344,0.08211591839790344,5.4571051597595215,0.9178863167762756,3.9453125,,,,,,
8439,4473,2.0000000000000002e-07,1.0000000000000002e-06,1.0000000000000002e-06,77387.849151781,2.0000000000000002e-07,1778678183.519786,,,,,,,,,,,,,,,,,,,,
8439,4474,2.0000000000000002e-07,1.0000000000000002e-06,1.0000000000000002e-06,77390.137507296,2.0000000000000002e-07,1778678185.808248,,,,,,,,,,,,,,,,,,,,
8439,4475,2.0000000000000002e-07,1.0000000000000002e-06,1.0000000000000002e-06,77392.422206933,2.0000000000000002e-07,1778678188.0927339,,,,,,,,,,,,,,,,,,,,
8439,4476,2.0000000000000002e-07,1.0000000000000002e-06,1.0000000000000002e-06,77394.706765605,2.0000000000000002e-07,1778678190.377446,,,,,,,,,,,,,,,,,,,,
8439,4477,,,,77396.994848844,,1778678192.6654825,143.0,0.10571091622114182,,,,,,,,,,,,,,,,,,
8449,4478,2.0000000000000002e-07,1.0000000000000002e-06,1.0000000000000002e-06,77479.261103328,2.0000000000000002e-07,1778678274.931798,,,,,,,,,,,,,,,,,,,,
8449,4479,2.0000000000000002e-07,1.0000000000000002e-06,1.0000000000000002e-06,77481.545767543,2.0000000000000002e-07,1778678277.2163038,,,,,,,,,,,,,,,,,,,,
8449,4480,2.0000000000000002e-07,1.0000000000000002e-06,1.0000000000000002e-06,77483.830737245,2.0000000000000002e-07,1778678279.5015018,,,,,,,,,,,,,,,,,,,,
8449,4481,2.0000000000000002e-07,1.0000000000000002e-06,1.0000000000000002e-06,77486.114731406,2.0000000000000002e-07,1778678281.785339,,,,,,,,,,,,,,,,,,,,
8449,4482,,,,77488.400273446,,1778678284.0708869,143.0,0.06935501098632812,,,,,,,,,,,,,,,,,,
8459,4483,2.0000000000000002e-07,1.0000000000000002e-06,1.0000000000000002e-06,77570.669157603,2.0000000000000002e-07,1778678366.3398829,,,,,,,,,,,,,,,,,,,,
8459,4484,2.0000000000000002e-07,1.0000000000000002e-06,1.0000000000000002e-06,77572.955299052,2.0000000000000002e-07,1778678368.6258736,,,,,,,,,,,,,,,,,,,,
8459,4485,2.0000000000000002e-07,1.0000000000000002e-06,1.0000000000000002e-06,77575.242361626,2.0000000000000002e-07,1778678370.9130683,,,,,,,,,,,,,,,,,,,,
8459,4486,2.0000000000000002e-07,1.0000000000000002e-06,1.0000000000000002e-06,77577.531210649,2.0000000000000002e-07,1778678373.2017565,,,,,,,,,,,,,,,,,,,,
8459,4487,,,,77579.818586451,,1778678375.4891365,143.0,0.09668228775262833,,,,,,,,,,,,,,,,,,
8469,4488,2.0000000000000002e-07,1.0000000000000002e-06,1.0000000000000002e-06,77662.086037594,2.0000000000000002e-07,1778678457.7567134,,,,,,,,,,,,,,,,,,,,
8469,4489,2.0000000000000002e-07,1.0000000000000002e-06,1.0000000000000002e-06,77664.373465031,2.0000000000000002e-07,1778678460.044205,,,,,,,,,,,,,,,,,,,,
8469,4490,2.0000000000000002e-07,1.0000000000000002e-06,1.0000000000000002e-06,77666.659144845,2.0000000000000002e-07,1778678462.3297238,,,,,,,,,,,,,,,,,,,,
8469,4491,2.0000000000000002e-07,1.0000000000000002e-06,1.0000000000000002e-06,77668.94551699,2.0000000000000002e-07,1778678464.616078,,,,,,,,,,,,,,,,,,,,
8469,4492,,,,77671.233465066,,1778678466.9041042,143.0,0.04467495530843735,,,,,,,,,,,,,,,,,,
8479,4493,2.0000000000000002e-07,1.0000000000000002e-06,1.0000000000000002e-06,77753.518182958,2.0000000000000002e-07,1778678549.188731,,,,,,,,,,,,,,,,,,,,
8479,4494,2.0000000000000002e-07,1.0000000000000002e-06,1.0000000000000002e-06,77755.802955462,2.0000000000000002e-07,1778678551.4736195,,,,,,,,,,,,,,,,,,,,
8479,4495,2.0000000000000002e-07,1.0000000000000002e-06,1.0000000000000002e-06,77758.090104932,2.0000000000000002e-07,1778678553.7606566,,,,,,,,,,,,,,,,,,,,
8479,4496,2.0000000000000002e-07,1.0000000000000002e-06,1.0000000000000002e-06,77760.376340896,2.0000000000000002e-07,1778678556.0470054,,,,,,,,,,,,,,,,,,,,
8479,4497,,,,77762.663187557,,1778678558.3337665,143.0,0.05515725165605545,,,,,,,,,,,,,,,,,,
8489,4498,2.0000000000000002e-07,1.0000000000000002e-06,1.0000000000000002e-06,77844.939052273,2.0000000000000002e-07,1778678640.6098094,,,,,,,,,,,,,,,,,,,,
8489,4499,2.0000000000000002e-07,1.0000000000000002e-06,1.0000000000000002e-06,77847.224215426,2.0000000000000002e-07,1778678642.8947666,,,,,,,,,,,,,,,,,,,,
8489,4500,2.0000000000000002e-07,1.0000000000000002e-06,1.0000000000000002e-06,77849.511074402,2.0000000000000002e-07,1778678645.1816473,,,,,,,,,,,,,,,,,,,,
8489,4501,2.0000000000000002e-07,1.0000000000000002e-06,1.0000000000000002e-06,77851.796026743,2.0000000000000002e-07,1778678647.4666166,,,,,,,,,,,,,,,,,,,,
8489,4502,,,,77854.081113985,,1778678649.7518482,143.0,0.04901576042175293,,,,,,,,,,,,,,,,,,
8495,4503,,,,77929.017021872,,1778678724.6877456,143.0,,0.11673704534769058,4.5625,0.0,0.11673704534769058,6.423917770385742,0.8831251263618469,,,,,,,,,,,,
8495,4504,,,,77929.020209533,,1778678724.6910224,143.0,,,,,,,,0.0,0.0842050164937973,0.0842050164937973,5.5384135246276855,0.9157940745353699,4.03125,,,,,,
8499,4505,2.0000000000000002e-07,1.0000000000000002e-06,1.0000000000000002e-06,77956.838087654,2.0000000000000002e-07,1778678752.5086527,,,,,,,,,,,,,,,,,,,,
8499,4506,2.0000000000000002e-07,1.0000000000000002e-06,1.0000000000000002e-06,77959.124619199,2.0000000000000002e-07,1778678754.7953105,,,,,,,,,,,,,,,,,,,,
8499,4507,2.0000000000000002e-07,1.0000000000000002e-06,1.0000000000000002e-06,77961.410593793,2.0000000000000002e-07,1778678757.0810773,,,,,,,,,,,,,,,,,,,,
8499,4508,2.0000000000000002e-07,1.0000000000000002e-06,1.0000000000000002e-06,77963.697509422,2.0000000000000002e-07,1778678759.3680758,,,,,,,,,,,,,,,,,,,,
8499,4509,,,,77965.984712973,,1778678761.6554356,144.0,0.030665235593914986,,,,,,,,,,,,,,,,,,
8509,4510,2.0000000000000002e-07,1.0000000000000002e-06,1.0000000000000002e-06,78048.268727029,2.0000000000000002e-07,1778678843.939306,,,,,,,,,,,,,,,,,,,,
8509,4511,2.0000000000000002e-07,1.0000000000000002e-06,1.0000000000000002e-06,78050.556346565,2.0000000000000002e-07,1778678846.2270715,,,,,,,,,,,,,,,,,,,,
8509,4512,2.0000000000000002e-07,1.0000000000000002e-06,1.0000000000000002e-06,78052.841835911,2.0000000000000002e-07,1778678848.512349,,,,,,,,,,,,,,,,,,,,
8509,4513,2.0000000000000002e-07,1.0000000000000002e-06,1.0000000000000002e-06,78055.126331749,2.0000000000000002e-07,1778678850.7970257,,,,,,,,,,,,,,,,,,,,
8509,4514,,,,78057.411719968,,1778678853.082292,144.0,0.12164002656936646,,,,,,,,,,,,,,,,,,
8519,4515,2.0000000000000002e-07,1.0000000000000002e-06,1.0000000000000002e-06,78139.701457595,2.0000000000000002e-07,1778678935.3721633,,,,,,,,,,,,,,,,,,,,
8519,4516,2.0000000000000002e-07,1.0000000000000002e-06,1.0000000000000002e-06,78141.986351951,2.0000000000000002e-07,1778678937.6569405,,,,,,,,,,,,,,,,,,,,
8519,4517,2.0000000000000002e-07,1.0000000000000002e-06,1.0000000000000002e-06,78144.269902052,2.0000000000000002e-07,1778678939.940583,,,,,,,,,,,,,,,,,,,,
8519,4518,2.0000000000000002e-07,1.0000000000000002e-06,1.0000000000000002e-06,78146.555824253,2.0000000000000002e-07,1778678942.2263978,,,,,,,,,,,,,,,,,,,,
8519,4519,,,,78148.842025321,,1778678944.5126283,144.0,0.11222561448812485,,,,,,,,,,,,,,,,,,
8529,4520,2.0000000000000002e-07,1.0000000000000002e-06,1.0000000000000002e-06,78231.132686087,2.0000000000000002e-07,1778679026.8032176,,,,,,,,,,,,,,,,,,,,
8529,4521,2.0000000000000002e-07,1.0000000000000002e-06,1.0000000000000002e-06,78233.419835186,2.0000000000000002e-07,1778679029.0903995,,,,,,,,,,,,,,,,,,,,
8529,4522,2.0000000000000002e-07,1.0000000000000002e-06,1.0000000000000002e-06,78235.707140629,2.0000000000000002e-07,1778679031.3778496,,,,,,,,,,,,,,,,,,,,
8529,4523,2.0000000000000002e-07,1.0000000000000002e-06,1.0000000000000002e-06,78237.994504718,2.0000000000000002e-07,1778679033.6650934,,,,,,,,,,,,,,,,,,,,
8529,4524,,,,78240.281425467,,1778679035.9520779,144.0,0.0593624971807003,,,,,,,,,,,,,,,,,,
8539,4525,2.0000000000000002e-07,1.0000000000000002e-06,1.0000000000000002e-06,78322.583251785,2.0000000000000002e-07,1778679118.2538512,,,,,,,,,,,,,,,,,,,,
8539,4526,2.0000000000000002e-07,1.0000000000000002e-06,1.0000000000000002e-06,78324.869481628,2.0000000000000002e-07,1778679120.5401628,,,,,,,,,,,,,,,,,,,,
8539,4527,2.0000000000000002e-07,1.0000000000000002e-06,1.0000000000000002e-06,78327.157766394,2.0000000000000002e-07,1778679122.8282952,,,,,,,,,,,,,,,,,,,,
8539,4528,2.0000000000000002e-07,1.0000000000000002e-06,1.0000000000000002e-06,78329.442529615,2.0000000000000002e-07,1778679125.1130793,,,,,,,,,,,,,,,,,,,,
8539,4529,,,,78331.727915201,,1778679127.398555,144.0,0.1196058988571167,,,,,,,,,,,,,,,,,,
8549,4530,2.0000000000000002e-07,1.0000000000000002e-06,1.0000000000000002e-06,78414.004588208,2.0000000000000002e-07,1778679209.6753535,,,,,,,,,,,,,,,,,,,,
8549,4531,2.0000000000000002e-07,1.0000000000000002e-06,1.0000000000000002e-06,78416.287976983,2.0000000000000002e-07,1778679211.9585671,,,,,,,,,,,,,,,,,,,,
8549,4532,2.0000000000000002e-07,1.0000000000000002e-06,1.0000000000000002e-06,78418.573613041,2.0000000000000002e-07,1778679214.2441254,,,,,,,,,,,,,,,,,,,,
8549,4533,2.0000000000000002e-07,1.0000000000000002e-06,1.0000000000000002e-06,78420.860543766,2.0000000000000002e-07,1778679216.531139,,,,,,,,,,,,,,,,,,,,
8549,4534,,,,78423.14734865,,1778679218.8178332,144.0,0.08684170246124268,,,,,,,,,,,,,,,,,,
8554,4535,,,,78488.928905919,,1778679284.599582,144.0,,0.11706378310918808,4.578123092651367,0.0,0.11706378310918808,6.433284282684326,0.8828080296516418,,,,,,,,,,,,
8554,4536,,,,78488.932149553,,1778679284.6029098,144.0,,,,,,,,0.0,0.08119890093803406,0.08119890093803406,5.449739933013916,0.9188008904457092,3.9555130004882812,,,,,,
8559,4537,2.0000000000000002e-07,1.0000000000000002e-06,1.0000000000000002e-06,78525.814196855,2.0000000000000002e-07,1778679321.4848645,,,,,,,,,,,,,,,,,,,,
8559,4538,2.0000000000000002e-07,1.0000000000000002e-06,1.0000000000000002e-06,78528.099536463,2.0000000000000002e-07,1778679323.770074,,,,,,,,,,,,,,,,,,,,
8559,4539,2.0000000000000002e-07,1.0000000000000002e-06,1.0000000000000002e-06,78530.385308951,2.0000000000000002e-07,1778679326.0560212,,,,,,,,,,,,,,,,,,,,
8559,4540,2.0000000000000002e-07,1.0000000000000002e-06,1.0000000000000002e-06,78532.67412459,2.0000000000000002e-07,1778679328.344555,,,,,,,,,,,,,,,,,,,,
8559,4541,,,,78534.957313894,,1778679330.628101,145.0,0.05466777831315994,,,,,,,,,,,,,,,,,,
8569,4542,2.0000000000000002e-07,1.0000000000000002e-06,1.0000000000000002e-06,78617.232438094,2.0000000000000002e-07,1778679412.9031293,,,,,,,,,,,,,,,,,,,,
8569,4543,2.0000000000000002e-07,1.0000000000000002e-06,1.0000000000000002e-06,78619.517544285,2.0000000000000002e-07,1778679415.1882155,,,,,,,,,,,,,,,,,,,,
8569,4544,2.0000000000000002e-07,1.0000000000000002e-06,1.0000000000000002e-06,78621.803255375,2.0000000000000002e-07,1778679417.4737513,,,,,,,,,,,,,,,,,,,,
8569,4545,2.0000000000000002e-07,1.0000000000000002e-06,1.0000000000000002e-06,78624.088900433,2.0000000000000002e-07,1778679419.7596428,,,,,,,,,,,,,,,,,,,,
8569,4546,,,,78626.371401896,,1778679422.0421436,145.0,0.14196637272834778,,,,,,,,,,,,,,,,,,
8579,4547,2.0000000000000002e-07,1.0000000000000002e-06,1.0000000000000002e-06,78708.640116287,2.0000000000000002e-07,1778679504.310858,,,,,,,,,,,,,,,,,,,,
8579,4548,2.0000000000000002e-07,1.0000000000000002e-06,1.0000000000000002e-06,78710.928107418,2.0000000000000002e-07,1778679506.598683,,,,,,,,,,,,,,,,,,,,
8579,4549,2.0000000000000002e-07,1.0000000000000002e-06,1.0000000000000002e-06,78713.213186993,2.0000000000000002e-07,1778679508.8837986,,,,,,,,,,,,,,,,,,,,
8579,4550,2.0000000000000002e-07,1.0000000000000002e-06,1.0000000000000002e-06,78715.500452487,2.0000000000000002e-07,1778679511.1711428,,,,,,,,,,,,,,,,,,,,
8579,4551,,,,78717.787914406,,1778679513.4586463,145.0,0.11835621297359467,,,,,,,,,,,,,,,,,,
8589,4552,2.0000000000000002e-07,1.0000000000000002e-06,1.0000000000000002e-06,78800.06281157,2.0000000000000002e-07,1778679595.7335694,,,,,,,,,,,,,,,,,,,,
8589,4553,2.0000000000000002e-07,1.0000000000000002e-06,1.0000000000000002e-06,78802.350142995,2.0000000000000002e-07,1778679598.0207138,,,,,,,,,,,,,,,,,,,,
8589,4554,2.0000000000000002e-07,1.0000000000000002e-06,1.0000000000000002e-06,78804.635771514,2.0000000000000002e-07,1778679600.3065512,,,,,,,,,,,,,,,,,,,,
8589,4555,2.0000000000000002e-07,1.0000000000000002e-06,1.0000000000000002e-06,78806.922315219,2.0000000000000002e-07,1778679602.5928607,,,,,,,,,,,,,,,,,,,,
8589,4556,,,,78809.206842977,,1778679604.8775778,145.0,0.052729733288288116,,,,,,,,,,,,,,,,,,
8599,4557,2.0000000000000002e-07,1.0000000000000002e-06,1.0000000000000002e-06,78891.474080994,2.0000000000000002e-07,1778679687.1448376,,,,,,,,,,,,,,,,,,,,
8599,4558,2.0000000000000002e-07,1.0000000000000002e-06,1.0000000000000002e-06,78893.758203099,2.0000000000000002e-07,1778679689.4288437,,,,,,,,,,,,,,,,,,,,
8599,4559,2.0000000000000002e-07,1.0000000000000002e-06,1.0000000000000002e-06,78896.043556918,2.0000000000000002e-07,1778679691.714084,,,,,,,,,,,,,,,,,,,,
8599,4560,2.0000000000000002e-07,1.0000000000000002e-06,1.0000000000000002e-06,78898.32972504,2.0000000000000002e-07,1778679694.000297,,,,,,,,,,,,,,,,,,,,
8599,4561,,,,78900.615888504,,1778679696.28659,145.0,0.08255033940076828,,,,,,,,,,,,,,,,,,
8609,4562,2.0000000000000002e-07,1.0000000000000002e-06,1.0000000000000002e-06,78982.884222654,2.0000000000000002e-07,1778679778.5549703,,,,,,,,,,,,,,,,,,,,
8609,4563,2.0000000000000002e-07,1.0000000000000002e-06,1.0000000000000002e-06,78985.169473218,2.0000000000000002e-07,1778679780.8402479,,,,,,,,,,,,,,,,,,,,
8609,4564,2.0000000000000002e-07,1.0000000000000002e-06,1.0000000000000002e-06,78987.457657649,2.0000000000000002e-07,1778679783.1282177,,,,,,,,,,,,,,,,,,,,
8609,4565,2.0000000000000002e-07,1.0000000000000002e-06,1.0000000000000002e-06,78989.744272163,2.0000000000000002e-07,1778679785.4148567,,,,,,,,,,,,,,,,,,,,
8609,4566,,,,78992.034093505,,1778679787.70441,145.0,0.10419592261314392,,,,,,,,,,,,,,,,,,
8613,4567,,,,79048.744686261,,1778679844.4153645,145.0,,0.11898835003376007,4.6875,0.0,0.11898835003376007,6.497880458831787,0.8808735013008118,,,,,,,,,,,,
8613,4568,,,,79048.747857878,,1778679844.418634,145.0,,,,,,,,0.0,0.08223515003919601,0.08223515003919601,5.45573616027832,0.9177674651145935,3.84375,,,,,,
8619,4569,2.0000000000000002e-07,1.0000000000000002e-06,1.0000000000000002e-06,79094.890799753,2.0000000000000002e-07,1778679890.5614738,,,,,,,,,,,,,,,,,,,,
8619,4570,2.0000000000000002e-07,1.0000000000000002e-06,1.0000000000000002e-06,79097.192365331,2.0000000000000002e-07,1778679892.8629682,,,,,,,,,,,,,,,,,,,,
8619,4571,2.0000000000000002e-07,1.0000000000000002e-06,1.0000000000000002e-06,79099.493294458,2.0000000000000002e-07,1778679895.1640515,,,,,,,,,,,,,,,,,,,,
8619,4572,2.0000000000000002e-07,1.0000000000000002e-06,1.0000000000000002e-06,79101.793260534,2.0000000000000002e-07,1778679897.4639034,,,,,,,,,,,,,,,,,,,,
8619,4573,,,,79104.09401874,,1778679899.7647624,146.0,0.07922624796628952,,,,,,,,,,,,,,,,,,
8629,4574,2.0000000000000002e-07,1.0000000000000002e-06,1.0000000000000002e-06,79186.932187879,2.0000000000000002e-07,1778679982.6028047,,,,,,,,,,,,,,,,,,,,
8629,4575,2.0000000000000002e-07,1.0000000000000002e-06,1.0000000000000002e-06,79189.232442295,2.0000000000000002e-07,1778679984.9031923,,,,,,,,,,,,,,,,,,,,
8629,4576,2.0000000000000002e-07,1.0000000000000002e-06,1.0000000000000002e-06,79191.532148273,2.0000000000000002e-07,1778679987.2026927,,,,,,,,,,,,,,,,,,,,
8629,4577,2.0000000000000002e-07,1.0000000000000002e-06,1.0000000000000002e-06,79193.832129634,2.0000000000000002e-07,1778679989.5028863,,,,,,,,,,,,,,,,,,,,
8629,4578,,,,79196.137854492,,1778679991.80844,146.0,0.047356173396110535,,,,,,,,,,,,,,,,,,
8639,4579,2.0000000000000002e-07,1.0000000000000002e-06,1.0000000000000002e-06,79278.968391276,2.0000000000000002e-07,1778680074.6391513,,,,,,,,,,,,,,,,,,,,
8639,4580,2.0000000000000002e-07,1.0000000000000002e-06,1.0000000000000002e-06,79281.26996341,2.0000000000000002e-07,1778680076.940537,,,,,,,,,,,,,,,,,,,,
8639,4581,2.0000000000000002e-07,1.0000000000000002e-06,1.0000000000000002e-06,79283.570718061,2.0000000000000002e-07,1778680079.2412965,,,,,,,,,,,,,,,,,,,,
8639,4582,2.0000000000000002e-07,1.0000000000000002e-06,1.0000000000000002e-06,79285.872823485,2.0000000000000002e-07,1778680081.5434537,,,,,,,,,,,,,,,,,,,,
8639,4583,,,,79288.175983895,,1778680083.8465466,146.0,0.05777924507856369,,,,,,,,,,,,,,,,,,
8649,4584,2.0000000000000002e-07,1.0000000000000002e-06,1.0000000000000002e-06,79370.649854786,2.0000000000000002e-07,1778680166.3203979,,,,,,,,,,,,,,,,,,,,
8649,4585,2.0000000000000002e-07,1.0000000000000002e-06,1.0000000000000002e-06,79372.936755253,2.0000000000000002e-07,1778680168.6073806,,,,,,,,,,,,,,,,,,,,
8649,4586,2.0000000000000002e-07,1.0000000000000002e-06,1.0000000000000002e-06,79375.222643514,2.0000000000000002e-07,1778680170.8932152,,,,,,,,,,,,,,,,,,,,
8649,4587,2.0000000000000002e-07,1.0000000000000002e-06,1.0000000000000002e-06,79377.50914797,2.0000000000000002e-07,1778680173.179736,,,,,,,,,,,,,,,,,,,,
8649,4588,,,,79379.794320209,,1778680175.464924,146.0,0.1075349897146225,,,,,,,,,,,,,,,,,,
8659,4589,2.0000000000000002e-07,1.0000000000000002e-06,1.0000000000000002e-06,79462.101606223,2.0000000000000002e-07,1778680257.7722175,,,,,,,,,,,,,,,,,,,,
8659,4590,2.0000000000000002e-07,1.0000000000000002e-06,1.0000000000000002e-06,79464.388270573,2.0000000000000002e-07,1778680260.0589542,,,,,,,,,,,,,,,,,,,,
8659,4591,2.0000000000000002e-07,1.0000000000000002e-06,1.0000000000000002e-06,79466.674539354,2.0000000000000002e-07,1778680262.3451395,,,,,,,,,,,,,,,,,,,,
8659,4592,2.0000000000000002e-07,1.0000000000000002e-06,1.0000000000000002e-06,79468.95903208,2.0000000000000002e-07,1778680264.6296656,,,,,,,,,,,,,,,,,,,,
8659,4593,,,,79471.245446478,,1778680266.9160576,146.0,0.07452840358018875,,,,,,,,,,,,,,,,,,
8669,4594,2.0000000000000002e-07,1.0000000000000002e-06,1.0000000000000002e-06,79554.001829477,2.0000000000000002e-07,1778680349.6725535,,,,,,,,,,,,,,,,,,,,
8669,4595,2.0000000000000002e-07,1.0000000000000002e-06,1.0000000000000002e-06,79556.300850592,2.0000000000000002e-07,1778680351.9715853,,,,,,,,,,,,,,,,,,,,
8669,4596,2.0000000000000002e-07,1.0000000000000002e-06,1.0000000000000002e-06,79558.599863374,2.0000000000000002e-07,1778680354.2705874,,,,,,,,,,,,,,,,,,,,
8669,4597,2.0000000000000002e-07,1.0000000000000002e-06,1.0000000000000002e-06,79560.901606535,2.0000000000000002e-07,1778680356.5723054,,,,,,,,,,,,,,,,,,,,
8669,4598,,,,79563.199676604,,1778680358.8704445,146.0,0.06476298719644547,,,,,,,,,,,,,,,,,,
8672,4599,,,,79610.850462317,,1778680406.5211322,146.0,,0.11897540092468262,4.6737518310546875,0.0,0.11897540092468262,6.493047714233398,0.8808966279029846,,,,,,,,,,,,
8672,4600,,,,79610.853699211,,1778680406.5244725,146.0,,,,,,,,0.0,0.08203509449958801,0.08203509449958801,5.4665727615356445,0.9179573059082031,3.9375,,,,,,
8679,4601,2.0000000000000002e-07,1.0000000000000002e-06,1.0000000000000002e-06,79666.042504002,2.0000000000000002e-07,1778680461.713126,,,,,,,,,,,,,,,,,,,,
8679,4602,2.0000000000000002e-07,1.0000000000000002e-06,1.0000000000000002e-06,79668.331543543,2.0000000000000002e-07,1778680464.002111,,,,,,,,,,,,,,,,,,,,
8679,4603,2.0000000000000002e-07,1.0000000000000002e-06,1.0000000000000002e-06,79670.616488498,2.0000000000000002e-07,1778680466.2871706,,,,,,,,,,,,,,,,,,,,
8679,4604,2.0000000000000002e-07,1.0000000000000002e-06,1.0000000000000002e-06,79672.900808149,2.0000000000000002e-07,1778680468.5713794,,,,,,,,,,,,,,,,,,,,
8679,4605,,,,79675.188420707,,1778680470.8591533,147.0,0.10488364845514297,,,,,,,,,,,,,,,,,,
8689,4606,2.0000000000000002e-07,1.0000000000000002e-06,1.0000000000000002e-06,79757.470890432,2.0000000000000002e-07,1778680553.1414697,,,,,,,,,,,,,,,,,,,,
8689,4607,2.0000000000000002e-07,1.0000000000000002e-06,1.0000000000000002e-06,79759.753232752,2.0000000000000002e-07,1778680555.4239304,,,,,,,,,,,,,,,,,,,,
8689,4608,2.0000000000000002e-07,1.0000000000000002e-06,1.0000000000000002e-06,79762.040002258,2.0000000000000002e-07,1778680557.7105398,,,,,,,,,,,,,,,,,,,,
8689,4609,2.0000000000000002e-07,1.0000000000000002e-06,1.0000000000000002e-06,79764.323704963,2.0000000000000002e-07,1778680559.994443,,,,,,,,,,,,,,,,,,,,
8689,4610,,,,79766.609766669,,1778680562.2803433,147.0,0.13961876928806305,,,,,,,,,,,,,,,,,,
8699,4611,2.0000000000000002e-07,1.0000000000000002e-06,1.0000000000000002e-06,79848.872112643,2.0000000000000002e-07,1778680644.5428674,,,,,,,,,,,,,,,,,,,,
8699,4612,2.0000000000000002e-07,1.0000000000000002e-06,1.0000000000000002e-06,79851.158766741,2.0000000000000002e-07,1778680646.8293183,,,,,,,,,,,,,,,,,,,,
8699,4613,2.0000000000000002e-07,1.0000000000000002e-06,1.0000000000000002e-06,79853.445138973,2.0000000000000002e-07,1778680649.1156957,,,,,,,,,,,,,,,,,,,,
8699,4614,2.0000000000000002e-07,1.0000000000000002e-06,1.0000000000000002e-06,79855.73078522,2.0000000000000002e-07,1778680651.401484,,,,,,,,,,,,,,,,,,,,
8699,4615,,,,79858.0194098,,1778680653.6900053,147.0,0.15879209339618683,,,,,,,,,,,,,,,,,,
8709,4616,2.0000000000000002e-07,1.0000000000000002e-06,1.0000000000000002e-06,79940.293847424,2.0000000000000002e-07,1778680735.9645722,,,,,,,,,,,,,,,,,,,,
8709,4617,2.0000000000000002e-07,1.0000000000000002e-06,1.0000000000000002e-06,79942.580972407,2.0000000000000002e-07,1778680738.2515743,,,,,,,,,,,,,,,,,,,,
8709,4618,2.0000000000000002e-07,1.0000000000000002e-06,1.0000000000000002e-06,79944.866735558,2.0000000000000002e-07,1778680740.5374928,,,,,,,,,,,,,,,,,,,,
8709,4619,2.0000000000000002e-07,1.0000000000000002e-06,1.0000000000000002e-06,79947.151738794,2.0000000000000002e-07,1778680742.822341,,,,,,,,,,,,,,,,,,,,
8709,4620,,,,79949.438064889,,1778680745.1087341,147.0,0.06647618860006332,,,,,,,,,,,,,,,,,,
8719,4621,2.0000000000000002e-07,1.0000000000000002e-06,1.0000000000000002e-06,80031.732040002,2.0000000000000002e-07,1778680827.402608,,,,,,,,,,,,,,,,,,,,
8719,4622,2.0000000000000002e-07,1.0000000000000002e-06,1.0000000000000002e-06,80034.016448783,2.0000000000000002e-07,1778680829.6871989,,,,,,,,,,,,,,,,,,,,
8719,4623,2.0000000000000002e-07,1.0000000000000002e-06,1.0000000000000002e-06,80036.304135949,2.0000000000000002e-07,1778680831.974705,,,,,,,,,,,,,,,,,,,,
8719,4624,2.0000000000000002e-07,1.0000000000000002e-06,1.0000000000000002e-06,80038.591653408,2.0000000000000002e-07,1778680834.2622619,,,,,,,,,,,,,,,,,,,,
8719,4625,,,,80040.87661104,,1778680836.5472813,147.0,0.05485957860946655,,,,,,,,,,,,,,,,,,
8729,4626,2.0000000000000002e-07,1.0000000000000002e-06,1.0000000000000002e-06,80123.141690148,2.0000000000000002e-07,1778680918.812407,,,,,,,,,,,,,,,,,,,,
8729,4627,2.0000000000000002e-07,1.0000000000000002e-06,1.0000000000000002e-06,80125.426230607,2.0000000000000002e-07,1778680921.0969942,,,,,,,,,,,,,,,,,,,,
8729,4628,2.0000000000000002e-07,1.0000000000000002e-06,1.0000000000000002e-06,80127.709943598,2.0000000000000002e-07,1778680923.3806603,,,,,,,,,,,,,,,,,,,,
8729,4629,2.0000000000000002e-07,1.0000000000000002e-06,1.0000000000000002e-06,80129.994666798,2.0000000000000002e-07,1778680925.6654282,,,,,,,,,,,,,,,,,,,,
8729,4630,,,,80132.27874732,,1778680927.9494865,147.0,0.08298560976982117,,,,,,,,,,,,,,,,,,
8731,4631,,,,80170.674169426,,1778680966.344823,147.0,,0.11940667033195496,4.6875,0.0,0.11940667033195496,6.513106822967529,0.8804695010185242,,,,,,,,,,,,
8731,4632,,,,80170.677508434,,1778680966.3482833,147.0,,,,,,,,0.0,0.08222317695617676,0.08222317695617676,5.479723930358887,0.9177786111831665,4.015625,,,,,,
8739,4633,2.0000000000000002e-07,1.0000000000000002e-06,1.0000000000000002e-06,80234.95091919,2.0000000000000002e-07,1778681030.621603,,,,,,,,,,,,,,,,,,,,
8739,4634,2.0000000000000002e-07,1.0000000000000002e-06,1.0000000000000002e-06,80237.23386829,2.0000000000000002e-07,1778681032.9044974,,,,,,,,,,,,,,,,,,,,
8739,4635,2.0000000000000002e-07,1.0000000000000002e-06,1.0000000000000002e-06,80239.517824094,2.0000000000000002e-07,1778681035.1885426,,,,,,,,,,,,,,,,,,,,
8739,4636,2.0000000000000002e-07,1.0000000000000002e-06,1.0000000000000002e-06,80241.805443903,2.0000000000000002e-07,1778681037.4758468,,,,,,,,,,,,,,,,,,,,
8739,4637,,,,80244.089591844,,1778681039.760336,148.0,0.08820587396621704,,,,,,,,,,,,,,,,,,
8749,4638,2.0000000000000002e-07,1.0000000000000002e-06,1.0000000000000002e-06,80326.378365103,2.0000000000000002e-07,1778681122.0489686,,,,,,,,,,,,,,,,,,,,
8749,4639,2.0000000000000002e-07,1.0000000000000002e-06,1.0000000000000002e-06,80328.66481096,2.0000000000000002e-07,1778681124.3355448,,,,,,,,,,,,,,,,,,,,
8749,4640,2.0000000000000002e-07,1.0000000000000002e-06,1.0000000000000002e-06,80330.950114415,2.0000000000000002e-07,1778681126.6206532,,,,,,,,,,,,,,,,,,,,
8749,4641,2.0000000000000002e-07,1.0000000000000002e-06,1.0000000000000002e-06,80333.236144643,2.0000000000000002e-07,1778681128.9066844,,,,,,,,,,,,,,,,,,,,
8749,4642,,,,80335.522198254,,1778681131.1929283,148.0,0.06463129073381424,,,,,,,,,,,,,,,,,,
8759,4643,2.0000000000000002e-07,1.0000000000000002e-06,1.0000000000000002e-06,80417.815399337,2.0000000000000002e-07,1778681213.4859865,,,,,,,,,,,,,,,,,,,,
8759,4644,2.0000000000000002e-07,1.0000000000000002e-06,1.0000000000000002e-06,80420.101088748,2.0000000000000002e-07,1778681215.77181,,,,,,,,,,,,,,,,,,,,
8759,4645,2.0000000000000002e-07,1.0000000000000002e-06,1.0000000000000002e-06,80422.386546499,2.0000000000000002e-07,1778681218.0570905,,,,,,,,,,,,,,,,,,,,
8759,4646,2.0000000000000002e-07,1.0000000000000002e-06,1.0000000000000002e-06,80424.671907272,2.0000000000000002e-07,1778681220.34264,,,,,,,,,,,,,,,,,,,,
8759,4647,,,,80426.959516239,,1778681222.6300638,148.0,0.09356662631034851,,,,,,,,,,,,,,,,,,
8769,4648,2.0000000000000002e-07,1.0000000000000002e-06,1.0000000000000002e-06,80509.257004188,2.0000000000000002e-07,1778681304.9277458,,,,,,,,,,,,,,,,,,,,
8769,4649,2.0000000000000002e-07,1.0000000000000002e-06,1.0000000000000002e-06,80511.54399279,2.0000000000000002e-07,1778681307.2145295,,,,,,,,,,,,,,,,,,,,
8769,4650,2.0000000000000002e-07,1.0000000000000002e-06,1.0000000000000002e-06,80513.832539606,2.0000000000000002e-07,1778681309.5032837,,,,,,,,,,,,,,,,,,,,
8769,4651,2.0000000000000002e-07,1.0000000000000002e-06,1.0000000000000002e-06,80516.118610423,2.0000000000000002e-07,1778681311.7891092,,,,,,,,,,,,,,,,,,,,
8769,4652,,,,80518.405706101,,1778681314.0761788,148.0,0.06665748357772827,,,,,,,,,,,,,,,,,,
8779,4653,2.0000000000000002e-07,1.0000000000000002e-06,1.0000000000000002e-06,80600.698896656,2.0000000000000002e-07,1778681396.3695433,,,,,,,,,,,,,,,,,,,,
8779,4654,2.0000000000000002e-07,1.0000000000000002e-06,1.0000000000000002e-06,80602.983632061,2.0000000000000002e-07,1778681398.65423,,,,,,,,,,,,,,,,,,,,
8779,4655,2.0000000000000002e-07,1.0000000000000002e-06,1.0000000000000002e-06,80605.267979331,2.0000000000000002e-07,1778681400.9386292,,,,,,,,,,,,,,,,,,,,
8779,4656,2.0000000000000002e-07,1.0000000000000002e-06,1.0000000000000002e-06,80607.553340074,2.0000000000000002e-07,1778681403.2238603,,,,,,,,,,,,,,,,,,,,
8779,4657,,,,80609.839849706,,1778681405.5103638,148.0,0.07600486278533936,,,,,,,,,,,,,,,,,,
8789,4658,2.0000000000000002e-07,1.0000000000000002e-06,1.0000000000000002e-06,80692.119199605,2.0000000000000002e-07,1778681487.789919,,,,,,,,,,,,,,,,,,,,
8789,4659,2.0000000000000002e-07,1.0000000000000002e-06,1.0000000000000002e-06,80694.404920801,2.0000000000000002e-07,1778681490.075656,,,,,,,,,,,,,,,,,,,,
8789,4660,2.0000000000000002e-07,1.0000000000000002e-06,1.0000000000000002e-06,80696.689233385,2.0000000000000002e-07,1778681492.359987,,,,,,,,,,,,,,,,,,,,
8789,4661,2.0000000000000002e-07,1.0000000000000002e-06,1.0000000000000002e-06,80698.972487043,2.0000000000000002e-07,1778681494.6432397,,,,,,,,,,,,,,,,,,,,
8789,4662,,,,80701.258667497,,1778681496.9293973,148.0,0.05515018850564957,,,,,,,,,,,,,,,,,,
8790,4663,,,,80730.526819108,,1778681526.1974638,148.0,,0.11747419834136963,4.53125,0.0,0.11747419834136963,6.449197769165039,0.8824070692062378,,,,,,,,,,,,
8790,4664,,,,80730.530076281,,1778681526.2008538,148.0,,,,,,,,0.0,0.08165041357278824,0.08165041357278824,5.457993030548096,0.9183527827262878,3.9375,,,,,,
8799,4665,2.0000000000000002e-07,1.0000000000000002e-06,1.0000000000000002e-06,80804.144537665,2.0000000000000002e-07,1778681599.815239,,,,,,,,,,,,,,,,,,,,
8799,4666,2.0000000000000002e-07,1.0000000000000002e-06,1.0000000000000002e-06,80806.431860539,2.0000000000000002e-07,1778681602.1024573,,,,,,,,,,,,,,,,,,,,
8799,4667,2.0000000000000002e-07,1.0000000000000002e-06,1.0000000000000002e-06,80808.715951005,2.0000000000000002e-07,1778681604.3866882,,,,,,,,,,,,,,,,,,,,
8799,4668,2.0000000000000002e-07,1.0000000000000002e-06,1.0000000000000002e-06,80811.000850378,2.0000000000000002e-07,1778681606.671259,,,,,,,,,,,,,,,,,,,,
8799,4669,,,,80813.288183313,,1778681608.9586363,149.0,0.06297628581523895,,,,,,,,,,,,,,,,,,
8809,4670,2.0000000000000002e-07,1.0000000000000002e-06,1.0000000000000002e-06,80895.586632432,2.0000000000000002e-07,1778681691.2573292,,,,,,,,,,,,,,,,,,,,
8809,4671,2.0000000000000002e-07,1.0000000000000002e-06,1.0000000000000002e-06,80897.87583854,2.0000000000000002e-07,1778681693.5464127,,,,,,,,,,,,,,,,,,,,
8809,4672,2.0000000000000002e-07,1.0000000000000002e-06,1.0000000000000002e-06,80900.16056241,2.0000000000000002e-07,1778681695.8312998,,,,,,,,,,,,,,,,,,,,
8809,4673,2.0000000000000002e-07,1.0000000000000002e-06,1.0000000000000002e-06,80902.448314056,2.0000000000000002e-07,1778681698.118865,,,,,,,,,,,,,,,,,,,,
8809,4674,,,,80904.736767287,,1778681700.4074633,149.0,0.039132121950387955,,,,,,,,,,,,,,,,,,
8819,4675,2.0000000000000002e-07,1.0000000000000002e-06,1.0000000000000002e-06,80987.01846063,2.0000000000000002e-07,1778681782.689032,,,,,,,,,,,,,,,,,,,,
8819,4676,2.0000000000000002e-07,1.0000000000000002e-06,1.0000000000000002e-06,80989.304017086,2.0000000000000002e-07,1778681784.9747632,,,,,,,,,,,,,,,,,,,,
8819,4677,2.0000000000000002e-07,1.0000000000000002e-06,1.0000000000000002e-06,80991.588398369,2.0000000000000002e-07,1778681787.259095,,,,,,,,,,,,,,,,,,,,
8819,4678,2.0000000000000002e-07,1.0000000000000002e-06,1.0000000000000002e-06,80993.873239554,2.0000000000000002e-07,1778681789.5439487,,,,,,,,,,,,,,,,,,,,
8819,4679,,,,80996.159859487,,1778681791.8304353,149.0,0.08565729856491089,,,,,,,,,,,,,,,,,,
8829,4680,2.0000000000000002e-07,1.0000000000000002e-06,1.0000000000000002e-06,81078.452054521,2.0000000000000002e-07,1778681874.1226535,,,,,,,,,,,,,,,,,,,,
8829,4681,2.0000000000000002e-07,1.0000000000000002e-06,1.0000000000000002e-06,81080.742490015,2.0000000000000002e-07,1778681876.4131558,,,,,,,,,,,,,,,,,,,,
8829,4682,2.0000000000000002e-07,1.0000000000000002e-06,1.0000000000000002e-06,81083.028403764,2.0000000000000002e-07,1778681878.699133,,,,,,,,,,,,,,,,,,,,
8829,4683,2.0000000000000002e-07,1.0000000000000002e-06,1.0000000000000002e-06,81085.313739801,2.0000000000000002e-07,1778681880.9844227,,,,,,,,,,,,,,,,,,,,
8829,4684,,,,81087.600782358,,1778681883.271331,149.0,0.06972354650497437,,,,,,,,,,,,,,,,,,
8839,4685,2.0000000000000002e-07,1.0000000000000002e-06,1.0000000000000002e-06,81169.889524324,2.0000000000000002e-07,1778681965.5602028,,,,,,,,,,,,,,,,,,,,
8839,4686,2.0000000000000002e-07,1.0000000000000002e-06,1.0000000000000002e-06,81172.177038785,2.0000000000000002e-07,1778681967.847618,,,,,,,,,,,,,,,,,,,,
8839,4687,2.0000000000000002e-07,1.0000000000000002e-06,1.0000000000000002e-06,81174.460092344,2.0000000000000002e-07,1778681970.1308355,,,,,,,,,,,,,,,,,,,,
8839,4688,2.0000000000000002e-07,1.0000000000000002e-06,1.0000000000000002e-06,81176.749708197,2.0000000000000002e-07,1778681972.4202416,,,,,,,,,,,,,,,,,,,,
8839,4689,,,,81179.035646218,,1778681974.7061927,149.0,0.07883358746767044,,,,,,,,,,,,,,,,,,
8849,4690,2.0000000000000002e-07,1.0000000000000002e-06,1.0000000000000002e-06,81261.306415009,2.0000000000000002e-07,1778682056.9771354,,,,,,,,,,,,,,,,,,,,
8849,4691,2.0000000000000002e-07,1.0000000000000002e-06,1.0000000000000002e-06,81263.590654686,2.0000000000000002e-07,1778682059.2613912,,,,,,,,,,,,,,,,,,,,
8849,4692,,,,81265.804750286,,1778682061.4754863,149.0,0.05083230882883072,,,,,,,,,,,,,,,,,,
8849,4693,,,,81290.547737969,,1778682086.2184184,149.0,,0.11816544085741043,4.65625,0.0,0.11816544085741043,6.473114013671875,0.8816914558410645,,,,,,,,,,,,
8849,4694,,,,81290.55169484,,1778682086.2224472,149.0,,,,,,,,0.0,0.08211658895015717,0.08211658895015717,5.479111671447754,0.9178816676139832,3.96875,,,,,,
8850,4695,,,,81332.887598565,,1778682128.558133,150.0,,,,,,,,,,,,,,6.492482662200928,0.11834454536437988,0.8810065388679504,0.0,4.6796875,0.11834454536437988
