sample_id,actual_age,predicted_age,split,age,tissue
090478,54.0,54.201194763183594,train,,
090859,36.0,54.232879638671875,valid,,
090860,20.0,41.405738830566406,test,,
090908,42.0,45.1941032409668,valid,,
100040,69.0,67.21062469482422,train,,
110173,56.0,64.5584716796875,train,,
4447820054_B,8.666666984558105,11.553354263305664,train,,
4447820054_F,7.25,10.365385055541992,train,,
4447820054_H,8.583333015441895,8.162704467773438,train,,
4493586143_F,7.75,8.811439514160156,train,,
4493586143_H,8.083333015441895,7.786479949951172,train,,
4811409039_B,11.416666984558104,14.897491455078123,train,,
4811409039_D,4.083333492279053,4.471416473388672,test,,
4811409039_F,11.333333015441896,9.949398040771484,train,,
4811409039_H,12.083333015441896,13.509479522705078,train,,
4811409039_L,10.916666984558104,9.165096282958984,train,,
4868501090_F,5.75,10.160934448242188,train,,
4871081016_B,4.166666507720947,7.631919860839844,valid,,
4871081016_C,13.416666984558104,10.820932388305664,train,,
4871081016_E,7.916666507720947,8.853801727294922,valid,,
4871081016_F,9.166666984558104,8.369258880615234,test,,
4871081016_G,14.5,15.94007682800293,train,,
4871081016_H,10.916666984558104,13.302589416503906,train,,
4871081016_K,6.25,6.186412811279297,train,,
4871081033_D,7.583333492279053,9.28777313232422,train,,
4871081033_F,7.416666507720947,15.203519821166992,train,,
4871081033_K,5.75,7.199413299560547,train,,
4871081048_A,6.416666507720947,10.294744491577148,train,,
4871081048_B,10.583333015441896,12.251604080200195,train,,
4871081048_C,13.166666984558104,14.79946517944336,test,,
4871081048_D,12.416666984558104,14.196081161499023,train,,
4871081048_F,7.416666507720947,11.147783279418944,train,,
4871081048_H,9.666666984558104,8.831127166748047,train,,
5304142006_D,8.083333015441895,12.457071304321287,train,,
5304142006_F,5.833333492279053,10.023494720458984,train,,
5304142006_H,8.0,8.338851928710938,train,,
5304142006_J,19.25,13.28956413269043,train,,
5304142006_L,10.666666984558104,24.505138397216797,train,,
5304142020_B,8.583333015441895,13.20248031616211,train,,
5304142020_D,7.25,8.607231140136719,train,,
5304142020_F,8.083333015441895,8.920951843261719,valid,,
5304142020_J,14.166666984558104,16.717941284179688,train,,
5304142020_L,13.5,11.443920135498049,train,,
8359018119_R01C01,13.5,18.015697479248047,test,,
8359018119_R01C02,18.25,20.352445602416992,valid,,
8359018119_R02C02,16.25,19.045564651489254,valid,,
8359018119_R03C01,26.25,16.240318298339844,test,,
8359018119_R04C02,17.0,16.699296951293945,train,,
8359018119_R05C02,10.25,11.62957763671875,test,,
8359018119_R06C01,10.083333015441896,11.089576721191406,train,,
8359018119_R06C02,8.75,9.96129035949707,train,,
8363800025_R03C01,11.75,11.554027557373049,train,,
8363800025_R03C02,16.91666603088379,20.72547912597656,valid,,
8363800025_R04C02,12.583333015441896,10.838531494140623,train,,
8363800025_R06C01,5.916666507720947,6.328376770019531,train,,
8363800025_R06C02,11.666666984558104,9.271446228027344,train,,
8363800056_R01C01,7.416666507720947,9.359447479248049,train,,
8363800056_R01C02,16.25,26.7589054107666,train,,
8363800056_R02C01,8.916666984558105,11.08296012878418,train,,
8363800056_R02C02,13.5,19.186372756958008,train,,
8363800056_R03C01,5.916666507720947,6.4136505126953125,train,,
8363800056_R04C01,4.916666507720947,5.170127868652344,train,,
8363800056_R04C02,12.166666984558104,14.034372329711914,train,,
8363800056_R05C01,8.416666984558105,11.802988052368164,train,,
8363800056_R06C01,11.083333015441896,17.81005096435547,test,,
8363800057_R01C02,6.666666507720947,13.368379592895508,train,,
8363800057_R02C01,7.25,9.67282485961914,train,,
8363800057_R02C02,13.0,12.848896026611328,train,,
8363800057_R03C01,9.916666984558104,7.9291839599609375,train,,
8363800057_R03C02,8.5,11.01054573059082,train,,
8363800057_R04C02,14.416666984558104,16.83855628967285,train,,
GSM1007141,4.0,7.441219329833984,train,,Whole Blood
GSM1007142,13.25,12.105213165283203,train,,Whole Blood
GSM1007143,11.5,16.82476806640625,valid,,Whole Blood
GSM1007144,12.916666984558104,12.568401336669922,train,,Whole Blood
GSM1007145,7.25,10.033330917358398,train,,Whole Blood
GSM1007146,7.416666507720947,11.992965698242188,valid,,Whole Blood
GSM1007147,8.083333015441895,11.439323425292969,train,,Whole Blood
GSM1007148,13.583333015441896,13.65516471862793,test,,Whole Blood
GSM1007149,6.0,13.929876327514648,train,,Whole Blood
GSM1007150,8.583333015441895,12.239776611328123,test,,Whole Blood
GSM1007151,4.166666507720947,8.428436279296875,train,,Whole Blood
GSM1007152,6.833333492279053,3.0732879638671875,train,,Whole Blood
GSM1007153,6.166666507720947,10.397489547729492,train,,Whole Blood
GSM1007154,13.25,16.85955238342285,test,,Whole Blood
GSM1007155,11.666666984558104,10.468402862548828,train,,Whole Blood
GSM1007156,15.416666984558104,25.909469604492188,train,,Whole Blood
GSM1007157,20.08333396911621,34.00709915161133,valid,,Whole Blood
GSM1007158,17.08333396911621,14.652080535888672,train,,Whole Blood
GSM1007159,14.5,9.882730484008787,test,,Whole Blood
GSM1007160,4.583333492279053,7.127998352050781,valid,,Whole Blood
GSM1007161,12.916666984558104,16.158796310424805,train,,Whole Blood
GSM1007162,5.25,9.878236770629885,valid,,Whole Blood
GSM1007163,9.5,9.57461929321289,train,,Whole Blood
GSM1007164,11.166666984558104,15.73651123046875,test,,Whole Blood
GSM1007165,9.25,9.641868591308594,test,,Whole Blood
GSM1007166,9.0,7.492557525634766,train,,Whole Blood
GSM1007167,6.916666507720947,7.168224334716797,train,,Whole Blood
GSM1007168,14.333333015441896,13.337722778320312,train,,Whole Blood
GSM1007169,13.166666984558104,12.454479217529297,train,,Whole Blood
GSM1007170,6.0,8.23028564453125,train,,Whole Blood
GSM1007171,6.916666507720947,6.556854248046875,train,,Whole Blood
GSM1007172,6.083333492279053,6.558765411376953,train,,Whole Blood
GSM1007174,4.666666507720947,6.992649078369141,test,,Whole Blood
GSM1007175,9.083333015441896,14.242963790893556,train,,Whole Blood
GSM1007176,6.833333492279053,10.22840690612793,valid,,Whole Blood
GSM1007189,5.583333492279053,8.276813507080078,test,,Whole Blood
GSM1007190,8.916666984558105,10.824466705322266,train,,Whole Blood
GSM1007191,6.583333492279053,11.936912536621094,train,,Whole Blood
GSM1007192,4.666666507720947,8.901824951171875,valid,,Whole Blood
GSM1007193,13.583333015441896,13.913671493530272,valid,,Whole Blood
GSM1007194,10.416666984558104,12.171052932739258,train,,Whole Blood
GSM1007195,7.25,13.382280349731444,train,,Whole Blood
GSM1007196,4.666666507720947,9.199153900146484,train,,Whole Blood
GSM1007197,14.0,11.61029052734375,train,,Whole Blood
GSM1007198,15.0,13.288883209228516,test,,Whole Blood
GSM1007199,12.0,14.057195663452148,train,,Whole Blood
GSM1007200,11.166666984558104,9.94484519958496,test,,Whole Blood
GSM1007201,10.916666984558104,12.201911926269531,train,,Whole Blood
GSM1007202,12.166666984558104,6.234504699707031,train,,Whole Blood
GSM1007203,8.0,9.186809539794922,test,,Whole Blood
GSM1007204,14.833333015441896,15.029911041259766,train,,Whole Blood
GSM1007205,4.25,8.661720275878906,train,,Whole Blood
GSM1007206,7.25,10.101598739624023,test,,Whole Blood
GSM1007207,15.25,14.691902160644531,test,,Whole Blood
GSM1007208,5.416666507720947,7.792755126953125,train,,Whole Blood
GSM1007209,9.166666984558104,9.330215454101562,train,,Whole Blood
GSM1007210,20.66666603088379,18.501283645629883,train,,Whole Blood
GSM1007211,8.416666984558105,10.720108032226562,train,,Whole Blood
GSM1007212,14.25,20.212968826293945,train,,Whole Blood
GSM1007261,11.5,10.616558074951172,valid,,Whole Blood
GSM1007262,12.416666984558104,15.3251953125,train,,Whole Blood
GSM1007263,7.5,7.92401123046875,train,,Whole Blood
GSM1007264,17.33333396911621,16.542396545410156,valid,,Whole Blood
GSM1007265,8.75,14.447221755981444,train,,Whole Blood
GSM1007266,8.166666984558105,9.783100128173828,train,,Whole Blood
GSM1007267,12.25,12.732461929321287,train,,Whole Blood
GSM1007268,7.666666507720947,7.080921173095703,test,,Whole Blood
GSM1007269,16.5,16.238574981689453,train,,Whole Blood
GSM1007270,7.333333492279053,13.861791610717772,test,,Whole Blood
GSM1007271,13.916666984558104,17.563175201416016,train,,Whole Blood
GSM1007272,12.583333015441896,11.185586929321287,test,,Whole Blood
GSM1007285,11.75,8.51324462890625,train,,Whole Blood
GSM1007286,13.5,22.26526260375977,train,,Whole Blood
GSM1007287,7.916666507720947,12.929868698120115,train,,Whole Blood
GSM1007288,9.5,10.91798210144043,train,,Whole Blood
GSM1007289,6.833333492279053,9.454463958740234,train,,Whole Blood
GSM1007290,6.666666507720947,9.718822479248049,train,,Whole Blood
GSM1007291,10.75,10.421915054321287,train,,Whole Blood
GSM1007292,5.916666507720947,11.377025604248049,train,,Whole Blood
GSM1007293,6.833333492279053,8.949882507324219,train,,Whole Blood
GSM1007294,8.75,7.982254028320312,train,,Whole Blood
GSM1007295,12.416666984558104,12.291509628295898,train,,Whole Blood
GSM1007296,15.0,17.7130126953125,test,,Whole Blood
GSM1007321,21.91666603088379,18.700191497802734,train,,Whole Blood
GSM1007322,8.0,11.284969329833984,train,,Whole Blood
GSM1007323,11.0,9.886343002319336,train,,Whole Blood
GSM1007324,9.916666984558104,14.25303840637207,valid,,Whole Blood
GSM1007325,17.83333396911621,19.804229736328125,valid,,Whole Blood
GSM1007326,13.583333015441896,13.096572875976562,test,,Whole Blood
GSM1007328,7.75,10.169225692749023,test,,Whole Blood
GSM1007329,5.833333492279053,6.765449523925781,valid,,Whole Blood
GSM1007330,9.916666984558104,13.074520111083984,train,,Whole Blood
GSM1007331,14.666666984558104,17.438169479370117,train,,Whole Blood
GSM1007332,9.0,11.448135375976562,train,,Whole Blood
GSM1007333,5.666666507720947,7.381217956542969,train,,Whole Blood
GSM1007334,6.583333492279053,9.747100830078123,train,,Whole Blood
GSM1007335,13.5,18.818649291992188,valid,,Whole Blood
GSM1007336,10.583333015441896,8.687129974365234,test,,Whole Blood
GSM1007337,5.916666507720947,7.38739013671875,train,,Whole Blood
GSM1007338,13.416666984558104,16.54241371154785,valid,,Whole Blood
GSM1007339,13.333333015441896,11.410274505615234,test,,Whole Blood
GSM1007340,20.83333396911621,18.74700927734375,train,,Whole Blood
GSM1007341,17.58333396911621,13.89199447631836,valid,,Whole Blood
GSM1007342,4.416666507720947,5.746265411376953,train,,Whole Blood
GSM1007343,4.583333492279053,7.851886749267578,test,,Whole Blood
GSM1007344,16.5,17.389883041381836,train,,Whole Blood
GSM1007374,17.0,15.6392822265625,train,,Whole Blood
GSM1007381,11.666666984558104,12.77728271484375,train,,Whole Blood
GSM1007382,15.333333015441896,12.790624618530272,train,,Whole Blood
GSM1007383,9.333333015441896,8.87814712524414,train,,Whole Blood
GSM1007384,8.333333015441895,11.65377426147461,test,,Whole Blood
GSM1007385,8.333333015441895,11.368518829345703,test,,Whole Blood
GSM1007386,4.166666507720947,8.04898452758789,valid,,Whole Blood
GSM1007387,6.833333492279053,9.871246337890623,valid,,Whole Blood
GSM1007388,6.75,15.59010124206543,train,,Whole Blood
GSM1007389,10.583333015441896,15.441654205322266,train,,Whole Blood
GSM1007390,9.166666984558104,10.982118606567385,valid,,Whole Blood
GSM1007391,18.91666603088379,21.22734832763672,train,,Whole Blood
GSM1007392,4.0,7.692394256591797,test,,Whole Blood
GSM1007405,4.25,5.215030670166016,train,,Whole Blood
GSM1007406,7.083333492279053,12.164005279541016,train,,Whole Blood
GSM1007407,9.916666984558104,14.818840026855469,train,,Whole Blood
GSM1007408,13.416666984558104,9.964370727539062,test,,Whole Blood
GSM1007409,11.583333015441896,10.896549224853516,train,,Whole Blood
GSM1007410,13.083333015441896,11.38902473449707,train,,Whole Blood
GSM1007411,14.083333015441896,17.316329956054688,train,,Whole Blood
GSM1007412,6.833333492279053,12.227588653564451,train,,Whole Blood
GSM1007413,8.0,9.320301055908203,train,,Whole Blood
GSM1007414,9.583333015441896,13.421340942382812,train,,Whole Blood
GSM1007415,9.083333015441896,11.932567596435549,train,,Whole Blood
GSM1007416,12.75,11.952627182006836,train,,Whole Blood
GSM1007417,15.166666984558104,12.70990753173828,valid,,Whole Blood
GSM1007418,11.166666984558104,9.943607330322266,test,,Whole Blood
GSM1007419,13.916666984558104,13.315189361572266,train,,Whole Blood
GSM1007420,7.916666507720947,14.292205810546877,train,,Whole Blood
GSM1007421,8.333333015441895,10.82413101196289,valid,,Whole Blood
GSM1007422,4.583333492279053,6.498687744140625,train,,Whole Blood
GSM1007423,10.5,13.449838638305664,train,,Whole Blood
GSM1007424,4.833333492279053,9.515769958496094,train,,Whole Blood
GSM1007425,9.0,11.040544509887695,train,,Whole Blood
GSM1007426,4.166666507720947,7.016529083251953,test,,Whole Blood
GSM1007427,6.083333492279053,6.516120910644531,train,,Whole Blood
GSM1007428,7.75,9.523963928222656,train,,Whole Blood
GSM1007429,13.75,13.439403533935549,train,,Whole Blood
GSM1007430,6.916666507720947,10.658487319946287,train,,Whole Blood
GSM1007431,11.833333015441896,19.240623474121097,test,,Whole Blood
GSM1007432,6.916666507720947,7.822509765625,train,,Whole Blood
GSM1007433,11.833333015441896,10.298965454101562,train,,Whole Blood
GSM1007434,6.333333492279053,7.590595245361328,train,,Whole Blood
GSM1007435,9.083333015441896,11.160926818847656,train,,Whole Blood
GSM1007436,13.75,21.195388793945312,train,,Whole Blood
GSM1007437,13.416666984558104,13.11967658996582,train,,Whole Blood
GSM1007438,13.75,12.755962371826172,test,,Whole Blood
GSM1007439,12.083333015441896,14.456939697265623,train,,Whole Blood
GSM1007440,5.583333492279053,7.748783111572266,train,,Whole Blood
GSM1007441,5.916666507720947,7.281639099121094,train,,Whole Blood
GSM1007442,8.916666984558105,9.68451690673828,train,,Whole Blood
GSM1007443,7.5,10.991655349731444,train,,Whole Blood
GSM1007444,6.25,10.559602737426758,test,,Whole Blood
GSM1007445,9.083333015441896,12.794641494750977,test,,Whole Blood
GSM1007446,16.91666603088379,22.0952205657959,train,,Whole Blood
GSM1007447,12.75,23.649642944335938,train,,Whole Blood
GSM1007448,7.25,9.83128547668457,train,,Whole Blood
GSM1007449,12.0,8.529483795166016,train,,Whole Blood
GSM1007450,5.833333492279053,7.515617370605469,train,,Whole Blood
GSM1007451,13.75,18.926841735839844,train,,Whole Blood
GSM1007452,10.0,60.516990661621094,train,,Whole Blood
GSM1007465,12.75,12.444896697998049,train,,Whole Blood
GSM1007466,4.666666507720947,6.895793914794922,train,,Whole Blood
GSM1007467,6.25,9.079750061035156,train,,Whole Blood
GSM1007468,12.25,8.4139404296875,train,,Whole Blood
GSM1007469,4.083333492279053,6.596000671386719,train,,Whole Blood
GSM1007470,7.916666507720947,8.80581283569336,test,,Whole Blood
GSM1007471,9.166666984558104,9.083946228027344,train,,Whole Blood
GSM1007472,8.583333015441895,9.873680114746094,test,,Whole Blood
GSM1007473,8.666666984558105,15.942808151245115,test,,Whole Blood
GSM1007474,13.416666984558104,10.497859954833984,valid,,Whole Blood
GSM1007475,5.833333492279053,10.37993049621582,train,,Whole Blood
GSM1007476,10.25,12.190143585205078,train,,Whole Blood
GSM1007477,13.5,9.894645690917969,train,,Whole Blood
GSM1007478,6.5,7.795127868652344,train,,Whole Blood
GSM1007479,5.916666507720947,10.011131286621094,train,,Whole Blood
GSM1007480,12.583333015441896,10.804609298706056,train,,Whole Blood
GSM1007481,17.66666603088379,28.80465316772461,train,,Whole Blood
GSM1007482,5.666666507720947,7.500602722167969,train,,Whole Blood
GSM1007483,8.083333015441895,13.513711929321287,train,,Whole Blood
GSM1007484,13.833333015441896,11.506237030029297,train,,Whole Blood
GSM1007485,18.33333396911621,18.07176971435547,train,,Whole Blood
GSM1007486,8.75,9.815120697021484,train,,Whole Blood
GSM1007487,3.5833332538604736,5.557010650634766,test,,Whole Blood
GSM1007488,12.916666984558104,21.15376663208008,test,,Whole Blood
GSM1007508,12.75,11.745121002197266,valid,,Whole Blood
GSM1007513,5.916666507720947,6.386821746826172,train,,Whole Blood
GSM1007514,16.91666603088379,13.650501251220703,train,,Whole Blood
GSM1007515,5.0,9.751583099365234,train,,Whole Blood
GSM1007516,5.916666507720947,6.349925994873047,train,,Whole Blood
GSM1007517,4.583333492279053,8.77218246459961,train,,Whole Blood
GSM1007518,4.25,5.86126708984375,train,,Whole Blood
GSM1007519,11.833333015441896,12.692136764526367,test,,Whole Blood
GSM1007520,12.166666984558104,12.949848175048828,train,,Whole Blood
GSM1007521,14.333333015441896,11.696767807006836,train,,Whole Blood
GSM1007522,5.083333492279053,7.183723449707031,test,,Whole Blood
GSM1007523,13.083333015441896,13.422723770141602,train,,Whole Blood
GSM1007524,8.0,7.510890960693359,train,,Whole Blood
GSM1007585,30.0,49.72402572631836,valid,,Whole Blood
GSM1007586,25.0,36.75927734375,train,,Whole Blood
GSM1007587,25.0,25.851055145263672,train,,Whole Blood
GSM1007588,19.0,20.75811195373535,train,,Whole Blood
GSM1007589,19.0,22.49212074279785,test,,Whole Blood
GSM1007590,19.0,24.62682723999023,valid,,Whole Blood
GSM1007591,40.0,33.43810272216797,valid,,Whole Blood
GSM1007592,19.0,34.48651885986328,train,,Whole Blood
GSM1007593,19.0,26.656925201416016,valid,,Whole Blood
GSM1007594,30.0,22.63096618652344,train,,Whole Blood
GSM1007595,19.0,25.099428176879883,test,,Whole Blood
GSM1007596,19.0,30.46926498413086,train,,Whole Blood
GSM1007609,30.0,27.790573120117188,train,,Whole Blood
GSM1007611,25.0,27.430553436279297,train,,Whole Blood
GSM1007613,30.0,23.73882484436035,train,,Whole Blood
GSM1007615,25.0,29.66175842285156,train,,Whole Blood
GSM1007621,25.0,24.150466918945312,test,,Whole Blood
GSM1007622,19.0,20.207231521606445,train,,Whole Blood
GSM1007623,19.0,30.262672424316406,train,,Whole Blood
GSM1007624,19.0,24.43830108642578,train,,Whole Blood
GSM1007625,25.0,26.01662826538086,train,,Whole Blood
GSM1007626,19.0,22.85908317565918,train,,Whole Blood
GSM1007627,19.0,28.3802547454834,valid,,Whole Blood
GSM1007628,25.0,24.45163345336914,train,,Whole Blood
GSM1007629,19.0,32.29049301147461,train,,Whole Blood
GSM1007630,35.0,29.913734436035156,test,,Whole Blood
GSM1007631,19.0,22.777414321899418,test,,Whole Blood
GSM1007632,25.0,25.54085350036621,valid,,Whole Blood
GSM1007633,25.0,18.45780372619629,train,,Whole Blood
GSM1007634,19.0,25.048673629760746,train,,Whole Blood
GSM1007635,19.0,20.93703269958496,train,,Whole Blood
GSM1007636,30.0,37.74833679199219,train,,Whole Blood
GSM1007637,35.0,31.738235473632812,test,,Whole Blood
GSM1007638,25.0,30.335796356201172,train,,Whole Blood
GSM1007639,19.0,27.842056274414062,train,,Whole Blood
GSM1007640,25.0,35.69824981689453,valid,,Whole Blood
GSM1007641,40.0,32.477821350097656,train,,Whole Blood
GSM1007642,25.0,28.551881790161133,test,,Whole Blood
GSM1007643,30.0,25.75714683532715,test,,Whole Blood
GSM1007644,35.0,31.869338989257812,train,,Whole Blood
GSM1007648,35.0,34.69690704345703,train,,Whole Blood
GSM1007650,25.0,32.418243408203125,train,,Whole Blood
GSM1007652,50.0,42.49958419799805,train,,Whole Blood
GSM1007654,25.0,22.63799476623535,train,,Whole Blood
GSM1007656,35.0,36.342769622802734,train,,Whole Blood
GSM1007657,19.0,22.63814926147461,train,,Whole Blood
GSM1007658,30.0,32.69453430175781,train,,Whole Blood
GSM1007659,25.0,29.082576751708984,train,,Whole Blood
GSM1007660,35.0,36.743858337402344,train,,Whole Blood
GSM1007661,40.0,37.01058578491211,train,,Whole Blood
GSM1007662,30.0,38.67610931396485,train,,Whole Blood
GSM1007663,25.0,31.32165908813477,valid,,Whole Blood
GSM1007664,19.0,22.007896423339844,train,,Whole Blood
GSM1007665,19.0,24.02286720275879,train,,Whole Blood
GSM1007666,25.0,32.31831359863281,train,,Whole Blood
GSM1007667,25.0,30.673927307128903,test,,Whole Blood
GSM1007668,50.0,53.53999328613281,test,,Whole Blood
GSM1007681,25.0,31.69763946533203,test,,Whole Blood
GSM1007682,19.0,24.648452758789062,train,,Whole Blood
GSM1007683,19.0,20.16994285583496,train,,Whole Blood
GSM1007684,30.0,27.430274963378903,valid,,Whole Blood
GSM1007685,25.0,29.751731872558594,train,,Whole Blood
GSM1007686,30.0,28.422119140625,test,,Whole Blood
GSM1007687,19.0,25.163515090942383,valid,,Whole Blood
GSM1007688,30.0,31.312156677246097,test,,Whole Blood
GSM1007689,30.0,43.57805252075195,valid,,Whole Blood
GSM1007690,45.0,48.10459518432617,train,,Whole Blood
GSM1007691,19.0,34.368648529052734,train,,Whole Blood
GSM1007692,19.0,29.89484405517578,valid,,Whole Blood
GSM1007693,25.0,22.07449531555176,train,,Whole Blood
GSM1007694,19.0,26.734487533569336,train,,Whole Blood
GSM1007695,30.0,31.76681137084961,test,,Whole Blood
GSM1007696,35.0,36.30529022216797,test,,Whole Blood
GSM1007697,25.0,28.75980567932129,train,,Whole Blood
GSM1007698,35.0,28.727081298828125,train,,Whole Blood
GSM1007699,19.0,27.667282104492188,train,,Whole Blood
GSM1007700,30.0,30.75442123413086,train,,Whole Blood
GSM1007701,30.0,27.66625213623047,test,,Whole Blood
GSM1007702,30.0,28.757308959960938,train,,Whole Blood
GSM1007703,19.0,21.10667610168457,test,,Whole Blood
GSM1007704,30.0,37.820335388183594,valid,,Whole Blood
GSM1007741,30.0,36.99955749511719,train,,Whole Blood
GSM1007742,19.0,21.046527862548828,valid,,Whole Blood
GSM1007743,19.0,28.125965118408203,train,,Whole Blood
GSM1007744,19.0,21.66299819946289,train,,Whole Blood
GSM1007745,25.0,28.577205657958984,test,,Whole Blood
GSM1007746,25.0,23.663244247436523,train,,Whole Blood
GSM1007747,25.0,27.59307289123535,train,,Whole Blood
GSM1007748,30.0,38.97400665283203,train,,Whole Blood
GSM1007749,25.0,36.61786651611328,train,,Whole Blood
GSM1007750,19.0,23.23240089416504,train,,Whole Blood
GSM1007751,54.75068664550781,57.17987823486328,test,,Whole Blood
GSM1007752,61.852054595947266,61.84993743896485,test,,Whole Blood
GSM1007753,53.48493194580078,67.37592315673828,valid,,Whole Blood
GSM1007754,43.813697814941406,54.45306396484375,train,,Whole Blood
GSM1007755,39.23561477661133,46.40557861328125,valid,,Whole Blood
GSM1007756,56.25205612182617,62.90866470336914,test,,Whole Blood
GSM1007757,33.90958786010742,55.97181701660156,test,,Whole Blood
GSM1007758,69.14246368408203,64.21786499023438,train,,Whole Blood
GSM1007759,50.350685119628906,53.895751953125,test,,Whole Blood
GSM1007760,0.0,-0.2269287109375,train,,Whole Blood
GSM1007761,0.0,-0.0192489624023437,train,,Whole Blood
GSM1007762,0.0,0.0165596008300781,test,,Whole Blood
GSM1007763,97.0,89.88796997070312,valid,,Whole Blood
GSM1007764,91.0,91.03919219970705,valid,,Whole Blood
GSM1007765,90.0,96.10333251953124,train,,Whole Blood
GSM1007766,97.0,94.2884521484375,valid,,Whole Blood
GSM1007767,90.0,88.68260192871094,test,,Whole Blood
GSM1007768,0.0,0.4411544799804687,train,,Whole Blood
GSM1007769,89.0,87.49237060546875,valid,,Whole Blood
GSM1007770,0.0,0.822265625,valid,,Whole Blood
GSM1007771,0.0,0.987262725830078,train,,Whole Blood
GSM1007772,0.0,0.8073959350585938,train,,Whole Blood
GSM1007773,0.0,0.84002685546875,valid,,Whole Blood
GSM1007774,0.0,0.2057342529296875,train,,Whole Blood
GSM1007775,0.0,0.6153564453125,train,,Whole Blood
GSM1007776,0.0,0.5427665710449219,train,,Whole Blood
GSM1007777,0.0,0.601226806640625,train,,Whole Blood
GSM1007778,0.0,0.5769882202148438,train,,Whole Blood
GSM1007779,0.0,-0.5484657287597656,train,,Whole Blood
GSM1007780,0.0,0.4384117126464844,train,,Whole Blood
GSM1007781,0.0,-0.3560714721679687,train,,Whole Blood
GSM1007782,0.0,-0.6392173767089844,train,,Whole Blood
GSM1007783,97.0,94.85513305664062,train,,Whole Blood
GSM1007784,54.0,70.02574920654297,train,,Whole Blood
GSM1007785,68.0,71.51789855957031,test,,Whole Blood
GSM1007786,50.0,53.24232482910156,train,,Whole Blood
GSM1007787,57.0,62.53572845458984,valid,,Whole Blood
GSM1007788,47.0,62.21947479248047,valid,,Whole Blood
GSM1007789,66.0,68.71682739257812,train,,Whole Blood
GSM1007790,46.0,46.761451721191406,test,,Whole Blood
GSM1007791,46.0,52.138404846191406,train,,Whole Blood
GSM1007792,55.0,61.79278564453125,train,,Whole Blood
GSM1007793,10.0,13.023393630981444,train,,Whole Blood
GSM1007794,8.0,12.952892303466797,train,,Whole Blood
GSM1007795,13.0,16.811912536621094,train,,Whole Blood
GSM1007796,16.5,24.24317169189453,test,,Whole Blood
GSM1007797,15.0,22.672019958496097,valid,,Whole Blood
GSM1007798,17.0,22.627153396606445,train,,Whole Blood
GSM1007799,8.0,10.308355331420898,train,,Whole Blood
GSM1007800,60.0,49.498172760009766,valid,,Whole Blood
GSM1007801,14.0,21.485084533691406,train,,Whole Blood
GSM1007802,76.0,44.672271728515625,test,,Whole Blood
GSM1007803,49.0,40.03157043457031,valid,,Whole Blood
GSM1007804,43.0,35.55682373046875,valid,,Whole Blood
GSM1007805,17.0,19.10991096496582,train,,Whole Blood
GSM1007806,17.5,23.178207397460938,train,,Whole Blood
GSM1007807,15.0,13.17827606201172,train,,Whole Blood
GSM1007808,16.5,21.440383911132812,train,,Whole Blood
GSM1007809,13.0,13.471519470214844,test,,Whole Blood
GSM1007810,51.0,64.98358917236328,test,,Whole Blood
GSM1007811,54.0,45.31291198730469,valid,,Whole Blood
GSM1007812,57.0,61.68526840209961,train,,Whole Blood
GSM1007813,52.0,51.84831619262695,train,,Whole Blood
GSM1007814,65.0,63.15094757080078,train,,Whole Blood
GSM1007815,50.0,61.380340576171875,train,,Whole Blood
GSM1007816,55.0,60.081092834472656,train,,Whole Blood
GSM1007817,51.0,39.766239166259766,train,,Whole Blood
GSM1007818,60.0,63.32347869873047,train,,Whole Blood
GSM1007819,64.0,56.065547943115234,test,,Whole Blood
GSM1007820,70.0,61.194122314453125,train,,Whole Blood
GSM1007821,50.0,46.463253021240234,valid,,Whole Blood
GSM1007822,55.0,50.66661834716797,train,,Whole Blood
GSM1007823,50.0,59.834022521972656,train,,Whole Blood
GSM1007824,64.0,67.0972671508789,test,,Whole Blood
GSM1007825,52.0,51.22291564941406,train,,Whole Blood
GSM1007826,51.0,47.43247985839844,test,,Whole Blood
GSM1007827,80.0,62.14801025390625,train,,Whole Blood
GSM1007828,74.0,68.14753723144531,train,,Whole Blood
GSM1007829,78.0,72.38493347167969,train,,Whole Blood
GSM1007830,69.0,60.53369140625,valid,,Whole Blood
GSM1007831,71.0,68.48889923095703,train,,Whole Blood
GSM1007832,52.0,69.57501983642578,train,,Whole Blood
GSM1007833,53.0,48.18915557861328,test,,Whole Blood
GSM1007834,74.0,71.623291015625,train,,Whole Blood
GSM1007835,65.0,62.69956588745117,train,,Whole Blood
GSM1007836,73.0,63.9547119140625,train,,Whole Blood
GSM1007837,47.0,49.65975189208984,train,,Whole Blood
GSM1007838,63.0,65.01026916503906,train,,Whole Blood
GSM1007839,64.0,65.24458312988281,test,,Whole Blood
GSM1007840,81.0,72.88246154785156,train,,Whole Blood
GSM1007841,73.0,74.07014465332031,train,,Whole Blood
GSM1007842,73.0,73.20892333984375,train,,Whole Blood
GSM1007843,71.0,70.76342010498047,train,,Whole Blood
GSM1007844,71.0,74.87157440185547,test,,Whole Blood
GSM1007845,66.0,69.77448272705078,valid,,Whole Blood
GSM1007846,64.0,71.40335083007812,train,,Whole Blood
GSM1007847,72.0,62.61223602294922,valid,,Whole Blood
GSM1007848,55.0,58.44921112060547,train,,Whole Blood
GSM1009666,77.0,75.54622650146484,train,,Whole Blood
GSM1009667,74.0,69.09693908691406,train,,Whole Blood
GSM1009668,68.0,71.51213073730469,test,,Whole Blood
GSM1009673,72.0,69.81828308105469,train,,Whole Blood
GSM1009674,61.0,69.66258239746094,train,,Whole Blood
GSM1009677,70.0,69.9912338256836,train,,Whole Blood
GSM1009681,58.0,62.36026763916016,train,,Whole Blood
GSM1009685,58.0,59.762325286865234,test,,Whole Blood
GSM1009686,73.0,66.53005981445312,valid,,Whole Blood
GSM1009687,63.0,64.02409362792969,test,,Whole Blood
GSM1009688,68.0,68.30628967285156,valid,,Whole Blood
GSM1009689,66.0,66.880615234375,valid,,Whole Blood
GSM1009690,72.0,71.91966247558594,valid,,Whole Blood
GSM1009691,71.0,70.22781372070312,train,,Whole Blood
GSM1009692,0.0,-0.3410987854003906,train,,Whole Blood
GSM1009693,0.0,-0.52593994140625,train,,Whole Blood
GSM1009694,0.0,-1.194305419921875,train,,Whole Blood
GSM1009695,0.0,-1.0028839111328125,test,,Whole Blood
GSM1009697,0.0,-0.8052291870117188,test,,Whole Blood
GSM1009723,1.0,-0.1556015014648437,train,,Whole Blood
GSM1009727,0.0,-0.8733749389648438,train,,Whole Blood
GSM1009729,1.0,-0.3582954406738281,valid,,Whole Blood
GSM1009739,1.0,-0.186492919921875,train,,Whole Blood
GSM1009742,1.0,-0.572998046875,train,,Whole Blood
GSM1009743,0.0,-0.3312835693359375,train,,Whole Blood
GSM1009744,1.0,0.26397705078125,train,,Whole Blood
GSM1009745,1.0,0.3545341491699219,train,,Whole Blood
GSM1009746,1.0,0.967609405517578,train,,Whole Blood
GSM1009747,1.0,0.8817329406738281,train,,Whole Blood
GSM1009748,1.0,0.0612640380859375,train,,Whole Blood
GSM1009749,0.0,-1.5666847229003906,test,,Whole Blood
GSM1009892,1.0,0.0538749694824218,train,,Whole Blood
GSM1009893,0.0,-0.993194580078125,test,,Whole Blood
GSM1024875,1.0,-0.2068672180175781,train,,Brain
GSM1024876,0.0,-0.6500015258789062,train,,Brain
GSM1024879,0.0,-0.6246986389160156,train,,Brain
GSM1024880,0.0,-0.5962982177734375,train,,Brain
GSM1024883,0.0,-0.7310142517089844,train,,Brain
GSM1024884,1.0,0.1447257995605468,train,,Brain
GSM1024885,1.0,0.6056556701660156,train,,Brain
GSM1024886,1.0,0.4433670043945312,test,,Brain
GSM1024889,1.0,1.1459274291992188,valid,,Brain
GSM1024891,2.75,4.085063934326172,train,,Brain
GSM1024892,6.333333492279053,7.466426849365234,test,,Brain
GSM1024893,1.8333333730697632,0.6550674438476562,valid,,Brain
GSM1024897,12.333333015441896,8.819599151611328,test,,Brain
GSM1024898,3.9166667461395264,4.170093536376953,test,,Brain
GSM1024900,3.75,6.0694732666015625,train,,Brain
GSM1024903,14.666666984558104,11.92062759399414,train,,Brain
GSM1024907,1.0,1.990150451660156,train,,Brain
GSM1024908,3.0833332538604736,3.349346160888672,train,,Brain
GSM1024909,4.333333492279053,4.9497222900390625,train,,Brain
GSM1024910,13.916666984558104,13.828811645507812,train,,Brain
GSM1024912,2.4166667461395264,3.269298553466797,train,,Brain
GSM1024917,4.0,5.130611419677734,train,,Brain
GSM1024919,11.416666984558104,16.037158966064453,train,,Brain
GSM1024920,3.0833332538604736,5.2584228515625,train,,Brain
GSM1024922,3.0,3.083026885986328,train,,Brain
GSM1024923,1.5,2.0919837951660156,train,,Brain
GSM1024928,2.0833332538604736,2.8940658569335938,train,,Brain
GSM1024930,2.25,2.5278282165527344,test,,Brain
GSM1024931,3.0,4.001384735107422,test,,Brain
GSM1024932,3.5,4.5163116455078125,train,,Brain
GSM1024933,2.6666667461395264,5.561969757080078,train,,Brain
GSM1024937,2.0,3.2498321533203125,test,,Brain
GSM1024938,4.083333492279053,3.040691375732422,train,,Brain
GSM1024939,1.5833333730697632,2.1766281127929688,train,,Brain
GSM1024940,2.0833332538604736,1.877239227294922,train,,Brain
GSM1024941,3.0833332538604736,3.187671661376953,train,,Brain
GSM1024944,4.333333492279053,3.379066467285156,train,,Brain
GSM1024946,4.833333492279053,3.799266815185547,train,,Brain
GSM1024947,1.0833333730697632,0.8434867858886719,train,,Brain
GSM1024948,2.5833332538604736,2.4262847900390625,train,,Brain
GSM1024950,2.25,2.1251792907714844,test,,Brain
GSM1024953,2.8333332538604736,4.786582946777344,train,,Brain
GSM1024955,4.666666507720947,6.183540344238281,valid,,Brain
GSM1024956,1.9166666269302368,2.3739280700683594,train,,Brain
GSM1024957,3.5833332538604736,6.724647521972656,train,,Brain
GSM1024960,4.0,3.0382728576660156,train,,Brain
GSM1024963,3.0833332538604736,3.386882781982422,train,,Brain
GSM1024965,3.5833332538604736,4.89544677734375,test,,Brain
GSM1024968,4.833333492279053,8.406124114990234,train,,Brain
GSM1024969,2.0833332538604736,3.4197044372558594,train,,Brain
GSM1024972,16.91666603088379,19.242013931274418,train,,Brain
GSM1024973,1.5833333730697632,1.4145774841308594,train,,Brain
GSM1024974,6.25,4.4486846923828125,train,,Brain
GSM1024975,4.083333492279053,5.852321624755859,test,,Brain
GSM1024979,2.0,3.5055160522460938,train,,Brain
GSM1024983,1.0833333730697632,0.4984474182128906,train,,Brain
GSM1024985,1.0833333730697632,1.845600128173828,train,,Brain
GSM1024986,1.4166666269302368,0.9075202941894532,train,,Brain
GSM1024987,3.0833332538604736,3.9221420288085938,train,,Brain
GSM1024990,12.583333015441896,15.972726821899414,test,,Brain
GSM1024991,1.3333333730697632,0.7488212585449219,train,,Brain
GSM1024992,4.916666507720947,3.589527130126953,test,,Brain
GSM1024993,1.0833333730697632,0.3198280334472656,valid,,Brain
GSM1024994,2.1666667461395264,3.6881065368652344,train,,Brain
GSM1024995,2.25,1.512920379638672,train,,Brain
GSM1024996,2.0,0.6702728271484375,train,,Brain
GSM1024997,4.083333492279053,6.750450134277344,train,,Brain
GSM1024998,4.083333492279053,6.841407775878906,train,,Brain
GSM1024999,4.0,5.153236389160156,train,,Brain
GSM1025000,2.0,2.7411422729492188,train,,Brain
GSM1025002,2.6666667461395264,3.8299484252929688,train,,Brain
GSM1025007,5.0,4.463043212890625,train,,Brain
GSM1025008,5.333333492279053,8.48544692993164,train,,Brain
GSM1025009,3.0833332538604736,3.0013961791992188,train,,Brain
GSM1025012,1.25,0.6575965881347656,train,,Brain
GSM1025014,12.416666984558104,15.65237045288086,train,,Brain
GSM1025015,2.6666667461395264,2.9787521362304688,train,,Brain
GSM1048133,6.25,10.73824691772461,train,,Cells
GSM1048134,9.583333015441896,11.88754653930664,train,,Cells
GSM1048135,2.0,1.3833732604980469,train,,Cells
GSM1048136,4.083333492279053,8.405677795410156,train,,Cells
GSM1048137,7.25,5.508819580078125,valid,,Cells
GSM1048138,4.083333492279053,6.6519012451171875,train,,Cells
GSM1048139,2.0,1.4258384704589844,train,,Cells
GSM1048140,11.583333015441896,13.814083099365234,test,,Cells
GSM1048141,16.08333396911621,21.834020614624023,train,,Cells
GSM1048142,4.083333492279053,5.1442718505859375,train,,Cells
GSM1048143,1.0,1.5802536010742188,train,,Cells
GSM1048144,2.0,2.833099365234375,test,,Cells
GSM1048145,43.0,60.160343170166016,train,,Cells
GSM1048146,20.0,42.883697509765625,valid,,Cells
GSM1048147,16.0,20.39046287536621,train,,Cells
GSM1048148,67.0,69.81317901611328,valid,,Cells
GSM1048149,67.0,68.85357666015625,train,,Cells
GSM1048150,47.0,43.637657165527344,train,,Cells
GSM1048151,85.0,82.51868438720703,train,,Cells
GSM1048152,18.0,21.81784439086914,test,,Cells
GSM1048153,13.0,18.002212524414062,train,,Cells
GSM1048154,58.0,63.177791595458984,test,,Cells
GSM1048155,90.0,29.850421905517575,train,,Cells
GSM1048156,27.0,25.605026245117188,valid,,Cells
GSM1048157,85.0,89.21597290039062,train,,Cells
GSM1048158,15.0,37.42930603027344,train,,Cells
GSM1048159,66.0,49.85927963256836,train,,Cells
GSM1048160,67.0,53.025840759277344,train,,Cells
GSM1048161,46.0,76.08856201171875,test,,Cells
GSM1048162,91.0,77.84976959228516,test,,Cells
GSM1048163,41.0,39.646331787109375,train,,Cells
GSM1048164,55.0,43.10509490966797,train,,Cells
GSM1048165,88.0,90.37181854248048,train,,Cells
GSM1048166,42.0,2.37369155883789,train,,Cells
GSM1048167,56.0,65.2987060546875,train,,Cells
GSM1048168,20.0,23.102563858032227,test,,Cells
GSM1048169,39.0,31.708349227905273,train,,Cells
GSM1048170,89.0,65.67315673828125,train,,Cells
GSM1048171,87.0,87.60987854003906,valid,,Cells
GSM1048172,39.0,53.15481185913086,train,,Cells
GSM1048173,13.0,11.681129455566406,train,,Cells
GSM1048174,73.0,85.16116333007812,train,,Cells
GSM1048175,39.0,55.38714599609375,train,,Cells
GSM1048176,17.0,44.384910583496094,train,,Cells
GSM1048177,1.0,1.1827735900878906,train,,Cells
GSM1048178,95.0,87.36453247070312,test,,Cells
GSM1048179,28.0,34.09868621826172,train,,Cells
GSM1048180,47.0,78.16033935546875,train,,Cells
GSM1048181,16.0,18.11448097229004,valid,,Cells
GSM1048182,25.0,18.276254653930664,train,,Cells
GSM1048183,33.0,26.11934280395508,test,,Cells
GSM1048184,42.0,41.50521087646485,test,,Cells
GSM1048185,19.0,30.195762634277344,valid,,Cells
GSM1051533,84.0,66.36882019042969,train,,
GSM1051534,80.0,91.95133972167967,train,,
GSM1051535,48.0,53.05388259887695,train,,
GSM1051536,1.0,3.2861557006835938,train,,
GSM1051537,78.0,85.93058776855469,train,,
GSM1051538,49.0,55.05002212524414,test,,
GSM1051539,17.0,44.705078125,train,,
GSM1051540,95.0,65.30571746826172,valid,,
GSM1051541,80.0,86.58546447753906,train,,
GSM1051542,19.0,33.596214294433594,valid,,
GSM1051543,42.0,38.224884033203125,train,,
GSM1051544,19.0,24.710355758666992,train,,
GSM1051545,16.0,17.901308059692383,valid,,
GSM1051549,90.0,88.71707153320312,valid,,
GSM1051550,78.0,90.1982421875,train,,
GSM1051551,42.0,36.657814025878906,test,,
GSM1051552,32.0,11.550718307495115,train,,
GSM1051553,11.0,10.380794525146484,train,,
GSM1051555,77.0,70.24120330810547,train,,
GSM1051556,85.0,89.14959716796875,train,,
GSM1051557,57.0,83.14048767089844,train,,
GSM1051558,28.0,30.224266052246097,train,,
GSM1051559,16.0,28.14620018005371,test,,
GSM1051560,91.0,91.67958068847656,train,,
GSM1051561,32.0,38.55184173583984,train,,
GSM1051562,82.0,88.0394287109375,train,,
GSM1051563,19.0,17.245420455932617,train,,
GSM1051564,41.0,55.2154655456543,train,,
GSM1051565,42.0,48.05902099609375,test,,
GSM1051566,90.0,91.31578063964844,train,,
GSM1051567,83.0,71.31466674804688,train,,
GSM1051568,20.0,19.863924026489254,train,,
GSM1051569,53.0,51.32978820800781,test,,
GSM1051570,20.0,18.760272979736328,train,,
GSM1051571,15.0,38.86700439453125,train,,
GSM1051572,19.0,21.924074172973633,test,,
GSM1051573,102.0,61.348365783691406,train,,
GSM1051574,16.0,23.288166046142575,train,,
GSM1051575,32.0,48.34444046020508,train,,
GSM1051576,73.0,62.274925231933594,train,,
GSM1051577,17.0,60.65531539916992,train,,
GSM1051578,89.0,91.52161407470705,test,,
GSM1051579,14.0,6.206485748291016,train,,
GSM1051580,43.0,38.03166580200195,train,,
GSM1051581,16.0,22.220521926879883,train,,
GSM1051582,16.0,14.751659393310549,train,,
GSM1051583,78.0,78.10809326171875,train,,
GSM1051584,18.0,21.31212043762207,train,,
GSM1051585,47.0,47.366397857666016,test,,
GSM1051586,16.0,29.910053253173828,valid,,
GSM1051587,86.0,78.28836059570312,train,,
GSM1051588,25.0,20.066696166992188,valid,,
GSM1051589,31.0,35.36911392211914,test,,
GSM1051590,67.0,79.56053924560547,train,,
GSM1051591,51.0,51.55854034423828,valid,,
GSM1051592,62.0,25.576446533203125,valid,,
GSM1051593,42.0,52.69768524169922,train,,
GSM1051594,40.0,51.243995666503906,test,,
GSM1051595,52.0,22.956518173217773,train,,
GSM1051596,16.0,24.161531448364254,train,,
GSM1051597,48.0,35.26527404785156,train,,
GSM1051599,40.0,25.87735366821289,train,,
GSM1051601,17.0,28.21758079528809,train,,
GSM1051602,27.0,37.618221282958984,train,,
GSM1051603,62.0,77.10545349121094,train,,
GSM1051604,23.0,37.457176208496094,train,,
GSM1051605,68.0,75.93451690673828,train,,
GSM1051606,11.0,10.813190460205078,train,,
GSM1051607,45.0,47.35834503173828,test,,
GSM1051608,73.0,84.66448974609375,train,,
GSM1051609,22.0,17.936397552490234,train,,
GSM1051610,76.0,83.4610366821289,train,,
GSM1051618,19.0,27.93718910217285,train,,
GSM1051619,20.0,35.046180725097656,test,,
GSM1051620,53.0,40.83074569702149,train,,
GSM1051621,2.0,7.187198638916016,train,,
GSM1051622,19.0,20.64315414428711,train,,
GSM1051623,33.0,60.51300811767578,valid,,
GSM1051624,85.0,82.51943969726562,train,,
GSM1051625,36.0,51.308876037597656,train,,
GSM1051626,63.0,85.57744598388672,train,,
GSM1051627,90.0,92.33599853515624,test,,
GSM1051628,14.0,20.64351463317871,train,,
GSM1051629,33.0,21.671932220458984,train,,
GSM1051630,37.0,40.17917251586914,train,,
GSM1051631,23.0,18.65608787536621,test,,
GSM1051632,78.0,65.52369689941406,train,,
GSM1051633,45.0,43.28672790527344,valid,,
GSM1051634,75.0,76.47177124023438,valid,,
GSM1051635,53.0,43.783416748046875,valid,,
GSM1051638,44.0,43.8181037902832,train,,
GSM1051639,38.0,36.63227081298828,train,,
GSM1051641,49.0,37.51531982421875,valid,,
GSM1051642,76.0,70.76072692871094,train,,
GSM1051643,92.0,92.82615661621094,train,,
GSM1051644,56.0,63.05606842041016,train,,
GSM1051645,49.0,72.9287109375,train,,
GSM1051646,26.0,31.88367462158203,train,,
GSM1051647,52.0,52.29996490478515,test,,
GSM1051648,48.0,37.32292175292969,test,,
GSM1051649,17.0,19.578027725219727,train,,
GSM1051650,31.0,60.75358581542969,train,,
GSM1051651,33.0,33.20624923706055,train,,
GSM1051652,87.0,57.21134185791016,train,,
GSM1051653,24.0,36.02519226074219,train,,
GSM1051654,8.0,6.249576568603516,train,,
GSM1051655,24.0,53.483848571777344,train,,
GSM1051656,80.0,61.79481887817383,train,,
GSM1051657,33.0,43.88241958618164,train,,
GSM1051658,33.0,53.25911331176758,train,,
GSM1051659,31.0,50.954586029052734,train,,
GSM1051660,25.0,33.13630676269531,test,,
GSM1051661,20.0,16.39084815979004,train,,
GSM1051662,32.0,34.84737014770508,test,,
GSM1051663,18.0,33.493377685546875,train,,
GSM1051664,77.0,86.19044494628906,train,,
GSM1051665,7.0,12.85525131225586,train,,
GSM1051666,54.0,71.8169937133789,test,,
GSM1051667,20.0,23.51850128173828,train,,
GSM1051668,76.0,76.90948486328125,train,,
GSM1051669,16.0,10.955427169799805,train,,
GSM1051671,86.0,84.02488708496094,train,,
GSM1051672,44.0,42.67887878417969,train,,
GSM1051673,42.0,37.08183670043945,train,,
GSM1051674,83.0,92.9894027709961,train,,
GSM1051675,82.0,85.47988891601562,train,,
GSM1051687,17.0,20.83112144470215,test,,
GSM1051688,2.0,6.003978729248047,train,,
GSM1051689,25.0,29.498497009277344,train,,
GSM1051690,58.0,67.69562530517578,test,,
GSM1051691,51.0,43.233909606933594,valid,,
GSM1051692,50.0,55.47918701171875,train,,
GSM1051693,43.0,30.466449737548828,train,,
GSM1051710,47.0,33.988380432128906,train,,
GSM1051712,91.0,88.87081909179688,train,,
GSM1051713,85.0,81.49076843261719,train,,
GSM1051714,48.0,57.898895263671875,train,,
GSM1051715,39.0,40.197166442871094,valid,,
GSM1051716,44.0,55.12603759765625,train,,
GSM1051717,25.0,28.161134719848633,train,,
GSM1051726,16.0,17.17439079284668,train,,
GSM1051727,82.0,84.23017883300781,train,,
GSM1051730,42.0,53.03626251220703,valid,,
GSM1051731,16.0,29.582576751708984,train,,
GSM1051732,85.0,86.6034164428711,valid,,
GSM1051733,78.0,86.11054992675781,train,,
GSM1051742,73.0,76.63191223144531,train,,
GSM1051744,22.0,43.20318603515625,valid,,
GSM1051745,34.0,56.537498474121094,train,,
GSM1051746,15.0,19.431507110595703,train,,
GSM1051749,25.0,26.212230682373047,train,,
GSM1051751,95.0,94.83592224121094,train,,
GSM1051752,102.0,95.65338134765624,train,,
GSM1051754,48.0,61.75212097167969,train,,
GSM1051755,73.0,79.66999053955078,train,,
GSM1051756,15.0,39.09825134277344,train,,
GSM1051757,4.0,6.900005340576172,valid,,
GSM1051758,18.0,16.261211395263672,test,,
GSM1051759,38.0,60.7320671081543,train,,
GSM1051760,31.0,23.108131408691406,test,,
GSM1051761,28.0,52.58831787109375,train,,
GSM1051762,18.0,18.65346336364746,test,,
GSM1051763,89.0,70.5548324584961,test,,
GSM1051764,36.0,28.642993927001953,test,,
GSM1051765,4.0,10.804515838623049,train,,
GSM1051766,19.0,27.515270233154297,test,,
GSM1051767,59.0,48.220096588134766,train,,
GSM1051768,94.0,93.35480499267578,train,,
GSM1051769,96.0,93.73379516601562,train,,
GSM1051770,44.0,29.052867889404297,test,,
GSM1051771,89.0,85.20074462890625,train,,
GSM1051772,16.0,17.141077041625977,test,,
GSM1051773,18.0,20.240358352661133,train,,
GSM1051774,63.0,68.74273681640625,train,,
GSM1051775,87.0,88.7098388671875,train,,
GSM1051777,15.0,16.36407470703125,train,,
GSM1051781,40.0,28.226638793945312,train,,
GSM1051782,2.0,6.527446746826172,train,,
GSM1051784,16.0,15.846395492553713,train,,
GSM1051786,38.0,31.91173934936523,train,,
GSM1051787,91.0,87.93586730957031,valid,,
GSM1051788,72.0,73.49263000488281,train,,
GSM1051789,46.0,77.09624481201172,test,,
GSM1051790,38.0,30.757707595825195,test,,
GSM1051791,47.0,54.80759048461914,test,,
GSM1051792,22.0,25.349441528320312,test,,
GSM1051793,24.0,33.96104049682617,train,,
GSM1051802,59.0,52.58763122558594,train,,
GSM1051803,15.0,24.37912940979004,train,,
GSM1051804,82.0,74.54878997802734,train,,
GSM1051805,79.0,80.77897644042969,train,,
GSM1051806,40.0,43.009273529052734,train,,
GSM1051807,82.0,85.11404418945312,train,,
GSM1051808,42.0,5.408233642578125,train,,
GSM1051809,90.0,77.9198226928711,test,,
GSM1051810,44.0,22.401491165161133,train,,
GSM1051811,16.0,16.626928329467773,train,,
GSM1051812,48.0,44.876976013183594,train,,
GSM1051813,40.0,59.56714630126953,train,,
GSM1051814,84.0,90.9233856201172,train,,
GSM1051815,83.0,82.66477966308594,train,,
GSM1051816,42.0,42.64680862426758,valid,,
GSM1051817,73.0,71.36123657226562,test,,
GSM1051820,82.0,81.19497680664062,test,,
GSM1051821,78.0,76.95883178710938,train,,
GSM1051822,33.0,38.864051818847656,train,,
GSM1051823,73.0,71.68928527832031,test,,
GSM1051824,37.0,44.921905517578125,train,,
GSM1051825,17.0,20.459871292114254,train,,
GSM1051826,91.0,93.04949188232422,valid,,
GSM1051827,51.0,35.45610809326172,train,,
GSM1051828,69.0,69.11325073242188,valid,,
GSM1051831,86.0,80.42337799072266,train,,
GSM1051832,89.0,84.4482421875,train,,
GSM1051833,88.0,81.16035461425781,test,,
GSM1051834,32.0,85.02047729492188,test,,
GSM1051835,86.0,83.55268859863281,train,,
GSM1051836,33.0,39.902381896972656,valid,,
GSM1051837,53.0,55.50862884521485,test,,
GSM1051838,43.0,48.62556076049805,train,,
GSM1051839,18.0,22.572980880737305,train,,
GSM1051840,81.0,82.80449676513672,train,,
GSM1051841,15.0,17.154943466186523,valid,,
GSM1051842,36.0,26.325550079345703,train,,
GSM1051843,87.0,81.01426696777344,test,,
GSM1051844,61.0,50.52682113647461,train,,
GSM1051845,17.0,30.346874237060547,train,,
GSM1051846,19.0,23.307437896728516,train,,
GSM1051847,14.0,19.57929229736328,valid,,
GSM1051848,48.0,47.92783737182617,train,,
GSM1051850,24.0,77.14449310302734,train,,
GSM1051851,91.0,90.31893920898438,train,,
GSM1051852,96.0,83.51197814941406,valid,,
GSM1051853,90.0,68.29407501220703,valid,,
GSM1051854,92.0,83.23524475097656,train,,
GSM1051855,23.0,48.19108200073242,test,,
GSM1051857,82.0,88.51786804199219,train,,
GSM1051859,69.0,74.29203033447266,train,,
GSM1051860,16.0,19.81456756591797,train,,
GSM1051862,52.0,47.56912612915039,train,,
GSM1051863,4.0,8.235187530517578,test,,
GSM1051864,77.0,77.3638916015625,train,,
GSM1051865,12.0,15.73200225830078,train,,
GSM1051873,17.0,23.992645263671875,valid,,
GSM1051874,70.0,71.22154235839844,test,,
GSM1051876,49.0,48.95107650756836,valid,,
GSM1051883,93.0,72.890380859375,train,,
GSM1051884,49.0,69.44197082519531,test,,
GSM1051901,82.0,91.1546630859375,test,,
GSM1051902,85.0,69.815673828125,test,,
GSM1051903,42.0,42.676292419433594,test,,
GSM1051904,49.0,62.880615234375,train,,
GSM1051905,46.0,57.941497802734375,train,,
GSM1051906,14.0,14.253929138183594,train,,
GSM1051907,19.0,25.516448974609375,train,,
GSM1051923,43.0,44.720211029052734,valid,,
GSM1051924,18.0,43.08526992797851,train,,
GSM1051925,89.0,89.34848022460938,train,,
GSM1051926,83.0,83.17964935302734,train,,
GSM1051927,86.0,86.01754760742188,train,,
GSM1051928,42.0,57.58704376220703,train,,
GSM1051929,94.0,79.48994445800781,train,,
GSM1051949,85.0,61.27976608276367,train,,
GSM1051950,28.0,26.99995803833008,train,,
GSM1051951,55.0,36.68852615356445,train,,
GSM1051952,19.0,58.59345245361328,train,,
GSM1051953,16.0,16.383949279785156,train,,
GSM1051954,33.0,33.03986358642578,train,,
GSM1051955,48.0,59.38243865966797,train,,
GSM1051962,86.0,82.4163818359375,train,,
GSM1051963,48.0,44.13331985473633,train,,
GSM1051964,1.0,0.7812767028808594,train,,
GSM1051965,20.0,60.60838317871094,test,,
GSM1051966,47.0,46.025753021240234,train,,
GSM1051967,90.0,87.0059814453125,train,,
GSM1051968,16.0,10.574798583984377,train,,
GSM1052015,43.0,49.45057678222656,train,,
GSM1052016,38.0,23.68233299255371,train,,
GSM1052017,19.0,21.399927139282227,train,,
GSM1052018,44.0,65.00049591064453,test,,
GSM1052019,61.0,54.11897277832031,train,,
GSM1052020,45.0,43.04709243774414,test,,
GSM1052021,66.0,45.86176300048828,train,,
GSM1052022,14.0,28.141881942749023,train,,
GSM1052034,82.0,86.08155822753906,test,,
GSM1052035,91.0,91.33145904541016,train,,
GSM1052036,30.0,39.18404769897461,train,,
GSM1052037,25.0,36.36631774902344,train,,
GSM1052038,19.0,24.388381958007812,valid,,
GSM1052039,38.0,42.08763122558594,train,,
GSM1052040,84.0,62.28346252441406,train,,
GSM1052041,48.0,51.631591796875,train,,
GSM1052047,43.0,79.45967864990234,train,,
GSM1052048,0.8999999761581421,1.7199020385742188,train,,
GSM1052049,68.0,59.91426467895508,valid,,
GSM1052050,18.0,21.591156005859375,train,,
GSM1052051,70.0,79.70817565917969,train,,
GSM1052099,12.0,14.20417594909668,valid,,
GSM1052100,32.0,33.14524459838867,train,,
GSM1052101,87.0,92.5856475830078,train,,
GSM1052102,25.0,20.050804138183594,train,,
GSM1052103,27.0,38.977195739746094,valid,,
GSM1052104,45.0,46.461952209472656,train,,
GSM1052122,32.0,77.10294342041016,train,,
GSM1052123,10.0,34.423858642578125,train,,
GSM1052124,35.0,52.03861618041992,train,,
GSM1052125,61.0,72.3212661743164,test,,
GSM1052126,0.4199999868869781,-0.2644386291503906,train,,
GSM1052127,81.0,82.27095794677734,train,,
GSM1052128,87.0,72.73172760009766,train,,
GSM1052129,66.0,65.75556182861328,test,,
GSM1052130,7.0,10.929925918579102,train,,
GSM1052131,14.0,18.264705657958984,valid,,
GSM1052132,1.0,2.371997833251953,test,,
GSM1052133,20.0,23.130229949951172,train,,
GSM1052134,21.0,13.377586364746094,test,,
GSM1052135,89.0,89.93368530273438,test,,
GSM1052136,17.0,17.79236602783203,test,,
GSM1052137,85.0,83.40386962890625,train,,
GSM1052188,16.0,20.499643325805664,train,,
GSM1052189,82.0,75.73263549804688,train,,
GSM1052190,36.0,29.687549591064453,train,,
GSM1052191,48.0,64.78948211669922,train,,
GSM1052192,50.0,67.85995483398438,train,,
GSM1052193,82.0,73.24767303466797,train,,
GSM1052194,17.0,35.54360580444336,test,,
GSM1052195,81.0,80.9505844116211,test,,
GSM1052206,28.0,21.684783935546875,train,,
GSM1052207,87.0,89.70121765136719,train,,
GSM1052208,31.0,37.95344543457031,train,,
GSM1052209,18.0,12.241409301757812,valid,,
GSM1052210,85.0,88.02330017089844,test,,
GSM1052211,73.0,70.03060913085938,test,,
GSM1052212,90.0,83.00143432617188,train,,
GSM1052213,70.0,87.089599609375,test,,
GSM1090182,24.0,20.837343215942383,train,,Whole Blood
GSM1090184,80.0,86.43993377685547,valid,,Whole Blood
GSM1090187,45.0,84.68989562988281,train,,Whole Blood
GSM1090190,37.0,79.52117919921875,train,,Whole Blood
GSM1090191,86.0,88.87358093261719,train,,Whole Blood
GSM1090197,23.0,28.120689392089844,train,,Whole Blood
GSM1090200,87.0,90.57666015625,train,,Whole Blood
GSM1090203,48.0,44.89944076538086,train,,Whole Blood
GSM1090205,47.0,37.68268585205078,test,,Whole Blood
GSM1090206,61.0,68.69973754882812,train,,Whole Blood
GSM1090207,73.0,68.30377960205078,train,,Whole Blood
GSM1090209,31.0,39.07184600830078,train,,Whole Blood
GSM1090211,18.0,22.065757751464844,train,,Whole Blood
GSM1090213,81.0,65.66058349609375,test,,Whole Blood
GSM1090214,57.0,50.52067565917969,test,,Whole Blood
GSM1090215,38.0,38.60493469238281,train,,Whole Blood
GSM1090220,75.0,79.105712890625,valid,,Whole Blood
GSM1090221,16.0,14.156932830810549,valid,,Whole Blood
GSM1090222,16.0,62.672607421875,train,,Whole Blood
GSM1090224,73.0,81.85293579101562,train,,Whole Blood
GSM1090226,54.0,76.95053100585938,train,,Whole Blood
GSM1090227,18.0,19.433748245239254,train,,Whole Blood
GSM1091851,79.0,87.13710021972656,train,,Whole Blood
GSM1091852,53.0,77.28797912597656,valid,,Whole Blood
GSM1091853,93.0,81.81501770019531,train,,Whole Blood
GSM1091854,11.0,7.741283416748047,test,,Whole Blood
GSM1091855,79.0,72.93327331542969,valid,,Whole Blood
GSM1091856,45.0,87.25839233398438,test,,Whole Blood
GSM1091857,11.0,10.989866256713867,test,,Whole Blood
GSM1091858,61.0,86.17973327636719,train,,Whole Blood
GSM1091859,72.0,53.84504699707031,train,,Whole Blood
GSM1091860,85.0,73.30435943603516,train,,Whole Blood
GSM1091861,17.0,19.313661575317383,train,,Whole Blood
GSM1091862,28.0,36.97287368774414,train,,Whole Blood
GSM1091863,29.0,27.31887435913086,train,,Whole Blood
GSM1091864,17.0,22.481597900390625,test,,Whole Blood
GSM1091865,54.0,74.2965087890625,train,,Whole Blood
GSM1091866,58.0,66.03713989257812,test,,Whole Blood
GSM1091867,33.0,36.37009811401367,train,,Whole Blood
GSM1091868,26.0,43.5148811340332,train,,Whole Blood
GSM1091869,44.0,39.90652847290039,test,,Whole Blood
GSM1091870,42.0,45.76998519897461,train,,Whole Blood
GSM1091871,81.0,81.84590148925781,valid,,Whole Blood
GSM1091872,8.0,12.65243148803711,train,,Whole Blood
GSM1091873,85.0,91.22349548339844,train,,Whole Blood
GSM1091874,4.0,6.028167724609375,test,,Whole Blood
GSM1091875,92.0,85.24070739746094,train,,Whole Blood
GSM1091876,48.0,44.17860412597656,train,,Whole Blood
GSM1091877,27.0,24.1968936920166,valid,,Whole Blood
GSM1091878,89.0,91.79313659667967,train,,Whole Blood
GSM1091879,28.0,59.37176513671875,test,,Whole Blood
GSM1091880,57.0,63.309783935546875,train,,Whole Blood
GSM1091881,56.0,37.41429901123047,test,,Whole Blood
GSM1091882,56.0,77.51202392578125,train,,Whole Blood
GSM1091883,81.0,85.55992126464844,train,,Whole Blood
GSM1091884,51.0,54.85466384887695,train,,Whole Blood
GSM1091885,73.0,57.35755920410156,train,,Whole Blood
GSM1091886,93.0,55.21436309814453,train,,Whole Blood
GSM1091887,44.0,41.98099136352539,train,,Whole Blood
GSM1091888,30.0,43.973358154296875,train,,Whole Blood
GSM1091889,37.0,47.49893569946289,train,,Whole Blood
GSM1091890,28.0,32.50358963012695,train,,Whole Blood
GSM1091891,67.0,75.28512573242188,train,,Whole Blood
GSM1091892,47.0,62.990203857421875,train,,Whole Blood
GSM1091893,59.0,59.42586898803711,train,,Whole Blood
GSM1091894,49.0,49.59333038330078,train,,Whole Blood
GSM1091895,58.0,54.739295959472656,test,,Whole Blood
GSM1091896,27.0,37.03911209106445,train,,Whole Blood
GSM1091897,48.0,54.77814865112305,train,,Whole Blood
GSM1091898,32.0,31.249340057373047,train,,Whole Blood
GSM1091899,67.0,68.0604248046875,train,,Whole Blood
GSM1091900,73.0,62.497772216796875,train,,Whole Blood
GSM1151333,86.0,71.06401062011719,test,,Adipose
GSM1151334,69.0,63.47901153564453,train,,Adipose
GSM1151335,52.0,49.61542510986328,train,,Adipose
GSM1151336,60.0,65.72117614746094,test,,Adipose
GSM1151337,70.0,77.298095703125,train,,Adipose
GSM1151338,63.0,54.3065185546875,train,,Adipose
GSM1151339,43.0,52.9986457824707,train,,Adipose
GSM1151340,58.0,55.64128875732422,train,,Adipose
GSM1151341,75.0,71.90756225585938,train,,Adipose
GSM1151342,85.0,83.97950744628906,valid,,Adipose
GSM1151343,46.0,58.491233825683594,train,,Adipose
GSM1151344,57.0,62.55015563964844,train,,Adipose
GSM1153499,74.0,69.13964080810547,train,,Cells
GSM1153500,68.0,71.94538116455078,train,,Cells
GSM1153502,76.0,69.86868286132812,train,,Cells
GSM1153503,50.0,56.64714050292969,train,,Cells
GSM1153504,73.0,66.96725463867188,train,,Cells
GSM1153505,68.0,81.00392150878906,test,,Cells
GSM1153506,73.0,78.32262420654297,valid,,Cells
GSM1153508,79.0,79.48149108886719,test,,Cells
GSM1153511,93.0,72.68276977539062,train,,Cells
GSM1153515,70.0,73.10723114013672,train,,Cells
GSM1153518,50.0,63.68158721923828,train,,Cells
GSM1153520,75.0,70.30715942382812,train,,Cells
GSM1153522,81.0,82.13914489746094,train,,Cells
GSM1153524,64.0,68.4012451171875,train,,Cells
GSM1153527,54.0,59.08647918701172,valid,,Cells
GSM1153530,50.0,59.99677658081055,test,,Cells
GSM1153531,71.0,62.92127227783203,train,,Cells
GSM1153532,57.0,63.91529846191406,train,,Cells
GSM1153533,52.0,56.74796295166016,test,,Cells
GSM1153534,70.0,64.55133056640625,train,,Cells
GSM1153535,37.0,46.31768035888672,train,,Cells
GSM1153536,30.0,33.384403228759766,train,,Cells
GSM1153537,59.0,63.93156814575195,train,,Cells
GSM1153538,38.0,55.82001495361328,train,,Cells
GSM1153539,61.0,66.37256622314453,train,,Cells
GSM1153540,53.0,52.39917755126953,train,,Cells
GSM1161662,44.0,37.27067947387695,test,,Whole Blood
GSM1161663,60.0,72.87199401855469,test,,Whole Blood
GSM1161664,73.0,75.375,train,,Whole Blood
GSM1161665,73.0,71.15438079833984,test,,Whole Blood
GSM1161668,52.0,60.03112030029297,train,,Whole Blood
GSM1161670,89.0,65.66886901855469,test,,Whole Blood
GSM1161671,68.0,67.49077606201172,valid,,Whole Blood
GSM1161672,81.0,65.43785858154297,train,,Whole Blood
GSM1161675,58.0,70.7333984375,train,,Whole Blood
GSM1161676,85.0,67.73298645019531,valid,,Whole Blood
GSM1161678,55.0,64.08068084716797,test,,Whole Blood
GSM1161679,48.0,38.38557815551758,train,,Whole Blood
GSM1161686,69.0,66.11749267578125,train,,Whole Blood
GSM1161688,66.0,67.87445068359375,train,,Whole Blood
GSM1161690,48.0,54.785194396972656,train,,Whole Blood
GSM1161691,84.0,86.58428192138672,train,,Whole Blood
GSM1161692,77.0,69.00028228759766,train,,Whole Blood
GSM1161694,87.0,74.31819915771484,test,,Whole Blood
GSM1161695,62.0,72.60315704345703,test,,Whole Blood
GSM1161698,62.0,65.91968536376953,train,,Whole Blood
GSM1161699,66.0,63.90019989013672,train,,Whole Blood
GSM1161700,52.0,53.09669876098633,train,,Whole Blood
GSM1161702,60.0,66.71527099609375,test,,Whole Blood
GSM1161706,65.0,53.0531005859375,train,,Whole Blood
GSM1161707,68.0,64.27328491210938,test,,Whole Blood
GSM1161708,85.0,85.75811767578125,train,,Whole Blood
GSM1161709,58.0,57.79240798950195,train,,Whole Blood
GSM1161710,50.0,64.33789825439453,test,,Whole Blood
GSM1161713,44.0,50.43848419189453,test,,Whole Blood
GSM1161718,61.0,71.7002182006836,valid,,Whole Blood
GSM1161719,67.0,65.11872100830078,train,,Whole Blood
GSM1161720,77.0,81.90203094482422,train,,Whole Blood
GSM1161721,61.0,56.169525146484375,train,,Whole Blood
GSM1161723,54.0,74.22128295898438,train,,Whole Blood
GSM1161725,29.0,32.04716873168945,train,,Whole Blood
GSM1161727,63.0,70.28108215332031,train,,Whole Blood
GSM1161729,61.0,69.50947570800781,train,,Whole Blood
GSM1161730,49.0,43.22789001464844,train,,Whole Blood
GSM1161733,58.0,66.22919464111328,train,,Whole Blood
GSM1161736,36.0,45.942771911621094,train,,Whole Blood
GSM1161740,55.0,48.42572021484375,valid,,Whole Blood
GSM1161741,79.0,68.15789031982422,test,,Whole Blood
GSM1161742,84.0,74.39132690429688,train,,Whole Blood
GSM1161744,79.0,68.47806549072266,train,,Whole Blood
GSM1161745,73.0,68.42021179199219,train,,Whole Blood
GSM1161746,58.0,68.9290542602539,train,,Whole Blood
GSM1161747,54.0,60.854461669921875,train,,Whole Blood
GSM1161748,46.0,56.42230987548828,test,,Whole Blood
GSM1161749,36.0,36.84675979614258,train,,Whole Blood
GSM1161750,44.0,58.46793746948242,test,,Whole Blood
GSM1161752,74.0,69.22933959960938,train,,Whole Blood
GSM1161754,41.0,43.79576110839844,valid,,Whole Blood
GSM1161755,79.0,64.4390640258789,train,,Whole Blood
GSM1161756,51.0,61.19280242919922,train,,Whole Blood
GSM1161757,89.0,80.25950622558594,train,,Whole Blood
GSM1161758,76.0,62.75331115722656,train,,Whole Blood
GSM1161759,47.0,31.584510803222656,test,,Whole Blood
GSM1161761,67.0,54.91539001464844,test,,Whole Blood
GSM1161762,96.0,67.85108184814453,train,,Whole Blood
GSM1161763,65.0,62.783424377441406,test,,Whole Blood
GSM1161764,75.0,81.27529907226562,train,,Whole Blood
GSM1161765,70.0,75.32142639160156,train,,Whole Blood
GSM1161766,52.0,58.52662658691406,test,,Whole Blood
GSM1161767,71.0,83.675537109375,train,,Whole Blood
GSM1161769,62.0,66.10108184814453,train,,Whole Blood
GSM1161770,66.0,84.37689208984375,train,,Whole Blood
GSM1174837,79.0,69.24555969238281,train,,Liver
GSM1174838,84.0,68.29073333740234,valid,,Liver
GSM1174839,60.0,69.85763549804688,train,,Liver
GSM1174840,46.0,53.59651184082031,train,,Liver
GSM1174841,68.0,71.0389404296875,train,,Liver
GSM1174842,38.0,42.81632614135742,test,,Liver
GSM1174843,69.0,75.14527893066406,train,,Liver
GSM1174844,64.0,62.45802307128906,train,,Liver
GSM1174845,59.0,70.3005142211914,train,,Liver
GSM1174847,54.0,64.44269561767578,train,,Liver
GSM1174848,58.0,61.886260986328125,test,,Liver
GSM1174858,27.0,32.73740005493164,train,,Liver
GSM1174869,74.0,70.76789093017578,train,,Liver
GSM1174882,73.0,67.83137512207031,train,,Liver
GSM1174893,85.0,77.30132293701172,test,,Liver
GSM1174894,66.0,65.35720825195312,test,,Liver
GSM1174901,47.0,56.31098556518555,train,,Liver
GSM1174916,60.0,61.64993667602539,train,,Liver
GSM1191108,71.0,75.95858764648438,train,,Colon
GSM1191110,45.0,47.415061950683594,train,,Colon
GSM1191111,47.0,53.708045959472656,train,,Colon
GSM1191117,59.0,63.72377014160156,valid,,Colon
GSM1191118,78.0,74.79197692871094,train,,Colon
GSM1191119,37.0,48.49181365966797,train,,Colon
GSM1191120,42.0,52.609336853027344,test,,Colon
GSM1191121,64.0,60.25202941894531,valid,,Colon
GSM1191122,47.0,57.67306137084961,train,,Colon
GSM1191125,61.0,65.69512939453125,train,,Colon
GSM1191129,80.0,75.4365234375,train,,Colon
GSM1191133,52.0,58.54880905151367,train,,Colon
GSM1191134,63.0,60.175662994384766,train,,Colon
GSM1191135,74.0,60.2994384765625,train,,Colon
GSM1191137,68.0,67.79470825195312,train,,Colon
GSM1191138,59.0,61.806304931640625,train,,Colon
GSM1191139,69.0,68.20573425292969,test,,Colon
GSM1191140,35.0,42.82233428955078,train,,Colon
GSM1191141,56.0,56.459129333496094,test,,Colon
GSM1191142,78.0,70.20635223388672,train,,Colon
GSM1191143,74.0,72.33349609375,train,,Colon
GSM1191144,89.0,72.99015808105469,train,,Colon
GSM1191145,52.0,57.977561950683594,train,,Colon
GSM1191146,74.0,77.99977111816406,test,,Colon
GSM1191147,54.0,64.04627227783203,train,,Colon
GSM1191148,76.0,66.31941223144531,test,,Colon
GSM1191149,82.0,71.57286071777344,train,,Colon
GSM1191150,64.0,61.00341796875,valid,,Colon
GSM1191152,64.0,52.30529022216797,test,,Colon
GSM1191153,49.0,58.247440338134766,test,,Colon
GSM1191154,68.0,69.72871398925781,train,,Colon
GSM1191155,50.0,52.611690521240234,train,,Colon
GSM1191161,65.0,70.27739715576172,train,,Colon
GSM1191162,69.0,75.79659271240234,train,,Colon
GSM1191165,77.0,63.942138671875,train,,Colon
GSM1191166,50.0,60.036659240722656,train,,Colon
GSM1191167,63.0,60.55110168457031,train,,Colon
GSM1191168,53.0,55.17765808105469,train,,Colon
GSM1191169,80.0,71.76370239257812,train,,Colon
GSM1191171,61.0,66.10440063476562,test,,Colon
GSM1191173,68.0,66.07498168945312,valid,,Colon
GSM1191178,62.0,65.34486389160156,test,,Colon
GSM1191179,83.0,82.3778076171875,train,,Colon
GSM1191180,77.0,79.83097839355469,train,,Colon
GSM1191182,62.0,62.43848419189453,valid,,Colon
GSM1191183,41.0,57.0108528137207,train,,Colon
GSM1191185,33.0,42.8569221496582,train,,Colon
GSM1191186,77.0,85.16194152832031,train,,Colon
GSM1191187,57.0,52.30392837524414,valid,,Colon
GSM1191189,67.0,71.21708679199219,train,,Colon
GSM1191196,55.0,58.41893005371094,train,,Colon
GSM1191197,77.0,77.71897888183594,train,,Colon
GSM1191200,59.0,62.89883804321289,train,,Colon
GSM1191201,79.0,81.46253967285156,train,,Colon
GSM1191203,83.0,74.01305389404297,train,,Colon
GSM1191204,76.0,63.48743438720703,train,,Colon
GSM1191206,45.0,54.715423583984375,train,,Colon
GSM1191207,84.0,78.60645294189453,train,,Colon
GSM1191209,89.0,74.41244506835938,train,,Colon
GSM1191211,61.0,57.04677963256836,train,,Colon
GSM1191212,61.0,61.3593635559082,train,,Colon
GSM1191213,59.0,53.93498611450195,test,,Colon
GSM1191215,80.0,72.22388458251953,test,,Colon
GSM1191216,79.0,64.17803192138672,valid,,Colon
GSM1191218,52.0,63.799537658691406,train,,Colon
GSM1191220,80.0,69.35382843017578,test,,Colon
GSM1191221,48.0,59.63353729248047,train,,Colon
GSM1191222,60.0,59.80535125732422,train,,Colon
GSM1191223,74.0,66.31098937988281,train,,Colon
GSM1191224,61.0,70.6139907836914,train,,Colon
GSM1191227,43.0,47.598541259765625,train,,Colon
GSM1191229,64.0,65.69451904296875,train,,Colon
GSM1191232,58.0,51.534305572509766,train,,Colon
GSM1191234,66.0,69.4993896484375,valid,,Colon
GSM1191235,76.0,84.43742370605469,test,,Colon
GSM1191238,79.0,70.37832641601562,train,,Colon
GSM1191241,58.0,56.19267654418945,train,,Colon
GSM1191243,79.0,65.8355941772461,train,,Colon
GSM1191246,90.0,82.85150909423828,test,,Colon
GSM1191248,19.0,19.44632911682129,valid,,Colon
GSM1191249,23.0,36.94580078125,train,,Colon
GSM1191251,68.0,68.18733215332031,train,,Colon
GSM1191253,64.0,56.53973007202149,train,,Colon
GSM1191255,66.0,66.98375701904297,test,,Colon
GSM1191258,65.0,63.881072998046875,train,,Colon
GSM1191259,54.0,51.37229919433594,train,,Colon
GSM1191260,63.0,67.0283203125,train,,Colon
GSM1191261,85.0,74.43050384521484,test,,Colon
GSM1191262,76.0,79.51997375488281,train,,Colon
GSM1191263,68.0,71.24637603759766,train,,Colon
GSM1191264,62.0,65.50495147705078,valid,,Colon
GSM1191265,57.0,58.214866638183594,test,,Colon
GSM1191270,84.0,69.90885162353516,train,,Colon
GSM1191275,83.0,83.25070190429688,train,,Colon
GSM1191276,63.0,71.25019073486328,test,,Colon
GSM1191277,69.0,70.92678833007812,train,,Colon
GSM1191278,75.0,75.75255584716797,train,,Colon
GSM1191279,84.0,73.04637145996094,train,,Colon
GSM1191282,68.0,67.97946166992188,train,,Colon
GSM1191283,54.0,56.76060485839844,train,,Colon
GSM1191284,60.0,52.34126281738281,train,,Colon
GSM1191285,76.0,69.7967529296875,train,,Colon
GSM1193238,88.0,81.80252075195312,train,,Cells
GSM1193239,42.0,54.28375244140625,test,,Cells
GSM1193240,73.0,69.8884048461914,train,,Cells
GSM1193241,61.0,67.22138977050781,train,,Cells
GSM1193242,51.0,53.74946594238281,train,,Cells
GSM1193243,65.0,76.130859375,train,,Cells
GSM1193244,64.0,58.64024353027344,train,,Cells
GSM1193245,50.0,60.739524841308594,train,,Cells
GSM1193246,47.0,52.22174835205078,train,,Cells
GSM1193247,48.0,56.5051155090332,train,,Cells
GSM1194356,62.0,62.38276672363281,test,,Pancreas
GSM1194362,66.0,66.04214477539062,train,,Pancreas
GSM1194365,71.0,68.06281280517578,train,,Pancreas
GSM1194422,85.0,80.28144836425781,valid,,Pancreas
GSM1194431,69.0,68.77980041503906,valid,,Pancreas
GSM1194432,89.0,79.79118347167969,test,,Pancreas
GSM1194440,31.0,32.370365142822266,train,,Pancreas
GSM1194447,60.0,62.7154541015625,train,,Pancreas
GSM1194453,69.0,67.90738677978516,test,,Pancreas
GSM1194468,85.0,66.6827621459961,test,,Pancreas
GSM1194472,45.0,47.33648681640625,train,,Pancreas
GSM1194473,83.0,72.43644714355469,valid,,Pancreas
GSM1194488,73.0,75.29887390136719,train,,Pancreas
GSM1194493,59.0,66.66256713867188,train,,Pancreas
GSM1194499,66.0,71.31698608398438,train,,Pancreas
GSM1194500,70.0,69.63777160644531,train,,Pancreas
GSM1194523,33.0,35.396888732910156,train,,Pancreas
GSM1194525,65.0,66.16104125976562,train,,Pancreas
GSM1194529,74.0,63.38333511352539,test,,Pancreas
GSM1198790,73.0,76.20774841308594,train,,Brain
GSM1198791,54.0,61.612335205078125,train,,Brain
GSM1198792,55.0,57.14727020263672,train,,Brain
GSM1198793,48.0,61.0350341796875,train,,Brain
GSM1198794,54.0,56.73736572265625,train,,Brain
GSM1198795,40.0,42.82664108276367,train,,Brain
GSM1198796,65.0,81.25440979003906,train,,Brain
GSM1198797,51.0,45.06360626220703,valid,,Brain
GSM1198798,92.0,74.02310180664062,train,,Brain
GSM1198799,76.0,70.174560546875,train,,Brain
GSM1198800,38.0,46.06172561645508,train,,Brain
GSM1198801,48.0,54.876705169677734,train,,Brain
GSM1198802,70.0,75.61444091796875,train,,Brain
GSM1198803,82.0,75.44541931152344,test,,Brain
GSM1198804,48.0,71.5551528930664,test,,Brain
GSM1198805,76.0,73.86600494384766,train,,Brain
GSM1198806,60.0,55.62624740600586,valid,,Brain
GSM1198807,60.0,58.59880828857422,train,,Brain
GSM1198808,79.0,81.00506591796875,train,,Brain
GSM1198809,67.0,62.18773651123047,train,,Brain
GSM1198810,75.0,79.83161926269531,train,,Brain
GSM1198811,55.0,58.071044921875,train,,Brain
GSM1198812,56.0,56.83250045776367,train,,Brain
GSM1198836,52.0,61.56311798095703,test,,Brain
GSM1198837,45.0,62.31257247924805,valid,,Brain
GSM1209271,59.0,58.300193786621094,test,,Whole Blood
GSM1209272,50.0,57.50276565551758,test,,Whole Blood
GSM1209275,92.0,85.5768814086914,train,,Whole Blood
GSM1209276,57.0,52.64686584472656,train,,Whole Blood
GSM1209277,75.0,72.40678405761719,test,,Whole Blood
GSM1209278,80.0,66.26751708984375,valid,,Whole Blood
GSM1209279,69.0,67.27969360351562,train,,Whole Blood
GSM1209280,85.0,68.42037963867188,train,,Whole Blood
GSM1209282,69.0,69.43115234375,train,,Whole Blood
GSM1209283,62.0,75.75250244140625,train,,Whole Blood
GSM1209284,34.0,45.26912689208984,train,,Whole Blood
GSM1209285,58.0,63.61692810058594,train,,Whole Blood
GSM1209286,75.0,73.1156997680664,train,,Whole Blood
GSM1209287,78.0,80.9702377319336,train,,Whole Blood
GSM1209288,101.0,74.70584106445312,train,,Whole Blood
GSM1209289,63.0,66.44681549072266,valid,,Whole Blood
GSM1209290,87.0,74.73541259765625,train,,Whole Blood
GSM1209291,48.0,56.031227111816406,test,,Whole Blood
GSM1209293,77.0,65.1295166015625,train,,Whole Blood
GSM1209294,82.0,79.01425170898438,train,,Whole Blood
GSM1209295,64.0,69.9339370727539,train,,Whole Blood
GSM1209296,65.0,71.54891967773438,train,,Whole Blood
GSM1209299,48.0,53.09883117675781,train,,Whole Blood
GSM1209300,85.0,65.34681701660156,train,,Whole Blood
GSM1209301,70.0,68.44000244140625,train,,Whole Blood
GSM1209303,69.0,67.79894256591797,train,,Whole Blood
GSM1209308,76.0,65.8742446899414,train,,Whole Blood
GSM1209311,58.0,59.46222686767578,test,,Whole Blood
GSM1209312,62.0,63.754150390625,test,,Whole Blood
GSM1209313,63.0,58.02115631103515,train,,Whole Blood
GSM1209315,41.0,48.16822814941406,valid,,Whole Blood
GSM1209316,55.0,61.29432678222656,test,,Whole Blood
GSM1209317,76.0,68.46598815917969,train,,Whole Blood
GSM1209321,46.0,64.90000915527344,valid,,Whole Blood
GSM1209327,53.0,61.70487976074219,train,,Whole Blood
GSM1209331,40.0,50.883644104003906,train,,Whole Blood
GSM1209333,54.0,60.78021240234375,train,,Whole Blood
GSM1209335,83.0,75.21485900878906,train,,Whole Blood
GSM1209337,58.0,47.82450485229492,valid,,Whole Blood
GSM1209339,57.0,55.52836608886719,train,,Whole Blood
GSM1209340,74.0,73.00784301757812,valid,,Whole Blood
GSM1209341,48.0,52.5257568359375,train,,Whole Blood
GSM1209342,51.0,62.54744720458984,train,,Brain
GSM1209343,43.0,61.52015686035156,test,,Brain
GSM1209345,76.0,69.91808319091797,train,,Brain
GSM1209346,44.0,56.54156875610352,train,,Brain
GSM1209347,83.0,79.96278381347656,train,,Brain
GSM1209348,66.0,66.75309753417969,test,,Brain
GSM1209349,56.0,64.57386016845703,train,,Brain
GSM1209350,38.0,44.68363571166992,test,,Brain
GSM1209351,88.0,77.98973083496094,train,,Brain
GSM1209353,76.0,75.5884780883789,train,,Brain
GSM1209354,87.0,82.21562194824219,train,,Brain
GSM1209355,86.0,86.12355041503906,train,,Brain
GSM1209356,73.0,71.18380737304688,train,,Brain
GSM1209358,52.0,54.70539093017578,train,,Brain
GSM1209359,50.0,63.70057678222656,valid,,Brain
GSM1209360,75.0,77.1390609741211,train,,Brain
GSM1209362,72.0,62.97236633300781,train,,Brain
GSM1209363,88.0,76.4771499633789,train,,Brain
GSM1209364,54.0,68.63944244384766,train,,Brain
GSM1209365,75.0,78.48384857177734,train,,Brain
GSM1209366,75.0,62.82546615600586,test,,Brain
GSM1209367,85.0,74.5301513671875,train,,Brain
GSM1209370,79.0,69.00788879394531,train,,Brain
GSM1209371,51.0,64.5242919921875,train,,Brain
GSM1209372,82.0,75.36714172363281,valid,,Brain
GSM1209374,46.0,65.50939178466797,train,,Brain
GSM1209377,82.0,77.42813873291016,train,,Brain
GSM1209379,71.0,77.850830078125,test,,Brain
GSM1209383,65.0,69.02397918701172,train,,Brain
GSM1209384,69.0,72.71566009521484,valid,,Brain
GSM1209388,66.0,66.6620101928711,train,,Brain
GSM1209390,81.0,67.48757934570312,valid,,Brain
GSM1209391,52.0,58.02335357666016,test,,Brain
GSM1209392,45.0,57.12995147705078,train,,Brain
GSM1209394,64.0,71.01910400390625,train,,Brain
GSM1209395,92.0,82.88421630859375,train,,Brain
GSM1209396,64.0,67.5503158569336,train,,Brain
GSM1209398,84.0,83.90240478515625,train,,Brain
GSM1209400,22.0,19.36423683166504,train,,Brain
GSM1209402,67.0,64.7024917602539,train,,Brain
GSM1209406,58.0,61.429466247558594,test,,Brain
GSM1209409,78.0,81.86817169189453,train,,Brain
GSM1209411,85.0,72.4046401977539,train,,Brain
GSM1209412,66.0,76.55016326904297,train,,Brain
GSM1209414,64.0,66.75169372558594,train,,Brain
GSM1209416,30.0,39.23114013671875,train,,Brain
GSM1209420,26.0,29.197385787963867,train,,Kidney
GSM1209421,70.0,65.0734634399414,train,,Kidney
GSM1209423,49.0,66.65318298339844,train,,Kidney
GSM1209424,41.0,52.74497985839844,valid,,Kidney
GSM1209425,41.0,50.15460586547851,train,,Kidney
GSM1209426,72.0,73.74641418457031,test,,Kidney
GSM1209427,44.0,46.68653869628906,train,,Kidney
GSM1209428,51.0,58.71830749511719,test,,Kidney
GSM1209429,65.0,72.73405456542969,valid,,Kidney
GSM1209431,72.0,69.72714233398438,valid,,Kidney
GSM1209432,64.0,58.348121643066406,train,,Kidney
GSM1209433,45.0,50.89142990112305,train,,Kidney
GSM1209434,82.0,78.43571472167969,train,,Kidney
GSM1209436,73.0,66.7920913696289,train,,Kidney
GSM1209437,55.0,61.33116912841797,test,,Kidney
GSM1209438,71.0,64.85449981689453,train,,Kidney
GSM1209440,26.0,29.152393341064453,train,,Kidney
GSM1209441,27.0,27.426782608032227,valid,,Kidney
GSM1209442,29.0,34.80672073364258,train,,Kidney
GSM1209443,65.0,59.00047302246094,valid,,Kidney
GSM1209444,49.0,59.017921447753906,train,,Kidney
GSM1209445,30.0,35.16520690917969,valid,,Kidney
GSM1209448,25.0,34.910438537597656,train,,Kidney
GSM1209449,19.0,21.5052433013916,train,,Kidney
GSM1209450,20.0,24.677743911743164,train,,Kidney
GSM1209452,21.0,24.135404586791992,train,,Kidney
GSM1209457,29.0,35.3996467590332,train,,Kidney
GSM1209458,26.0,28.689184188842773,train,,Kidney
GSM1209461,29.0,31.09092140197754,train,,Kidney
GSM1209462,24.0,36.62665939331055,train,,Kidney
GSM1209465,24.0,24.88643455505371,train,,Kidney
GSM1209469,54.0,43.398250579833984,test,,Kidney
GSM1209470,25.0,31.656147003173828,train,,Kidney
GSM1209473,27.0,31.468582153320312,train,,Kidney
GSM1209474,34.0,32.814659118652344,train,,Kidney
GSM1209475,79.0,63.882598876953125,train,,Kidney
GSM1209476,42.0,51.5050048828125,test,,Kidney
GSM1209479,40.0,46.7791633605957,train,,Kidney
GSM1209481,50.0,42.0101432800293,test,,Kidney
GSM1209482,26.0,25.931167602539062,train,,Kidney
GSM1209483,31.0,32.70669174194336,test,,Kidney
GSM1209484,48.0,38.64400100708008,train,,Kidney
GSM1209490,36.0,36.04404067993164,train,,Kidney
GSM1209491,50.0,52.832664489746094,train,,Kidney
GSM1209492,18.0,19.061582565307617,train,,Kidney
GSM1209494,21.0,24.706342697143555,train,,Kidney
GSM1209495,17.0,29.90002822875977,valid,,Kidney
GSM1209499,23.0,42.921993255615234,train,,Kidney
GSM1209500,16.0,20.342025756835938,train,,Kidney
GSM1209503,47.0,60.23719787597656,test,,Muscle
GSM1209504,23.0,46.05345153808594,train,,Muscle
GSM1209507,50.0,50.33882141113281,train,,Muscle
GSM1209508,52.0,52.45614242553711,test,,Muscle
GSM1209509,35.0,42.445072174072266,train,,Muscle
GSM1209510,16.0,12.514278411865234,train,,Muscle
GSM1209511,13.0,21.669919967651367,valid,,Muscle
GSM1209512,47.0,43.588138580322266,train,,Muscle
GSM1209513,21.0,31.917789459228516,valid,,Muscle
GSM1209514,16.0,18.695661544799805,train,,Muscle
GSM1209515,43.0,36.943397521972656,test,,Muscle
GSM1209517,42.0,31.393070220947266,train,,Muscle
GSM1209518,50.0,55.426761627197266,train,,Muscle
GSM1209519,48.0,39.808815002441406,valid,,Muscle
GSM1209520,36.0,41.215213775634766,train,,Muscle
GSM1209521,18.0,18.74639129638672,test,,Muscle
GSM1209523,23.0,24.836427688598633,train,,Muscle
GSM1209526,50.0,47.6580924987793,train,,Muscle
GSM1209528,17.0,16.720861434936523,train,,Muscle
GSM1209531,79.0,50.37497329711914,train,,Muscle
GSM1209534,18.0,16.758764266967773,train,,Muscle
GSM1209537,13.0,10.652896881103516,train,,Muscle
GSM1209538,50.0,33.01271438598633,train,,Muscle
GSM1209539,42.0,40.87407302856445,valid,,Muscle
GSM1209540,47.0,36.29816818237305,train,,Muscle
GSM1209545,50.0,45.93195343017578,test,,Muscle
GSM1209546,17.0,25.521684646606445,train,,Muscle
GSM1209548,16.0,18.087976455688477,test,,Muscle
GSM1209549,50.0,55.37592315673828,train,,Muscle
GSM1209551,30.0,22.29853057861328,train,,Muscle
GSM1220214,50.0,48.79890060424805,test,,Muscle
GSM1220215,18.0,15.037309646606444,test,,Muscle
GSM1220216,0.0,1.94451904296875,train,,Muscle
GSM1220217,1.5,4.629966735839844,valid,,Muscle
GSM1220218,1.5,2.702308654785156,valid,,Muscle
GSM1220219,1.5,0.5335121154785156,train,,Muscle
GSM1220220,1.5,1.129802703857422,valid,,Muscle
GSM1220221,1.5,1.6991424560546875,test,,Muscle
GSM1220222,1.5,0.9390335083007812,train,,Muscle
GSM1220223,0.0,-0.5228233337402344,train,,Muscle
GSM1220224,0.0,-0.3402633666992187,train,,Muscle
GSM1220225,0.0,0.0504035949707031,train,,Muscle
GSM1220226,1.5,0.7422561645507812,train,,Muscle
GSM1220227,0.0,-0.8099517822265625,train,,Muscle
GSM1220228,0.0,0.1981620788574218,train,,Muscle
GSM1220229,1.5,-0.3318672180175781,train,,Muscle
GSM1220230,0.0,-0.3433799743652344,train,,Muscle
GSM1220231,0.0,-0.9216194152832032,test,,Muscle
GSM1220232,1.5,3.3774337768554688,train,,Muscle
GSM1220233,0.0,0.0458259582519531,test,,Muscle
GSM1220234,0.0,0.957805633544922,train,,Muscle
GSM1220235,1.5,-1.5334320068359375,valid,,Muscle
GSM1220236,1.5,5.096488952636719,train,,Muscle
GSM1220237,0.0,-1.1761970520019531,train,,Muscle
GSM1220238,0.0,-0.1956100463867187,train,,Muscle
GSM1220239,1.5,0.5286445617675781,train,,Muscle
GSM1220240,1.5,3.1497116088867188,train,,Muscle
GSM1220241,1.5,2.8978843688964844,train,,Muscle
GSM1220242,0.0,0.1076583862304687,train,,Muscle
GSM1220243,1.5,5.406959533691406,train,,Muscle
GSM1220244,0.0,1.8751182556152344,train,,Muscle
GSM1220245,0.0,1.0981178283691406,train,,Muscle
GSM1220246,0.0,-0.6859626770019531,train,,Muscle
GSM1220247,55.0,50.41691589355469,test,,Muscle
GSM1220248,67.0,60.69004440307617,train,,Muscle
GSM1220249,53.0,39.81917953491211,test,,Muscle
GSM1220250,68.0,57.351348876953125,train,,Muscle
GSM1220251,41.0,37.18011474609375,valid,,Muscle
GSM1220252,53.0,40.52840042114258,train,,Muscle
GSM1220253,43.0,35.94952392578125,test,,Muscle
GSM1220254,47.0,52.12419128417969,train,,Muscle
GSM1220255,69.0,66.78079223632812,test,,Muscle
GSM1220256,47.0,24.889432907104492,train,,Muscle
GSM1220257,51.0,22.201007843017575,valid,,Muscle
GSM1220258,59.0,50.552207946777344,train,,Muscle
GSM1220259,66.0,49.99664306640625,test,,Muscle
GSM1220260,0.0,11.555267333984377,train,,Muscle
GSM1220261,0.0,-1.0973587036132812,test,,Muscle
GSM1224624,0.0,2.830108642578125,train,,Other
GSM1224625,0.0,3.3083572387695312,train,,Other
GSM1224626,0.0,14.395261764526367,train,,Other
GSM1224627,0.0,-0.5193061828613281,train,,Other
GSM1224628,0.0,2.5601348876953125,train,,Other
GSM1224629,0.0,16.72881317138672,train,,Other
GSM1224630,0.0,3.600086212158203,train,,Other
GSM1224631,0.0,0.5888671875,train,,Other
GSM1224632,0.0,16.852954864501953,train,,Other
GSM1224633,0.0,25.50352478027344,test,,Other
GSM1224634,0.0,10.326387405395508,train,,Other
GSM1224635,0.0,13.14822006225586,train,,Other
GSM1224636,0.0,-1.831085205078125,train,,Other
GSM1224637,0.0,0.3269844055175781,valid,,Other
GSM1224638,0.0,5.823513031005859,train,,Other
GSM1224639,0.0,7.311397552490234,test,,Other
GSM1224640,0.0,3.341156005859375,valid,,Other
GSM1224641,0.0,2.4610633850097656,train,,Other
GSM1224642,0.0,0.90020751953125,test,,Other
GSM1224643,0.0,0.811370849609375,train,,Other
GSM1224644,0.0,-0.3965072631835937,train,,Other
GSM1224645,0.0,2.02313232421875,train,,Other
GSM1225382,0.0,2.382606506347656,train,,Whole Blood
GSM1225383,0.0,1.3814735412597656,test,,Whole Blood
GSM1225384,0.0,24.177228927612305,valid,,Whole Blood
GSM1225386,0.0,9.52718734741211,valid,,Whole Blood
GSM1225388,0.0,8.129493713378906,test,,Whole Blood
GSM1225390,0.0,3.814434051513672,train,,Whole Blood
GSM1225391,34.0,37.853981018066406,valid,,Whole Blood
GSM1225392,26.0,32.15760040283203,test,,Whole Blood
GSM1225395,34.0,37.69984436035156,train,,Whole Blood
GSM1225399,26.0,31.610912322998047,test,,Whole Blood
GSM1225400,24.0,31.94884872436523,train,,Whole Blood
GSM1225401,24.0,30.79137802124023,train,,Whole Blood
GSM1225402,35.0,45.5238037109375,train,,Whole Blood
GSM1225403,0.0,-0.0438766479492187,train,,Whole Blood
GSM1225405,0.0,-0.0042610168457031,train,,Whole Blood
GSM1225406,0.0,-0.1049461364746093,train,,Whole Blood
GSM1225407,0.0,0.4914093017578125,train,,Whole Blood
GSM1225408,0.0,0.1133346557617187,test,,Whole Blood
GSM1225411,0.0,-0.0234260559082031,valid,,Whole Blood
GSM1225412,0.0,0.3486137390136719,train,,Whole Blood
GSM1225413,0.0,0.2117996215820312,train,,Whole Blood
GSM1225414,0.0,-0.0811920166015625,train,,Whole Blood
GSM1225416,0.0,0.161651611328125,test,,Whole Blood
GSM1225417,0.0,-0.4810333251953125,train,,Whole Blood
GSM1225420,0.0,-0.138641357421875,train,,Whole Blood
GSM1225421,0.0,0.1393356323242187,train,,Whole Blood
GSM1225422,0.0,-0.3221893310546875,train,,Whole Blood
GSM1225423,0.0,-0.2349395751953125,train,,Whole Blood
GSM1225424,0.0,7.624702453613281,train,,Whole Blood
GSM1225425,0.0,0.3512115478515625,train,,Whole Blood
GSM1225426,0.0,3.6735572814941406,train,,Whole Blood
GSM1225428,0.0,2.658763885498047,valid,,Whole Blood
GSM1225430,0.0,1.5330581665039062,train,,Whole Blood
GSM1225431,0.0,-0.5141716003417969,train,,Whole Blood
GSM1225432,0.0,4.050895690917969,test,,Whole Blood
GSM1225434,0.0,2.187206268310547,train,,Whole Blood
GSM1225436,0.0,2.11700439453125,train,,Whole Blood
GSM1225439,0.0,22.38684844970703,train,,Whole Blood
GSM1225440,0.0,4.840953826904297,train,,Whole Blood
GSM1225442,0.0,0.3710289001464844,train,,Whole Blood
GSM1225446,0.0,4.946338653564453,train,,Whole Blood
GSM1225447,0.0,-0.7187385559082031,train,,Whole Blood
GSM1225450,0.0,-0.4711647033691406,train,,Whole Blood
GSM1225451,0.0,0.1825103759765625,train,,Whole Blood
GSM1225452,0.0,8.911968231201172,train,,Whole Blood
GSM1225456,0.0,-0.2206764221191406,train,,Whole Blood
GSM1225457,0.0,13.28877067565918,test,,Whole Blood
GSM1225458,0.0,1.0130767822265625,train,,Whole Blood
GSM1225460,0.0,-0.1178169250488281,train,,Whole Blood
GSM1225461,0.0,-0.7014503479003906,valid,,Whole Blood
GSM1225462,0.0,0.4319992065429687,train,,Whole Blood
GSM1225463,0.0,4.583675384521484,train,,Whole Blood
GSM1225464,0.0,-0.3151817321777344,train,,Whole Blood
GSM1225466,0.0,0.2568817138671875,train,,Whole Blood
GSM1225468,0.0,7.738513946533203,train,,Whole Blood
GSM1225470,0.0,0.6593589782714844,test,,Whole Blood
GSM1225473,0.0,-0.9157333374023438,train,,Whole Blood
GSM1225474,0.0,17.19305992126465,train,,Whole Blood
GSM1225475,0.0,0.7497177124023438,test,,Whole Blood
GSM1225476,0.0,7.533710479736328,train,,Whole Blood
GSM1225477,0.0,1.3707504272460938,train,,Whole Blood
GSM1225482,0.0,3.8944244384765625,test,,Whole Blood
GSM1225483,0.0,3.261016845703125,valid,,Whole Blood
GSM1225484,0.0,2.98746109008789,valid,,Whole Blood
GSM1225485,0.0,-0.06494140625,train,,Whole Blood
GSM1225489,0.0,14.25558853149414,train,,Whole Blood
GSM1225495,0.0,1.9628829956054688,train,,Whole Blood
GSM1225496,0.0,2.18948745727539,valid,,Whole Blood
GSM1225497,0.0,0.400421142578125,test,,Whole Blood
GSM1225499,0.0,3.531871795654297,train,,Whole Blood
GSM1225501,0.0,3.01754379272461,train,,Whole Blood
GSM1225502,0.0,0.7484016418457031,train,,Whole Blood
GSM1225505,0.0,-1.162921905517578,train,,Whole Blood
GSM1225506,0.0,1.2709121704101562,train,,Whole Blood
GSM1225509,0.0,1.7695045471191406,train,,Whole Blood
GSM1225510,0.0,2.543323516845703,train,,Whole Blood
GSM1225512,0.0,0.8598098754882812,valid,,Whole Blood
GSM1225513,0.0,0.3279266357421875,train,,Whole Blood
GSM1225515,0.0,-0.7446403503417969,train,,Whole Blood
GSM1225516,0.0,0.4483528137207031,train,,Whole Blood
GSM1225517,0.0,0.6084785461425781,test,,Whole Blood
GSM1225518,0.0,-0.098541259765625,train,,Whole Blood
GSM1225520,0.0,5.938129425048828,train,,Whole Blood
GSM1225521,0.0,5.610054016113281,valid,,Whole Blood
GSM1225522,0.0,-0.431365966796875,train,,Whole Blood
GSM1225527,0.0,3.7673301696777344,train,,Whole Blood
GSM1225530,0.0,11.750940322875977,train,,Whole Blood
GSM1225531,0.0,0.2485389709472656,test,,Whole Blood
GSM1225536,0.0,12.87540054321289,train,,Whole Blood
GSM1225537,0.0,1.5776100158691406,train,,Whole Blood
GSM1225538,0.0,2.4634971618652344,train,,Whole Blood
GSM1225539,0.0,0.2723312377929687,train,,Whole Blood
GSM1225540,0.0,1.382587432861328,train,,Whole Blood
GSM1225542,0.0,-0.0681495666503906,train,,Whole Blood
GSM1225546,44.0,47.833045959472656,test,,Whole Blood
GSM1225548,80.0,87.20445251464844,train,,Whole Blood
GSM1225549,50.0,56.666351318359375,train,,Whole Blood
GSM1225550,54.0,51.67844772338867,train,,Whole Blood
GSM1225552,82.0,68.87921142578125,train,,Whole Blood
GSM1225553,80.0,71.38272857666016,train,,Whole Blood
GSM1225554,45.0,42.600528717041016,valid,,Whole Blood
GSM1225555,23.0,28.955528259277344,train,,Whole Blood
GSM1225556,83.0,74.39883422851562,train,,Whole Blood
GSM1225557,28.0,31.827970504760746,train,,Whole Blood
GSM1225559,78.0,58.15728759765625,train,,Whole Blood
GSM1225563,50.0,59.735321044921875,train,,Whole Blood
GSM1225564,51.0,54.96406173706055,test,,Whole Blood
GSM1225565,52.0,53.5948486328125,train,,Whole Blood
GSM1225566,50.0,52.06922912597656,train,,Whole Blood
GSM1225568,71.0,61.58099365234375,valid,,Whole Blood
GSM1225570,66.0,61.76177978515625,train,,Whole Blood
GSM1225571,55.0,54.71403884887695,test,,Whole Blood
GSM1225573,65.0,64.38739013671875,test,,Whole Blood
GSM1225574,65.0,60.77745056152344,train,,Whole Blood
GSM1225575,70.0,63.22355270385742,train,,Whole Blood
GSM1225577,50.0,52.457035064697266,train,,Whole Blood
GSM1225578,60.0,59.1009521484375,train,,Whole Blood
GSM1225579,50.0,51.492149353027344,test,,Whole Blood
GSM1225580,69.0,61.80491638183594,test,,Whole Blood
GSM1225581,70.0,66.36404418945312,valid,,Whole Blood
GSM1225582,70.0,67.6414794921875,train,,Whole Blood
GSM1225583,62.0,63.86852264404297,train,,Whole Blood
GSM1225584,51.0,60.091312408447266,train,,Whole Blood
GSM1225587,70.0,72.212646484375,train,,Whole Blood
GSM1225589,54.0,62.770606994628906,train,,Whole Blood
GSM1225592,52.0,56.099632263183594,test,,Whole Blood
GSM1225593,51.0,56.119537353515625,train,,Whole Blood
GSM1225594,65.0,59.852813720703125,train,,Whole Blood
GSM1225596,78.0,70.64108276367188,train,,Whole Blood
GSM1225597,50.0,53.05583572387695,train,,Whole Blood
GSM1225599,54.0,66.65263366699219,train,,Whole Blood
GSM1225600,73.0,66.55200958251953,train,,Whole Blood
GSM1225602,50.0,53.995357513427734,train,,Whole Blood
GSM1225603,52.0,58.257606506347656,test,,Whole Blood
GSM1225604,75.0,65.77195739746094,train,,Whole Blood
GSM1225607,50.0,56.58034896850586,valid,,Whole Blood
GSM1225608,57.0,63.801292419433594,valid,,Whole Blood
GSM1225609,77.0,66.77593994140625,test,,Whole Blood
GSM1225610,50.0,58.2065315246582,train,,Whole Blood
GSM1225614,64.0,64.6323013305664,train,,Whole Blood
GSM1225616,71.0,70.29720306396484,train,,Whole Blood
GSM1225617,78.0,66.1959228515625,train,,Whole Blood
GSM1225620,60.0,58.897430419921875,train,,Whole Blood
GSM1225621,62.0,60.886775970458984,train,,Whole Blood
GSM1225622,67.0,61.757911682128906,test,,Whole Blood
GSM1225624,51.0,55.18666076660156,train,,Whole Blood
GSM1225625,56.0,61.54185485839844,valid,,Whole Blood
GSM1225626,68.0,59.54694366455078,train,,Whole Blood
GSM1225627,65.0,68.89852905273438,valid,,Whole Blood
GSM1225630,51.0,56.31524658203125,train,,Whole Blood
GSM1225632,72.0,67.83392333984375,train,,Whole Blood
GSM1225636,78.0,67.48015594482422,valid,,Whole Blood
GSM1225637,75.0,63.99669647216797,train,,Whole Blood
GSM1225638,50.0,52.749080657958984,train,,Whole Blood
GSM1225639,51.0,61.14399719238281,train,,Whole Blood
GSM1225642,74.0,68.22330474853516,train,,Whole Blood
GSM1225643,67.0,61.82904052734375,train,,Whole Blood
GSM1225644,64.0,52.51341247558594,train,,Whole Blood
GSM1225645,50.0,57.48438262939453,train,,Whole Blood
GSM1225650,65.0,60.14457702636719,train,,Whole Blood
GSM1225651,75.0,62.92311477661133,train,,Whole Blood
GSM1225653,61.0,57.475101470947266,train,,Whole Blood
GSM1225654,69.0,62.60684967041016,train,,Whole Blood
GSM1225658,70.0,58.75523376464844,train,,Whole Blood
GSM1225662,72.0,68.93705749511719,train,,Whole Blood
GSM1225664,72.0,61.59524154663086,train,,Whole Blood
GSM1225666,76.0,78.53184509277344,train,,Whole Blood
GSM1225667,50.0,61.599388122558594,train,,Whole Blood
GSM1225669,80.0,75.98347473144531,train,,Whole Blood
GSM1225670,60.0,63.00527572631836,train,,Whole Blood
GSM1225671,50.0,57.7118034362793,train,,Whole Blood
GSM1225672,52.0,54.7353515625,train,,Whole Blood
GSM1225673,55.0,56.12345123291016,valid,,Whole Blood
GSM1225674,67.0,61.96720504760742,test,,Whole Blood
GSM1225675,71.0,61.49550247192383,test,,Whole Blood
GSM1225676,50.0,62.27894592285156,train,,Whole Blood
GSM1225680,60.0,66.7712631225586,valid,,Whole Blood
GSM1225681,52.0,54.80375671386719,train,,Whole Blood
GSM1225682,52.0,53.07047653198242,train,,Whole Blood
GSM1225683,62.0,59.05018615722656,train,,Whole Blood
GSM1225684,55.0,55.32460021972656,train,,Whole Blood
GSM1225685,58.0,60.56608581542969,train,,Whole Blood
GSM1225688,53.0,55.252166748046875,test,,Whole Blood
GSM1225689,72.0,63.01232147216797,valid,,Whole Blood
GSM1225690,51.0,57.147682189941406,train,,Whole Blood
GSM1225691,51.0,56.90802764892578,train,,Whole Blood
GSM1225692,51.0,55.57852554321289,test,,Whole Blood
GSM1225695,56.0,58.04201126098633,train,,Whole Blood
GSM1225696,62.0,58.50392150878906,valid,,Whole Blood
GSM1225699,70.0,61.98406600952149,valid,,Whole Blood
GSM1225704,50.0,54.99364471435547,train,,Whole Blood
GSM1225707,65.0,70.77909851074219,train,,Whole Blood
GSM1225709,51.0,59.36487579345703,train,,Whole Blood
GSM1225711,66.0,65.34895324707031,train,,Whole Blood
GSM1225712,60.0,53.030860900878906,train,,Whole Blood
GSM1225713,71.0,61.87547302246094,test,,Whole Blood
GSM1225714,71.0,63.075103759765625,train,,Whole Blood
GSM1225715,58.0,62.88275909423828,train,,Whole Blood
GSM1225716,52.0,57.00037384033203,train,,Whole Blood
GSM1225725,76.0,63.40229797363281,train,,Whole Blood
GSM1225726,62.0,63.878562927246094,train,,Whole Blood
GSM1225730,76.0,67.58679962158203,train,,Whole Blood
GSM1225731,50.0,50.70423889160156,test,,Whole Blood
GSM1225732,57.0,60.93512725830078,train,,Whole Blood
GSM1225735,52.0,57.79532623291016,train,,Whole Blood
GSM1225736,74.0,65.7687759399414,train,,Whole Blood
GSM1225739,31.0,31.46586799621582,train,,Whole Blood
GSM1225740,66.0,63.98240661621094,test,,Whole Blood
GSM1225742,30.0,32.65898132324219,train,,Whole Blood
GSM1225749,34.0,33.003238677978516,train,,Whole Blood
GSM1225750,35.0,45.383827209472656,train,,Whole Blood
GSM1225752,62.0,53.94971466064453,train,,Whole Blood
GSM1225753,84.0,74.18438720703125,train,,Whole Blood
GSM1225757,60.0,68.68743896484375,train,,Whole Blood
GSM1225760,53.0,66.22636413574219,test,,Whole Blood
GSM1225761,56.0,61.06455993652344,train,,Whole Blood
GSM1225762,79.0,69.62535095214844,train,,Whole Blood
GSM1225763,64.0,73.7895278930664,train,,Whole Blood
GSM1225793,62.0,63.46821594238281,test,,Whole Blood
GSM1225794,70.0,68.67840576171875,test,,Whole Blood
GSM1225795,60.0,69.6021728515625,train,,Whole Blood
GSM1225797,69.0,71.82649230957031,valid,,Whole Blood
GSM1225802,58.0,53.50740051269531,train,,Whole Blood
GSM1225803,78.0,71.25176239013672,train,,Whole Blood
GSM1225809,33.0,57.51461410522461,train,,Whole Blood
GSM1225812,60.0,60.03086853027344,train,,Whole Blood
GSM1225813,70.0,69.92591094970703,valid,,Whole Blood
GSM1225814,75.0,65.55514526367188,test,,Whole Blood
GSM1225815,69.0,70.38780975341797,train,,Whole Blood
GSM1225828,49.0,43.59060287475586,train,,Whole Blood
GSM1225829,64.0,60.633094787597656,train,,Whole Blood
GSM1225830,63.0,63.0213623046875,train,,Whole Blood
GSM1225831,47.0,61.20646667480469,test,,Whole Blood
GSM1225834,49.0,60.59184265136719,train,,Whole Blood
GSM1225835,55.0,59.976829528808594,train,,Whole Blood
GSM1225838,49.0,45.75530624389648,train,,Whole Blood
GSM1225839,56.0,57.175785064697266,train,,Whole Blood
GSM1225840,37.0,48.38752365112305,test,,Whole Blood
GSM1225841,40.0,53.15393829345703,train,,Whole Blood
GSM1225845,62.0,43.02962112426758,train,,Whole Blood
GSM1225846,62.0,67.14138793945312,train,,Whole Blood
GSM1225847,59.0,59.56623458862305,valid,,Whole Blood
GSM1225848,60.0,53.28138732910156,train,,Whole Blood
GSM1225849,66.0,49.53711700439453,valid,,Whole Blood
GSM1225850,18.0,26.80328941345215,test,,Whole Blood
GSM1225851,73.0,76.02706909179688,train,,Whole Blood
GSM1225853,20.0,34.35332489013672,test,,Whole Blood
GSM1225856,73.0,78.22731018066406,train,,Whole Blood
GSM1225858,24.0,25.107627868652344,test,,Whole Blood
GSM1225859,70.0,72.32545471191406,valid,,Whole Blood
GSM1225860,69.0,78.06193542480469,valid,,Whole Blood
GSM1225862,21.0,66.57980346679688,train,,Whole Blood
GSM1225863,23.0,60.16888427734375,valid,,Whole Blood
GSM1225864,70.0,72.16875457763672,train,,Whole Blood
GSM1225865,18.0,30.296865463256836,train,,Whole Blood
GSM1225868,20.0,27.1588077545166,test,,Whole Blood
GSM1225869,73.0,56.554439544677734,train,,Whole Blood
GSM1225874,27.0,27.792396545410156,train,,Whole Blood
GSM1225876,68.0,76.39495849609375,train,,Whole Blood
GSM1225877,69.0,74.643798828125,train,,Whole Blood
GSM1225878,22.0,53.08758163452149,train,,Whole Blood
GSM1225887,75.0,74.94053649902344,valid,,Whole Blood
GSM1225888,72.0,73.80558776855469,test,,Whole Blood
GSM1225889,68.0,80.31084442138672,train,,Whole Blood
GSM1225891,74.0,64.36219787597656,train,,Whole Blood
GSM1228097,73.0,79.56498718261719,train,,Cells
GSM1228098,74.0,76.48938751220703,test,,Cells
GSM1228100,72.0,70.3221435546875,train,,Cells
GSM1228101,73.0,43.10986328125,train,,Cells
GSM1228102,71.0,49.907752990722656,train,,Cells
GSM1228112,20.0,34.910560607910156,train,,Cells
GSM1228114,20.0,58.2006950378418,test,,Cells
GSM1228119,64.0,63.37921524047851,train,,Cells
GSM1228129,61.0,68.08745574951172,train,,Cells
GSM1228130,59.0,59.64363479614258,train,,Cells
GSM1228134,60.0,63.72669982910156,train,,Cells
GSM1228147,49.0,55.73650741577149,train,,Cells
GSM1228149,51.0,60.187957763671875,train,,Cells
GSM1228150,63.0,66.13009643554688,train,,Cells
GSM1228151,64.0,58.13398742675781,train,,Cells
GSM1228160,61.0,56.66180419921875,valid,,Cells
GSM1228161,55.0,61.30799865722656,test,,Cells
GSM1228163,59.0,56.77205657958984,train,,Cells
GSM1228164,60.0,59.42223358154297,train,,Cells
GSM1228165,60.0,58.03269958496094,train,,Cells
GSM1228166,64.0,65.63275146484375,train,,Cells
GSM1228167,46.0,48.77586364746094,train,,Cells
GSM1228176,59.0,60.29010772705078,train,,Cells
GSM1228177,58.0,59.23088073730469,train,,Cells
GSM1228178,58.0,50.68328475952149,train,,Cells
GSM1228179,47.0,48.01871490478515,train,,Cells
GSM1228182,42.0,55.923797607421875,train,,Cells
GSM1228183,41.0,43.80190658569336,train,,Cells
GSM1235534,61.0,63.46166229248047,train,,Whole Blood
GSM1235535,63.0,62.445274353027344,train,,Whole Blood
GSM1235536,52.0,74.99778747558594,train,,Whole Blood
GSM1235537,61.0,62.850067138671875,train,,Whole Blood
GSM1235538,51.0,57.99523162841797,train,,Whole Blood
GSM1235539,61.0,55.21247482299805,train,,Whole Blood
GSM1235540,55.0,59.58203125,train,,Whole Blood
GSM1235541,52.0,58.90812683105469,test,,Whole Blood
GSM1235542,49.0,58.41739654541016,train,,Whole Blood
GSM1235543,62.0,63.35196685791016,train,,Whole Blood
GSM1235544,58.0,58.68889617919922,train,,Whole Blood
GSM1235545,54.0,58.99616622924805,train,,Whole Blood
GSM1235546,56.0,60.00383758544922,train,,Whole Blood
GSM1235547,42.0,45.125457763671875,train,,Whole Blood
GSM1235548,46.0,56.67566680908203,test,,Whole Blood
GSM1235549,64.0,57.10576629638672,train,,Whole Blood
GSM1235550,58.0,57.42683029174805,train,,Whole Blood
GSM1235551,48.0,53.77547836303711,train,,Whole Blood
GSM1235552,46.0,51.22709655761719,train,,Whole Blood
GSM1235553,44.0,52.603309631347656,train,,Whole Blood
GSM1235554,55.0,61.98505783081055,train,,Whole Blood
GSM1235555,65.0,58.09300231933594,train,,Whole Blood
GSM1235556,52.0,58.37971496582031,valid,,Whole Blood
GSM1235557,46.0,53.876243591308594,train,,Whole Blood
GSM1235558,54.0,55.92747116088867,train,,Whole Blood
GSM1235559,60.0,56.38783264160156,test,,Whole Blood
GSM1235560,65.0,58.18848419189453,train,,Whole Blood
GSM1235561,42.0,47.8389892578125,train,,Whole Blood
GSM1235562,46.0,55.41712188720703,test,,Whole Blood
GSM1235563,44.0,47.905982971191406,train,,Whole Blood
GSM1235564,62.0,60.138179779052734,train,,Whole Blood
GSM1235565,43.0,59.56529235839844,train,,Whole Blood
GSM1235566,43.0,54.01327133178711,valid,,Whole Blood
GSM1235567,63.0,58.36775970458984,test,,Whole Blood
GSM1235568,54.0,60.194190979003906,train,,Whole Blood
GSM1235569,54.0,62.005470275878906,train,,Whole Blood
GSM1235570,51.0,52.756500244140625,train,,Whole Blood
GSM1235571,53.0,57.24356460571289,test,,Whole Blood
GSM1235572,64.0,61.657981872558594,train,,Whole Blood
GSM1235573,48.0,53.79059600830078,train,,Whole Blood
GSM1235574,64.0,60.12434387207031,test,,Whole Blood
GSM1235575,63.0,61.85533142089844,train,,Whole Blood
GSM1235576,44.0,54.260986328125,valid,,Whole Blood
GSM1235577,64.0,67.27430725097656,test,,Whole Blood
GSM1235578,56.0,55.110145568847656,valid,,Whole Blood
GSM1235579,56.0,54.520267486572266,train,,Whole Blood
GSM1235580,54.0,54.989707946777344,train,,Whole Blood
GSM1235581,44.0,42.65040969848633,train,,Whole Blood
GSM1235582,60.0,61.694427490234375,train,,Whole Blood
GSM1235583,51.0,58.54436492919922,valid,,Whole Blood
GSM1235584,47.0,57.472877502441406,test,,Whole Blood
GSM1235585,57.0,65.3338851928711,train,,Whole Blood
GSM1235586,46.0,63.980018615722656,test,,Whole Blood
GSM1235587,56.0,63.471561431884766,train,,Whole Blood
GSM1235588,60.0,62.0277099609375,train,,Whole Blood
GSM1235589,63.0,59.65438079833984,train,,Whole Blood
GSM1235590,62.0,64.2613525390625,test,,Whole Blood
GSM1235591,58.0,58.95401763916016,train,,Whole Blood
GSM1235592,62.0,63.13702392578125,train,,
GSM1235593,64.0,61.19622039794922,train,,
GSM1235594,53.0,58.38407897949219,train,,Whole Blood
GSM1235595,63.0,57.976417541503906,train,,
GSM1235596,62.0,60.12603759765625,train,,Whole Blood
GSM1235597,63.0,61.17204284667969,train,,
GSM1235598,60.0,58.478118896484375,train,,
GSM1235599,62.0,60.14046096801758,train,,
GSM1235600,49.0,51.6011962890625,train,,Whole Blood
GSM1235601,62.0,66.29125213623047,train,,Whole Blood
GSM1235602,65.0,64.58240509033203,train,,
GSM1235603,54.0,58.686279296875,train,,
GSM1235604,45.0,52.09402847290039,train,,Whole Blood
GSM1235605,56.0,57.35938262939453,valid,,Whole Blood
GSM1235606,62.0,69.84431457519531,train,,Whole Blood
GSM1235607,58.0,58.60429382324219,train,,Whole Blood
GSM1235608,48.0,57.306396484375,test,,
GSM1235609,59.0,63.54547119140625,train,,
GSM1235610,55.0,56.12015914916992,train,,
GSM1235611,44.0,45.61164474487305,train,,Whole Blood
GSM1235612,63.0,65.96331024169922,test,,Whole Blood
GSM1235613,50.0,46.651275634765625,train,,
GSM1235614,56.0,62.03614807128906,train,,
GSM1235615,46.0,53.287296295166016,train,,
GSM1235616,60.0,56.42796325683594,valid,,
GSM1235617,63.0,61.45735168457031,valid,,Whole Blood
GSM1235618,44.0,58.136077880859375,train,,
GSM1235619,62.0,59.09986877441406,valid,,Whole Blood
GSM1235620,63.0,60.206573486328125,train,,Whole Blood
GSM1235621,59.0,63.45916748046875,test,,Whole Blood
GSM1235622,46.0,49.77218246459961,train,,
GSM1235623,61.0,61.41324996948242,test,,
GSM1235624,51.0,56.590232849121094,test,,Whole Blood
GSM1235625,65.0,63.00385284423828,train,,Whole Blood
GSM1235626,57.0,58.97985076904297,train,,
GSM1235627,64.0,60.31890106201172,train,,
GSM1235628,49.0,57.160911560058594,train,,Whole Blood
GSM1235629,51.0,54.93964385986328,train,,
GSM1235630,59.0,63.22755432128906,train,,
GSM1235631,44.0,56.31355667114258,train,,Whole Blood
GSM1235632,65.0,66.84150695800781,train,,Whole Blood
GSM1235633,62.0,66.37139892578125,test,,
GSM1235634,44.0,44.071510314941406,train,,
GSM1235635,53.0,53.77643585205078,train,,
GSM1235636,51.0,61.67762756347656,valid,,
GSM1235637,51.0,54.68570327758789,train,,Whole Blood
GSM1235638,52.0,60.38606262207031,test,,Whole Blood
GSM1235639,61.0,62.129886627197266,train,,
GSM1235640,61.0,62.03093719482422,test,,Whole Blood
GSM1235641,59.0,60.200416564941406,train,,Whole Blood
GSM1235642,47.0,54.30711364746094,test,,
GSM1235643,61.0,51.28631591796875,train,,Whole Blood
GSM1235644,58.0,62.26798629760742,valid,,Whole Blood
GSM1235645,45.0,55.85833358764648,valid,,
GSM1235646,59.0,67.20352935791016,train,,Whole Blood
GSM1235647,43.0,58.22004699707031,train,,
GSM1235648,57.0,58.66685485839844,train,,
GSM1235649,55.0,58.85923767089844,train,,Whole Blood
GSM1235650,60.0,58.60298156738281,test,,
GSM1235651,64.0,67.69417572021484,valid,,
GSM1235652,61.0,64.06471252441406,train,,
GSM1235653,63.0,61.9031982421875,train,,
GSM1235654,54.0,61.03691864013672,train,,Whole Blood
GSM1235655,62.0,63.85746765136719,train,,Whole Blood
GSM1235656,53.0,56.70348358154297,train,,
GSM1235657,59.0,59.55839920043945,test,,Whole Blood
GSM1235658,63.0,58.89716339111328,train,,
GSM1235659,55.0,60.23046112060547,train,,Whole Blood
GSM1235660,57.0,60.992916107177734,test,,Whole Blood
GSM1235661,58.0,61.05927276611328,train,,Whole Blood
GSM1235662,47.0,45.56782913208008,train,,
GSM1235663,42.0,39.30222702026367,train,,
GSM1235664,56.0,59.22692108154297,train,,Whole Blood
GSM1235665,58.0,62.33812713623047,train,,
GSM1235666,45.0,54.38962173461914,test,,
GSM1235667,56.0,56.759056091308594,train,,Whole Blood
GSM1235668,64.0,60.10577392578125,train,,
GSM1235669,41.0,48.46155548095703,valid,,
GSM1235670,62.0,65.119384765625,train,,Whole Blood
GSM1235671,47.0,53.01741790771485,test,,
GSM1235672,57.0,56.62638092041016,train,,Whole Blood
GSM1235673,60.0,58.74918365478515,train,,
GSM1235674,49.0,62.59253692626953,test,,
GSM1235675,46.0,52.2701301574707,train,,
GSM1235676,54.0,57.858497619628906,train,,
GSM1235677,52.0,58.20812225341797,train,,Whole Blood
GSM1235678,61.0,44.90778350830078,test,,
GSM1235679,67.0,66.88567352294922,valid,,Whole Blood
GSM1235680,42.0,48.44915771484375,train,,Whole Blood
GSM1235681,49.0,47.08039093017578,valid,,
GSM1235682,63.0,63.97100830078125,train,,
GSM1235683,55.0,59.77294921875,test,,Whole Blood
GSM1235684,65.0,66.63790130615234,train,,
GSM1235685,63.0,65.59846496582031,train,,
GSM1235686,52.0,57.7506103515625,test,,
GSM1235687,54.0,57.48529815673828,train,,
GSM1235688,47.0,65.42427062988281,valid,,
GSM1235689,58.0,56.12483215332031,train,,
GSM1235690,51.0,57.926273345947266,train,,
GSM1235691,51.0,53.90892791748047,test,,
GSM1235692,51.0,58.24256134033203,valid,,
GSM1235693,45.0,42.01726913452149,train,,
GSM1235694,60.0,60.783241271972656,train,,Whole Blood
GSM1235695,61.0,77.35134887695312,train,,
GSM1235696,58.0,58.67637634277344,train,,
GSM1235697,51.0,62.13847732543945,train,,
GSM1235698,61.0,63.23826599121094,train,,
GSM1235699,65.0,64.37907409667969,train,,
GSM1235700,60.0,60.08988952636719,train,,
GSM1235701,60.0,72.74542236328125,train,,
GSM1235702,60.0,61.16107940673828,train,,
GSM1235703,56.0,61.27244567871094,train,,Whole Blood
GSM1235704,42.0,52.689247131347656,train,,Whole Blood
GSM1235705,43.0,53.60893249511719,train,,
GSM1235706,49.0,57.251976013183594,test,,Whole Blood
GSM1235707,47.0,52.52907943725586,test,,Whole Blood
GSM1235708,56.0,61.982627868652344,train,,Whole Blood
GSM1235709,57.0,60.99174118041992,train,,
GSM1235710,50.0,55.44452667236328,test,,
GSM1235711,57.0,55.99104309082031,train,,Whole Blood
GSM1235712,46.0,49.48088455200195,valid,,
GSM1235713,55.0,52.047149658203125,test,,
GSM1235714,58.0,55.804840087890625,train,,Whole Blood
GSM1235715,65.0,61.31135177612305,train,,
GSM1235716,59.0,55.22100830078125,train,,
GSM1235717,61.0,65.35749816894531,train,,
GSM1235718,51.0,52.656982421875,train,,
GSM1235719,54.0,66.2608642578125,train,,
GSM1235720,54.0,62.27035140991211,train,,
GSM1235721,65.0,56.29399490356445,train,,Whole Blood
GSM1235722,63.0,54.16053771972656,train,,
GSM1235723,55.0,58.945579528808594,train,,Whole Blood
GSM1235724,49.0,54.97624206542969,train,,
GSM1235725,64.0,63.80233001708984,test,,
GSM1235726,45.0,48.94036102294922,train,,
GSM1235727,56.0,65.367919921875,train,,Whole Blood
GSM1235728,51.0,56.115455627441406,train,,
GSM1235729,48.0,66.7884750366211,valid,,
GSM1235730,59.0,67.37764739990234,train,,Whole Blood
GSM1235731,44.0,55.61165618896485,train,,
GSM1235732,57.0,57.379539489746094,valid,,
GSM1235733,62.0,59.30316925048828,train,,
GSM1235734,63.0,60.98496627807617,test,,
GSM1235735,53.0,49.1864013671875,train,,
GSM1235736,64.0,66.89468383789062,valid,,
GSM1235737,52.0,51.9542350769043,train,,
GSM1235738,61.0,51.205055236816406,test,,
GSM1235739,53.0,52.80241394042969,train,,
GSM1235740,42.0,59.5974235534668,test,,Whole Blood
GSM1235741,58.0,54.99674987792969,train,,
GSM1235742,49.0,55.90096282958984,train,,Whole Blood
GSM1235743,56.0,58.50468826293945,train,,
GSM1235745,44.0,61.01380157470703,train,,
GSM1235746,50.0,57.67241668701172,train,,
GSM1235747,50.0,44.91743087768555,test,,
GSM1235748,56.0,56.07642364501953,test,,
GSM1235749,63.0,60.69630432128906,train,,
GSM1235750,60.0,59.76219177246094,valid,,
GSM1235751,55.0,57.64985656738281,train,,
GSM1235752,58.0,54.302921295166016,test,,Whole Blood
GSM1235753,59.0,65.11102294921875,valid,,
GSM1235754,60.0,62.29894256591797,train,,
GSM1235755,65.0,69.0183334350586,train,,
GSM1235756,54.0,52.84089279174805,train,,Whole Blood
GSM1235757,51.0,58.21938705444336,valid,,Whole Blood
GSM1235758,57.0,56.03819274902344,test,,
GSM1235759,50.0,59.27828598022461,valid,,
GSM1235760,61.0,60.38507843017578,train,,Whole Blood
GSM1235761,47.0,52.332794189453125,test,,
GSM1235762,52.0,54.840240478515625,test,,
GSM1235763,63.0,66.97842407226562,train,,
GSM1235764,56.0,56.960411071777344,train,,Whole Blood
GSM1235765,64.0,59.98394775390625,train,,
GSM1235766,62.0,65.75665283203125,train,,
GSM1235767,62.0,61.9876823425293,train,,
GSM1235768,56.0,60.50544738769531,train,,
GSM1235769,56.0,57.14860916137695,train,,
GSM1235770,53.0,58.916893005371094,train,,
GSM1235771,60.0,46.82520294189453,train,,
GSM1235772,59.0,64.58911895751953,train,,
GSM1235773,59.0,65.83941650390625,test,,
GSM1235774,53.0,58.31062316894531,train,,
GSM1235775,54.0,52.98662567138672,train,,
GSM1235776,55.0,60.11330032348633,train,,
GSM1235777,53.0,53.894229888916016,train,,
GSM1235778,55.0,60.605899810791016,test,,
GSM1235779,13.0,10.76169204711914,train,,
GSM1235780,28.0,35.062400817871094,test,,
GSM1235781,21.0,20.411935806274418,train,,Whole Blood
GSM1235782,13.0,16.23088836669922,train,,Whole Blood
GSM1235783,12.0,15.795257568359377,test,,
GSM1235784,6.0,6.860996246337891,train,,Whole Blood
GSM1235785,5.0,9.777788162231444,train,,
GSM1235786,12.0,10.195363998413086,train,,Whole Blood
GSM1235787,7.0,7.0200958251953125,train,,Whole Blood
GSM1235788,10.0,14.420843124389648,train,,
GSM1235789,5.0,6.7807464599609375,train,,Whole Blood
GSM1235790,14.0,17.019241333007812,test,,Whole Blood
GSM1235791,6.0,4.630344390869141,train,,
GSM1235792,23.0,19.123329162597656,train,,
GSM1235793,25.0,28.461345672607425,train,,Whole Blood
GSM1235794,12.0,7.517650604248047,train,,
GSM1235795,9.0,6.827613830566406,valid,,
GSM1235796,8.0,11.904664993286133,train,,
GSM1235797,15.0,12.21501922607422,train,,
GSM1235798,4.0,4.373809814453125,train,,
GSM1235799,7.0,10.767353057861328,train,,
GSM1235800,1.0,2.282695770263672,valid,,
GSM1235801,4.0,6.548027038574219,train,,
GSM1235802,5.0,8.965492248535156,valid,,
GSM1235803,13.0,11.96894073486328,test,,
GSM1235804,2.0,5.67169189453125,test,,Whole Blood
GSM1235805,1.0,5.725009918212891,train,,
GSM1235806,7.0,8.207633972167969,test,,Whole Blood
GSM1235807,55.21099853515625,60.16681671142578,valid,,
GSM1235808,56.6870002746582,58.6995849609375,test,,
GSM1235809,53.10900115966797,55.36560821533203,train,,Whole Blood
GSM1235810,43.4630012512207,46.23184585571289,valid,,
GSM1235811,54.222999572753906,65.17497253417969,train,,Whole Blood
GSM1235812,58.814998626708984,56.27170181274414,train,,Whole Blood
GSM1235813,56.07899856567383,53.46864318847656,valid,,Whole Blood
GSM1235814,50.78200149536133,56.84429168701172,train,,
GSM1235815,55.180999755859375,61.13298797607422,test,,Whole Blood
GSM1235816,45.56600189208984,45.768463134765625,test,,Whole Blood
GSM1235817,59.88800048828125,49.45603561401367,train,,Whole Blood
GSM1235818,58.470001220703125,58.92705535888672,train,,Whole Blood
GSM1235819,53.854000091552734,58.785789489746094,test,,Whole Blood
GSM1235820,45.70800018310547,55.96984100341797,train,,
GSM1235821,55.38899993896485,52.70943069458008,train,,Whole Blood
GSM1235822,58.448001861572266,57.8026237487793,train,,
GSM1235823,47.10499954223633,58.811256408691406,valid,,
GSM1235824,46.78200149536133,34.64772033691406,test,,Whole Blood
GSM1235825,50.94900131225586,53.023536682128906,train,,
GSM1235826,58.362998962402344,58.68018341064453,train,,Whole Blood
GSM1235827,64.1780014038086,63.06234359741211,train,,
GSM1235828,54.470001220703125,54.62507247924805,test,,
GSM1235829,51.04399871826172,58.40721893310547,train,,Whole Blood
GSM1235830,45.61800003051758,50.32167053222656,train,,Whole Blood
GSM1235831,48.28499984741211,57.373573303222656,train,,Whole Blood
GSM1235832,54.319000244140625,55.13334655761719,test,,
GSM1235833,63.5099983215332,64.60353088378906,train,,
GSM1235834,55.92599868774414,57.70867156982422,test,,
GSM1235835,56.14500045776367,54.270606994628906,train,,
GSM1235836,57.435001373291016,56.478172302246094,train,,Whole Blood
GSM1235837,41.24800109863281,47.997074127197266,train,,
GSM1235838,54.27000045776367,49.05726623535156,train,,Whole Blood
GSM1235839,61.85599899291992,62.71233367919922,train,,
GSM1235840,59.707000732421875,56.35993957519531,valid,,
GSM1235841,53.48699951171875,52.43710708618164,train,,
GSM1235842,46.49700164794922,50.15115737915039,train,,
GSM1235843,62.020999908447266,53.3574333190918,train,,
GSM1235844,62.29199981689453,60.63167572021485,train,,
GSM1235845,40.48699951171875,43.65935516357422,test,,
GSM1235846,53.06800079345703,60.74600601196289,train,,
GSM1235847,71.3290023803711,59.043758392333984,train,,
GSM1235848,46.28099822998047,51.636077880859375,test,,
GSM1235849,61.79899978637695,67.04412841796875,train,,
GSM1235850,47.49100112915039,54.45525741577149,train,,Whole Blood
GSM1235851,63.98899841308594,60.657989501953125,train,,
GSM1235852,60.20500183105469,60.31645584106445,train,,Whole Blood
GSM1235853,54.75699996948242,55.99923324584961,train,,
GSM1235854,63.17599868774414,61.088340759277344,valid,,
GSM1235855,45.39400100708008,48.292625427246094,train,,
GSM1235856,56.39699935913086,56.11479187011719,train,,
GSM1235857,44.18600082397461,52.22896957397461,train,,
GSM1235858,58.145999908447266,59.8366584777832,train,,Whole Blood
GSM1235859,45.86399841308594,49.40914535522461,train,,
GSM1235860,52.9119987487793,62.62462615966797,test,,
GSM1235861,47.00899887084961,56.24528121948242,test,,
GSM1235862,57.50600051879883,59.05378723144531,train,,
GSM1235863,54.97100067138672,55.1559944152832,train,,
GSM1235864,53.380001068115234,52.22840881347656,train,,
GSM1235865,46.858001708984375,53.789066314697266,train,,
GSM1235866,56.224998474121094,60.300811767578125,train,,Whole Blood
GSM1235867,60.15900039672851,67.34809875488281,train,,
GSM1235868,45.29199981689453,52.44532012939453,train,,
GSM1235869,51.25,52.376800537109375,valid,,
GSM1235870,64.22699737548828,63.55378723144531,train,,Whole Blood
GSM1235871,59.02799987792969,47.38713455200195,test,,Whole Blood
GSM1235872,45.35499954223633,57.43055725097656,test,,
GSM1235873,56.624000549316406,51.642608642578125,test,,Whole Blood
GSM1235874,50.05899810791016,58.874969482421875,train,,Whole Blood
GSM1235875,58.44200134277344,56.46296310424805,train,,Whole Blood
GSM1235876,42.94900131225586,50.36338806152344,train,,Whole Blood
GSM1235877,45.88100051879883,50.624664306640625,valid,,
GSM1235878,38.54100036621094,47.31349563598633,train,,
GSM1235879,41.12799835205078,41.97282028198242,train,,
GSM1235880,58.21799850463867,52.82667541503906,test,,
GSM1235881,58.50199890136719,54.41275405883789,test,,
GSM1235882,63.10699844360352,55.55085754394531,valid,,
GSM1235883,59.650001525878906,55.49026107788086,test,,Whole Blood
GSM1235884,56.75299835205078,55.55219268798828,train,,
GSM1235885,57.696998596191406,53.573368072509766,test,,
GSM1235886,57.38800048828125,58.48670196533203,train,,Whole Blood
GSM1235887,54.24800109863281,54.43580627441406,train,,Whole Blood
GSM1235888,37.141998291015625,45.12487030029297,train,,
GSM1235889,50.979000091552734,33.80116271972656,test,,
GSM1235890,51.202999114990234,58.05430221557617,valid,,
GSM1235891,59.86000061035156,55.55344009399414,valid,,Whole Blood
GSM1235892,43.354000091552734,51.59379577636719,train,,
GSM1235893,57.36899948120117,58.27925109863281,test,,
GSM1235894,57.75199890136719,53.659454345703125,train,,
GSM1235895,57.48099899291992,52.53126907348633,train,,
GSM1235896,58.14099884033203,65.95901489257812,valid,,
GSM1235897,50.17399978637695,60.15580749511719,test,,Whole Blood
GSM1235898,46.696998596191406,44.59082794189453,train,,
GSM1235899,57.987998962402344,55.4694709777832,train,,
GSM1235900,64.70899963378906,57.82971954345703,train,,
GSM1235901,45.09000015258789,54.7288932800293,train,,Whole Blood
GSM1235902,42.77899932861328,49.84619903564453,train,,
GSM1235903,60.290000915527344,54.6243896484375,train,,
GSM1235904,64.67900085449219,59.30982208251953,valid,,Whole Blood
GSM1235905,47.22800064086914,51.862205505371094,train,,
GSM1235906,63.5620002746582,59.73430633544922,train,,
GSM1235907,48.24100112915039,51.07627487182617,train,,
GSM1235908,55.69599914550781,54.58241271972656,train,,Whole Blood
GSM1235909,53.757999420166016,58.81356048583984,train,,
GSM1235910,65.14199829101562,62.84797668457031,valid,,
GSM1235911,48.42399978637695,55.382171630859375,train,,Whole Blood
GSM1235912,45.439998626708984,44.87570571899414,train,,
GSM1235913,61.415000915527344,57.19068145751953,valid,,
GSM1235914,44.24100112915039,46.96889114379883,test,,
GSM1235915,54.90999984741211,56.53678894042969,test,,Whole Blood
GSM1235916,53.27000045776367,58.22076416015625,train,,
GSM1235917,57.01599884033203,56.4876708984375,train,,
GSM1235918,51.7130012512207,53.39450454711914,train,,
GSM1235919,51.20899963378906,55.69939804077149,test,,
GSM1235920,58.564998626708984,58.24268341064453,valid,,
GSM1235921,45.755001068115234,45.809295654296875,train,,
GSM1235922,42.220001220703125,45.65459060668945,train,,Whole Blood
GSM1235923,58.27000045776367,57.479244232177734,train,,
GSM1235924,57.9109992980957,58.28308868408203,train,,
GSM1235925,60.89799880981445,56.216609954833984,train,,Whole Blood
GSM1235926,53.845001220703125,58.420433044433594,train,,Whole Blood
GSM1235927,53.28400039672851,56.27887725830078,train,,
GSM1235928,49.944000244140625,53.443206787109375,train,,
GSM1235929,40.73400115966797,48.5980339050293,test,,Whole Blood
GSM1235930,54.430999755859375,47.676666259765625,train,,Whole Blood
GSM1235931,52.952999114990234,53.296043395996094,train,,
GSM1235932,57.305999755859375,57.34994888305664,train,,
GSM1235933,63.555999755859375,58.993995666503906,test,,
GSM1235934,55.94300079345703,55.78156280517578,test,,Whole Blood
GSM1235935,34.68600082397461,43.6159782409668,valid,,Whole Blood
GSM1235936,57.435001373291016,57.45180892944336,test,,Whole Blood
GSM1235937,46.55400085449219,48.11385345458984,test,,
GSM1235938,46.59000015258789,54.326419830322266,test,,
GSM1235939,56.25199890136719,54.2777099609375,test,,Whole Blood
GSM1235940,52.54199981689453,54.827938079833984,train,,Whole Blood
GSM1235941,58.34600067138672,53.805660247802734,train,,Whole Blood
GSM1235942,59.58700180053711,57.232810974121094,train,,
GSM1235943,57.02399826049805,55.08824920654297,test,,
GSM1235944,46.95399856567383,48.55385971069336,train,,
GSM1235945,39.202999114990234,53.84005355834961,train,,
GSM1235946,47.68000030517578,52.63751602172851,train,,
GSM1235947,49.3390007019043,56.471134185791016,train,,Whole Blood
GSM1235948,61.28099822998047,65.567626953125,train,,
GSM1235949,54.36000061035156,51.35567092895508,train,,Whole Blood
GSM1235950,53.18299865722656,52.92182159423828,valid,,Whole Blood
GSM1235951,51.13999938964844,54.7037353515625,train,,
GSM1235952,58.28300094604492,61.13829803466797,test,,
GSM1235953,56.720001220703125,54.615203857421875,train,,Whole Blood
GSM1235954,52.10699844360352,57.0123291015625,train,,
GSM1235955,54.59000015258789,54.0135383605957,train,,Whole Blood
GSM1235956,47.08599853515625,53.29167938232422,test,,
GSM1235957,61.8120002746582,57.42008209228515,train,,
GSM1235958,61.01599884033203,59.049373626708984,train,,
GSM1235959,42.57600021362305,54.907772064208984,train,,
GSM1235960,55.85200119018555,57.326904296875,train,,
GSM1235961,56.797000885009766,56.1885986328125,test,,
GSM1235962,57.814998626708984,50.43505859375,valid,,Whole Blood
GSM1235963,63.38399887084961,61.42826843261719,train,,Whole Blood
GSM1235964,54.88800048828125,50.20549392700195,train,,
GSM1235965,44.91699981689453,51.044681549072266,test,,
GSM1235966,54.26399993896485,56.18659973144531,train,,Whole Blood
GSM1235967,54.4010009765625,56.17988586425781,train,,
GSM1235968,37.10300064086914,44.69526290893555,train,,
GSM1235969,35.15700149536133,46.129024505615234,train,,
GSM1235970,46.08100128173828,51.46043395996094,train,,
GSM1235971,60.22200012207031,59.06412506103515,train,,
GSM1235972,55.29899978637695,61.92498016357422,valid,,
GSM1235973,41.987998962402344,55.89884948730469,test,,Whole Blood
GSM1235974,55.98099899291992,61.32765197753906,train,,
GSM1235975,58.452999114990234,56.69589614868164,valid,,
GSM1235976,44.91999816894531,57.31321334838867,valid,,
GSM1235977,59.58700180053711,61.94896697998047,train,,
GSM1235978,45.9739990234375,54.95725631713867,train,,Whole Blood
GSM1235979,55.62799835205078,51.26283264160156,train,,Whole Blood
GSM1235980,64.93099975585938,59.792240142822266,train,,
GSM1235981,50.84199905395508,52.37221908569336,train,,
GSM1235982,46.47999954223633,47.20294570922851,train,,
GSM1235983,52.75,61.246788024902344,valid,,
GSM1235984,47.41999816894531,45.78426742553711,train,,Whole Blood
GSM1235985,53.5359992980957,60.916412353515625,train,,
GSM1235986,56.37200164794922,55.70467758178711,train,,
GSM1235987,50.57899856567383,57.38136291503906,train,,Whole Blood
GSM1235988,51.55899810791016,53.30055618286133,train,,Whole Blood
GSM1235989,54.505001068115234,53.75749969482422,train,,
GSM1235990,52.5369987487793,58.34400177001953,train,,
GSM1235991,53.382999420166016,56.19771957397461,train,,
GSM1235992,39.332000732421875,42.81363677978515,test,,
GSM1235993,61.176998138427734,57.48057174682617,test,,
GSM1235994,44.77199935913086,52.084991455078125,test,,Whole Blood
GSM1235995,58.9900016784668,59.25901794433594,valid,,
GSM1235996,52.57500076293945,55.93347930908203,train,,
GSM1235997,54.36600112915039,50.615943908691406,train,,
GSM1235998,63.45500183105469,57.24519729614258,test,,
GSM1235999,57.71900177001953,54.029335021972656,train,,
GSM1236000,43.7400016784668,48.178070068359375,train,,
GSM1236001,52.02199935913086,54.983612060546875,train,,Whole Blood
GSM1236002,57.47800064086914,61.60029602050781,test,,
GSM1236003,47.89899826049805,51.29212188720703,train,,Whole Blood
GSM1236004,58.93199920654297,57.97810363769531,train,,Whole Blood
GSM1236005,48.36100006103515,53.11042785644531,train,,Whole Blood
GSM1236006,49.547000885009766,56.180908203125,valid,,Whole Blood
GSM1236007,56.277000427246094,56.69637298583984,valid,,
GSM1236008,50.250999450683594,52.883209228515625,train,,
GSM1236009,60.48699951171875,55.587154388427734,test,,Whole Blood
GSM1236010,57.41299819946289,64.4566879272461,train,,
GSM1236011,63.71500015258789,61.7734489440918,test,,
GSM1236012,40.73099899291992,54.67707061767578,train,,
GSM1236013,48.457000732421875,47.31092071533203,train,,Whole Blood
GSM1236014,41.73899841308594,52.7828369140625,train,,
GSM1236015,54.72100067138672,54.16666793823242,train,,
GSM1236016,61.31999969482422,53.5578727722168,valid,,Whole Blood
GSM1236017,38.527000427246094,47.33553695678711,test,,
GSM1236018,50.63899993896485,58.639556884765625,test,,Whole Blood
GSM1236019,36.20000076293945,44.01580810546875,train,,
GSM1236020,71.94000244140625,61.673439025878906,test,,
GSM1236021,52.29600143432617,57.41606903076172,test,,
GSM1236022,53.380001068115234,52.97137451171875,test,,
GSM1236023,44.92499923706055,53.410945892333984,test,,
GSM1236024,59.28499984741211,51.79833984375,train,,
GSM1236025,44.30400085449219,47.73992919921875,train,,Whole Blood
GSM1236026,35.46099853515625,47.04450607299805,test,,
GSM1236027,43.3650016784668,50.82136917114258,train,,
GSM1236028,54.57099914550781,52.99414825439453,train,,
GSM1236029,40.99100112915039,53.4735221862793,train,,Whole Blood
GSM1236030,60.32600021362305,59.097564697265625,train,,
GSM1236031,54.321998596191406,56.24254608154297,test,,
GSM1236032,56.82099914550781,56.34437561035156,test,,Whole Blood
GSM1236033,49.027000427246094,54.69865417480469,train,,
GSM1236034,41.45899963378906,47.544647216796875,train,,
GSM1236035,59.75600051879883,56.92000961303711,train,,
GSM1236036,61.814998626708984,63.01202392578125,train,,
GSM1236037,57.53300094604492,64.55216979980469,train,,
GSM1236038,48.4109992980957,49.13494491577149,train,,
GSM1236039,44.237998962402344,47.00362014770508,valid,,Whole Blood
GSM1236040,57.79899978637695,53.95500946044922,train,,
GSM1236041,45.29800033569336,51.8862190246582,train,,
GSM1236042,42.99800109863281,55.721290588378906,train,,
GSM1236043,59.68000030517578,54.58769226074219,train,,Whole Blood
GSM1236044,58.33000183105469,58.02717590332031,train,,
GSM1236045,59.68199920654297,59.35470962524414,train,,Whole Blood
GSM1236046,57.41299819946289,60.96400451660156,train,,Whole Blood
GSM1236047,51.233001708984375,52.896705627441406,valid,,Whole Blood
GSM1236048,39.93399810791016,52.32496643066406,train,,Whole Blood
GSM1236049,58.57400131225586,59.54798126220703,test,,Whole Blood
GSM1236050,53.6619987487793,56.76082992553711,train,,
GSM1236051,54.04499816894531,59.58921813964844,train,,
GSM1236052,56.72600173950195,56.25731658935547,train,,Whole Blood
GSM1236053,60.444000244140625,57.57688903808594,train,,Whole Blood
GSM1236054,44.01599884033203,47.13882064819336,train,,Whole Blood
GSM1236055,43.9640007019043,51.857757568359375,train,,
GSM1236056,64.0270004272461,55.04497146606445,train,,
GSM1236057,42.68000030517578,51.47647476196289,train,,Whole Blood
GSM1236058,60.323001861572266,56.638484954833984,train,,
GSM1236059,48.92300033569336,55.71132278442383,test,,
GSM1236060,41.207000732421875,44.895301818847656,train,,
GSM1236061,41.007999420166016,50.89995574951172,train,,
GSM1236062,53.10900115966797,56.9818000793457,valid,,Whole Blood
GSM1236063,54.43399810791016,55.74124526977539,test,,
GSM1236064,48.26800155639648,51.92948913574219,test,,Whole Blood
GSM1236065,47.00899887084961,51.160430908203125,train,,Whole Blood
GSM1236066,58.242000579833984,58.687782287597656,train,,
GSM1236067,57.23500061035156,56.30170822143555,valid,,Whole Blood
GSM1236068,49.665000915527344,57.21022415161133,train,,
GSM1236069,43.55099868774414,54.03435897827149,train,,
GSM1236070,52.270999908447266,57.517112731933594,train,,
GSM1236071,54.33300018310547,57.34259414672851,valid,,
GSM1236072,60.720001220703125,56.27296829223633,train,,
GSM1236073,62.529998779296875,64.85787200927734,train,,
GSM1236074,56.137001037597656,53.04327392578125,test,,Whole Blood
GSM1236075,55.915000915527344,53.318214416503906,train,,Whole Blood
GSM1236076,48.55899810791016,53.003780364990234,train,,
GSM1236077,54.902000427246094,53.687652587890625,train,,
GSM1236078,53.37200164794922,55.63288116455078,train,,
GSM1236079,49.05400085449219,56.96273040771485,train,,
GSM1236080,42.749000549316406,47.59044647216797,train,,
GSM1236081,57.571998596191406,56.67667770385742,test,,
GSM1236082,41.21799850463867,48.28936004638672,train,,
GSM1236083,56.512001037597656,55.7662353515625,train,,
GSM1236084,58.542999267578125,59.32460021972656,train,,Whole Blood
GSM1236085,43.86600112915039,55.00033187866211,train,,
GSM1236086,44.56100082397461,49.16329574584961,train,,Whole Blood
GSM1236087,61.20500183105469,58.23686981201172,train,,
GSM1236088,56.119998931884766,57.62055206298828,train,,
GSM1236089,62.96799850463867,60.296653747558594,valid,,
GSM1236090,60.56100082397461,55.87479019165039,valid,,
GSM1236091,64.74500274658203,56.245304107666016,valid,,
GSM1236092,63.391998291015625,59.73101806640625,train,,
GSM1236093,56.21599960327149,57.98078155517578,test,,Whole Blood
GSM1236094,52.17499923706055,47.60710525512695,train,,
GSM1236095,53.31399917602539,60.73268127441406,train,,
GSM1236096,39.85200119018555,47.442405700683594,test,,
GSM1236097,63.20600128173828,64.83621215820312,train,,
GSM1236098,61.00199890136719,53.695655822753906,train,,
GSM1236099,57.90800094604492,55.80983352661133,test,,
GSM1236100,56.422000885009766,60.90739440917969,train,,Whole Blood
GSM1236101,45.86199951171875,53.82854080200195,train,,
GSM1236102,65.96299743652344,54.7581787109375,train,,
GSM1236103,59.51499938964844,59.660457611083984,train,,
GSM1236104,48.54199981689453,52.05060195922851,train,,
GSM1236105,44.999000549316406,47.9498405456543,train,,
GSM1236106,47.33700180053711,55.856327056884766,test,,
GSM1236107,53.21799850463867,54.916893005371094,train,,Whole Blood
GSM1236108,50.20100021362305,56.099021911621094,train,,
GSM1236109,62.16600036621094,60.74187088012695,test,,Whole Blood
GSM1236110,56.62699890136719,58.923828125,train,,Whole Blood
GSM1236111,49.03499984741211,53.170166015625,train,,
GSM1236112,64.71199798583984,59.54103088378906,train,,Whole Blood
GSM1236113,58.83399963378906,62.376853942871094,train,,Whole Blood
GSM1236114,53.09000015258789,60.66584777832031,train,,
GSM1236115,72.0469970703125,62.15626525878906,train,,Whole Blood
GSM1236116,64.68399810791016,61.870513916015625,test,,
GSM1236117,54.15700149536133,58.34703826904297,valid,,
GSM1236118,43.21099853515625,49.55046463012695,train,,
GSM1236119,61.19100189208984,57.998435974121094,train,,Whole Blood
GSM1236120,59.23600006103515,54.207862854003906,valid,,
GSM1236121,47.915000915527344,56.12421798706055,train,,
GSM1236122,51.67399978637695,51.322628021240234,train,,
GSM1236123,49.36600112915039,44.6550178527832,train,,
GSM1236124,58.60100173950195,58.682350158691406,train,,
GSM1236125,65.83399963378906,61.719512939453125,test,,
GSM1236126,64.37000274658203,53.76006317138672,train,,
GSM1236127,52.79100036621094,56.62437438964844,valid,,
GSM1236128,54.70000076293945,45.53275680541992,test,,
GSM1236129,39.62200164794922,46.131690979003906,test,,
GSM1236130,63.82500076293945,59.31147003173828,valid,,
GSM1236131,64.6760025024414,57.93442153930664,valid,,Whole Blood
GSM1236132,52.99700164794922,56.925682067871094,train,,
GSM1236133,57.16899871826172,59.45386505126953,train,,
GSM1236134,42.185001373291016,47.24768829345703,train,,
GSM1236135,38.80899810791016,47.30830001831055,train,,Whole Blood
GSM1236136,62.14899826049805,55.7548828125,train,,Whole Blood
GSM1236137,53.59600067138672,54.39468765258789,test,,Whole Blood
GSM1236138,43.50199890136719,46.93546676635742,train,,
GSM1236139,59.69100189208984,54.536842346191406,valid,,
GSM1236140,54.61199951171875,58.19573593139648,train,,
GSM1236141,34.58700180053711,48.36785507202149,train,,
GSM1236142,54.8120002746582,59.470191955566406,valid,,Whole Blood
GSM1236143,59.8380012512207,52.773006439208984,train,,
GSM1236144,43.369998931884766,51.514102935791016,test,,
GSM1236145,54.250999450683594,54.09348678588867,train,,
GSM1236146,51.79499816894531,53.43616485595703,train,,
GSM1236147,54.49399948120117,53.594478607177734,train,,Whole Blood
GSM1236148,38.926998138427734,47.35641860961914,train,,
GSM1236149,64.37200164794922,62.29632568359375,train,,
GSM1236150,56.512001037597656,58.64000701904297,train,,Whole Blood
GSM1236151,50.49700164794922,46.37208557128906,train,,Whole Blood
GSM1236152,63.347999572753906,58.79874038696289,train,,Whole Blood
GSM1236153,47.40599822998047,54.52713394165039,test,,
GSM1236154,58.448001861572266,63.37908172607422,valid,,
GSM1236155,63.012001037597656,59.68378448486328,train,,
GSM1236156,58.09199905395508,56.154537200927734,train,,
GSM1236157,52.04399871826172,52.2296142578125,test,,
GSM1236158,54.12200164794922,54.200592041015625,test,,
GSM1236159,49.571998596191406,52.12279510498047,test,,
GSM1236160,65.01799774169922,56.592288970947266,train,,Whole Blood
GSM1236161,61.435001373291016,57.40507507324219,test,,
GSM1236162,61.00199890136719,61.23210906982422,train,,Whole Blood
GSM1236163,63.862998962402344,59.81495666503906,train,,
GSM1236164,48.65399932861328,58.04482650756836,valid,,
GSM1236165,57.67300033569336,65.63412475585938,train,,
GSM1236166,56.67399978637695,59.613494873046875,train,,
GSM1236167,49.42900085449219,56.29877471923828,train,,Whole Blood
GSM1236168,43.90399932861328,45.88384246826172,train,,
GSM1236169,60.24100112915039,53.95219421386719,test,,
GSM1236170,53.979000091552734,55.29360580444336,valid,,
GSM1236171,47.96200180053711,53.93941879272461,train,,Whole Blood
GSM1236172,58.845001220703125,60.329376220703125,train,,
GSM1236173,51.97800064086914,54.32973098754883,valid,,Whole Blood
GSM1236174,48.75,55.65403366088867,train,,
GSM1236175,47.61399841308594,51.31548309326172,test,,
GSM1236176,44.624000549316406,50.61098861694336,train,,
GSM1236177,36.172000885009766,35.591407775878906,train,,
GSM1236178,61.88100051879883,61.340057373046875,train,,
GSM1236179,53.42599868774414,56.31500244140625,train,,Whole Blood
GSM1236180,46.452999114990234,52.697601318359375,train,,Whole Blood
GSM1236181,56.569000244140625,60.11163330078125,train,,
GSM1236182,57.28400039672851,55.81668472290039,train,,
GSM1236183,44.14799880981445,53.221927642822266,train,,
GSM1236184,61.52199935913086,56.512332916259766,train,,
GSM1236185,49.03499984741211,51.49864196777344,test,,
GSM1236186,52.930999755859375,52.27245330810547,valid,,Whole Blood
GSM1236187,57.119998931884766,58.134254455566406,train,,
GSM1236188,52.63199996948242,54.1125373840332,train,,
GSM1236189,52.500999450683594,55.19922637939453,train,,
GSM1236190,49.55799865722656,54.96302032470703,train,,
GSM1236191,59.310001373291016,61.330074310302734,train,,
GSM1236192,65.85399627685547,61.85993576049805,train,,Whole Blood
GSM1236193,57.237998962402344,50.94493103027344,train,,
GSM1236194,58.66899871826172,55.05364990234375,train,,
GSM1236195,43.803001403808594,54.849483489990234,train,,Whole Blood
GSM1236196,47.28300094604492,51.53178405761719,train,,Whole Blood
GSM1236197,57.5629997253418,57.22239303588867,train,,
GSM1236198,58.04800033569336,52.60850143432617,valid,,
GSM1236199,59.9119987487793,57.30794525146485,train,,Whole Blood
GSM1236200,60.34199905395508,58.946983337402344,train,,
GSM1236201,50.85300064086914,56.46102523803711,test,,Whole Blood
GSM1236202,51.744998931884766,59.341495513916016,train,,
GSM1236203,53.88899993896485,62.3657112121582,train,,
GSM1236204,57.6619987487793,57.83335876464844,valid,,Whole Blood
GSM1236205,53.5,43.852760314941406,train,,Whole Blood
GSM1236206,61.08100128173828,59.12375259399414,test,,Whole Blood
GSM1236207,56.19200134277344,56.72930145263672,train,,
GSM1236208,57.52000045776367,59.51087951660156,train,,Whole Blood
GSM1236209,64.39399719238281,57.121925354003906,train,,Whole Blood
GSM1236210,63.61899948120117,56.675418853759766,train,,
GSM1236211,42.65800094604492,54.27044677734375,train,,Whole Blood
GSM1236212,54.790000915527344,56.82828903198242,train,,Whole Blood
GSM1236213,47.13999938964844,57.463863372802734,test,,Whole Blood
GSM1236214,60.270999908447266,55.847923278808594,test,,Whole Blood
GSM1236215,63.89899826049805,59.134761810302734,train,,Whole Blood
GSM1236216,51.12699890136719,47.02619171142578,train,,Whole Blood
GSM1236217,54.185001373291016,56.26424407958984,train,,
GSM1236218,53.86399841308594,59.72350311279297,train,,Whole Blood
GSM1236219,54.93199920654297,57.9844970703125,train,,Whole Blood
GSM1236220,41.34400177001953,54.829078674316406,valid,,
GSM1236221,39.16999816894531,49.391639709472656,test,,Whole Blood
GSM1236222,51.90999984741211,57.991844177246094,train,,
GSM1236223,50.96500015258789,57.95684051513672,train,,
GSM1236224,55.51800155639648,55.750919342041016,test,,Whole Blood
GSM1236225,59.60599899291992,54.71691131591797,train,,
GSM1236226,63.88800048828125,56.95613861083984,train,,
GSM1236227,47.012001037597656,52.88621139526367,train,,Whole Blood
GSM1236228,48.555999755859375,53.79560852050781,train,,
GSM1236229,63.7130012512207,56.648704528808594,test,,
GSM1236230,44.0,55.84881591796875,train,,Whole Blood
GSM1236231,56.01900100708008,55.82015609741211,train,,Whole Blood
GSM1236232,68.1510009765625,57.42143249511719,train,,
GSM1236233,58.16600036621094,57.187198638916016,test,,
GSM1236234,67.94000244140625,61.06691360473633,train,,
GSM1236235,52.40800094604492,60.86515808105469,train,,
GSM1236236,58.96799850463867,58.73888397216797,train,,
GSM1236237,48.90299987792969,50.94099044799805,train,,Whole Blood
GSM1236238,45.80400085449219,51.34563064575195,test,,
GSM1236239,56.67399978637695,58.03647232055664,train,,
GSM1236240,54.9900016784668,60.674415588378906,test,,Whole Blood
GSM1236241,48.55899810791016,56.48970031738281,train,,
GSM1236242,36.39400100708008,34.99625015258789,train,,
GSM1236243,64.73100280761719,64.73353576660156,valid,,Whole Blood
GSM1236244,57.47800064086914,65.08501434326172,train,,
GSM1236245,48.4739990234375,48.73820495605469,train,,
GSM1236246,59.654998779296875,56.53202819824219,train,,
GSM1236247,51.62200164794922,53.91091537475586,train,,
GSM1236248,53.71900177001953,53.747802734375,train,,
GSM1236249,54.814998626708984,54.48529815673828,train,,
GSM1236250,39.709999084472656,48.40911865234375,train,,
GSM1236251,55.5260009765625,49.73014450073242,test,,Whole Blood
GSM1236252,52.69300079345703,55.853782653808594,train,,Whole Blood
GSM1236253,64.27400207519531,60.406341552734375,train,,Whole Blood
GSM1236254,62.430999755859375,51.23101806640625,train,,
GSM1236255,47.23899841308594,48.88145446777344,train,,
GSM1236256,43.62200164794922,47.000614166259766,valid,,
GSM1236257,55.4109992980957,55.96548843383789,train,,
GSM1236258,63.17599868774414,55.04117965698242,train,,
GSM1236259,55.86899948120117,59.244441986083984,train,,
GSM1236260,61.91899871826172,57.13591766357422,train,,
GSM1236261,51.744998931884766,48.209251403808594,test,,
GSM1236262,53.62099838256836,54.798545837402344,train,,Whole Blood
GSM1236263,41.28400039672851,50.047367095947266,train,,
GSM1236264,61.78499984741211,58.33109664916992,train,,
GSM1236265,62.5629997253418,58.38465118408203,valid,,Whole Blood
GSM1236266,59.12900161743164,58.00132751464844,train,,
GSM1236267,57.327999114990234,57.46736145019531,train,,Whole Blood
GSM1236268,62.7599983215332,62.03446960449219,train,,Whole Blood
GSM1236269,65.3030014038086,57.61750793457031,train,,
GSM1236270,58.222999572753906,61.54706954956055,train,,
GSM1236271,67.57599639892578,62.579288482666016,test,,
GSM1236272,56.63800048828125,56.95550155639648,test,,Whole Blood
GSM1236273,54.23699951171875,56.243072509765625,test,,
GSM1236274,58.45000076293945,64.59220886230469,valid,,
GSM1236275,50.17100143432617,60.42396545410156,train,,
GSM1236276,57.46500015258789,58.55274200439453,valid,,
GSM1236277,55.4630012512207,52.070430755615234,test,,
GSM1236278,54.077999114990234,58.25726318359375,valid,,Whole Blood
GSM1236279,48.41600036621094,50.58985137939453,test,,
GSM1236280,44.89500045776367,45.03137969970703,train,,Whole Blood
GSM1236281,35.03900146484375,45.78694152832031,train,,
GSM1236282,47.744998931884766,56.58738708496094,test,,
GSM1236283,45.696998596191406,46.16166687011719,valid,,Whole Blood
GSM1236284,39.55899810791016,49.8192253112793,train,,
GSM1236285,58.23099899291992,52.57209777832031,train,,Whole Blood
GSM1236286,46.099998474121094,52.38907623291016,test,,Whole Blood
GSM1236287,57.39899826049805,58.394630432128906,train,,Whole Blood
GSM1236288,55.11800003051758,50.69278335571289,train,,
GSM1236289,58.75199890136719,53.10485076904297,train,,
GSM1236290,53.01300048828125,56.323692321777344,train,,
GSM1236291,60.65700149536133,57.51463317871094,train,,Whole Blood
GSM1236292,64.72799682617188,56.71012115478515,train,,Whole Blood
GSM1236293,62.33300018310547,63.58692169189453,test,,
GSM1236294,62.10300064086914,59.31835174560547,test,,Whole Blood
GSM1236295,45.33100128173828,46.823753356933594,test,,Whole Blood
GSM1236296,61.64500045776367,54.281864166259766,valid,,Whole Blood
GSM1236297,54.845001220703125,59.33464050292969,train,,
GSM1236298,47.51800155639648,54.11824035644531,valid,,
GSM1236299,51.202999114990234,51.8151969909668,test,,
GSM1236300,53.60699844360352,58.727935791015625,train,,
GSM1236301,62.73199844360352,55.4039421081543,train,,
GSM1236302,53.84000015258789,56.708160400390625,valid,,
GSM1236303,56.13100051879883,57.0986442565918,test,,
GSM1236304,58.992000579833984,56.47306823730469,valid,,
GSM1236305,40.89500045776367,53.537330627441406,train,,
GSM1236306,54.12699890136719,55.11833190917969,train,,
GSM1236307,56.720001220703125,56.78592300415039,train,,
GSM1236308,52.78300094604492,53.81022644042969,train,,
GSM1236309,61.8120002746582,62.61713409423828,valid,,
GSM1236310,55.430999755859375,56.41165542602539,train,,Whole Blood
GSM1236311,45.83399963378906,49.72292709350586,train,,
GSM1236312,49.82099914550781,54.25542068481445,train,,Whole Blood
GSM1236313,54.0,54.92976760864258,train,,
GSM1236314,26.0,25.0727596282959,test,,
GSM1236315,31.0,29.919578552246097,train,,
GSM1236316,23.0,24.709226608276367,train,,
GSM1236317,74.0,66.43313598632812,train,,Whole Blood
GSM1236318,37.0,32.758235931396484,train,,
GSM1236319,24.0,25.01904296875,train,,
GSM1236320,54.0,57.12247467041016,test,,
GSM1236321,26.0,25.743967056274418,valid,,
GSM1236322,26.0,23.55282974243164,test,,
GSM1236323,24.0,23.803237915039062,test,,
GSM1236324,24.0,22.58804702758789,test,,
GSM1236325,37.0,38.96003341674805,valid,,
GSM1236326,26.0,25.54854202270508,test,,
GSM1236327,26.0,25.628189086914062,train,,
GSM1236328,74.0,64.89088439941406,valid,,
GSM1236329,25.0,26.58881378173828,train,,
GSM1236330,39.0,26.380290985107425,train,,Whole Blood
GSM1236331,25.0,24.315088272094727,train,,
GSM1236332,24.0,21.372711181640625,train,,Whole Blood
GSM1236333,31.0,27.179370880126953,train,,
GSM1236334,24.0,20.778852462768555,train,,
GSM1236335,43.0,54.55965423583984,train,,
GSM1236336,24.0,21.30362892150879,test,,Whole Blood
GSM1236337,45.0,44.5301399230957,train,,
GSM1236338,27.0,30.31592559814453,train,,
GSM1236339,39.0,28.728185653686523,train,,
GSM1236340,27.0,27.628337860107425,valid,,Whole Blood
GSM1236341,37.0,30.27410125732422,valid,,
GSM1236342,24.0,20.037691116333008,train,,
GSM1236343,24.0,21.839256286621097,train,,Whole Blood
GSM1236344,24.0,18.29576873779297,train,,
GSM1236345,24.0,19.977848052978516,train,,Whole Blood
GSM1236346,37.0,36.376502990722656,train,,
GSM1236347,41.0,37.152442932128906,train,,Whole Blood
GSM1236348,32.0,37.31630325317383,train,,Whole Blood
GSM1236349,67.0,78.56303405761719,test,,Whole Blood
GSM1236350,74.0,80.5859375,train,,
GSM1236351,27.0,31.30828094482422,train,,
GSM1236352,25.0,28.78782844543457,test,,Whole Blood
GSM1236353,29.0,31.189964294433594,test,,
GSM1236354,72.0,74.21546936035156,train,,
GSM1236355,27.0,41.06168746948242,test,,
GSM1236356,65.0,75.12425231933594,train,,Whole Blood
GSM1236357,65.0,69.90483093261719,train,,Whole Blood
GSM1236358,70.0,72.21843719482422,train,,Whole Blood
GSM1236359,21.0,37.057647705078125,train,,Whole Blood
GSM1236360,69.0,77.3879165649414,train,,Whole Blood
GSM1236361,22.0,46.28995132446289,test,,Whole Blood
GSM1236362,84.0,78.49270629882812,test,,Whole Blood
GSM1236363,28.0,30.82345199584961,train,,Whole Blood
GSM1236364,65.0,71.65265655517578,train,,Whole Blood
GSM1236365,29.0,39.1854133605957,train,,Whole Blood
GSM1236366,72.0,78.46725463867188,train,,Whole Blood
GSM1236367,30.0,51.811370849609375,train,,Whole Blood
GSM1236368,20.0,35.073734283447266,train,,Whole Blood
GSM1236369,67.0,73.00286102294922,train,,Whole Blood
GSM1236370,30.0,46.44723892211914,valid,,Whole Blood
GSM1236371,39.0,30.411304473876953,train,,Whole Blood
GSM1236372,49.0,42.59644317626953,train,,Whole Blood
GSM1236373,49.0,36.85490798950195,train,,Whole Blood
GSM1236374,49.0,48.39535140991211,train,,Whole Blood
GSM1236375,18.0,22.486738204956055,train,,Whole Blood
GSM1236376,60.0,53.2590217590332,train,,Whole Blood
GSM1236377,31.0,31.02015686035156,train,,Whole Blood
GSM1236378,58.0,52.65571975708008,train,,Whole Blood
GSM1244499,49.0,52.43321990966797,train,,Whole Blood
GSM1244500,36.0,39.4171257019043,valid,,Whole Blood
GSM1244501,43.0,45.30221939086914,train,,Whole Blood
GSM1244502,35.0,38.78303909301758,train,,Whole Blood
GSM1244503,51.0,47.12125015258789,train,,Whole Blood
GSM1244504,43.0,49.44066619873047,train,,Whole Blood
GSM1244505,22.0,38.402801513671875,test,,Whole Blood
GSM1244506,38.0,60.13394927978515,train,,Whole Blood
GSM1244507,46.0,49.94100189208984,train,,Whole Blood
GSM1244508,48.0,58.82959747314453,train,,Whole Blood
GSM1244509,33.0,35.60781478881836,train,,Whole Blood
GSM1244510,33.0,33.289756774902344,train,,Whole Blood
GSM1244511,76.0,69.20890808105469,train,,Whole Blood
GSM1244512,42.0,46.181026458740234,train,,Whole Blood
GSM1244513,35.0,43.267860412597656,train,,Whole Blood
GSM1244514,56.0,64.42044067382812,valid,,Whole Blood
GSM1244515,66.0,62.01183319091797,train,,Whole Blood
GSM1244516,57.0,47.39857864379883,test,,Whole Blood
GSM1244517,32.0,31.86819076538086,test,,Whole Blood
GSM1244518,50.0,50.40577697753906,train,,Whole Blood
GSM1244519,24.0,37.781959533691406,train,,Whole Blood
GSM1244520,16.0,22.291343688964844,train,,Whole Blood
GSM1244521,59.0,59.35279083251953,train,,Whole Blood
GSM1244522,21.0,31.754375457763672,test,,Whole Blood
GSM1244534,64.0,64.04572296142578,train,,Whole Blood
GSM1244535,57.0,64.70458221435547,train,,Whole Blood
GSM1244536,58.0,61.949371337890625,train,,Whole Blood
GSM1244537,60.0,65.99728393554688,train,,Whole Blood
GSM1244538,9.0,19.788564682006836,valid,,Whole Blood
GSM1244539,48.0,46.01195526123047,train,,Whole Blood
GSM1244540,56.0,60.73081588745117,train,,Whole Blood
GSM1244541,58.0,68.05683898925781,test,,Whole Blood
GSM1244542,56.0,39.5785026550293,train,,Whole Blood
GSM1244543,61.0,62.763221740722656,valid,,Whole Blood
GSM1244544,45.0,43.73362731933594,train,,Whole Blood
GSM1244545,82.0,79.63670349121094,train,,Whole Blood
GSM1244546,73.0,66.76336669921875,train,,Whole Blood
GSM1244547,50.0,51.906944274902344,test,,Whole Blood
GSM1244548,31.0,40.1749267578125,train,,Whole Blood
GSM1244549,52.0,53.19925308227539,train,,Whole Blood
GSM1244550,56.77207946777344,56.50116729736328,train,,Whole Blood
GSM1244551,59.28268051147461,57.7850227355957,train,,Whole Blood
GSM1244552,61.91101837158203,60.89797592163086,train,,Whole Blood
GSM1244553,65.47296142578125,71.57101440429688,test,,Whole Blood
GSM1244554,65.52498626708984,49.00736999511719,test,,Whole Blood
GSM1244555,65.52498626708984,56.30955123901367,test,,Whole Blood
GSM1244556,54.55168151855469,54.749786376953125,train,,Whole Blood
GSM1244557,66.7871322631836,53.87309646606445,valid,,Whole Blood
GSM1244558,75.09651184082031,62.483619689941406,train,,Whole Blood
GSM1244559,67.08281707763672,64.8265151977539,test,,Whole Blood
GSM1244560,60.06296920776367,58.84941101074219,test,,Whole Blood
GSM1244561,63.835731506347656,62.346736907958984,valid,,Whole Blood
GSM1244562,59.28268051147461,51.6083869934082,train,,Whole Blood
GSM1244563,54.8555793762207,58.22130584716797,valid,,Whole Blood
GSM1244564,54.55168151855469,55.31014251708984,train,,Whole Blood
GSM1244565,76.498291015625,68.1917724609375,train,,Whole Blood
GSM1244566,59.080078125,64.49081420898438,train,,Whole Blood
GSM1244567,60.019168853759766,58.84800338745117,test,,Whole Blood
GSM1244568,59.080078125,59.972023010253906,valid,,Whole Blood
GSM1244569,60.06296920776367,56.15299224853515,train,,Whole Blood
GSM1255769,58.5872688293457,64.12814331054688,train,,Skin
GSM1255770,61.913761138916016,56.96955108642578,train,,Skin
GSM1255771,54.8555793762207,55.21318435668945,train,,Skin
GSM1255772,58.5872688293457,64.5213623046875,train,,Skin
GSM1255773,65.47296142578125,63.610313415527344,train,,Skin
GSM1255774,56.0,45.53596496582031,train,,Skin
GSM1255775,28.0,27.55319023132324,train,,Skin
GSM1255776,21.0,44.503173828125,train,,Skin
GSM1255777,32.0,28.945941925048828,test,,Skin
GSM1255778,2.0,4.987422943115234,train,,Skin
GSM1255789,22.0,24.695720672607425,train,,Skin
GSM1255790,36.0,40.52610778808594,valid,,Skin
GSM1255791,24.0,30.57581901550293,train,,Skin
GSM1255792,41.0,46.85887145996094,train,,Skin
GSM1255793,50.0,45.225093841552734,train,,Skin
GSM1255794,56.0,51.15757751464844,train,,Skin
GSM1255795,22.0,26.875263214111328,train,,Skin
GSM1255797,80.0,78.09381103515625,train,,Skin
GSM1255798,68.0,61.22560119628906,train,,Skin
GSM1255809,73.0,69.54252624511719,test,,Skin
GSM1255810,63.0,65.11717224121094,train,,Skin
GSM1255811,76.0,75.83976745605469,train,,Skin
GSM1255812,68.0,79.39915466308594,valid,,Skin
GSM1255813,79.0,63.85887908935547,train,,Skin
GSM1255814,78.0,69.67648315429688,train,,Skin
GSM1255815,77.0,73.08346557617188,test,,Skin
GSM1255816,52.0,53.53208541870117,train,,Skin
GSM1255817,72.0,68.43893432617188,train,,Skin
GSM1255827,68.0,72.70126342773438,train,,Skin
GSM1255828,83.0,67.34181213378906,train,,Skin
GSM1255829,57.0,72.00625610351562,train,,Skin
GSM1255830,76.0,78.8269271850586,train,,Skin
GSM1255831,78.0,84.41783905029297,train,,Skin
GSM1255832,64.0,71.40355682373047,train,,Skin
GSM1255833,66.0,58.25462341308594,train,,Skin
GSM1255835,78.0,74.52244567871094,train,,Skin
GSM1255836,68.0,75.09098815917969,train,,Skin
GSM1258207,62.0,72.32150268554688,train,,Other
GSM1258208,65.0,65.278564453125,train,,Other
GSM1258209,73.0,73.3227310180664,valid,,Other
GSM1258214,58.0,58.70319366455078,train,,Other
GSM1258215,66.0,64.88383483886719,train,,Other
GSM1258218,81.0,62.610233306884766,train,,Other
GSM1258219,82.0,79.02107238769531,train,,Other
GSM1258221,54.0,65.6165771484375,train,,Other
GSM1258222,67.0,62.02699279785156,test,,Other
GSM1258223,71.0,64.79418182373047,train,,Other
GSM1258224,72.0,70.49673461914062,train,,Other
GSM1258225,70.0,65.83856201171875,train,,Other
GSM1258229,75.0,68.00602722167969,train,,Other
GSM1258230,72.0,76.82864379882812,train,,Other
GSM1272151,67.0,64.65139770507812,valid,,Whole Blood
GSM1272152,83.0,71.24513244628906,train,,Whole Blood
GSM1272153,58.0,61.13488006591797,train,,Whole Blood
GSM1272154,73.0,73.31864929199219,train,,Whole Blood
GSM1272155,72.0,74.29135131835938,train,,Whole Blood
GSM1272156,65.0,68.44432067871094,train,,Whole Blood
GSM1272157,69.0,71.96316528320312,test,,Whole Blood
GSM1272158,47.0,67.96087646484375,train,,Whole Blood
GSM1272159,78.0,82.80271911621094,train,,Whole Blood
GSM1272160,65.0,62.38308334350586,train,,Whole Blood
GSM1272161,76.0,68.96630096435547,train,,Whole Blood
GSM1272162,89.0,78.74139404296875,train,,Whole Blood
GSM1272163,87.0,82.73553466796875,valid,,Whole Blood
GSM1272164,58.0,64.40411376953125,train,,Whole Blood
GSM1272165,49.0,61.01089859008789,test,,Whole Blood
GSM1272166,63.0,71.52409362792969,train,,Whole Blood
GSM1272167,59.0,62.87648391723633,train,,Whole Blood
GSM1272168,73.0,82.436767578125,train,,Whole Blood
GSM1272169,71.0,67.16179656982422,train,,Whole Blood
GSM1272170,71.0,80.22819519042969,test,,Whole Blood
GSM1272171,51.0,59.6820182800293,test,,Whole Blood
GSM1272172,69.0,68.49480438232422,train,,Whole Blood
GSM1272173,67.0,73.0842056274414,train,,Whole Blood
GSM1272174,63.0,46.58365249633789,test,,Whole Blood
GSM1272175,82.0,83.52241516113281,train,,Whole Blood
GSM1272176,51.0,60.54829406738281,train,,Whole Blood
GSM1272177,65.0,69.07596588134766,train,,Whole Blood
GSM1272178,69.0,78.90670776367188,train,,Whole Blood
GSM1272179,70.0,68.09471893310547,train,,Whole Blood
GSM1272180,77.0,74.02264404296875,train,,Whole Blood
GSM1272181,76.0,65.40589904785156,train,,Whole Blood
GSM1272182,48.0,45.3902702331543,train,,Whole Blood
GSM1272183,77.0,77.3582534790039,train,,Whole Blood
GSM1272184,60.0,59.576416015625,train,,Whole Blood
GSM1272185,67.0,72.88587951660156,train,,Whole Blood
GSM1272186,79.0,83.3792724609375,train,,Whole Blood
GSM1272187,59.0,63.002803802490234,train,,Whole Blood
GSM1272188,82.0,83.10122680664062,test,,Whole Blood
GSM1272189,73.0,73.58768463134766,train,,Whole Blood
GSM1272190,75.0,78.84999084472656,train,,Whole Blood
GSM1272191,64.0,67.59909057617188,train,,Whole Blood
GSM1272192,58.0,47.17276382446289,train,,Whole Blood
GSM1272193,83.0,81.61742401123047,train,,Whole Blood
GSM1272194,68.0,67.2243423461914,valid,,Whole Blood
GSM1272195,73.0,65.49494171142578,test,,Whole Blood
GSM1272196,77.0,84.20562744140625,valid,,Whole Blood
GSM1272197,93.0,71.40084838867188,valid,,Whole Blood
GSM1272198,65.0,69.04109954833984,train,,Whole Blood
GSM1272199,76.0,71.72663879394531,train,,Whole Blood
GSM1272200,65.0,76.18254089355469,train,,Whole Blood
GSM1272201,69.0,73.81878662109375,train,,Whole Blood
GSM1272202,67.0,67.85501098632812,train,,Whole Blood
GSM1272203,61.0,75.19894409179688,train,,Whole Blood
GSM1272204,87.0,71.18731689453125,valid,,Whole Blood
GSM1272205,59.0,61.0850715637207,train,,Whole Blood
GSM1272206,58.0,68.65109252929688,test,,Whole Blood
GSM1272207,45.0,48.06597900390625,train,,Whole Blood
GSM1272208,65.0,68.07493591308594,train,,Whole Blood
GSM1282779,89.0,79.37364959716797,train,,Whole Blood
GSM1282780,69.0,75.04646301269531,train,,Whole Blood
GSM1282781,68.0,72.56736755371094,train,,Whole Blood
GSM1282782,73.0,76.49258422851562,train,,Whole Blood
GSM1282783,76.0,68.985595703125,train,,Whole Blood
GSM1282784,53.0,67.82231140136719,train,,Whole Blood
GSM1282785,79.0,80.00431823730469,test,,Whole Blood
GSM1282786,69.0,79.13011932373047,test,,Whole Blood
GSM1282787,75.0,71.64041900634766,train,,Whole Blood
GSM1282788,73.0,65.81318664550781,train,,Whole Blood
GSM1282789,56.0,56.41789245605469,valid,,Whole Blood
GSM1282790,79.0,73.46015930175781,test,,Whole Blood
GSM1282791,70.0,62.64469909667969,train,,Whole Blood
GSM1282792,71.0,65.96499633789062,train,,Whole Blood
GSM1282793,71.0,67.39143371582031,valid,,Whole Blood
GSM1282794,68.0,70.29902648925781,test,,Whole Blood
GSM1282795,71.0,68.84625244140625,train,,Whole Blood
GSM1282796,57.0,67.50128173828125,test,,Whole Blood
GSM1282797,55.0,65.74427032470703,train,,Whole Blood
GSM1282798,77.0,75.58374786376953,train,,Whole Blood
GSM1282799,72.0,76.2647476196289,test,,Whole Blood
GSM1282800,61.0,75.92717742919922,train,,Whole Blood
GSM1282801,53.0,61.603477478027344,train,,Whole Blood
GSM1282802,76.0,67.5355224609375,test,,Whole Blood
GSM1282803,54.0,60.426300048828125,train,,Whole Blood
GSM1282804,51.0,53.123416900634766,test,,Whole Blood
GSM1282805,67.0,61.08709335327149,test,,Whole Blood
GSM1282806,57.0,48.7215576171875,test,,Whole Blood
GSM1282807,52.0,46.29840469360352,valid,,Whole Blood
GSM1282808,65.0,66.52830505371094,train,,Whole Blood
GSM1282809,58.0,61.311763763427734,train,,Whole Blood
GSM1282810,81.0,49.77006149291992,train,,Whole Blood
GSM1282811,52.0,55.41695785522461,train,,Whole Blood
GSM1282812,61.0,60.167327880859375,train,,Whole Blood
GSM1282813,33.0,42.95922088623047,train,,Whole Blood
GSM1282814,63.0,58.697784423828125,train,,Whole Blood
GSM1282815,0.0,0.6192970275878906,train,,Whole Blood
GSM1282816,0.0,-0.3711433410644531,train,,Whole Blood
GSM1282817,0.0,1.624919891357422,train,,Whole Blood
GSM1282818,0.0,0.6015357971191406,valid,,Whole Blood
GSM1282819,0.0,-0.6258964538574219,train,,Whole Blood
GSM1282820,0.0,-0.2081298828125,test,,Whole Blood
GSM1282821,0.0,-0.1168746948242187,train,,Whole Blood
GSM1283235,0.0,-0.4934234619140625,train,,Brain
GSM1283237,0.0,0.3528709411621094,train,,Brain
GSM1283240,0.0,0.6236610412597656,test,,Brain
GSM1283242,0.0,-0.0723457336425781,train,,Brain
GSM1283243,0.0,-0.0645294189453125,train,,Brain
GSM1283245,0.0,0.0941276550292968,test,,Brain
GSM1283246,0.0,3.30099105834961,train,,Brain
GSM1283247,0.0,0.3113365173339844,train,,Brain
GSM1283248,0.0,-0.3094673156738281,train,,Brain
GSM1283249,0.0,1.4536705017089844,test,,Brain
GSM1283251,0.0,0.4813766479492187,train,,Brain
GSM1283252,0.0,-0.3094062805175781,train,,Brain
GSM1283256,0.0,0.3329010009765625,train,,Brain
GSM1283257,0.0,0.7726325988769531,train,,Brain
GSM1283258,0.0,0.4723739624023437,train,,Brain
GSM1283268,0.0,3.559803009033203,train,,Brain
GSM1283269,0.0,0.33526611328125,test,,Brain
GSM1283270,0.0,1.1640167236328125,train,,Brain
GSM1283271,0.0,-0.5762100219726562,valid,,Brain
GSM1283272,0.0,0.4193229675292969,test,,Brain
GSM1283273,0.0,-0.0770645141601562,train,,Brain
GSM1299651,0.0,-0.3039970397949219,train,,Whole Blood
GSM1299653,0.0,0.4164199829101562,valid,,Whole Blood
GSM1299655,0.0,-0.2869224548339844,train,,Whole Blood
GSM1299657,0.0,-0.0501136779785156,train,,Whole Blood
GSM1299658,0.0,0.3353233337402344,train,,Whole Blood
GSM1299659,0.0,0.2763557434082031,test,,Whole Blood
GSM1299660,0.0,0.32196044921875,train,,Whole Blood
GSM1299663,0.0,0.3559989929199219,train,,Whole Blood
GSM1299665,0.0,-0.1667900085449218,test,,Whole Blood
GSM1299667,0.0,0.28924560546875,train,,Whole Blood
GSM1299669,0.0,0.1833038330078125,train,,Whole Blood
GSM1299671,0.0,0.1648750305175781,valid,,Whole Blood
GSM1299672,0.0,0.080780029296875,train,,Whole Blood
GSM1299675,0.0,0.5767631530761719,train,,Whole Blood
GSM1299677,0.0,0.2820243835449219,train,,Whole Blood
GSM1299679,0.0,0.04791259765625,train,,Whole Blood
GSM1299681,0.0,0.1362876892089843,train,,Whole Blood
GSM1299683,0.0,0.2567977905273437,train,,Whole Blood
GSM1299685,0.0,-0.0494728088378906,train,,Whole Blood
GSM1299687,0.0,-0.0067405700683593,test,,Whole Blood
GSM1299689,0.0,0.0385971069335937,train,,Whole Blood
GSM1299691,0.0,-0.1826362609863281,train,,Whole Blood
GSM1299693,0.0,0.1193428039550781,train,,Whole Blood
GSM1299695,0.0,0.045135498046875,train,,Whole Blood
GSM1299696,0.0,0.179901123046875,test,,Whole Blood
GSM1299699,0.0,0.0170860290527343,train,,Whole Blood
GSM1299701,0.0,0.1428031921386718,valid,,Whole Blood
GSM1299703,0.0,0.1426429748535156,test,,Whole Blood
GSM1299705,0.0,0.2856521606445312,train,,Whole Blood
GSM1299707,0.0,-0.091796875,test,,Whole Blood
GSM1299708,0.0,0.2759437561035156,train,,Whole Blood
GSM1299711,0.0,0.0412483215332031,test,,Whole Blood
GSM1299713,0.0,-0.0123977661132812,valid,,Whole Blood
GSM1299715,0.0,0.4678764343261719,valid,,Whole Blood
GSM1299717,0.0,0.4676055908203125,valid,,Whole Blood
GSM1299719,0.0,0.2249755859375,valid,,Whole Blood
GSM1299720,0.0,-0.0694618225097656,train,,Whole Blood
GSM1299723,0.0,-0.1684036254882812,train,,Whole Blood
GSM1299725,0.0,-0.0271186828613281,test,,Whole Blood
GSM1299727,0.0,0.5662460327148438,valid,,Whole Blood
GSM1299729,0.0,0.3825416564941406,test,,Whole Blood
GSM1299731,0.0,0.4863739013671875,test,,Whole Blood
GSM1299733,0.0,0.0650444030761718,train,,Whole Blood
GSM1299735,0.0,0.376678466796875,train,,Whole Blood
GSM1299737,0.0,0.0381698608398437,train,,Whole Blood
GSM1299739,0.0,-0.0655517578125,train,,Whole Blood
GSM1299741,0.0,0.1712265014648437,train,,Whole Blood
GSM1299743,0.0,-0.3996849060058594,valid,,Whole Blood
GSM1299745,0.0,0.2182464599609375,train,,Whole Blood
GSM1299746,0.0,0.1632118225097656,test,,Whole Blood
GSM1299748,0.0,0.1495704650878906,train,,Whole Blood
GSM1299749,0.0,0.2251663208007812,train,,Whole Blood
GSM1299753,0.0,-0.3070144653320312,train,,Whole Blood
GSM1299756,0.0,0.254791259765625,train,,Whole Blood
GSM1299757,0.0,0.2686691284179687,test,,Whole Blood
GSM1299758,0.0,0.163787841796875,train,,Whole Blood
GSM1299762,0.0,0.0641098022460937,train,,Whole Blood
GSM1299763,0.0,0.0662040710449218,test,,Whole Blood
GSM1299764,0.0,0.7289237976074219,train,,Whole Blood
GSM1299767,0.0,0.1606674194335937,test,,Whole Blood
GSM1299772,0.0,0.0284156799316406,train,,Whole Blood
GSM1299775,0.0,0.8424453735351562,train,,Whole Blood
GSM1299778,0.0,0.1846542358398437,train,,Whole Blood
GSM1299780,0.0,0.196929931640625,train,,Whole Blood
GSM1299785,0.0,0.5086708068847656,test,,Whole Blood
GSM1299788,0.0,0.280517578125,valid,,Whole Blood
GSM1299789,0.0,0.4604682922363281,train,,Whole Blood
GSM1299790,0.0,-0.0108451843261718,train,,Whole Blood
GSM1299794,0.0,-0.1281661987304687,train,,Whole Blood
GSM1299795,0.0,0.0209388732910156,train,,Whole Blood
GSM1299796,0.0,-0.102294921875,test,,Whole Blood
GSM1299799,0.0,0.1214561462402343,train,,Whole Blood
GSM1299801,0.0,0.204193115234375,train,,Whole Blood
GSM1299802,0.0,0.5315322875976562,train,,Whole Blood
GSM1299803,0.0,0.1013679504394531,train,,Whole Blood
GSM1299804,0.0,-0.1843452453613281,train,,Whole Blood
GSM1299806,0.0,0.1828498840332031,train,,Whole Blood
GSM1299807,0.0,-0.0306320190429687,train,,Whole Blood
GSM1299809,0.0,0.3436393737792969,train,,Whole Blood
GSM1299813,0.0,0.2190055847167968,valid,,Whole Blood
GSM1299816,0.0,-0.1658782958984375,valid,,Whole Blood
GSM1299818,0.0,0.0998077392578125,train,,Whole Blood
GSM1299820,0.0,-0.0182685852050781,test,,Whole Blood
GSM1299821,0.0,0.0414619445800781,train,,Whole Blood
GSM1299822,0.0,-0.2725143432617187,test,,Whole Blood
GSM1299823,0.0,-0.0235061645507812,train,,Whole Blood
GSM1299826,0.0,0.2663612365722656,train,,Whole Blood
GSM1299828,0.0,0.2318534851074218,train,,Whole Blood
GSM1299829,0.0,0.5026130676269531,train,,Whole Blood
GSM1299832,0.0,0.0858383178710937,test,,Whole Blood
GSM1299834,0.0,-0.2071037292480468,train,,Whole Blood
GSM1299835,0.0,0.7191200256347656,train,,Whole Blood
GSM1299836,0.0,0.1557044982910156,train,,Whole Blood
GSM1299837,0.0,0.1227989196777343,test,,Whole Blood
GSM1299838,0.0,0.1130256652832031,train,,Whole Blood
GSM1299839,0.0,-0.1049880981445312,valid,,Whole Blood
GSM1299841,0.0,-0.3093338012695312,test,,Whole Blood
GSM1300333,0.0,-0.18060302734375,train,,Whole Blood
GSM1300335,0.0,1.0645217895507812,valid,,Whole Blood
GSM1300337,0.0,0.1491012573242187,train,,Whole Blood
GSM1300339,0.0,0.1866569519042968,valid,,Whole Blood
GSM1300341,0.0,0.2003326416015625,train,,Whole Blood
GSM1300343,0.0,0.2828636169433594,train,,Whole Blood
GSM1300345,0.0,0.4178886413574219,train,,Whole Blood
GSM1300347,0.0,0.0605964660644531,train,,Whole Blood
GSM1300349,0.0,-0.02142333984375,valid,,Whole Blood
GSM1300351,0.0,0.0171661376953125,valid,,Whole Blood
GSM1300353,0.0,-0.1638603210449218,train,,Whole Blood
GSM1300355,0.0,-0.2137832641601562,train,,Whole Blood
GSM1300357,0.0,-0.0492591857910156,train,,Whole Blood
GSM1300359,0.0,-0.1338157653808593,valid,,Whole Blood
GSM1300361,0.0,0.2051811218261718,train,,Whole Blood
GSM1300363,0.0,-0.2108612060546875,valid,,Whole Blood
GSM1300365,0.0,-0.2267951965332031,train,,Whole Blood
GSM1300367,0.0,-0.3066864013671875,train,,Whole Blood
GSM1300369,0.0,0.3631820678710937,train,,Whole Blood
GSM1300371,0.0,0.5361976623535156,train,,Whole Blood
GSM1300373,0.0,0.0674362182617187,train,,Whole Blood
GSM1300375,0.0,0.0994796752929687,train,,Whole Blood
GSM1300377,0.0,0.1294288635253906,train,,Whole Blood
GSM1300379,0.0,-0.1711769104003906,train,,Whole Blood
GSM1300381,0.0,-0.0339775085449218,test,,Whole Blood
GSM1300383,0.0,0.1990318298339843,test,,Whole Blood
GSM1300385,0.0,-0.186370849609375,valid,,Whole Blood
GSM1300387,0.0,-0.1684341430664062,test,,Whole Blood
GSM1300389,0.0,0.1007843017578125,train,,Whole Blood
GSM1300391,0.0,0.0965805053710937,valid,,Whole Blood
GSM1300393,0.0,0.7755851745605469,train,,Whole Blood
GSM1300395,0.0,0.1576995849609375,train,,Whole Blood
GSM1300397,0.0,0.2000732421875,train,,Whole Blood
GSM1300399,0.0,-0.1605567932128906,train,,Whole Blood
GSM1300401,0.0,0.2758979797363281,train,,Whole Blood
GSM1300403,0.0,0.09747314453125,train,,Whole Blood
GSM1300405,0.0,0.4535102844238281,train,,Whole Blood
GSM1300407,0.0,-0.0373458862304687,valid,,Whole Blood
GSM1300409,0.0,0.2793998718261719,train,,Whole Blood
GSM1300411,0.0,0.4923896789550781,train,,Whole Blood
GSM1300413,0.0,0.2669029235839844,train,,Whole Blood
GSM1300415,0.0,0.4762496948242187,valid,,Whole Blood
GSM1300417,0.0,-0.1552581787109375,valid,,Whole Blood
GSM1300419,0.0,0.2110061645507812,train,,Whole Blood
GSM1300421,34.0,43.71482467651367,train,,Whole Blood
GSM1300423,48.0,54.053985595703125,train,,Whole Blood
GSM1300425,30.0,48.55365753173828,train,,Whole Blood
GSM1300427,38.0,34.71710205078125,train,,Whole Blood
GSM1300489,57.0,51.55515670776367,train,,Whole Blood
GSM1300491,57.0,55.50699615478515,train,,Whole Blood
GSM1300495,39.0,37.566017150878906,test,,Whole Blood
GSM1300497,30.0,37.161720275878906,valid,,Whole Blood
GSM1300501,34.0,33.901126861572266,test,,Whole Blood
GSM1300503,30.0,20.99375915527344,test,,Whole Blood
GSM1300505,38.0,36.156455993652344,train,,Whole Blood
GSM1300507,50.0,57.04498291015625,train,,Whole Blood
GSM1300509,61.0,60.53364562988281,test,,Whole Blood
GSM1300511,62.0,63.12131118774414,train,,Whole Blood
GSM1300515,70.0,66.88233947753906,train,,Whole Blood
GSM1300517,65.0,66.99046325683594,train,,Whole Blood
GSM1300519,65.0,60.86865997314453,train,,Whole Blood
GSM1300521,62.0,62.681793212890625,test,,Whole Blood
GSM1300523,61.0,60.95763397216797,test,,Whole Blood
GSM1300525,61.0,63.42494201660156,valid,,Whole Blood
GSM1300527,56.0,64.15509033203125,train,,Whole Blood
GSM1300529,69.0,68.41211700439453,train,,Whole Blood
GSM1300531,57.0,60.64197540283203,train,,Whole Blood
GSM1300533,62.0,64.54060363769531,train,,Whole Blood
GSM1300535,64.0,67.19864654541016,train,,Whole Blood
GSM1300537,28.5,28.430112838745117,train,,Whole Blood
GSM1300539,46.5,44.167240142822266,test,,Whole Blood
GSM1300541,26.100000381469727,25.38841438293457,test,,Whole Blood
GSM1300543,33.0,30.12747573852539,train,,Whole Blood
GSM1300545,19.299999237060547,27.05437469482422,train,,Whole Blood
GSM1300547,23.799999237060547,25.26804542541504,test,,Whole Blood
GSM1300549,19.299999237060547,25.262372970581055,train,,Whole Blood
GSM1300551,23.799999237060547,24.1425724029541,train,,Whole Blood
GSM1300553,26.100000381469727,19.89549446105957,valid,,Whole Blood
GSM1300555,46.5,43.80941009521485,train,,Whole Blood
GSM1300557,26.100000381469727,25.46173095703125,test,,Whole Blood
GSM1300559,33.0,28.797475814819336,train,,Whole Blood
GSM1300561,19.299999237060547,23.109712600708008,train,,Whole Blood
GSM1300563,46.5,32.9218864440918,train,,Whole Blood
GSM1300565,26.100000381469727,23.711994171142575,train,,Whole Blood
GSM1300567,30.399999618530273,23.284168243408203,train,,Whole Blood
GSM1300569,26.100000381469727,24.074098587036133,train,,Whole Blood
GSM1300570,46.5,48.09233474731445,valid,,Whole Blood
GSM1300571,33.0,28.605506896972656,train,,Whole Blood
GSM1300573,33.0,31.56626319885254,valid,,Whole Blood
GSM1300575,33.0,29.103492736816406,valid,,Whole Blood
GSM1300577,33.0,29.082130432128903,test,,Whole Blood
GSM1300579,10.020000457763672,10.54123878479004,test,,Whole Blood
GSM1300580,10.06999969482422,9.866016387939451,test,,Whole Blood
GSM1300581,10.020000457763672,12.24215316772461,train,,Whole Blood
GSM1300582,10.359999656677246,12.060701370239258,valid,,Whole Blood
GSM1300583,10.630000114440918,14.208044052124023,train,,Whole Blood
GSM1301168,10.630000114440918,13.237606048583984,train,,Other
GSM1301169,0.0,0.8206024169921875,train,,Other
GSM1301170,0.0,0.8657951354980469,valid,,Other
GSM1301171,0.0,-0.8245124816894531,train,,Other
GSM1301172,0.0,0.4278793334960937,train,,Other
GSM1301173,0.0,-0.1915512084960937,train,,Other
GSM1301174,0.0,0.3193473815917969,valid,,Other
GSM1301175,0.0,-0.1986465454101562,train,,Other
GSM1301176,0.0,0.1765556335449218,train,,Other
GSM1301177,0.0,-0.2801361083984375,test,,Other
GSM1301178,0.0,0.5960159301757812,train,,Other
GSM1301179,0.0,0.4489250183105469,train,,Other
GSM1301180,0.0,0.3961753845214844,train,,Other
GSM1301181,0.0,1.2508430480957031,train,,Other
GSM1301182,0.0,1.0062980651855469,train,,Other
GSM1301183,0.0,0.0014877319335937,train,,Other
GSM1301184,0.0,-0.1723823547363281,train,,Other
GSM1301185,0.0,1.319580078125,valid,,Other
GSM1301186,0.0,0.7064971923828125,test,,Other
GSM1301187,0.0,0.4923934936523437,train,,Other
GSM1301188,50.10540771484375,55.205322265625,train,,Other
GSM1301189,58.73237609863281,62.28520202636719,train,,Other
GSM1301190,68.1341552734375,67.93211364746094,train,,Other
GSM1301191,55.28815841674805,59.5045166015625,train,,Other
GSM1301192,59.236141204833984,59.458946228027344,train,,Other
GSM1301193,58.49692153930664,59.98241424560547,train,,Other
GSM1301194,47.64681625366211,52.37770080566406,test,,Other
GSM1301195,55.62217712402344,60.72801971435547,train,,Other
GSM1301196,49.2019157409668,47.26780700683594,test,,Other
GSM1301197,51.74264144897461,59.24418640136719,test,,Other
GSM1301198,49.136207580566406,55.65213394165039,valid,,Other
GSM1301199,51.57563400268555,60.68978118896485,train,,Other
GSM1301200,63.89870071411133,62.595672607421875,valid,,Other
GSM1301201,50.688568115234375,57.872222900390625,train,,Other
GSM1301202,54.19575500488281,50.40366744995117,train,,Other
GSM1301203,46.40657043457031,52.457977294921875,test,,Other
GSM1301204,67.70157623291016,64.08587646484375,valid,,Other
GSM1301205,67.11019897460938,65.61579132080078,test,,Other
GSM1301206,55.35660552978515,56.52170181274414,test,,Other
GSM1301207,80.08487701416016,71.29559326171875,train,,Other
GSM1301208,50.8172492980957,55.0146369934082,test,,Other
GSM1301209,54.30801010131836,48.63184356689453,train,,Other
GSM1301210,56.02463912963867,53.04914855957031,train,,Other
GSM1301211,57.46748733520508,59.749298095703125,valid,,Other
GSM1301212,64.50650024414062,51.622283935546875,train,,Other
GSM1301213,64.34770965576172,63.590087890625,train,,Other
GSM1301214,57.002052307128906,58.324668884277344,valid,,Other
GSM1301215,64.4599609375,61.34263610839844,train,,Other
GSM1301216,59.41957473754883,58.95182037353515,train,,Other
GSM1301217,32.950035095214844,37.45466613769531,train,,Other
GSM1301218,66.0944595336914,59.76592254638672,train,,Other
GSM1301219,49.007530212402344,41.13471221923828,test,,Other
GSM1301220,64.33675384521484,61.099334716796875,train,,Other
GSM1301221,49.136207580566406,61.62848663330078,train,,Other
GSM1301222,64.50650024414062,60.79676055908203,train,,Other
GSM1301223,64.01094818115234,59.51920318603515,valid,,Other
GSM1301224,59.70978927612305,54.825103759765625,valid,,Other
GSM1301225,57.253936767578125,50.04681015014648,train,,Other
GSM1301226,57.177276611328125,61.38011169433594,train,,Other
GSM1301227,50.10540771484375,60.12921905517578,train,,Other
GSM1301228,52.39698791503906,51.48854064941406,train,,Other
GSM1301229,51.54825592041016,59.48682403564453,test,,Other
GSM1301230,56.41341400146485,59.63996887207031,train,,Other
GSM1301231,45.58795166015625,51.8480224609375,train,,Other
GSM1301232,48.355918884277344,49.17280197143555,test,,Other
GSM1301233,57.46748733520508,53.25969696044922,valid,,Other
GSM1301234,51.92060089111328,52.25865173339844,valid,,Other
GSM1301235,66.6338119506836,65.4544906616211,train,,Other
GSM1301236,59.5975341796875,56.39445114135742,train,,Other
GSM1301237,59.9041748046875,59.759376525878906,train,,Other
GSM1301238,69.02395629882812,61.33759307861328,train,,Other
GSM1301239,58.30527114868164,51.841094970703125,train,,Other
GSM1301240,68.19438934326172,62.97661209106445,train,,Other
GSM1301241,56.958248138427734,66.03765106201172,test,,Other
GSM1301242,68.26283264160156,60.52363586425781,train,,Other
GSM1301243,45.84531021118164,52.43570709228515,train,,Other
GSM1301244,49.6043815612793,58.531063079833984,train,,Other
GSM1301245,48.29842758178711,55.04279708862305,train,,Other
GSM1301246,70.99246978759766,59.47301483154297,train,,Other
GSM1301247,56.70362854003906,52.00041961669922,train,,Other
GSM1301248,54.30801010131836,52.57099914550781,valid,,Other
GSM1301249,64.85420989990234,65.22758483886719,train,,Other
GSM1301250,44.18069839477539,47.837398529052734,test,,Other
GSM1301251,49.078712463378906,64.29444122314453,test,,Other
GSM1301252,45.58795166015625,50.88772964477539,train,,Other
GSM1301253,59.36207962036133,64.78399658203125,train,,Other
GSM1301254,69.22108459472656,67.25283813476562,test,,Other
GSM1301255,54.19575500488281,56.24861907958984,train,,Other
GSM1301256,32.950035095214844,27.072799682617188,train,,Other
GSM1301257,57.330596923828125,56.99455642700195,train,,Other
GSM1301258,60.87611389160156,53.68268585205078,test,,Other
GSM1301259,63.107460021972656,66.1779556274414,test,,Other
GSM1301260,50.8172492980957,52.42301559448242,train,,Other
GSM1301261,52.955509185791016,52.02388381958008,train,,Other
GSM1301262,56.48186111450195,57.77748107910156,train,,Other
GSM1301263,63.96714401245117,66.4447250366211,train,,Other
GSM1301264,57.253936767578125,47.705177307128906,train,,Other
GSM1301265,48.355918884277344,54.20106506347656,train,,Other
GSM1301266,46.40657043457031,56.46862030029297,valid,,Other
GSM1301267,50.83367538452149,53.81191635131836,train,,Other
GSM1301268,45.84531021118164,48.13422393798828,train,,Other
GSM1301269,69.02395629882812,61.53315734863281,train,,Other
GSM1301270,51.39493560791016,54.43132781982422,train,,Other
GSM1301271,43.75906753540039,46.86564254760742,train,,Other
GSM1301272,52.955509185791016,49.06652069091797,train,,Other
GSM1301273,70.99246978759766,64.33473205566406,train,,Other
GSM1301274,49.136207580566406,50.74281311035156,test,,Other
GSM1301275,50.10540771484375,58.55498504638672,test,,Other
GSM1301276,57.177276611328125,57.18476486206055,valid,,Other
GSM1301277,59.96440887451172,57.33812713623047,test,,Other
GSM1301278,55.28541946411133,52.335670471191406,train,,Other
GSM1301279,49.86995315551758,56.23667907714844,test,,Other
GSM1301280,64.01094818115234,61.87192153930664,train,,Other
GSM1301281,59.236141204833984,52.00522994995117,valid,,Other
GSM1301282,50.984256744384766,54.961891174316406,train,,Other
GSM1301283,63.96714401245117,62.32000350952149,train,,Other
GSM1301284,56.536617279052734,63.14092254638672,test,,Other
GSM1301285,58.73237609863281,39.70383834838867,train,,Other
GSM1301286,57.330596923828125,53.2577018737793,test,,Other
GSM1301287,55.28541946411133,53.71247863769531,test,,Other
GSM1301288,49.2019157409668,53.016151428222656,train,,Other
GSM1301289,56.41341400146485,61.11471939086914,test,,Other
GSM1301290,33.26762390136719,46.63529968261719,train,,Other
GSM1301291,74.0,63.39396667480469,train,,Other
GSM1301292,65.0,56.59302520751953,train,,Other
GSM1301293,66.0,59.72077178955078,train,,Other
GSM1301294,64.0,63.012718200683594,train,,Other
GSM1301295,54.0,63.34764099121094,train,,Other
GSM1301296,69.0,65.82008361816406,train,,Other
GSM1301297,60.0,64.66815185546875,train,,Other
GSM1301298,63.0,62.53337860107422,train,,Other
GSM1301299,52.0,45.11902618408203,train,,Other
GSM1301300,64.0,61.988399505615234,train,,Other
GSM1301301,69.0,62.441375732421875,test,,Other
GSM1301302,74.0,68.05097961425781,test,,Other
GSM1301303,53.0,61.748817443847656,valid,,Other
GSM1301304,65.0,66.93629455566406,train,,Other
GSM1301305,55.0,64.17362976074219,valid,,Other
GSM1301306,71.0,59.62722396850586,train,,Other
GSM1301307,70.0,65.766357421875,test,,Other
GSM1301308,61.0,63.87615585327149,test,,Other
GSM1301309,64.0,62.74991989135742,train,,Other
GSM1301310,53.0,62.493194580078125,train,,Other
GSM1301311,67.0,64.87654113769531,train,,Other
GSM1301312,60.0,65.7072982788086,train,,Other
GSM1301313,57.0,67.44769287109375,train,,Other
GSM1301314,60.0,65.579833984375,valid,,Other
GSM1301315,58.0,63.84635543823242,train,,Other
GSM1301316,70.0,62.916133880615234,train,,Other
GSM1301317,55.0,63.109161376953125,train,,Other
GSM1301318,71.0,65.60791015625,valid,,Other
GSM1301319,60.0,55.09270858764648,test,,Other
GSM1301320,55.0,65.73004913330078,train,,Other
GSM1301321,52.0,65.52685546875,train,,Other
GSM1301322,61.0,67.11483764648438,train,,Other
GSM1301323,57.0,64.640625,train,,Other
GSM1301324,59.0,61.52630615234375,train,,Other
GSM1301325,51.0,65.66958618164062,train,,Other
GSM1301326,57.0,63.85327911376953,valid,,Other
GSM1301327,58.0,62.95940017700195,train,,Other
GSM1301328,66.0,65.71131896972656,test,,Other
GSM1301329,63.0,65.83594512939453,train,,Other
GSM1301330,58.0,64.21399688720703,train,,Other
GSM1301331,67.0,64.1019287109375,train,,Other
GSM1301332,65.0,66.38053131103516,test,,Other
GSM1301333,60.0,63.60476303100586,train,,Other
GSM1301334,62.0,58.061248779296875,train,,Other
GSM1301335,51.0,64.3809585571289,train,,Other
GSM1301336,59.0,65.02692413330078,test,,Other
GSM1301337,62.0,64.8369140625,train,,Other
GSM1301338,71.0,66.46002960205078,test,,Other
GSM1301339,52.0,63.156959533691406,test,,Other
GSM1301340,55.0,66.16873168945312,train,,Other
GSM1301341,68.0,66.13352966308594,train,,Other
GSM1301342,67.0,67.00910949707031,train,,Other
GSM1301343,58.0,64.39584350585938,valid,,Other
GSM1301344,62.0,61.924442291259766,test,,Other
GSM1301345,64.0,64.81129455566406,train,,Other
GSM1301346,63.0,64.55125427246094,train,,Other
GSM1301347,61.0,63.29684829711914,train,,Other
GSM1301348,61.0,61.970458984375,train,,Other
GSM1301349,64.0,63.66448211669922,train,,Other
GSM1301350,61.0,64.658935546875,train,,Other
GSM1301351,63.0,62.53067779541016,train,,Other
GSM1301352,67.0,64.18778991699219,train,,Other
GSM1301353,58.0,63.47880554199219,train,,Other
GSM1301354,71.0,62.80805587768555,train,,Other
GSM1301355,66.0,63.82704162597656,train,,Other
GSM1301356,56.0,59.598533630371094,train,,Other
GSM1301357,66.0,66.94483947753906,train,,Other
GSM1301358,67.0,64.69580078125,test,,Other
GSM1301359,64.0,65.51893615722656,train,,Other
GSM1301360,63.0,61.3521842956543,train,,Other
GSM1301361,64.0,66.24957275390625,train,,Other
GSM1301362,57.0,63.78472900390625,train,,Other
GSM1301363,73.0,63.78978729248047,valid,,Other
GSM1301364,64.0,66.56522369384766,valid,,Other
GSM1301365,55.0,62.97449493408203,test,,Other
GSM1301366,66.0,65.39522552490234,train,,Other
GSM1301367,54.0,64.05193328857422,train,,Other
GSM1301368,63.0,62.18667221069336,test,,Other
GSM1301369,53.0,58.85478210449219,train,,Other
GSM1301370,54.0,66.11764526367188,test,,Other
GSM1301371,72.0,66.09234619140625,train,,Other
GSM1301372,61.0,64.3890380859375,train,,Other
GSM1301373,62.0,64.07044982910156,train,,Other
GSM1301374,64.0,66.25332641601562,train,,Other
GSM1301375,61.0,64.94839477539062,train,,Other
GSM1301376,66.0,64.84677124023438,train,,Other
GSM1301377,50.0,62.52050018310547,test,,Other
GSM1301378,60.0,64.77118682861328,train,,Other
GSM1301379,69.0,62.29365539550781,train,,Other
GSM1301380,60.0,62.87544250488281,train,,Other
GSM1301381,61.0,65.69011688232422,train,,Other
GSM1301382,68.0,65.03846740722656,test,,Other
GSM1301383,66.0,67.0695571899414,train,,Other
GSM1301384,58.0,64.20557403564453,test,,Other
GSM1301385,69.0,65.20610809326172,train,,Other
GSM1301386,68.0,62.76856231689453,train,,Other
GSM1301387,52.0,62.77398681640625,train,,Other
GSM1301388,68.0,63.747947692871094,valid,,Other
GSM1301389,52.0,65.22245025634766,test,,Other
GSM1301390,72.0,63.253074645996094,test,,Other
GSM1301391,71.0,64.1960678100586,test,,Other
GSM1301392,73.0,66.23443603515625,train,,Other
GSM1301393,55.0,62.89992904663086,test,,Other
GSM1301394,63.0,64.16432189941406,train,,Other
GSM1301395,61.0,63.83222961425781,test,,Other
GSM1301396,53.0,65.39739990234375,test,,Other
GSM1301397,67.0,66.12294006347656,train,,Other
GSM1301398,57.0,61.445098876953125,train,,Other
GSM1301399,68.0,67.64889526367188,train,,Other
GSM1301400,54.0,64.65945434570312,test,,Other
GSM1301401,62.0,64.31294250488281,train,,Other
GSM1301402,68.0,63.695804595947266,train,,Other
GSM1301403,57.0,56.67496871948242,test,,Other
GSM1301404,59.0,65.13461303710938,train,,Other
GSM1314364,57.0,61.2834358215332,train,,Whole Blood
GSM1314365,53.0,66.11113739013672,valid,,Whole Blood
GSM1314366,70.0,63.825836181640625,train,,Whole Blood
GSM1314367,56.0,58.553741455078125,test,,Whole Blood
GSM1314368,66.0,67.36492919921875,train,,Whole Blood
GSM1314369,70.0,64.74514770507812,train,,Whole Blood
GSM1314370,61.0,63.11035919189453,valid,,Whole Blood
GSM1314371,50.0,62.92015075683594,train,,Whole Blood
GSM1314372,71.0,63.08155822753906,train,,Whole Blood
GSM1314373,61.0,64.79843139648438,test,,Whole Blood
GSM1314374,60.0,62.95708465576172,train,,Whole Blood
GSM1314375,64.0,64.63433837890625,train,,Whole Blood
GSM1314376,54.0,63.79898834228515,train,,Whole Blood
GSM1314377,54.0,63.04265975952149,train,,Whole Blood
GSM1314378,73.0,63.55777740478515,train,,Whole Blood
GSM1314379,59.0,65.66162109375,test,,Whole Blood
GSM1314380,62.0,64.51545715332031,test,,Whole Blood
GSM1314381,57.0,62.881500244140625,test,,Whole Blood
GSM1314383,55.0,58.8607177734375,train,,Whole Blood
GSM1314384,68.0,63.67509460449219,train,,Whole Blood
GSM1314385,71.0,63.556060791015625,train,,Whole Blood
GSM1314386,70.0,65.90111541748047,train,,Whole Blood
GSM1314387,52.0,65.49112701416016,valid,,Other
GSM1314388,64.0,64.3705062866211,train,,Other
GSM1314389,60.0,62.7274169921875,train,,Other
GSM1314390,58.0,53.13860702514648,train,,Other
GSM1314391,59.0,63.76902770996094,train,,Other
GSM1314392,51.0,62.277870178222656,train,,Other
GSM1314393,73.0,65.32037353515625,train,,Other
GSM1314394,73.0,63.42023468017578,valid,,Other
GSM1314395,56.0,63.01905059814453,train,,Other
GSM1314396,60.0,64.49551391601562,test,,Other
GSM1314397,52.0,65.95156860351562,train,,Other
GSM1314398,53.0,64.84027099609375,train,,Other
GSM1314399,58.0,64.16951751708984,test,,Other
GSM1314400,65.0,62.81095123291016,test,,Other
GSM1314401,53.0,63.81168365478515,train,,Other
GSM1314402,73.0,63.98701477050781,train,,Other
GSM1314403,69.0,65.06866455078125,train,,Other
GSM1314404,62.0,63.06160736083984,valid,,Other
GSM1314405,72.0,67.75688171386719,test,,Other
GSM1314407,69.0,63.540977478027344,valid,,Other
GSM1314408,57.0,62.78209686279297,train,,Other
GSM1314409,57.0,60.73377990722656,test,,Other
GSM1314410,67.0,66.46624755859375,train,,Other
GSM1320504,64.0,63.18603515625,train,,Whole Blood
GSM1320505,73.0,61.8189697265625,train,,Whole Blood
GSM1320506,71.0,64.17739868164062,train,,Whole Blood
GSM1320507,53.0,55.46832656860352,train,,Whole Blood
GSM1320508,38.0,44.63568878173828,train,,Whole Blood
GSM1320509,53.0,46.48665618896485,train,,Whole Blood
GSM1320510,63.0,78.01798248291016,train,,Whole Blood
GSM1320511,53.0,68.05332946777344,valid,,Whole Blood
GSM1320512,53.0,43.21091842651367,test,,Whole Blood
GSM1320513,38.0,35.6285400390625,train,,Whole Blood
GSM1320514,63.0,65.91122436523438,train,,Whole Blood
GSM1320515,53.0,51.327003479003906,train,,Whole Blood
GSM1320516,63.0,50.63005828857422,train,,Whole Blood
GSM1320517,45.0,52.3678092956543,test,,Whole Blood
GSM1320518,38.0,52.04940032958984,train,,Whole Blood
GSM1320519,53.0,54.14385986328125,train,,Whole Blood
GSM1320520,38.0,46.982666015625,test,,Whole Blood
GSM1320521,32.0,36.108768463134766,train,,Whole Blood
GSM1320522,53.0,57.406715393066406,test,,Whole Blood
GSM1320523,53.0,58.895973205566406,train,,Whole Blood
GSM1337275,63.0,58.017181396484375,valid,,Lung
GSM1337276,37.0,33.98474884033203,test,,Lung
GSM1337277,27.0,28.173320770263672,train,,Lung
GSM1337278,38.0,27.939849853515625,train,,Lung
GSM1337279,27.0,33.428062438964844,train,,Lung
GSM1337280,43.0,34.29872512817383,train,,Lung
GSM1337281,23.0,30.56882667541504,train,,Lung
GSM1337282,48.0,49.3719596862793,train,,Lung
GSM1337283,21.0,25.181127548217773,test,,Lung
GSM1337284,20.0,25.457345962524418,train,,Lung
GSM1337285,24.0,42.00397872924805,train,,Lung
GSM1337286,57.0,56.43024444580078,train,,Lung
GSM1337287,59.0,60.72907257080078,train,,Lung
GSM1337288,24.0,28.15591812133789,train,,Lung
GSM1337289,27.0,35.07560729980469,train,,Lung
GSM1337290,43.0,54.3808479309082,valid,,Lung
GSM1337291,0.375,0.6954231262207031,train,,Lung
GSM1337292,0.375,0.0873565673828125,train,,Lung
GSM1337293,0.375,0.74896240234375,train,,Lung
GSM1337294,0.375,-0.1750030517578125,train,,Lung
GSM1337295,0.375,-0.0532035827636718,train,,Lung
GSM1337296,0.375,0.9888992309570312,train,,Lung
GSM1337297,0.375,-0.2054862976074218,test,,Lung
GSM1363617,0.375,-0.136566162109375,train,,Whole Blood
GSM1363618,0.375,0.8636817932128906,train,,Whole Blood
GSM1363619,0.375,-0.3229408264160156,train,,Whole Blood
GSM1363620,0.375,0.3774223327636719,test,,Whole Blood
GSM1363621,0.375,-0.2477684020996093,valid,,Whole Blood
GSM1363622,0.375,0.0532455444335937,train,,Whole Blood
GSM1363623,0.375,0.1787109375,train,,Whole Blood
GSM1363624,0.375,1.2840652465820312,test,,Whole Blood
GSM1363625,0.375,0.9200210571289062,train,,Whole Blood
GSM1363626,0.375,-0.611114501953125,train,,Whole Blood
GSM1363627,0.375,1.9420509338378904,test,,Whole Blood
GSM1363628,0.375,0.2375831604003906,train,,Whole Blood
GSM1363629,0.375,0.1327590942382812,test,,Whole Blood
GSM1363630,0.375,0.0326766967773437,train,,Whole Blood
GSM1363631,0.375,-0.0049209594726562,test,,Whole Blood
GSM1363632,0.375,-0.0971603393554687,test,,Whole Blood
GSM1363633,0.375,-0.1377944946289062,train,,Whole Blood
GSM1363634,0.375,0.6394805908203125,train,,Whole Blood
GSM1363635,0.375,-0.3234291076660156,train,,Whole Blood
GSM1363636,0.375,0.836761474609375,train,,Whole Blood
GSM1363637,0.375,0.7907905578613281,test,,Whole Blood
GSM1363638,0.375,0.5271453857421875,train,,Whole Blood
GSM1363639,0.375,0.0693550109863281,train,,Whole Blood
GSM1363640,0.375,0.0842399597167968,train,,Whole Blood
GSM1363641,0.375,0.6225128173828125,test,,Whole Blood
GSM1363642,0.375,0.1789741516113281,test,,Whole Blood
GSM1363643,0.375,1.8566131591796875,test,,Whole Blood
GSM1363644,0.375,2.094440460205078,train,,Whole Blood
GSM1363645,0.375,0.6589431762695312,test,,Whole Blood
GSM1363646,0.375,-0.4092941284179687,train,,Whole Blood
GSM1363647,0.375,0.7228622436523438,train,,Whole Blood
GSM1363648,0.375,1.6425628662109375,test,,Whole Blood
GSM1363649,0.375,2.2396278381347656,train,,Whole Blood
GSM1363650,0.375,1.1268272399902344,train,,Whole Blood
GSM1363651,0.375,0.341033935546875,train,,Whole Blood
GSM1363652,0.375,-0.4439544677734375,train,,Whole Blood
GSM1363653,0.375,0.0079536437988281,test,,Whole Blood
GSM1365585,0.375,1.2563323974609375,train,,Cells
GSM1365587,0.375,-0.2056198120117187,test,,Cells
GSM1365589,0.375,0.8356056213378906,train,,Cells
GSM1365591,0.375,-0.2884254455566406,train,,Cells
GSM1365595,0.375,-0.2262611389160156,valid,,Cells
GSM1365597,0.375,0.0875968933105468,valid,,Cells
GSM1365599,0.375,0.5666236877441406,test,,Cells
GSM1365601,0.375,0.9518089294433594,train,,Cells
GSM1365603,0.375,-0.1811294555664062,train,,Cells
GSM1365611,0.375,-0.3388137817382812,train,,Cells
GSM1365613,0.375,0.0162353515625,train,,Cells
GSM1365633,0.375,0.9919776916503906,train,,Cells
GSM1365635,0.375,0.0013427734375,train,,Cells
GSM1365637,0.375,-0.5428199768066406,train,,Cells
GSM1365639,0.375,0.16973876953125,train,,Cells
GSM1365641,0.375,0.7939300537109375,train,,Cells
GSM1365643,0.375,0.6756668090820312,train,,Cells
GSM1365645,0.375,0.2337379455566406,train,,Cells
GSM1365647,0.375,0.2545013427734375,test,,Cells
GSM1365649,0.375,0.3954010009765625,train,,Cells
GSM1365651,0.375,0.32037353515625,train,,Cells
GSM1378476,0.375,0.4659996032714844,train,,Whole Blood
GSM1378477,0.375,0.0980110168457031,train,,Whole Blood
GSM1378483,0.375,0.1141777038574218,train,,Whole Blood
GSM1378484,0.375,1.1956062316894531,train,,Whole Blood
GSM1378487,0.375,0.5458259582519531,train,,Whole Blood
GSM1378488,0.375,0.0837554931640625,train,,Whole Blood
GSM1378489,0.375,-0.4396705627441406,train,,Whole Blood
GSM1378494,57.0,60.23417663574219,valid,,Whole Blood
GSM1378495,75.0,74.17416381835938,train,,Whole Blood
GSM1378497,74.0,76.98921203613281,valid,,Whole Blood
GSM1378499,54.0,58.38055419921875,train,,Whole Blood
GSM1378502,59.0,70.54253387451172,train,,Whole Blood
GSM1378503,81.0,81.54081726074219,test,,Whole Blood
GSM1378507,76.0,77.76947784423828,train,,Whole Blood
GSM1378508,80.0,81.37604522705078,valid,,Whole Blood
GSM1378511,58.0,76.97512817382812,test,,Whole Blood
GSM1378516,71.0,77.06501770019531,train,,Whole Blood
GSM1378524,64.0,72.7529525756836,test,,Whole Blood
GSM1378525,75.0,79.37167358398438,train,,Whole Blood
GSM1378526,66.0,73.76817321777344,train,,Whole Blood
GSM1378532,80.0,75.9676513671875,train,,Whole Blood
GSM1378548,46.0,45.67008972167969,train,,Whole Blood
GSM1378549,62.0,69.20468139648438,train,,Whole Blood
GSM1378556,79.0,87.99456024169922,test,,Whole Blood
GSM1378557,51.0,56.300811767578125,test,,Whole Blood
GSM1383633,65.0,58.71983337402344,test,,Whole Blood
GSM1383636,39.0,37.4601936340332,train,,Whole Blood
GSM1383637,43.0,42.06071853637695,valid,,Whole Blood
GSM1383640,46.0,53.76451110839844,test,,Whole Blood
GSM1383642,70.0,59.971336364746094,test,,Whole Blood
GSM1383644,54.0,48.67336654663086,train,,Whole Blood
GSM1383646,65.0,60.81688690185547,train,,Whole Blood
GSM1383647,42.0,43.881568908691406,train,,Whole Blood
GSM1383650,57.0,59.14264678955078,test,,Whole Blood
GSM1383651,37.0,38.60017395019531,train,,Whole Blood
GSM1383654,42.0,44.49456787109375,train,,Whole Blood
GSM1388230,36.0,51.04969024658203,train,,Other
GSM1388231,31.0,39.66874694824219,train,,Other
GSM1388232,32.0,28.559616088867188,train,,Other
GSM1388233,71.0,67.30770111083984,train,,Other
GSM1388234,57.0,55.908050537109375,train,,Other
GSM1388235,48.0,58.10633850097656,train,,Other
GSM1388236,70.0,58.02570724487305,train,,Other
GSM1388237,34.0,47.63318634033203,train,,Other
GSM1388238,54.0,51.38918685913086,train,,Other
GSM1388239,46.0,52.26451110839844,train,,Other
GSM1388240,57.0,62.233131408691406,train,,Other
GSM1388241,61.0,59.40558624267578,train,,Other
GSM1388242,63.0,69.1733627319336,train,,Other
GSM1388243,41.0,52.28015899658203,train,,Other
GSM1388244,41.0,41.798187255859375,test,,Other
GSM1388246,57.0,61.83427429199219,valid,,Other
GSM1388247,46.0,42.40296936035156,train,,Other
GSM1388249,54.0,60.095985412597656,train,,Other
GSM1388250,78.0,79.74971008300781,test,,Other
GSM1388251,48.0,46.65680313110352,test,,Other
GSM1388253,61.0,66.16386413574219,train,,Other
GSM1388254,73.0,65.77505493164062,train,,Other
GSM1388255,53.0,58.42784118652344,valid,,Other
GSM1388256,33.0,62.81122589111328,train,,Other
GSM1388257,40.0,51.29005432128906,train,,Other
GSM1388259,35.0,43.50807571411133,train,,Other
GSM1388260,33.0,47.24705505371094,valid,,Other
GSM1388261,64.0,53.71159362792969,train,,Other
GSM1388263,48.0,54.166141510009766,train,,Other
GSM1388265,62.0,58.22281265258789,train,,Other
GSM1388267,49.0,56.43230819702149,train,,Other
GSM1388268,38.0,58.73236083984375,train,,Other
GSM1388269,36.0,46.38732147216797,train,,Other
GSM1399890,72.0,56.53085708618164,train,,Whole Blood
GSM1399891,46.0,47.67925262451172,test,,Whole Blood
GSM1399892,58.0,65.79750061035156,test,,Whole Blood
GSM1399893,41.0,54.31362533569336,train,,Whole Blood
GSM1399894,23.0,31.11785125732422,test,,Whole Blood
GSM1399896,21.0,59.239532470703125,train,,Whole Blood
GSM1399898,43.0,43.88005828857422,train,,Whole Blood
GSM1399900,35.0,32.11915588378906,train,,Whole Blood
GSM1399901,77.0,65.0638656616211,train,,Whole Blood
GSM1399902,55.0,55.9781494140625,train,,Whole Blood
GSM1399904,60.0,61.019752502441406,test,,Whole Blood
GSM1399905,49.0,62.035606384277344,train,,Whole Blood
GSM1399906,77.0,81.57289123535156,train,,Whole Blood
GSM1399908,37.0,46.68457794189453,train,,Whole Blood
GSM1399912,38.0,51.432220458984375,test,,Whole Blood
GSM1399913,70.0,71.43216705322266,valid,,Whole Blood
GSM1399915,60.0,63.5477294921875,train,,Whole Blood
GSM1399916,75.0,71.1134033203125,train,,Whole Blood
GSM1399917,39.0,47.62821960449219,test,,Whole Blood
GSM1399919,40.0,43.94511795043945,train,,Whole Blood
GSM1399920,33.0,38.98535919189453,valid,,Whole Blood
GSM1399921,46.0,41.56184005737305,train,,Whole Blood
GSM1399922,36.0,47.30434036254883,train,,Whole Blood
GSM1399923,44.0,49.36190032958984,train,,Whole Blood
GSM1399924,37.0,37.917354583740234,train,,Whole Blood
GSM1399925,32.0,34.25471496582031,train,,Whole Blood
GSM1399927,57.0,51.22405242919922,valid,,Whole Blood
GSM1399928,37.0,46.272804260253906,test,,Whole Blood
GSM1399929,54.0,52.71410369873047,test,,Whole Blood
GSM1399930,42.0,38.25640869140625,train,,Whole Blood
GSM1399931,45.0,45.43324661254883,train,,Whole Blood
GSM1399932,32.0,40.69993209838867,test,,Whole Blood
GSM1399933,31.0,47.49116516113281,train,,Whole Blood
GSM1399934,44.0,45.27711868286133,valid,,Whole Blood
GSM1399937,57.0,57.74983215332031,train,,Whole Blood
GSM1399940,41.0,36.30870819091797,test,,Whole Blood
GSM1399943,37.0,57.958717346191406,train,,Whole Blood
GSM1399945,21.0,21.8068904876709,test,,Whole Blood
GSM1399946,33.0,37.971473693847656,train,,Whole Blood
GSM1399947,66.0,44.816558837890625,train,,Whole Blood
GSM1399949,31.0,43.723968505859375,train,,Whole Blood
GSM1399950,69.0,73.19672393798828,train,,Whole Blood
GSM1399952,54.0,49.50403594970703,train,,Whole Blood
GSM1399955,42.0,43.2966194152832,train,,Whole Blood
GSM1399957,29.0,34.751346588134766,test,,Whole Blood
GSM1399958,48.0,43.21827697753906,test,,Whole Blood
GSM1399960,34.0,39.368282318115234,train,,Whole Blood
GSM1399961,67.0,69.861328125,train,,Whole Blood
GSM1399963,34.0,43.38892364501953,train,,Whole Blood
GSM1399965,53.0,45.74030303955078,train,,Whole Blood
GSM1399966,49.0,36.22418594360352,train,,Whole Blood
GSM1399974,65.0,46.50929641723633,train,,Whole Blood
GSM1399975,46.0,39.81314849853515,valid,,Whole Blood
GSM1399978,54.0,47.359375,train,,Whole Blood
GSM1399979,40.0,37.266387939453125,test,,Whole Blood
GSM1399981,38.0,39.04607391357422,train,,Whole Blood
GSM1399982,48.0,42.143348693847656,train,,Whole Blood
GSM1399984,47.0,44.029052734375,train,,Whole Blood
GSM1399985,47.0,42.70226287841797,train,,Whole Blood
GSM1399987,31.0,34.210906982421875,test,,Whole Blood
GSM1399989,52.0,57.231689453125,train,,Whole Blood
GSM1399990,54.0,50.52511215209961,train,,Whole Blood
GSM1399991,47.0,43.658817291259766,train,,Whole Blood
GSM1399993,65.0,44.398685455322266,test,,Whole Blood
GSM1399994,43.0,49.230567932128906,train,,Whole Blood
GSM1399996,39.0,39.848087310791016,train,,Whole Blood
GSM1399997,48.0,57.407318115234375,train,,Whole Blood
GSM1399998,41.0,47.98801803588867,train,,Whole Blood
GSM1399999,45.0,36.902923583984375,train,,Whole Blood
GSM1400000,45.0,48.00774383544922,train,,Whole Blood
GSM1400001,38.0,45.47995376586914,test,,Whole Blood
GSM1400004,45.0,46.19879150390625,train,,Whole Blood
GSM1400006,35.0,34.73737335205078,train,,Whole Blood
GSM1400009,53.0,50.36737060546875,train,,Whole Blood
GSM1400011,49.0,46.27857208251953,train,,Whole Blood
GSM1400012,28.0,37.624977111816406,train,,Whole Blood
GSM1400015,36.0,44.24414825439453,train,,Whole Blood
GSM1400018,37.0,45.873924255371094,train,,Whole Blood
GSM1400020,38.0,39.883880615234375,train,,Whole Blood
GSM1400023,44.0,46.967750549316406,train,,Whole Blood
GSM1400024,65.0,50.6851806640625,valid,,Whole Blood
GSM1400025,64.0,50.70344161987305,train,,Whole Blood
GSM1400027,67.0,50.35731506347656,train,,Whole Blood
GSM1400029,31.0,34.45572280883789,test,,Whole Blood
GSM1400031,31.0,34.96744918823242,test,,Whole Blood
GSM1400034,54.0,44.469844818115234,train,,Whole Blood
GSM1400035,38.0,44.40116500854492,train,,Whole Blood
GSM1400036,36.0,48.9526252746582,train,,Whole Blood
GSM1400037,50.0,51.632041931152344,test,,Whole Blood
GSM1400038,65.0,49.20060729980469,test,,Whole Blood
GSM1400039,41.0,40.76437759399414,train,,Whole Blood
GSM1400040,37.0,46.0659065246582,train,,Whole Blood
GSM1400041,36.0,41.879268646240234,train,,Whole Blood
GSM1400046,53.0,47.42323684692383,train,,Whole Blood
GSM1400051,48.0,44.85442352294922,train,,Whole Blood
GSM1400052,29.0,36.33523178100586,test,,Whole Blood
GSM1400053,46.0,45.75978088378906,test,,Whole Blood
GSM1400054,34.0,38.28282165527344,train,,Whole Blood
GSM1400055,46.0,50.79156494140625,test,,Whole Blood
GSM1400058,28.0,44.623146057128906,valid,,Whole Blood
GSM1400059,53.0,44.6693000793457,train,,Whole Blood
GSM1400060,34.0,45.03531646728515,train,,Whole Blood
GSM1400061,54.0,49.92239761352539,valid,,Whole Blood
GSM1401012,37.0,50.84125518798828,test,,Whole Blood
GSM1401014,41.0,37.90242004394531,train,,Whole Blood
GSM1401017,38.0,38.1460075378418,train,,Whole Blood
GSM1401018,45.0,47.8733024597168,train,,Whole Blood
GSM1401020,40.0,43.31679153442383,train,,Whole Blood
GSM1401021,45.0,48.20461654663086,train,,Whole Blood
GSM1401025,49.0,46.22121047973633,train,,Whole Blood
GSM1401028,58.0,53.352806091308594,test,,Whole Blood
GSM1401029,45.0,53.09111785888672,train,,Whole Blood
GSM1401030,50.0,47.226505279541016,train,,Whole Blood
GSM1401033,37.0,41.119415283203125,train,,Whole Blood
GSM1401035,50.0,49.6385498046875,test,,Whole Blood
GSM1401038,58.0,49.890586853027344,test,,Whole Blood
GSM1401040,47.0,46.87480163574219,train,,Whole Blood
GSM1401041,47.0,51.23396682739258,test,,Whole Blood
GSM1401044,67.0,61.13776397705078,valid,,Whole Blood
GSM1401045,37.0,41.40453338623047,train,,Whole Blood
GSM1401046,53.0,47.68638229370117,train,,Whole Blood
GSM1401047,42.0,43.74824142456055,train,,Whole Blood
GSM1401048,31.0,42.64398193359375,train,,Whole Blood
GSM1401049,42.0,43.751319885253906,train,,Whole Blood
GSM1401050,42.0,43.274444580078125,test,,Whole Blood
GSM1401051,46.0,44.641387939453125,train,,Whole Blood
GSM1401053,49.0,45.850379943847656,train,,Whole Blood
GSM1401056,47.0,51.61868667602539,train,,Whole Blood
GSM1401059,41.0,44.00485610961914,train,,Whole Blood
GSM1401062,54.0,45.61549377441406,train,,Whole Blood
GSM1401064,40.0,39.39550018310547,train,,Whole Blood
GSM1401066,54.0,43.36309814453125,test,,Whole Blood
GSM1401068,31.0,53.77654266357422,test,,Whole Blood
GSM1401070,52.0,53.00093078613281,train,,Whole Blood
GSM1401071,35.0,40.93605041503906,train,,Whole Blood
GSM1401072,35.0,38.80214309692383,valid,,Whole Blood
GSM1401074,43.0,50.706695556640625,train,,Whole Blood
GSM1401075,42.0,47.93938827514648,train,,Whole Blood
GSM1401077,40.0,42.68425750732422,train,,Whole Blood
GSM1401079,32.0,45.02183532714844,train,,Whole Blood
GSM1401080,41.0,42.17035675048828,train,,Whole Blood
GSM1401081,49.0,49.04793548583984,train,,Whole Blood
GSM1401084,47.0,49.46164321899414,train,,Whole Blood
GSM1401085,49.0,50.13703155517578,train,,Whole Blood
GSM1401086,39.0,33.56698989868164,train,,Whole Blood
GSM1401087,45.0,44.461456298828125,train,,Whole Blood
GSM1401089,31.0,38.57321548461914,train,,Whole Blood
GSM1401090,53.0,50.92982482910156,train,,Whole Blood
GSM1401091,47.0,44.97117614746094,train,,Whole Blood
GSM1401092,46.0,45.62446212768555,test,,Whole Blood
GSM1401093,39.0,44.01971435546875,train,,Whole Blood
GSM1401094,54.0,50.92172622680664,valid,,Whole Blood
GSM1401095,31.0,33.552188873291016,train,,Whole Blood
GSM1401097,45.0,49.659175872802734,train,,Whole Blood
GSM1401099,62.0,47.88436126708984,valid,,Whole Blood
GSM1401100,26.0,42.26059341430664,test,,Whole Blood
GSM1401106,47.0,47.49357223510742,train,,Whole Blood
GSM1401107,42.0,51.20023727416992,train,,Whole Blood
GSM1401108,41.0,49.24269104003906,train,,Whole Blood
GSM1401109,38.0,49.33124923706055,train,,Whole Blood
GSM1401112,47.0,54.292484283447266,train,,Whole Blood
GSM1401113,52.0,44.566505432128906,train,,Whole Blood
GSM1401115,64.0,47.9123420715332,train,,Whole Blood
GSM1401116,40.0,38.65526580810547,train,,Whole Blood
GSM1401120,44.0,46.9092903137207,train,,Whole Blood
GSM1401122,52.0,49.46271133422851,train,,Whole Blood
GSM1401124,49.0,47.09852600097656,valid,,Whole Blood
GSM1401125,34.0,39.12505340576172,train,,Whole Blood
GSM1401126,32.0,37.50660705566406,test,,Whole Blood
GSM1401128,54.0,46.909610748291016,train,,Whole Blood
GSM1401129,52.0,54.959739685058594,train,,Whole Blood
GSM1401130,36.0,42.591949462890625,valid,,Whole Blood
GSM1401134,49.0,44.57082748413086,test,,Whole Blood
GSM1401135,49.0,46.482330322265625,train,,Whole Blood
GSM1401137,43.0,46.589595794677734,train,,Whole Blood
GSM1401138,47.0,47.01540756225586,valid,,Whole Blood
GSM1401139,39.0,44.33197021484375,train,,Whole Blood
GSM1401141,37.0,37.96684646606445,train,,Whole Blood
GSM1401142,49.0,58.363922119140625,train,,Whole Blood
GSM1401144,54.0,52.89764404296875,test,,Whole Blood
GSM1401146,53.0,47.39141082763672,train,,Whole Blood
GSM1401147,52.0,55.69025421142578,train,,Whole Blood
GSM1401149,53.0,54.17316436767578,test,,Whole Blood
GSM1401150,36.0,43.53846740722656,test,,Whole Blood
GSM1401154,38.0,43.37078094482422,test,,Whole Blood
GSM1401155,34.0,43.64054870605469,train,,Whole Blood
GSM1401157,59.0,58.215614318847656,train,,Whole Blood
GSM1401159,32.0,31.70500946044922,test,,Whole Blood
GSM1401160,41.0,48.19670867919922,train,,Whole Blood
GSM1401161,65.0,63.766578674316406,test,,Whole Blood
GSM1401162,42.0,45.69111633300781,train,,Whole Blood
GSM1401164,38.0,37.81977462768555,train,,Whole Blood
GSM1401165,49.0,52.44220733642578,test,,Whole Blood
GSM1401166,40.0,42.6824836730957,train,,Whole Blood
GSM1401167,54.0,45.85986328125,train,,Whole Blood
GSM1401169,39.0,39.79042434692383,train,,Whole Blood
GSM1401172,31.0,47.19711685180664,train,,Whole Blood
GSM1401174,44.0,41.851898193359375,test,,Whole Blood
GSM1401175,58.0,50.450538635253906,train,,Whole Blood
GSM1401176,65.0,54.26849365234375,train,,Whole Blood
GSM1401177,41.0,46.61906433105469,train,,Whole Blood
GSM1401179,49.0,43.21988677978515,train,,Whole Blood
GSM1401181,45.0,41.95576095581055,train,,Whole Blood
GSM1401186,1.0,3.4868927001953125,valid,,Whole Blood
GSM1401187,0.0,-1.4385604858398438,train,,Whole Blood
GSM1401189,4.0,2.371143341064453,train,,Whole Blood
GSM1401190,0.0,0.3068580627441406,test,,Whole Blood
GSM1401192,4.0,12.67911148071289,train,,Whole Blood
GSM1401193,0.0,-0.9871139526367188,train,,Whole Blood
GSM1401194,4.0,1.8002471923828125,train,,Whole Blood
GSM1401196,0.0,-0.2473068237304687,valid,,Whole Blood
GSM1401198,2.0,0.7763824462890625,train,,Whole Blood
GSM1401199,4.0,0.8720016479492188,train,,Whole Blood
GSM1401203,3.0,2.5075645446777344,train,,Whole Blood
GSM1401204,1.0,2.38541030883789,valid,,Whole Blood
GSM1401206,5.0,5.172382354736328,test,,Whole Blood
GSM1401207,4.0,1.9818458557128904,test,,Whole Blood
GSM1401208,5.0,0.7553634643554688,test,,Whole Blood
GSM1401209,5.0,-2.2449874877929688,valid,,Whole Blood
GSM1401210,1.0,-2.4265823364257812,train,,Whole Blood
GSM1401213,1.0,0.5373306274414062,train,,Whole Blood
GSM1401214,0.0,-1.08282470703125,train,,Whole Blood
GSM1401215,0.0,-0.03955078125,test,,Whole Blood
GSM1401216,1.0,-0.3208541870117187,train,,Whole Blood
GSM1401218,0.0,0.0384902954101562,train,,Whole Blood
GSM1401221,0.0,-0.6743850708007812,train,,Whole Blood
GSM1401222,5.0,2.4567947387695312,train,,Whole Blood
GSM1401224,2.0,2.316753387451172,test,,Whole Blood
GSM1401225,4.0,4.303226470947266,test,,Whole Blood
GSM1401226,3.0,3.0739784240722656,train,,Whole Blood
GSM1401229,5.0,4.462993621826172,train,,Whole Blood
GSM1401230,4.0,3.796855926513672,train,,Whole Blood
GSM1401233,0.0,-1.0106163024902344,valid,,Whole Blood
GSM1401234,1.0,-0.3660888671875,train,,Whole Blood
GSM1401236,3.0,0.8193931579589844,train,,Whole Blood
GSM1401237,4.0,2.1294593811035156,test,,Whole Blood
GSM1401238,0.0,0.2807693481445312,test,,Whole Blood
GSM1401240,1.0,-0.257598876953125,train,,Whole Blood
GSM1401241,1.0,-0.9964065551757812,train,,Whole Blood
GSM1401243,54.0,56.38559341430664,test,,Whole Blood
GSM1401244,48.0,55.26460647583008,train,,Whole Blood
GSM1401245,54.0,56.55298614501953,train,,Whole Blood
GSM1401247,67.0,63.49935531616211,train,,Whole Blood
GSM1401249,67.0,65.78057861328125,train,,Whole Blood
GSM1401250,48.0,49.55315780639648,valid,,Whole Blood
GSM1401253,56.0,46.7315559387207,train,,Whole Blood
GSM1401254,52.0,52.11737060546875,train,,Whole Blood
GSM1401258,48.0,49.89540481567383,train,,Whole Blood
GSM1401260,53.0,56.24898910522461,train,,Whole Blood
GSM1401264,69.80000305175781,69.43402099609375,test,,Whole Blood
GSM1401265,72.5999984741211,73.13685607910156,test,,Whole Blood
GSM1401266,46.5,69.10118865966797,valid,,Whole Blood
GSM1401267,74.30000305175781,75.95106506347656,valid,,Whole Blood
GSM1401268,69.9000015258789,68.46853637695312,valid,,Whole Blood
GSM1401269,75.30000305175781,72.95980834960938,train,,Whole Blood
GSM1401270,65.69999694824219,63.318336486816406,valid,,Whole Blood
GSM1401275,78.0999984741211,74.46112060546875,train,,Whole Blood
GSM1401277,53.400001525878906,70.53694915771484,valid,,Whole Blood
GSM1401280,77.0,76.45416259765625,train,,Whole Blood
GSM1401281,65.69999694824219,71.88516235351562,train,,Whole Blood
GSM1401283,80.5999984741211,73.85003662109375,train,,Whole Blood
GSM1401284,77.0999984741211,73.07182312011719,train,,Whole Blood
GSM1401287,75.5,76.55501556396484,test,,Whole Blood
GSM1401288,75.5,76.06761169433594,train,,Whole Blood
GSM1401289,67.30000305175781,71.20551300048828,valid,,Whole Blood
GSM1415516,79.69999694824219,71.94937133789062,train,,Adipose
GSM1415518,64.5,73.86569213867188,train,,Adipose
GSM1415520,79.69999694824219,70.07229614257812,test,,Adipose
GSM1415522,69.19999694824219,72.83447265625,valid,,Adipose
GSM1415526,54.400001525878906,65.13558959960938,train,,Adipose
GSM1415528,49.79999923706055,51.737548828125,test,,Adipose
GSM1415530,77.4000015258789,78.57160186767578,train,,Adipose
GSM1415532,49.79999923706055,69.66908264160156,train,,Adipose
GSM1415539,80.5999984741211,70.81044006347656,train,,Adipose
GSM1415541,80.9000015258789,76.35030364990234,valid,,Adipose
GSM1415543,68.69999694824219,70.5582046508789,train,,Adipose
GSM1415550,80.9000015258789,80.23686218261719,train,,Adipose
GSM1415552,77.0999984741211,74.27914428710938,train,,Adipose
GSM1415554,80.5999984741211,72.34793090820312,train,,Adipose
GSM1429529,61.900001525878906,73.97525787353516,train,,Kidney
GSM1429530,66.80000305175781,73.07587432861328,test,,Kidney
GSM1429534,66.80000305175781,71.2786636352539,train,,Kidney
GSM1429535,75.30000305175781,74.41835021972656,train,,Kidney
GSM1429536,68.19999694824219,73.40654754638672,train,,Kidney
GSM1429537,64.5,70.08648681640625,train,,Kidney
GSM1429538,63.0,79.83013916015625,train,,Kidney
GSM1429539,63.0,64.13482666015625,train,,Kidney
GSM1429540,41.0,49.82732009887695,train,,Kidney
GSM1429541,64.0,59.36141204833984,train,,Kidney
GSM1429542,58.0,63.19441986083984,train,,Kidney
GSM1429544,64.0,76.5688247680664,test,,Kidney
GSM1429545,41.0,45.95205307006836,valid,,Kidney
GSM1429547,53.0,52.14543914794922,train,,Kidney
GSM1429549,53.0,53.40563201904297,train,,Kidney
GSM1429550,64.0,66.82794952392578,train,,Kidney
GSM1429552,53.0,48.319854736328125,train,,Kidney
GSM1429554,58.0,55.170616149902344,train,,Kidney
GSM1429559,53.0,50.506534576416016,valid,,Kidney
GSM1429563,64.0,62.72876739501953,train,,Kidney
GSM1432403,38.0,48.43107604980469,train,,Other
GSM1432407,63.0,67.40789794921875,train,,Other
GSM1432413,58.0,55.38236999511719,train,,Other
GSM1432414,64.0,89.80914306640625,valid,,Other
GSM1432422,59.0,62.28762435913086,valid,,Other
GSM1432432,64.0,73.73655700683594,train,,Other
GSM1432434,58.0,58.12156677246094,test,,Other
GSM1435225,64.0,76.06350708007812,train,,Pancreas
GSM1435227,32.0,39.201568603515625,train,,Pancreas
GSM1435229,58.0,71.33695983886719,train,,Pancreas
GSM1435231,64.0,71.14453125,train,,Pancreas
GSM1435233,45.0,50.33462905883789,valid,,Pancreas
GSM1435234,38.0,42.19772720336914,train,,Pancreas
GSM1435236,59.0,53.241111755371094,train,,Pancreas
GSM1435238,63.0,60.45347595214844,train,,Pancreas
GSM1435240,53.0,60.63975524902344,train,,Pancreas
GSM1435242,58.0,72.5281982421875,train,,Pancreas
GSM1438150,63.0,55.238037109375,train,,Brain
GSM1438151,0.0,-0.2018203735351562,test,,Brain
GSM1438154,0.0,-0.4308624267578125,train,,Brain
GSM1438156,0.0,0.1313323974609375,train,,Brain
GSM1438184,0.0,0.1485633850097656,train,,Brain
GSM1438207,0.0,-0.4529495239257812,train,,Brain
GSM1438220,0.0,-0.2918815612792969,train,,Brain
GSM1438223,0.0,0.3121757507324219,test,,Brain
GSM1438224,0.0,-0.0858306884765625,train,,Brain
GSM1438228,0.0,-0.595733642578125,train,,Brain
GSM1438229,0.0,-0.35858154296875,train,,Brain
GSM1438262,0.0,-0.3131484985351562,train,,Brain
GSM1438263,0.0,-0.7741012573242188,train,,Brain
GSM1438271,0.0,-0.662139892578125,train,,Brain
GSM1438279,0.0,-0.3716201782226562,train,,Brain
GSM1438283,0.0,-0.1111030578613281,train,,Brain
GSM1438288,0.0,-0.1765823364257812,train,,Brain
GSM1438289,0.0,-0.4751701354980469,train,,Brain
GSM1438496,0.0,-0.1506156921386718,train,,Other
GSM1438497,0.0,0.1211357116699218,valid,,Other
GSM1438498,0.0,-0.2624282836914062,train,,Other
GSM1438499,0.0,-0.3417396545410156,train,,Other
GSM1438500,0.0,1.6239776611328125,test,,Other
GSM1438501,50.79999923706055,55.78042984008789,train,,Other
GSM1438508,42.400001525878906,47.00202178955078,train,,Vagina
GSM1438509,46.70000076293945,48.53959655761719,train,,Vagina
GSM1438510,7.199999809265137,7.1434783935546875,train,,Vagina
GSM1438511,43.900001525878906,54.483909606933594,train,,Other
GSM1438512,54.79999923706055,52.65828704833984,train,,Other
GSM1438513,46.29999923706055,52.97706604003906,train,,Other
GSM1438514,5.0,5.159267425537109,train,,Whole Blood
GSM1438515,45.400001525878906,52.5911865234375,train,,Whole Blood
GSM1438516,40.400001525878906,47.69759750366211,test,,Whole Blood
GSM1438517,54.20000076293945,59.74243927001953,train,,Whole Blood
GSM1438518,54.599998474121094,63.30311584472656,train,,Whole Blood
GSM1438519,37.20000076293945,46.705955505371094,train,,Whole Blood
GSM1438538,50.5,43.238563537597656,train,,Whole Blood
GSM1438539,24.200000762939453,28.434776306152344,train,,Whole Blood
GSM1438540,41.400001525878906,41.749168395996094,train,,Whole Blood
GSM1438541,73.69999694824219,70.68418884277344,train,,Whole Blood
GSM1438542,48.79999923706055,51.513771057128906,train,,Other
GSM1438543,34.0,45.87655258178711,train,,Other
GSM1438544,2.4000000953674316,6.071388244628906,test,,Other
GSM1438545,49.900001525878906,53.1251220703125,test,,Other
GSM1439943,41.70000076293945,41.31388473510742,train,,Whole Blood
GSM1439944,53.20000076293945,62.19527816772461,test,,Whole Blood
GSM1439945,2.5,1.7454833984375,train,,Whole Blood
GSM1439947,36.29999923706055,34.559715270996094,train,,Whole Blood
GSM1439948,37.900001525878906,40.22991180419922,train,,Whole Blood
GSM1439949,61.0,60.648193359375,train,,Whole Blood
GSM1439950,47.20000076293945,53.02325439453125,train,,Whole Blood
GSM1439951,10.800000190734863,11.28419303894043,test,,Whole Blood
GSM1439952,56.0,60.324806213378906,train,,Whole Blood
GSM1439953,7.300000190734863,7.118385314941406,test,,Whole Blood
GSM1439954,42.70000076293945,57.034271240234375,valid,,Whole Blood
GSM1439955,55.900001525878906,54.825775146484375,test,,Whole Blood
GSM1439957,34.79999923706055,33.5163459777832,train,,Whole Blood
GSM1439958,53.29999923706055,56.930789947509766,valid,,Whole Blood
GSM1439959,51.5,49.54600143432617,test,,Whole Blood
GSM1439960,9.199999809265137,17.891956329345703,train,,Whole Blood
GSM1439961,48.400001525878906,56.018898010253906,train,,Whole Blood
GSM1439962,32.400001525878906,48.16084671020508,test,,Whole Blood
GSM1439963,52.599998474121094,63.42694854736328,train,,Whole Blood
GSM1439964,47.20000076293945,53.893821716308594,valid,,Whole Blood
GSM1439965,47.0,56.09963607788086,train,,Whole Blood
GSM1439966,40.5,50.77901840209961,train,,Whole Blood
GSM1439967,38.29999923706055,35.885780334472656,test,,Whole Blood
GSM1439968,3.5,5.567409515380859,valid,,Whole Blood
GSM1439969,54.400001525878906,51.23975372314453,train,,Whole Blood
GSM1439970,24.299999237060547,33.8368034362793,train,,Whole Blood
GSM1439971,69.5,60.85124206542969,valid,,Whole Blood
GSM1439972,60.29999923706055,59.09748840332031,train,,Whole Blood
GSM1439973,35.0,49.15924835205078,train,,Whole Blood
GSM1439974,7.099999904632568,11.463592529296877,train,,Whole Blood
GSM1439975,55.20000076293945,54.73870849609375,test,,Whole Blood
GSM1439976,47.400001525878906,52.29884338378906,test,,Whole Blood
GSM1439977,4.199999809265137,4.218471527099609,train,,Whole Blood
GSM1439978,7.099999904632568,8.82266616821289,train,,Whole Blood
GSM1439979,51.099998474121094,53.971900939941406,train,,Whole Blood
GSM1439980,40.70000076293945,48.20435333251953,train,,Whole Blood
GSM1439981,5.300000190734863,5.320720672607422,train,,Whole Blood
GSM1439983,41.0,37.62910461425781,train,,Whole Blood
GSM1439984,35.29999923706055,47.86268615722656,train,,Whole Blood
GSM1439985,47.20000076293945,53.184349060058594,train,,Whole Blood
GSM1439986,34.29999923706055,48.80965805053711,test,,Whole Blood
GSM1439987,2.299999952316284,2.6745681762695312,train,,Whole Blood
GSM1439988,63.0,54.07722473144531,valid,,Whole Blood
GSM1439989,53.0,52.797325134277344,train,,Whole Blood
GSM1439990,112.0,115.47689056396484,valid,,Whole Blood
GSM1439991,96.0,95.5541000366211,train,,Whole Blood
GSM1439992,85.0,84.1309585571289,train,,Whole Blood
GSM1439993,85.0,91.8837432861328,train,,Whole Blood
GSM1439994,93.0,100.9692840576172,train,,Whole Blood
GSM1439995,70.0,72.29048156738281,train,,Whole Blood
GSM1439996,111.0,108.923828125,train,,Whole Blood
GSM1439997,73.0,63.76448822021485,train,,Whole Blood
GSM1439998,112.0,111.93871307373048,valid,,Whole Blood
GSM1439999,41.0,51.68915557861328,valid,,Whole Blood
GSM1440000,80.0,74.16133117675781,train,,Whole Blood
GSM1440001,111.0,104.6591339111328,train,,Whole Blood
GSM1440002,32.0,43.497989654541016,train,,Whole Blood
GSM1440003,64.0,54.52645492553711,valid,,Whole Blood
GSM1440004,112.0,110.23370361328124,train,,Whole Blood
GSM1440005,36.0,46.47884750366211,train,,Whole Blood
GSM1440006,112.0,114.4549331665039,valid,,Whole Blood
GSM1440007,114.0,110.3354721069336,train,,Whole Blood
GSM1440008,78.0,71.24922180175781,train,,Whole Blood
GSM1440009,77.0,74.046875,test,,Whole Blood
GSM1440010,63.0,68.82689666748047,test,,Whole Blood
GSM1440011,15.0,36.21174240112305,train,,Whole Blood
GSM1440012,80.0,55.53947448730469,test,,Whole Blood
GSM1440013,81.0,94.9226531982422,train,,Whole Blood
GSM1440014,112.0,113.35905456542967,valid,,Whole Blood
GSM1440015,82.0,92.11573791503906,train,,Whole Blood
GSM1440016,101.0,106.92449951171876,test,,Whole Blood
GSM1440017,64.0,83.2113265991211,train,,Whole Blood
GSM1440018,59.0,65.07302856445312,test,,Whole Blood
GSM1440019,114.0,98.5830535888672,train,,Whole Blood
GSM1440020,53.0,61.18323516845703,train,,Whole Blood
GSM1440021,73.0,75.5339584350586,train,,Whole Blood
GSM1440022,114.0,98.78296661376952,train,,Whole Blood
GSM1440023,76.0,81.27010345458984,train,,Whole Blood
GSM1440024,112.0,105.58082580566406,train,,Whole Blood
GSM1440025,64.0,72.09930419921875,test,,Whole Blood
GSM1440026,41.0,52.754032135009766,train,,Whole Blood
GSM1440027,85.0,78.71682739257812,train,,Whole Blood
GSM1440028,112.0,101.20744323730467,train,,Whole Blood
GSM1440029,80.0,91.3968505859375,valid,,Whole Blood
GSM1440030,80.0,88.63713073730469,train,,Whole Blood
GSM1440031,73.0,69.42545318603516,valid,,Whole Blood
GSM1440032,82.0,68.75755310058594,test,,Whole Blood
GSM1440033,111.0,100.28654479980467,valid,,Whole Blood
GSM1440034,85.0,73.47247314453125,train,,Whole Blood
GSM1440035,112.0,112.1135711669922,train,,Whole Blood
GSM1440036,65.0,89.85956573486328,train,,Whole Blood
GSM1440037,77.0,69.80937957763672,train,,Whole Blood
GSM1440038,79.0,74.45716094970703,train,,Whole Blood
GSM1440039,112.0,108.5418701171875,train,,Whole Blood
GSM1440040,114.0,89.45750427246094,test,,Whole Blood
GSM1440041,63.0,69.4312744140625,train,,Whole Blood
GSM1440042,114.0,86.83363342285156,valid,,Whole Blood
GSM1440043,53.0,55.38225936889648,train,,Whole Blood
GSM1440044,100.0,84.95526123046875,train,,Whole Blood
GSM1440045,112.0,107.30400848388672,train,,Whole Blood
GSM1440046,112.0,115.5667953491211,test,,Whole Blood
GSM1440047,41.0,39.897125244140625,train,,Whole Blood
GSM1440048,111.0,88.85946655273438,valid,,Whole Blood
GSM1440049,83.0,102.88655090332033,train,,Whole Blood
GSM1440050,15.0,53.20928192138672,train,,Whole Blood
GSM1440051,63.0,65.94036865234375,train,,Whole Blood
GSM1440052,63.0,78.60114288330078,test,,Whole Blood
GSM1440053,85.0,53.599483489990234,test,,Whole Blood
GSM1440054,59.0,57.447269439697266,train,,Whole Blood
GSM1440055,73.0,68.21188354492188,train,,Whole Blood
GSM1440056,112.0,108.91981506347656,train,,Whole Blood
GSM1440057,45.0,48.382930755615234,train,,Whole Blood
GSM1440058,81.0,78.2134780883789,train,,Whole Blood
GSM1440060,36.0,52.798851013183594,train,,Whole Blood
GSM1469973,82.0,96.19050598144533,train,,Whole Blood
GSM1469974,79.0,76.251708984375,train,,Whole Blood
GSM1469975,100.0,73.97688293457031,train,,Whole Blood
GSM1469976,41.0,51.36516189575195,test,,Whole Blood
GSM1469977,100.0,113.8140106201172,valid,,Whole Blood
GSM1469978,36.0,48.469444274902344,train,,Whole Blood
GSM1496820,49.0,70.33097839355469,test,,Brain
GSM1496821,64.0,58.506797790527344,train,,Brain
GSM1496822,75.0,75.98542785644531,train,,Brain
GSM1496823,112.0,110.8462905883789,test,,Brain
GSM1496824,101.0,113.73158264160156,train,,Brain
GSM1496825,81.0,90.48603057861328,test,,Brain
GSM1496826,111.0,104.93704223632812,train,,Brain
GSM1496827,112.0,113.88014221191406,train,,Brain
GSM1496828,112.0,111.76060485839844,train,,Brain
GSM1496829,112.0,106.1005859375,train,,Brain
GSM1496830,93.0,87.49964904785156,valid,,Brain
GSM1496831,81.0,88.091796875,train,,Brain
GSM1496832,32.0,37.41445541381836,train,,Brain
GSM1496833,32.0,36.44976806640625,test,,Brain
GSM1496834,68.0,76.47681427001953,train,,Brain
GSM1496835,82.0,83.2677001953125,valid,,Brain
GSM1496836,64.0,66.06172180175781,train,,Brain
GSM1496837,112.0,105.05003356933594,train,,Brain
GSM1496838,112.0,114.9879379272461,train,,Brain
GSM1496839,100.0,107.42022705078124,train,,Brain
GSM1496840,112.0,104.35490417480467,train,,Brain
GSM1496841,80.0,90.4783935546875,valid,,Brain
GSM1496842,80.0,78.82774353027344,train,,Brain
GSM1496843,84.0,87.19695281982422,train,,Brain
GSM1500870,112.0,116.34053802490234,test,,Adipose
GSM1500871,101.0,102.09715270996094,train,,Adipose
GSM1500872,64.0,64.63253784179688,train,,Adipose
GSM1500875,100.0,97.85627746582033,train,,Adipose
GSM1500876,92.0,82.7530517578125,train,,Adipose
GSM1500885,63.0,49.78243637084961,valid,,Adipose
GSM1500886,82.0,92.32337951660156,train,,Adipose
GSM1500888,64.0,88.87886810302734,train,,Adipose
GSM1500889,112.0,108.51322174072266,train,,Adipose
GSM1500890,82.0,92.68792724609376,test,,Adipose
GSM1500892,53.0,54.67843246459961,valid,,Adipose
GSM1500893,112.0,113.79439544677734,test,,Adipose
GSM1500894,112.0,89.8034439086914,train,,Adipose
GSM1500895,41.0,72.96692657470703,train,,Adipose
GSM1500896,114.0,110.16578674316406,train,,Adipose
GSM1500897,100.0,103.82530212402344,test,,Adipose
GSM1500899,45.0,62.0208854675293,train,,Adipose
GSM1500900,59.0,68.83576965332031,train,,Adipose
GSM1500901,53.0,51.530975341796875,train,,Adipose
GSM1500908,59.0,52.280174255371094,train,,Liver
GSM1500909,112.0,117.49449920654295,test,,Liver
GSM1500910,63.0,69.17610931396484,train,,Liver
GSM1500911,32.0,41.586029052734375,train,,Liver
GSM1500912,64.0,85.715576171875,train,,Liver
GSM1500913,112.0,113.75484466552734,train,,Liver
GSM1500914,112.0,107.95420837402344,train,,Liver
GSM1500915,58.0,59.53850555419922,train,,Liver
GSM1500916,85.0,93.2072982788086,test,,Liver
GSM1500917,41.0,46.122344970703125,train,,Liver
GSM1500918,83.0,84.61680603027344,test,,Liver
GSM1500919,53.0,38.15982818603515,test,,Liver
GSM1500920,15.0,24.85297203063965,train,,Liver
GSM1500921,96.0,94.36022186279295,train,,Liver
GSM1500922,112.0,111.60558319091795,train,,Liver
GSM1500923,82.0,79.19998168945312,train,,Liver
GSM1500924,45.0,51.82470703125,train,,Liver
GSM1500925,69.0,79.28023529052734,test,,Liver
GSM1500926,53.0,54.2119026184082,train,,Liver
GSM1500927,85.0,57.29407501220703,train,,Liver
GSM1500928,112.0,111.43083953857422,train,,Liver
GSM1500929,100.0,90.03988647460938,train,,Liver
GSM1500930,112.0,112.02154541015624,test,,Liver
GSM1500931,111.0,106.45699310302734,train,,Liver
GSM1500932,41.0,51.120731353759766,valid,,Liver
GSM1500933,77.0,74.6082534790039,valid,,Liver
GSM1500934,73.0,76.38543701171875,test,,Liver
GSM1500935,100.0,71.24150848388672,train,,Liver
GSM1500936,64.0,83.26211547851562,valid,,Liver
GSM1500937,86.0,89.51654052734375,train,,Liver
GSM1500938,112.0,111.96554565429688,test,,Liver
GSM1500939,59.0,71.05201721191406,train,,Liver
GSM1500940,85.0,92.98333740234376,train,,Liver
GSM1500941,112.0,114.68733978271484,test,,Liver
GSM1500942,112.0,110.63491821289062,train,,Liver
GSM1500943,112.0,108.21154022216795,test,,Liver
GSM1500944,111.0,89.50572204589844,valid,,Liver
GSM1500945,96.0,90.00666809082031,train,,Liver
GSM1500946,114.0,100.66154479980467,test,,Liver
GSM1500947,64.0,65.2072525024414,train,,Liver
GSM1500948,112.0,113.6228256225586,train,,Liver
GSM1500949,64.0,70.57901000976562,test,,Liver
GSM1500950,111.0,111.284423828125,test,,Liver
GSM1500951,112.0,116.71619415283205,valid,,Liver
GSM1500952,79.0,73.97776794433594,train,,Liver
GSM1500953,83.0,77.19853210449219,train,,Liver
GSM1500954,81.0,88.42483520507812,train,,Liver
GSM1500955,112.0,112.45620727539062,valid,,Liver
GSM1500956,63.0,71.8101806640625,train,,Liver
GSM1500957,41.0,48.28474426269531,train,,Liver
GSM1500958,100.0,108.15819549560548,train,,Liver
GSM1500959,81.0,92.79759216308594,train,,Liver
GSM1500960,64.0,74.97821044921875,train,,Liver
GSM1500961,112.0,112.95761108398438,test,,Liver
GSM1500962,96.0,90.18634033203124,train,,Liver
GSM1500963,112.0,108.08445739746094,train,,Liver
GSM1500964,63.0,65.49442291259766,train,,Liver
GSM1500965,36.0,40.33485412597656,test,,Liver
GSM1500966,114.0,110.54950714111328,train,,Liver
GSM1500967,112.0,108.48875427246094,test,,Liver
GSM1500968,64.0,76.0771484375,train,,Liver
GSM1500969,81.0,86.62501525878906,train,,Liver
GSM1500970,114.0,109.74439239501952,valid,,Liver
GSM1500971,73.0,74.37721252441406,test,,Liver
GSM1500972,64.0,65.31848907470703,train,,Liver
GSM1500973,100.0,91.3589324951172,train,,Liver
GSM1500974,96.0,98.71745300292967,train,,Liver
GSM1500975,73.0,83.59241485595703,train,,Liver
GSM1500976,53.0,57.2069091796875,train,,Liver
GSM1500977,112.0,116.27853393554688,train,,Liver
GSM1500978,81.0,86.42478942871094,train,,Liver
GSM1500979,112.0,112.68942260742188,train,,Liver
GSM1500980,73.0,76.08480834960938,train,,Liver
GSM1500981,112.0,112.65827178955078,train,,Liver
GSM1500982,38.0,45.94569778442383,train,,Liver
GSM1500983,112.0,115.51895904541016,train,,Liver
GSM1500984,112.0,110.8823699951172,train,,Liver
GSM1500985,63.0,54.32203674316406,train,,Liver
GSM1500986,53.0,55.449501037597656,train,,Liver
GSM1500987,45.0,54.002952575683594,train,,Muscle
GSM1500988,114.0,79.77975463867188,train,,Muscle
GSM1500989,96.0,102.5355224609375,test,,Muscle
GSM1500990,53.0,46.064823150634766,train,,Muscle
GSM1500991,111.0,86.89277648925781,train,,Muscle
GSM1500992,83.0,84.86053466796875,train,,Muscle
GSM1500993,85.0,58.47526168823242,train,,Muscle
GSM1500994,58.0,53.97325897216797,train,,Muscle
GSM1500995,112.0,107.7992935180664,test,,Muscle
GSM1500996,112.0,102.5958480834961,train,,Muscle
GSM1500997,64.0,61.9013671875,train,,Muscle
GSM1500998,45.0,46.72358703613281,train,,Muscle
GSM1500999,41.0,54.10401153564453,train,,Muscle
GSM1501000,58.0,58.70103454589844,test,,Muscle
GSM1501001,89.0,89.84394073486328,train,,Muscle
GSM1501002,59.0,59.62449645996094,train,,Muscle
GSM1501003,81.0,92.91769409179688,valid,,Muscle
GSM1501004,112.0,110.70751953125,train,,Muscle
GSM1501005,83.0,67.31703186035156,train,,Muscle
GSM1501006,100.0,96.37853240966795,train,,Muscle
GSM1501007,112.0,105.78923797607422,train,,Muscle
GSM1501008,0.0,-0.468536376953125,test,,Muscle
GSM1501009,0.0,-0.7358016967773438,train,,Muscle
GSM1501010,0.0,-0.5608711242675781,train,,Muscle
GSM1501011,0.0,-0.1830863952636718,train,,Muscle
GSM1501012,0.0,-0.1555213928222656,test,,Muscle
GSM1503499,0.0,-0.1129608154296875,test,,Brain
GSM1503500,0.0,-0.1714668273925781,train,,Brain
GSM1503501,0.0,-1.2607421875,test,,Brain
GSM1503502,0.0,0.2688713073730469,train,,Brain
GSM1503503,0.0,-0.659332275390625,train,,Brain
GSM1503507,0.0,-0.3815574645996094,train,,Brain
GSM1503508,0.0,-0.3774566650390625,test,,Brain
GSM1503510,0.0,-0.2075233459472656,train,,Brain
GSM1503511,0.0,0.0120201110839843,train,,Brain
GSM1503512,0.0,-0.5866432189941406,train,,Brain
GSM1503517,0.0,-0.4954490661621094,train,,Brain
GSM1503523,0.0,-0.05694580078125,train,,Brain
GSM1503525,0.0,-0.7479324340820312,test,,Brain
GSM1503529,0.0,-0.8323440551757812,train,,Brain
GSM1503531,0.0,-0.4896202087402344,test,,Brain
GSM1504929,0.0,0.042083740234375,train,,Liver
GSM1504932,0.0,0.2238311767578125,train,,Liver
GSM1504933,0.0,-0.2576751708984375,test,,Liver
GSM1504936,0.0,-0.273284912109375,test,,Liver
GSM1504937,0.0,-0.9228286743164062,train,,Liver
GSM1504941,0.0,-0.6642227172851562,train,,Liver
GSM1504942,0.0,-1.0751304626464844,train,,Liver
GSM1504943,0.0,-0.92724609375,train,,Liver
GSM1504944,0.0,-0.1246757507324218,valid,,Liver
GSM1504947,0.0,-0.7598648071289062,train,,Liver
GSM1504948,0.0,-0.5037155151367188,train,,Liver
GSM1504949,0.0,-0.2478561401367187,test,,Liver
GSM1504950,0.0,-0.6990280151367188,train,,Liver
GSM1504951,0.0,-0.0694694519042968,train,,Liver
GSM1504952,0.0,-0.0601425170898437,train,,Liver
GSM1504954,0.0,-1.0159263610839844,train,,Liver
GSM1504955,0.0,-0.4909706115722656,train,,Liver
GSM1504956,0.0,-0.5648765563964844,test,,Liver
GSM1504957,0.0,-0.1306686401367187,train,,Liver
GSM1504959,0.0,-0.881591796875,train,,Liver
GSM1504960,0.0,-0.7996101379394531,train,,Liver
GSM1504961,0.0,-0.6249046325683594,train,,Liver
GSM1504962,0.0,-0.6414260864257812,train,,Liver
GSM1504963,0.0,0.1258430480957031,train,,Liver
GSM1504964,0.0,1.2652091979980469,train,,Liver
GSM1504967,0.0,-0.1963691711425781,train,,Liver
GSM1504969,0.0,-0.6957817077636719,train,,Liver
GSM1504971,0.0,-0.4181442260742187,test,,Liver
GSM1504972,0.0,-0.2763328552246094,train,,Liver
GSM1504973,0.0,-0.5959587097167969,valid,,Liver
GSM1504974,0.0,-0.0852584838867187,train,,Liver
GSM1504977,0.0,0.7878990173339844,train,,Liver
GSM1504979,0.0,-0.5847587585449219,train,,Liver
GSM1504980,0.0,-1.321502685546875,train,,Liver
GSM1504981,0.0,-0.2672576904296875,train,,Liver
GSM1504983,0.0,0.2689323425292969,train,,Liver
GSM1504984,0.0,0.0472412109375,train,,Liver
GSM1504985,0.0,-0.2536277770996094,train,,Liver
GSM1504986,0.0,-0.4752922058105469,train,,Liver
GSM1504987,0.0,-0.3518791198730469,train,,Liver
GSM1504989,0.0,-0.3990821838378906,valid,,Liver
GSM1504991,0.0,0.0114173889160156,train,,Liver
GSM1504993,0.0,0.0199623107910156,test,,Liver
GSM1504994,0.0,-0.5016746520996094,train,,Liver
GSM1505014,0.0,-0.7674293518066406,test,,Adipose
GSM1505016,0.0,0.2978744506835937,valid,,Adipose
GSM1505018,0.0,-0.0991783142089843,train,,Adipose
GSM1505021,0.0,-0.0842781066894531,train,,Adipose
GSM1505026,0.0,-0.6514129638671875,test,,Adipose
GSM1505031,0.0,-0.5566749572753906,test,,Adipose
GSM1505032,0.0,-0.3483352661132812,train,,Adipose
GSM1505033,0.0,-0.8224105834960938,train,,Adipose
GSM1505036,0.0,-0.7438240051269531,train,,Adipose
GSM1505039,0.0,-0.5852890014648438,test,,Adipose
GSM1505043,0.0,-1.0167999267578125,train,,Adipose
GSM1505044,0.0,-0.039581298828125,train,,Adipose
GSM1505048,0.0,-0.3571968078613281,train,,Adipose
GSM1505049,0.0,-0.4172019958496094,train,,Adipose
GSM1505050,0.0,0.1431770324707031,train,,Adipose
GSM1505051,0.0,-0.5170669555664062,train,,Adipose
GSM1505052,0.0,0.1681137084960937,train,,Adipose
GSM1505054,0.0,0.4350318908691406,test,,Adipose
GSM1505057,0.0,-0.5480690002441406,train,,Adipose
GSM1505058,0.0,-0.1595001220703125,train,,Adipose
GSM1505059,0.0,-0.5294265747070312,train,,Adipose
GSM1505060,0.0,-0.4512939453125,train,,Adipose
GSM1505061,0.0,0.5231666564941406,test,,Adipose
GSM1505063,0.0,0.012176513671875,test,,Adipose
GSM1505064,0.0,-0.1977729797363281,test,,Adipose
GSM1505065,0.0,-0.1579437255859375,train,,Adipose
GSM1505066,0.0,-0.5408897399902344,test,,Adipose
GSM1505070,0.0,-0.8257331848144531,train,,Adipose
GSM1505071,0.0,-0.1717033386230468,train,,Adipose
GSM1505072,0.0,-0.4995841979980469,train,,Adipose
GSM1505073,0.0,-0.7871894836425781,test,,Adipose
GSM1505074,0.0,-0.4820022583007812,train,,Adipose
GSM1505075,0.0,-0.4031867980957031,train,,Adipose
GSM1505077,0.0,-0.1237525939941406,train,,Adipose
GSM1505078,0.0,0.154693603515625,train,,Adipose
GSM1505079,0.0,0.5788764953613281,train,,Adipose
GSM1505081,0.0,0.2279586791992187,train,,Adipose
GSM1505082,0.0,-0.1028213500976562,train,,Adipose
GSM1505083,0.0,-0.4010963439941406,train,,Adipose
GSM1505084,0.0,0.0858955383300781,valid,,Muscle
GSM1505085,0.0,-0.523712158203125,valid,,Muscle
GSM1505086,0.0,-0.480682373046875,train,,Muscle
GSM1505088,0.0,-0.4598274230957031,train,,Muscle
GSM1505089,0.0,0.3239250183105469,train,,Muscle
GSM1505090,0.0,-0.755706787109375,test,,Muscle
GSM1505093,0.0,-0.5179252624511719,train,,Muscle
GSM1505096,0.0,1.159210205078125,train,,Muscle
GSM1505099,0.0,-0.4712371826171875,train,,Muscle
GSM1505100,0.0,0.939544677734375,train,,Muscle
GSM1505101,0.0,-0.9756202697753906,test,,Muscle
GSM1505103,0.0,0.227142333984375,train,,Muscle
GSM1505105,0.0,-0.4726448059082031,train,,Muscle
GSM1505110,0.0,0.0979156494140625,test,,Muscle
GSM1505111,0.0,0.2852668762207031,test,,Muscle
GSM1505113,0.0,-0.49981689453125,valid,,Muscle
GSM1505114,0.0,-0.5032157897949219,valid,,Muscle
GSM1505116,0.0,-0.3005523681640625,train,,Muscle
GSM1505117,0.0,-0.0537185668945312,test,,Muscle
GSM1505118,0.0,-0.6178436279296875,train,,Muscle
GSM1505120,0.0,-0.6167335510253906,train,,Muscle
GSM1505122,0.0,-0.4747123718261719,train,,Muscle
GSM1505125,0.0,-0.9367027282714844,train,,Muscle
GSM1505127,0.0,-1.0017242431640625,test,,Muscle
GSM1505128,0.0,-0.1897239685058593,train,,Muscle
GSM1505130,0.0,-1.0430412292480469,train,,Muscle
GSM1505131,22.0,32.60406494140625,train,,Muscle
GSM1505132,26.0,28.22161865234375,train,,Muscle
GSM1505133,22.0,30.22632598876953,train,,Muscle
GSM1505134,26.0,33.7239875793457,train,,Muscle
GSM1505137,22.0,33.742855072021484,test,,Muscle
GSM1505138,22.0,23.408681869506836,train,,Muscle
GSM1505139,30.0,30.904438018798828,test,,Muscle
GSM1505140,32.0,5.852973937988281,train,,Muscle
GSM1505142,32.0,48.46379852294922,train,,Muscle
GSM1505143,41.0,44.391632080078125,train,,Muscle
GSM1505146,54.0,50.200050354003906,train,,Adipose
GSM1505149,43.0,64.0419921875,test,,Adipose
GSM1505150,25.0,40.57030487060547,train,,Adipose
GSM1505151,45.0,54.479591369628906,train,,Adipose
GSM1505153,56.0,54.09272766113281,train,,Adipose
GSM1505154,47.0,41.90105056762695,train,,Adipose
GSM1505157,61.0,59.283172607421875,test,,Adipose
GSM1505158,0.0,0.0588569641113281,valid,,Adipose
GSM1505159,0.0,-0.3609733581542969,valid,,Adipose
GSM1505160,0.0,0.046722412109375,test,,Adipose
GSM1505161,1.0,1.0824737548828125,train,,Adipose
GSM1505162,0.0,-0.0871543884277343,train,,Adipose
GSM1505164,0.0,-0.1804275512695312,train,,Adipose
GSM1505165,0.0,-0.0546684265136718,test,,Adipose
GSM1505166,0.0,0.0044822692871093,train,,Adipose
GSM1505168,2.0,2.0550003051757812,train,,Adipose
GSM1505169,4.0,2.6152572631835938,train,,Adipose
GSM1505171,0.75,0.5898971557617188,train,,Adipose
GSM1505172,2.0,1.534912109375,train,,Adipose
GSM1505173,0.0,0.5884475708007812,train,,Adipose
GSM1505177,0.0,0.5119705200195312,train,,Adipose
GSM1505178,0.0,0.4222373962402344,train,,Adipose
GSM1505182,0.0,0.6507186889648438,train,,Adipose
GSM1505184,4.0,4.317588806152344,train,,Adipose
GSM1505188,4.0,4.651725769042969,train,,Adipose
GSM1505189,0.0,0.5048255920410156,test,,Adipose
GSM1505190,0.0,-0.2675552368164062,train,,Adipose
GSM1505191,0.0,-0.1861534118652343,train,,Adipose
GSM1505192,0.0,-0.0914955139160156,train,,Adipose
GSM1505194,0.0,-1.071136474609375,valid,,Adipose
GSM1505197,1.0,0.827423095703125,train,,Adipose
GSM1505199,0.0,0.1632957458496093,test,,Adipose
GSM1505201,3.0,1.7582931518554688,train,,Adipose
GSM1505204,0.0,1.0604209899902344,train,,Adipose
GSM1505205,2.0,2.397930145263672,train,,Adipose
GSM1505206,0.0,-0.2894020080566406,valid,,Adipose
GSM1505207,5.0,4.8583526611328125,valid,,Adipose
GSM1505208,0.0,1.1531639099121094,valid,,Adipose
GSM1505209,0.0,0.2439346313476562,train,,Adipose
GSM1505211,3.0,-0.3122329711914062,train,,Adipose
GSM1505212,0.0,-0.009613037109375,train,,Adipose
GSM1505213,0.5,0.4844131469726562,valid,,Adipose
GSM1522958,0.0,-1.2433433532714844,train,,Whole Blood
GSM1522959,0.0,-0.6781997680664062,train,,Whole Blood
GSM1522960,1.0,1.0933113098144531,train,,Whole Blood
GSM1522961,0.0,-0.7098731994628906,valid,,Whole Blood
GSM1522962,0.0,0.3443527221679687,valid,,Whole Blood
GSM1522963,0.0,0.2775650024414062,test,,Whole Blood
GSM1522964,4.0,5.858051300048828,train,,Whole Blood
GSM1522965,36.0,41.097206115722656,train,,Whole Blood
GSM1522966,56.0,53.062835693359375,train,,Whole Blood
GSM1522967,60.0,58.98377227783203,test,,Whole Blood
GSM1522968,30.0,33.603485107421875,train,,Whole Blood
GSM1522969,57.0,58.22121047973633,train,,Whole Blood
GSM1522970,61.0,52.76411819458008,train,,Whole Blood
GSM1522971,27.0,27.877395629882812,train,,Whole Blood
GSM1522972,50.0,46.26763916015625,train,,Whole Blood
GSM1522973,56.0,59.57284927368164,test,,Whole Blood
GSM1522974,56.0,52.49795913696289,train,,Whole Blood
GSM1522975,36.0,37.17567825317383,train,,Whole Blood
GSM1522976,30.0,26.107852935791016,train,,Whole Blood
GSM1522977,62.0,36.36506652832031,test,,Whole Blood
GSM1522978,66.0,64.12569427490234,train,,Whole Blood
GSM1522979,37.0,36.127540588378906,train,,Whole Blood
GSM1522980,46.0,43.48941802978515,test,,Whole Blood
GSM1522981,48.0,55.08096694946289,test,,Whole Blood
GSM1522982,61.0,47.158111572265625,test,,Whole Blood
GSM1522983,41.0,38.4424934387207,train,,Whole Blood
GSM1522984,38.0,32.37948226928711,test,,Whole Blood
GSM1522985,31.0,35.399478912353516,valid,,Whole Blood
GSM1522986,61.0,62.483131408691406,valid,,Whole Blood
GSM1522987,37.0,40.810691833496094,train,,Whole Blood
GSM1522988,35.0,35.255401611328125,valid,,Whole Blood
GSM1522989,51.0,51.098785400390625,train,,Whole Blood
GSM1522990,48.0,50.9712028503418,test,,Whole Blood
GSM1522991,30.0,41.579490661621094,train,,Whole Blood
GSM1522992,41.0,48.01611328125,train,,Whole Blood
GSM1522993,33.0,32.25387954711914,test,,Whole Blood
GSM1522994,41.0,31.6828556060791,valid,,Whole Blood
GSM1522995,43.0,45.96704864501953,train,,Whole Blood
GSM1522996,30.0,29.076244354248047,train,,Whole Blood
GSM1522997,30.0,38.00931167602539,valid,,Whole Blood
GSM1522998,49.0,42.34040451049805,train,,Whole Blood
GSM1522999,52.0,49.948272705078125,train,,Whole Blood
GSM1523000,49.0,50.932125091552734,train,,Whole Blood
GSM1523001,52.0,51.40559768676758,train,,Whole Blood
GSM1523002,33.0,27.52328872680664,test,,Whole Blood
GSM1523003,43.0,45.35068130493164,valid,,Whole Blood
GSM1523004,33.0,39.01922607421875,train,,Whole Blood
GSM1523005,0.0,0.5351104736328125,train,,Whole Blood
GSM1523006,0.0,0.8149032592773438,train,,Whole Blood
GSM1523007,0.0,0.7838516235351562,train,,Whole Blood
GSM1523008,0.0,0.4752922058105469,train,,Whole Blood
GSM1523009,0.0,0.6004867553710938,valid,,Whole Blood
GSM1523010,0.0,0.5157203674316406,train,,Whole Blood
GSM1523011,0.0,1.1774559020996094,train,,Whole Blood
GSM1523012,0.0,0.5878105163574219,train,,Whole Blood
GSM1523013,0.0,0.8366317749023438,train,,Whole Blood
GSM1523014,0.0,0.7525558471679688,valid,,Whole Blood
GSM1523015,0.0,0.515228271484375,train,,Whole Blood
GSM1523016,0.0,0.417694091796875,train,,Whole Blood
GSM1523017,0.0,1.1807022094726562,train,,Whole Blood
GSM1534688,0.0,0.55206298828125,test,,Whole Blood
GSM1534689,0.0,0.5233726501464844,train,,Artery
GSM1534695,0.0,0.9934120178222656,train,,Other
GSM1534696,0.0,0.55029296875,train,,Whole Blood
GSM1534697,0.0,0.42218017578125,train,,Artery
GSM1534699,0.0,0.7016563415527344,train,,Other
GSM1534700,0.0,0.9082984924316406,test,,Whole Blood
GSM1534704,0.0,0.8088035583496094,train,,Whole Blood
GSM1534709,0.0,0.4689788818359375,train,,Artery
GSM1534711,0.0,0.4627914428710937,train,,Other
GSM1541309,0.0,0.7333259582519531,train,,Other
GSM1541310,0.0,0.5446281433105469,valid,,Other
GSM1541311,0.0,0.3982620239257812,valid,,Other
GSM1541313,0.0,0.7572097778320312,valid,,Other
GSM1541315,0.0,1.3917617797851562,train,,Other
GSM1541318,0.0,0.8808822631835938,test,,Other
GSM1541321,0.0,0.2453346252441406,train,,Other
GSM1541323,0.0,1.139251708984375,train,,Other
GSM1541325,0.0,0.9265480041503906,train,,Other
GSM1541327,0.0,0.1844635009765625,train,,Other
GSM1541332,0.0,0.8850021362304688,train,,Other
GSM1541333,0.0,0.5235633850097656,test,,Other
GSM1541336,0.0,0.6067581176757812,train,,Other
GSM1541338,0.0,0.75079345703125,train,,Other
GSM1541340,0.0,0.4367141723632812,train,,Other
GSM1541341,0.0,0.3643569946289062,train,,Other
GSM1541342,0.0,0.6031455993652344,test,,Other
GSM1541345,0.0,0.8983688354492188,train,,Other
GSM1541347,0.0,0.6521720886230469,train,,Other
GSM1541348,0.0,0.3563117980957031,train,,Other
GSM1541350,0.0,0.5415496826171875,train,,Other
GSM1541352,0.0,0.5506324768066406,test,,Other
GSM1541354,0.0,0.5716133117675781,train,,Other
GSM1541355,0.0,0.7398185729980469,train,,Other
GSM1541356,0.0,1.2101478576660156,train,,Other
GSM1541357,0.0,0.4604988098144531,train,,Other
GSM1541358,0.0,0.4468841552734375,train,,Other
GSM1541359,0.0,1.015045166015625,train,,Other
GSM1541361,0.0,0.4864501953125,train,,Other
GSM1541362,0.0,0.4432029724121094,train,,Other
GSM1541363,0.0,0.8067054748535156,train,,Other
GSM1541364,0.0,1.1001434326171875,train,,Other
GSM1541365,0.0,0.3414573669433594,train,,Other
GSM1541366,0.0,0.7918434143066406,test,,Other
GSM1541369,0.0,0.264373779296875,train,,Other
GSM1541370,0.0,0.3449440002441406,train,,Other
GSM1546375,0.0,0.7842636108398438,train,,Brain
GSM1546378,0.0,0.379638671875,test,,Brain
GSM1546381,0.0,0.4816017150878906,train,,Brain
GSM1546382,0.0,0.6046180725097656,train,,Brain
GSM1546383,0.0,0.5393829345703125,test,,Brain
GSM1546384,0.0,0.8340339660644531,train,,Brain
GSM1546385,0.0,1.0179290771484375,train,,Brain
GSM1546386,0.0,0.8008995056152344,train,,Brain
GSM1546387,0.0,0.5588188171386719,train,,Brain
GSM1546388,0.0,1.3638877868652344,train,,Brain
GSM1546389,0.0,0.1689910888671875,train,,Brain
GSM1546390,0.0,0.927398681640625,train,,Brain
GSM1546391,0.0,0.5203628540039062,train,,Brain
GSM1546392,0.0,1.015216827392578,test,,Brain
GSM1546393,0.0,0.5424690246582031,train,,Brain
GSM1546394,0.0,0.7910308837890625,train,,Brain
GSM1546395,0.0,0.5201988220214844,train,,Brain
GSM1546396,0.0,0.8957862854003906,train,,Brain
GSM1546398,0.0,0.8374214172363281,train,,Brain
GSM1546399,0.0,1.2689247131347656,train,,Brain
GSM1546400,0.0,0.7470130920410156,train,,Brain
GSM1546401,0.0,0.9059829711914062,train,,Brain
GSM1546402,0.0,1.3087844848632812,train,,Brain
GSM1546403,0.0,0.7231979370117188,train,,Brain
GSM1546404,0.0,0.7336578369140625,train,,Brain
GSM1546405,0.0,1.0822715759277344,train,,Brain
GSM1546406,0.0,0.7051925659179688,train,,Brain
GSM1546407,0.0,0.8499336242675781,test,,Brain
GSM1546408,0.0,0.9073448181152344,train,,Brain
GSM1546409,0.0,0.477020263671875,test,,Brain
GSM1546410,0.0,0.4060134887695312,train,,Brain
GSM1546411,0.0,0.8981094360351562,train,,Brain
GSM1546412,0.0,1.016571044921875,train,,Brain
GSM1546413,0.0,0.4758338928222656,train,,Brain
GSM1546414,0.0,0.7760581970214844,train,,Brain
GSM1546415,0.0,0.4277992248535156,valid,,Brain
GSM1546416,0.0,0.5505867004394531,train,,Brain
GSM1546417,0.0,0.694244384765625,train,,Brain
GSM1546418,0.0,1.0236358642578125,test,,Brain
GSM1546423,0.0,0.7736968994140625,valid,,Brain
GSM1546425,0.0,0.5964622497558594,test,,Brain
GSM1546426,0.0,0.2972221374511719,test,,Brain
GSM1546427,0.0,1.2184829711914062,valid,,Brain
GSM1546428,0.0,0.3996543884277344,train,,Brain
GSM1546429,0.0,0.9009513854980468,train,,Brain
GSM1546430,0.0,0.9205398559570312,train,,Brain
GSM1546431,0.0,0.7737960815429688,train,,Brain
GSM1546432,0.0,0.9141273498535156,valid,,Brain
GSM1546433,0.0,0.5385894775390625,train,,Brain
GSM1546434,0.0,0.6126518249511719,train,,Brain
GSM1546438,0.0,0.4613304138183594,train,,Brain
GSM1546440,0.0,1.7221107482910156,valid,,Brain
GSM1546441,0.0,0.4205360412597656,train,,Brain
GSM1546442,0.0,0.7065658569335938,test,,Brain
GSM1546443,0.0,0.4424667358398437,train,,Brain
GSM1547818,0.0,0.6769752502441406,valid,,Lung
GSM1547820,0.0,0.9161338806152344,train,,Lung
GSM1547828,0.0,0.6688346862792969,test,,Lung
GSM1547830,0.0,0.4750938415527344,test,,Lung
GSM1547832,0.0,0.995159149169922,train,,Lung
GSM1547834,0.0,0.4984893798828125,train,,Lung
GSM1547836,0.0,0.5862236022949219,train,,Lung
GSM1547838,0.0,0.8623390197753906,train,,Lung
GSM1547840,0.0,0.6141777038574219,train,,Lung
GSM1547842,0.0,0.2009963989257812,train,,Lung
GSM1547844,0.0,0.3965339660644531,test,,Lung
GSM1547848,0.0,0.6506881713867188,valid,,Lung
GSM1547850,0.0,0.4408226013183594,train,,Lung
GSM1547854,0.0,0.8705673217773438,test,,Lung
GSM1547858,0.0,0.6138839721679688,train,,Lung
GSM1547860,0.0,0.532928466796875,train,,Lung
GSM1547864,0.0,0.3412132263183594,train,,Lung
GSM1547868,0.0,0.8486366271972656,test,,Lung
GSM1547878,0.0,0.6409568786621094,train,,Lung
GSM1547880,0.0,0.0802268981933593,train,,Lung
GSM1547886,0.0,0.6965980529785156,train,,Lung
GSM1564241,0.0,0.9832916259765624,train,,Cells
GSM1564242,0.0,0.6226768493652344,test,,Cells
GSM1564246,0.0,0.3821868896484375,train,,Cells
GSM1564247,0.0,0.6903190612792969,test,,Cells
GSM1564257,0.0,0.9452056884765624,train,,Cells
GSM1564260,0.0,0.799591064453125,train,,Cells
GSM1564262,0.0,1.2071876525878906,valid,,Cells
GSM1564264,0.0,1.1310081481933594,test,,Cells
GSM1564265,0.0,0.958282470703125,train,,Cells
GSM1564266,0.0,0.7237319946289062,test,,Cells
GSM1564267,0.0,0.4799003601074219,train,,Cells
GSM1564268,0.0,0.6670722961425781,train,,Cells
GSM1564269,0.0,1.0160789489746094,train,,Cells
GSM1564270,0.0,0.3846015930175781,train,,Cells
GSM1564271,0.0,0.922576904296875,train,,Cells
GSM1564272,0.0,0.67718505859375,train,,Cells
GSM1564273,0.0,0.6505165100097656,test,,Cells
GSM1564274,0.0,0.6411323547363281,valid,,Cells
GSM1564275,0.0,0.6081657409667969,valid,,Cells
GSM1564276,0.0,0.4753684997558594,train,,Cells
GSM1564279,0.0,1.157123565673828,train,,Cells
GSM1564280,0.0,0.20556640625,train,,Cells
GSM1572335,0.0,0.944965362548828,train,,Other
GSM1572338,0.0,0.8308258056640625,train,,Other
GSM1572339,0.0,0.5595588684082031,train,,Other
GSM1572341,0.0,0.6284370422363281,train,,Other
GSM1572343,0.0,1.0402297973632812,train,,Other
GSM1572344,0.0,0.9962081909179688,test,,Other
GSM1572345,0.0,0.6174125671386719,train,,Other
GSM1572349,0.0,0.5221099853515625,train,,Other
GSM1572350,0.0,0.4402656555175781,test,,Other
GSM1572351,0.0,0.4911155700683594,train,,Other
GSM1572354,0.0,0.6768035888671875,train,,Other
GSM1572355,0.0,0.3996543884277344,train,,Other
GSM1572356,0.0,0.5193061828613281,train,,Other
GSM1572358,0.0,1.081989288330078,train,,Other
GSM1572360,0.0,0.5813865661621094,valid,,Other
GSM1572361,0.0,1.3518104553222656,test,,Other
GSM1572366,0.0,0.4211921691894531,train,,Other
GSM1572367,0.0,0.2512054443359375,train,,Other
GSM1572369,0.0,0.5707931518554688,train,,Other
GSM1572370,0.0,1.073322296142578,train,,Other
GSM1572371,0.0,0.8452911376953125,train,,Other
GSM1572375,0.0,0.9133834838867188,train,,Other
GSM1572376,0.0,0.331878662109375,train,,Other
GSM1572377,0.0,0.6405296325683594,train,,Other
GSM1572379,0.0,0.5877952575683594,train,,Other
GSM1572380,0.0,0.72430419921875,train,,Other
GSM1572381,0.0,0.6865882873535156,test,,Other
GSM1572382,0.0,0.6440010070800781,train,,Other
GSM1572383,0.0,0.4725379943847656,train,,Kidney
GSM1572385,0.0,0.5481758117675781,train,,Other
GSM1572386,0.0,1.1673469543457031,train,,Other
GSM1572387,0.0,0.5803413391113281,train,,Skin
GSM1572388,0.0,0.6808280944824219,train,,Other
GSM1572390,0.0,0.936016082763672,valid,,Brain
GSM1572391,0.0,0.4434013366699219,test,,Brain
GSM1572392,0.0,0.8030815124511719,test,,Liver
GSM1572394,52.0,48.32362365722656,train,,Adipose
GSM1572396,71.0,65.27030181884766,test,,Other
GSM1572398,59.0,49.106300354003906,train,,Other
GSM1572401,79.0,72.05343627929688,test,,Lung
GSM1572402,37.0,47.15916442871094,train,,Whole Blood
GSM1572404,63.0,48.009578704833984,train,,Other
GSM1572405,46.0,50.8906364440918,train,,Muscle
GSM1572407,72.0,72.63359069824219,train,,Heart
GSM1572409,71.0,60.49663543701172,train,,Pancreas
GSM1572411,58.0,56.18585586547851,test,,Brain
GSM1572413,37.0,47.30302429199219,train,,Stomach
GSM1572416,74.0,78.257080078125,train,,Liver
GSM1572418,54.0,51.233978271484375,train,,Adipose
GSM1572420,54.0,51.86128234863281,train,,Other
GSM1572421,37.0,46.423316955566406,train,,Spleen
GSM1572422,51.0,51.392189025878906,valid,,Colon
GSM1572423,63.0,47.58470153808594,train,,Heart
GSM1572424,50.0,53.858680725097656,train,,Other
GSM1572425,54.0,45.4942626953125,test,,Pancreas
GSM1572428,50.0,47.630496978759766,train,,Breast
GSM1572432,37.0,49.53142547607422,train,,Brain
GSM1572433,51.0,44.37535095214844,train,,Other
GSM1572434,54.0,45.96739959716797,train,,Other
GSM1572435,35.0,60.37077713012695,train,,Skin
GSM1572438,38.0,42.71508026123047,train,,Other
GSM1572439,71.0,60.29341125488281,train,,Esophagus
GSM1572440,52.0,53.91790008544922,train,,Brain
GSM1572441,71.0,72.8896255493164,train,,Lung
GSM1572442,36.0,45.77650451660156,train,,Whole Blood
GSM1572443,58.0,61.675514221191406,valid,,Other
GSM1572445,60.0,51.561737060546875,train,,Muscle
GSM1572504,61.0,58.62372589111328,train,,Whole Blood
GSM1572506,79.0,72.33360290527344,test,,Whole Blood
GSM1572507,54.0,52.79845428466797,train,,Whole Blood
GSM1572509,54.0,51.62139129638672,valid,,Whole Blood
GSM1572510,35.0,67.10650634765625,train,,Whole Blood
GSM1572511,42.0,42.66057205200195,test,,Whole Blood
GSM1572512,37.0,30.19755744934082,valid,,Whole Blood
GSM1572516,32.0,28.21390914916992,test,,Whole Blood
GSM1572517,37.0,28.55889892578125,test,,Whole Blood
GSM1572519,39.0,49.677711486816406,train,,Whole Blood
GSM1572524,39.0,36.437408447265625,train,,Whole Blood
GSM1572527,24.0,28.916568756103516,test,,Whole Blood
GSM1572529,23.0,25.472253799438477,train,,Whole Blood
GSM1572532,24.0,29.350269317626953,train,,Whole Blood
GSM1572533,32.0,29.921527862548828,train,,Whole Blood
GSM1572535,22.0,30.629858016967773,test,,Whole Blood
GSM1572536,49.0,48.88250732421875,train,,Whole Blood
GSM1572537,5.0,5.2064971923828125,test,,Whole Blood
GSM1572540,4.0,16.007083892822266,test,,Whole Blood
GSM1572541,4.0,6.7498931884765625,train,,Whole Blood
GSM1572543,4.0,6.4903106689453125,train,,Whole Blood
GSM1572544,4.0,6.414112091064453,train,,Whole Blood
GSM1572545,3.0,7.539340972900391,train,,Whole Blood
GSM1572546,4.0,5.136997222900391,valid,,Whole Blood
GSM1572547,5.0,6.185100555419922,train,,Whole Blood
GSM1572548,4.0,4.036369323730469,train,,Whole Blood
GSM1572551,5.0,4.528594970703125,valid,,Whole Blood
GSM1572556,3.0,6.315624237060547,train,,Whole Blood
GSM1572557,4.0,4.5394744873046875,train,,Whole Blood
GSM1572558,3.0,8.557926177978516,train,,Whole Blood
GSM1572559,3.0,3.145061492919922,valid,,Whole Blood
GSM1572561,4.0,4.595127105712891,train,,Whole Blood
GSM1572563,3.0,5.484409332275391,train,,Whole Blood
GSM1572565,4.0,3.3243560791015625,train,,Whole Blood
GSM1572567,4.0,7.216392517089844,train,,Whole Blood
GSM1572572,3.0,5.332263946533203,train,,Whole Blood
GSM1572575,4.0,5.054477691650391,train,,Whole Blood
GSM1572579,5.0,6.073997497558594,train,,Whole Blood
GSM1572581,3.0,5.351322174072266,test,,Whole Blood
GSM1572583,3.0,4.4649505615234375,train,,Whole Blood
GSM1572585,3.0,6.024051666259766,train,,Whole Blood
GSM1572587,5.0,7.387157440185547,valid,,Whole Blood
GSM1572588,4.0,6.473686218261719,test,,Whole Blood
GSM1572590,3.0,4.3927764892578125,train,,Whole Blood
GSM1572591,5.0,5.849491119384766,train,,Whole Blood
GSM1572592,3.0,5.46453857421875,valid,,Whole Blood
GSM1572594,3.0,3.835380554199219,train,,Whole Blood
GSM1572597,4.0,3.818836212158203,train,,Whole Blood
GSM1572599,5.0,5.305629730224609,valid,,Whole Blood
GSM1572600,3.0,4.353050231933594,train,,Whole Blood
GSM1572601,5.0,6.452358245849609,valid,,Whole Blood
GSM1572602,5.0,4.458854675292969,train,,Whole Blood
GSM1572603,3.0,5.255340576171875,train,,Whole Blood
GSM1572604,3.0,4.006649017333984,train,,Whole Blood
GSM1572606,3.0,2.959888458251953,train,,Whole Blood
GSM1572607,4.0,6.823760986328125,train,,Whole Blood
GSM1572608,4.0,5.109462738037109,valid,,Whole Blood
GSM1572609,5.0,5.216747283935547,train,,Whole Blood
GSM1572610,3.0,4.311176300048828,train,,Whole Blood
GSM1572611,3.0,3.09844970703125,train,,Whole Blood
GSM1572612,3.0,2.05289077758789,test,,Whole Blood
GSM1572614,3.0,8.756759643554688,train,,Whole Blood
GSM1572615,4.0,4.4537353515625,test,,Whole Blood
GSM1572842,3.0,3.9763107299804688,train,,Brain
GSM1572843,5.0,5.278720855712891,test,,Brain
GSM1572844,4.0,3.328094482421875,train,,Brain
GSM1572845,3.0,3.5877227783203125,train,,Brain
GSM1572846,4.0,5.2066497802734375,train,,Brain
GSM1572847,4.0,6.300083160400391,train,,Brain
GSM1572848,5.0,7.049686431884766,train,,Brain
GSM1572852,4.0,4.325889587402344,train,,Brain
GSM1572856,21.0,24.92280960083008,train,,Brain
GSM1572857,16.0,17.310340881347656,train,,Brain
GSM1572858,27.0,25.85079574584961,test,,Brain
GSM1572859,24.0,22.912851333618164,test,,Brain
GSM1572860,26.0,23.205055236816406,valid,,Brain
GSM1572861,15.0,14.674915313720703,train,,Brain
GSM1572862,22.0,25.65139961242676,train,,Brain
GSM1572864,16.0,19.67445182800293,train,,Brain
GSM1572868,24.0,20.189722061157227,train,,Brain
GSM1572870,25.0,26.207782745361328,train,,Brain
GSM1572873,16.0,18.83635711669922,train,,Brain
GSM1572875,21.0,23.274768829345703,train,,Brain
GSM1572876,14.0,14.097379684448242,test,,Brain
GSM1572879,25.0,25.08851432800293,train,,Brain
GSM1572881,33.0,33.21381378173828,train,,Brain
GSM1572882,28.0,22.466571807861328,test,,Brain
GSM1572883,16.0,16.711252212524414,valid,,Brain
GSM1572884,16.0,18.377105712890625,train,,Brain
GSM1572887,15.0,18.052831649780273,train,,Brain
GSM1572888,25.0,28.551284790039062,train,,Brain
GSM1572889,16.0,15.384904861450195,train,,Brain
GSM1572890,22.0,19.54474449157715,train,,Brain
GSM1572894,15.0,19.837081909179688,train,,Brain
GSM1572895,24.0,20.03876686096191,train,,Brain
GSM1572896,21.0,22.268749237060547,train,,Brain
GSM1572897,15.0,21.18692970275879,train,,Brain
GSM1572898,16.0,18.340572357177734,train,,Brain
GSM1572899,23.0,23.836626052856445,train,,Brain
GSM1572900,15.0,18.661319732666016,train,,Brain
GSM1572901,28.0,22.803953170776367,test,,Brain
GSM1572903,15.0,17.319965362548828,train,,Brain
GSM1572904,15.0,17.794578552246094,train,,Brain
GSM1572905,15.0,18.340721130371097,train,,Brain
GSM1572906,28.0,24.654470443725582,train,,Brain
GSM1572909,22.0,20.345069885253903,train,,Brain
GSM1572912,26.0,19.370441436767575,train,,Brain
GSM1572915,22.0,20.857349395751953,train,,Brain
GSM1572916,22.0,25.710224151611328,train,,Brain
GSM1572917,16.0,15.788679122924805,train,,Brain
GSM1572918,30.0,24.09213638305664,train,,Brain
GSM1572922,16.0,18.556129455566406,valid,,Brain
GSM1572923,15.0,16.302204132080078,train,,Brain
GSM1572927,27.0,22.832983016967773,train,,Brain
GSM1572929,18.0,19.06561851501465,valid,,Brain
GSM1572931,16.0,18.129112243652344,train,,Brain
GSM1572933,16.0,15.820781707763672,train,,Brain
GSM1572935,15.0,21.855072021484375,train,,Brain
GSM1572941,25.0,22.70505714416504,train,,Brain
GSM1572943,15.0,15.887834548950195,train,,Brain
GSM1572944,15.0,22.15107154846191,train,,Brain
GSM1572945,24.0,31.710044860839844,train,,Brain
GSM1572946,16.0,18.63374900817871,train,,Brain
GSM1572947,23.0,23.402631759643555,train,,Brain
GSM1572948,18.0,23.56161880493164,train,,Brain
GSM1572949,19.0,18.191635131835938,train,,Brain
GSM1572951,21.0,24.891992568969727,train,,Brain
GSM1572952,23.0,23.340688705444336,train,,Brain
GSM1572953,15.0,14.666664123535156,train,,Brain
GSM1572955,26.0,21.494823455810547,train,,Brain
GSM1572956,22.0,23.27766990661621,train,,Brain
GSM1572957,25.0,25.348094940185547,train,,Brain
GSM1572958,20.0,23.58342742919922,train,,Brain
GSM1572959,24.0,21.23719596862793,valid,,Brain
GSM1572960,15.0,19.42363739013672,train,,Brain
GSM1572963,15.0,17.00099754333496,train,,Brain
GSM1572964,21.0,26.256147384643555,test,,Brain
GSM1572965,34.0,26.905441284179688,train,,Brain
GSM1572966,25.0,26.24238967895508,test,,Brain
GSM1572967,15.0,17.696374893188477,train,,Brain
GSM1572970,23.0,24.509056091308594,test,,Brain
GSM1572971,22.0,20.69886779785156,train,,Brain
GSM1572972,15.0,17.96370506286621,train,,Brain
GSM1572974,22.0,21.64766311645508,train,,Brain
GSM1572979,23.0,22.03803062438965,train,,Brain
GSM1572982,23.0,28.117931365966797,train,,Brain
GSM1572984,15.0,19.547025680541992,test,,Brain
GSM1572985,22.0,23.447839736938477,train,,Brain
GSM1572986,23.0,23.370994567871097,train,,Brain
GSM1572987,21.0,23.203508377075195,train,,Brain
GSM1572990,24.0,19.67864418029785,train,,Brain
GSM1572991,21.0,20.65895652770996,train,,Brain
GSM1572992,15.0,18.835983276367188,train,,Brain
GSM1572996,22.0,19.72961807250977,train,,Brain
GSM1572997,20.0,22.08693504333496,train,,Brain
GSM1572999,26.0,24.24742889404297,train,,Brain
GSM1573000,24.0,28.288738250732425,train,,Brain
GSM1573001,25.0,23.512603759765625,train,,Brain
GSM1573003,22.0,21.392398834228516,train,,Brain
GSM1573004,25.0,19.728918075561523,valid,,Brain
GSM1573006,25.0,21.78349494934082,train,,Brain
GSM1573013,18.0,19.51638984680176,train,,Brain
GSM1573014,15.0,22.02703285217285,train,,Brain
GSM1573016,15.0,19.69123649597168,train,,Brain
GSM1573017,25.0,28.354904174804688,test,,Brain
GSM1573021,28.0,23.375150680541992,train,,Brain
GSM1573023,15.0,18.346792221069336,train,,Brain
GSM1573024,24.0,25.38828468322754,train,,Brain
GSM1573025,15.0,19.08293914794922,train,,Brain
GSM1573026,27.0,22.173015594482425,train,,Brain
GSM1573028,25.0,23.987377166748047,train,,Brain
GSM1573029,15.0,22.243240356445312,train,,Brain
GSM1573031,14.0,19.34967803955078,train,,Brain
GSM1573032,24.0,22.543325424194336,train,,Brain
GSM1573034,23.0,22.722820281982425,train,,Brain
GSM1573036,20.0,18.06944465637207,train,,Brain
GSM1573037,25.0,24.5087890625,train,,Brain
GSM1573039,23.0,21.632402420043945,valid,,Brain
GSM1573040,22.0,20.585552215576172,train,,Brain
GSM1573043,23.0,25.344148635864254,train,,Brain
GSM1573044,22.0,26.24971389770508,train,,Brain
GSM1573045,23.0,28.646574020385746,test,,Brain
GSM1573046,15.0,19.60500144958496,valid,,Brain
GSM1573047,16.0,19.29340171813965,train,,Brain
GSM1573048,16.0,27.367103576660156,train,,Brain
GSM1573050,16.0,22.309917449951172,train,,Brain
GSM1573051,15.0,13.77064323425293,train,,Brain
GSM1573052,19.0,24.271108627319336,test,,Brain
GSM1573053,25.0,24.388734817504883,valid,,Brain
GSM1573054,15.0,15.970380783081056,train,,Brain
GSM1573055,15.0,19.622997283935547,train,,Brain
GSM1573056,30.0,26.906421661376953,train,,Brain
GSM1573057,16.0,17.340314865112305,train,,Brain
GSM1573060,24.0,23.02680206298828,train,,Brain
GSM1573063,15.0,15.573936462402344,train,,Brain
GSM1573064,31.0,23.516801834106445,test,,Brain
GSM1573065,15.0,18.14434051513672,train,,Brain
GSM1573066,19.0,24.538589477539062,train,,Brain
GSM1573067,24.0,20.606592178344727,train,,Brain
GSM1573068,25.0,27.685136795043945,train,,Brain
GSM1573069,20.0,19.661121368408203,train,,Brain
GSM1573070,16.0,23.251737594604492,train,,Brain
GSM1573072,15.0,20.16535758972168,train,,Brain
GSM1573074,25.0,24.930103302001953,train,,Brain
GSM1573075,19.0,21.862730026245117,train,,Brain
GSM1573076,20.0,23.891775131225582,train,,Brain
GSM1573078,30.0,28.54714584350586,train,,Brain
GSM1573079,27.0,26.07440948486328,train,,Brain
GSM1573080,26.0,23.913461685180664,train,,Brain
GSM1573081,24.0,27.093921661376953,train,,Brain
GSM1573085,15.0,18.48114967346191,train,,Brain
GSM1573090,24.0,22.47791862487793,train,,Brain
GSM1573092,21.0,24.99332618713379,test,,Brain
GSM1573093,15.0,17.27422523498535,train,,Brain
GSM1573097,34.0,30.999752044677734,train,,Brain
GSM1573098,22.0,22.651323318481445,train,,Brain
GSM1573099,22.0,25.48148727416992,train,,Brain
GSM1584274,28.0,28.46324920654297,valid,,Other
GSM1584275,24.0,26.1662654876709,valid,,Other
GSM1584276,24.0,25.801342010498047,train,,Other
GSM1584277,27.0,24.16480255126953,train,,Other
GSM1584280,15.0,18.183120727539062,train,,Other
GSM1584283,28.0,24.81301498413086,train,,Other
GSM1584284,21.0,23.472749710083008,train,,Other
GSM1584285,16.0,22.189470291137695,train,,Other
GSM1584286,27.0,20.826562881469727,valid,,Other
GSM1584287,27.0,21.0334529876709,valid,,Other
GSM1584288,22.0,18.394685745239254,train,,Other
GSM1584292,16.0,19.748140335083008,valid,,Other
GSM1584294,21.0,22.08758544921875,train,,Other
GSM1584296,20.0,24.145938873291016,train,,Other
GSM1584297,19.0,21.06263542175293,valid,,Other
GSM1584299,16.0,21.161724090576172,train,,Other
GSM1584300,32.0,25.6908016204834,test,,Other
GSM1584301,15.0,17.42510986328125,train,,Other
GSM1584304,16.0,17.643394470214844,valid,,Other
GSM1584305,24.0,23.3957576751709,train,,Other
GSM1584307,16.0,19.951913833618164,train,,Other
GSM1584308,20.0,23.790752410888672,train,,Other
GSM1584310,16.0,15.990276336669922,test,,Other
GSM1584311,15.0,16.921710968017578,valid,,Other
GSM1584312,16.0,13.655868530273438,train,,Other
GSM1584313,27.0,27.00995635986328,train,,Other
GSM1584314,16.0,21.489381790161133,train,,Other
GSM1584319,34.0,22.082780838012695,train,,Other
GSM1584320,15.0,16.091772079467773,test,,Other
GSM1584321,20.0,20.55855369567871,test,,Other
GSM1584322,16.0,16.708314895629883,train,,Other
GSM1584323,15.0,21.54214096069336,train,,Other
GSM1584324,15.0,19.37815284729004,train,,Other
GSM1584325,23.0,23.220081329345703,train,,Other
GSM1584331,26.0,24.3380184173584,train,,Other
GSM1584332,24.0,26.107830047607425,test,,Other
GSM1584333,25.0,29.087617874145508,train,,Other
GSM1584339,23.0,25.73117446899414,train,,Other
GSM1584340,16.0,20.598533630371097,test,,Other
GSM1584341,26.0,24.049213409423828,test,,Other
GSM1584342,16.0,18.42055320739746,train,,Other
GSM1584343,25.0,24.534135818481445,train,,Other
GSM1584344,21.0,20.999908447265625,test,,Other
GSM1584345,16.0,16.238664627075195,test,,Other
GSM1584346,21.0,20.8836612701416,train,,Other
GSM1584347,15.0,19.61990737915039,train,,Other
GSM1584348,26.0,23.29732131958008,train,,Other
GSM1584349,23.0,22.96904754638672,train,,Other
GSM1584351,15.0,16.861583709716797,train,,Other
GSM1584352,15.0,18.927507400512695,train,,Other
GSM1584353,24.0,22.289133071899418,test,,Other
GSM1584354,21.0,23.978300094604492,train,,Other
GSM1584355,20.0,22.852067947387695,train,,Other
GSM1584356,19.0,25.201824188232425,train,,Other
GSM1584357,23.0,25.934066772460938,train,,Other
GSM1584359,26.0,25.15799903869629,train,,Other
GSM1584360,25.0,26.821044921875,train,,Other
GSM1584362,15.0,18.9898738861084,train,,Other
GSM1584363,14.0,19.41429328918457,valid,,Other
GSM1584364,21.0,19.941251754760746,valid,,Other
GSM1584367,23.0,23.935138702392575,train,,Other
GSM1584368,22.0,24.52225685119629,train,,Other
GSM1584373,24.0,27.644935607910156,test,,Other
GSM1584374,26.0,20.602405548095703,valid,,Other
GSM1584375,15.0,16.14280891418457,train,,Other
GSM1584377,25.0,21.67847442626953,valid,,Other
GSM1584378,16.0,17.9511775970459,train,,Other
GSM1584379,0.0,4.358390808105469,test,,Other
GSM1584382,0.0,2.0079612731933594,train,,Other
GSM1584384,0.0,0.1053504943847656,train,,Other
GSM1584385,0.0,1.1037139892578125,train,,Other
GSM1584387,0.0,0.8308601379394531,test,,Other
GSM1584388,0.0,1.0272750854492188,train,,Other
GSM1584389,0.0,1.8230743408203125,train,,Other
GSM1584392,0.0,2.0524635314941406,train,,Other
GSM1584396,0.0,0.1060104370117187,train,,Other
GSM1584397,0.0,3.3954086303710938,train,,Other
GSM1584401,0.0,0.4333572387695312,train,,Other
GSM1584402,0.0,2.30843734741211,train,,Other
GSM1584403,0.0,1.7323951721191406,train,,Other
GSM1584405,0.0,-0.6462059020996094,train,,Other
GSM1584406,0.0,1.4160537719726562,train,,Other
GSM1584407,0.0,0.267547607421875,train,,Other
GSM1584408,0.0,1.176727294921875,valid,,Other
GSM1584409,0.0,-0.0280838012695312,train,,Other
GSM1584411,0.0,0.2647781372070312,valid,,Other
GSM1584412,0.0,3.038562774658203,train,,Other
GSM1584413,0.0,1.3836555480957031,test,,Other
GSM1584414,37.0,41.393333435058594,test,,Other
GSM1584416,39.0,43.46410369873047,train,,Other
GSM1584417,64.0,64.36378479003906,train,,Other
GSM1584418,40.0,43.335914611816406,train,,Other
GSM1584420,30.0,57.319358825683594,train,,Other
GSM1584423,71.0,52.354347229003906,train,,Other
GSM1584424,45.0,58.0007209777832,train,,Other
GSM1584425,50.0,47.52956771850586,train,,Other
GSM1584427,56.0,57.98625564575195,train,,Other
GSM1584428,67.0,72.25234985351562,train,,Other
GSM1584431,68.0,54.74219512939453,train,,Other
GSM1584434,66.0,67.33415985107422,train,,Other
GSM1584436,45.0,44.96225357055664,train,,Other
GSM1584438,27.0,34.42253112792969,train,,Other
GSM1584439,68.0,62.95133209228515,test,,Other
GSM1584442,30.0,32.51507568359375,train,,Other
GSM1584443,63.0,64.83554077148438,train,,Other
GSM1584445,46.0,52.07899475097656,valid,,Other
GSM1584447,0.0057534244842827,1.3391838073730469,train,,Other
GSM1584451,0.0306849312037229,0.9549179077148438,test,,Other
GSM1584452,0.0019178082002326,1.7257308959960938,train,,Other
GSM1584456,0.0326027385890483,32.20146179199219,train,,Other
GSM1584458,0.0134246572852134,0.6446990966796875,train,,Other
GSM1584462,0.0,0.9186553955078124,train,,Other
GSM1584463,0.0,0.3618431091308594,test,,Other
GSM1584464,0.0,0.8291511535644531,test,,Other
GSM1584465,0.0,1.0575904846191406,train,,Other
GSM1584466,0.0,0.8374061584472656,train,,Other
GSM1584467,0.0,0.3238067626953125,train,,Other
GSM1584468,0.0,0.7801971435546875,test,,Other
GSM1584473,0.0,0.7310600280761719,train,,Other
GSM1584475,0.0,0.88616943359375,train,,Other
GSM1584476,0.0,0.8297462463378906,train,,Other
GSM1584478,0.0,0.7778587341308594,valid,,Other
GSM1584479,0.0,0.1403274536132812,test,,Other
GSM1584480,0.0,0.8017654418945312,train,,Other
GSM1584481,0.0,0.5529060363769531,train,,Other
GSM1584482,0.0,0.828887939453125,train,,Other
GSM1584485,0.0,0.5630836486816406,train,,Other
GSM1584486,0.0,0.3621749877929687,train,,Other
GSM1584487,0.0,0.4910621643066406,test,,Other
GSM1602316,0.0,0.4150009155273437,train,,Whole Blood
GSM1602317,0.0,0.9918899536132812,train,,Whole Blood
GSM1602319,0.0,0.5414886474609375,train,,Whole Blood
GSM1602320,0.0,0.7608757019042969,train,,Whole Blood
GSM1602322,0.0,0.9824905395507812,test,,Whole Blood
GSM1602323,0.0,0.635284423828125,train,,Whole Blood
GSM1602326,0.0,0.4753341674804687,train,,Whole Blood
GSM1602330,0.0,0.6158256530761719,valid,,Whole Blood
GSM1602331,0.0,0.7386054992675781,train,,Whole Blood
GSM1646849,0.0,0.7203254699707031,valid,,Whole Blood
GSM1646850,0.0,0.5218734741210938,train,,Whole Blood
GSM1646851,0.0,0.9894256591796876,valid,,Whole Blood
GSM1646852,0.0,0.5277252197265625,train,,Whole Blood
GSM1646853,0.0,0.4283676147460937,train,,Whole Blood
GSM1646854,0.0,0.4361686706542969,train,,Whole Blood
GSM1646855,0.0,0.5243072509765625,train,,Whole Blood
GSM1646856,0.0,0.7465095520019531,train,,Whole Blood
GSM1646857,0.0,0.5593376159667969,train,,Whole Blood
GSM1646858,0.0,0.8177871704101562,train,,Whole Blood
GSM1646859,0.0,0.424835205078125,train,,Whole Blood
GSM1646860,0.0,0.6167640686035156,train,,Whole Blood
GSM1646861,0.0,0.1716041564941406,train,,Whole Blood
GSM1646862,0.0,0.4407806396484375,test,,Whole Blood
GSM1646863,0.0,0.6756057739257812,train,,Whole Blood
GSM1646864,0.0,0.6702919006347656,train,,Whole Blood
GSM1646865,0.0,0.5722236633300781,valid,,Whole Blood
GSM1646866,0.0,0.8526954650878906,train,,Whole Blood
GSM1646867,0.0,0.2942047119140625,train,,Whole Blood
GSM1646868,0.0,0.6496086120605469,train,,Whole Blood
GSM1646869,0.0,0.6103401184082031,train,,Whole Blood
GSM1646870,0.0,0.6939239501953125,test,,Whole Blood
GSM1646871,0.0,0.5115509033203125,test,,Whole Blood
GSM1646872,0.0,0.5648384094238281,train,,Whole Blood
GSM1646873,0.0,0.7201271057128906,train,,Whole Blood
GSM1646874,0.0,0.69049072265625,train,,Whole Blood
GSM1646875,0.0,0.2761688232421875,train,,Whole Blood
GSM1646876,0.0,0.8862419128417969,train,,Whole Blood
GSM1646877,0.0,0.6611099243164062,train,,Whole Blood
GSM1646878,0.0,0.7578163146972656,train,,Whole Blood
GSM1646879,0.0,0.8904190063476562,valid,,Whole Blood
GSM1646880,0.0,0.7558059692382812,train,,Whole Blood
GSM1646881,0.0,0.629852294921875,train,,Whole Blood
GSM1646882,0.0,0.4960441589355469,train,,Whole Blood
GSM1646883,0.0,0.4414939880371094,valid,,Whole Blood
GSM1646884,0.0,0.5234031677246094,train,,Whole Blood
GSM1646885,0.0,0.8484382629394531,train,,Whole Blood
GSM1646886,0.0,0.8406028747558594,test,,Whole Blood
GSM1646887,0.0,0.4186058044433594,train,,Whole Blood
GSM1646888,0.0,0.1757087707519531,test,,Whole Blood
GSM1646889,0.0,0.1399726867675781,valid,,Whole Blood
GSM1646890,0.0,0.7586021423339844,train,,Whole Blood
GSM1646891,0.0,0.9977760314941406,train,,Whole Blood
GSM1646892,0.0,0.6634254455566406,valid,,Whole Blood
GSM1646893,0.0,0.6516380310058594,train,,Whole Blood
GSM1646894,0.0,0.9035148620605468,train,,Whole Blood
GSM1646895,0.0,0.6876869201660156,train,,Whole Blood
GSM1646896,0.0,0.0683746337890625,valid,,Whole Blood
GSM1646897,0.0,0.7081527709960938,train,,Whole Blood
GSM1646898,0.0,0.5935935974121094,test,,Whole Blood
GSM1646899,0.0,0.4180030822753906,test,,Whole Blood
GSM1646900,0.0,0.639495849609375,train,,Whole Blood
GSM1646901,0.0,0.3639755249023437,test,,Whole Blood
GSM1646902,0.0,0.4321784973144531,train,,Whole Blood
GSM1646903,0.0,1.0524635314941406,test,,Whole Blood
GSM1646904,0.0,0.3871688842773437,train,,Whole Blood
GSM1646905,0.0,0.85369873046875,train,,Whole Blood
GSM1646906,0.0,0.602569580078125,train,,Whole Blood
GSM1646907,0.0,0.9801101684570312,train,,Whole Blood
GSM1646908,0.0,1.0207862854003906,train,,Whole Blood
GSM1646909,0.0,0.5628013610839844,test,,Whole Blood
GSM1646910,0.0,0.6751899719238281,train,,Whole Blood
GSM1646911,0.0,0.764923095703125,train,,Whole Blood
GSM1646912,0.0,0.8169975280761719,test,,Whole Blood
GSM1646913,0.0,0.4567108154296875,train,,Whole Blood
GSM1646914,0.0,0.1637840270996093,train,,Whole Blood
GSM1646915,0.0,0.4302978515625,train,,Whole Blood
GSM1646916,0.0,0.5338516235351562,train,,Whole Blood
GSM1646917,0.0,0.5203590393066406,train,,Whole Blood
GSM1646918,0.0,0.8178520202636719,valid,,Whole Blood
GSM1653283,0.0,0.4954299926757812,train,,Whole Blood
GSM1653286,0.0,0.589630126953125,train,,Whole Blood
GSM1653287,0.0,0.3006858825683594,train,,Whole Blood
GSM1653288,0.0,0.3390312194824219,train,,Whole Blood
GSM1653297,0.0,0.213958740234375,test,,Whole Blood
GSM1653298,0.0,0.6858711242675781,train,,Whole Blood
GSM1653299,0.0,0.7354087829589844,test,,Whole Blood
GSM1653300,0.0,0.7957344055175781,train,,Whole Blood
GSM1653301,0.0,0.4008064270019531,valid,,Whole Blood
GSM1653305,0.0,0.4763755798339844,test,,Whole Blood
GSM1653307,0.0,0.809326171875,train,,Whole Blood
GSM1653309,0.0,0.4801177978515625,test,,Whole Blood
GSM1653310,0.0,0.9698982238769532,test,,Whole Blood
GSM1653311,0.0,1.0500259399414062,train,,Whole Blood
GSM1653312,0.0,0.9779930114746094,train,,Whole Blood
GSM1653313,0.0,0.2034416198730468,train,,Whole Blood
GSM1653314,0.0,0.5143051147460938,train,,Whole Blood
GSM1653315,0.0,0.6502532958984375,train,,Whole Blood
GSM1653316,0.0,0.3718948364257812,train,,Whole Blood
GSM1653317,0.0,0.6177024841308594,train,,Whole Blood
GSM1653318,0.0,0.2286033630371093,test,,Whole Blood
GSM1653319,0.0,0.81488037109375,test,,Whole Blood
GSM1653320,0.0,0.9985923767089844,valid,,Whole Blood
GSM1653321,0.0,0.9089736938476562,valid,,Whole Blood
GSM1653326,0.0,0.6201248168945312,test,,Whole Blood
GSM1653327,0.0,0.8279266357421875,train,,Whole Blood
GSM1694667,0.0,0.8680648803710938,train,,Whole Blood
GSM1694668,0.0,0.8130722045898438,train,,Whole Blood
GSM1694669,0.0,0.7435989379882812,train,,Whole Blood
GSM1694670,0.0,0.6462936401367188,train,,Whole Blood
GSM1694673,0.0,1.002887725830078,train,,Whole Blood
GSM1694674,0.0,0.4432220458984375,train,,Whole Blood
GSM1694675,0.0,1.2557334899902344,test,,Whole Blood
GSM1694676,0.0,0.6841278076171875,train,,Whole Blood
GSM1694677,0.0,0.5020675659179688,train,,Whole Blood
GSM1694678,0.0,0.1502838134765625,train,,Whole Blood
GSM1694680,0.0,0.9205818176269532,train,,Whole Blood
GSM1694682,0.0,1.0259475708007812,test,,Whole Blood
GSM1694687,0.0,0.961345672607422,train,,Whole Blood
GSM1694688,0.0,0.6389122009277344,train,,Whole Blood
GSM1694689,0.0,0.4161643981933594,valid,,Whole Blood
GSM1694690,0.0,0.7590065002441406,test,,Whole Blood
GSM1694691,0.0,1.1239471435546875,train,,Whole Blood
GSM1694692,0.0,0.3952789306640625,test,,Whole Blood
GSM1694693,0.0,0.8928756713867188,train,,Whole Blood
GSM1694694,0.0,0.5396804809570312,train,,Whole Blood
GSM1694697,0.0,0.7736778259277344,valid,,Whole Blood
GSM1694699,0.0,0.8000602722167969,train,,Whole Blood
GSM1694701,0.0,0.3618316650390625,train,,Whole Blood
GSM1694704,0.0,0.5700263977050781,valid,,Whole Blood
GSM1694705,0.0,0.5389671325683594,valid,,Whole Blood
GSM1694708,0.0,0.8543319702148438,test,,Whole Blood
GSM1694710,0.0,0.44586181640625,test,,Whole Blood
GSM1694713,0.0,0.685302734375,train,,Whole Blood
GSM1694714,0.0,1.108306884765625,train,,Whole Blood
GSM1694716,0.0,0.7855911254882812,train,,Whole Blood
GSM1694717,0.0,0.4647560119628906,train,,Whole Blood
GSM1694719,0.0,0.5422859191894531,train,,Whole Blood
GSM1694722,0.0,0.9690208435058594,train,,Whole Blood
GSM1694724,0.0,0.8407821655273438,train,,Whole Blood
GSM1694727,0.0,0.6740379333496094,valid,,Whole Blood
GSM1694728,0.0,1.0072250366210938,train,,Whole Blood
GSM1694729,0.0,0.6676101684570312,train,,Whole Blood
GSM1694730,0.0,0.6673202514648438,train,,Whole Blood
GSM1694731,0.0,0.51263427734375,train,,Whole Blood
GSM1694732,0.0,0.5602493286132812,train,,Whole Blood
GSM1694734,0.0,1.3033599853515625,train,,Whole Blood
GSM1694735,0.0,0.5208587646484375,train,,Whole Blood
GSM1694737,0.0,0.7745552062988281,train,,Whole Blood
GSM1694738,0.0,0.6401290893554688,test,,Whole Blood
GSM1694739,0.0,1.073455810546875,train,,Whole Blood
GSM1694741,0.0,0.5276947021484375,train,,Whole Blood
GSM1694743,0.0,0.8628654479980469,valid,,Whole Blood
GSM1694746,0.0,1.0194664001464844,train,,Whole Blood
GSM1694747,0.0,0.6465721130371094,test,,Whole Blood
GSM1694748,0.0,0.823150634765625,train,,Whole Blood
GSM1694749,0.0,0.6531562805175781,train,,Whole Blood
GSM1694750,0.0,0.3246879577636719,test,,Whole Blood
GSM1694753,0.0,0.7443275451660156,train,,Whole Blood
GSM1694754,0.0,0.9318351745605468,test,,Whole Blood
GSM1694755,0.0,0.3833503723144531,valid,,Whole Blood
GSM1694757,0.0,0.9619979858398438,valid,,Whole Blood
GSM1694761,0.0,0.5206108093261719,train,,Whole Blood
GSM1694763,0.0,0.6147232055664062,train,,Whole Blood
GSM1694765,0.0,1.53692626953125,train,,Whole Blood
GSM1694768,0.0,0.4795265197753906,train,,Whole Blood
GSM1694771,0.0,0.72607421875,valid,,Whole Blood
GSM1694772,0.0,1.5556411743164062,train,,Whole Blood
GSM1694773,0.0,0.5777549743652344,test,,Whole Blood
GSM1694777,0.0,0.1986656188964843,train,,Whole Blood
GSM1694778,0.0,0.2809028625488281,train,,Whole Blood
GSM1694779,0.0,0.886749267578125,test,,Whole Blood
GSM1694781,0.0,0.790679931640625,test,,Whole Blood
GSM1694782,0.0,0.4794578552246094,train,,Whole Blood
GSM1694783,0.0,0.7562751770019531,train,,Whole Blood
GSM1694784,0.0,0.9973297119140624,train,,Whole Blood
GSM1694787,0.0,1.1722755432128906,train,,Whole Blood
GSM1694790,67.0,75.84378814697266,train,,Whole Blood
GSM1694792,70.0,78.36567687988281,test,,Whole Blood
GSM1694795,78.0,85.48678588867188,test,,Whole Blood
GSM1694796,85.0,85.11986541748047,train,,Whole Blood
GSM1694797,79.0,81.68917846679688,train,,Whole Blood
GSM1694798,73.0,82.4764404296875,test,,Whole Blood
GSM1694800,81.0,73.05010223388672,train,,Whole Blood
GSM1694801,86.0,85.3373031616211,train,,Whole Blood
GSM1694802,90.0,87.33494567871094,train,,Whole Blood
GSM1694803,84.0,84.32998657226562,train,,Whole Blood
GSM1694804,66.0,74.84561157226562,train,,Whole Blood
GSM1694806,88.0,86.06195068359375,test,,Whole Blood
GSM1694807,74.0,70.55348205566406,train,,Whole Blood
GSM1694808,92.0,85.43106079101562,valid,,Whole Blood
GSM1694809,80.0,84.53117370605469,test,,Whole Blood
GSM1694810,89.0,81.28449249267578,train,,Whole Blood
GSM1694811,84.0,80.80034637451172,valid,,Whole Blood
GSM1694815,88.0,86.16558837890625,train,,Whole Blood
GSM1694816,94.0,86.69183349609375,train,,Whole Blood
GSM1694818,81.0,81.97731018066406,train,,Whole Blood
GSM1831321,22.0,28.228107452392575,train,,Whole Blood
GSM1831322,28.0,34.408119201660156,train,,Whole Blood
GSM1831323,61.0,44.844970703125,train,,Whole Blood
GSM1831328,21.0,22.4104061126709,train,,Whole Blood
GSM1831329,22.0,21.854171752929688,train,,Whole Blood
GSM1831332,18.0,12.76947021484375,valid,,Whole Blood
GSM1831333,22.0,33.02736282348633,train,,Whole Blood
GSM1831335,24.0,20.86091423034668,train,,Whole Blood
GSM1831336,22.0,27.175426483154297,train,,Whole Blood
GSM1831337,49.0,42.58624267578125,train,,Whole Blood
GSM1831338,27.0,23.44952392578125,valid,,Whole Blood
GSM1831339,22.0,30.225263595581055,train,,Whole Blood
GSM1831343,22.0,30.775501251220703,test,,Whole Blood
GSM1831344,19.0,23.613149642944336,train,,Whole Blood
GSM1842808,27.0,26.649681091308594,train,,Other
GSM1842809,40.0,49.75521087646485,test,,Other
GSM1842810,24.0,25.04773330688477,test,,Other
GSM1842812,21.0,27.88132667541504,train,,Other
GSM1842816,35.0,49.807472229003906,test,,Other
GSM1842819,48.0,29.79742431640625,train,,Other
GSM1842822,62.0,53.55484390258789,valid,,Other
GSM1842823,23.0,21.885589599609375,train,,Other
GSM1842829,29.0,22.10015296936035,train,,Other
GSM1842830,23.0,23.213268280029297,valid,,Other
GSM1842832,26.0,24.81178855895996,train,,Other
GSM1842836,27.0,26.00116920471191,train,,Other
GSM1842837,20.0,13.985565185546877,train,,Other
GSM1842838,21.0,29.46124839782715,valid,,Other
GSM1842839,59.0,52.915191650390625,train,,Other
GSM1842840,47.0,36.196327209472656,train,,Other
GSM1842841,28.0,25.703767776489254,test,,Other
GSM1842845,58.0,56.99189376831055,valid,,Other
GSM1842846,18.0,18.426559448242188,test,,Other
GSM1842848,22.0,18.898426055908203,test,,Other
GSM1842849,57.0,35.49738693237305,train,,Other
GSM1842850,27.0,28.924718856811523,train,,Other
GSM1842851,65.0,44.38160705566406,train,,Other
GSM1842852,25.0,21.515565872192383,train,,Other
GSM1842854,65.0,65.4190902709961,train,,Other
GSM1842855,20.0,16.9394588470459,train,,Other
GSM1842856,21.0,26.09895133972168,test,,Other
GSM1842857,56.0,48.64180374145508,test,,Other
GSM1842860,24.0,28.986419677734375,valid,,Other
GSM1842862,58.0,32.4935302734375,test,,Other
GSM1842864,63.0,65.50726318359375,train,,Other
GSM1842865,21.0,26.453826904296875,train,,Other
GSM1842866,25.0,37.01174545288086,train,,Other
GSM1842868,27.0,24.99276351928711,train,,Other
GSM1842869,29.0,38.66727066040039,train,,Other
GSM1842870,65.0,66.42700958251953,train,,Other
GSM1842871,26.0,19.30026054382324,train,,Other
GSM1842872,70.0,66.01219940185547,train,,Other
GSM1842874,59.0,57.22499084472656,test,,Other
GSM1842876,76.0,66.02946472167969,train,,Other
GSM1842877,67.0,74.112060546875,train,,Other
GSM1842879,67.0,62.038368225097656,train,,Other
GSM1842880,71.0,78.68058776855469,train,,Other
GSM1842881,85.0,82.79327392578125,train,,Other
GSM1842882,48.0,52.16463851928711,test,,Other
GSM1842883,0.0026849315036088,0.34893798828125,test,,Other
GSM1842884,0.0,0.0985603332519531,test,,Other
GSM1842885,0.0,0.2433242797851562,test,,Other
GSM1842887,0.0055616437457501,0.2566871643066406,train,,Other
GSM1842888,0.0164931509643793,0.2836990356445312,train,,Other
GSM1842891,0.0,-0.1602096557617187,train,,Other
GSM1842893,0.0,0.2682571411132812,train,,Other
GSM1842895,0.0,-0.3569564819335937,train,,Other
GSM1842896,0.0,-0.2001914978027343,train,,Other
GSM1842897,5.0,12.367740631103516,train,,Other
GSM1842898,0.0,-0.6252861022949219,valid,,Other
GSM1842899,5.0,9.991426467895508,test,,Other
GSM1842900,0.0,0.8195915222167969,train,,Other
GSM1842901,0.0,0.013580322265625,train,,Other
GSM1842906,5.0,6.581615447998047,train,,Other
GSM1842908,0.0,-0.1951103210449218,train,,Other
GSM1842910,5.0,14.124666213989258,valid,,Other
GSM1842912,0.0,-0.2016944885253906,train,,Other
GSM1842916,5.0,6.276454925537109,train,,Other
GSM1842918,5.0,5.198932647705078,train,,Other
GSM1842919,5.0,6.933601379394531,train,,Other
GSM1842920,0.0,-0.3743629455566406,test,,Other
GSM1842921,0.0,-1.1058807373046875,train,,Other
GSM1842922,0.0,-0.3596992492675781,train,,Other
GSM1842923,0.0,0.5528450012207031,train,,Other
GSM1842924,0.0,-0.4035186767578125,train,,Other
GSM1842926,72.0,69.34855651855469,train,,Other
GSM1842927,69.0,72.2175064086914,train,,Other
GSM1842929,64.0,61.76448059082031,train,,Other
GSM1842930,37.0,53.75336456298828,train,,Other
GSM1842933,50.0,54.60763931274414,train,,Other
GSM1842934,68.0,62.64299392700195,train,,Other
GSM1842935,43.0,52.95677185058594,train,,Other
GSM1842936,43.0,49.65439224243164,train,,Other
GSM1842939,43.0,52.53253173828125,test,,Other
GSM1842940,46.0,38.24574279785156,train,,Other
GSM1842941,53.0,60.71595001220703,train,,Other
GSM1842943,49.0,57.27028274536133,valid,,Other
GSM1842944,55.0,59.870697021484375,test,,Other
GSM1842945,64.0,62.80303192138672,test,,Other
GSM1842947,44.0,56.851768493652344,train,,Other
GSM1842948,45.0,58.857330322265625,test,,Other
GSM1842951,55.0,60.737754821777344,test,,Other
GSM1842956,57.0,56.85138320922851,train,,Other
GSM1842957,47.0,57.86451721191406,train,,Other
GSM1842958,39.0,55.78597259521485,train,,Other
GSM1842961,54.0,52.31325149536133,valid,,Other
GSM1842963,48.0,53.676368713378906,test,,Other
GSM1842969,46.0,60.17220306396485,test,,Other
GSM1842970,50.0,60.748573303222656,train,,Other
GSM1842974,40.0,52.43711853027344,train,,Other
GSM1842976,55.0,54.905906677246094,train,,Other
GSM1842980,68.0,65.39454650878906,train,,Other
GSM1842983,62.0,63.40522766113281,train,,Other
GSM1842984,45.0,54.5998649597168,train,,Other
GSM1842985,46.0,59.617488861083984,train,,Other
GSM1842987,21.0,52.99260330200195,train,,Other
GSM1842988,24.0,30.672866821289062,train,,Other
GSM1842989,0.0,0.5106086730957031,train,,Other
GSM1842991,0.0,-0.0757827758789062,train,,Other
GSM1842992,22.0,41.89269256591797,train,,Other
GSM1842995,0.0,1.1439857482910156,test,,Other
GSM1842996,0.0,-0.7628898620605469,train,,Other
GSM1842997,39.0,36.73955154418945,train,,Other
GSM1842998,24.0,28.86370277404785,train,,Other
GSM1842999,0.0,0.7629508972167969,train,,Other
GSM1843000,0.0,-0.4915771484375,train,,Other
GSM1843003,0.0,-0.3989830017089844,train,,Other
GSM1843004,0.0,-0.4104995727539062,train,,Other
GSM1843005,22.0,32.82384490966797,train,,Other
GSM1843006,22.0,30.25584602355957,train,,Other
GSM1843007,37.0,33.634552001953125,test,,Other
GSM1843010,28.0,33.39353942871094,test,,Other
GSM1843012,0.0,0.0729103088378906,train,,Other
GSM1843013,41.0,26.452171325683594,train,,Other
GSM1843015,0.0,1.017253875732422,train,,Other
GSM1843017,50.0,64.09526062011719,train,,Other
GSM1843020,50.0,52.162471771240234,valid,,Other
GSM1843023,37.0,33.274593353271484,train,,Other
GSM1843025,29.0,34.31563186645508,train,,Other
GSM1843026,59.0,57.46380615234375,test,,Other
GSM1843027,18.0,27.565837860107425,train,,Other
GSM1843028,36.0,38.21577453613281,train,,Other
GSM1843032,40.0,55.67327880859375,valid,,Other
GSM1843033,58.0,49.91422653198242,train,,Other
GSM1843037,51.0,60.164024353027344,test,,Other
GSM1843038,41.0,35.5028076171875,train,,Other
GSM1843040,31.0,45.54574203491211,valid,,Other
GSM1843042,22.0,35.55355453491211,train,,Other
GSM1843043,18.0,20.719539642333984,train,,Other
GSM1843044,22.0,29.873859405517575,test,,Other
GSM1843045,32.0,33.74005889892578,valid,,Other
GSM1843048,51.0,45.866737365722656,train,,Other
GSM1843055,27.0,33.72466278076172,train,,Other
GSM1843056,58.0,61.34732818603515,train,,Other
GSM1843058,57.0,61.5272216796875,train,,Other
GSM1843059,58.0,64.02518463134766,train,,Other
GSM1843060,57.0,57.97826385498047,test,,Other
GSM1843061,49.0,55.605735778808594,valid,,Other
GSM1843063,47.0,60.57597732543945,train,,Other
GSM1843065,48.0,57.296241760253906,train,,Other
GSM1843066,64.0,62.90435028076172,train,,Other
GSM1843067,75.0,57.39981460571289,test,,Other
GSM1843068,46.0,50.63076400756836,test,,Other
GSM1843071,68.0,57.40391159057617,train,,Other
GSM1843074,52.0,59.903953552246094,train,,Other
GSM1843075,68.0,65.71727752685547,train,,Other
GSM1843077,64.0,60.44184112548828,valid,,Other
GSM1843079,50.0,56.381065368652344,train,,Other
GSM1843080,62.0,59.73265838623047,train,,Other
GSM1843082,73.0,64.0843734741211,valid,,Other
GSM1843083,60.0,59.23379898071289,train,,Other
GSM1843086,72.0,59.42085647583008,valid,,Other
GSM1843087,67.0,60.062835693359375,train,,Other
GSM1843088,54.0,58.691627502441406,train,,Other
GSM1843089,58.0,58.379581451416016,train,,Other
GSM1843090,75.0,70.16636657714844,train,,Other
GSM1843091,74.0,62.092262268066406,train,,Other
GSM1843094,67.0,63.30736541748047,train,,Other
GSM1843095,85.0,77.79006958007812,train,,Other
GSM1843096,42.0,46.84501647949219,train,,Other
GSM1843097,66.0,56.59382247924805,test,,Other
GSM1843098,71.0,61.11575698852539,train,,Other
GSM1843099,73.0,71.877685546875,test,,Other
GSM1843101,75.0,71.00789642333984,valid,,Other
GSM1843104,62.0,59.37653350830078,test,,Other
GSM1843107,67.0,60.858795166015625,train,,Other
GSM1843108,61.0,63.391212463378906,train,,Other
GSM1843109,58.0,58.1890754699707,train,,Other
GSM1843111,62.0,68.14268493652344,valid,,Other
GSM1843112,48.0,59.639862060546875,train,,Other
GSM1843114,63.0,56.718936920166016,train,,Other
GSM1843116,51.0,54.29015350341797,test,,Other
GSM1843118,58.0,59.55009460449219,train,,Other
GSM1843119,61.0,58.62715148925781,test,,Other
GSM1843120,66.0,64.58706665039062,test,,Other
GSM1843121,71.0,72.03960418701172,test,,Other
GSM1843122,56.0,67.30097961425781,train,,Other
GSM1843123,65.0,57.03010177612305,test,,Other
GSM1843125,58.0,59.696720123291016,test,,Other
GSM1843131,48.0,48.69699478149414,train,,Other
GSM1843133,49.0,61.64365768432617,train,,Other
GSM1843136,62.0,65.39459991455078,train,,Other
GSM1843138,48.0,49.1662483215332,train,,Other
GSM1843139,50.0,62.01362228393555,train,,Other
GSM1843143,48.0,49.11130905151367,train,,Other
GSM1843144,55.0,56.337791442871094,train,,Other
GSM1843145,40.0,44.00330352783203,train,,Other
GSM1847992,16.5,21.932960510253903,test,,Whole Blood
GSM1847994,47.0,55.94757080078125,test,,Whole Blood
GSM1847996,52.0,45.308143615722656,train,,Whole Blood
GSM1847997,35.0,41.06508255004883,train,,Whole Blood
GSM1848004,17.0,20.41172981262207,train,,Whole Blood
GSM1848005,41.0,47.467403411865234,valid,,Whole Blood
GSM1848007,74.0,73.5219497680664,train,,Whole Blood
GSM1848008,45.0,48.907196044921875,train,,Whole Blood
GSM1848009,31.0,48.8340950012207,train,,Whole Blood
GSM1848014,42.0,56.36985778808594,train,,Whole Blood
GSM1848015,45.0,42.64244842529297,train,,Whole Blood
GSM1848017,49.0,56.86434173583984,train,,Whole Blood
GSM1848020,19.0,29.44912338256836,train,,Whole Blood
GSM1848021,72.0,67.2868881225586,train,,Whole Blood
GSM1848022,36.0,29.68564224243164,train,,Whole Blood
GSM1848063,42.0,50.05047225952149,train,,Whole Blood
GSM1848065,16.0,29.45571517944336,train,,Whole Blood
GSM1848071,49.0,49.593894958496094,test,,Whole Blood
GSM1848073,46.0,69.3647689819336,train,,Whole Blood
GSM1848074,16.0,16.61284828186035,train,,Whole Blood
GSM1848076,101.0,80.96151733398438,train,,Whole Blood
GSM1848078,43.0,44.513084411621094,train,,Whole Blood
GSM1848080,47.0,59.04894256591797,train,,Whole Blood
GSM1848081,49.0,42.1922721862793,train,,Whole Blood
GSM1848082,61.0,43.21244430541992,train,,Whole Blood
GSM1848083,33.0,18.773496627807617,train,,Whole Blood
GSM1848084,20.0,27.984607696533203,valid,,Whole Blood
GSM1848085,20.0,18.481027603149418,train,,Whole Blood
GSM1848087,75.0,73.66900634765625,train,,Whole Blood
GSM1848089,89.0,89.24688720703125,train,,Whole Blood
GSM1848090,20.0,24.734189987182617,train,,Whole Blood
GSM1848091,20.0,26.398252487182617,train,,Whole Blood
GSM1848092,25.0,22.538387298583984,test,,Whole Blood
GSM1848093,28.0,26.92316436767578,train,,Whole Blood
GSM1848096,48.0,53.088645935058594,train,,Whole Blood
GSM1848097,48.0,86.01873779296875,train,,Whole Blood
GSM1860461,40.0,36.31166076660156,train,,Whole Blood
GSM1860462,34.0,27.86616897583008,train,,Whole Blood
GSM1860463,27.0,27.19955825805664,train,,Whole Blood
GSM1860464,75.0,76.63056945800781,test,,Whole Blood
GSM1860465,43.0,43.353302001953125,train,,Whole Blood
GSM1860466,40.0,49.18929290771485,train,,Whole Blood
GSM1860467,23.0,21.539228439331055,train,,Whole Blood
GSM1860468,43.0,36.79822540283203,train,,Whole Blood
GSM1860469,53.0,53.69607162475586,valid,,Whole Blood
GSM1860470,21.0,20.840744018554688,train,,Whole Blood
GSM1860471,33.0,35.71648025512695,test,,Whole Blood
GSM1860472,47.0,47.54936218261719,train,,Whole Blood
GSM1860473,32.0,23.74358367919922,train,,Whole Blood
GSM1860474,53.0,52.19153594970703,train,,Whole Blood
GSM1860475,43.0,37.786041259765625,train,,Whole Blood
GSM1860476,46.0,50.06199264526367,train,,Whole Blood
GSM1860477,15.0,26.952674865722656,train,,Whole Blood
GSM1860478,37.0,33.20661926269531,valid,,Whole Blood
GSM1860479,33.0,41.88097381591797,train,,Whole Blood
GSM1860480,86.0,80.9845962524414,train,,Whole Blood
GSM1865142,31.0,29.678726196289062,train,,Minor Salivary Gland
GSM1865144,95.0,89.94344329833984,train,,Minor Salivary Gland
GSM1865149,53.0,63.1846809387207,valid,,Minor Salivary Gland
GSM1865150,22.0,20.46407890319824,test,,Minor Salivary Gland
GSM1865151,17.0,15.664051055908203,valid,,Minor Salivary Gland
GSM1865153,23.0,22.496559143066406,train,,Minor Salivary Gland
GSM1865154,89.0,87.25079345703125,train,,Minor Salivary Gland
GSM1865155,57.0,50.90633392333984,train,,Minor Salivary Gland
GSM1865157,19.0,18.570802688598633,train,,Minor Salivary Gland
GSM1865158,79.0,88.3841552734375,train,,Minor Salivary Gland
GSM1865161,90.0,83.30079650878906,test,,Minor Salivary Gland
GSM1865162,17.0,15.711305618286133,test,,Minor Salivary Gland
GSM1865164,48.0,51.98309326171875,valid,,Minor Salivary Gland
GSM1865165,15.0,14.89259910583496,test,,Minor Salivary Gland
GSM1865166,34.0,24.228469848632812,test,,Minor Salivary Gland
GSM1865167,22.0,24.49208641052246,train,,Minor Salivary Gland
GSM1865169,48.0,48.0811767578125,train,,Minor Salivary Gland
GSM1865170,32.0,40.33693313598633,train,,Minor Salivary Gland
GSM1865173,24.0,30.89546012878418,train,,Minor Salivary Gland
GSM1865175,49.0,39.18439865112305,test,,Minor Salivary Gland
GSM1865176,82.0,77.23043823242188,train,,Minor Salivary Gland
GSM1865182,48.0,26.282867431640625,train,,Minor Salivary Gland
GSM1865183,17.0,13.21014404296875,train,,Minor Salivary Gland
GSM1865184,19.0,14.267724990844728,test,,Minor Salivary Gland
GSM1865186,57.0,53.49693298339844,train,,Minor Salivary Gland
GSM1865191,62.0,54.60434341430664,train,,Minor Salivary Gland
GSM1865192,32.0,29.797195434570312,valid,,Minor Salivary Gland
GSM1865197,16.0,17.706682205200195,test,,Minor Salivary Gland
GSM1865204,46.0,38.061004638671875,train,,Minor Salivary Gland
GSM1865205,59.0,44.675498962402344,train,,Minor Salivary Gland
GSM1865206,42.0,26.208812713623047,train,,Minor Salivary Gland
GSM1865208,20.0,18.940492630004883,train,,Minor Salivary Gland
GSM1865209,48.0,55.18636322021485,train,,Minor Salivary Gland
GSM1865210,44.0,37.218109130859375,train,,Minor Salivary Gland
GSM1865212,19.0,25.677738189697266,train,,Minor Salivary Gland
GSM1865213,23.0,21.81394386291504,train,,Minor Salivary Gland
GSM1865214,48.0,37.61130142211914,train,,Minor Salivary Gland
GSM1865216,48.0,42.023719787597656,train,,Minor Salivary Gland
GSM1865217,83.0,82.77802276611328,train,,Minor Salivary Gland
GSM1865218,48.0,45.07197952270508,train,,Minor Salivary Gland
GSM1865219,48.0,35.20663833618164,train,,Minor Salivary Gland
GSM1865220,26.0,21.844167709350582,train,,Minor Salivary Gland
GSM1865222,16.0,24.845922470092773,train,,Minor Salivary Gland
GSM1865223,49.0,39.97311019897461,train,,Minor Salivary Gland
GSM1865224,38.0,51.506378173828125,valid,,Minor Salivary Gland
GSM1865226,16.0,23.447071075439453,train,,Minor Salivary Gland
GSM1865227,72.0,53.17484664916992,train,,Minor Salivary Gland
GSM1865228,39.0,40.66730880737305,train,,Minor Salivary Gland
GSM1865229,86.0,72.4666748046875,test,,Minor Salivary Gland
GSM1865230,32.0,31.61681365966797,valid,,Minor Salivary Gland
GSM1865232,86.0,75.0246810913086,test,,Minor Salivary Gland
GSM1865233,40.0,42.29148864746094,train,,Minor Salivary Gland
GSM1865235,73.0,56.62078857421875,train,,Minor Salivary Gland
GSM1865236,38.0,30.162044525146484,test,,Minor Salivary Gland
GSM1886368,47.0,40.69417953491211,train,,Whole Blood
GSM1886369,90.0,88.10096740722656,train,,Whole Blood
GSM1886371,39.0,21.739173889160156,train,,Whole Blood
GSM1886373,17.0,13.23664665222168,train,,Whole Blood
GSM1886374,57.0,62.392127990722656,train,,Whole Blood
GSM1886375,61.0,52.49376678466797,valid,,Whole Blood
GSM1886380,47.0,45.16814041137695,train,,Whole Blood
GSM1886381,42.0,53.609832763671875,train,,Whole Blood
GSM1886383,18.0,21.39293670654297,valid,,Whole Blood
GSM1886386,96.0,85.0516128540039,train,,Whole Blood
GSM1886388,58.0,57.60333251953125,train,,Whole Blood
GSM1886389,33.0,41.559814453125,valid,,Whole Blood
GSM1886390,25.0,16.196664810180664,train,,Whole Blood
GSM1886391,48.0,35.47632598876953,train,,Whole Blood
GSM1886395,82.0,81.99052429199219,train,,Whole Blood
GSM1886396,33.0,41.35374450683594,train,,Whole Blood
GSM1886397,44.0,34.49968719482422,valid,,Whole Blood
GSM1886398,84.0,78.55143737792969,train,,Whole Blood
GSM1886399,43.0,40.95086288452149,train,,Whole Blood
GSM1886400,92.0,93.04166412353516,train,,Whole Blood
GSM1886401,89.0,76.24908447265625,train,,Whole Blood
GSM1886402,22.0,30.01545524597168,test,,Whole Blood
GSM1886405,43.0,38.19734573364258,test,,Whole Blood
GSM1886406,42.0,31.3480224609375,train,,Whole Blood
GSM1886407,49.0,55.045047760009766,train,,Whole Blood
GSM1886409,33.0,32.29815673828125,train,,Whole Blood
GSM1886410,82.0,90.3642578125,train,,Whole Blood
GSM1886411,19.0,20.745800018310547,train,,Whole Blood
GSM1886412,54.0,44.596649169921875,train,,Whole Blood
GSM1886413,39.0,37.74567413330078,train,,Whole Blood
GSM1886414,82.0,79.71012878417969,train,,Whole Blood
GSM1886415,31.0,27.691986083984375,train,,Whole Blood
GSM1886420,66.0,73.4188461303711,test,,Whole Blood
GSM1886421,29.0,29.303815841674805,train,,Whole Blood
GSM1886424,48.0,60.29032897949219,train,,Whole Blood
GSM1886426,43.0,32.45648956298828,train,,Whole Blood
GSM1886428,45.0,57.92576217651367,train,,Whole Blood
GSM1886430,55.0,61.587989807128906,test,,Whole Blood
GSM1886432,22.0,21.62527847290039,train,,Whole Blood
GSM1886433,84.0,83.88105773925781,train,,Whole Blood
GSM1886434,29.0,45.10032272338867,test,,Whole Blood
GSM1886435,47.0,59.895362854003906,train,,Whole Blood
GSM1886436,38.0,43.949745178222656,test,,Whole Blood
GSM1886437,17.0,20.749675750732425,train,,Whole Blood
GSM1886438,20.0,19.981948852539062,train,,Whole Blood
GSM1886439,66.0,74.26976013183594,train,,Whole Blood
GSM1886441,73.0,81.26605224609375,train,,Whole Blood
GSM1886442,88.0,94.69921112060548,valid,,Whole Blood
GSM1886448,96.0,89.38900756835938,train,,Whole Blood
GSM1886450,25.0,15.670782089233398,train,,Whole Blood
GSM1886451,26.0,27.573801040649418,train,,Whole Blood
GSM1886452,48.0,51.31414794921875,test,,Whole Blood
GSM1886453,27.0,23.900440216064453,test,,Whole Blood
GSM1886454,33.0,40.749019622802734,train,,Whole Blood
GSM1886455,48.0,35.04410934448242,train,,Whole Blood
GSM1886456,21.0,28.895153045654297,train,,Whole Blood
GSM1886459,50.0,43.473690032958984,test,,Whole Blood
GSM1886460,85.0,62.91454315185547,train,,Whole Blood
GSM1886461,50.0,46.2848014831543,train,,Whole Blood
GSM1886462,85.0,88.02648162841797,train,,Whole Blood
GSM1886463,79.0,80.54411315917969,valid,,Whole Blood
GSM1886464,79.0,84.42568969726562,train,,Whole Blood
GSM1886465,53.0,78.10768127441406,train,,Whole Blood
GSM1886466,85.0,85.89108276367188,train,,Whole Blood
GSM1886468,21.0,24.96400451660156,train,,Whole Blood
GSM1886470,66.0,65.04002380371094,valid,,Whole Blood
GSM1886474,58.0,59.32373046875,valid,,Whole Blood
GSM1886475,62.0,49.22944259643555,train,,Whole Blood
GSM1886477,71.0,64.93865966796875,test,,Whole Blood
GSM1886478,73.0,67.08558654785156,test,,Whole Blood
GSM1886479,73.0,65.19398498535156,train,,Whole Blood
GSM1886481,57.0,62.00489807128906,train,,Whole Blood
GSM1886482,72.0,64.0140609741211,train,,Whole Blood
GSM1886483,71.0,63.07420349121094,train,,Whole Blood
GSM1886485,71.0,63.705623626708984,train,,Whole Blood
GSM1886486,70.0,64.81355285644531,train,,Whole Blood
GSM1886488,63.0,68.78042602539062,test,,Whole Blood
GSM1886490,55.0,61.0926628112793,valid,,Whole Blood
GSM1886492,63.0,65.98773956298828,test,,Whole Blood
GSM1886494,62.0,59.75448989868164,test,,Whole Blood
GSM1886495,56.0,61.408447265625,valid,,Whole Blood
GSM1886496,70.0,68.77536010742188,train,,Whole Blood
GSM1886498,71.0,65.12483215332031,train,,Whole Blood
GSM1886500,66.0,56.601322174072266,train,,Whole Blood
GSM1886502,63.0,60.09791564941406,train,,Whole Blood
GSM1886503,54.0,58.7620849609375,train,,Whole Blood
GSM1886504,73.0,66.48240661621094,train,,Whole Blood
GSM1886508,57.0,62.72738265991211,train,,Whole Blood
GSM1886509,52.0,56.198631286621094,train,,Whole Blood
GSM1886510,54.0,47.83897018432617,train,,Whole Blood
GSM1886511,65.0,64.15338897705078,train,,Whole Blood
GSM1886515,60.0,68.4868392944336,test,,Whole Blood
GSM1886516,64.0,59.681121826171875,valid,,Whole Blood
GSM1886518,66.0,69.67241668701172,test,,Whole Blood
GSM1886519,56.0,57.69062042236328,train,,Whole Blood
GSM1886520,57.0,56.855430603027344,test,,Whole Blood
GSM1886522,60.0,72.908447265625,train,,Whole Blood
GSM1886523,62.0,58.37590789794922,train,,Whole Blood
GSM1886524,56.0,57.642242431640625,train,,Whole Blood
GSM1886525,65.0,67.62464904785156,train,,Whole Blood
GSM1886528,71.0,61.1441764831543,train,,Whole Blood
GSM1886531,76.0,65.07771301269531,test,,Whole Blood
GSM1886534,68.0,67.87469482421875,train,,Whole Blood
GSM1886535,67.0,57.377655029296875,train,,Whole Blood
GSM1886536,65.0,65.49020385742188,train,,Whole Blood
GSM1886537,78.0,70.283203125,test,,Whole Blood
GSM1886538,56.0,63.40196228027344,test,,Whole Blood
GSM1886540,61.0,57.76444625854492,test,,Whole Blood
GSM1886541,75.0,68.78010559082031,test,,Whole Blood
GSM1886542,60.0,63.26306915283203,train,,Whole Blood
GSM1886548,69.0,63.44670867919922,train,,Whole Blood
GSM1886550,60.0,69.83416748046875,train,,Whole Blood
GSM1886552,68.0,64.62568664550781,test,,Whole Blood
GSM1886554,65.0,59.25359725952149,train,,Whole Blood
GSM1886556,55.0,60.57514572143555,train,,Whole Blood
GSM1886558,63.0,63.55723571777344,valid,,Whole Blood
GSM1886561,58.0,64.75511169433594,test,,Whole Blood
GSM1886562,58.0,62.80186080932617,train,,Whole Blood
GSM1886563,70.0,55.30848693847656,train,,Whole Blood
GSM1886565,70.0,63.079200744628906,train,,Whole Blood
GSM1886566,68.0,65.32275390625,train,,Whole Blood
GSM1886567,70.0,68.13325500488281,train,,Whole Blood
GSM1886569,55.0,57.06403350830078,train,,Whole Blood
GSM1886570,61.0,56.567440032958984,train,,Whole Blood
GSM1886573,65.0,64.89739990234375,train,,Whole Blood
GSM1886574,65.0,70.09407043457031,train,,Whole Blood
GSM1886575,59.0,57.12082290649414,test,,Whole Blood
GSM1886576,63.0,65.76240539550781,train,,Whole Blood
GSM1886577,68.0,66.11351013183594,test,,Whole Blood
GSM1886578,73.0,63.92151641845703,valid,,Whole Blood
GSM1886581,63.0,64.29481506347656,test,,Whole Blood
GSM1886582,58.0,54.8640251159668,train,,Whole Blood
GSM1886583,74.0,65.90556335449219,valid,,Whole Blood
GSM1886584,55.0,68.61972045898438,train,,Whole Blood
GSM1886585,56.0,64.7018814086914,train,,Whole Blood
GSM1886588,62.0,65.87277221679688,train,,Whole Blood
GSM1886589,72.0,58.334434509277344,valid,,Whole Blood
GSM1886590,74.0,70.52564239501953,train,,Whole Blood
GSM1886592,70.0,68.53443908691406,train,,Whole Blood
GSM1886594,61.0,66.76559448242188,test,,Whole Blood
GSM1886597,72.0,67.09730529785156,valid,,Whole Blood
GSM1886600,74.0,62.05992889404297,train,,Whole Blood
GSM1886602,60.0,66.05834197998047,valid,,Whole Blood
GSM1886603,73.0,65.1982421875,train,,Whole Blood
GSM1886604,57.0,65.87218475341797,train,,Whole Blood
GSM1886605,60.0,63.24723052978515,valid,,Whole Blood
GSM1886619,75.0,69.66345977783203,train,,Whole Blood
GSM1886620,60.0,59.74099349975586,valid,,Whole Blood
GSM1886624,65.0,60.51244354248047,train,,Whole Blood
GSM1886625,58.0,64.7347640991211,test,,Whole Blood
GSM1886627,71.0,66.14348602294922,valid,,Whole Blood
GSM1886629,56.0,57.44157028198242,train,,Whole Blood
GSM1886630,68.0,57.697566986083984,train,,Whole Blood
GSM1886631,69.0,57.77268981933594,train,,Whole Blood
GSM1886632,57.0,56.005706787109375,train,,Whole Blood
GSM1886634,63.0,62.153709411621094,train,,Whole Blood
GSM1886641,58.0,55.85344314575195,train,,Whole Blood
GSM1886642,69.0,64.76309204101562,train,,Whole Blood
GSM1886644,70.0,63.15616607666016,train,,Whole Blood
GSM1886645,65.0,59.53752899169922,train,,Whole Blood
GSM1886646,64.0,61.256256103515625,train,,Whole Blood
GSM1886647,63.0,64.4665756225586,train,,Whole Blood
GSM1886649,58.0,65.29951477050781,test,,Whole Blood
GSM1886651,64.0,61.9906005859375,test,,Whole Blood
GSM1886652,64.0,61.84894561767578,train,,Whole Blood
GSM1886653,59.0,58.761383056640625,train,,Whole Blood
GSM1886654,60.0,63.94025039672851,train,,Whole Blood
GSM1886656,59.0,69.2485122680664,train,,Whole Blood
GSM1886657,61.0,38.31504821777344,train,,Whole Blood
GSM1886659,59.0,61.26752471923828,train,,Whole Blood
GSM1886660,58.0,61.79485321044922,valid,,Whole Blood
GSM1886662,57.0,64.9561996459961,train,,Whole Blood
GSM1886664,64.0,63.865509033203125,train,,Whole Blood
GSM1886665,61.0,64.20823669433594,train,,Whole Blood
GSM1886667,70.0,62.382694244384766,train,,Whole Blood
GSM1886668,61.0,59.162109375,train,,Whole Blood
GSM1886671,59.0,55.39167785644531,train,,Whole Blood
GSM1886672,71.0,59.08588790893555,train,,Whole Blood
GSM1886673,59.0,54.80340576171875,test,,Whole Blood
GSM1886674,56.0,59.34832763671875,train,,Whole Blood
GSM1886675,59.0,58.4320068359375,valid,,Whole Blood
GSM1886676,60.0,60.822792053222656,train,,Whole Blood
GSM1886678,60.0,57.164329528808594,train,,Whole Blood
GSM1886679,64.0,68.76980590820312,train,,Whole Blood
GSM1886680,61.0,62.729248046875,valid,,Whole Blood
GSM1886681,75.0,65.71162414550781,train,,Whole Blood
GSM1886682,69.0,65.53083801269531,train,,Whole Blood
GSM1886683,69.0,68.6693115234375,train,,Whole Blood
GSM1886684,70.0,64.33000946044922,train,,Whole Blood
GSM1886685,71.0,65.16377258300781,train,,Whole Blood
GSM1886688,63.0,63.71990203857422,train,,Whole Blood
GSM1886691,58.0,66.81664276123047,train,,Whole Blood
GSM1886692,66.0,67.54312133789062,test,,Whole Blood
GSM1886693,59.0,56.801239013671875,train,,Whole Blood
GSM1886716,72.0,63.61369323730469,valid,,Whole Blood
GSM1886720,62.0,61.01056671142578,train,,Whole Blood
GSM1886723,53.0,44.07157897949219,valid,,Whole Blood
GSM1886726,59.0,63.92021942138672,valid,,Whole Blood
GSM1886775,68.0,52.3130989074707,test,,Whole Blood
GSM1886777,70.0,65.04327392578125,test,,Whole Blood
GSM1886778,73.0,65.9640884399414,train,,Whole Blood
GSM1886779,75.0,67.12071990966797,train,,Whole Blood
GSM1886780,77.0,66.54315948486328,test,,Whole Blood
GSM1886781,65.0,68.66773986816406,train,,Whole Blood
GSM1886782,73.0,69.58299255371094,valid,,Whole Blood
GSM1886783,72.0,54.2393913269043,train,,Whole Blood
GSM1886788,76.0,69.52506256103516,train,,Whole Blood
GSM1886793,73.0,62.35456848144531,train,,Whole Blood
GSM1886795,65.0,63.306915283203125,train,,Whole Blood
GSM1886796,58.0,60.09317779541016,test,,Whole Blood
GSM1886800,61.0,63.257755279541016,train,,Whole Blood
GSM1886801,64.0,66.34675598144531,train,,Whole Blood
GSM1886802,73.0,68.13946533203125,train,,Whole Blood
GSM1892025,61.0,67.14974975585938,train,,Other
GSM1892028,76.0,65.9078369140625,valid,,Other
GSM1892029,56.0,66.13994598388672,train,,Other
GSM1892038,61.0,64.36673736572266,train,,Other
GSM1892040,57.0,65.76412963867188,train,,Other
GSM1892042,73.0,67.81039428710938,train,,Other
GSM1892044,69.0,63.26518249511719,train,,Other
GSM1892045,73.0,72.66172790527344,valid,,Other
GSM1892046,59.0,58.6350212097168,test,,Other
GSM1892047,55.0,64.79447174072266,train,,Other
GSM1892048,59.0,59.33898162841797,test,,Other
GSM1892049,56.0,58.6334228515625,train,,Other
GSM1892050,77.0,68.4976806640625,train,,Other
GSM1892051,77.0,69.00761413574219,train,,Other
GSM1892052,61.0,61.53877258300781,train,,Other
GSM1892053,13.0,17.372901916503906,train,,Other
GSM1892054,23.0,17.33677864074707,train,,Other
GSM1892055,25.0,12.448324203491213,train,,Other
GSM1892058,12.0,13.238513946533203,train,,Other
GSM1892059,11.0,21.87286376953125,train,,Other
GSM1892060,27.0,15.924928665161133,train,,Other
GSM1904146,21.0,12.335334777832031,valid,,Colon
GSM1904150,10.0,45.602779388427734,train,,Small Intestine
GSM1904151,17.0,18.55474281311035,train,,Small Intestine
GSM1904160,18.0,15.798713684082031,train,,Small Intestine
GSM1904188,1.0,18.224430084228516,train,,Liver
GSM1904197,19.0,23.89207649230957,train,,Small Intestine
GSM1904199,18.0,14.154556274414062,train,,Small Intestine
GSM1904216,22.0,11.612876892089844,train,,Liver
GSM1904218,21.0,13.586763381958008,train,,Liver
GSM1904221,6.0,15.032817840576172,train,,Small Intestine
GSM1904227,10.0,12.187667846679688,train,,Other
GSM1904230,14.0,13.51597023010254,train,,Small Intestine
GSM1904232,13.0,9.66781234741211,train,,Small Intestine
GSM1904234,16.0,18.044267654418945,train,,Small Intestine
GSM1904235,10.0,16.42635726928711,train,,Small Intestine
GSM1904241,15.0,43.393680572509766,test,,Liver
GSM1904245,11.0,18.75348472595215,train,,Small Intestine
GSM1904247,10.0,16.19025421142578,train,,Liver
GSM1931537,17.0,13.461904525756836,train,,Other
GSM1931568,20.0,15.54612159729004,train,,Other
GSM1931578,27.0,15.72958755493164,train,,Other
GSM1931599,9.0,10.027210235595703,train,,Other
GSM1931601,14.0,18.533117294311523,test,,Other
GSM1947017,19.0,14.362333297729492,train,,Other
GSM1947018,24.0,30.860031127929688,valid,,Other
GSM1947020,13.0,16.759719848632812,train,,Other
GSM1947021,13.0,15.91546630859375,valid,,Other
GSM1947023,20.0,15.548406600952148,train,,Other
GSM1947024,11.0,16.121097564697266,valid,,Other
GSM1947025,19.0,16.021907806396484,train,,Other
GSM1947027,14.0,13.356939315795898,train,,Other
GSM1947031,20.0,40.73847198486328,train,,Other
GSM1947032,20.0,19.963056564331055,train,,Other
GSM1947034,13.0,22.788238525390625,train,,Other
GSM1947037,14.0,17.658964157104492,test,,Other
GSM1947038,10.0,13.09385871887207,valid,,Other
GSM1947039,12.0,21.051843643188477,train,,Other
GSM1947043,11.0,14.847043991088867,train,,Other
GSM1947044,20.0,16.348522186279297,valid,,Other
GSM1947045,8.0,15.760883331298828,train,,Other
GSM1947046,16.0,14.737777709960938,train,,Other
GSM1947047,10.0,14.616954803466797,train,,Other
GSM1947048,23.0,19.222936630249023,train,,Other
GSM1947075,25.0,34.95709228515625,train,,Other
GSM1947076,13.0,12.666543960571287,train,,Other
GSM1947077,23.0,19.30604553222656,test,,Other
GSM1947079,26.0,23.52505111694336,train,,Other
GSM1947080,12.0,17.16822624206543,train,,Other
GSM1947081,26.0,16.846046447753906,valid,,Other
GSM1947082,22.0,36.871376037597656,valid,,Other
GSM1947083,12.0,14.364797592163086,test,,Other
GSM1947087,7.0,15.208127975463867,valid,,Other
GSM1947088,8.0,12.841989517211914,train,,Other
GSM1947089,14.0,14.334783554077148,train,,Other
GSM1947092,13.0,53.94670867919922,train,,Other
GSM1947094,18.0,19.567935943603516,train,,Other
GSM1947096,14.0,16.37389373779297,train,,Other
GSM1947097,4.0,14.051519393920898,test,,Other
GSM1947098,10.0,12.079349517822266,test,,Other
GSM1947099,19.0,18.821311950683594,test,,Other
GSM1947100,22.0,20.46562957763672,valid,,Other
GSM1947102,19.0,14.088653564453123,train,,Other
GSM1947104,7.0,15.769529342651367,train,,Other
GSM1947105,21.0,18.346345901489254,test,,Other
GSM1947108,20.0,16.272045135498047,test,,Other
GSM1947109,12.0,14.434650421142578,train,,Other
GSM1947110,22.0,15.637609481811523,train,,Other
GSM1947112,25.0,24.850194931030273,train,,Other
GSM1947113,11.0,14.976398468017578,train,,Other
GSM1947114,25.0,12.03042984008789,test,,Other
GSM1947116,12.0,19.15464782714844,valid,,Other
GSM1947118,23.0,41.236385345458984,test,,Other
GSM1947119,28.0,24.485342025756836,train,,Other
GSM1947121,17.0,20.380035400390625,train,,Other
GSM1947122,25.0,14.795995712280272,valid,,Other
GSM1947123,17.0,11.891742706298828,train,,Other
GSM1947124,10.0,8.50735855102539,valid,,Other
GSM1947125,27.0,15.97384262084961,train,,Other
GSM1947127,12.0,14.72780990600586,test,,Other
GSM1947128,15.0,10.238191604614258,train,,Other
GSM1947129,4.0,13.458126068115234,test,,Other
GSM1947130,23.0,17.15110206604004,train,,Other
GSM1947136,29.0,24.166189193725582,train,,Other
GSM1947138,18.0,18.45319938659668,train,,Other
GSM1947139,20.0,17.049957275390625,train,,Other
GSM1947144,15.0,38.14146041870117,train,,Other
GSM1947145,10.0,10.315322875976562,train,,Other
GSM1947146,25.0,15.517791748046877,train,,Other
GSM1947148,16.0,15.121294021606444,test,,Other
GSM1947149,11.0,15.52505111694336,train,,Other
GSM1947152,11.0,17.060829162597656,test,,Other
GSM1947154,18.0,22.9603328704834,train,,Other
GSM1947155,17.0,13.724117279052734,train,,Other
GSM1947159,12.0,17.155881881713867,train,,Other
GSM1947160,32.0,15.949907302856444,train,,Other
GSM1947161,31.0,15.553871154785156,train,,Other
GSM1947163,14.0,14.28451156616211,test,,Other
GSM1947192,15.0,11.542966842651367,test,,Other
GSM1947193,14.0,11.983707427978516,train,,Other
GSM1947194,25.0,12.276897430419922,train,,Other
GSM1947195,18.0,15.614133834838867,train,,Other
GSM1947196,22.0,12.6614990234375,train,,Other
GSM1947197,21.0,32.726097106933594,test,,Other
GSM1947198,15.0,30.78602600097656,train,,Other
GSM1947199,20.0,17.92344093322754,train,,Other
GSM1947201,17.0,16.76753044128418,train,,Other
GSM1947202,12.0,18.837636947631836,test,,Other
GSM1947203,24.0,15.29625129699707,test,,Other
GSM1947209,14.0,63.70033264160156,train,,Other
GSM1947210,20.0,17.646854400634766,train,,Other
GSM1947211,63.0,58.343013763427734,valid,,Other
GSM1947212,67.0,64.79849243164062,valid,,Other
GSM1947215,58.0,50.52750396728515,train,,Other
GSM1947217,55.0,58.18403244018555,valid,,Other
GSM1947223,53.0,53.70820617675781,train,,Other
GSM1947226,58.0,55.90192031860352,train,,Other
GSM1947227,60.0,58.195091247558594,test,,Other
GSM1947228,60.0,59.588287353515625,test,,Other
GSM1947229,71.0,65.72396087646484,train,,Other
GSM1947233,53.0,61.59910583496094,train,,Other
GSM1947237,71.0,63.65824890136719,train,,Other
GSM1947239,49.0,44.810672760009766,test,,Other
GSM1947242,61.0,58.59605407714844,train,,Other
GSM1947243,72.0,63.088584899902344,train,,Other
GSM1947244,68.0,62.41707611083984,test,,Other
GSM1947246,67.0,63.99125671386719,train,,Other
GSM1947247,71.0,50.58366775512695,train,,Other
GSM1947250,50.0,45.059425354003906,valid,,Other
GSM1947251,68.0,64.29399108886719,train,,Other
GSM1947252,62.0,59.054534912109375,train,,Other
GSM1947253,59.0,55.523868560791016,valid,,Other
GSM1947254,67.0,59.63189697265625,train,,Other
GSM1947255,63.0,64.16215515136719,train,,Other
GSM1947258,71.0,60.55872344970703,train,,Other
GSM1947259,56.0,56.78239822387695,train,,Other
GSM1947260,64.0,58.92687225341797,test,,Other
GSM1947261,62.0,60.51350402832031,train,,Other
GSM1947262,73.0,63.04606628417969,train,,Other
GSM1947265,64.0,56.18760681152344,train,,Other
GSM1947266,71.0,64.57400512695312,train,,Other
GSM1947267,62.0,64.77132415771484,train,,Other
GSM1947269,66.0,59.603782653808594,test,,Other
GSM1947271,60.0,62.690643310546875,train,,Other
GSM1947274,60.0,61.42205047607422,train,,Other
GSM1947277,49.0,48.66816711425781,train,,Other
GSM1947279,57.0,55.494842529296875,train,,Other
GSM1947280,71.0,56.64805603027344,train,,Other
GSM1947281,71.0,67.03361511230469,test,,Other
GSM1947282,72.0,68.24750518798828,test,,Other
GSM1947286,65.0,61.295310974121094,train,,Other
GSM1947287,60.0,58.614803314208984,train,,Other
GSM1947291,66.0,62.86173248291016,train,,Other
GSM1947292,52.0,55.229148864746094,train,,Other
GSM1947294,66.0,57.74085235595703,train,,Other
GSM1947296,71.0,68.31483459472656,train,,Other
GSM1947297,69.0,61.95732879638672,test,,Other
GSM1947298,52.0,51.15190887451172,test,,Other
GSM1947299,54.0,63.7969970703125,train,,Other
GSM1947301,60.0,59.15068817138672,train,,Other
GSM1947309,68.0,61.94501495361328,train,,Other
GSM1947310,49.0,48.25387954711914,train,,Other
GSM1947312,66.0,62.95585632324219,train,,Other
GSM1947313,66.0,58.82434844970703,train,,Other
GSM1947314,56.0,60.8304557800293,train,,Other
GSM1947315,65.0,57.90886688232422,valid,,Other
GSM1947318,37.0,28.58358383178711,test,,Other
GSM1947320,52.0,34.715797424316406,train,,Other
GSM1947321,35.0,28.92323303222656,valid,,Other
GSM1947322,27.0,27.39422607421875,train,,Other
GSM1947323,35.0,34.36528778076172,test,,Other
GSM1947325,16.0,21.89678001403809,test,,Other
GSM1947326,44.0,39.48078918457031,train,,Other
GSM1947328,69.0,66.53195190429688,test,,Other
GSM1947329,30.0,29.96280860900879,train,,Other
GSM1947331,24.0,25.21314239501953,valid,,Other
GSM1947333,20.0,22.700244903564453,train,,Other
GSM1947334,27.0,30.420337677001953,train,,Other
GSM1947336,28.0,38.924827575683594,test,,Other
GSM1947337,18.0,25.68731117248535,test,,Other
GSM1947341,47.0,26.55384826660156,train,,Other
GSM1947342,29.0,33.28826904296875,train,,Other
GSM1947343,37.0,25.287172317504883,train,,Other
GSM1947344,44.0,50.675880432128906,train,,Other
GSM1947345,38.0,26.907047271728516,valid,,Other
GSM1947346,52.0,53.46940231323242,test,,Other
GSM1947348,25.0,30.511011123657227,test,,Other
GSM1947349,33.0,39.96493911743164,train,,Other
GSM1947350,42.0,40.83095169067383,train,,Other
GSM1947351,30.0,30.471790313720703,train,,Other
GSM1947352,17.0,35.02223587036133,test,,Other
GSM1947353,64.0,61.604942321777344,valid,,Other
GSM1947354,21.0,66.55474090576172,train,,Other
GSM1947355,60.0,66.23333740234375,train,,Other
GSM1947358,63.0,65.38204193115234,train,,Other
GSM1947362,6.0,42.95608139038086,train,,Other
GSM1947363,61.0,67.95582580566406,test,,Other
GSM1947364,63.0,67.32008361816406,train,,Other
GSM1947366,18.0,32.36833572387695,test,,Other
GSM1947367,15.0,15.404800415039062,train,,Other
GSM1947368,15.0,19.21826934814453,train,,Other
GSM1947369,15.0,16.90810775756836,train,,Other
GSM1947379,15.0,14.829839706420898,test,,Other
GSM1947382,15.0,14.89877700805664,train,,Other
GSM1947383,15.0,19.078432083129883,train,,Other
GSM1947384,15.0,15.12663459777832,train,,Other
GSM1947385,15.0,18.589149475097656,valid,,Other
GSM1947386,15.0,14.122703552246094,valid,,Other
GSM1947387,15.0,13.44989013671875,valid,,Other
GSM1947388,15.0,15.83647346496582,train,,Other
GSM1947393,15.0,16.266887664794922,train,,Other
GSM1947396,15.0,17.162334442138672,valid,,Other
GSM1947399,15.0,15.670373916625977,train,,Other
GSM1947401,15.0,14.353567123413086,train,,Other
GSM1947402,15.0,16.240732192993164,test,,Other
GSM1947406,15.0,16.253164291381836,train,,Other
GSM1947407,15.0,14.85833740234375,train,,Other
GSM1947408,15.0,15.86550521850586,train,,Other
GSM1974302,15.0,14.788702011108398,train,,Brain
GSM1974303,15.0,17.073047637939453,valid,,Brain
GSM1974306,15.0,16.053239822387695,train,,Brain
GSM1974307,15.0,15.283470153808594,train,,Brain
GSM1974310,15.0,18.66023063659668,train,,Brain
GSM1974311,15.0,14.47865867614746,train,,Brain
GSM1974312,15.0,19.507797241210938,train,,Brain
GSM1974313,15.0,28.30830764770508,test,,Brain
GSM1974316,15.0,17.96953582763672,train,,Brain
GSM1974317,15.0,13.447185516357422,train,,Brain
GSM1974320,15.0,18.317163467407227,train,,Brain
GSM1974321,15.0,16.218671798706055,train,,Brain
GSM1974325,15.0,24.914270401000977,train,,Brain
GSM1974326,15.0,13.720548629760742,train,,Brain
GSM1974329,15.0,13.211023330688477,test,,Brain
GSM1974330,15.0,16.67274284362793,test,,Brain
GSM1974333,15.0,16.688777923583984,train,,Brain
GSM1974334,15.0,14.247888565063477,train,,Brain
GSM1974335,15.0,16.110618591308594,train,,Brain
GSM1974338,15.0,16.147382736206055,test,,Brain
GSM1974339,15.0,15.461565017700195,train,,Brain
GSM1974342,15.0,15.846004486083984,train,,Brain
GSM1974343,15.0,14.58169937133789,test,,Brain
GSM1974348,15.0,14.245708465576172,train,,Brain
GSM1974349,15.0,17.265636444091797,train,,Brain
GSM1974352,15.0,14.987869262695312,train,,Brain
GSM1974353,15.0,15.515438079833984,train,,Brain
GSM1974356,15.0,18.248374938964844,train,,Brain
GSM1974357,15.0,16.636367797851562,valid,,Brain
GSM1974358,15.0,17.675098419189453,train,,Brain
GSM1974359,15.0,14.42401885986328,valid,,Brain
GSM1974361,15.0,20.332788467407227,train,,Brain
GSM1974364,15.0,17.493709564208984,train,,Brain
GSM1974365,15.0,15.126317977905272,train,,Brain
GSM2046478,15.0,14.831090927124023,train,,Brain
GSM2046479,15.0,13.772991180419922,valid,,Other
GSM2046480,15.0,14.701295852661133,train,,Brain
GSM2046481,15.0,13.850252151489258,train,,Brain
GSM2051893,15.0,15.698062896728516,train,,Whole Blood
GSM2051894,15.0,16.285663604736328,valid,,Whole Blood
GSM2051895,15.0,14.742801666259766,train,,Whole Blood
GSM2051898,15.0,12.984447479248049,train,,Whole Blood
GSM2051899,15.0,16.09222412109375,valid,,Whole Blood
GSM2051900,15.0,14.385826110839844,train,,Whole Blood
GSM2051901,15.0,17.313135147094727,train,,Whole Blood
GSM2051902,15.0,15.14860725402832,valid,,Whole Blood
GSM2051904,60.0,61.296478271484375,train,,Whole Blood
GSM2051905,66.0,67.86366271972656,train,,Whole Blood
GSM2051906,66.0,70.49604797363281,train,,Whole Blood
GSM2051911,61.0,62.57169342041016,train,,Whole Blood
GSM2051912,54.0,60.07447052001953,train,,Whole Blood
GSM2051915,73.0,72.34535217285156,train,,Whole Blood
GSM2051917,44.0,63.04117584228515,train,,Whole Blood
GSM2051919,47.0,53.34184265136719,train,,Whole Blood
GSM2051921,62.0,64.24748229980469,test,,Whole Blood
GSM2051922,50.0,64.79139709472656,train,,Whole Blood
GSM2051925,50.0,64.75250244140625,test,,Whole Blood
GSM2051926,54.0,59.80327606201172,test,,Whole Blood
GSM2051929,69.0,62.74059295654297,train,,Whole Blood
GSM2051930,66.0,68.63031005859375,train,,Whole Blood
GSM2051934,50.0,64.05106353759766,test,,Whole Blood
GSM2051935,57.0,61.06886291503906,train,,Whole Blood
GSM2051939,56.0,62.37923431396485,test,,Whole Blood
GSM2051946,71.0,62.69684600830078,train,,Whole Blood
GSM2051947,55.0,62.39603805541992,test,,Whole Blood
GSM2051948,61.0,73.41900634765625,test,,Whole Blood
GSM2051950,61.0,60.13709259033203,train,,Whole Blood
GSM2051951,65.0,62.324432373046875,train,,Whole Blood
GSM2051952,69.0,61.020484924316406,train,,Whole Blood
GSM2051954,61.0,69.2291488647461,train,,Whole Blood
GSM2051955,53.0,57.836944580078125,train,,Whole Blood
GSM2051956,51.0,57.89314270019531,train,,Whole Blood
GSM2051958,58.0,60.18708801269531,test,,Whole Blood
GSM2051959,61.0,60.86077880859375,valid,,Whole Blood
GSM2051960,65.0,61.60819625854492,train,,Whole Blood
GSM2051961,51.0,61.43849182128906,train,,Whole Blood
GSM2051962,63.0,65.15290069580078,test,,Whole Blood
GSM2051963,55.0,55.62869644165039,train,,Whole Blood
GSM2051964,64.0,66.57646179199219,test,,Whole Blood
GSM2051965,63.0,68.56979370117188,test,,Whole Blood
GSM2051967,58.0,52.117794036865234,train,,Whole Blood
GSM2051968,58.0,59.782230377197266,train,,Whole Blood
GSM2051969,46.0,58.469688415527344,train,,Whole Blood
GSM2051970,72.0,75.20089721679688,valid,,Whole Blood
GSM2051971,50.0,60.4409294128418,train,,Whole Blood
GSM2051972,53.0,56.94732666015625,train,,Whole Blood
GSM2051973,64.0,65.56149291992188,test,,Whole Blood
GSM2051975,61.0,67.0533447265625,train,,Whole Blood
GSM2051976,62.0,64.26531982421875,train,,Whole Blood
GSM2062398,68.0,67.1174087524414,test,,Colon
GSM2062399,65.0,63.414451599121094,test,,Colon
GSM2062400,63.0,66.669677734375,train,,Colon
GSM2062401,65.0,65.02486419677734,train,,Colon
GSM2062402,60.0,61.41998291015625,train,,Colon
GSM2062403,68.0,73.24745178222656,valid,,Colon
GSM2062404,49.0,60.84080505371094,train,,Colon
GSM2062405,58.0,60.28004455566406,train,,Colon
GSM2062406,64.0,57.441165924072266,train,,Colon
GSM2062407,61.0,63.392730712890625,test,,Colon
GSM2062408,72.0,69.07098388671875,train,,Colon
GSM2062409,60.0,60.65423583984375,test,,Liver
GSM2062410,70.0,66.95616912841797,valid,,Liver
GSM2062411,43.0,54.18083953857422,valid,,Liver
GSM2084631,69.0,72.77468872070312,train,,Whole Blood
GSM2084632,71.0,64.15780639648438,valid,,Whole Blood
GSM2084633,69.0,67.63948059082031,train,,Whole Blood
GSM2084634,53.0,63.77313995361328,train,,Whole Blood
GSM2084635,50.0,53.477901458740234,train,,Whole Blood
GSM2084638,61.0,60.74899673461914,train,,Whole Blood
GSM2084639,72.0,62.31951141357422,train,,Whole Blood
GSM2084640,64.0,62.946895599365234,train,,Whole Blood
GSM2199619,64.0,61.631595611572266,train,,Whole Blood
GSM2199620,71.0,64.14047241210938,train,,Whole Blood
GSM2199621,44.0,54.50559997558594,test,,Whole Blood
GSM2199623,63.0,65.04126739501953,train,,Whole Blood
GSM2199630,48.0,58.35710906982422,test,,Whole Blood
GSM2199632,48.0,57.85546875,test,,Whole Blood
GSM2199633,53.0,57.17124938964844,train,,Whole Blood
GSM2199635,52.0,57.623985290527344,train,,Whole Blood
GSM2199636,72.0,67.32005310058594,train,,Whole Blood
GSM2199637,52.0,57.16686248779297,train,,Whole Blood
GSM2199639,69.0,67.37240600585938,valid,,Whole Blood
GSM2199640,73.0,66.25474548339844,test,,Whole Blood
GSM2199641,56.0,61.0673828125,test,,Whole Blood
GSM2199642,45.0,57.31486511230469,valid,,Whole Blood
GSM2199643,72.0,63.938751220703125,train,,Whole Blood
GSM2199646,51.0,57.717830657958984,test,,Whole Blood
GSM2199647,56.0,60.3293571472168,train,,Whole Blood
GSM2199648,64.0,56.72229766845703,valid,,Whole Blood
GSM2398639,54.0,62.101707458496094,test,,Skin
GSM2398640,55.0,64.61321258544922,valid,,Skin
GSM2398641,64.0,60.02765655517578,train,,Skin
GSM2398644,57.0,62.133819580078125,train,,Skin
GSM2398645,49.0,60.439964294433594,train,,Skin
GSM2398646,72.0,70.19593811035156,train,,Skin
GSM2398648,72.0,69.53300476074219,train,,Skin
GSM2398651,61.0,66.86114501953125,train,,Skin
GSM2398653,64.0,64.1650619506836,train,,Skin
GSM2398658,64.0,63.00165557861328,train,,Skin
GSM2398659,0.0,-0.5971641540527344,train,,Skin
GSM2398660,0.0,-0.9388771057128906,train,,Skin
GSM2398661,0.0,-0.5795135498046875,valid,,Skin
GSM2398662,0.0,-0.8370704650878906,train,,Skin
GSM2398663,0.0,-0.5270233154296875,train,,Skin
GSM2398664,0.0,-1.2958335876464844,train,,Skin
GSM2398666,0.0,-0.2724876403808594,valid,,Skin
GSM2398668,0.0,0.1659698486328125,train,,Skin
GSM2398669,0.0,-0.9677619934082032,train,,Skin
GSM2398670,0.0,-0.9033775329589844,train,,Skin
GSM2398671,0.0,-0.8054161071777344,test,,Skin
GSM2398673,0.0,1.3416061401367188,train,,Skin
GSM2398674,0.0,-0.1084861755371093,train,,Skin
GSM2398675,0.0,-0.9038009643554688,train,,Skin
GSM2398678,0.0,-0.6075553894042969,valid,,Skin
GSM2398681,0.0,-0.0476417541503906,valid,,Skin
GSM2398683,0.0,-0.3249435424804687,train,,Skin
GSM2398684,0.0,-0.2391319274902343,train,,Skin
GSM2398685,0.0,2.7838783264160156,train,,Skin
GSM2398686,0.0,0.7026863098144531,train,,Skin
GSM2398687,0.0,0.3548812866210937,test,,Skin
GSM2398688,0.0,-0.1639671325683593,train,,Skin
GSM2398690,0.0,1.353656768798828,train,,Skin
GSM2398691,0.0,0.0685348510742187,train,,Skin
GSM2398692,0.0,-0.5932159423828125,valid,,Skin
GSM2398693,0.0,-0.5149993896484375,train,,Skin
GSM2398694,0.0,1.08685302734375,train,,Skin
GSM2398695,0.0,-0.6120185852050781,test,,Skin
GSM2398698,0.0,-0.7871170043945312,test,,Skin
GSM2398699,0.0,-0.0206947326660156,train,,Skin
GSM2398701,0.0,0.3767471313476562,train,,Skin
GSM2398702,0.0,-0.0427017211914062,train,,Skin
GSM2398704,0.0,0.1605377197265625,test,,Skin
GSM2398706,0.0,0.2133102416992187,train,,Skin
GSM2398707,0.0,-1.3883285522460938,train,,Skin
GSM2398709,0.0,-0.6286544799804688,train,,Skin
GSM2398710,0.0,-0.4850654602050781,train,,Skin
GSM2398712,0.0,-0.7732620239257812,train,,Skin
GSM2398713,0.0,-0.4508514404296875,train,,Skin
GSM2398714,0.0,0.4310989379882812,train,,Skin
GSM2398715,0.0,-0.3563156127929687,train,,Skin
GSM2398717,0.0,-0.3504104614257812,train,,Skin
GSM2398719,0.0,-0.158294677734375,train,,Skin
GSM2398720,0.0,-0.8931312561035156,test,,Skin
GSM2398721,0.0,-0.996685028076172,train,,Skin
GSM2398722,0.0,-0.5959701538085938,train,,Skin
GSM2398724,0.0,-0.9010124206542968,test,,Skin
GSM2398725,0.0,-0.4902572631835937,train,,Skin
GSM2398732,0.0,-0.3042144775390625,train,,Skin
GSM2398734,0.0,-0.5092811584472656,train,,Skin
GSM2398735,0.0,0.0747795104980468,train,,Skin
GSM2398736,0.0,-0.9154701232910156,train,,Skin
GSM2398737,0.0,-0.4240188598632812,train,,Skin
GSM2398739,0.0,-0.4342765808105469,train,,Skin
GSM2398741,0.0,-0.4747734069824219,train,,Skin
GSM2398742,0.0,-0.5823593139648438,train,,Skin
GSM2398746,0.0,-0.5030593872070312,train,,Skin
GSM2398747,0.0,-0.1982154846191406,test,,Skin
GSM2398751,0.0,-1.0410537719726562,train,,Skin
GSM2398752,0.0,-1.0774803161621094,train,,Skin
GSM2398753,0.0,-0.3433609008789062,train,,Skin
GSM2398754,0.0,-1.6246795654296875,train,,Skin
GSM2398756,0.0,-0.5109024047851562,train,,Skin
GSM2398759,0.0,-0.1588211059570312,test,,Skin
GSM2398762,0.0,-0.8230018615722656,train,,Skin
GSM2398764,0.0,-0.0847129821777343,train,,Skin
GSM2398766,0.0,-0.0538101196289062,test,,Skin
GSM2398767,0.0,0.1484146118164062,train,,Skin
GSM2398768,0.0,-0.996978759765625,valid,,Skin
GSM2398771,0.0,0.1951370239257812,train,,Skin
GSM2398772,0.0,-0.4644546508789062,valid,,Skin
GSM2398773,0.0,-0.0086441040039062,test,,Skin
GSM2398774,0.0,0.3550529479980469,train,,Skin
GSM2398775,0.0,-0.6691093444824219,valid,,Skin
GSM2398778,0.0,-1.3808021545410156,train,,Skin
GSM2398779,0.0,-0.6551628112792969,valid,,Skin
GSM2398780,0.0,0.3963623046875,test,,Skin
GSM2398781,0.0,-0.8296623229980469,train,,Skin
GSM2398782,0.0,-0.60693359375,test,,Skin
GSM2398783,0.0,0.2339630126953125,train,,Skin
GSM2398786,0.0,-0.4203605651855469,train,,Skin
GSM2398787,0.0,-0.5395927429199219,train,,Skin
GSM2398789,0.0,-1.0689201354980469,test,,Skin
GSM2398790,0.0,-0.3636894226074219,valid,,Skin
GSM2398791,0.0,0.2396469116210937,test,,Skin
GSM2398793,0.0,-0.2881317138671875,train,,Skin
GSM2398794,0.0,-0.8402061462402344,train,,Skin
GSM2398798,0.0,1.206623077392578,test,,Skin
GSM2398802,0.0,-0.6890754699707031,train,,Skin
GSM2398804,0.0,-0.6062736511230469,train,,Skin
GSM2398808,0.0,0.3795852661132812,train,,Skin
GSM2398810,0.0,-0.0451698303222656,train,,Skin
GSM2398813,0.0,0.2464675903320312,train,,Skin
GSM2398814,0.0,-0.2230072021484375,valid,,Skin
GSM2398816,0.0,0.1495246887207031,train,,Skin
GSM2398819,0.0,-0.8887939453125,train,,Skin
GSM2398820,0.0,0.3305511474609375,train,,Skin
GSM2398821,0.0,-0.5574684143066406,train,,Skin
GSM2398823,0.0,-0.1194190979003906,train,,Skin
GSM2398827,0.0,-0.5369606018066406,train,,Skin
GSM2398828,42.0,43.43218994140625,valid,,Skin
GSM2398831,37.0,46.82048797607422,test,,Skin
GSM2398832,37.0,34.86280059814453,train,,Skin
GSM2398833,22.0,26.071533203125,test,,Skin
GSM2398834,40.0,43.80530548095703,train,,Skin
GSM2398836,40.0,40.35282897949219,valid,,Skin
GSM2398837,27.0,37.400543212890625,train,,Skin
GSM2398838,35.0,42.23834609985352,train,,Skin
GSM2398840,42.0,39.23883819580078,test,,Skin
GSM2398841,31.0,35.165870666503906,train,,Skin
GSM2398842,26.0,34.023712158203125,test,,Skin
GSM2398843,37.0,42.42938995361328,train,,Skin
GSM2398844,52.0,52.37632751464844,train,,Skin
GSM2398847,40.0,42.29685974121094,train,,Skin
GSM2398848,35.0,37.27836227416992,test,,Skin
GSM2398850,35.0,38.88050079345703,train,,Skin
GSM2398851,39.0,47.20302963256836,train,,Skin
GSM2398853,35.0,35.733612060546875,train,,Skin
GSM2398854,45.0,45.85779571533203,train,,Skin
GSM2398856,35.0,41.60618591308594,train,,Skin
GSM2398857,29.0,35.8330078125,test,,Skin
GSM2398858,42.0,45.97882843017578,train,,Skin
GSM2398859,29.0,32.63113784790039,train,,Skin
GSM2398860,21.0,19.46782112121582,train,,Skin
GSM2398864,33.0,38.16497421264648,train,,Skin
GSM2398866,31.0,33.92028045654297,train,,Skin
GSM2398868,28.0,32.92060852050781,train,,Skin
GSM2398869,29.0,32.47384262084961,train,,Skin
GSM2398872,39.0,36.49352264404297,test,,Skin
GSM2398873,40.0,39.75441360473633,train,,Skin
GSM2398874,24.0,33.778892517089844,test,,Skin
GSM2398875,53.0,51.327903747558594,train,,Skin
GSM2398877,53.0,51.752647399902344,train,,Skin
GSM2398878,27.0,37.37135696411133,train,,Skin
GSM2398879,27.0,33.66158676147461,valid,,Skin
GSM2398880,22.0,24.9648494720459,train,,Skin
GSM2398881,33.0,35.29558181762695,test,,Skin
GSM2398882,37.0,44.191532135009766,train,,Skin
GSM2398883,39.0,43.434326171875,test,,Skin
GSM2398885,40.0,32.537086486816406,train,,Skin
GSM2398887,40.0,44.712921142578125,train,,Skin
GSM2398889,38.0,36.53825378417969,train,,Skin
GSM2398890,37.0,37.162803649902344,train,,Skin
GSM2398891,39.0,42.05682373046875,test,,Skin
GSM2398892,55.0,44.09810256958008,test,,Skin
GSM2398893,52.0,54.00342559814453,train,,Skin
GSM2398895,40.0,36.47431945800781,valid,,Skin
GSM2398899,35.0,37.45493698120117,test,,Skin
GSM2398901,44.0,49.79770278930664,train,,Skin
GSM2398902,55.06999969482422,74.08109283447266,test,,Skin
GSM2398903,43.29999923706055,49.52591323852539,test,,Skin
GSM2398904,37.18000030517578,38.70905685424805,train,,Skin
GSM2398905,59.27000045776367,45.10304641723633,train,,Skin
GSM2398907,29.15999984741211,36.00056838989258,train,,Skin
GSM2398911,50.380001068115234,65.02081298828125,train,,Skin
GSM2398912,45.9900016784668,40.95814514160156,test,,Skin
GSM2398914,69.33000183105469,59.72784423828125,train,,Skin
GSM2398916,45.630001068115234,44.50959777832031,test,,Skin
GSM2398917,19.350000381469727,38.09870147705078,test,,Skin
GSM2398918,75.06999969482422,75.396240234375,train,,Skin
GSM2398919,39.709999084472656,37.276371002197266,train,,Skin
GSM2398920,27.299999237060547,40.259765625,train,,Skin
GSM2398922,30.0,28.998977661132812,train,,Skin
GSM2398923,49.0,41.29862594604492,train,,Skin
GSM2398924,39.0,34.98902130126953,train,,Skin
GSM2398927,32.0,38.00774002075195,train,,Skin
GSM2398928,27.0,29.002384185791016,train,,Skin
GSM2398929,24.0,30.641815185546875,train,,Skin
GSM2398930,30.0,35.68362808227539,train,,Skin
GSM2398931,28.0,32.70343780517578,train,,Skin
GSM2398932,35.0,43.51645278930664,valid,,Skin
GSM2398933,29.0,35.689659118652344,train,,Skin
GSM2398934,23.0,22.658124923706055,test,,Skin
GSM2398936,22.0,26.26401138305664,valid,,Skin
GSM2398937,21.0,31.65027236938477,test,,Skin
GSM2398938,26.0,30.505756378173828,valid,,Skin
GSM2398943,24.0,27.30731964111328,valid,,Skin
GSM2398944,45.0,48.55233383178711,train,,Skin
GSM2398949,32.0,40.76994705200195,train,,Skin
GSM2398951,28.0,37.88200759887695,valid,,Skin
GSM2398953,50.0,48.660037994384766,train,,Skin
GSM2398954,38.0,35.27165222167969,train,,Skin
GSM2398955,22.0,25.77657890319824,train,,Skin
GSM2437054,26.0,23.610437393188477,train,,Other
GSM2437055,42.0,31.923236846923828,train,,Other
GSM2437058,21.0,32.276153564453125,train,,Other
GSM2437059,25.0,22.26233673095703,train,,Other
GSM2437060,46.0,39.99372482299805,train,,Other
GSM2437061,40.0,32.122962951660156,train,,Other
GSM2437062,24.0,23.930500030517575,train,,Other
GSM2437063,24.0,43.75786590576172,train,,Other
GSM2437065,53.0,41.067264556884766,train,,Other
GSM2437066,29.0,34.09955596923828,train,,Other
GSM2437068,30.0,28.834915161132812,valid,,Other
GSM2437069,23.0,25.293615341186523,test,,Other
GSM2437070,30.0,31.999895095825195,train,,Other
GSM2437071,46.0,38.926048278808594,test,,Other
GSM2437072,21.0,25.878990173339844,train,,Other
GSM2437074,22.0,32.84455108642578,test,,Other
GSM2437076,40.0,37.83808898925781,train,,Other
GSM2437077,23.0,28.528789520263672,test,,Other
GSM2437079,21.0,27.19450569152832,train,,Other
GSM2437081,25.0,33.31962585449219,train,,Other
GSM2437082,22.0,33.94347381591797,valid,,Other
GSM2437083,23.0,33.79645538330078,train,,Other
GSM2437087,35.0,31.34638786315918,train,,Other
GSM2437090,22.0,23.296281814575195,train,,Other
GSM2437091,26.0,42.69912338256836,valid,,Other
GSM2437092,38.0,31.303707122802734,train,,Other
GSM2437097,44.0,46.40733337402344,train,,Other
GSM2437099,28.0,33.92964172363281,train,,Other
GSM2437102,24.0,34.78839111328125,train,,Other
GSM2437103,27.0,35.555564880371094,valid,,Other
GSM2437105,38.0,29.811561584472656,train,,Other
GSM2437107,47.0,45.44538116455078,train,,Other
GSM2648866,21.0,33.5869026184082,train,,Whole Blood
GSM2648867,27.0,33.80568313598633,train,,Whole Blood
GSM2648868,54.0,40.43878173828125,test,,Whole Blood
GSM2648869,22.0,29.80276107788086,train,,Whole Blood
GSM2648870,25.0,34.25681686401367,train,,Whole Blood
GSM2648871,30.0,48.36150360107422,train,,Whole Blood
GSM2648872,49.0,47.48517608642578,train,,Whole Blood
GSM2648873,38.0,44.38701629638672,train,,Whole Blood
GSM2648874,32.0,31.891796112060547,train,,Whole Blood
GSM2648876,22.0,33.04275894165039,valid,,Whole Blood
GSM2648878,37.0,39.49672317504883,train,,Whole Blood
GSM2648879,21.0,25.522945404052734,train,,Whole Blood
GSM2648880,24.0,32.365509033203125,train,,Whole Blood
GSM2648881,21.0,28.43254280090332,test,,Whole Blood
GSM2892522,40.0,43.28910827636719,train,,Breast
GSM2892523,24.0,44.287445068359375,train,,Breast
GSM2892525,52.0,39.85552978515625,train,,Breast
GSM2892526,21.0,38.77392578125,train,,Breast
GSM2892527,22.0,26.509021759033203,train,,Breast
GSM2892528,29.0,26.98446273803711,train,,Breast
GSM2892529,36.0,32.0911750793457,train,,Breast
GSM2892530,36.0,31.390869140625,train,,Breast
GSM2892531,23.0,27.18260955810547,train,,Breast
GSM2892533,23.0,16.84998321533203,test,,Breast
GSM2892534,24.0,32.7493896484375,train,,Breast
GSM2892535,43.0,48.382362365722656,test,,Breast
GSM2892536,23.0,26.317623138427734,train,,Breast
GSM2892537,45.0,55.0106086730957,train,,Breast
GSM2892538,46.0,47.66789627075195,train,,Breast
GSM2892539,55.0,44.859832763671875,valid,,Breast
GSM2892540,43.0,41.47219467163086,train,,Breast
GSM2892542,24.0,29.731273651123047,train,,Breast
GSM2892543,23.0,22.58576011657715,test,,Breast
GSM2892544,55.0,53.224273681640625,train,,Breast
GSM2892546,29.0,37.63429260253906,train,,Breast
GSM2892547,22.0,27.464168548583984,test,,Breast
GSM2892548,53.0,52.18876647949219,train,,Breast
GSM2892550,35.0,35.353515625,train,,Breast
GSM2892551,21.0,25.64643096923828,test,,Breast
GSM2892552,55.0,47.55166244506836,train,,Breast
GSM2892559,24.0,28.619665145874023,valid,,Breast
GSM2892563,23.0,27.7412109375,train,,Breast
GSM2892564,47.0,42.74102783203125,train,,Breast
GSM2892568,26.0,28.119144439697266,train,,Breast
GSM2892569,47.0,49.53776168823242,test,,Breast
GSM2892572,22.0,28.94852066040039,train,,Breast
GSM2892573,25.0,25.414731979370117,train,,Breast
GSM2892576,54.0,57.98931121826172,train,,Breast
GSM2892577,24.0,26.031810760498047,train,,Breast
GSM2892579,24.0,28.638187408447266,train,,Breast
GSM2892581,29.0,45.85262680053711,test,,Breast
GSM2892583,25.0,29.885719299316406,train,,Breast
GSM2892586,27.0,41.84903335571289,test,,Breast
GSM2892587,53.0,41.501556396484375,train,,Breast
GSM2892592,21.0,27.368635177612305,train,,Breast
GSM2892593,44.0,29.97146224975586,valid,,Breast
GSM2892594,26.0,31.180274963378903,train,,Breast
GSM2892596,22.0,30.97326278686523,valid,,Breast
GSM2892597,46.0,42.611351013183594,train,,Breast
GSM2892598,29.0,29.612293243408203,train,,Breast
GSM2892599,42.0,49.203460693359375,train,,Breast
GSM2892600,38.0,32.20122528076172,train,,Breast
GSM2892603,41.0,35.96977615356445,train,,Breast
GSM2892604,39.0,40.59169006347656,train,,Breast
GSM2892605,46.0,39.362754821777344,train,,Breast
GSM3190095,0.0,0.1449508666992187,test,,Skin
GSM3190097,0.75,0.8853073120117188,train,,Skin
GSM3190106,0.0,-0.4528694152832031,train,,Skin
GSM3190108,0.0,-0.8656959533691406,train,,Skin
GSM3190110,0.75,1.289276123046875,test,,Skin
GSM3190112,0.0,-0.2258758544921875,valid,,Skin
GSM3190114,0.0,-0.1864242553710937,train,,Skin
GSM3190118,0.75,2.39053726196289,train,,Skin
GSM3190120,0.0,-0.6947097778320312,valid,,Skin
GSM3190126,0.0,-0.7269630432128906,train,,Skin
GSM3190128,0.0,-0.7751884460449219,train,,Skin
GSM3190138,0.0,21.118173599243164,train,,Skin
GSM3190140,0.0,-0.291656494140625,train,,Skin
GSM3190142,0.0,-0.3741073608398437,train,,Skin
GSM401538,0.0,16.504579544067383,train,,Brain
GSM401539,0.0,0.0076408386230468,valid,,Brain
GSM401542,0.75,1.0789299011230469,train,,Brain
GSM401543,0.0,-0.3182907104492187,valid,,Brain
GSM401544,0.0,1.3416519165039062,train,,Brain
GSM401545,0.75,-0.972625732421875,test,,Brain
GSM401546,0.0,47.487213134765625,train,,Brain
GSM401549,0.0,0.0008735656738281,train,,Brain
GSM401553,0.0,0.0670738220214843,train,,Brain
GSM401555,0.0,-0.9728279113769532,test,,Brain
GSM401559,0.0,-0.2895088195800781,train,,Brain
GSM401560,0.0,-0.6987228393554688,test,,Brain
GSM401561,0.0,-0.7408905029296875,train,,Brain
GSM401563,0.75,3.4601516723632812,train,,Brain
GSM401564,0.0,-0.5153388977050781,train,,Brain
GSM401566,0.0,-0.2108306884765625,train,,Brain
GSM401567,0.75,-0.2773628234863281,train,,Brain
GSM401568,0.0,-0.166595458984375,valid,,Brain
GSM401569,0.0,-0.4512481689453125,train,,Brain
GSM401572,0.0,0.1079063415527343,train,,Brain
GSM401576,0.0,0.1606979370117187,train,,Brain
GSM401579,0.0,-0.2195816040039062,train,,Brain
GSM401580,0.0,-0.252227783203125,valid,,Brain
GSM401582,0.0,-0.3526077270507812,train,,Brain
GSM401584,0.0,-0.5208168029785156,train,,Brain
GSM401586,0.0,-0.7027015686035156,train,,Brain
GSM401587,0.75,1.7520065307617188,test,,Brain
GSM401588,0.0,-0.536590576171875,train,,Brain
GSM401590,0.0,-0.0312118530273437,train,,Brain
GSM401591,0.75,1.5442886352539062,train,,Brain
GSM401594,0.0,-0.7187767028808594,valid,,Brain
GSM401595,0.75,6.15631103515625,test,,Brain
GSM401597,0.0,-0.1661186218261718,test,,Brain
GSM401598,0.75,0.2916259765625,test,,Brain
GSM401600,0.0,-1.0153884887695312,train,,Brain
GSM401601,0.0,-0.6688117980957031,train,,Brain
GSM401604,25.0,31.175838470458984,train,,Brain
GSM401606,25.0,30.97174072265625,train,,Brain
GSM401609,25.0,39.31985092163086,train,,Brain
GSM401610,25.0,44.383033752441406,train,,Brain
GSM401611,25.0,22.852550506591797,train,,Brain
GSM401612,25.0,47.50812149047851,train,,Brain
GSM401613,25.0,31.812101364135746,train,,Brain
GSM401614,25.0,35.72494888305664,train,,Brain
GSM401615,25.0,24.56352996826172,train,,Brain
GSM401618,25.0,20.459491729736328,train,,Brain
GSM401620,25.0,49.769649505615234,valid,,Brain
GSM401623,25.0,30.750001907348633,test,,Brain
GSM401624,25.0,27.37065315246582,train,,Brain
GSM401625,25.0,38.31500244140625,test,,Brain
GSM401626,25.0,25.592588424682617,valid,,Brain
GSM401629,25.0,31.240962982177734,test,,Brain
GSM401635,25.0,29.367700576782227,test,,Brain
GSM401636,25.0,27.933656692504883,train,,Brain
GSM401638,25.0,28.532188415527344,train,,Brain
GSM401643,25.0,24.608470916748047,train,,Brain
GSM401644,25.0,29.19511032104492,train,,Brain
GSM401645,25.0,22.90870475769043,train,,Brain
GSM401646,25.0,23.787046432495117,train,,Brain
GSM401647,25.0,32.06526184082031,train,,Brain
GSM401648,25.0,23.30545234680176,train,,Brain
GSM401649,25.0,65.40788269042969,test,,Brain
GSM401650,0.013616438023746,-0.1118240356445312,test,,Brain
GSM401653,0.0164931509643793,-0.3859214782714844,train,,Brain
GSM401654,0.0274246577173471,0.4204368591308594,valid,,Brain
GSM401656,0.0055616437457501,0.00689697265625,valid,,Brain
GSM401657,0.0218630135059356,0.8496246337890625,train,,Brain
GSM401658,0.0026849315036088,0.1795463562011718,train,,Brain
GSM401660,0.013616438023746,0.6914596557617188,valid,,Brain
GSM401664,0.0327945202589035,0.0377273559570312,test,,Brain
GSM401668,0.0,-0.6276817321777344,train,,Brain
GSM401671,28.0,32.39771270751953,train,,Brain
GSM401672,39.0,36.63458633422851,train,,Brain
GSM401673,34.0,32.0116081237793,train,,Brain
GSM401675,45.0,34.32224655151367,train,,Brain
GSM401676,26.0,32.716190338134766,test,,Brain
GSM401677,42.0,38.94441986083984,valid,,Brain
GSM401678,33.0,35.776607513427734,train,,Brain
GSM401679,27.0,29.04472541809082,train,,Brain
GSM401680,37.0,34.29913330078125,train,,Brain
GSM401684,39.0,35.59058380126953,test,,Brain
GSM401685,32.0,31.993961334228516,valid,,Brain
GSM401687,32.0,35.011451721191406,train,,Brain
GSM401689,38.0,34.670291900634766,test,,Brain
GSM401690,43.0,38.61264419555664,train,,Brain
GSM401691,34.0,35.761878967285156,valid,,Brain
GSM401693,33.0,32.266754150390625,train,,Brain
GSM401695,35.0,35.004051208496094,train,,Brain
GSM401697,25.0,31.28216552734375,valid,,Brain
GSM401698,27.0,32.877357482910156,train,,Brain
GSM401700,32.0,34.52752685546875,test,,Brain
GSM401701,31.0,35.523433685302734,train,,Brain
GSM401702,36.0,36.690452575683594,train,,Brain
GSM401703,35.0,34.31945037841797,test,,Brain
GSM401705,38.0,30.827938079833984,train,,Brain
GSM401707,41.0,41.60203170776367,valid,,Brain
GSM401710,33.0,33.36697006225586,train,,Brain
GSM401711,35.0,34.134178161621094,train,,Brain
GSM401712,29.0,28.565425872802734,train,,Brain
GSM401713,40.0,40.280033111572266,valid,,Brain
GSM401714,37.0,35.91037368774414,train,,Brain
GSM401715,40.0,30.691734313964844,test,,Brain
GSM401717,25.0,34.38132858276367,test,,Brain
GSM401718,28.0,34.62120819091797,test,,Brain
GSM401719,34.0,36.04090118408203,valid,,Brain
GSM401721,31.0,31.999217987060547,valid,,Brain
GSM401722,35.0,34.01578903198242,train,,Brain
GSM401723,33.0,32.952171325683594,train,,Brain
GSM401724,32.0,31.71863174438477,train,,Brain
GSM401725,38.0,35.87109375,train,,Brain
GSM401727,38.0,36.466190338134766,train,,Brain
GSM401729,30.0,35.512508392333984,train,,Brain
GSM401731,33.0,37.26610565185547,train,,Brain
GSM401732,38.0,32.870243072509766,train,,Brain
GSM401735,26.0,27.432716369628903,train,,Brain
GSM401737,31.0,36.20900344848633,valid,,Brain
GSM401738,26.0,30.03975296020508,train,,Brain
GSM401739,37.0,36.8927001953125,train,,Brain
GSM401741,31.0,30.208003997802734,valid,,Brain
GSM401744,30.0,33.57114791870117,train,,Brain
GSM401745,31.0,33.927371978759766,test,,Brain
GSM401746,30.0,30.111846923828125,train,,Brain
GSM401751,30.0,34.00637435913086,train,,Brain
GSM401753,35.0,33.60271453857422,test,,Brain
GSM401754,27.0,31.3983154296875,train,,Brain
GSM401755,25.0,32.18251037597656,valid,,Brain
GSM401756,45.0,51.030029296875,test,,Brain
GSM401759,40.0,40.543338775634766,train,,Brain
GSM401760,51.0,51.0443115234375,train,,Brain
GSM401761,59.0,63.62042236328125,train,,Brain
GSM401762,60.0,60.076873779296875,test,,Brain
GSM401764,59.0,60.76624298095703,test,,Brain
GSM401765,50.0,47.00079345703125,test,,Brain
GSM401766,56.0,56.840328216552734,train,,Brain
GSM401767,63.0,67.69647216796875,train,,Brain
GSM401768,62.0,61.584224700927734,train,,Brain
GSM401769,39.0,50.818321228027344,train,,Brain
GSM401770,35.0,39.008087158203125,train,,Brain
GSM401772,69.0,61.489784240722656,train,,Brain
GSM401773,62.0,59.291961669921875,train,,Brain
GSM401774,47.0,53.76576614379883,test,,Brain
GSM401779,79.0,50.97660446166992,test,,Brain
GSM401781,48.0,51.34282302856445,train,,Brain
GSM401782,56.0,68.75260162353516,valid,,Brain
GSM401783,62.0,56.239280700683594,train,,Brain
GSM401784,74.0,64.17554473876953,train,,Brain
GSM401786,42.0,52.28129577636719,valid,,Brain
GSM401787,70.0,64.34809112548828,train,,Brain
GSM401788,40.0,49.65862274169922,train,,Brain
GSM401789,47.0,54.675498962402344,train,,Brain
GSM401790,37.0,41.494510650634766,test,,Brain
GSM401791,67.0,50.22092819213867,valid,,Brain
GSM401807,49.0,61.260833740234375,train,,
GSM401808,78.0,64.71050262451172,valid,,
GSM401809,58.0,53.985816955566406,train,,
GSM401812,20.0,41.721641540527344,train,,
GSM401813,51.0,55.463233947753906,train,,
GSM401814,43.0,52.52239990234375,test,,
GSM401815,22.0,39.290550231933594,train,,
GSM401816,39.0,44.19483184814453,train,,
GSM401818,75.0,70.58067321777344,train,,
GSM401819,66.0,49.26726913452149,train,,
GSM401821,73.0,75.62033081054688,train,,
GSM401826,71.0,63.332008361816406,train,,
GSM401828,76.0,46.0496711730957,train,,
GSM401829,53.0,53.44312286376953,test,,
GSM401830,11.0,17.183740615844727,train,,
GSM401831,30.0,40.15116500854492,train,,
GSM401832,39.0,48.89081573486328,test,,
GSM401836,39.0,47.62027359008789,test,,
GSM401838,4.0,5.373878479003906,train,,
GSM401842,28.0,32.12220001220703,valid,,
GSM401843,60.0,40.90436553955078,train,,
GSM401847,22.0,21.3360595703125,test,,
GSM401849,60.0,74.64228820800781,train,,
GSM401851,28.0,32.57463836669922,train,,
GSM401852,50.0,50.224727630615234,train,,
GSM401855,60.0,65.74217224121094,train,,
GSM401856,50.0,68.15194702148438,train,,
GSM401858,45.0,40.68583679199219,train,,
GSM401860,50.0,50.506568908691406,test,,
GSM401863,35.0,45.24570083618164,valid,,
GSM401866,30.0,44.27516174316406,train,,
GSM401867,45.0,38.543251037597656,train,,
GSM401869,50.0,57.88664245605469,train,,
GSM401870,35.0,52.1154899597168,train,,
GSM401871,30.0,47.96500396728515,train,,
GSM401872,50.0,44.28331756591797,train,,
GSM401874,45.0,62.902732849121094,train,,
GSM401876,70.0,66.88056182861328,test,,
GSM401877,30.0,45.491641998291016,train,,
GSM401878,45.0,50.5635986328125,train,,
GSM401880,40.0,49.91362762451172,test,,
GSM401881,55.0,74.50786590576172,train,,
GSM401882,45.0,77.48497772216797,train,,
GSM401883,40.0,44.68660354614258,train,,
GSM401885,35.0,45.54258728027344,test,,
GSM401886,45.0,42.465572357177734,train,,
GSM401887,35.0,53.64588165283203,train,,
GSM401888,55.0,47.49245071411133,train,,
GSM401889,45.0,47.30267333984375,valid,,
GSM401892,35.0,52.78893280029297,train,,
GSM401893,60.0,44.62622833251953,train,,
GSM401898,40.0,58.14955139160156,train,,
GSM401900,45.0,44.320945739746094,train,,
GSM401902,30.0,39.863861083984375,train,,
GSM401903,64.0,70.26699829101562,train,,
GSM401904,76.0,72.82627868652344,valid,,
GSM401906,58.0,71.76012420654297,train,,
GSM401907,54.0,68.9468994140625,train,,
GSM401909,71.0,75.79265594482422,train,,
GSM401910,53.0,64.73616790771484,train,,
GSM401911,68.0,75.80281066894531,train,,
GSM401914,58.0,39.00579833984375,train,,
GSM401915,68.0,64.75794982910156,train,,
GSM401917,66.0,73.86544799804688,train,,
GSM401919,59.0,75.0259780883789,train,,
GSM401920,42.0,33.90153884887695,test,,
GSM401921,39.0,37.304168701171875,train,,
GSM401927,28.0,23.593461990356445,train,,
GSM401929,52.0,33.46024703979492,train,,
GSM401930,33.0,27.387924194335938,valid,,
GSM401931,70.0,66.46955108642578,valid,,
GSM401932,28.0,32.631385803222656,train,,
GSM401934,76.0,74.03402709960938,valid,,
GSM401935,67.0,61.77791213989258,valid,,
GSM401937,54.0,51.25957489013672,train,,
GSM401939,37.0,35.3802490234375,train,,
GSM401940,20.0,28.562522888183594,train,,
GSM401941,72.0,65.06710815429688,train,,
GSM401942,48.0,36.560523986816406,train,,
GSM401943,18.0,24.56688690185547,valid,,
GSM401945,18.0,23.58966636657715,train,,
GSM401946,63.0,55.41838836669922,test,,
GSM401947,26.0,33.33681106567383,train,,
GSM401948,77.0,68.55155944824219,train,,
GSM401949,18.0,21.739524841308594,train,,
GSM401950,44.0,40.76921844482422,train,,
GSM401951,55.0,51.182579040527344,train,,
GSM401952,37.0,42.4528694152832,train,,
GSM401953,51.0,42.872032165527344,train,,
GSM401955,19.0,25.13853454589844,test,,
GSM401957,38.0,46.50090026855469,train,,
GSM401958,36.0,40.77696990966797,test,,
GSM401959,88.0,65.86815643310547,train,,
GSM401960,28.0,28.211286544799805,train,,
GSM401961,63.0,59.80561828613281,test,,
GSM401962,43.0,54.84415817260742,train,,
GSM401963,50.0,29.3316650390625,train,,
GSM401964,62.0,65.07369995117188,train,,
GSM401968,18.0,26.83494758605957,train,,
GSM401969,23.0,26.229225158691406,test,,
GSM401970,58.0,57.42110061645508,train,,
GSM401971,23.0,24.58987808227539,train,,
GSM401972,56.0,56.61793899536133,test,,
GSM401973,52.0,37.2717170715332,test,,
GSM401975,60.0,58.67146682739258,train,,
GSM401976,34.0,44.239749908447266,test,,
GSM401979,25.0,21.973052978515625,train,,
GSM401980,40.0,34.415924072265625,test,,
GSM401981,34.0,30.40768814086914,train,,
GSM401984,32.0,33.70267868041992,train,,
GSM401989,20.0,24.163257598876953,train,,
GSM401996,67.0,53.978721618652344,train,,
GSM401997,39.0,43.61383438110352,train,,
GSM401998,27.0,25.83378219604492,valid,,
GSM401999,25.0,25.79827308654785,train,,
GSM402000,21.0,21.73585319519043,train,,
GSM402001,59.0,66.28023529052734,train,,
GSM402002,30.0,23.043701171875,train,,
GSM402004,19.0,19.139114379882812,train,,
GSM402006,23.0,21.584197998046875,valid,,
GSM402008,19.0,17.976581573486328,train,,
GSM402009,32.0,36.41673278808594,train,,
GSM402010,43.0,44.31184387207031,train,,
GSM402012,43.0,46.87652587890625,train,,
GSM402015,62.0,55.11445236206055,train,,
GSM402016,30.0,37.876731872558594,train,,
GSM402017,69.0,65.5500259399414,train,,
GSM402018,59.0,55.1803092956543,train,,
GSM402019,73.0,64.86952209472656,test,,
GSM402020,22.0,29.952354431152344,train,,
GSM402021,40.0,39.55073547363281,train,,
GSM402023,27.0,27.188343048095703,train,,
GSM402024,63.0,53.28226852416992,test,,
GSM402025,23.0,28.55546188354492,train,,
GSM402026,22.0,26.97748756408691,valid,,
GSM402027,35.0,29.034412384033203,train,,
GSM402028,28.0,30.46021270751953,train,,
GSM402030,66.0,59.68122100830078,valid,,
GSM402034,20.0,23.57377815246582,train,,
GSM402038,30.0,26.98470687866211,test,,
GSM402040,23.0,25.152599334716797,train,,
GSM402041,18.0,18.746185302734375,test,,
GSM402042,20.0,24.134292602539062,test,,
GSM402043,19.0,26.45505142211914,train,,
GSM402045,37.0,45.813995361328125,train,,
GSM402046,42.0,54.55413055419922,train,,
GSM402049,41.0,28.83905029296875,train,,
GSM402051,21.0,25.558151245117188,test,,
GSM402052,66.0,56.760040283203125,train,,
GSM402053,23.0,29.596424102783203,train,,
GSM402055,50.0,47.4235725402832,train,,
GSM435111,29.0,29.61878967285156,train,,Other
GSM435112,30.0,38.90766525268555,train,,Other
GSM435113,59.0,54.07193756103515,train,,Other
GSM435116,23.0,23.67554473876953,test,,Other
GSM435117,28.0,29.958560943603516,train,,Other
GSM435118,52.0,58.15805435180664,train,,Other
GSM435119,21.0,20.51157569885254,train,,Other
GSM435120,64.0,61.59581756591797,valid,,Other
GSM435127,56.0,61.37010192871094,train,,Other
GSM435128,63.0,60.62360000610352,train,,Other
GSM435129,50.0,54.416893005371094,valid,,Other
GSM435130,63.0,52.09903717041016,train,,Other
GSM435131,21.0,28.067459106445312,train,,Other
GSM435132,31.0,29.416643142700195,train,,Other
GSM435133,33.0,40.77056121826172,train,,Other
GSM435134,68.0,67.2041015625,train,,Other
GSM4452059,63.0,40.5352668762207,train,,Lung
GSM4452060,62.0,56.66503143310547,train,,Lung
GSM4452061,45.0,42.51063537597656,train,,Lung
GSM4452062,44.0,43.89560317993164,train,,Lung
GSM4452063,23.0,30.784526824951172,train,,Lung
GSM4452064,43.0,42.89643478393555,train,,Lung
GSM4452065,64.0,61.85258483886719,train,,Lung
GSM491939,16.0,14.96653938293457,test,,Whole Blood
GSM491940,81.0,67.04093170166016,valid,,Whole Blood
GSM491943,25.0,42.09456253051758,train,,Whole Blood
GSM491944,26.0,29.757564544677734,test,,Whole Blood
GSM491947,33.0,34.08946228027344,train,,Whole Blood
GSM491949,21.0,31.125770568847656,train,,Whole Blood
GSM491954,29.0,25.457448959350582,train,,Whole Blood
GSM491963,65.0,57.14009094238281,test,,Whole Blood
GSM491966,27.0,22.58309555053711,valid,,Whole Blood
GSM491967,24.0,46.812744140625,train,,Whole Blood
GSM491970,19.0,22.759090423583984,train,,Whole Blood
GSM491971,27.0,25.2342472076416,train,,Whole Blood
GSM491976,45.0,43.3138427734375,train,,Whole Blood
GSM491977,45.0,45.690372467041016,train,,Whole Blood
GSM491980,23.0,32.54174041748047,test,,Whole Blood
GSM491984,22.0,23.960777282714844,train,,Whole Blood
GSM491988,39.0,42.07138442993164,train,,Whole Blood
GSM491989,54.0,53.61142349243164,train,,Whole Blood
GSM491993,17.0,23.576583862304688,train,,Whole Blood
GSM491996,80.0,70.72210693359375,train,,Whole Blood
GSM491997,41.0,43.68633270263672,test,,Whole Blood
GSM492000,49.0,39.632347106933594,train,,Whole Blood
GSM492001,36.0,41.065391540527344,train,,Whole Blood
GSM492003,29.0,30.826570510864254,train,,Whole Blood
GSM492006,23.0,22.52474021911621,train,,Whole Blood
GSM492010,37.0,39.609031677246094,train,,Whole Blood
GSM492014,55.0,53.45875930786133,train,,Whole Blood
GSM492017,22.0,26.255428314208984,test,,Whole Blood
GSM492018,76.0,65.07036590576172,valid,,Whole Blood
GSM492019,46.0,48.44610595703125,train,,Whole Blood
GSM492020,54.0,55.18726348876953,test,,Whole Blood
GSM492022,23.0,28.767963409423828,test,,Whole Blood
GSM492023,26.0,27.04359436035156,test,,Whole Blood
GSM492026,19.0,15.61237907409668,valid,,Whole Blood
GSM492027,65.0,56.975791931152344,valid,,Whole Blood
GSM492030,60.0,59.587677001953125,valid,,Whole Blood
GSM492033,34.0,33.03142166137695,train,,Whole Blood
GSM492034,73.0,65.6084976196289,train,,Whole Blood
GSM492039,18.0,22.565773010253903,train,,Whole Blood
GSM492040,32.0,38.607913970947266,valid,,Whole Blood
GSM492045,50.0,38.39282989501953,train,,Whole Blood
GSM492046,38.0,39.77603912353515,train,,Whole Blood
GSM492050,25.0,30.751853942871097,train,,Whole Blood
GSM492054,25.0,24.884904861450195,test,,Whole Blood
GSM492055,25.0,30.314231872558594,train,,Whole Blood
GSM492058,69.0,62.41429138183594,train,,Whole Blood
GSM492059,53.0,61.45977020263672,test,,Whole Blood
GSM492062,33.0,25.565414428710938,train,,Whole Blood
GSM492065,47.0,40.540740966796875,test,,Whole Blood
GSM492067,43.0,38.88276672363281,test,,Whole Blood
GSM492071,79.0,63.277587890625,valid,,Whole Blood
GSM492072,30.0,34.81962203979492,train,,Whole Blood
GSM492075,65.0,56.62984848022461,test,,Whole Blood
GSM492078,19.0,26.00470733642578,valid,,Whole Blood
GSM492081,42.0,53.63254165649414,test,,Whole Blood
GSM492083,38.0,44.49671936035156,train,,Whole Blood
GSM492084,55.0,60.71778106689453,train,,Whole Blood
GSM492085,24.0,25.225765228271484,train,,Whole Blood
GSM492087,46.0,62.763641357421875,train,,Whole Blood
GSM492088,20.0,20.67745590209961,test,,Whole Blood
GSM492089,61.0,59.393516540527344,test,,Whole Blood
GSM492092,37.0,42.544898986816406,train,,Whole Blood
GSM492095,19.0,19.194286346435547,train,,Whole Blood
GSM492096,59.0,61.44081497192383,train,,Whole Blood
GSM492099,62.0,52.7709846496582,train,,Whole Blood
GSM492104,59.0,56.65483474731445,train,,Whole Blood
GSM492105,55.0,60.787010192871094,train,,Whole Blood
GSM492108,32.0,26.858264923095703,test,,Whole Blood
GSM492111,23.0,28.173660278320312,train,,Whole Blood
GSM492112,28.0,32.71751022338867,train,,Whole Blood
GSM492116,21.0,23.373868942260746,train,,Whole Blood
GSM492119,33.0,26.528186798095703,train,,Whole Blood
GSM492122,61.0,56.63645935058594,train,,Whole Blood
GSM492123,46.0,45.87080764770508,valid,,Whole Blood
GSM492125,43.0,39.89523696899414,train,,Whole Blood
GSM492126,64.0,51.20197677612305,train,,Whole Blood
GSM492127,31.0,29.97548484802246,valid,,Whole Blood
GSM492130,81.0,65.54540252685547,train,,Whole Blood
GSM492131,72.0,63.18678283691406,test,,Whole Blood
GSM492134,47.0,42.11650466918945,test,,Whole Blood
GSM492138,20.0,26.956987380981445,train,,Whole Blood
GSM492139,25.0,20.449342727661133,valid,,Whole Blood
GSM492142,29.0,35.74089431762695,test,,Whole Blood
GSM492145,31.0,33.6734619140625,train,,Whole Blood
GSM492146,56.0,56.6338005065918,test,,Whole Blood
GSM492153,34.0,44.61525344848633,train,,Whole Blood
GSM492156,54.0,47.7623291015625,valid,,Whole Blood
GSM492159,39.0,24.41629409790039,valid,,Whole Blood
GSM492161,20.0,25.31148910522461,train,,Whole Blood
GSM492164,32.0,38.13315200805664,train,,Whole Blood
GSM492165,64.0,64.3244400024414,train,,Whole Blood
GSM492171,34.0,38.62157440185547,train,,Whole Blood
GSM492172,34.0,38.117645263671875,train,,Whole Blood
GSM492173,21.0,29.798038482666016,train,,Whole Blood
GSM492176,59.0,54.81757736206055,test,,Whole Blood
GSM492177,23.0,16.556541442871094,train,,Whole Blood
GSM492179,68.0,58.75041580200195,test,,Whole Blood
GSM492180,25.0,23.895652770996097,test,,Whole Blood
GSM492185,56.0,61.43961334228515,test,,Whole Blood
GSM492191,61.0,57.70291519165039,train,,Whole Blood
GSM492192,22.0,23.48682403564453,train,,Whole Blood
GSM492196,29.0,27.85418128967285,valid,,Whole Blood
GSM492200,19.0,22.291168212890625,train,,Whole Blood
GSM492203,66.0,63.44831085205078,train,,Whole Blood
GSM492206,23.0,37.05009841918945,train,,Whole Blood
GSM492210,62.0,56.62054443359375,test,,Whole Blood
GSM492213,25.0,27.969043731689453,train,,Whole Blood
GSM492216,18.0,25.91187286376953,test,,Whole Blood
GSM492217,34.0,36.00086212158203,test,,Whole Blood
GSM492219,47.0,42.578495025634766,train,,Whole Blood
GSM492223,57.0,58.3473014831543,valid,,Whole Blood
GSM492224,50.0,48.507301330566406,test,,Whole Blood
GSM492231,51.0,44.49734878540039,train,,Whole Blood
GSM492234,35.0,32.625511169433594,train,,Whole Blood
GSM492236,24.0,28.242778778076172,train,,Whole Blood
GSM492237,50.0,42.897125244140625,train,,Whole Blood
GSM492242,24.0,22.40482711791992,test,,Whole Blood
GSM492243,19.0,27.97719383239746,train,,Whole Blood
GSM492244,40.0,46.80278396606445,train,,Whole Blood
GSM492251,64.0,58.11365509033203,train,,Whole Blood
GSM492252,28.0,33.771217346191406,train,,Whole Blood
GSM492258,61.0,57.72110748291016,test,,Whole Blood
GSM492259,34.0,29.422595977783203,train,,Whole Blood
GSM492263,19.0,17.54387664794922,train,,Whole Blood
GSM492266,20.0,26.13494300842285,train,,Whole Blood
GSM492269,21.0,19.95934677124023,valid,,Whole Blood
GSM492270,57.0,61.058494567871094,train,,Whole Blood
GSM492275,69.0,73.40065002441406,train,,Whole Blood
GSM492277,45.0,54.03382110595703,train,,Whole Blood
GSM492278,53.0,55.692474365234375,train,,Whole Blood
GSM492281,56.0,63.52556991577149,train,,Whole Blood
GSM492288,62.0,59.59934997558594,train,,Whole Blood
GSM492290,70.0,73.390625,test,,Whole Blood
GSM492291,28.0,49.84000778198242,train,,Whole Blood
GSM492294,61.0,56.752593994140625,test,,Whole Blood
GSM492295,69.0,62.49220657348633,train,,Whole Blood
GSM492297,40.0,47.29551315307617,train,,Whole Blood
GSM492298,55.0,49.758888244628906,train,,Whole Blood
GSM492303,48.0,47.72199249267578,train,,Whole Blood
GSM492304,38.0,44.36787033081055,test,,Whole Blood
GSM492307,52.0,38.692893981933594,valid,,Whole Blood
GSM492308,51.0,52.56342697143555,train,,Whole Blood
GSM492311,48.0,52.550636291503906,train,,Whole Blood
GSM492313,39.0,52.25132369995117,test,,Whole Blood
GSM492314,31.0,45.865379333496094,valid,,Whole Blood
GSM492317,55.0,56.1242790222168,train,,Whole Blood
GSM492318,62.0,62.74953079223633,train,,Whole Blood
GSM492324,66.0,58.520023345947266,valid,,Whole Blood
GSM492328,29.0,50.34071350097656,train,,Whole Blood
GSM492331,58.0,60.06718063354492,test,,Whole Blood
GSM492335,69.0,62.29982376098633,train,,Whole Blood
GSM492336,41.0,56.07484436035156,train,,Whole Blood
GSM492337,51.0,54.791839599609375,train,,Whole Blood
GSM492338,51.0,56.160545349121094,test,,Whole Blood
GSM492344,47.0,47.69610977172851,train,,Whole Blood
GSM492345,60.0,54.30443572998047,test,,Whole Blood
GSM492348,66.0,55.55632400512695,train,,Whole Blood
GSM492354,27.0,25.39704132080078,train,,Whole Blood
GSM492358,38.0,45.81416702270508,train,,Whole Blood
GSM492359,54.0,54.04549407958984,test,,Whole Blood
GSM492360,57.0,57.86064147949219,train,,Whole Blood
GSM492361,68.0,64.34921264648438,test,,Whole Blood
GSM492362,65.0,64.40397644042969,train,,Whole Blood
GSM492363,45.0,48.86505508422851,train,,Whole Blood
GSM492364,62.0,60.73225402832031,train,,Whole Blood
GSM492365,62.0,74.80020141601562,train,,Whole Blood
GSM492366,50.0,54.35874557495117,train,,Whole Blood
GSM492367,48.0,59.96903610229492,test,,Whole Blood
GSM492368,32.0,41.09140396118164,test,,Whole Blood
GSM492369,59.0,53.368560791015625,train,,Whole Blood
GSM492370,62.0,65.99565124511719,train,,Whole Blood
GSM492371,51.0,54.78069686889648,train,,Whole Blood
GSM492372,28.0,37.732120513916016,test,,Whole Blood
GSM492373,57.0,55.82350158691406,train,,Whole Blood
GSM492374,63.0,61.566200256347656,train,,Whole Blood
GSM492375,36.0,39.289833068847656,train,,Whole Blood
GSM492376,53.0,52.81018829345703,train,,Whole Blood
GSM492377,64.0,65.34209442138672,test,,Whole Blood
GSM492378,64.0,62.12604141235352,train,,Whole Blood
GSM492379,20.0,22.499427795410156,train,,Whole Blood
GSM492380,53.0,54.56731414794922,test,,Whole Blood
GSM492381,37.0,52.51578903198242,train,,Whole Blood
GSM492382,69.0,66.18507385253906,train,,Whole Blood
GSM492383,69.0,64.66413879394531,test,,Whole Blood
GSM492384,65.0,59.843894958496094,train,,Whole Blood
GSM492385,67.0,66.19081115722656,test,,Whole Blood
GSM492386,37.0,36.30675506591797,train,,Whole Blood
GSM492387,67.0,62.33079528808594,train,,Whole Blood
GSM492388,63.0,62.682579040527344,train,,Whole Blood
GSM492389,59.0,57.58009338378906,valid,,Whole Blood
GSM492390,51.0,54.49489212036133,train,,Whole Blood
GSM492391,62.0,59.06898498535156,train,,Whole Blood
GSM492392,41.0,50.48225402832031,train,,Whole Blood
GSM492393,45.0,53.963497161865234,test,,Whole Blood
GSM492394,62.0,61.07853698730469,train,,Whole Blood
GSM492395,55.0,56.19483947753906,train,,Whole Blood
GSM492396,45.0,47.99272537231445,train,,Whole Blood
GSM492397,62.0,57.46187210083008,test,,Whole Blood
GSM492398,63.0,72.02885437011719,train,,Whole Blood
GSM492399,47.0,55.08308029174805,valid,,Whole Blood
GSM492400,54.0,61.90593719482422,train,,Whole Blood
GSM492401,59.0,62.581748962402344,train,,Whole Blood
GSM492402,54.0,62.22322082519531,test,,Whole Blood
GSM492403,45.0,37.28337097167969,train,,Whole Blood
GSM492404,56.0,57.46116256713867,valid,,Whole Blood
GSM492405,58.0,60.961395263671875,test,,Whole Blood
GSM492406,57.0,64.19551849365234,train,,Whole Blood
GSM492407,63.0,57.48155975341797,test,,Whole Blood
GSM492408,38.0,46.51735305786133,test,,Whole Blood
GSM492409,55.0,54.89501190185547,valid,,Whole Blood
GSM492410,67.0,65.08451080322266,valid,,Whole Blood
GSM492411,66.0,66.1067123413086,test,,Whole Blood
GSM492412,56.0,53.50029754638672,train,,Whole Blood
GSM492413,51.0,52.294456481933594,test,,Whole Blood
GSM492414,66.0,64.07489776611328,train,,Whole Blood
GSM492415,64.0,59.672874450683594,test,,Whole Blood
GSM492416,56.0,57.89808654785156,train,,Whole Blood
GSM492417,49.0,59.612579345703125,train,,Whole Blood
GSM492418,42.0,49.113616943359375,train,,Whole Blood
GSM492419,67.0,61.06366729736328,test,,Whole Blood
GSM492420,56.0,57.144012451171875,train,,Whole Blood
GSM492421,33.0,49.53965759277344,train,,Whole Blood
GSM492422,29.0,38.50880813598633,train,,Whole Blood
GSM492423,27.0,30.296890258789062,test,,Whole Blood
GSM492424,45.0,48.41496658325195,train,,Whole Blood
GSM492425,55.0,63.886924743652344,train,,Whole Blood
GSM492426,51.0,59.3890380859375,train,,Whole Blood
GSM492427,52.0,62.12854766845703,train,,Whole Blood
GSM492428,58.0,61.47842788696289,train,,Whole Blood
GSM492429,67.0,52.24664306640625,train,,Whole Blood
GSM492430,56.0,68.25607299804688,valid,,Whole Blood
GSM492431,61.0,57.10784912109375,train,,Whole Blood
GSM492432,57.0,62.145843505859375,train,,Whole Blood
GSM492433,56.0,61.75811767578125,train,,Whole Blood
GSM492434,52.0,57.397071838378906,train,,Whole Blood
GSM492435,58.0,51.32611083984375,test,,Whole Blood
GSM492436,42.0,56.90681076049805,train,,Whole Blood
GSM492437,51.0,73.80035400390625,test,,Whole Blood
GSM492438,59.0,64.67390441894531,train,,Whole Blood
GSM492439,43.0,50.118202209472656,train,,Whole Blood
GSM492440,47.0,60.43071746826172,train,,Whole Blood
GSM492441,57.0,61.419395446777344,train,,Whole Blood
GSM492442,52.0,58.135520935058594,test,,Whole Blood
GSM492443,37.0,41.99991226196289,valid,,Whole Blood
GSM492444,60.0,66.90181732177734,train,,Whole Blood
GSM492445,42.0,54.762691497802734,train,,Whole Blood
GSM492446,61.0,55.84662628173828,train,,Whole Blood
GSM492447,54.0,57.8631477355957,test,,Whole Blood
GSM492448,55.0,60.324371337890625,train,,Whole Blood
GSM492449,48.0,61.743778228759766,train,,Whole Blood
GSM492450,63.0,59.411964416503906,train,,Whole Blood
GSM492451,56.0,52.563838958740234,train,,Whole Blood
GSM492452,63.0,57.259376525878906,train,,Whole Blood
GSM492453,45.0,52.15591812133789,train,,Whole Blood
GSM492454,69.0,64.15959167480469,train,,Whole Blood
GSM492455,31.0,42.69532775878906,train,,Whole Blood
GSM492456,41.0,32.89656066894531,train,,Whole Blood
GSM492458,45.0,50.73998260498047,test,,Whole Blood
GSM492460,68.0,65.35885620117188,valid,,Whole Blood
GSM492462,60.0,59.912235260009766,train,,Whole Blood
GSM492464,66.0,65.53781127929688,train,,Whole Blood
GSM492465,50.0,50.92743682861328,train,,Whole Blood
GSM492466,60.0,58.37981414794922,train,,Whole Blood
GSM492467,59.0,55.737831115722656,train,,Whole Blood
GSM492468,42.0,59.231971740722656,valid,,Whole Blood
GSM492469,55.0,67.95108795166016,train,,Whole Blood
GSM492470,33.0,49.70466232299805,train,,Whole Blood
GSM492471,61.0,63.01398468017578,test,,Whole Blood
GSM492472,59.0,56.127662658691406,train,,Whole Blood
GSM492473,39.0,47.927734375,train,,Whole Blood
GSM492474,69.0,64.19551086425781,train,,Whole Blood
GSM492475,64.0,64.19743347167969,train,,Whole Blood
GSM492476,53.0,63.120216369628906,train,,Whole Blood
GSM501487,57.0,61.337276458740234,train,,Whole Blood
GSM501488,54.0,55.535945892333984,train,,Whole Blood
GSM501489,51.0,62.17851638793945,train,,Whole Blood
GSM501490,69.0,63.39093399047851,valid,,Whole Blood
GSM501493,60.0,64.0583267211914,train,,Whole Blood
GSM501494,58.0,53.95283508300781,train,,Whole Blood
GSM501495,32.0,34.586212158203125,train,,Whole Blood
GSM501496,34.0,52.84079360961914,train,,Whole Blood
GSM501497,53.0,54.54801559448242,test,,Whole Blood
GSM501500,33.0,40.69392013549805,valid,,Whole Blood
GSM501502,55.0,55.95555877685547,valid,,Whole Blood
GSM501507,32.0,43.2669563293457,valid,,Whole Blood
GSM501508,32.0,39.878231048583984,valid,,Whole Blood
GSM501509,67.0,56.4056396484375,train,,Whole Blood
GSM501510,32.0,27.342248916625977,train,,Whole Blood
GSM501511,31.0,34.10512924194336,train,,Whole Blood
GSM501512,25.0,24.62419319152832,test,,Whole Blood
GSM501513,61.0,61.92310333251953,train,,Whole Blood
GSM501517,55.0,62.09986877441406,test,,Whole Blood
GSM501519,59.0,59.06935119628906,train,,Whole Blood
GSM501521,67.0,59.787818908691406,train,,Whole Blood
GSM501523,60.0,72.1230697631836,train,,Whole Blood
GSM501524,37.0,46.85826873779297,train,,Whole Blood
GSM501525,62.0,47.102054595947266,valid,,Whole Blood
GSM501528,43.0,56.53779602050781,test,,Whole Blood
GSM501530,62.0,61.482421875,valid,,Whole Blood
GSM501532,62.0,57.610958099365234,test,,Whole Blood
GSM501533,68.0,66.47335052490234,train,,Whole Blood
GSM501536,64.0,60.25147247314453,test,,Whole Blood
GSM501537,37.0,45.00877380371094,train,,Whole Blood
GSM501539,55.0,61.981292724609375,valid,,Whole Blood
GSM501542,68.0,65.83366394042969,train,,Whole Blood
GSM501544,55.0,58.56285858154297,train,,Whole Blood
GSM501547,44.0,50.241424560546875,test,,Whole Blood
GSM501548,46.0,49.16868591308594,train,,Whole Blood
GSM501549,54.0,60.099578857421875,train,,Whole Blood
GSM501550,54.0,60.317596435546875,train,,Whole Blood
GSM501551,53.0,56.62149429321289,train,,Whole Blood
GSM501552,60.0,60.37275314331055,train,,Whole Blood
GSM501555,34.0,41.69960403442383,test,,Whole Blood
GSM501557,50.0,54.008888244628906,train,,Whole Blood
GSM501558,57.0,59.34546661376953,train,,Whole Blood
GSM501559,37.0,45.29917907714844,test,,Whole Blood
GSM501561,56.0,61.65214538574219,valid,,Whole Blood
GSM501562,44.0,44.95186233520508,train,,Whole Blood
GSM501563,59.0,58.821083068847656,train,,Whole Blood
GSM501564,43.0,45.73155975341797,train,,Whole Blood
GSM501566,54.0,62.10646438598633,train,,Whole Blood
GSM501567,40.0,43.1935920715332,train,,Whole Blood
GSM501570,32.0,53.01204681396485,test,,Whole Blood
GSM501572,20.0,21.786291122436523,train,,Whole Blood
GSM501573,63.0,61.93254089355469,train,,Whole Blood
GSM501574,36.0,41.87143325805664,valid,,Whole Blood
GSM501575,61.0,53.32976531982422,train,,Whole Blood
GSM501578,62.0,63.99860382080078,train,,Whole Blood
GSM501579,58.0,55.99531555175781,train,,Whole Blood
GSM501580,53.0,63.61509704589844,train,,Whole Blood
GSM501583,57.0,50.18605041503906,train,,Whole Blood
GSM501587,62.0,61.499122619628906,train,,Whole Blood
GSM501588,50.0,53.19356918334961,train,,Whole Blood
GSM501589,74.0,64.5930404663086,valid,,Whole Blood
GSM501591,40.0,52.60203170776367,train,,Whole Blood
GSM501592,60.0,66.21121215820312,valid,,Whole Blood
GSM501596,39.0,59.41808319091797,train,,Whole Blood
GSM501598,23.0,18.319416046142575,train,,Whole Blood
GSM501601,47.0,44.5914306640625,train,,Whole Blood
GSM501602,56.0,48.770301818847656,train,,Whole Blood
GSM501608,70.0,65.20787048339844,valid,,Whole Blood
GSM501609,77.0,67.21296691894531,test,,Whole Blood
GSM501611,65.0,61.40933609008789,train,,Whole Blood
GSM501612,39.0,47.594146728515625,train,,Whole Blood
GSM501613,38.0,55.153072357177734,train,,Whole Blood
GSM501615,74.0,71.6488037109375,train,,Whole Blood
GSM501616,57.0,56.31321716308594,train,,Whole Blood
GSM501618,63.0,55.862178802490234,train,,Whole Blood
GSM501620,61.0,64.4714584350586,train,,Whole Blood
GSM501621,78.0,66.24308776855469,train,,Whole Blood
GSM501622,44.0,55.36372756958008,train,,Whole Blood
GSM501624,38.0,44.40219497680664,train,,Whole Blood
GSM501625,64.0,69.12164306640625,train,,Whole Blood
GSM501626,68.0,66.9874267578125,train,,Whole Blood
GSM501627,53.0,55.46926498413086,test,,Whole Blood
GSM501628,58.0,52.125240325927734,train,,Whole Blood
GSM501629,36.0,41.59479904174805,train,,Whole Blood
GSM501630,37.0,34.11140441894531,train,,Whole Blood
GSM501631,48.0,49.482173919677734,train,,Whole Blood
GSM501633,46.0,34.29795455932617,valid,,Whole Blood
GSM501634,47.0,57.91902160644531,test,,Whole Blood
GSM501635,57.0,43.910621643066406,train,,Whole Blood
GSM501636,41.0,52.46076965332031,test,,Whole Blood
GSM501638,71.0,67.38507843017578,train,,Whole Blood
GSM501639,50.0,57.888336181640625,train,,Whole Blood
GSM501641,85.0,81.41898345947266,test,,Whole Blood
GSM501642,71.0,73.08538818359375,train,,Whole Blood
GSM501643,66.0,61.33014297485352,train,,Whole Blood
GSM501644,82.0,70.29570770263672,train,,Whole Blood
GSM501645,38.0,28.04537773132324,train,,Whole Blood
GSM501646,28.0,29.11392593383789,train,,Whole Blood
GSM501647,16.0,16.284690856933594,train,,Whole Blood
GSM501648,30.0,29.160213470458984,train,,Whole Blood
GSM501652,20.0,20.115074157714844,train,,Whole Blood
GSM501653,4.0,2.79037094116211,valid,,Whole Blood
GSM501656,12.0,17.438312530517578,train,,Whole Blood
GSM501658,7.0,14.610565185546877,test,,Whole Blood
GSM501660,11.0,29.978797912597656,valid,,Whole Blood
GSM501661,8.0,18.49961280822754,test,,Whole Blood
GSM501664,0.0,1.059661865234375,train,,Whole Blood
GSM501665,9.0,8.523612976074219,train,,Whole Blood
GSM501666,16.0,17.303810119628906,train,,Whole Blood
GSM501667,17.0,16.13347816467285,train,,Whole Blood
GSM501669,5.0,10.693340301513672,test,,Whole Blood
GSM501670,56.0,63.26569366455078,train,,Whole Blood
GSM501671,16.0,13.935165405273438,valid,,Whole Blood
GSM501673,2.0,1.5682373046875,train,,Whole Blood
GSM501678,5.0,9.688278198242188,train,,Whole Blood
GSM501679,68.0,70.67157745361328,train,,Whole Blood
GSM507152,36.0,16.229780197143555,valid,,Whole Blood
GSM507153,4.0,12.49831199645996,train,,Whole Blood
GSM507155,9.0,9.156845092773438,test,,Whole Blood
GSM507156,17.0,27.426624298095703,train,,Whole Blood
GSM507157,11.0,13.054376602172852,valid,,Whole Blood
GSM507158,19.0,26.65246200561523,train,,Whole Blood
GSM507159,20.0,21.632139205932617,test,,Whole Blood
GSM507160,49.0,30.413631439208984,train,,Whole Blood
GSM507161,56.0,41.90811538696289,train,,Whole Blood
GSM507163,51.0,50.442745208740234,train,,Whole Blood
GSM507164,20.0,20.92763328552246,train,,Whole Blood
GSM507165,18.0,19.99549674987793,valid,,Whole Blood
GSM507166,16.0,19.608203887939453,train,,Whole Blood
GSM507167,16.0,13.977375030517578,train,,Whole Blood
GSM507168,26.0,30.500789642333984,valid,,Whole Blood
GSM507169,5.0,9.398303985595703,valid,,Whole Blood
GSM507170,15.0,19.95396423339844,train,,Whole Blood
GSM507172,39.0,38.6828727722168,train,,Whole Blood
GSM507173,27.0,23.99955940246582,test,,Whole Blood
GSM507174,30.0,50.925559997558594,train,,Whole Blood
GSM507176,15.0,18.433198928833008,test,,Whole Blood
GSM507177,82.0,77.36660766601562,valid,,Whole Blood
GSM507178,44.0,41.11532974243164,train,,Whole Blood
GSM507180,20.0,24.747772216796875,train,,Whole Blood
GSM507181,22.0,25.3541259765625,train,,Whole Blood
GSM507182,16.0,63.04341506958008,train,,Whole Blood
GSM507189,49.0,69.19186401367188,train,,Whole Blood
GSM507194,66.0,64.01810455322266,train,,Whole Blood
GSM507195,35.0,53.274749755859375,test,,Whole Blood
GSM507199,70.0,69.54753112792969,train,,Whole Blood
GSM507201,52.0,47.238494873046875,train,,Whole Blood
GSM507202,55.0,64.5096435546875,train,,Whole Blood
GSM507203,65.0,70.77921295166016,test,,Whole Blood
GSM507209,74.0,73.83889770507812,train,,Whole Blood
GSM507210,62.0,64.97920227050781,train,,Whole Blood
GSM507212,58.0,66.57244110107422,train,,Whole Blood
GSM507213,57.0,57.240699768066406,test,,Whole Blood
GSM507215,71.0,65.49452209472656,test,,Whole Blood
GSM507216,35.0,50.147117614746094,valid,,Whole Blood
GSM507218,83.0,71.58235931396484,test,,Whole Blood
GSM507219,72.0,75.90313720703125,train,,Whole Blood
GSM507220,71.0,74.88676452636719,train,,Whole Blood
GSM507221,73.0,69.04644012451172,train,,Whole Blood
GSM507223,53.0,60.93352508544922,train,,Whole Blood
GSM507224,86.0,77.11186218261719,train,,Whole Blood
GSM507227,84.0,72.98397064208984,train,,Whole Blood
GSM507228,64.0,72.11132049560547,train,,Whole Blood
GSM507230,75.0,67.02046203613281,valid,,Whole Blood
GSM507231,74.0,74.80006408691406,valid,,Whole Blood
GSM507232,66.0,71.46916198730469,train,,Whole Blood
GSM507234,73.0,69.08454895019531,train,,Whole Blood
GSM507235,76.0,74.19830322265625,train,,Whole Blood
GSM507236,81.0,75.61386108398438,valid,,Whole Blood
GSM507241,58.0,64.68624114990234,test,,Whole Blood
GSM507243,72.0,66.88209533691406,train,,Whole Blood
GSM507272,59.0,63.61290740966797,train,,Other
GSM507273,2.0,10.349435806274414,train,,Other
GSM507274,49.0,66.7807846069336,train,,Other
GSM507275,69.0,59.53335189819336,train,,Other
GSM507276,70.0,71.6031265258789,test,,Other
GSM507277,65.0,66.97005462646484,train,,Other
GSM507278,59.0,64.01910400390625,train,,Other
GSM507279,86.0,78.23793029785156,train,,Other
GSM507280,41.0,67.81315612792969,test,,Other
GSM507281,70.0,70.400146484375,valid,,Other
GSM507285,58.0,70.05508422851562,train,,Other
GSM507286,69.0,63.92481994628906,train,,Other
GSM507287,84.0,77.6875,valid,,Other
GSM507288,65.0,69.05598449707031,train,,Other
GSM507289,53.0,48.48673629760742,train,,Other
GSM507290,44.0,69.26310729980469,train,,Other
GSM507292,58.0,68.43215942382812,train,,Other
GSM507293,82.0,73.00032806396484,train,,Other
GSM507295,70.0,65.88990020751953,test,,Other
GSM507296,36.0,45.005855560302734,train,,Other
GSM507297,29.0,46.183223724365234,train,,Other
GSM507298,21.0,53.6741943359375,train,,Cells
GSM507299,25.0,41.17953109741211,train,,Cells
GSM507300,57.0,48.73265075683594,train,,Cells
GSM507301,71.0,70.4910659790039,train,,Cells
GSM507302,61.0,70.65301513671875,valid,,Cells
GSM507303,60.0,59.90413284301758,train,,Cells
GSM507304,41.0,68.49940490722656,valid,,Cells
GSM507305,38.0,48.536373138427734,train,,Cells
GSM507306,49.0,62.32683563232422,train,,Cells
GSM507307,59.0,52.99778366088867,test,,Cells
GSM507308,47.0,59.34976959228515,train,,Cells
GSM507312,69.0,72.08427429199219,test,,Cells
GSM507313,68.0,61.90999603271485,train,,Cells
GSM507314,21.0,23.872894287109375,train,,Cells
GSM507315,62.0,71.71943664550781,train,,Cells
GSM507316,69.0,64.25184631347656,train,,Cells
GSM507319,44.0,53.907920837402344,train,,Cells
GSM507320,62.0,70.27207946777344,train,,Cells
GSM507321,64.0,52.05900192260742,train,,Cells
GSM530883,60.0,73.87391662597656,test,,Pancreas
GSM530884,28.0,46.5911865234375,train,,Pancreas
GSM530885,69.0,68.023681640625,train,,Pancreas
GSM530886,28.0,44.41609573364258,train,,Pancreas
GSM530887,70.0,73.14860534667969,train,,Pancreas
GSM530888,62.0,75.26077270507812,train,,Pancreas
GSM530889,23.0,50.16489791870117,train,,Pancreas
GSM530890,24.0,33.843257904052734,train,,Pancreas
GSM530891,60.0,67.80528259277344,train,,Pancreas
GSM530892,46.0,59.8074951171875,train,,Pancreas
GSM559636,20.0,23.711748123168945,valid,,Skin
GSM560599,33.0,35.41518020629883,train,,Skin
GSM560603,47.0,29.04546356201172,train,,Skin
GSM560607,35.0,32.426055908203125,train,,Skin
GSM560608,37.0,26.98915100097656,train,,Skin
GSM560612,25.0,28.521202087402344,train,,Skin
GSM560613,33.0,32.2473258972168,test,,Skin
GSM560614,52.0,49.59409713745117,train,,Skin
GSM560615,25.0,27.467418670654297,train,,Skin
GSM635592,47.0,34.8831787109375,train,,Other
GSM635593,37.0,22.46590232849121,train,,Other
GSM635595,38.0,27.54989242553711,valid,,Other
GSM635596,51.0,42.40557098388672,test,,Other
GSM635597,44.0,34.13743591308594,valid,,Other
GSM635598,43.0,44.77926254272461,train,,Other
GSM635599,29.0,57.50057601928711,train,,Other
GSM635600,25.0,33.2770881652832,train,,Other
GSM635601,29.0,22.6906681060791,test,,Other
GSM635603,30.0,21.018861770629883,test,,Other
GSM635604,31.0,38.499481201171875,train,,Other
GSM635605,29.0,56.042236328125,train,,Other
GSM635606,60.0,23.37856674194336,train,,Other
GSM635607,26.0,38.11635208129883,test,,Other
GSM635608,42.0,23.71096992492676,test,,Other
GSM635610,34.0,40.622188568115234,train,,Other
GSM635612,71.0,66.77297973632812,train,,Other
GSM635613,51.0,32.47762680053711,train,,Other
GSM635614,41.0,40.05498123168945,test,,Other
GSM635615,52.0,48.657588958740234,train,,Other
GSM635616,35.0,46.29692459106445,test,,Other
GSM635617,41.0,57.62624740600586,valid,,Other
GSM635618,51.0,51.47265625,train,,Other
GSM635620,42.0,35.07085418701172,test,,Other
GSM635621,60.0,34.05760955810547,test,,Other
GSM635622,62.0,28.95648193359375,train,,Other
GSM635626,46.0,47.72652816772461,train,,Other
GSM635629,23.0,52.64780044555664,train,,Other
GSM635633,62.0,13.143390655517578,train,,Other
GSM635635,28.0,30.607166290283203,test,,Other
GSM635637,29.0,32.44435119628906,train,,Other
GSM635639,29.0,29.646533966064453,train,,Other
GSM635641,12.0,29.454700469970703,train,,Other
GSM635642,38.0,26.483375549316406,test,,Other
GSM635643,54.0,47.987205505371094,train,,Other
GSM635644,21.0,20.570465087890625,test,,Other
GSM635649,44.0,42.454959869384766,train,,Other
GSM635652,44.0,51.36943054199219,train,,Other
GSM635653,49.0,32.53326416015625,valid,,Other
GSM635655,33.0,49.04722213745117,valid,,Other
GSM635656,42.0,28.71473503112793,train,,Other
GSM635659,39.0,43.370635986328125,train,,Other
GSM635660,10.0,35.291221618652344,train,,Other
GSM635661,41.0,42.43539047241211,train,,Other
GSM635663,10.0,20.81490707397461,train,,Other
GSM635664,47.0,46.03377151489258,train,,Other
GSM635666,10.0,18.26274871826172,train,,Other
GSM635667,11.0,30.92068862915039,train,,Other
GSM635668,0.0,1.828041076660156,valid,,Other
GSM635669,0.0026849315036088,1.4318923950195312,train,,Other
GSM635671,0.0,0.2878761291503906,train,,Other
GSM635673,0.013616438023746,1.2142295837402344,train,,Other
GSM635675,0.0109315067529678,1.8337326049804688,train,,Other
GSM635676,0.0218630135059356,1.5594596862792969,valid,,Other
GSM635677,0.0026849315036088,1.9860076904296875,train,,Other
GSM635683,76.0,74.26039123535156,train,,Other
GSM635685,51.0,53.491058349609375,valid,,Other
GSM635686,66.0,62.44354248046875,train,,Other
GSM635688,48.0,53.15079116821289,train,,Other
GSM635690,63.0,64.46736145019531,test,,Other
GSM635691,49.0,57.85528564453125,train,,Other
GSM635695,83.0,68.03990936279297,train,,Other
GSM635696,64.0,64.25452423095703,train,,Other
GSM635698,70.0,66.28958892822266,train,,Other
GSM635699,85.0,63.267032623291016,test,,Other
GSM643162,65.0,53.39558792114258,train,,Prostate
GSM643163,62.0,61.94588470458984,train,,Prostate
GSM643164,55.0,56.957149505615234,train,,Prostate
GSM643165,88.0,82.68466186523438,valid,,Prostate
GSM643166,62.0,55.315181732177734,train,,Prostate
GSM643167,59.0,62.009986877441406,train,,Prostate
GSM643169,58.0,56.001747131347656,test,,Prostate
GSM643170,51.0,57.60126876831055,train,,Prostate
GSM643171,67.0,67.23539733886719,train,,Prostate
GSM643173,60.0,61.50956344604492,valid,,Prostate
GSM643174,84.0,79.22088623046875,train,,Prostate
GSM643175,0.0,-0.1356201171875,test,,Prostate
GSM643177,0.0,0.1420364379882812,test,,Prostate
GSM643178,0.0,0.1816520690917968,test,,Prostate
GSM643179,0.0,0.1347427368164062,valid,,Prostate
GSM643180,0.0,-1.035503387451172,train,,Prostate
GSM643181,0.0,-0.3485145568847656,valid,,Prostate
GSM643182,0.0,-0.3019981384277344,test,,Prostate
GSM643184,0.0,-0.7014083862304688,train,,Prostate
GSM643185,0.0,-0.5208053588867188,train,,Prostate
GSM643186,0.0,-0.7678985595703125,train,,Prostate
GSM643187,0.0,0.0395736694335937,train,,Prostate
GSM643188,0.0,-0.0648231506347656,train,,Prostate
GSM643189,0.0,0.0545921325683593,train,,Prostate
GSM643190,0.0,-0.3362998962402344,train,,Prostate
GSM643191,0.0,-0.5849037170410156,test,,Prostate
GSM643192,0.0,1.4347457885742188,train,,Prostate
GSM643193,0.0,-0.0623054504394531,train,,Prostate
GSM643194,0.0,-0.456146240234375,train,,Prostate
GSM643195,0.0,-0.2669219970703125,test,,Prostate
GSM643196,0.0,16.120920181274414,train,,Prostate
GSM643197,0.0,5.085750579833984,train,,Prostate
GSM643198,0.0,0.34930419921875,train,,Prostate
GSM643199,0.0,-0.1584739685058593,train,,Prostate
GSM643200,0.0,0.10009765625,test,,Prostate
GSM643201,0.0,-0.8281631469726562,train,,Prostate
GSM643202,0.0,-0.1342658996582031,train,,Prostate
GSM643203,0.0,0.0209922790527343,test,,Prostate
GSM643204,0.0,-0.611602783203125,train,,Prostate
GSM643205,0.0,0.002960205078125,test,,Prostate
GSM643206,0.0,-0.8448905944824219,train,,Prostate
GSM643208,0.0,0.1137466430664062,train,,Prostate
GSM643209,0.0,-0.2511634826660156,train,,Prostate
GSM643210,0.0,0.0075492858886718,train,,Prostate
GSM643211,0.0,-0.3612899780273437,valid,,Prostate
GSM643212,0.0,-0.3999519348144531,test,,Prostate
GSM643213,0.0,0.3022117614746094,train,,Prostate
GSM643214,0.0,-0.07470703125,train,,Prostate
GSM643215,0.0,-1.2262535095214844,test,,Prostate
GSM643216,0.0,-0.0619964599609375,train,,Prostate
GSM643217,0.0,-0.033355712890625,train,,Prostate
GSM643218,0.0,-0.1495933532714843,test,,Prostate
GSM643219,0.0,0.2088356018066406,train,,Prostate
GSM643222,0.0,0.1482162475585937,test,,Prostate
GSM643223,0.0,-0.0538253784179687,test,,Prostate
GSM643224,0.0,-0.3413200378417969,test,,Prostate
GSM643225,0.0,0.1204032897949218,train,,Prostate
GSM643226,0.0,0.3802375793457031,train,,Prostate
GSM643228,0.0,-0.6662788391113281,train,,Prostate
GSM643229,0.0,-0.0458641052246093,train,,Prostate
GSM643230,0.0,-0.330413818359375,train,,Prostate
GSM643231,0.0,-0.2005081176757812,test,,Prostate
GSM643232,0.0,-0.3064193725585937,train,,Prostate
GSM643233,0.0,-0.5252494812011719,train,,Prostate
GSM643234,0.0,-0.0638694763183593,valid,,Prostate
GSM643235,0.0,0.0708580017089843,valid,,Prostate
GSM643236,0.0,0.0642509460449218,train,,Prostate
GSM643237,0.0,-0.7544708251953125,valid,,Prostate
GSM643238,0.0,-0.1274909973144531,test,,Prostate
GSM643239,0.0,-0.3023262023925781,train,,Prostate
GSM643240,0.0,0.574798583984375,train,,Prostate
GSM643241,0.0,-0.1859016418457031,train,,Prostate
GSM643242,0.0,-0.672393798828125,train,,Prostate
GSM643243,0.0,-0.5837783813476562,train,,Prostate
GSM643244,0.0,-0.3186912536621094,train,,Prostate
GSM643245,0.0,0.061553955078125,train,,Prostate
GSM643246,0.0,-0.2156639099121093,train,,Prostate
GSM643247,0.0,-0.4644622802734375,train,,Prostate
GSM643248,0.0,-0.02264404296875,valid,,Prostate
GSM643249,0.0,0.5321235656738281,valid,,Prostate
GSM643250,0.0,-0.0602569580078125,train,,Prostate
GSM643252,0.0,-0.1030654907226562,train,,Prostate
GSM643253,0.0,0.2370986938476562,train,,Prostate
GSM643254,0.0,0.2487564086914062,train,,Prostate
GSM643255,0.0,-0.1588020324707031,test,,Prostate
GSM643256,0.0,-0.0120277404785156,train,,Prostate
GSM643257,0.0,-1.0332145690917969,train,,Prostate
GSM643258,0.0,-0.0243453979492187,test,,Prostate
GSM643259,0.0,-0.4880142211914062,valid,,Prostate
GSM643260,0.0,-0.2554664611816406,test,,Prostate
GSM643261,0.0,-0.2678565979003906,valid,,Prostate
GSM643262,0.0,23.686561584472656,valid,,Prostate
GSM643263,0.0,-0.2510223388671875,train,,Prostate
GSM643264,0.0,-0.1832466125488281,test,,Prostate
GSM643265,0.0,0.3135910034179687,train,,Prostate
GSM643268,0.0,-0.29248046875,test,,Prostate
GSM643269,0.0,-0.4646072387695312,train,,Prostate
GSM643270,0.0,-0.1827850341796875,train,,Prostate
GSM643271,0.0,0.0437202453613281,train,,Prostate
GSM643272,0.0,25.37807273864746,train,,Prostate
GSM643273,0.0,-0.4253349304199219,train,,Prostate
GSM643274,0.0,-0.0858573913574218,train,,Prostate
GSM643275,0.0,-2.7679710388183594,train,,Prostate
GSM643276,0.0,8.396598815917969,train,,Prostate
GSM643277,53.91999816894531,56.368186950683594,test,,Prostate
GSM643278,58.349998474121094,55.80683135986328,train,,Prostate
GSM643279,49.36000061035156,49.926029205322266,train,,Prostate
GSM643282,78.23999786376953,66.19511413574219,train,,Prostate
GSM643284,62.220001220703125,62.9073486328125,train,,Prostate
GSM643285,63.529998779296875,62.20166015625,train,,Prostate
GSM643286,60.95000076293945,61.966346740722656,valid,,Prostate
GSM643287,54.59000015258789,59.627044677734375,train,,Prostate
GSM643288,74.54000091552734,64.08480834960938,train,,Prostate
GSM643289,57.529998779296875,56.705055236816406,train,,Prostate
GSM643290,61.810001373291016,63.08651351928711,train,,Prostate
GSM643291,68.26000213623047,63.48606872558594,test,,Prostate
GSM643292,62.439998626708984,62.884132385253906,train,,Prostate
GSM643293,53.84000015258789,53.82840347290039,train,,Prostate
GSM643294,65.97000122070312,58.351036071777344,valid,,Prostate
GSM643295,53.810001373291016,65.48252868652344,train,,Prostate
GSM643296,58.79999923706055,54.14630889892578,test,,Prostate
GSM643297,70.08000183105469,62.73448944091797,train,,Prostate
GSM643298,67.33000183105469,59.148067474365234,valid,,Prostate
GSM643300,62.970001220703125,64.16917419433594,train,,Prostate
GSM643302,67.41999816894531,57.033302307128906,train,,Prostate
GSM643303,45.810001373291016,56.13572692871094,test,,Prostate
GSM643304,53.189998626708984,57.9862060546875,train,,Prostate
GSM643305,59.099998474121094,68.30240631103516,train,,Prostate
GSM643306,61.40999984741211,55.77107238769531,train,,Prostate
GSM643307,59.84000015258789,59.00455093383789,test,,Prostate
GSM643308,62.61000061035156,61.77381134033203,train,,Prostate
GSM643309,66.6500015258789,59.89464569091797,test,,Prostate
GSM643310,61.650001525878906,61.5867919921875,train,,Prostate
GSM643311,72.23999786376953,68.78762817382812,train,,Prostate
GSM643312,70.69999694824219,59.84235382080078,test,,Prostate
GSM643313,65.9800033569336,58.71681213378906,train,,Prostate
GSM643314,58.47999954223633,56.91756439208984,valid,,Prostate
GSM643315,40.25,53.27349090576172,train,,Prostate
GSM643317,69.54000091552734,61.82065963745117,train,,Prostate
GSM643318,53.2400016784668,55.798057556152344,train,,Prostate
GSM643319,57.27000045776367,55.25733184814453,train,,Prostate
GSM643320,40.9900016784668,50.85693359375,train,,Prostate
GSM643321,71.52999877929688,65.05116271972656,train,,Prostate
GSM643322,65.13999938964844,59.36243438720703,train,,Prostate
GSM643324,49.22999954223633,53.58386993408203,train,,Prostate
GSM643325,63.65999984741211,50.26644134521485,test,,Prostate
GSM643326,58.779998779296875,61.39454650878906,train,,Prostate
GSM643327,48.380001068115234,58.97266387939453,train,,Prostate
GSM643328,60.54999923706055,63.274017333984375,train,,Prostate
GSM643329,40.9900016784668,55.63742446899414,train,,Prostate
GSM643330,56.970001220703125,59.14277648925781,train,,Prostate
GSM643331,53.369998931884766,59.597198486328125,valid,,Prostate
GSM643332,56.13999938964844,66.28996276855469,train,,Prostate
GSM643333,51.5,54.91890335083008,test,,Prostate
GSM643334,48.70000076293945,54.53998947143555,valid,,Prostate
GSM666350,71.5999984741211,64.740478515625,test,,Whole Blood
GSM666354,69.0199966430664,63.19792556762695,valid,,Whole Blood
GSM666355,66.25,60.271446228027344,test,,Whole Blood
GSM666356,72.05999755859375,64.71849822998047,valid,,Whole Blood
GSM666361,41.61000061035156,60.82426452636719,train,,Whole Blood
GSM666362,62.459999084472656,61.69868469238281,test,,Whole Blood
GSM666365,70.76000213623047,65.75372314453125,train,,Whole Blood
GSM666375,67.4800033569336,66.44694519042969,test,,Whole Blood
GSM666377,60.31999969482422,62.94457244873047,test,,Whole Blood
GSM666385,50.869998931884766,61.12462615966797,valid,,Whole Blood
GSM666405,51.5,56.0667724609375,train,,Whole Blood
GSM666408,71.5999984741211,60.41961288452149,test,,Whole Blood
GSM666413,72.93000030517578,65.68672180175781,test,,Whole Blood
GSM666415,63.5,60.380348205566406,train,,Whole Blood
GSM666432,65.13999938964844,60.00478744506836,train,,Whole Blood
GSM666434,63.11000061035156,64.97262573242188,train,,Whole Blood
GSM666436,46.02000045776367,55.608428955078125,valid,,Whole Blood
GSM666440,56.13999938964844,61.470157623291016,train,,Whole Blood
GSM666441,59.02000045776367,46.56025695800781,train,,Whole Blood
GSM666449,70.97000122070312,58.53363800048828,test,,Whole Blood
GSM666450,63.29999923706055,58.732666015625,train,,Whole Blood
GSM666451,45.400001525878906,56.08012390136719,train,,Whole Blood
GSM666467,56.720001220703125,54.732059478759766,train,,Whole Blood
GSM666469,69.54000091552734,57.21047592163086,train,,Whole Blood
GSM666479,66.80999755859375,62.53764724731445,train,,Whole Blood
GSM666483,53.369998931884766,56.113033294677734,train,,Whole Blood
GSM666486,44.06999969482422,56.12971878051758,train,,Whole Blood
GSM666493,61.369998931884766,62.45853805541992,test,,Whole Blood
GSM666496,69.73999786376953,64.03363037109375,train,,Whole Blood
GSM666500,42.869998931884766,54.3086051940918,train,,Whole Blood
GSM666502,45.779998779296875,58.137752532958984,valid,,Whole Blood
GSM666506,53.220001220703125,56.2299690246582,train,,Whole Blood
GSM666507,68.55000305175781,64.41239166259766,train,,Whole Blood
GSM666515,63.90999984741211,56.42340087890625,valid,,Whole Blood
GSM666516,50.560001373291016,59.882843017578125,train,,Whole Blood
GSM666518,65.97000122070312,54.86016082763672,test,,Whole Blood
GSM666519,50.150001525878906,53.805213928222656,train,,Whole Blood
GSM666520,69.2300033569336,62.81707000732422,valid,,Whole Blood
GSM666528,43.06999969482422,52.03789138793945,test,,Whole Blood
GSM666529,39.11000061035156,62.790775299072266,train,,Whole Blood
GSM666533,68.69999694824219,62.39265823364258,test,,Whole Blood
GSM666539,70.08000183105469,58.41242218017578,train,,Whole Blood
GSM666546,47.599998474121094,54.51871871948242,train,,Whole Blood
GSM666547,62.08000183105469,68.08955383300781,train,,Whole Blood
GSM666551,68.44999694824219,60.732688903808594,valid,,Whole Blood
GSM666552,61.45000076293945,64.92520141601562,test,,Whole Blood
GSM666553,61.810001373291016,61.82129669189453,train,,Whole Blood
GSM666559,65.80000305175781,64.26311492919922,train,,Whole Blood
GSM666562,72.93000030517578,68.92133331298828,train,,Whole Blood
GSM666564,60.290000915527344,59.96280670166016,train,,Whole Blood
GSM666568,63.529998779296875,61.54338073730469,train,,Whole Blood
GSM666572,64.08999633789062,65.79126739501953,train,,Whole Blood
GSM666585,72.06999969482422,67.85716247558594,train,,Whole Blood
GSM666591,49.2599983215332,53.458229064941406,valid,,Whole Blood
GSM666595,51.029998779296875,54.96357727050781,valid,,Whole Blood
GSM666601,59.2400016784668,61.86481857299805,train,,Whole Blood
GSM666602,39.560001373291016,51.8702392578125,train,,Whole Blood
GSM666605,72.9000015258789,62.92840194702149,valid,,Whole Blood
GSM666608,60.08000183105469,64.5168228149414,train,,Whole Blood
GSM666623,50.869998931884766,52.28378677368164,train,,Whole Blood
GSM666649,61.150001525878906,60.37622833251953,train,,Whole Blood
GSM666666,57.2599983215332,60.000694274902344,train,,Whole Blood
GSM666672,44.06999969482422,48.68155288696289,valid,,Whole Blood
GSM666686,63.47999954223633,58.29795837402344,test,,Whole Blood
GSM666693,57.59000015258789,54.64567565917969,test,,Whole Blood
GSM666701,74.41000366210938,65.47994232177734,train,,Whole Blood
GSM666703,55.33000183105469,58.85807037353515,test,,Whole Blood
GSM666712,45.52000045776367,60.163333892822266,train,,Whole Blood
GSM666714,65.13999938964844,63.944374084472656,train,,Whole Blood
GSM666718,59.099998474121094,55.96862030029297,train,,Whole Blood
GSM666721,57.59000015258789,54.7515869140625,test,,Whole Blood
GSM666726,68.44999694824219,57.79574203491211,test,,Whole Blood
GSM666727,69.73999786376953,64.97601318359375,train,,Whole Blood
GSM666731,42.689998626708984,50.89646911621094,train,,Whole Blood
GSM666735,45.779998779296875,54.938819885253906,train,,Whole Blood
GSM666736,53.189998626708984,55.624366760253906,test,,Whole Blood
GSM666738,48.70000076293945,54.467166900634766,train,,Whole Blood
GSM666742,60.529998779296875,55.93447494506836,valid,,Whole Blood
GSM666746,45.72999954223633,59.404754638671875,test,,Whole Blood
GSM666749,69.80000305175781,63.23310852050781,test,,Whole Blood
GSM666753,50.86000061035156,56.3950080871582,valid,,Whole Blood
GSM666754,56.689998626708984,56.78062438964844,train,,Whole Blood
GSM666761,44.88999938964844,53.64625549316406,train,,Whole Blood
GSM666765,74.83000183105469,64.43972778320312,train,,Whole Blood
GSM666770,59.02000045776367,51.34732818603515,train,,Whole Blood
GSM666771,66.05999755859375,65.2496337890625,train,,Whole Blood
GSM666780,62.470001220703125,59.47515869140625,train,,Whole Blood
GSM666788,67.4800033569336,67.19371032714844,test,,Whole Blood
GSM666798,55.45000076293945,62.440277099609375,train,,Whole Blood
GSM666801,59.84000015258789,61.78451919555664,train,,Whole Blood
GSM666807,67.4800033569336,64.1705322265625,train,,Whole Blood
GSM666812,61.90999984741211,62.89604187011719,train,,Whole Blood
GSM666813,61.06999969482422,60.479618072509766,train,,Whole Blood
GSM666818,41.4900016784668,60.076873779296875,train,,Whole Blood
GSM666819,56.66999816894531,56.6170654296875,train,,Whole Blood
GSM666822,59.95000076293945,60.207733154296875,valid,,Whole Blood
GSM666826,64.0199966430664,61.89753723144531,train,,Whole Blood
GSM666829,48.560001373291016,53.58051300048828,train,,Whole Blood
GSM666831,64.16000366210938,64.988525390625,train,,Whole Blood
GSM666839,58.720001220703125,62.89022064208984,valid,,Whole Blood
GSM666841,55.4900016784668,59.81681823730469,test,,Whole Blood
GSM666843,60.59000015258789,60.09092330932617,test,,Whole Blood
GSM666849,39.939998626708984,59.06856155395508,train,,Whole Blood
GSM666854,64.16000366210938,61.91361999511719,test,,Whole Blood
GSM666856,59.02000045776367,58.57035827636719,train,,Whole Blood
GSM666857,53.08000183105469,53.81839370727539,test,,Whole Blood
GSM666866,54.150001525878906,53.74803924560547,train,,Whole Blood
GSM666870,49.36000061035156,52.861305236816406,train,,Whole Blood
GSM666879,59.7599983215332,57.22710037231445,train,,Whole Blood
GSM666881,65.5199966430664,64.17183685302734,train,,Whole Blood
GSM666882,56.209999084472656,57.472713470458984,train,,Whole Blood
GSM666883,63.959999084472656,62.50396728515625,train,,Whole Blood
GSM666885,77.37000274658203,67.7322769165039,train,,Whole Blood
GSM666886,50.689998626708984,57.362892150878906,train,,Whole Blood
GSM666889,59.02000045776367,58.633888244628906,test,,Whole Blood
GSM666892,44.95000076293945,55.38401794433594,test,,Whole Blood
GSM666893,70.0999984741211,60.588523864746094,train,,Whole Blood
GSM666903,67.75,62.75130462646485,train,,Whole Blood
GSM666906,65.51000213623047,62.77938461303711,train,,Whole Blood
GSM666909,55.599998474121094,58.429893493652344,valid,,Whole Blood
GSM666914,61.150001525878906,60.22366714477539,train,,Whole Blood
GSM666915,62.689998626708984,62.26910400390625,train,,Whole Blood
GSM666916,65.19999694824219,51.09074401855469,train,,Whole Blood
GSM666917,63.779998779296875,57.57535934448242,train,,Whole Blood
GSM666918,56.29999923706055,61.689430236816406,train,,Whole Blood
GSM666920,69.91999816894531,55.71851348876953,train,,Whole Blood
GSM666929,70.72000122070312,65.49919128417969,valid,,Whole Blood
GSM666932,62.2400016784668,58.95318603515625,train,,Whole Blood
GSM666935,62.119998931884766,61.32716369628906,train,,Whole Blood
GSM666937,45.040000915527344,56.10857391357422,train,,Whole Blood
GSM666950,64.27999877929688,64.50923156738281,train,,Whole Blood
GSM666954,54.880001068115234,55.186767578125,valid,,Whole Blood
GSM666955,50.619998931884766,53.79450225830078,train,,Whole Blood
GSM666959,54.93000030517578,62.70166778564453,train,,Whole Blood
GSM666960,59.709999084472656,59.48975372314453,test,,Whole Blood
GSM666961,51.33000183105469,57.34306335449219,train,,Whole Blood
GSM666970,54.59000015258789,67.29629516601562,test,,Whole Blood
GSM666971,65.51000213623047,60.798362731933594,train,,Whole Blood
GSM666975,83.13999938964844,62.193328857421875,train,,Whole Blood
GSM666978,72.11000061035156,54.49900436401367,train,,Whole Blood
GSM666979,69.4800033569336,65.8156509399414,train,,Whole Blood
GSM666984,53.47999954223633,54.81050109863281,train,,Whole Blood
GSM666988,49.0,56.14861679077149,valid,,Whole Blood
GSM666990,49.0,49.18374252319336,train,,Whole Blood
GSM666993,55.0,55.81778717041016,train,,Whole Blood
GSM666995,39.0,34.99909210205078,train,,Whole Blood
GSM667000,53.0,72.72012329101562,train,,Whole Blood
GSM667004,65.0,44.477806091308594,train,,Whole Blood
GSM667006,50.0,53.20718002319336,train,,Whole Blood
GSM667011,22.0,19.003082275390625,train,,Whole Blood
GSM667012,28.0,34.366943359375,train,,Whole Blood
GSM667017,35.0,47.58036422729492,train,,Whole Blood
GSM667024,57.0,57.665042877197266,train,,Whole Blood
GSM667034,56.0,54.1732063293457,train,,Whole Blood
GSM667036,52.0,52.81999969482422,test,,Whole Blood
GSM667037,30.0,29.89297866821289,test,,Whole Blood
GSM667039,42.0,44.46256256103515,test,,Whole Blood
GSM667048,73.0,77.79273986816406,train,,Whole Blood
GSM667049,47.0,51.53095245361328,valid,,Whole Blood
GSM667051,53.0,55.98439407348633,test,,Whole Blood
GSM667052,24.0,28.13915252685547,train,,Whole Blood
GSM667064,25.0,25.74448013305664,valid,,Whole Blood
GSM667065,65.0,66.58171844482422,valid,,Whole Blood
GSM667069,19.0,21.89375114440918,train,,Whole Blood
GSM667072,38.0,35.516700744628906,train,,Whole Blood
GSM667078,18.0,21.78064346313477,train,,Whole Blood
GSM667084,37.0,38.01568984985352,train,,Whole Blood
GSM667091,23.0,24.362821578979492,train,,Whole Blood
GSM667094,32.0,27.59526634216309,train,,Whole Blood
GSM667097,27.0,30.075927734375,train,,Whole Blood
GSM667100,26.0,27.174327850341797,train,,Whole Blood
GSM667102,33.0,39.58867263793945,train,,Whole Blood
GSM667104,47.0,53.188018798828125,train,,Whole Blood
GSM667105,29.0,31.60236167907715,train,,Whole Blood
GSM667106,71.0,77.59571075439453,train,,Whole Blood
GSM667107,58.0,60.31759262084961,test,,Whole Blood
GSM667113,82.0,79.40324401855469,test,,Whole Blood
GSM667118,59.0,64.55441284179688,train,,Whole Blood
GSM667120,60.0,58.21052932739258,train,,Whole Blood
GSM667123,59.0,40.24418640136719,train,,Whole Blood
GSM667124,60.0,67.16238403320312,train,,Whole Blood
GSM667129,67.0,57.08721923828125,train,,Whole Blood
GSM667130,44.59685134887695,55.43889236450195,train,,Whole Blood
GSM667131,68.81861877441406,50.16732025146485,train,,Whole Blood
GSM667141,73.05680847167969,66.00526428222656,train,,Whole Blood
GSM667143,39.682411193847656,48.82769775390625,train,,Whole Blood
GSM667145,49.93018341064453,54.775184631347656,train,,Whole Blood
GSM667147,89.99589538574219,77.72474670410156,train,,Whole Blood
GSM667148,41.84257507324219,44.562007904052734,train,,Whole Blood
GSM667150,62.12183380126953,63.431610107421875,train,,Whole Blood
GSM667157,31.89596176147461,33.89292526245117,train,,Whole Blood
GSM667158,64.01094818115234,56.4575080871582,test,,Whole Blood
GSM667163,51.43873977661133,52.17933654785156,train,,Whole Blood
GSM667168,43.7508544921875,58.74192810058594,train,,Whole Blood
GSM667177,46.06160354614258,56.39906692504883,test,,Whole Blood
GSM667189,65.63175964355469,53.77362060546875,train,,Whole Blood
GSM667193,48.32854080200195,51.67049407958984,train,,Whole Blood
GSM667196,50.7022590637207,61.05901336669922,valid,,Whole Blood
GSM667197,78.57357788085938,59.37932586669922,test,,Whole Blood
GSM667199,67.67693328857422,61.524192810058594,train,,Whole Blood
GSM667200,52.54483413696289,53.95101165771485,valid,,Whole Blood
GSM667201,55.78097152709961,43.19502258300781,valid,,Whole Blood
GSM667206,53.93839645385742,53.92792510986328,test,,Whole Blood
GSM667210,75.0171127319336,67.26451110839844,valid,,Whole Blood
GSM667211,50.907596588134766,57.58905029296875,train,,Whole Blood
GSM667218,54.891170501708984,58.09272003173828,test,,Whole Blood
GSM667225,56.317588806152344,46.562896728515625,train,,Whole Blood
GSM667226,62.02874755859375,61.42194366455078,train,,Whole Blood
GSM667233,64.0574951171875,60.159950256347656,valid,,Whole Blood
GSM667237,31.15400505065918,40.27721405029297,train,,Whole Blood
GSM667241,35.60301208496094,46.202545166015625,train,,Whole Blood
GSM667243,79.97535705566406,61.39186096191406,train,,Whole Blood
GSM667249,48.41067886352539,50.29633331298828,train,,Whole Blood
GSM667265,57.119781494140625,58.23174285888672,train,,Whole Blood
GSM667266,52.91444396972656,55.45387268066406,train,,Whole Blood
GSM667272,50.715946197509766,53.79804992675781,train,,Whole Blood
GSM667273,54.11909484863281,51.07586669921875,test,,Whole Blood
GSM667281,78.64202880859375,65.46118927001953,test,,Whole Blood
GSM667285,35.96988296508789,51.75457763671875,train,,Whole Blood
GSM667289,65.30047607421875,66.27063751220703,test,,Whole Blood
GSM667290,62.68583297729492,58.95431137084961,train,,Whole Blood
GSM667292,53.330596923828125,52.20069122314453,train,,Whole Blood
GSM667296,51.67693328857422,55.96297073364258,train,,Whole Blood
GSM667297,43.540042877197266,43.39469146728515,test,,Whole Blood
GSM667301,79.2333984375,76.36447143554688,train,,Whole Blood
GSM667311,40.66803741455078,49.54817962646485,test,,Whole Blood
GSM667316,42.691307067871094,56.52207946777344,train,,Whole Blood
GSM667318,47.148529052734375,51.524147033691406,train,,Whole Blood
GSM667325,62.98699569702149,63.40657806396485,train,,Whole Blood
GSM667334,62.15742492675781,66.20987701416016,train,,Whole Blood
GSM667335,78.3271713256836,72.97407531738281,test,,Whole Blood
GSM667336,56.64887237548828,49.89484405517578,train,,Whole Blood
GSM667339,35.156742095947266,44.86444854736328,train,,Whole Blood
GSM667340,56.613277435302734,59.706825256347656,train,,Whole Blood
GSM667341,56.46817398071289,56.476932525634766,train,,Whole Blood
GSM667342,79.31279754638672,53.847312927246094,test,,Whole Blood
GSM667344,62.537986755371094,59.87958526611328,train,,Whole Blood
GSM667347,68.28199768066406,65.4328384399414,train,,Whole Blood
GSM667350,79.68241119384766,71.97603607177734,train,,Whole Blood
GSM667356,51.578369140625,58.6793327331543,test,,Whole Blood
GSM667359,55.92060089111328,57.47159576416016,test,,Whole Blood
GSM667361,47.014373779296875,53.88175964355469,train,,Whole Blood
GSM667365,44.79945373535156,52.065555572509766,valid,,Whole Blood
GSM667374,78.59274291992188,68.79780578613281,train,,Whole Blood
GSM667375,87.07734680175781,66.21179962158203,train,,Whole Blood
GSM667376,51.17316818237305,63.9244384765625,train,,Whole Blood
GSM667378,47.81656265258789,43.740623474121094,train,,Whole Blood
GSM667383,60.18069839477539,55.31551742553711,test,,Whole Blood
GSM667384,60.777549743652344,60.30760192871094,test,,Whole Blood
GSM667390,70.52156066894531,81.65231323242188,train,,Whole Blood
GSM667395,78.88569641113281,81.30970764160156,train,,Whole Blood
GSM667400,68.41889190673828,68.32730865478516,train,,Whole Blood
GSM667403,77.66461181640625,70.56161499023438,valid,,Whole Blood
GSM667406,65.67008972167969,68.74421691894531,train,,Whole Blood
GSM667408,68.16152954101562,65.1648941040039,train,,Whole Blood
GSM667413,79.08555603027344,78.7529296875,train,,Whole Blood
GSM667417,72.64339447021484,69.65191650390625,train,,Whole Blood
GSM667418,71.93428802490234,69.37242126464844,train,,Whole Blood
GSM667421,85.77412414550781,81.70700073242188,train,,Whole Blood
GSM667431,55.03901290893555,66.76577758789062,train,,Whole Blood
GSM667433,51.83299255371094,68.60400390625,test,,Whole Blood
GSM667441,73.42916107177734,80.11369323730469,train,,Whole Blood
GSM667448,76.54483032226562,80.8121337890625,valid,,Whole Blood
GSM667453,65.24571990966797,72.61466217041016,train,,Whole Blood
GSM667454,48.61601638793945,53.81778335571289,train,,Whole Blood
GSM667464,89.99589538574219,81.72677612304688,train,,Whole Blood
GSM667465,81.50308227539062,80.29769134521484,train,,Whole Blood
GSM667466,74.75154113769531,87.50338745117188,train,,Whole Blood
GSM667468,78.3271713256836,80.30626678466797,train,,Whole Blood
GSM675231,80.91444396972656,79.44429016113281,train,,Whole Blood
GSM675232,55.00068283081055,57.68212127685547,train,,Whole Blood
GSM675233,75.02532196044922,64.73023986816406,train,,Whole Blood
GSM675234,89.9986343383789,87.72871398925781,test,,Whole Blood
GSM675237,81.10335540771484,83.38470458984375,train,,Whole Blood
GSM675238,81.41820526123047,82.41732025146484,valid,,Whole Blood
GSM675239,70.91580963134766,74.4648666381836,train,,Whole Blood
GSM675240,75.3292236328125,82.52197265625,test,,Whole Blood
GSM675241,57.14168548583984,62.27481460571289,train,,Whole Blood
GSM675246,72.38330078125,72.96088409423828,train,,Whole Blood
GSM675251,62.967830657958984,61.342742919921875,train,,Whole Blood
GSM675252,77.10609436035156,76.25079345703125,train,,Whole Blood
GSM675253,77.15811157226562,78.08872985839844,train,,Whole Blood
GSM675254,40.39972686767578,36.670692443847656,train,,Whole Blood
GSM675255,68.24640655517578,72.57709503173828,train,,Whole Blood
GSM675256,73.16632080078125,74.76580810546875,test,,Whole Blood
GSM675257,43.88774871826172,53.87271881103515,train,,Whole Blood
GSM675258,82.78439331054688,57.006229400634766,test,,Whole Blood
GSM675261,73.00753021240234,71.79193115234375,valid,,Whole Blood
GSM675263,64.5612564086914,60.55377960205078,train,,Whole Blood
GSM675265,68.83778381347656,56.98352813720703,train,,Whole Blood
GSM675268,73.72758483886719,75.801025390625,train,,Whole Blood
GSM675269,73.48391723632812,82.27217864990234,train,,Whole Blood
GSM675272,75.86036682128906,75.07450866699219,train,,Whole Blood
GSM675274,85.41272735595703,86.93089294433594,train,,Whole Blood
GSM675277,80.90348815917969,67.67677307128906,valid,,Whole Blood
GSM675280,66.02326965332031,50.50936126708984,test,,Whole Blood
GSM675281,69.73579406738281,67.72270202636719,train,,Whole Blood
GSM675283,53.43737030029297,57.77616500854492,train,,Whole Blood
GSM675286,60.30116271972656,58.2269172668457,train,,Whole Blood
GSM675288,57.292266845703125,61.8902702331543,test,,Whole Blood
GSM675291,80.6707763671875,75.341796875,test,,Whole Blood
GSM675292,60.996578216552734,56.30510711669922,train,,Whole Blood
GSM675293,74.77070617675781,72.50270080566406,train,,Whole Blood
GSM675294,63.75633239746094,59.11411666870117,train,,Whole Blood
GSM675295,87.1321029663086,63.88966369628906,train,,Whole Blood
GSM675296,67.89869689941406,59.007659912109375,test,,Whole Blood
GSM675298,59.01984786987305,59.15235137939453,train,,Whole Blood
GSM675299,53.33333206176758,29.68542861938477,train,,Whole Blood
GSM675301,50.92402648925781,53.119903564453125,train,,Whole Blood
GSM675302,66.20123291015625,66.98477172851562,train,,Whole Blood
GSM675303,62.11088180541992,52.976226806640625,test,,Whole Blood
GSM675305,52.55852127075195,58.36018371582031,valid,,Whole Blood
GSM675307,64.30937957763672,65.74451446533203,test,,Whole Blood
GSM675308,73.79328918457031,60.92298889160156,test,,Whole Blood
GSM675310,50.01232147216797,51.4775390625,train,,Whole Blood
GSM675311,61.81245803833008,62.553077697753906,valid,,Whole Blood
GSM675313,62.34360122680664,60.230735778808594,valid,,Whole Blood
GSM675314,65.49760437011719,60.75287628173828,valid,,Whole Blood
GSM675317,64.75016784667969,52.4761962890625,train,,Whole Blood
GSM675318,76.76933288574219,61.11640930175781,train,,Whole Blood
GSM675322,58.32991027832031,74.0583267211914,train,,Whole Blood
GSM675325,63.29637145996094,62.87513732910156,test,,Whole Blood
GSM675327,64.14784240722656,59.27245330810547,train,,Whole Blood
GSM675329,48.4024658203125,55.4373779296875,train,,Whole Blood
GSM675331,68.76933288574219,68.76937103271484,train,,Whole Blood
GSM675332,47.321014404296875,56.935455322265625,train,,Whole Blood
GSM675333,65.06228637695312,56.5095100402832,test,,Whole Blood
GSM675334,58.36276626586914,61.20689010620117,train,,Whole Blood
GSM675335,42.30253219604492,55.35188293457031,train,,Whole Blood
GSM675339,55.76728439331055,61.53411865234375,train,,Whole Blood
GSM675340,74.83914947509766,71.02676391601562,train,,Whole Blood
GSM675341,65.51403045654297,60.870574951171875,valid,,Whole Blood
GSM675342,62.67488098144531,53.31135559082031,train,,Whole Blood
GSM675344,73.97399139404297,63.99297332763672,valid,,Whole Blood
GSM675345,67.46063995361328,67.16728210449219,train,,Whole Blood
GSM675346,68.03559112548828,62.81623840332031,train,,Whole Blood
GSM675348,51.34565353393555,53.20695877075195,valid,,Whole Blood
GSM675352,74.32170104980469,69.6100082397461,train,,Whole Blood
GSM675354,81.91923522949219,73.16709899902344,test,,Whole Blood
GSM675355,69.83709716796875,71.879638671875,train,,Whole Blood
GSM675357,57.47570037841797,58.60645294189453,train,,Whole Blood
GSM675358,57.65639877319336,51.76202774047851,train,,Whole Blood
GSM675359,72.5229263305664,71.75174713134766,train,,Whole Blood
GSM675360,54.65845489501953,56.41576385498047,train,,Whole Blood
GSM675361,81.7878189086914,74.52218627929688,train,,Whole Blood
GSM675362,43.25530624389648,58.24790954589844,test,,Whole Blood
GSM675364,51.71800231933594,64.96372985839844,train,,Whole Blood
GSM675365,72.76112365722656,82.00021362304688,test,,Whole Blood
GSM675367,66.34359741210938,59.60761260986328,train,,Whole Blood
GSM675368,41.60711669921875,45.7989387512207,train,,Whole Blood
GSM675370,63.32648849487305,72.39110565185547,train,,Whole Blood
GSM675371,51.89322280883789,52.9119873046875,train,,Whole Blood
GSM675372,54.28610610961914,57.24262237548828,train,,Whole Blood
GSM675373,73.26762390136719,57.58750915527344,train,,Whole Blood
GSM675375,81.7878189086914,68.3494873046875,train,,Whole Blood
GSM675376,43.50718688964844,48.122676849365234,train,,Whole Blood
GSM675377,83.10746002197266,68.23983001708984,train,,Whole Blood
GSM675378,75.06365203857422,67.15815734863281,train,,Whole Blood
GSM675381,68.48186492919922,68.42599487304688,valid,,Whole Blood
GSM675383,63.31279754638672,56.258785247802734,train,,Whole Blood
GSM675385,40.11225128173828,43.18864822387695,train,,Whole Blood
GSM675387,63.197811126708984,70.38697814941406,train,,Whole Blood
GSM675388,76.41615295410156,77.50102233886719,test,,Whole Blood
GSM675389,58.42573547363281,56.982322692871094,test,,Whole Blood
GSM675390,46.11635971069336,51.88402557373047,train,,Whole Blood
GSM675391,74.6146469116211,68.4719467163086,train,,Whole Blood
GSM675394,74.5379867553711,65.90182495117188,valid,,Whole Blood
GSM675395,43.62765121459961,46.6848030090332,train,,Whole Blood
GSM675398,42.04791259765625,47.274658203125,test,,Whole Blood
GSM712302,58.19575500488281,65.8527603149414,train,,Other
GSM712303,65.66735076904297,64.5775375366211,train,,Other
GSM712305,34.03422164916992,36.54573059082031,train,,Other
GSM712306,59.8275146484375,55.27008056640625,test,,Other
GSM712307,57.65092468261719,60.38201904296875,test,,Other
GSM712308,49.6427116394043,69.96698760986328,test,,Other
GSM712309,76.91991424560547,72.87043762207031,train,,Other
GSM712310,66.90760040283203,68.29935455322266,train,,Other
GSM712311,60.17795944213867,67.21802520751953,train,,Other
GSM712313,82.87200927734375,77.30316162109375,valid,,Other
GSM712314,51.64134216308594,59.58380126953125,train,,Other
GSM712315,52.41067886352539,53.69997024536133,test,,Other
GSM712316,62.34360122680664,60.01185607910156,test,,Other
GSM712318,67.67967224121094,66.8016128540039,test,,Other
GSM712320,48.21628952026367,45.38698959350586,test,,Other
GSM712322,61.89459228515625,55.45196533203125,test,,Other
GSM712323,40.27378463745117,48.32798385620117,train,,Other
GSM712324,76.05201721191406,70.02217864990234,test,,Other
GSM712325,76.344970703125,72.16697692871094,train,,Other
GSM712326,63.56194305419922,62.441253662109375,train,,Other
GSM712327,75.4442138671875,69.23213195800781,train,,Other
GSM712330,57.24845886230469,61.51995086669922,test,,Other
GSM712331,65.36071014404297,71.44445037841797,train,,Other
GSM712332,49.76865005493164,64.25336456298828,valid,,Other
GSM712334,41.73031997680664,59.074745178222656,train,,Other
GSM712339,55.83025360107422,59.765777587890625,train,,Other
GSM712341,60.63518142700195,60.094627380371094,train,,Other
GSM712343,72.48186492919922,69.71330261230469,train,,Other
GSM712344,42.71321105957031,46.927940368652344,train,,Other
GSM712347,52.982887268066406,50.90702438354492,train,,Other
GSM712348,63.93703079223633,54.96299743652344,valid,,Other
GSM712351,59.414100646972656,58.24629211425781,train,,Other
GSM712352,58.54072570800781,56.16416931152344,train,,Other
GSM712353,56.49555206298828,60.83918762207031,test,,Other
GSM712356,68.10677337646484,71.73150634765625,train,,Other
GSM712357,40.993839263916016,50.33650970458984,train,,Other
GSM712359,49.42915725708008,60.84850311279297,valid,,Other
GSM712360,76.21629333496094,74.41470336914062,test,,Other
GSM712362,79.73716735839844,70.01818084716797,train,,Other
GSM712364,76.38330078125,72.0232162475586,train,,Other
GSM712365,57.5468864440918,66.24063110351562,train,,Other
GSM712366,45.87816619873047,50.28420639038086,train,,Other
GSM712373,76.8678970336914,70.05783081054688,train,,Other
GSM712374,70.75154113769531,71.95989990234375,test,,Other
GSM712375,40.17795944213867,48.67884063720703,train,,Other
GSM712376,55.38398361206055,50.418270111083984,test,,Other
GSM712377,45.70294189453125,50.71826171875,test,,Other
GSM712381,50.23408508300781,52.94355773925781,train,,Other
GSM712382,63.490760803222656,67.72428894042969,train,,Other
GSM763063,56.04380416870117,61.942626953125,train,,Cervix
GSM763065,62.8747444152832,62.06022644042969,train,,Cervix
GSM763066,88.60780334472656,76.24072265625,train,,Cervix
GSM763070,57.94387435913086,59.96833038330078,train,,Cervix
GSM763071,43.416839599609375,44.845550537109375,test,,Cervix
GSM763072,66.06981658935547,55.54120635986328,train,,Cervix
GSM763073,53.69198989868164,52.18136215209961,valid,,Cervix
GSM763074,64.7666015625,73.63140869140625,test,,Cervix
GSM763075,70.0396957397461,73.95260620117188,train,,Cervix
GSM763077,54.06160354614258,54.84053421020508,train,,Cervix
GSM763078,49.273101806640625,53.083980560302734,train,,Cervix
GSM763079,58.518821716308594,59.15046691894531,train,,Cervix
GSM763080,33.453800201416016,42.06949996948242,test,,Cervix
GSM763081,48.02190399169922,52.799530029296875,valid,,Cervix
GSM763083,69.26762390136719,70.82052612304688,train,,Cervix
GSM763084,79.48528289794922,73.52020263671875,train,,Cervix
GSM763085,64.5804214477539,54.02344512939453,valid,,Cervix
GSM763086,57.35797500610352,64.98220825195312,train,,Cervix
GSM763089,42.05338668823242,49.48826599121094,train,,Cervix
GSM763091,60.887062072753906,58.37268829345703,test,,Cervix
GSM763094,51.58932113647461,58.91202926635742,valid,,Cervix
GSM763097,53.87268829345703,62.72161865234375,test,,Cervix
GSM763098,76.268310546875,72.55548095703125,train,,Cervix
GSM763099,46.56536483764648,53.53400421142578,train,,Cervix
GSM763100,47.644081115722656,59.233177185058594,train,,Cervix
GSM763102,69.01300811767578,63.29778289794922,train,,Cervix
GSM763103,46.754276275634766,60.18601989746094,valid,,Cervix
GSM763104,76.56673431396484,62.25521087646485,valid,,Cervix
GSM763108,56.72279357910156,60.90058135986328,train,,Cervix
GSM763109,63.32374954223633,59.21910858154297,train,,Cervix
GSM763110,79.21697235107422,69.46288299560547,test,,Cervix
GSM763113,80.43805694580078,72.17012786865234,train,,Cervix
GSM763116,59.93429183959961,53.03374481201172,train,,Cervix
GSM763118,67.5400390625,68.19866943359375,test,,Cervix
GSM763120,53.0485954284668,57.08574295043945,train,,Cervix
GSM763124,50.67761993408203,56.03174591064453,train,,Cervix
GSM763126,57.99589157104492,58.803489685058594,train,,Cervix
GSM763127,75.00615692138672,75.90445709228516,train,,Cervix
GSM763128,79.96440887451172,69.66715240478516,train,,Cervix
GSM763131,58.902122497558594,61.50199890136719,train,,Cervix
GSM763132,54.754276275634766,59.608924865722656,test,,Cervix
GSM763133,73.44010925292969,67.03697204589844,valid,,Cervix
GSM763134,75.83573150634766,71.23564910888672,train,,Cervix
GSM763135,82.65845489501953,71.8982162475586,train,,Cervix
GSM763138,55.036277770996094,53.449859619140625,train,,Cervix
GSM763140,61.56878662109375,55.40926361083984,train,,Cervix
GSM763142,75.81656646728516,67.4852294921875,test,,Cervix
GSM763143,63.84120559692383,63.0370979309082,train,,Cervix
GSM763144,78.17111206054688,70.51948547363281,valid,,Cervix
GSM763146,45.97672653198242,55.46416473388672,test,,Cervix
GSM763147,72.81587982177734,66.94290161132812,train,,Cervix
GSM763149,72.4845962524414,69.02726745605469,train,,Cervix
GSM763150,53.98767852783203,53.19573974609375,train,,Cervix
GSM763151,85.1362075805664,72.50810241699219,train,,Cervix
GSM763152,65.6153335571289,60.96195983886719,train,,Cervix
GSM763153,68.04380798339844,62.037872314453125,train,,Cervix
GSM763154,52.39972686767578,59.05159759521485,train,,Cervix
GSM763157,65.32511901855469,61.70834732055664,test,,Cervix
GSM763159,55.87953567504883,61.0579833984375,train,,Cervix
GSM763162,73.5003433227539,76.71519470214844,train,,Cervix
GSM763164,74.3655014038086,70.89888000488281,test,,Cervix
GSM763165,75.4195785522461,72.4706802368164,train,,Cervix
GSM763167,60.547569274902344,63.28586959838867,train,,Cervix
GSM763168,72.49281311035156,61.807762145996094,train,,Cervix
GSM763171,52.07939910888672,73.92024230957031,test,,Cervix
GSM763173,48.958248138427734,51.225921630859375,train,,Cervix
GSM763176,41.18001556396485,46.672359466552734,test,,Cervix
GSM763177,60.19986343383789,64.92931365966797,train,,Cervix
GSM763180,34.24503707885742,42.6248664855957,test,,Cervix
GSM763182,68.04380798339844,69.4075927734375,train,,Cervix
GSM763184,86.5571517944336,71.31539154052734,train,,Cervix
GSM763187,42.978782653808594,41.075443267822266,train,,Cervix
GSM763188,54.57084274291992,64.97235107421875,train,,Cervix
GSM763189,42.811771392822266,38.33209228515625,valid,,Cervix
GSM763190,50.9130744934082,67.69945526123047,train,,Cervix
GSM763191,69.18001556396484,69.02613830566406,train,,Cervix
GSM763192,72.77754974365234,67.98974609375,test,,Cervix
GSM763193,47.54825592041016,46.83354568481445,test,,Cervix
GSM763194,59.017112731933594,71.83929443359375,train,,Cervix
GSM763199,59.80013656616211,62.043434143066406,train,,Cervix
GSM763201,51.80287551879883,54.30305480957031,train,,Cervix
GSM763203,52.10129928588867,65.07891845703125,train,,Cervix
GSM763204,64.41615295410156,62.84577941894531,train,,Cervix
GSM763205,57.95482635498047,61.67286682128906,train,,Cervix
GSM763206,40.00547409057617,52.64079284667969,train,,Cervix
GSM763207,86.39835357666016,76.49185180664062,train,,Cervix
GSM763208,47.80561447143555,62.434059143066406,test,,Cervix
GSM763211,39.83846664428711,48.83454132080078,train,,Cervix
GSM763212,46.52156066894531,52.84184265136719,train,,Cervix
GSM763213,38.94866561889648,48.23126220703125,train,,Cervix
GSM763214,77.44558715820312,68.72429656982422,train,,Cervix
GSM763232,60.33127975463867,59.22499465942383,train,,Cervix
GSM763233,42.6064338684082,46.03221130371094,train,,Cervix
GSM763234,61.93839645385742,60.148712158203125,test,,Cervix
GSM763235,69.73306274414062,68.92799377441406,train,,Cervix
GSM763236,52.39698791503906,61.8101806640625,train,,Cervix
GSM763240,59.961669921875,67.13063049316406,train,,Cervix
GSM763241,51.58932113647461,53.64679718017578,test,,Cervix
GSM763252,52.16153335571289,59.254371643066406,train,,Cervix
GSM763253,43.90965270996094,53.922462463378906,train,,Cervix
GSM763254,88.40520477294922,77.34768676757812,train,,Cervix
GSM763255,61.138946533203125,63.55963134765625,train,,Cervix
GSM763256,76.4024658203125,57.53553009033203,valid,,Cervix
GSM763258,53.149898529052734,52.59494400024414,train,,Cervix
GSM763259,56.39151382446289,56.852783203125,train,,Cervix
GSM763260,46.844627380371094,48.36681365966797,test,,Cervix
GSM765860,79.808349609375,70.76544189453125,train,,Whole Blood
GSM765861,67.01437377929688,67.24378204345703,train,,Whole Blood
GSM765862,53.0677604675293,53.90584182739258,train,,Whole Blood
GSM765863,79.25530242919922,69.76388549804688,train,,Whole Blood
GSM765864,61.57973861694336,68.61901092529297,train,,Whole Blood
GSM765865,47.77275848388672,60.33818817138672,valid,,Whole Blood
GSM765866,79.06365203857422,60.51677703857422,train,,Whole Blood
GSM765867,70.29979705810547,71.3025894165039,test,,Whole Blood
GSM765868,49.193702697753906,61.69363021850586,train,,Whole Blood
GSM765869,57.169063568115234,58.26642608642578,train,,Whole Blood
GSM765870,82.65571594238281,66.23043060302734,train,,Whole Blood
GSM765871,40.70636367797851,53.0283317565918,test,,Whole Blood
GSM765872,52.906227111816406,61.176177978515625,valid,,Whole Blood
GSM765873,53.330596923828125,58.496055603027344,train,,Whole Blood
GSM765874,79.06092071533203,72.0098648071289,train,,Whole Blood
GSM765875,69.58795166015625,67.45899963378906,train,,Whole Blood
GSM765876,69.19096374511719,59.22356414794922,test,,Whole Blood
GSM765877,63.70157241821289,63.45057678222656,train,,Whole Blood
GSM765878,52.632442474365234,52.94476318359375,valid,,Whole Blood
GSM765879,45.76865005493164,50.293678283691406,train,,Whole Blood
GSM765880,79.54277801513672,73.41971588134766,train,,Whole Blood
GSM765881,78.60095977783203,70.47917175292969,train,,Whole Blood
GSM765882,75.04175567626953,74.14970397949219,train,,Whole Blood
GSM765883,42.46406555175781,53.744285583496094,train,,Whole Blood
GSM765884,31.449691772460938,46.98900604248047,train,,Whole Blood
GSM765885,53.52498245239258,54.21947479248047,train,,Whole Blood
GSM765886,59.49349594116211,63.38410186767578,train,,Whole Blood
GSM765887,75.75633239746094,71.47035217285156,test,,Whole Blood
GSM765888,57.34428405761719,60.13548278808594,train,,Whole Blood
GSM765889,56.69541549682617,63.500186920166016,test,,Whole Blood
GSM765890,75.86310577392578,70.51893615722656,valid,,Whole Blood
GSM765891,69.89459228515625,72.02928924560547,train,,Whole Blood
GSM765892,67.83847045898438,70.34425354003906,train,,Whole Blood
GSM765893,54.87200546264648,60.74934387207031,train,,Whole Blood
GSM765894,71.91786193847656,69.49419403076172,train,,Whole Blood
GSM765895,69.76317596435547,67.39729309082031,train,,Whole Blood
GSM765896,59.89322280883789,59.82299041748047,valid,,Whole Blood
GSM765897,60.49281311035156,62.531883239746094,test,,Whole Blood
GSM765898,66.12731170654297,65.36601257324219,train,,Whole Blood
GSM765899,64.64887237548828,52.54878234863281,valid,,Whole Blood
GSM792034,79.425048828125,68.76388549804688,train,,Breast
GSM792035,64.50102996826172,68.7225570678711,train,,Breast
GSM792036,73.23477172851562,61.315208435058594,train,,Breast
GSM792037,40.00821304321289,57.90412902832031,train,,Breast
GSM792039,80.13141632080078,72.75709533691406,valid,,Breast
GSM792040,50.81998443603515,57.49509811401367,train,,Breast
GSM792043,76.95551300048828,73.92108154296875,train,,Breast
GSM792047,53.92744827270508,77.634033203125,train,,Breast
GSM792048,62.882957458496094,72.13262939453125,train,,Breast
GSM796576,70.29979705810547,71.06512451171875,train,,Colon
GSM796577,46.80903625488281,66.1221923828125,train,,Colon
GSM796578,71.2087631225586,64.47024536132812,train,,Colon
GSM796579,62.96235275268555,62.06671905517578,train,,Colon
GSM796580,57.50307846069336,54.36100387573242,train,,Colon
GSM796581,73.53045654296875,72.91163635253906,valid,,Colon
GSM796582,73.53319549560547,68.09457397460938,train,,Colon
GSM796583,76.79397583007812,75.5377197265625,train,,Colon
GSM796584,62.73237609863281,70.94493103027344,test,,Colon
GSM796585,79.44695281982422,72.73182678222656,train,,Colon
GSM796661,66.45858764648438,60.99494934082031,train,,
GSM796662,77.77139282226562,77.14147186279297,train,,
GSM796665,72.27925872802734,75.56755065917969,train,,
GSM796666,68.26557159423828,66.00999450683594,train,,
GSM796667,52.4024658203125,66.21617126464844,train,,
GSM796668,69.78507995605469,62.338768005371094,valid,,
GSM796669,80.79671478271484,79.19255828857422,train,,
GSM796670,51.885009765625,64.50190734863281,train,,
GSM796671,75.99178314208984,72.76719665527344,train,,
GSM796672,70.60369873046875,66.35455322265625,train,,
GSM796673,76.46817016601562,78.43679809570312,valid,,
GSM796674,59.47980880737305,54.69215774536133,train,,
GSM796675,80.78849792480469,68.39906311035156,test,,
GSM796676,61.95208740234375,62.74764633178711,train,,
GSM796677,58.26968002319336,62.21495819091797,train,,
GSM796678,66.40657043457031,68.8082275390625,train,,
GSM796679,75.92881774902344,68.1932144165039,train,,
GSM796695,72.32032775878906,67.84030151367188,train,,
GSM796699,72.6570816040039,67.47882080078125,valid,,
GSM801711,86.54346466064453,75.85841369628906,train,,Breast
GSM801718,60.52293014526367,73.24900817871094,train,,Breast
GSM801722,73.51403045654297,62.15948486328125,train,,Breast
GSM801731,68.80766296386719,65.08871459960938,test,,Breast
GSM801742,52.22176742553711,65.80128479003906,train,,Breast
GSM801747,85.5195083618164,75.31988525390625,train,,Breast
GSM801754,62.27241516113281,65.51959228515625,train,,Breast
GSM801772,74.96509552001953,71.71855163574219,train,,Breast
GSM801789,67.43600463867188,62.44761657714844,train,,Breast
GSM801815,77.71936798095703,68.30265045166016,test,,Breast
GSM801816,65.3086929321289,63.02312469482422,test,,Breast
GSM801832,59.59206008911133,52.88977813720703,train,,Breast
GSM801834,59.175907135009766,60.54566192626953,valid,,Breast
GSM801872,65.8644790649414,71.18363189697266,train,,Whole Blood
GSM801874,61.52224349975586,56.01703643798828,train,,Whole Blood
GSM801876,67.00068664550781,66.09593200683594,train,,Whole Blood
GSM801878,53.185489654541016,59.31566619873047,train,,Whole Blood
GSM801880,42.21218490600586,40.10194778442383,train,,Whole Blood
GSM801882,51.62491607666016,50.356651306152344,test,,Whole Blood
GSM801884,65.74674987792969,67.77010345458984,test,,Whole Blood
GSM801885,65.18275451660156,62.74525451660156,valid,,Whole Blood
GSM801887,60.878849029541016,68.4008560180664,test,,Whole Blood
GSM801889,68.46817016601562,65.74812316894531,train,,Whole Blood
GSM801891,58.14647674560547,57.33183288574219,train,,Whole Blood
GSM801893,66.37918853759766,71.88641357421875,train,,Whole Blood
GSM801895,77.83709716796875,72.86905670166016,train,,Whole Blood
GSM801897,73.16085052490234,63.51955032348633,test,,Whole Blood
GSM801899,65.3470230102539,68.00477600097656,test,,Whole Blood
GSM801901,56.50102615356445,65.57994842529297,train,,Whole Blood
GSM801903,60.832305908203125,59.32312774658203,train,,Whole Blood
GSM801905,70.51608276367188,63.146976470947266,train,,Whole Blood
GSM801907,69.83161926269531,68.15925598144531,train,,Whole Blood
GSM801909,66.08624267578125,63.94264221191406,train,,Whole Blood
GSM801911,57.54962539672851,57.321983337402344,valid,,Whole Blood
GSM801913,65.85900115966797,64.7011489868164,train,,Whole Blood
GSM801915,73.37166595458984,63.53791809082031,train,,Whole Blood
GSM801917,40.09034729003906,46.418121337890625,train,,Whole Blood
GSM801919,67.66050720214844,62.42988967895508,train,,Whole Blood
GSM801921,76.95003509521484,66.457763671875,train,,Whole Blood
GSM801923,79.33744049072266,76.12068176269531,train,,Whole Blood
GSM801925,81.66187286376953,64.97880554199219,train,,Whole Blood
GSM801927,50.954139709472656,50.45261001586914,train,,Whole Blood
GSM801930,73.47843933105469,72.41236877441406,train,,Whole Blood
GSM813174,74.31896209716797,63.060997009277344,valid,,Lung
GSM813176,81.84257507324219,69.78511047363281,valid,,Lung
GSM813178,65.63175964355469,58.65416717529297,train,,Lung
GSM813182,55.167694091796875,65.8767318725586,train,,Lung
GSM813184,75.97261810302734,59.050445556640625,train,,Lung
GSM813190,68.16426849365234,66.61491394042969,valid,,Lung
GSM813200,78.9212875366211,69.67825317382812,train,,Lung
GSM813204,71.34565734863281,62.43183898925781,train,,Lung
GSM813206,81.19644165039062,67.3636703491211,train,,Lung
GSM813216,52.08761215209961,58.07731246948242,test,,Lung
GSM813224,72.23271942138672,68.03923797607422,valid,,Lung
GSM813226,73.75222778320312,74.54072570800781,test,,Lung
GSM813228,58.66666793823242,61.18798828125,train,,Lung
GSM813232,72.8678970336914,75.17408752441406,train,,Lung
GSM813234,73.7494888305664,70.08832550048828,train,,Lung
GSM813240,67.01437377929688,62.78065490722656,valid,,Lung
GSM813244,73.71662902832031,67.91900634765625,train,,Lung
GSM813246,63.98357391357422,72.43775177001953,train,,Lung
GSM813250,83.32649230957031,76.42051696777344,train,,Lung
GSM813254,74.13005065917969,63.596492767333984,test,,Lung
GSM813256,44.64339447021485,56.44536590576172,train,,Lung
GSM813258,61.88090515136719,65.63501739501953,train,,Lung
GSM813260,65.53593444824219,63.14739990234375,train,,Lung
GSM813262,58.37919235229492,60.98641204833984,test,,Lung
GSM813264,67.0171127319336,67.9664077758789,train,,Lung
GSM813266,53.262149810791016,61.129981994628906,train,,Lung
GSM813268,55.75359344482422,62.254249572753906,test,,Lung
GSM813272,64.28473663330078,48.957427978515625,train,,Lung
GSM813274,61.53319549560547,67.25725555419922,train,,Lung
GSM813276,58.09992980957031,66.08624267578125,train,,Lung
GSM813278,63.501712799072266,63.86595153808594,train,,Lung
GSM813280,68.27104949951172,64.20346069335938,train,,Lung
GSM813282,55.091033935546875,69.68824768066406,train,,Lung
GSM813288,72.83504486083984,66.96765899658203,train,,Lung
GSM813290,71.08829498291016,68.22691345214844,test,,Lung
GSM840660,54.59000778198242,59.95191955566406,test,,Other
GSM840661,55.21149826049805,60.505271911621094,train,,Other
GSM840662,66.49417877197266,66.71188354492188,valid,,Other
GSM840663,72.498291015625,65.0038070678711,train,,Other
GSM840666,61.234771728515625,68.67512512207031,train,,Other
GSM840667,60.41889190673828,63.781494140625,test,,Other
GSM840668,64.22450256347656,65.73342895507812,train,,Other
GSM840669,61.41820526123047,67.1822509765625,train,,Other
GSM840670,70.51608276367188,65.92503356933594,test,,Other
GSM840673,55.83025360107422,64.66258239746094,train,,Other
GSM840675,59.52361297607422,54.93377685546875,train,,Other
GSM840680,63.24708938598633,62.90013885498047,train,,Other
GSM840681,48.75291061401367,50.82830810546875,train,,Other
GSM840682,44.969200134277344,60.4746208190918,train,,Other
GSM840683,62.33538818359375,62.00696563720703,train,,Other
GSM840684,68.13689422607422,65.72767639160156,valid,,Other
GSM840685,80.4845962524414,75.48703002929688,test,,Other
GSM840686,87.67693328857422,75.45985412597656,test,,Other
GSM840690,73.01847839355469,73.54419708251953,train,,Other
GSM840692,76.36687469482422,74.13843536376953,train,,Other
GSM840694,71.97809600830078,74.46297454833984,train,,Other
GSM840696,70.68035888671875,66.57691955566406,train,,Other
GSM840697,66.42025756835938,67.39384460449219,train,,Other
GSM840701,55.90691375732422,69.68559265136719,train,,Other
GSM840703,58.30253219604492,69.63214111328125,train,,Other
GSM840705,64.07666015625,66.73428344726562,train,,Other
GSM840706,78.92402648925781,77.71231079101562,train,,Other
GSM840709,79.43600463867188,69.93946075439453,test,,Other
GSM840710,80.60506439208984,74.49803161621094,train,,Other
GSM840712,78.06981658935547,79.18838500976562,train,,Other
GSM840715,43.98357391357422,67.30499267578125,train,,Other
GSM840717,66.67761993408203,65.75146484375,train,,Other
GSM840720,34.631072998046875,28.53079605102539,train,,Other
GSM840721,34.67488098144531,43.29294967651367,train,,Other
GSM840722,45.99041748046875,41.7723503112793,train,,Other
GSM840723,28.005475997924805,23.43140983581543,test,,Other
GSM840724,47.07734298706055,40.00523376464844,train,,Other
GSM840725,55.26625442504883,41.47351837158203,train,,Other
GSM840728,64.62149047851562,52.57499694824219,test,,Other
GSM840730,15.364818572998049,22.306671142578125,train,,Other
GSM840731,38.39835739135742,39.70212173461914,train,,Other
GSM840732,70.64476013183594,55.13710021972656,train,,Other
GSM840734,66.60643768310547,57.24836730957031,train,,Other
GSM840735,42.06981658935547,31.576629638671875,train,,Other
GSM840736,36.38603591918945,45.19189453125,valid,,Other
GSM840737,43.46611785888672,45.07985305786133,train,,Other
GSM840739,32.66803741455078,36.28489685058594,test,,Other
GSM840740,66.19575500488281,49.72356414794922,test,,Other
GSM840742,29.995893478393555,40.69889068603515,train,,Other
GSM840743,24.61054039001465,32.479774475097656,train,,Other
GSM840745,63.08829498291016,49.67657470703125,test,,Other
GSM840746,30.18206787109375,28.027494430541992,train,,Other
GSM840747,42.19301986694336,32.68737030029297,test,,Other
GSM840748,33.040382385253906,20.628482818603516,train,,Other
GSM840751,34.765228271484375,35.00563430786133,test,,Other
GSM840752,36.70636367797851,46.04498672485352,train,,Other
GSM840756,38.45037460327149,35.37313461303711,train,,Other
GSM840757,58.2231330871582,54.44327926635742,train,,Other
GSM840760,30.631074905395508,35.115997314453125,test,,Other
GSM840761,23.411361694335938,33.445125579833984,train,,Other
GSM840764,69.99315643310547,70.12088012695312,train,,Other
GSM840766,77.06228637695312,59.919830322265625,train,,Other
GSM840769,18.299795150756836,21.7686767578125,train,,Other
GSM840771,53.021217346191406,47.05556106567383,train,,Other
GSM840772,55.53456497192383,57.765899658203125,train,,Other
GSM840775,53.015743255615234,58.10856628417969,train,,Other
GSM840781,89.99589538574219,83.50930786132812,train,,Other
GSM840782,67.04448699951172,77.23480224609375,train,,Other
GSM840785,69.26762390136719,75.79525756835938,train,,Other
GSM840786,35.9808349609375,41.87207794189453,train,,Other
GSM840788,61.82614517211914,66.65026092529297,train,,Other
GSM840789,56.41067886352539,52.40999984741211,valid,,Other
GSM840790,46.42573547363281,51.75984954833984,train,,Other
GSM840791,60.33127975463867,57.1590461730957,valid,,Other
GSM840792,63.93703079223633,58.93948745727539,valid,,Other
GSM840793,69.81245422363281,72.9609375,train,,Other
GSM840794,56.421630859375,55.01881408691406,train,,Other
GSM840795,58.39288330078125,62.78477478027344,train,,Other
GSM840797,66.34907531738281,59.58488464355469,train,,Other
GSM840799,58.04243850708008,57.19606018066406,train,,Other
GSM840800,64.19712829589844,75.15472412109375,train,,Other
GSM840801,87.885009765625,66.28672790527344,train,,Other
GSM840802,47.81930160522461,49.62985610961914,train,,Other
GSM840803,69.0,63.54172134399414,train,,Other
GSM840804,69.0,59.89759063720703,valid,,Other
GSM840805,87.0,80.95829772949219,train,,Other
GSM840806,70.0,70.28961181640625,train,,Other
GSM840808,42.18082046508789,49.48245620727539,train,,Other
GSM840809,59.20547866821289,59.33983612060547,valid,,Other
GSM840810,38.424659729003906,45.53846740722656,valid,,Other
GSM840811,39.046573638916016,49.62749099731445,train,,Other
GSM840813,37.901371002197266,40.60194396972656,valid,,Other
GSM840814,40.8821907043457,41.36100769042969,valid,,Other
GSM840816,0.0,0.3142623901367187,valid,,Other
GSM840817,100.0,95.5197982788086,train,,Other
GSM840818,0.0,-0.5926856994628906,train,,Other
GSM840819,89.0,89.31397247314453,valid,,Other
GSM840821,89.0,88.44621276855469,train,,Other
GSM840822,91.0,92.3896255493164,train,,Other
GSM840825,89.0,90.44608306884766,train,,Other
GSM840827,103.0,72.78274536132812,train,,Other
GSM840828,90.0,96.24436950683594,train,,Other
GSM840831,90.0,87.24119567871094,train,,Other
GSM840833,96.0,89.12293243408203,train,,Other
GSM840835,0.0,-0.2096061706542968,train,,Other
GSM840836,90.0,85.01406860351562,train,,Other
GSM840838,95.0,88.70526123046875,train,,Other
GSM840839,98.0,95.4365234375,train,,Other
GSM840840,92.0,90.46376037597656,train,,Other
GSM840842,12.0,12.697296142578123,train,,Other
GSM840844,3.5,14.655838012695312,test,,Other
GSM840846,17.0,23.31397247314453,train,,Other
GSM840847,17.5,24.78342628479004,test,,Other
GSM840848,5.0,3.827686309814453,train,,Other
GSM840852,3.5,1.652252197265625,valid,,Other
GSM840853,12.0,10.905078887939451,test,,Other
GSM840854,17.0,15.978355407714844,train,,Other
GSM840855,8.0,13.349308013916016,test,,Other
GSM845923,13.5,11.083805084228516,valid,,Whole Blood
GSM845924,10.0,10.867334365844728,valid,,Whole Blood
GSM845925,44.0,39.998329162597656,train,,Whole Blood
GSM845926,52.0,54.01163864135742,train,,Whole Blood
GSM845927,50.0,48.24281692504883,train,,Whole Blood
GSM845928,51.0,51.81128692626953,train,,Whole Blood
GSM845929,61.0,60.3685302734375,train,,Whole Blood
GSM845930,70.0,66.9635238647461,train,,Whole Blood
GSM845931,70.0,51.537845611572266,test,,Whole Blood
GSM845932,55.0,63.97377014160156,test,,Whole Blood
GSM845933,56.0,56.81697845458984,train,,Whole Blood
GSM845934,52.0,47.497314453125,train,,Whole Blood
GSM845935,54.0,56.81338882446289,valid,,Whole Blood
GSM845936,57.0,59.85264587402344,valid,,Whole Blood
GSM845937,50.0,52.51852798461914,train,,Whole Blood
GSM845938,0.0,-0.4159355163574219,train,,Whole Blood
GSM845939,0.0,-0.9866180419921876,train,,Whole Blood
GSM845940,1.0,-0.0443840026855468,valid,,Whole Blood
GSM845941,1.0,1.9047317504882812,test,,Whole Blood
GSM845942,1.0,-0.1307640075683593,valid,,Whole Blood
GSM845943,0.0,-0.6557693481445312,test,,Whole Blood
GSM845944,1.0,1.1930923461914062,train,,Whole Blood
GSM845945,1.0,0.6100387573242188,train,,Whole Blood
GSM845946,1.0,0.1675262451171875,train,,Whole Blood
GSM845947,0.0,-0.382659912109375,train,,Whole Blood
GSM845948,0.0,-1.5881195068359375,train,,Whole Blood
GSM845949,0.0,0.3692398071289062,train,,Whole Blood
GSM845950,0.0,-0.9013671875,train,,Whole Blood
GSM845951,0.0,-0.2170867919921875,test,,Whole Blood
GSM845952,1.0,0.782440185546875,valid,,Whole Blood
GSM845953,0.0,-1.0134773254394531,train,,Whole Blood
GSM845954,0.0,-1.2829322814941406,train,,Whole Blood
GSM845955,1.0,0.6125679016113281,train,,Whole Blood
GSM845956,0.0,-0.6450233459472656,train,,Whole Blood
GSM845957,1.0,0.0332221984863281,train,,Whole Blood
GSM845958,43.0,50.980857849121094,valid,,Whole Blood
GSM845959,39.0,41.473609924316406,test,,Whole Blood
GSM845960,55.0,55.52471923828125,test,,Whole Blood
GSM845961,45.0,48.51802062988281,train,,Whole Blood
GSM845962,40.0,46.795379638671875,test,,Whole Blood
GSM845963,28.0,33.495513916015625,train,,Whole Blood
GSM845964,20.0,21.215137481689453,train,,Whole Blood
GSM845965,33.0,35.839054107666016,valid,,Whole Blood
GSM845966,21.0,28.87903213500977,test,,Whole Blood
GSM845967,29.0,36.465728759765625,train,,Whole Blood
GSM845968,38.0,49.74935150146485,train,,Whole Blood
GSM845969,32.0,38.84215545654297,test,,Whole Blood
GSM845970,36.0,32.11545181274414,train,,Whole Blood
GSM845971,21.0,30.223220825195312,test,,Whole Blood
GSM845972,21.0,27.505096435546875,train,,Whole Blood
GSM845973,23.0,31.306182861328125,train,,Whole Blood
GSM845974,18.0,12.675186157226562,train,,Whole Blood
GSM845975,26.0,33.90726089477539,test,,Whole Blood
GSM845976,48.0,49.31591033935547,test,,Whole Blood
GSM845977,47.0,43.73098373413086,train,,Whole Blood
GSM845978,16.0,15.24561882019043,train,,Whole Blood
GSM845979,13.0,22.669885635375977,test,,Whole Blood
GSM845980,26.0,23.596500396728516,train,,Whole Blood
GSM845981,17.0,11.901966094970703,test,,Whole Blood
GSM845982,43.0,51.89271545410156,train,,Whole Blood
GSM845983,48.0,36.59685134887695,train,,Whole Blood
GSM845984,40.0,44.06136703491211,train,,Whole Blood
GSM845985,21.0,28.08208465576172,train,,Whole Blood
GSM845986,50.0,54.96704864501953,test,,Whole Blood
GSM845987,46.0,58.13855743408203,train,,Whole Blood
GSM845988,35.0,47.7150993347168,train,,Whole Blood
GSM845989,79.0,81.46722412109375,train,,Whole Blood
GSM845990,47.0,37.17544937133789,train,,Whole Blood
GSM845991,50.0,43.87373733520508,test,,Whole Blood
GSM845992,21.0,27.48256492614746,train,,Whole Blood
GSM845993,50.0,64.29530334472656,train,,Whole Blood
GSM845994,21.0,16.833698272705078,test,,Whole Blood
GSM845995,52.0,49.1505012512207,train,,Whole Blood
GSM845996,30.0,33.08008575439453,train,,Whole Blood
GSM845997,15.0,25.77965927124023,valid,,Whole Blood
GSM845998,23.0,29.18829345703125,train,,Whole Blood
GSM845999,13.0,17.074974060058594,train,,Whole Blood
GSM846000,43.0,34.131717681884766,train,,Whole Blood
GSM846001,31.0,28.307689666748047,train,,Whole Blood
GSM846002,40.0,43.33940505981445,valid,,Whole Blood
GSM846003,46.0,33.29646301269531,train,,Whole Blood
GSM846004,16.0,24.47463607788086,test,,Whole Blood
GSM846005,15.0,15.279138565063477,train,,Whole Blood
GSM846006,18.0,24.120317459106445,train,,Whole Blood
GSM852282,0.0,0.3463821411132812,train,,Cells
GSM852283,0.0,-0.0064201354980468,train,,Cells
GSM852284,0.0,-0.2796707153320312,train,,Cells
GSM852285,0.0,0.2399101257324218,train,,Cells
GSM852286,1.5,2.058155059814453,train,,Cells
GSM852287,1.5,1.802776336669922,train,,Cells
GSM852288,0.0,0.75372314453125,train,,Cells
GSM852289,0.0,0.5263290405273438,test,,Cells
GSM852290,0.0,-0.15594482421875,test,,Cells
GSM852291,1.5,1.7727890014648438,test,,Cells
GSM852292,0.0,2.1067543029785156,train,,Cells
GSM852293,1.5,4.8337249755859375,train,,Cells
GSM852294,1.5,0.8703727722167969,train,,Cells
GSM852295,0.0,-0.3649635314941406,train,,Cells
GSM852296,0.0,0.0829124450683593,train,,Cells
GSM852297,0.0,0.18408203125,train,,Cells
GSM852298,0.0,1.1436614990234375,train,,Cells
GSM852299,1.5,2.1225852966308594,train,,Cells
GSM852300,1.5,3.74747085571289,train,,Cells
GSM852301,1.5,1.8256568908691408,train,,Cells
GSM852302,0.0,-0.6360015869140625,train,,Cells
GSM852303,1.5,2.0624847412109375,train,,Cells
GSM852304,41.0,52.28368377685547,valid,,Cells
GSM852305,58.0,60.69614028930664,test,,Cells
GSM852306,45.0,27.12492561340332,train,,Cells
GSM852307,43.0,45.28052520751953,train,,Cells
GSM852308,46.0,44.72614669799805,train,,Cells
GSM852309,59.0,42.179832458496094,valid,,Cells
GSM852310,61.0,64.53118896484375,valid,,Cells
GSM852311,62.0,43.03020095825195,train,,Cells
GSM852312,68.0,63.79637145996094,train,,Cells
GSM852313,0.0,2.0547447204589844,train,,Cells
GSM852314,0.0,14.624700546264648,valid,,Cells
GSM852315,0.0,27.11732482910156,test,,Cells
GSM852316,0.0,0.9565505981445312,train,,Cells
GSM852317,0.0,26.138181686401367,train,,Cells
GSM852318,0.0,3.6360931396484375,train,,Cells
GSM852319,0.0,15.04960823059082,train,,Cells
GSM852320,0.0,1.8729476928710935,train,,Cells
GSM852321,0.0,14.421323776245115,train,,Cells
GSM852322,0.0,5.317691802978516,train,,Cells
GSM852323,0.0,9.094345092773438,train,,Cells
GSM852324,0.0,4.452884674072266,test,,Cells
GSM852325,0.0,2.6703834533691406,test,,Cells
GSM852326,0.0,1.1222000122070312,test,,Cells
GSM852327,0.0,29.073925018310547,valid,,Cells
GSM852328,0.0,3.184112548828125,test,,Cells
GSM852329,0.0,1.918254852294922,train,,Cells
GSM879995,0.0,15.224449157714844,train,,Whole Blood
GSM879996,0.0,0.8258857727050781,train,,Whole Blood
GSM879998,0.0,0.7744560241699219,train,,Whole Blood
GSM879999,29.0,35.271976470947266,train,,Whole Blood
GSM880000,29.0,35.54153060913086,train,,Whole Blood
GSM880001,35.0,33.74588394165039,train,,Whole Blood
GSM880005,26.0,34.72882080078125,train,,Whole Blood
GSM880007,26.0,34.36241149902344,train,,Whole Blood
GSM880013,0.0,-0.1858596801757812,test,,Whole Blood
GSM880014,0.0,-0.365478515625,train,,Whole Blood
GSM880016,0.0,-0.2413406372070312,train,,Whole Blood
GSM880017,0.0,0.1186180114746093,train,,Whole Blood
GSM880020,0.0,0.2687530517578125,train,,Whole Blood
GSM880021,0.0,-0.2794647216796875,valid,,Whole Blood
GSM880023,0.0,-0.2969818115234375,train,,Whole Blood
GSM880024,0.0,0.2074050903320312,train,,Whole Blood
GSM880025,0.0,0.634124755859375,train,,Whole Blood
GSM880027,0.0,-0.2559547424316406,train,,Whole Blood
GSM880028,0.0,-0.2735786437988281,train,,Whole Blood
GSM880029,55.0,62.43666076660156,train,,Whole Blood
GSM880032,38.0,37.48375701904297,train,,Whole Blood
GSM880033,70.0,61.208839416503906,train,,Whole Blood
GSM880034,73.0,54.12798309326172,train,,Whole Blood
GSM880036,51.0,45.06102752685547,train,,Whole Blood
GSM880041,44.0,46.102020263671875,train,,Whole Blood
GSM880044,53.0,48.55405807495117,test,,Whole Blood
GSM880045,42.0,44.78421401977539,train,,Whole Blood
GSM880047,64.0,66.82010650634766,valid,,Whole Blood
GSM880050,43.0,42.49259567260742,test,,Whole Blood
GSM880058,52.0,55.6709098815918,test,,Whole Blood
GSM880061,65.0,64.53030395507812,test,,Whole Blood
GSM880063,69.0,56.40320587158203,test,,Whole Blood
GSM880066,71.0,72.2313232421875,train,,Whole Blood
GSM880067,68.0,63.63642883300781,train,,Whole Blood
GSM880070,76.0,75.07120513916016,train,,Whole Blood
GSM880074,72.0,70.9865951538086,test,,Whole Blood
GSM880076,78.0,66.18437194824219,train,,Whole Blood
GSM880080,65.0,74.00366973876953,train,,Whole Blood
GSM880081,65.0,69.07689666748047,test,,Whole Blood
GSM880085,63.0,66.93470764160156,train,,Whole Blood
GSM880086,87.0,73.0579605102539,train,,Whole Blood
GSM880093,75.0,73.12863159179688,train,,Whole Blood
GSM880096,48.0,49.64558410644531,train,,Whole Blood
GSM880101,63.0,66.55989837646484,train,,Whole Blood
GSM880102,59.0,57.437286376953125,valid,,Whole Blood
GSM880111,50.0,43.4699592590332,train,,Whole Blood
GSM880120,69.0,54.17562103271485,test,,Whole Blood
GSM880124,47.0,50.115718841552734,train,,Whole Blood
GSM880128,63.0,62.75710678100586,train,,Whole Blood
GSM880131,50.0,46.76679611206055,train,,Whole Blood
GSM880138,52.0,59.511756896972656,test,,Whole Blood
GSM880141,67.0,65.79545593261719,test,,Whole Blood
GSM880144,73.0,61.30087661743164,test,,Whole Blood
GSM880145,19.0,34.51337432861328,test,,Whole Blood
GSM880148,89.0999984741211,82.00541687011719,train,,Whole Blood
GSM880150,19.0,27.985132217407227,train,,Whole Blood
GSM880152,19.0,35.04072189331055,valid,,Whole Blood
GSM880153,71.0,76.88949584960938,train,,Whole Blood
GSM880154,79.0,79.09225463867188,test,,Whole Blood
GSM880155,23.0,35.46672821044922,train,,Whole Blood
GSM880156,22.0,41.50917053222656,valid,,Whole Blood
GSM880157,23.0,22.772167205810547,train,,Whole Blood
GSM880159,22.0,17.912574768066406,train,,Whole Blood
GSM880160,25.0,73.75286865234375,train,,Whole Blood
GSM880161,25.0,39.48761367797851,train,,Whole Blood
GSM880162,70.0,74.69017028808594,test,,Whole Blood
GSM880163,20.0,22.792728424072266,train,,Whole Blood
GSM880164,76.0,76.431640625,train,,Whole Blood
GSM880166,19.0,22.553939819335938,train,,Whole Blood
GSM880169,20.0,22.34958839416504,train,,Whole Blood
GSM880170,23.0,26.468299865722656,train,,Whole Blood
GSM880171,79.5,80.37130737304688,train,,Whole Blood
GSM880173,76.0,72.31668090820312,train,,Whole Blood
GSM880174,55.10200119018555,55.959495544433594,valid,,Whole Blood
GSM880175,52.29800033569336,55.20525360107422,train,,Whole Blood
GSM880176,56.39400100708008,53.142433166503906,train,,Whole Blood
GSM880177,43.577999114990234,51.133419036865234,test,,Whole Blood
GSM880181,63.58399963378906,63.35196685791016,train,,Whole Blood
GSM880184,59.29100036621094,61.606536865234375,train,,Whole Blood
GSM880185,64.84100341796875,59.23728561401367,train,,Whole Blood
GSM882036,61.9379997253418,58.027347564697266,train,,Muscle
GSM882037,59.20100021362305,57.72522735595703,train,,Muscle
GSM882040,53.349998474121094,60.574440002441406,train,,Muscle
GSM882041,52.96599960327149,50.413360595703125,train,,Muscle
GSM882042,44.25699996948242,54.81428909301758,train,,Muscle
GSM882043,55.709999084472656,60.171104431152344,train,,Muscle
GSM882044,50.19599914550781,47.851322174072266,train,,Muscle
GSM882045,55.24399948120117,62.4326171875,train,,Muscle
GSM882046,62.96200180053711,52.192256927490234,train,,Muscle
GSM882047,61.95800018310547,58.93927001953125,valid,,Muscle
GSM882048,54.4119987487793,54.27962875366211,train,,Muscle
GSM882049,59.85200119018555,59.554534912109375,train,,Muscle
GSM882050,46.97600173950195,47.27869415283203,test,,Muscle
GSM882051,58.85300064086914,55.24911880493164,train,,Muscle
GSM882052,57.45100021362305,55.75825500488281,train,,Muscle
GSM882054,58.145999908447266,56.67586517333984,valid,,Muscle
GSM882056,55.08000183105469,59.85286712646485,train,,Muscle
GSM882060,63.7859992980957,55.64435577392578,train,,Muscle
GSM882061,49.53300094604492,48.88056945800781,train,,Muscle
GSM882062,59.220001220703125,55.388389587402344,train,,Muscle
GSM882063,55.29100036621094,60.100921630859375,train,,Muscle
GSM882064,51.86600112915039,50.3673095703125,train,,Muscle
GSM882073,49.45899963378906,47.66084289550781,test,,Muscle
GSM882074,52.369998931884766,56.565818786621094,train,,Muscle
GSM882075,53.90299987792969,59.18599319458008,train,,Muscle
GSM882078,42.000999450683594,49.25734329223633,train,,Muscle
GSM884375,51.632999420166016,58.4755859375,train,,Brain
GSM884376,48.53099822998047,51.21984100341797,train,,Brain
GSM884377,59.88999938964844,55.309566497802734,train,,Brain
GSM884379,53.11199951171875,55.44709396362305,train,,Brain
GSM884380,59.90399932861328,55.81117248535156,test,,Brain
GSM884381,54.85599899291992,59.150177001953125,train,,Brain
GSM884383,61.62099838256836,61.31344985961914,train,,Brain
GSM884385,65.0459976196289,57.634368896484375,train,,Brain
GSM884387,52.38899993896485,54.64561462402344,train,,Brain
GSM884390,57.39099884033203,58.1922721862793,train,,Brain
GSM884391,63.483001708984375,63.64827346801758,train,,Brain
GSM884393,64.29299926757812,56.67019271850586,valid,,Brain
GSM884394,36.571998596191406,47.86270904541016,test,,Brain
GSM884395,56.84299850463867,58.07330322265625,train,,Brain
GSM884397,50.02899932861328,55.18510818481445,train,,Brain
GSM884399,57.16899871826172,60.56816101074219,train,,Brain
GSM884400,49.2760009765625,55.37611389160156,train,,Brain
GSM884401,62.5629997253418,61.190223693847656,valid,,Brain
GSM884403,46.24800109863281,47.76066207885742,train,,Brain
GSM884406,56.28200149536133,56.79624938964844,train,,Brain
GSM884410,63.90999984741211,60.28590393066406,test,,Brain
GSM884411,44.270999908447266,46.48859405517578,test,,Brain
GSM884414,34.37900161743164,37.212364196777344,train,,Brain
GSM884418,51.88800048828125,55.77420425415039,train,,Brain
GSM884419,61.172000885009766,62.52631759643555,test,,Brain
GSM884421,62.4640007019043,56.733253479003906,test,,Brain
GSM884422,48.39400100708008,49.65312957763672,train,,Brain
GSM884424,52.88199996948242,58.03697967529297,train,,Brain
GSM884425,50.10300064086914,59.09299087524414,train,,Brain
GSM884426,48.65399932861328,56.096710205078125,train,,Brain
GSM884429,62.86399841308594,58.35334777832031,test,,Brain
GSM884432,55.310001373291016,51.37147521972656,train,,Brain
GSM884433,44.26800155639648,54.903419494628906,train,,Brain
GSM884434,60.347999572753906,56.27482986450195,train,,Brain
GSM884435,62.73199844360352,52.54985046386719,train,,Brain
GSM884437,50.637001037597656,55.94304656982422,test,,Brain
GSM884438,60.459999084472656,57.32823944091797,train,,Brain
GSM884441,60.4739990234375,58.4119758605957,test,,Brain
GSM884442,49.2400016784668,49.28715515136719,train,,Brain
GSM884444,48.84099960327149,55.75397491455078,train,,Brain
GSM884449,57.624000549316406,60.64134979248047,valid,,Brain
GSM884450,51.05799865722656,52.35246276855469,train,,Brain
GSM884451,58.54899978637695,45.944480895996094,test,,Brain
GSM884452,50.29399871826172,53.67109680175781,train,,Brain
GSM884455,46.790000915527344,51.99597930908203,train,,Brain
GSM884458,48.599998474121094,56.36463165283203,test,,Brain
GSM884461,47.61899948120117,52.614280700683594,train,,Brain
GSM884462,44.8650016784668,51.40671157836914,train,,Brain
GSM884464,44.8650016784668,51.19902420043945,test,,Brain
GSM884466,54.15700149536133,54.94599151611328,train,,Brain
GSM884467,50.24800109863281,46.62255859375,train,,Brain
GSM884469,43.34000015258789,47.666500091552734,test,,Brain
GSM884472,54.108001708984375,59.03033447265625,train,,Brain
GSM884473,59.25299835205078,57.81966400146485,train,,Brain
GSM884475,53.20500183105469,53.21213912963867,train,,Brain
GSM884477,68.71199798583984,60.689002990722656,train,,Brain
GSM884478,57.39099884033203,53.362247467041016,train,,Brain
GSM884480,58.95399856567383,62.381004333496094,train,,Brain
GSM884482,48.95800018310547,49.58355712890625,train,,Brain
GSM884483,53.39099884033203,53.336524963378906,valid,,Brain
GSM884484,64.53399658203125,58.116981506347656,test,,Brain
GSM884485,52.05500030517578,57.79235076904297,train,,Brain
GSM884486,48.369998931884766,55.532859802246094,train,,Brain
GSM884489,57.95199966430664,50.92195129394531,train,,Brain
GSM884491,56.56700134277344,58.61572265625,train,,Brain
GSM884494,52.54800033569336,53.92677307128906,test,,Brain
GSM884498,59.970001220703125,61.90506362915039,valid,,Brain
GSM884500,35.85200119018555,38.76877975463867,train,,Brain
GSM884502,47.77299880981445,51.18341064453125,train,,Brain
GSM884504,49.89500045776367,53.79071044921875,test,,Brain
GSM884505,61.9379997253418,58.22582244873047,test,,Brain
GSM884506,55.874000549316406,55.971824645996094,train,,Brain
GSM884510,51.827999114990234,56.406455993652344,train,,Brain
GSM884512,44.59099960327149,52.42305374145508,train,,Brain
GSM884514,54.44499969482422,54.410980224609375,train,,Brain
GSM884515,43.387001037597656,47.02827072143555,train,,Brain
GSM884516,55.79199981689453,55.37065887451172,train,,Brain
GSM884517,42.05899810791016,49.99867248535156,train,,Brain
GSM884518,61.757999420166016,50.51646423339844,train,,Brain
GSM884520,49.36100006103515,50.867130279541016,train,,Brain
GSM884521,42.46099853515625,48.31190490722656,valid,,Brain
GSM884522,39.17599868774414,51.573490142822266,train,,Brain
GSM884523,52.42399978637695,56.01506805419922,train,,Brain
GSM884525,53.88899993896485,55.474910736083984,train,,Brain
GSM884526,58.34400177001953,57.26122283935547,train,,Brain
GSM884527,60.34199905395508,55.37067794799805,train,,Brain
GSM884529,57.42599868774414,51.55755615234375,valid,,Brain
GSM884531,70.06400299072266,65.32152557373047,train,,Brain
GSM884533,60.292999267578125,59.41193389892578,train,,Brain
GSM884534,60.56700134277344,53.66960144042969,train,,Brain
GSM884536,55.334999084472656,57.7791633605957,train,,Brain
GSM884539,39.862998962402344,41.121482849121094,train,,Brain
GSM884540,57.11199951171875,55.01551055908203,train,,Brain
GSM884542,60.52000045776367,60.06344985961914,train,,Brain
GSM884544,58.14899826049805,60.61315155029297,train,,Brain
GSM884545,45.777000427246094,52.37531661987305,train,,Brain
GSM884546,47.63899993896485,50.90406799316406,train,,Brain
GSM884547,61.06800079345703,53.74764251708984,train,,Brain
GSM884548,57.11199951171875,58.369606018066406,valid,,Brain
GSM884550,59.625,59.860206604003906,train,,Brain
GSM884551,40.80500030517578,51.786109924316406,test,,Brain
GSM884552,55.87699890136719,60.57958221435547,train,,Brain
GSM884554,43.22800064086914,51.244354248046875,train,,Brain
GSM884555,57.70800018310547,52.922698974609375,test,,Brain
GSM884558,50.60100173950195,57.4002571105957,train,,Brain
GSM884559,45.34700012207031,45.66804122924805,test,,Brain
GSM884560,43.82500076293945,48.75955581665039,train,,Brain
GSM884561,60.810001373291016,58.08606719970703,train,,Brain
GSM884563,59.10200119018555,53.50320053100586,test,,Brain
GSM884564,58.60100173950195,55.500587463378906,train,,Brain
GSM884566,56.196998596191406,55.49041366577149,valid,,Brain
GSM884567,58.14899826049805,58.01679611206055,train,,Brain
GSM884570,46.474998474121094,53.581581115722656,train,,Brain
GSM884571,55.428001403808594,54.70001220703125,train,,Brain
GSM884572,44.45399856567383,51.63960647583008,train,,Brain
GSM884573,45.42900085449219,49.17254638671875,train,,Brain
GSM884575,54.814998626708984,52.23460388183594,train,,Brain
GSM884576,59.0989990234375,61.607574462890625,train,,Brain
GSM884577,59.02299880981445,58.9488639831543,train,,Brain
GSM884578,58.74599838256836,59.874046325683594,train,,Brain
GSM884579,51.32899856567383,50.31889343261719,train,,Brain
GSM884584,43.992000579833984,51.062381744384766,train,,Brain
GSM884586,56.25699996948242,59.410797119140625,train,,Brain
GSM884588,55.74800109863281,61.69293975830078,train,,Brain
GSM884589,50.125,51.93256378173828,train,,Brain
GSM884590,57.922000885009766,53.45026397705078,valid,,Brain
GSM884591,57.27899932861328,56.80230712890625,valid,,Brain
GSM884592,48.28200149536133,48.3277587890625,valid,,Brain
GSM884593,63.30500030517578,59.52753448486328,test,,Brain
GSM884596,36.25199890136719,46.90021514892578,train,,Brain
GSM884598,56.03300094604492,56.777870178222656,train,,Brain
GSM884599,45.15299987792969,51.31167984008789,train,,Brain
GSM884602,38.75400161743164,53.73940658569336,train,,Brain
GSM884603,58.51300048828125,53.796085357666016,train,,Brain
GSM884604,58.849998474121094,60.48829650878906,test,,Brain
GSM884605,43.20100021362305,53.556640625,test,,Brain
GSM884607,59.23600006103515,58.65807342529297,train,,Brain
GSM884608,39.43899917602539,53.84337615966797,test,,Brain
GSM884610,58.7869987487793,58.74167251586914,valid,,Brain
GSM884611,57.59099960327149,57.29499816894531,valid,,Brain
GSM884612,52.91400146484375,52.724510192871094,test,,Brain
GSM884613,52.512001037597656,53.16877746582031,test,,Brain
GSM884614,42.11899948120117,52.4251708984375,train,,Brain
GSM884615,48.70100021362305,48.873680114746094,train,,Brain
GSM884616,61.54999923706055,56.81892395019531,train,,Brain
GSM884617,58.505001068115234,58.96459197998047,train,,Brain
GSM884620,52.349998474121094,56.984378814697266,test,,Brain
GSM884621,55.79199981689453,53.85322570800781,valid,,Brain
GSM884622,49.624000549316406,47.83189010620117,train,,Brain
GSM884623,62.19300079345703,51.03380584716797,train,,Brain
GSM884625,59.77000045776367,57.50313949584961,train,,Brain
GSM884626,51.78900146484375,50.61693572998047,train,,Brain
GSM884627,42.20399856567383,48.917724609375,train,,Brain
GSM884629,51.06100082397461,55.37324142456055,valid,,Brain
GSM884630,48.30400085449219,54.99824142456055,valid,,Brain
GSM884631,51.444000244140625,53.10322570800781,test,,Brain
GSM884632,59.49300003051758,56.70964813232422,test,,Brain
GSM884633,51.5369987487793,45.71196746826172,train,,Brain
GSM884634,49.10599899291992,45.19806289672851,test,,Brain
GSM884636,50.000999450683594,54.421085357666016,train,,Brain
GSM884637,62.04499816894531,55.088134765625,test,,Brain
GSM884638,47.08599853515625,51.357967376708984,train,,Brain
GSM884639,46.374000549316406,54.509376525878906,train,,Brain
GSM884640,56.141998291015625,56.97859191894531,train,,Brain
GSM884642,59.821998596191406,62.764442443847656,train,,Brain
GSM884643,48.43299865722656,52.387794494628906,train,,Brain
GSM884644,57.16899871826172,53.47039413452149,train,,Brain
GSM884646,50.86899948120117,54.55027770996094,test,,Brain
GSM884648,61.41299819946289,57.9344596862793,train,,Brain
GSM884650,38.09199905395508,53.07331466674805,train,,Brain
GSM884651,48.779998779296875,60.21222686767578,train,,Brain
GSM884652,56.53400039672851,57.5478630065918,train,,Brain
GSM884653,60.18600082397461,55.118873596191406,test,,Brain
GSM884655,52.96099853515625,61.54242706298828,test,,Brain
GSM884659,55.47200012207031,55.62467193603515,test,,Brain
GSM884660,39.14300155639648,43.1895866394043,train,,Brain
GSM884661,53.349998474121094,59.61665344238281,test,,Brain
GSM884665,59.97800064086914,52.32316207885742,valid,,Brain
GSM884666,49.74100112915039,52.81362533569336,train,,Brain
GSM884667,58.35499954223633,58.684349060058594,valid,,Brain
GSM884669,36.060001373291016,45.945316314697266,test,,Brain
GSM884672,58.40700149536133,56.874637603759766,train,,Brain
GSM884673,42.77899932861328,45.447265625,test,,Brain
GSM884674,60.24599838256836,54.084835052490234,test,,Brain
GSM884675,43.39500045776367,51.35897445678711,train,,Brain
GSM884676,46.72999954223633,48.15217590332031,train,,Brain
GSM884677,65.12300109863281,58.9213752746582,train,,Brain
GSM884679,34.91299819946289,44.283477783203125,train,,Brain
GSM884680,57.185001373291016,55.91493606567383,train,,Brain
GSM884685,54.51300048828125,51.49664306640625,valid,,Brain
GSM884686,63.62200164794922,63.071632385253906,train,,Brain
GSM884687,47.70199966430664,56.47853088378906,train,,Brain
GSM884688,48.68199920654297,50.701072692871094,train,,Brain
GSM884690,61.09199905395508,57.641815185546875,train,,Brain
GSM884691,52.62699890136719,55.696067810058594,train,,Brain
GSM884692,47.23600006103515,45.98384094238281,train,,Brain
GSM884693,52.91400146484375,54.517616271972656,train,,Brain
GSM884694,58.98400115966797,59.76968002319336,valid,,Brain
GSM884698,57.54399871826172,57.72444152832031,train,,Brain
GSM884699,37.73899841308594,51.92841339111328,train,,Brain
GSM884700,35.47999954223633,40.42831039428711,test,,Brain
GSM884701,52.70600128173828,49.72203826904297,valid,,Brain
GSM884702,55.499000549316406,59.76362228393555,train,,Brain
GSM884703,49.624000549316406,50.33966827392578,valid,,Brain
GSM884705,57.16899871826172,62.38129806518555,train,,Brain
GSM884706,55.02799987792969,52.670692443847656,train,,Brain
GSM884707,55.58100128173828,57.99347686767578,train,,Brain
GSM884710,59.37300109863281,58.092071533203125,train,,Brain
GSM884712,50.40900039672851,52.08297348022461,train,,Brain
GSM884713,62.25299835205078,60.47010803222656,train,,Brain
GSM884714,53.125,57.60272216796875,test,,Brain
GSM884715,53.26499938964844,54.079471588134766,train,,Brain
GSM884716,56.277000427246094,58.17549514770508,test,,Brain
GSM884717,53.095001220703125,53.660118103027344,test,,Brain
GSM884718,62.387001037597656,59.092655181884766,train,,Brain
GSM884720,51.444000244140625,55.571781158447266,train,,Brain
GSM884721,35.03900146484375,50.04198455810547,test,,Brain
GSM884728,50.86899948120117,52.123252868652344,train,,Brain
GSM884729,43.69900131225586,47.1800537109375,train,,Brain
GSM884730,39.11600112915039,52.88200378417969,train,,Brain
GSM884731,48.0629997253418,53.72195816040039,train,,Brain
GSM884733,58.875,51.70698547363281,train,,Brain
GSM884734,61.770999908447266,56.634613037109375,train,,Brain
GSM884737,52.391998291015625,45.63572311401367,train,,Brain
GSM884738,56.70399856567383,60.705665588378906,train,,Brain
GSM884741,51.68000030517578,53.20381546020508,train,,Brain
GSM884743,58.57600021362305,52.542877197265625,train,,Brain
GSM884745,57.492000579833984,55.6927375793457,train,,Brain
GSM884746,56.41299819946289,60.6551628112793,train,,Brain
GSM884747,61.45100021362305,58.2694091796875,train,,Brain
GSM884749,49.08100128173828,55.483795166015625,train,,Brain
GSM884750,61.176998138427734,56.86198043823242,train,,Brain
GSM884752,45.755001068115234,52.73073959350586,train,,Brain
GSM884754,58.96200180053711,60.2447509765625,train,,Brain
GSM884756,56.57500076293945,57.799949645996094,train,,Brain
GSM884757,55.37900161743164,56.118064880371094,test,,Brain
GSM884760,66.31900024414062,62.43302154541016,train,,Brain
GSM884764,51.61899948120117,59.70899200439453,train,,Brain
GSM884765,43.21099853515625,45.611083984375,test,,Brain
GSM884766,53.98199844360352,53.648887634277344,train,,Brain
GSM884768,63.32099914550781,52.57603454589844,train,,Brain
GSM884770,49.262001037597656,48.61846923828125,train,,Brain
GSM884771,53.70000076293945,57.94367980957031,train,,Brain
GSM884772,53.78799819946289,59.502105712890625,train,,Brain
GSM884773,46.65299987792969,55.4937744140625,train,,Brain
GSM884779,49.33599853515625,51.547393798828125,train,,Brain
GSM884780,53.73600006103515,59.13685989379883,train,,Brain
GSM884785,51.77799987792969,56.454734802246094,train,,Brain
GSM884788,60.04399871826172,50.49995040893555,train,,Brain
GSM884789,52.68199920654297,55.69609832763672,train,,Brain
GSM884790,52.07899856567383,52.69693374633789,test,,Brain
GSM884791,46.229000091552734,48.66714859008789,test,,Brain
GSM884792,54.38199996948242,60.210731506347656,train,,Brain
GSM884795,52.83000183105469,45.33803939819336,valid,,Brain
GSM884797,59.0989990234375,62.171112060546875,train,,Brain
GSM884799,40.01100158691406,40.09919357299805,train,,Brain
GSM884800,54.48600006103515,57.0152702331543,train,,Brain
GSM884801,45.50299835205078,52.43033981323242,train,,Brain
GSM884806,58.266998291015625,58.396385192871094,train,,Brain
GSM884807,57.39400100708008,56.54005432128906,train,,Brain
GSM884811,39.43899917602539,52.64057922363281,train,,Brain
GSM884813,57.90599822998047,59.213111877441406,train,,Brain
GSM884815,60.53900146484375,59.68534851074219,train,,Brain
GSM884816,61.29800033569336,59.76370620727539,train,,Brain
GSM884817,63.76499938964844,63.512672424316406,valid,,Brain
GSM884818,46.38999938964844,48.99312210083008,train,,Brain
GSM884819,55.45000076293945,55.68097305297851,valid,,Brain
GSM884821,38.68600082397461,49.99939727783203,train,,Brain
GSM884822,40.35599899291992,45.94549179077149,train,,Brain
GSM884823,56.71699905395508,55.427391052246094,train,,Brain
GSM884825,55.73699951171875,57.676231384277344,valid,,Brain
GSM884828,63.895999908447266,62.32480239868164,train,,Brain
GSM884829,46.40900039672851,52.27355194091797,train,,Brain
GSM884831,59.30500030517578,59.01294708251953,train,,Brain
GSM884833,51.79499816894531,60.00985336303711,train,,Brain
GSM884836,55.22200012207031,57.37104797363281,train,,Brain
GSM884837,56.16699981689453,57.28573989868164,train,,Brain
GSM884841,44.512001037597656,50.58565139770508,test,,Brain
GSM884842,57.944000244140625,59.504608154296875,train,,Brain
GSM902246,35.40299987792969,49.55084609985352,train,,
GSM902247,46.926998138427734,51.189300537109375,train,,
GSM902249,53.5629997253418,59.48183059692383,train,,
GSM902252,43.92100143432617,57.81466293334961,valid,,
GSM902254,54.19300079345703,55.15399932861328,train,,
GSM902259,52.801998138427734,56.60215377807617,train,,
GSM902281,58.97600173950195,59.055763244628906,test,,
GSM902284,54.22600173950195,56.70732116699219,train,,
GSM902285,41.73899841308594,48.65727615356445,train,,
GSM908383,62.36800003051758,63.96903610229492,train,,Whole Blood
GSM908384,55.26599884033203,54.80843734741211,train,,Whole Blood
GSM908385,55.00299835205078,59.06892395019531,test,,Whole Blood
GSM908386,52.05699920654297,57.84195709228515,train,,Whole Blood
GSM908387,37.47600173950195,49.486717224121094,valid,,Whole Blood
GSM908388,57.94100189208984,53.14043045043945,valid,,Whole Blood
GSM908389,61.064998626708984,57.26899719238281,test,,Whole Blood
GSM908390,45.10599899291992,48.18622589111328,train,,Whole Blood
GSM908391,59.617000579833984,62.80921936035156,train,,Whole Blood
GSM908392,70.39299774169922,59.78220748901367,train,,Whole Blood
GSM908393,62.06999969482422,62.396148681640625,test,,Whole Blood
GSM908394,61.141998291015625,54.946022033691406,test,,Whole Blood
GSM908395,48.983001708984375,51.033935546875,train,,Whole Blood
GSM908396,53.10100173950195,57.46047592163086,train,,Whole Blood
GSM908397,52.39400100708008,53.83854675292969,test,,Whole Blood
GSM908398,59.03900146484375,63.31361770629883,train,,Whole Blood
GSM908399,53.70000076293945,53.84717559814453,train,,Whole Blood
GSM908400,23.0,24.897613525390625,train,,Whole Blood
GSM908401,45.0,38.07297134399414,train,,Whole Blood
GSM908402,27.0,29.20943260192871,valid,,Whole Blood
GSM908403,54.0,54.90060043334961,train,,Whole Blood
GSM908404,54.0,57.589962005615234,valid,,Whole Blood
GSM908405,43.0,53.589134216308594,valid,,Whole Blood
GSM908406,26.0,29.181774139404297,train,,Whole Blood
GSM908407,26.0,26.74997329711914,train,,Whole Blood
GSM908408,45.0,43.20579528808594,train,,Whole Blood
GSM908409,31.0,25.7238826751709,train,,Whole Blood
GSM908410,31.0,30.855995178222656,train,,Whole Blood
GSM908411,54.0,55.749481201171875,train,,Whole Blood
GSM908412,31.0,27.10536003112793,train,,Whole Blood
GSM908413,24.0,20.318538665771484,train,,Whole Blood
GSM908414,31.0,32.07544708251953,train,,Whole Blood
GSM908415,32.0,24.932937622070312,train,,Whole Blood
GSM908416,24.0,24.129602432250977,train,,Whole Blood
GSM908417,24.0,19.725200653076172,valid,,Whole Blood
GSM908418,54.0,55.849151611328125,train,,Whole Blood
GSM908419,39.0,32.3297004699707,train,,Whole Blood
GSM908420,41.0,38.82429122924805,train,,Whole Blood
GSM908421,45.0,36.556758880615234,valid,,Whole Blood
GSM908422,39.0,27.886192321777344,train,,Whole Blood
GSM908423,26.0,23.70499610900879,train,,Whole Blood
GSM908424,65.0,77.13009643554688,train,,Whole Blood
GSM908425,30.0,42.13202667236328,train,,Whole Blood
GSM908426,83.0,76.1683349609375,train,,Whole Blood
GSM908427,74.0,64.59640502929688,train,,Whole Blood
GSM908428,69.0,61.966644287109375,test,,Whole Blood
GSM908429,20.0,39.63333511352539,test,,Whole Blood
GSM908431,83.0,79.97579193115234,train,,Whole Blood
GSM908433,28.0,32.591861724853516,train,,Whole Blood
GSM908434,84.0,81.38845825195312,train,,Whole Blood
GSM908435,70.0,83.47908020019531,train,,Whole Blood
GSM908436,30.0,46.93425369262695,test,,Whole Blood
GSM908437,22.0,35.2493896484375,train,,Whole Blood
GSM908439,25.0,28.380661010742188,train,,Whole Blood
GSM908441,34.0,60.22803497314453,valid,,Whole Blood
GSM908442,21.0,24.17351531982422,train,,Whole Blood
GSM908443,52.0,52.76092529296875,train,,Whole Blood
GSM908444,68.0,67.84796142578125,train,,Whole Blood
GSM908445,25.0,34.04469299316406,train,,Whole Blood
GSM908447,46.0,43.49778747558594,train,,Whole Blood
GSM908448,29.0,48.24179458618164,valid,,Whole Blood
GSM908449,19.0,47.83436584472656,valid,,Whole Blood
GSM908450,48.0,56.779754638671875,train,,Whole Blood
GSM908451,83.0,64.76954650878906,train,,Whole Blood
GSM908452,51.0,53.78887176513672,valid,,Whole Blood
GSM908453,25.0,34.5313835144043,train,,Whole Blood
GSM908454,36.0,49.276668548583984,train,,Whole Blood
GSM908455,60.0,81.92068481445312,train,,Whole Blood
GSM908457,32.0,53.41358947753906,test,,Whole Blood
GSM908458,24.0,20.001951217651367,train,,Whole Blood
GSM908459,65.0,66.58020782470703,train,,Whole Blood
GSM908460,64.0,66.78754425048828,train,,Whole Blood
GSM908462,24.0,26.28788375854492,train,,Whole Blood
GSM908463,42.0,45.600807189941406,train,,Whole Blood
GSM908464,21.0,31.302932739257812,test,,Whole Blood
GSM908465,14.0,16.43557357788086,train,,Whole Blood
GSM908466,21.0,28.826473236083984,train,,Whole Blood
GSM908467,29.0,29.060958862304688,valid,,Whole Blood
GSM908468,51.0,48.467193603515625,train,,Whole Blood
GSM908469,32.0,47.194236755371094,test,,Whole Blood
GSM908470,63.605751037597656,61.02064514160156,valid,,Whole Blood
GSM908471,76.49555206298828,66.14720916748047,train,,Whole Blood
GSM908472,67.08281707763672,60.36463165283203,valid,,Whole Blood
GSM908473,47.2772102355957,44.7574577331543,train,,Whole Blood
GSM908474,69.88091278076172,58.914703369140625,train,,Whole Blood
GSM908475,59.43326950073242,60.12931060791016,train,,Whole Blood
GSM908476,56.77207946777344,60.4737548828125,train,,Whole Blood
GSM908477,69.29773712158203,59.60424041748047,train,,Whole Blood
GSM908478,62.75428009033203,56.466121673583984,train,,Whole Blood
GSM908479,75.09651184082031,65.30462646484375,train,,Whole Blood
GSM908480,66.7871322631836,53.10005187988281,train,,Whole Blood
GSM908481,54.71321105957031,59.34645080566406,train,,Whole Blood
GSM927094,63.835731506347656,60.1282958984375,train,,
GSM927102,69.29773712158203,60.99387741088867,train,,
GSM927125,62.75428009033203,58.43157958984375,train,,
GSM927127,54.71321105957031,62.1981086730957,train,,
GSM927134,47.2772102355957,44.96297836303711,train,,
GSM927137,63.605751037597656,62.85895538330078,train,,
GSM927139,22.0,24.673686981201172,train,,
GSM927141,51.0,45.42509078979492,train,,
GSM927142,23.0,27.060760498046875,test,,
GSM927152,56.0,48.64546203613281,train,,
GSM931426,41.0,52.392860412597656,valid,,Liver
GSM931427,36.0,27.199365615844727,train,,Liver
GSM931433,19.0,29.08428955078125,valid,,Liver
GSM931434,6.0,7.396621704101563,train,,Liver
GSM931435,26.0,32.570919036865234,valid,,Liver
GSM931436,68.0,68.34001159667969,train,,Liver
GSM931437,62.0,66.18827056884766,train,,Liver
GSM931438,82.0,76.20039367675781,test,,Liver
GSM931441,70.0,64.545654296875,test,,Liver
GSM931442,58.0,58.80924987792969,train,,Liver
GSM931443,83.0,84.45314025878906,train,,Liver
GSM931444,66.0,79.44078063964844,valid,,Liver
GSM931445,82.0,81.56800842285156,test,,Liver
GSM931446,68.0,80.92391204833984,train,,Liver
GSM931447,80.0,75.98399353027344,train,,Liver
GSM931448,81.0,68.72364807128906,train,,Liver
GSM931450,63.0,71.45299530029297,train,,Liver
GSM931452,81.0,81.29878234863281,train,,Liver
GSM931453,77.0,73.80479431152344,train,,Liver
GSM931454,65.0,65.68486022949219,valid,,Liver
GSM931455,64.0,72.85306549072266,train,,Liver
GSM931458,78.0,79.36640930175781,train,,Liver
GSM931459,69.0,76.26005554199219,train,,Liver
GSM931460,67.0,71.4549331665039,train,,Liver
GSM931461,72.0,77.90750122070312,train,,Liver
GSM931462,46.0,44.8547477722168,train,,Liver
GSM931467,64.0,54.00676727294922,train,,Liver
GSM931471,71.0,70.03803253173828,train,,Liver
GSM931473,86.0,82.1912841796875,valid,,Liver
GSM931478,57.0,55.611534118652344,train,,Liver
GSM931481,61.0,68.77212524414062,test,,Liver
GSM931482,83.0,72.377685546875,train,,Liver
GSM931484,71.0,62.24578094482422,test,,Liver
GSM931486,72.0,67.20051574707031,test,,Liver
GSM938066,70.0,71.45405578613281,train,,Muscle
GSM938068,73.0,75.91978454589844,train,,Muscle
GSM938069,57.0,73.16072845458984,train,,Muscle
GSM938071,65.0,73.6083984375,train,,Muscle
GSM938074,75.0,75.30860900878906,train,,Muscle
GSM938075,80.0,72.67447662353516,train,,Muscle
GSM938078,46.0,61.94575500488281,valid,,Muscle
GSM938080,78.0,78.9774169921875,train,,Muscle
GSM938082,86.0,77.71891784667969,test,,Muscle
GSM938084,67.0,71.77549743652344,train,,Muscle
GSM938086,48.0,58.663665771484375,valid,,Muscle
GSM946049,72.0,75.62709045410156,train,,Brain
GSM946051,60.0,51.97756576538086,train,,Brain
GSM946053,53.0,62.65046310424805,train,,Brain
GSM946058,65.0,80.59410095214844,train,,Brain
GSM946059,63.0,67.14813232421875,train,,Brain
GSM946062,45.0,45.75388717651367,train,,Brain
GSM946067,75.0,68.4007339477539,train,,Brain
GSM946068,66.0,83.0806884765625,test,,Brain
GSM946069,79.0,66.92814636230469,train,,Brain
GSM946071,56.0,72.87914276123047,test,,Brain
GSM946072,70.0,58.595970153808594,train,,Brain
GSM946073,68.0,77.95069885253906,train,,Brain
GSM946074,69.0,74.2389144897461,train,,Brain
GSM946075,37.0,35.709808349609375,train,,Brain
GSM946076,71.0,73.16263580322266,train,,Brain
GSM946078,78.0,78.06192016601562,train,,Brain
GSM946079,55.0,61.35764694213867,train,,Brain
GSM951123,73.0,67.8304214477539,valid,,Brain
GSM951125,60.0,57.08485794067383,train,,Brain
GSM951127,74.0,80.96981048583984,test,,Brain
GSM951129,86.0,75.4168701171875,train,,Brain
GSM951135,85.0,59.53611373901367,train,,Brain
GSM951137,66.0,67.57075500488281,train,,Brain
GSM951139,72.0,68.22127532958984,train,,Brain
GSM951141,79.0,77.18766784667969,test,,Brain
GSM951147,47.0,39.68921661376953,train,,Brain
GSM951149,75.0,67.9697494506836,train,,Brain
GSM951151,63.0,65.10832214355469,train,,Brain
GSM951153,67.0,67.24309539794922,train,,Brain
GSM951162,86.0,83.14410400390625,train,,Brain
GSM951163,52.0,67.23182678222656,train,,Brain
GSM951164,77.0,79.81594848632812,train,,Brain
GSM951165,70.0,70.60911560058594,test,,Brain
GSM951168,85.0,79.98761749267578,train,,Brain
GSM951173,57.0,61.855018615722656,train,,Brain
GSM951174,70.0,76.03205871582031,train,,Brain
GSM951177,68.0,64.22491455078125,train,,Brain
GSM951178,50.0,57.218387603759766,train,,Brain
GSM951179,60.0,60.15855407714844,train,,Brain
GSM951182,61.0,54.35426330566406,train,,Brain
GSM951183,50.0,41.92577362060547,train,,Brain
GSM951187,55.0,57.749568939208984,train,,Brain
GSM951191,55.0,50.01876449584961,train,,Brain
GSM951192,62.0,50.85508728027344,test,,Brain
GSM951196,55.0,64.51970672607422,train,,Brain
GSM951204,50.0,54.480857849121094,train,,Brain
GSM951209,62.0,59.081825256347656,train,,Brain
GSM951212,0.0,0.2386856079101562,test,,Brain
GSM951214,0.0,0.0007743835449218,train,,Brain
GSM951223,0.0,-0.5957603454589844,test,,Brain
GSM951224,0.0,0.3220787048339844,valid,,Brain
GSM951228,0.0,1.276611328125,train,,Brain
GSM951236,0.0,-0.5192489624023438,train,,Brain
GSM951237,0.0,0.3619003295898437,train,,Brain
GSM951239,0.0,0.161651611328125,test,,Brain
GSM951240,0.0,-0.542022705078125,test,,Brain
GSM951249,0.0,-0.1798934936523437,train,,Brain
GSM951251,0.0,1.0496597290039062,valid,,Brain
GSM951252,0.0,-0.9287071228027344,train,,Brain
GSM951259,0.0,-0.6624298095703125,valid,,Brain
GSM951264,0.0,1.2004508972167969,train,,Brain
GSM951265,0.0,-0.2361068725585937,train,,Brain
GSM951268,0.0,-0.6330642700195312,train,,Brain
GSM951273,0.0,-0.4460411071777344,train,,Brain
GSM951276,0.0,-0.1902618408203125,valid,,Brain
GSM951277,0.0,-0.000152587890625,train,,Brain
GSM951280,0.0,-0.1613349914550781,train,,Brain
GSM951285,0.0,-0.19647216796875,train,,Brain
GSM989827,0.0,0.1904754638671875,train,,Whole Blood
GSM989828,0.0,0.0604438781738281,train,,Whole Blood
GSM989830,0.0,0.2733078002929687,train,,Whole Blood
GSM989831,0.0,0.2210769653320312,train,,Whole Blood
GSM989833,0.0,-0.0906486511230468,valid,,Whole Blood
GSM989834,0.0,0.0242691040039062,train,,Whole Blood
GSM989837,0.0,0.5128707885742188,train,,Whole Blood
GSM989838,0.0,0.8530311584472656,train,,Whole Blood
GSM989841,0.0,-0.0957832336425781,train,,Whole Blood
GSM989843,0.0,-0.2230644226074218,train,,Whole Blood
GSM989844,0.0,-0.0587806701660156,test,,Whole Blood
GSM989845,0.0,-0.0745468139648437,test,,Whole Blood
GSM989846,0.0,-0.1078262329101562,train,,Whole Blood
GSM989847,0.0,0.3412895202636719,train,,Whole Blood
GSM989850,0.0,0.1833457946777343,train,,Whole Blood
GSM989851,0.0,-0.1779975891113281,test,,Whole Blood
GSM989856,0.0,-0.0649833679199218,train,,Whole Blood
GSM989857,0.0,0.3689002990722656,test,,Whole Blood
GSM989858,0.0,-0.0415725708007812,train,,Whole Blood
GSM989861,0.0,0.6700553894042969,train,,Whole Blood
GSM989863,0.0,0.7313575744628906,valid,,Whole Blood
GSM989864,0.0,0.3639869689941406,train,,Whole Blood
GSM989866,0.0,0.1006278991699218,train,,Whole Blood
GSM989867,0.0,0.1729011535644531,train,,Whole Blood
GSM989868,0.0,0.2688674926757812,test,,Whole Blood
GSM989869,0.0,0.5578956604003906,train,,Whole Blood
GSM989870,0.0,-0.0205345153808593,train,,Whole Blood
GSM989871,0.0,-0.0853118896484375,valid,,Whole Blood
GSM989872,0.0,0.0150299072265625,train,,Whole Blood
GSM989877,0.0,-0.1744308471679687,train,,Whole Blood
GSM989878,0.0,0.0627212524414062,valid,,Whole Blood
GSM989880,0.0,0.1268081665039062,train,,Whole Blood
GSM989881,0.0,-0.1769943237304687,test,,Whole Blood
GSM989882,0.0,0.4943923950195312,train,,Whole Blood
GSM989883,0.0,0.4567146301269531,train,,Whole Blood
GSM989886,0.0,0.0132293701171875,train,,Whole Blood
GSM989887,0.0,0.2784996032714844,train,,Whole Blood
GSM989891,0.0,-0.2651100158691406,test,,Whole Blood
GSM989892,0.0,0.3750457763671875,train,,Whole Blood
GSM989894,0.0,-0.1147918701171875,train,,Whole Blood
GSM989895,0.0,-0.0861625671386718,train,,Whole Blood
GSM989896,0.0,-0.1345787048339843,test,,Whole Blood
GSM989899,0.0,0.213714599609375,test,,Whole Blood
GSM989902,0.0,0.2151069641113281,train,,Whole Blood
GSM989903,0.0,0.9109382629394532,train,,Whole Blood
GSM989904,0.0,-0.18505859375,train,,Whole Blood
GSM989905,0.0,0.5974578857421875,test,,Whole Blood
GSM989906,0.0,0.1709442138671875,test,,Whole Blood
GSM989911,0.0,0.0062904357910156,train,,Whole Blood
GSM989913,0.0,-0.1712417602539062,test,,Whole Blood
GSM989914,0.0,1.4157676696777344,valid,,Whole Blood
GSM989918,0.0,-0.0645790100097656,train,,Whole Blood
GSM989919,0.0,1.440227508544922,valid,,Whole Blood
GSM989920,0.0,-0.265869140625,train,,Whole Blood
GSM989921,0.0,0.0249176025390625,valid,,Whole Blood
GSM989922,0.0,-0.1147880554199218,train,,Whole Blood
GSM989923,0.0,0.195556640625,test,,Whole Blood
GSM989924,0.0,-0.23004150390625,train,,Whole Blood
GSM989925,0.0,0.3586654663085937,test,,Whole Blood
GSM989926,0.0,-0.0541152954101562,train,,Whole Blood
GSM989927,0.0,-0.18695068359375,train,,Whole Blood
GSM989929,0.0,-0.3510513305664062,train,,Whole Blood
GSM989931,0.0,0.0954399108886718,train,,Whole Blood
GSM989932,0.0,0.8530311584472656,train,,Whole Blood
GSM989934,0.0,0.2712516784667969,train,,Whole Blood
GSM989935,0.0,0.0985183715820312,test,,Whole Blood
GSM989939,0.0,-0.1633415222167968,test,,Whole Blood
GSM989940,0.0,-0.0502738952636718,test,,Whole Blood
GSM989941,0.0,0.1687469482421875,train,,Whole Blood
GSM989942,0.0,0.5116729736328125,train,,Whole Blood
GSM989945,0.0,0.5337600708007812,train,,Whole Blood
GSM989947,0.0,0.0070304870605468,train,,Whole Blood
GSM989948,0.0,0.1254005432128906,train,,Whole Blood
GSM989949,0.0,1.6840362548828125,train,,Whole Blood
GSM989950,0.0,0.3974761962890625,train,,Whole Blood
GSM989951,0.0,0.4143753051757812,train,,Whole Blood
GSM989952,0.0,0.0902214050292968,train,,Whole Blood
GSM989955,0.0,0.3292236328125,train,,Whole Blood
GSM989957,0.0,0.4352188110351562,train,,Whole Blood
GSM989959,0.0,0.2388534545898437,train,,Whole Blood
GSM989961,0.0,0.3313140869140625,test,,Whole Blood
GSM989962,0.0,-0.1379928588867187,train,,Whole Blood
GSM989963,0.0,0.189178466796875,test,,Whole Blood
GSM989967,0.0,0.8204193115234375,train,,Whole Blood
GSM989968,0.0,0.1811141967773437,train,,Whole Blood
GSM989969,0.0,0.1022834777832031,train,,Whole Blood
GSM989971,0.0,0.0030326843261718,train,,Whole Blood
GSM989972,0.0,0.2711906433105469,train,,Whole Blood
GSM989974,0.0,0.0671768188476562,valid,,Whole Blood
GSM989975,0.0,0.0370445251464843,valid,,Whole Blood
GSM989976,0.0,0.8480377197265625,valid,,Whole Blood
GSM989977,0.0,-0.0090560913085937,train,,Whole Blood
GSM989978,39.0,49.3442268371582,train,,Whole Blood
GSM989979,48.0,55.393096923828125,train,,Whole Blood
GSM989982,50.0,50.301780700683594,train,,Whole Blood
GSM989984,39.0,32.4098014831543,valid,,Whole Blood
GSM989985,48.0,53.746578216552734,train,,Whole Blood
GSM989988,30.0,36.10697937011719,train,,Whole Blood
GSM989990,39.0,49.95329284667969,valid,,Whole Blood
GSM989991,48.0,55.37807083129883,test,,Whole Blood
GSM989992,65.0,61.991207122802734,train,,Whole Blood
GSM989993,60.0,63.658203125,train,,Whole Blood
GSM989994,69.0,70.99605560302734,valid,,Whole Blood
GSM989996,67.0,63.836578369140625,train,,Whole Blood
GSM989997,73.0,67.30313873291016,test,,Whole Blood
GSM989998,60.0,61.43095397949219,valid,,Whole Blood
GSM990001,60.0,63.39249420166016,train,,Whole Blood
GSM990002,62.0,61.315818786621094,train,,Whole Blood
GSM990004,73.0,69.53402709960938,train,,Whole Blood
GSM990005,57.0,62.10969543457031,train,,Whole Blood
GSM990006,46.5,41.40202713012695,train,,Whole Blood
GSM990008,28.5,29.961891174316406,valid,,Whole Blood
GSM990011,46.5,40.721527099609375,train,,Whole Blood
GSM990012,23.799999237060547,29.408279418945312,test,,Whole Blood
GSM990013,28.5,28.318187713623047,test,,Whole Blood
GSM990014,28.5,26.19297790527344,train,,Whole Blood
GSM990015,23.799999237060547,25.087867736816406,train,,Whole Blood
GSM990016,19.299999237060547,22.43459129333496,train,,Whole Blood
GSM990017,23.799999237060547,30.413986206054688,train,,Whole Blood
GSM990020,23.799999237060547,25.94615936279297,test,,Whole Blood
GSM990021,28.5,29.594165802001953,train,,Whole Blood
GSM990023,26.100000381469727,23.24586296081543,train,,Whole Blood
GSM990025,28.5,30.799362182617188,train,,Whole Blood
GSM990026,19.299999237060547,23.22897148132324,train,,Whole Blood
GSM990028,19.299999237060547,23.10690116882324,train,,Whole Blood
GSM990031,10.5,10.385353088378906,test,,Whole Blood
GSM990032,10.25,13.61202621459961,train,,Whole Blood
GSM990035,10.649999618530272,16.86254119873047,test,,Whole Blood
GSM990038,10.43000030517578,14.505727767944336,valid,,Whole Blood
GSM990039,10.149999618530272,12.122604370117188,train,,Whole Blood
GSM990045,0.0,0.0711097717285156,train,,Whole Blood
GSM990051,0.0,0.2870559692382812,train,,Whole Blood
GSM990052,0.0,-0.21405029296875,train,,Whole Blood
GSM990058,0.0,-0.1945152282714843,valid,,Whole Blood
GSM990059,0.0,-0.1166267395019531,valid,,Whole Blood
GSM990060,0.0,1.005290985107422,train,,Whole Blood
GSM990061,0.0,0.4281425476074219,train,,Whole Blood
GSM990062,0.0,1.5714225769042969,train,,Whole Blood
GSM990064,0.0,0.0021247863769531,train,,Whole Blood
GSM990065,0.0,0.601104736328125,train,,Whole Blood
GSM990066,0.0,0.9667015075683594,train,,Whole Blood
GSM990069,0.0,0.1778984069824218,train,,Whole Blood
GSM990070,0.0,0.3469886779785156,train,,Whole Blood
GSM990071,0.0,0.8884735107421875,train,,Whole Blood
GSM990072,21.0,23.999210357666016,test,,Whole Blood
GSM990073,28.0,26.41802215576172,train,,Whole Blood
GSM990076,21.0,24.165189743041992,test,,Whole Blood
GSM990077,38.0,34.46553039550781,train,,Whole Blood
GSM990079,50.0,57.54631042480469,valid,,Whole Blood
GSM990081,50.0,52.71269989013672,train,,Whole Blood
GSM990084,23.0,25.68289375305176,test,,Whole Blood
GSM990088,55.0,58.978275299072266,train,,Whole Blood
GSM990089,48.0,43.38518524169922,train,,Whole Blood
GSM990091,37.0,33.04728317260742,train,,Whole Blood
GSM990092,59.0,64.17479705810547,train,,Whole Blood
GSM990093,0.375,-0.2360916137695312,train,,Whole Blood
GSM990095,0.375,2.0058860778808594,train,,Whole Blood
GSM990096,0.375,0.0982208251953125,train,,Whole Blood
GSM990098,0.375,0.4976959228515625,train,,Whole Blood
GSM990100,0.375,0.1373023986816406,train,,Whole Blood
GSM990101,0.375,2.535362243652344,test,,Whole Blood
GSM990102,0.375,0.8042373657226562,train,,Whole Blood
GSM990109,0.375,0.2924613952636719,test,,Whole Blood
GSM990110,0.375,-0.2205963134765625,train,,Whole Blood
GSM990113,0.375,1.2394561767578125,train,,Whole Blood
GSM990114,0.375,-0.1414070129394531,train,,Whole Blood
GSM990115,0.375,0.7098655700683594,train,,Whole Blood
GSM990116,0.375,0.6459503173828125,train,,Whole Blood
GSM990120,0.375,0.4402084350585937,train,,Whole Blood
GSM990268,0.375,-0.3448944091796875,train,,Whole Blood
GSM990270,0.375,0.2467308044433593,valid,,Whole Blood
GSM990271,0.375,-0.1633224487304687,test,,Whole Blood
GSM990275,0.375,0.5203018188476562,test,,Whole Blood
GSM990279,0.375,0.0501899719238281,train,,Whole Blood
GSM990283,0.375,0.8075065612792969,test,,Whole Blood
GSM990284,0.375,0.1032180786132812,train,,Whole Blood
GSM990285,0.375,0.050384521484375,train,,Whole Blood
GSM990286,0.375,-0.0370559692382812,train,,Whole Blood
GSM990287,0.375,1.26995849609375,train,,Whole Blood
GSM990289,0.375,-0.3257255554199219,train,,Whole Blood
GSM990291,0.375,1.3681755065917969,valid,,Whole Blood
GSM990295,0.375,1.445537567138672,train,,Whole Blood
GSM990296,0.375,0.3058738708496094,test,,Whole Blood
GSM990297,0.375,-0.0186080932617187,train,,Whole Blood
GSM990299,0.375,0.3114967346191406,train,,Whole Blood
GSM990300,0.375,-0.3008346557617187,train,,Whole Blood
GSM990301,0.375,-0.0105934143066406,train,,Whole Blood
GSM990302,0.375,1.269390106201172,train,,Whole Blood
GSM990303,0.375,0.7518348693847656,train,,Whole Blood
GSM990305,0.375,-0.2299232482910156,train,,Whole Blood
GSM990306,0.375,0.8897056579589844,train,,Whole Blood
GSM990307,0.375,1.966533660888672,train,,Whole Blood
GSM990308,0.375,-0.2320137023925781,train,,Whole Blood
GSM990310,0.375,0.4991493225097656,test,,Whole Blood
GSM990311,0.375,0.0104331970214843,train,,Whole Blood
GSM990312,0.375,-0.3200149536132812,train,,Whole Blood
GSM990314,0.375,-0.2598495483398437,train,,Whole Blood
GSM990317,0.375,5.446079254150391,valid,,Whole Blood
GSM990318,0.375,0.5764389038085938,test,,Whole Blood
GSM990319,0.375,1.634174346923828,train,,Whole Blood
GSM990321,0.375,0.3720779418945312,train,,Whole Blood
GSM990324,0.375,0.6966361999511719,train,,Whole Blood
GSM990325,0.375,0.1880989074707031,train,,Whole Blood
GSM990327,53.0,56.58627700805664,train,,Whole Blood
GSM990329,73.0,72.40518188476562,train,,Whole Blood
GSM990330,90.0,77.38899993896484,train,,Whole Blood
GSM990331,76.0,74.36701965332031,train,,Whole Blood
GSM990332,81.0,64.02549743652344,train,,Whole Blood
GSM990333,80.0,77.13839721679688,train,,Whole Blood
GSM990335,74.0,65.82148742675781,test,,Whole Blood
GSM990336,79.0,76.06398010253906,train,,Whole Blood
GSM990337,67.0,78.5296630859375,test,,Whole Blood
GSM990339,68.0,72.96639251708984,train,,Whole Blood
GSM990340,59.0,61.49375534057617,train,,Whole Blood
GSM990343,39.0,47.409664154052734,test,,Whole Blood
GSM990344,43.0,55.2718505859375,train,,Whole Blood
GSM990345,75.0,67.77943420410156,train,,Whole Blood
GSM990346,55.0,67.29735565185547,valid,,Whole Blood
GSM990347,46.0,53.048675537109375,valid,,Whole Blood
GSM990348,53.0,66.60308074951172,train,,Whole Blood
GSM990349,68.0,66.41912841796875,train,,Whole Blood
GSM990351,30.0,52.947532653808594,valid,,Whole Blood
GSM990352,86.0,70.74819946289062,train,,Whole Blood
GSM990355,49.0,53.08795166015625,test,,Whole Blood
GSM990356,39.0,40.13051986694336,train,,Whole Blood
GSM990357,32.0,50.96098327636719,train,,Whole Blood
GSM990358,46.0,56.3870964050293,train,,Whole Blood
GSM990360,38.0,48.23520278930664,train,,Whole Blood
GSM990361,52.0,54.16529083251953,train,,Whole Blood
GSM990362,77.0,73.24946594238281,train,,Whole Blood
GSM990363,53.0,59.43840026855469,test,,Whole Blood
GSM990364,77.0,64.11669921875,train,,Whole Blood
GSM990369,41.0,65.60067749023438,test,,Whole Blood
GSM990371,55.0,65.93313598632812,valid,,Whole Blood
GSM990373,35.0,41.6597785949707,train,,Whole Blood
GSM990374,67.0,71.1148681640625,test,,Whole Blood
GSM990375,81.0,81.67971801757812,train,,Whole Blood
GSM990376,46.0,68.79444122314453,train,,Whole Blood
GSM990378,71.0,51.59313201904297,train,,Whole Blood
GSM990381,76.0,56.22943878173828,train,,Whole Blood
GSM990383,67.0,59.059326171875,train,,Whole Blood
GSM990384,71.0,65.4368896484375,train,,Whole Blood
GSM990387,55.0,83.61264038085938,train,,Whole Blood
GSM990388,85.0,84.41656494140625,train,,Whole Blood
GSM990389,44.0,52.96766662597656,test,,Whole Blood
GSM990390,51.0,41.082820892333984,train,,Whole Blood
GSM990392,48.0,43.731990814208984,train,,Whole Blood
GSM990393,55.0,54.79371643066406,test,,Whole Blood
GSM990395,64.0,73.88331604003906,train,,Whole Blood
GSM990396,48.0,45.90708541870117,test,,Whole Blood
GSM990397,59.0,55.422325134277344,test,,Whole Blood
GSM990398,46.0,39.58168029785156,valid,,Whole Blood
GSM990399,44.0,42.69053649902344,valid,,Whole Blood
GSM990400,32.0,39.179832458496094,train,,Whole Blood
GSM990401,42.0,40.30201721191406,train,,Whole Blood
GSM990402,50.0,53.68621826171875,train,,Whole Blood
GSM990405,26.0,35.14736557006836,train,,Whole Blood
GSM990406,30.0,24.94987678527832,train,,Whole Blood
GSM990407,28.0,27.9512996673584,train,,Whole Blood
GSM990408,50.0,70.8525161743164,train,,Whole Blood
GSM990410,43.0,47.18148040771485,train,,Whole Blood
GSM990411,57.0,59.93052291870117,train,,Whole Blood
GSM990412,0.0,-0.7165908813476562,train,,Whole Blood
GSM990414,4.0,3.15499496459961,train,,Whole Blood
GSM990415,3.0,3.2521934509277344,train,,Whole Blood
GSM990416,2.0,-0.0316314697265625,train,,Whole Blood
GSM990417,0.0,0.6200294494628906,valid,,Whole Blood
GSM990418,0.0,-0.2257537841796875,train,,Whole Blood
GSM990419,5.0,0.4303436279296875,test,,Whole Blood
GSM990421,3.0,1.2814826965332031,test,,Whole Blood
GSM990422,5.0,4.519569396972656,train,,Whole Blood
GSM990423,0.0,-0.9052009582519532,valid,,Whole Blood
GSM990424,2.0,1.946624755859375,test,,Whole Blood
GSM990425,2.0,0.4030418395996094,train,,Whole Blood
GSM990428,5.0,4.446735382080078,test,,Whole Blood
GSM990429,2.0,0.1764373779296875,train,,Whole Blood
GSM990431,0.0,0.2085037231445312,train,,Whole Blood
GSM990433,2.0,-0.5808982849121094,train,,Whole Blood
GSM990434,5.0,1.757061004638672,train,,Whole Blood
GSM990436,2.0,2.9725418090820312,train,,Whole Blood
GSM990437,5.0,2.542186737060547,train,,Whole Blood
GSM990439,0.0,-0.4788169860839844,train,,Whole Blood
GSM990443,2.0,5.058399200439453,train,,Whole Blood
GSM990444,3.0,4.259666442871094,test,,Whole Blood
GSM990445,2.0,3.7534103393554688,train,,Whole Blood
GSM990449,1.0,0.24609375,train,,Whole Blood
GSM990450,59.0,73.66558837890625,train,,Whole Blood
GSM990451,63.0,75.06048583984375,test,,Whole Blood
GSM990452,53.0,58.56838607788086,train,,Whole Blood
GSM990453,53.0,64.80563354492188,test,,Whole Blood
GSM990456,64.0,63.251983642578125,valid,,Whole Blood
GSM990457,53.0,81.98138427734375,train,,Whole Blood
GSM990458,64.0,66.78622436523438,train,,Whole Blood
GSM990459,64.0,78.38351440429688,test,,Whole Blood
GSM990460,38.0,40.2340202331543,train,,Whole Blood
GSM990461,53.0,56.44254302978515,train,,Whole Blood
GSM990463,36.0,36.66264343261719,train,,Whole Blood
GSM990464,38.0,46.70743560791016,train,,Whole Blood
GSM990469,64.0,58.68424224853515,train,,Whole Blood
GSM990471,59.0,59.383548736572266,test,,Whole Blood
GSM990472,59.0,53.77613067626953,train,,Whole Blood
GSM990473,59.0,54.95912551879883,train,,Whole Blood
GSM990474,53.0,65.91598510742188,test,,Whole Blood
GSM990475,59.0,63.60881042480469,train,,Whole Blood
GSM990476,59.0,49.58164596557617,train,,Whole Blood
GSM990477,59.0,59.90589904785156,train,,Whole Blood
GSM990478,53.0,57.274375915527344,train,,Whole Blood
GSM990482,38.0,58.018280029296875,test,,Whole Blood
GSM990483,53.0,62.05145263671875,valid,,Whole Blood
GSM990484,31.0,49.548370361328125,train,,Whole Blood
GSM990485,49.0,47.6333122253418,train,,Whole Blood
GSM990486,30.0,44.20542526245117,train,,Whole Blood
GSM990487,62.0,59.91582107543945,train,,Whole Blood
GSM990489,31.0,57.263450622558594,test,,Whole Blood
GSM990490,50.0,43.08853912353515,test,,Whole Blood
GSM990491,1.0,0.810272216796875,train,,Whole Blood
GSM990496,0.0,0.9659385681152344,train,,Whole Blood
GSM990497,2.0,2.8457717895507812,train,,Whole Blood
GSM990498,3.0,4.778656005859375,test,,Whole Blood
GSM990499,0.0,0.4506874084472656,test,,Whole Blood
GSM990500,0.6666666865348816,0.7665939331054688,valid,,Whole Blood
GSM990501,5.0,2.33941650390625,train,,Whole Blood
GSM990502,2.0,5.8864593505859375,train,,Whole Blood
GSM990504,4.0,1.1417884826660156,train,,Whole Blood
GSM990505,0.0,0.6266555786132812,train,,Whole Blood
GSM990512,0.0,-0.152587890625,train,,Whole Blood
GSM990513,3.0,2.635120391845703,train,,Whole Blood
GSM990514,5.0,7.352611541748047,train,,Whole Blood
GSM990515,2.0,4.094940185546875,test,,Whole Blood
GSM990517,5.0,3.5037269592285156,train,,Whole Blood
GSM990518,0.25,-0.0444602966308593,train,,Whole Blood
GSM990519,1.0,0.0891456604003906,train,,Whole Blood
GSM990521,3.0,2.788330078125,train,,Whole Blood
GSM990522,1.0,0.5599555969238281,train,,Whole Blood
GSM990525,1.0,-0.4577178955078125,valid,,Whole Blood
GSM990527,3.0,2.27978515625,train,,Whole Blood
GSM990528,0.0,-0.1279716491699218,train,,Whole Blood
GSM990529,0.0,1.4545440673828125,test,,Whole Blood
GSM990530,0.4166666567325592,1.6815147399902344,train,,Whole Blood
GSM990531,0.0,-0.1627922058105468,train,,Whole Blood
GSM990533,2.0,3.009971618652344,test,,Whole Blood
GSM990534,0.0,-0.1536865234375,train,,Whole Blood
GSM990536,4.0,2.2897186279296875,train,,Whole Blood
GSM990538,21.0,35.579402923583984,train,,Whole Blood
GSM990540,23.0,19.390480041503903,train,,Whole Blood
GSM990541,42.0,41.8338623046875,train,,Whole Blood
GSM990543,22.0,25.835941314697266,train,,Whole Blood
GSM990544,21.0,36.03217697143555,test,,Whole Blood
GSM990548,23.0,25.884233474731445,train,,Whole Blood
GSM990550,49.0,54.75630187988281,train,,Whole Blood
GSM990552,23.0,27.81748962402344,train,,Whole Blood
GSM990554,88.0,83.47628021240234,test,,Whole Blood
GSM990555,83.0,83.2603759765625,train,,Whole Blood
GSM990556,89.0,80.93907928466797,train,,Whole Blood
GSM990557,76.0,84.41925048828125,train,,Whole Blood
GSM990563,74.0,85.74116516113281,train,,Whole Blood
GSM990564,73.0,76.14482116699219,test,,Whole Blood
GSM990569,90.0,82.22430419921875,train,,Whole Blood
GSM990572,78.0,85.17582702636719,train,,Whole Blood
GSM990573,68.0,71.41069793701172,train,,Whole Blood
GSM990574,80.0,84.39418029785156,train,,Whole Blood
GSM990575,92.0,88.82731628417969,train,,Whole Blood
GSM990576,79.0,82.06716918945312,test,,Whole Blood
GSM990577,73.0,79.224609375,train,,Whole Blood
GSM990579,67.0,72.27104187011719,test,,Whole Blood
GSM990581,53.0,51.37726593017578,train,,Whole Blood
GSM990582,63.0,67.12384033203125,train,,Whole Blood
GSM990583,76.0,76.60198974609375,train,,Whole Blood
GSM990584,57.0,58.41324996948242,train,,Whole Blood
GSM990590,49.0,57.823265075683594,train,,Whole Blood
GSM990591,80.0,77.43675231933594,test,,Whole Blood
GSM990592,60.0,62.022457122802734,train,,Whole Blood
GSM990594,77.0,68.60726928710938,train,,Whole Blood
GSM990595,77.0,76.46002197265625,train,,Whole Blood
GSM990597,35.0,38.26192855834961,train,,Whole Blood
GSM990599,57.0,58.196083068847656,train,,Whole Blood
GSM990600,39.0,36.73712539672851,test,,Whole Blood
GSM990601,25.0,31.079299926757812,train,,Whole Blood
GSM990602,53.0,78.67373657226562,test,,Whole Blood
GSM990603,24.0,32.52510452270508,train,,Whole Blood
GSM990605,21.0,21.379207611083984,train,,Whole Blood
GSM990606,25.0,26.97256851196289,test,,Whole Blood
GSM990607,85.0,91.2633819580078,train,,Whole Blood
GSM990609,24.0,40.35780334472656,train,,Whole Blood
GSM990612,69.0,63.1757698059082,train,,Whole Blood
GSM990613,73.0,71.37852478027344,train,,Whole Blood
GSM990615,70.0,67.26300811767578,train,,Whole Blood
GSM990617,76.0,66.73291015625,test,,Whole Blood
GSM990619,74.0,70.3441390991211,train,,Whole Blood
GSM990620,57.0,65.419677734375,test,,Whole Blood
GSM990621,65.0,57.75770950317383,train,,Whole Blood
GSM990625,64.0,63.32220077514648,test,,Whole Blood
GSM990626,62.0,57.440185546875,train,,Whole Blood
GSM992014,60.0,62.65679168701172,train,,Brain
GSM992015,66.0,64.90877532958984,train,,Brain
GSM992016,60.0,64.51483154296875,train,,Brain
GSM992017,61.0,59.23280334472656,valid,,Brain
GSM992018,78.0,60.69472122192383,train,,Brain
GSM992019,55.0,57.861289978027344,valid,,Brain
GSM992020,58.0,59.8138313293457,train,,Brain
GSM992021,76.0,67.70939636230469,test,,Brain
GSM992022,58.0,63.165740966796875,test,,Brain
GSM992023,56.0,58.368412017822266,train,,Brain
GSM992024,72.0,64.25035095214844,train,,Brain
GSM992025,57.0,59.28761672973633,train,,Brain
GSM992026,71.0,67.10711669921875,valid,,Brain
GSM992027,73.0,68.12770080566406,train,,Brain
GSM992028,52.0,61.92064666748047,train,,Brain
GSM992029,62.0,58.36051559448242,train,,Brain
GSM992030,71.0,70.24100494384766,train,,Brain
GSM992031,64.0,66.2813491821289,train,,Brain
GSM992032,74.0,61.8149528503418,test,,Brain
TCGA-05-5420,61.0,58.2100944519043,train,,
TCGA-18-3406,70.0,64.9301528930664,train,,
TCGA-18-3407,76.0,68.55013275146484,test,,
TCGA-18-3408,64.0,63.470420837402344,train,,
TCGA-18-3409,70.0,62.35308837890625,train,,
TCGA-18-3410,61.0,60.08438873291016,test,,
TCGA-18-3411,72.0,71.1260986328125,train,,
TCGA-18-3412,77.0,63.415924072265625,train,,
TCGA-18-3414,53.0,57.994327545166016,test,,
TCGA-18-3415,66.0,63.044715881347656,train,,
TCGA-18-3416,59.0,64.23029327392578,train,,
TCGA-18-3417,63.0,57.84611511230469,train,,
TCGA-18-3421,59.0,62.405818939208984,valid,,
TCGA-18-4721,71.0,65.829345703125,test,,
TCGA-18-5592,74.0,67.19253540039062,train,,
TCGA-18-5595,60.0,63.55510330200195,train,,
TCGA-22-4599,73.0,68.27821350097656,train,,
TCGA-22-4601,60.0,59.72132873535156,train,,
TCGA-22-4613,66.0,63.35871505737305,test,,
TCGA-22-5471,70.0,66.94548034667969,valid,,
TCGA-22-5472,72.0,66.41412353515625,train,,
TCGA-22-5473,68.0,57.63223648071289,train,,
TCGA-22-5474,77.0,75.71426391601562,train,,
TCGA-22-5477,60.0,63.719017028808594,train,,
TCGA-22-5478,75.0,67.89593505859375,train,,
TCGA-22-5480,59.0,65.86901092529297,train,,
TCGA-22-5482,71.0,66.96524047851562,train,,
TCGA-22-5485,68.0,62.0339469909668,train,,
TCGA-22-5489,70.0,69.00360107421875,train,,
TCGA-22-5491,68.0,61.76073455810547,valid,,
TCGA-22-5492,70.0,61.14145278930664,train,,
TCGA-33-4566,70.0,69.62457275390625,valid,,
TCGA-33-4582,57.0,56.3837890625,train,,
TCGA-33-4583,63.0,62.600921630859375,test,,
TCGA-33-4586,57.0,70.74362182617188,train,,
TCGA-33-4589,74.0,61.439430236816406,train,,
TCGA-34-5929,63.0,59.20811462402344,train,,
TCGA-38-4628,58.0,62.245323181152344,test,,
TCGA-38-4629,76.0,64.0143814086914,valid,,
TCGA-38-4630,61.0,64.349609375,train,,
TCGA-38-4631,58.0,65.36261749267578,train,,
TCGA-38-4632,74.0,72.15015411376953,train,,
TCGA-39-5011,77.0,63.06241607666016,train,,
TCGA-39-5016,59.0,67.60972595214844,train,,
TCGA-39-5019,64.0,64.897216796875,train,,
TCGA-39-5021,56.0,61.85064697265625,valid,,
TCGA-39-5028,75.0,61.98795318603515,train,,
TCGA-39-5029,60.0,59.02941131591797,train,,
TCGA-39-5030,65.0,66.36735534667969,train,,
TCGA-39-5031,75.0,70.08271026611328,train,,
TCGA-39-5034,55.0,60.35298156738281,valid,,
TCGA-39-5035,56.0,63.71598434448242,train,,
TCGA-39-5036,70.0,70.91532897949219,test,,
TCGA-39-5037,55.0,64.60757446289062,train,,
TCGA-39-5039,56.0,52.47782897949219,train,,
TCGA-43-3394,65.0,55.238258361816406,train,,
TCGA-43-3920,73.0,58.22468566894531,train,,
TCGA-43-5668,57.0,58.724849700927734,train,,
TCGA-43-6771,66.0,68.05792999267578,train,,
TCGA-44-2655,63.0,71.33647155761719,train,,
TCGA-44-2656,65.0,65.1180419921875,train,,
TCGA-44-2659,73.0,64.5972671508789,train,,
TCGA-44-2662,77.0,69.8514633178711,train,,
TCGA-44-2665,63.0,65.69314575195312,train,,
TCGA-44-2668,61.0,64.02668762207031,test,,
TCGA-44-3918,69.0,68.09439849853516,train,,
TCGA-44-3919,55.0,59.044464111328125,train,,
TCGA-44-4112,58.0,50.279266357421875,train,,
TCGA-44-5643,63.0,58.17903900146485,test,,
TCGA-44-5645,62.0,62.16990280151367,test,,
TCGA-44-6144,56.0,51.18928146362305,test,,
TCGA-44-6145,55.0,57.76154327392578,test,,
TCGA-44-6146,70.0,66.96121215820312,train,,
TCGA-44-6147,72.0,69.06874084472656,test,,
TCGA-44-6148,65.0,54.387718200683594,train,,
TCGA-44-6778,53.0,60.65875625610352,train,,
TCGA-49-4486,74.0,79.77753448486328,train,,
TCGA-49-4488,74.0,60.08985900878906,train,,
TCGA-49-4494,63.0,57.308563232421875,train,,
TCGA-49-4501,65.0,69.02301025390625,test,,
TCGA-49-4505,70.0,66.7341079711914,train,,
TCGA-49-4506,69.0,63.400146484375,valid,,
TCGA-49-4507,35.0,33.70332336425781,train,,
TCGA-49-4510,25.0,31.345975875854492,train,,
TCGA-49-6745,16.0,18.45193672180176,train,,
TCGA-50-5930,37.0,23.216936111450195,train,,
TCGA-50-5931,38.0,31.4725341796875,train,,
TCGA-50-5932,28.0,30.33934211730957,train,,
TCGA-50-5933,47.0,39.30922317504883,train,,
TCGA-50-5935,69.0,58.741905212402344,train,,
TCGA-50-5936,18.0,26.736637115478516,train,,
TCGA-50-5939,37.0,37.4455680847168,train,,
TCGA-50-6591,27.0,35.02313995361328,test,,
TCGA-50-6592,28.0,32.40760803222656,train,,
TCGA-50-6593,33.0,31.00006866455078,train,,
TCGA-50-6594,29.0,34.78036880493164,train,,
TCGA-55-1594,52.0,50.3365478515625,test,,
TCGA-55-1596,20.0,24.862424850463867,train,,
TCGA-66-2727,64.0,59.13304138183594,train,,
TCGA-66-2734,56.0,58.66939163208008,train,,
TCGA-66-2737,55.0,71.44190216064453,train,,
TCGA-66-2742,47.0,58.89104461669922,train,,
TCGA-66-2744,69.0,69.09161376953125,train,,
TCGA-66-2753,71.0,67.25250244140625,test,,
TCGA-66-2754,50.0,62.96240234375,train,,
TCGA-66-2771,66.0,71.80671691894531,test,,
TCGA-66-2787,56.0,80.74632263183594,train,,
TCGA-66-2788,71.0,66.53335571289062,train,,
TCGA-66-2789,64.0,67.10574340820312,train,,
TCGA-66-2790,51.0,59.365379333496094,test,,
TCGA-66-2791,53.0,56.34804153442383,train,,
TCGA-66-2792,71.0,64.66664123535156,valid,,
TCGA-66-2795,53.0,65.07234191894531,train,,
TCGA-73-4658,63.0,66.1513442993164,valid,,
TCGA-73-4659,62.0,57.82499694824219,train,,
TCGA-73-4662,63.0,62.12223052978515,train,,
TCGA-73-4666,57.0,61.22190856933594,train,,
TCGA-73-4668,62.0,62.53995513916016,train,,
TCGA-73-4670,47.0,52.89227294921875,valid,,
TCGA-73-4675,57.0,60.91423034667969,train,,
TCGA-73-4676,64.0,63.09010314941406,test,,
TCGA-73-4677,70.0,67.4311752319336,test,,
TCGA-A3-3306,68.0,64.13633728027344,train,,
TCGA-A3-3308,48.0,57.34318923950195,train,,
TCGA-A3-3311,68.0,70.21936798095703,train,,
TCGA-A3-3313,64.0,71.61299896240234,train,,
TCGA-A3-3316,56.0,67.95804595947266,valid,,
TCGA-A3-3317,73.0,66.54016876220703,train,,
TCGA-A3-3319,62.0,67.03630828857422,train,,
TCGA-A3-3320,69.0,60.06177520751953,train,,
TCGA-A3-3322,61.0,59.771114349365234,valid,,
TCGA-A3-3323,60.0,65.857666015625,train,,
TCGA-A3-3324,67.0,59.77239990234375,train,,
TCGA-A3-3325,63.0,65.48340606689453,test,,
TCGA-A3-3326,67.0,58.24909973144531,train,,
TCGA-A3-3328,53.0,62.99372100830078,train,,
TCGA-A3-3329,50.0,55.81637954711914,train,,
TCGA-A3-3331,48.0,59.77812194824219,train,,
TCGA-A3-3335,57.0,61.110816955566406,train,,
TCGA-A3-3336,71.0,62.99946594238281,valid,,
TCGA-A3-3343,72.0,67.39311981201172,train,,
TCGA-A3-3346,59.0,63.341339111328125,train,,
TCGA-A3-3347,62.0,61.59858322143555,train,,
TCGA-A3-3349,56.0,62.55198669433594,train,,
TCGA-A3-3351,58.0,59.165435791015625,test,,
TCGA-A3-3357,63.0,66.13294982910156,test,,
TCGA-A3-3359,65.0,64.89539337158203,train,,
TCGA-A3-3362,66.0,67.36408233642578,test,,
TCGA-A3-3363,59.0,62.17121124267578,train,,
TCGA-A3-3365,51.0,67.96784210205078,train,,
TCGA-A3-3367,57.0,62.21961212158203,valid,,
TCGA-A3-3370,57.0,71.49293518066406,train,,
TCGA-A3-3372,59.0,65.85786437988281,train,,
TCGA-A3-3373,59.0,71.88157653808594,train,,
TCGA-A3-3374,46.0,56.06438446044922,train,,
TCGA-A3-3376,66.0,74.40213012695312,train,,
TCGA-A3-3378,69.0,68.81246948242188,train,,
TCGA-A3-3380,61.0,71.19451904296875,train,,
TCGA-A3-3382,72.0,63.173954010009766,train,,
TCGA-A3-3383,58.0,57.039886474609375,test,,
TCGA-A3-3385,0.0,-0.5867538452148438,train,,
TCGA-A4-7288,0.75,1.1591072082519531,train,,
TCGA-A4-7585,0.75,1.0313186645507812,train,,
TCGA-A4-7732,0.0,-0.3240013122558594,train,,
TCGA-A6-2671,0.75,4.866920471191406,train,,
TCGA-A6-2672,0.75,2.045814514160156,test,,
TCGA-A6-2674,0.0,-0.7638053894042969,test,,
TCGA-A6-2675,0.0,-0.2944564819335937,train,,
TCGA-A6-2676,0.0,0.0229415893554687,train,,
TCGA-A6-2677,0.75,0.6074028015136719,train,,
TCGA-A6-2678,0.75,3.011615753173828,train,,
TCGA-A6-2679,0.75,1.0489349365234375,train,,
TCGA-A6-2680,0.75,0.47442626953125,valid,,
TCGA-A6-2681,0.75,1.799175262451172,train,,
TCGA-A6-2682,0.0,-0.7375564575195312,train,,
TCGA-A6-2683,0.75,0.8329658508300781,train,,
TCGA-A6-2684,0.0,-0.4644622802734375,train,,
TCGA-A6-2685,0.0,-0.8700141906738281,train,,
TCGA-A6-2686,0.0,-0.6200523376464844,train,,
TCGA-A6-3807,0.0,-0.7875328063964844,train,,
TCGA-A6-3808,0.0,-0.7839736938476562,train,,
TCGA-A6-3809,0.0,-0.3736991882324219,train,,
TCGA-A6-3810,0.0,-0.0928916931152343,train,,
TCGA-A6-4107,0.0,-0.1037178039550781,train,,
TCGA-A6-5667,0.0,0.0210990905761718,test,,
TCGA-A7-A0CE,0.0,-0.5875473022460938,train,,
TCGA-A7-A0CH,0.75,4.022331237792969,train,,
TCGA-A7-A0D9,0.0,-0.7303695678710938,valid,,
TCGA-A7-A0DB,0.0,1.0623435974121094,train,,
TCGA-A7-A13E,0.0,-0.6890335083007812,train,,
TCGA-A7-A13F,0.75,1.0414543151855469,train,,
TCGA-A7-A13G,0.75,2.1665725708007812,test,,
TCGA-AA-3488,0.0,-0.6061897277832031,train,,
TCGA-AA-3492,0.75,-0.4116058349609375,train,,
TCGA-AA-3494,29.0,32.52884292602539,test,,
TCGA-AA-3495,40.0,36.120567321777344,valid,,
TCGA-AA-3502,40.0,33.96042251586914,train,,
TCGA-AA-3506,25.0,27.95948028564453,test,,
TCGA-AA-3509,40.0,33.992706298828125,train,,
TCGA-AA-3510,36.0,37.90773010253906,test,,
TCGA-AA-3514,25.0,28.720455169677734,train,,
TCGA-AA-3516,33.0,33.9504508972168,train,,
TCGA-AA-3517,31.0,30.351505279541016,train,,
TCGA-AA-3518,30.0,33.62812042236328,train,,
TCGA-AA-3519,36.0,30.493305206298828,train,,
TCGA-AA-3520,25.0,35.11528778076172,train,,
TCGA-AA-3521,33.0,33.42863464355469,train,,
TCGA-AA-3522,37.0,35.18890380859375,train,,
TCGA-AA-3524,40.0,32.276885986328125,train,,
TCGA-AA-3525,31.0,31.764013290405273,train,,
TCGA-AA-3526,37.0,31.51527404785156,train,,
TCGA-AA-3527,39.0,34.91053771972656,test,,
TCGA-AA-3529,33.0,33.966575622558594,train,,
TCGA-AA-3531,32.0,35.23317337036133,train,,
TCGA-AA-3532,31.0,32.83415985107422,train,,
TCGA-AA-3534,37.0,35.808738708496094,train,,
TCGA-AA-3655,38.0,43.54667282104492,train,,
TCGA-AA-3660,35.0,33.37725830078125,valid,,
TCGA-AA-3663,26.0,32.510581970214844,train,,
TCGA-AA-3697,31.0,32.47119903564453,test,,
TCGA-AA-3712,29.0,31.664514541625977,train,,
TCGA-AA-3713,25.0,32.568241119384766,train,,
TCGA-AA-A01P,27.0,29.331966400146484,train,,
TCGA-AA-A01R,35.0,35.69196319580078,train,,
TCGA-AA-A01S,26.0,31.83858871459961,valid,,
TCGA-AA-A01T,33.0,34.177669525146484,train,,
TCGA-AA-A01V,34.0,35.741153717041016,train,,
TCGA-AA-A01X,28.0,34.92537307739258,train,,
TCGA-AA-A01Z,24.0,24.3601131439209,test,,
TCGA-AA-A022,41.0,38.70066452026367,valid,,
TCGA-AA-A02O,37.0,40.77676010131836,test,,
TCGA-AA-A03F,65.0,71.54435729980469,train,,
TCGA-AA-A03J,64.0,70.67341613769531,test,,
TCGA-AC-A2FB,58.0,59.57246398925781,train,,
TCGA-AC-A2FG,78.0,76.71214294433594,valid,,
TCGA-AC-A2FM,66.0,66.30634307861328,train,,
TCGA-AJ-A3NC,8.0,6.5291290283203125,train,,
TCGA-AJ-A3NE,8.0,15.074106216430664,test,,
TCGA-AJ-A3NH,22.0,38.613155364990234,train,,
TCGA-AX-A05Y,1.0,1.1225852966308594,valid,,
TCGA-AX-A0IZ,1.0,-0.076995849609375,train,,
TCGA-AX-A0J0,30.0,70.92948913574219,train,,
TCGA-AX-A1CF,4.0,7.668209075927734,train,,
TCGA-AX-A1CI,55.0,57.17167282104492,train,,
TCGA-AX-A1CK,45.0,45.973426818847656,train,,
TCGA-AX-A2H4,35.0,48.838565826416016,test,,
TCGA-AX-A2H5,40.0,31.684982299804688,test,,
TCGA-AX-A2H7,35.0,38.358848571777344,train,,
TCGA-AX-A2H8,60.0,48.01905059814453,valid,,
TCGA-AX-A2HA,50.0,48.4227294921875,train,,
TCGA-AX-A2HC,40.0,41.529273986816406,train,,
TCGA-AX-A2HD,50.0,52.02449417114258,valid,,
TCGA-AZ-6598,45.0,40.81877899169922,train,,
TCGA-AZ-6599,55.0,69.60504150390625,test,,
TCGA-AZ-6600,55.0,55.18611145019531,test,,
TCGA-AZ-6601,55.0,52.30773162841797,valid,,
TCGA-B0-4688,50.0,72.4986801147461,train,,
TCGA-B0-4690,50.0,37.70613479614258,train,,
TCGA-B0-4691,50.0,52.48548126220703,train,,
TCGA-B0-4693,40.0,44.101776123046875,train,,
TCGA-B0-4694,40.0,47.08122253417969,test,,
TCGA-B0-4696,30.0,48.25606155395508,train,,
TCGA-B0-4697,50.0,58.33314514160156,train,,
TCGA-B0-4698,45.0,42.684200286865234,train,,
TCGA-B0-4699,72.0,71.26342010498047,test,,
TCGA-B0-4701,81.0,74.71139526367188,train,,
TCGA-B0-4703,73.0,72.48494720458984,valid,,
TCGA-B0-4706,54.0,67.63723754882812,valid,,
TCGA-B0-4707,71.0,74.24494934082031,test,,
TCGA-B0-4710,64.0,74.94998168945312,train,,
TCGA-B0-4712,79.0,75.57188415527344,train,,
TCGA-B0-4713,71.0,72.3685531616211,train,,
TCGA-B0-4714,21.0,24.975887298583984,train,,
TCGA-B0-4718,22.0,23.464277267456055,train,,
TCGA-B0-4810,39.0,41.436309814453125,train,,
TCGA-B0-4811,34.0,41.46312713623047,train,,
TCGA-B0-4813,30.0,31.822322845458984,valid,,
TCGA-B0-4814,60.0,58.56534576416016,valid,,
TCGA-B0-4815,35.0,32.332000732421875,test,,
TCGA-B0-4816,44.0,34.99619674682617,train,,
TCGA-B0-4817,22.0,26.30929946899414,train,,
TCGA-B0-4818,72.0,60.3692626953125,train,,
TCGA-B0-4819,58.0,57.75347137451172,train,,
TCGA-B0-4821,44.0,35.51852035522461,train,,
TCGA-B0-4822,70.0,69.55227661132812,valid,,
TCGA-B0-4823,30.0,34.526451110839844,valid,,
TCGA-B0-4824,56.0,62.707611083984375,train,,
TCGA-B0-4827,28.0,30.937475204467773,train,,
TCGA-B0-4828,24.0,31.852022171020508,train,,
TCGA-B0-4833,21.0,20.204030990600582,test,,
TCGA-B0-4834,28.0,28.227375030517575,train,,
TCGA-B0-4836,51.0,45.892112731933594,test,,
TCGA-B0-4837,50.0,46.84518814086914,train,,
TCGA-B0-4838,22.0,18.638050079345703,train,,
TCGA-B0-4839,25.0,23.351648330688477,train,,
TCGA-B0-4841,63.0,56.19037628173828,train,,
TCGA-B0-4842,39.0,31.66400909423828,train,,
TCGA-B0-4843,69.0,67.8820571899414,train,,
TCGA-B0-4844,26.0,32.159202575683594,train,,
TCGA-B0-4845,68.0,63.84502410888672,test,,
TCGA-B0-4846,73.0,65.37748718261719,train,,
TCGA-B0-4847,16.0,18.865381240844727,test,,
TCGA-B0-4848,68.0,68.90459442138672,train,,
TCGA-B0-4849,27.0,25.228174209594727,test,,
TCGA-B0-4852,49.0,47.302677154541016,train,,
TCGA-B0-4945,77.0,73.7070541381836,test,,
TCGA-B0-5075,32.0,29.915767669677734,train,,
TCGA-B0-5077,44.0,46.02043151855469,train,,
TCGA-B0-5080,29.0,24.496353149414062,test,,
TCGA-B0-5081,62.0,61.21342468261719,train,,
TCGA-B0-5083,47.0,38.94302749633789,train,,
TCGA-B0-5084,18.0,15.932228088378906,train,,
TCGA-B0-5085,54.0,39.66468811035156,train,,
TCGA-B0-5088,20.0,24.096206665039062,test,,
TCGA-B0-5092,19.0,28.227163314819336,test,,
TCGA-B0-5094,56.0,50.55170440673828,test,,
TCGA-B0-5095,26.0,17.980772018432617,train,,
TCGA-B0-5096,46.0,40.566898345947266,valid,,
TCGA-B0-5097,20.0,19.024194717407227,train,,
TCGA-B0-5098,19.0,23.59609603881836,valid,,
TCGA-B0-5099,26.0,26.43425750732422,train,,
TCGA-B0-5100,24.0,26.57067108154297,train,,
TCGA-B0-5102,27.0,44.43840789794922,train,,
TCGA-B0-5104,21.0,25.86511611938477,test,,
TCGA-B0-5106,44.0,51.27995300292969,train,,
TCGA-B0-5107,73.0,69.78807067871094,train,,
TCGA-B0-5108,79.0,73.14793395996094,train,,
TCGA-B0-5109,20.0,20.482192993164062,train,,
TCGA-B0-5110,63.0,61.552398681640625,train,,
TCGA-B0-5113,42.0,45.24825668334961,train,,
TCGA-B0-5115,54.0,60.76589584350586,train,,
TCGA-B0-5116,52.0,62.707130432128906,train,,
TCGA-B0-5117,61.0,58.29255294799805,train,,
TCGA-B0-5119,36.0,32.15396499633789,train,,
TCGA-B0-5120,27.0,27.12432861328125,train,,
TCGA-B0-5121,27.0,20.688209533691406,test,,
TCGA-B0-5400,29.0,44.57358932495117,train,,
TCGA-B0-5402,26.0,24.995868682861328,train,,
TCGA-B0-5710,36.0,32.20458984375,test,,
TCGA-B0-5711,35.0,44.071285247802734,train,,
TCGA-B0-5712,43.0,47.89105224609375,train,,
TCGA-B0-5713,24.0,20.62106704711914,train,,
TCGA-B1-A47M,49.0,51.522220611572266,train,,
TCGA-B2-3923,36.0,39.56645584106445,test,,
TCGA-B2-3924,63.0,63.79549407958984,train,,
TCGA-B2-4098,56.0,54.50170135498047,train,,
TCGA-B2-4099,17.0,22.89925193786621,train,,
TCGA-B2-4102,64.0,65.25635528564453,test,,
TCGA-B3-3925,49.0,50.728294372558594,train,,
TCGA-B3-3926,39.0,60.863990783691406,train,,
TCGA-B3-4103,26.0,38.24958801269531,train,,
TCGA-B3-4104,75.0,62.434364318847656,valid,,
TCGA-B8-4143,24.0,25.514537811279297,valid,,
TCGA-B8-4154,39.0,30.45781517028809,train,,
TCGA-B9-4113,64.0,60.9481201171875,test,,
TCGA-BC-A10Q,34.0,41.65385055541992,train,,
TCGA-BC-A10R,24.0,27.115589141845703,train,,
TCGA-BC-A10T,23.0,26.192832946777344,train,,
TCGA-BC-A10U,75.0,71.35745239257812,train,,
TCGA-BC-A10W,25.0,23.14889144897461,train,,
TCGA-BC-A10X,25.0,26.2083740234375,valid,,
TCGA-BC-A10Y,67.0,66.2399673461914,train,,
TCGA-BC-A10Z,45.0,31.83604431152344,train,,
TCGA-BC-A110,70.0,60.090484619140625,train,,
TCGA-BC-A112,44.0,48.97245788574219,train,,
TCGA-BC-A216,34.0,34.20405578613281,test,,
TCGA-BD-A2L6,22.0,33.127777099609375,valid,,
TCGA-BD-A3EP,50.0,50.27657699584961,train,,
TCGA-BG-A0MA,34.0,26.110328674316406,train,,
TCGA-BG-A2AE,63.0,60.914817810058594,train,,
TCGA-BG-A2L7,72.0,56.81322479248047,train,,
TCGA-BG-A3EW,37.0,35.103843688964844,train,,
TCGA-BG-A3PP,45.0,41.40216827392578,train,,
TCGA-BH-A0AU,26.0,26.2930908203125,valid,,
TCGA-BH-A0AY,17.0,22.226226806640625,train,,
TCGA-BH-A0AZ,21.0,27.13856506347656,train,,
TCGA-BH-A0B3,27.0,23.90487289428711,train,,
TCGA-BH-A0B7,54.0,42.441890716552734,test,,
TCGA-BH-A0B8,65.0,63.19327545166016,train,,
TCGA-BH-A0BA,43.0,46.82838821411133,train,,
TCGA-BH-A0BC,27.0,31.149877548217773,train,,
TCGA-BH-A0BF,43.0,42.57203674316406,train,,
TCGA-BH-A0BJ,49.0,55.125633239746094,test,,
TCGA-BH-A0BL,55.0,57.632301330566406,train,,
TCGA-BH-A0BM,57.0,59.356544494628906,valid,,
TCGA-BH-A0BO,29.0,22.203277587890625,valid,,
TCGA-BH-A0BQ,34.0,34.365211486816406,train,,
TCGA-BH-A0BS,75.0,67.1744384765625,test,,
TCGA-BH-A0BT,36.0,32.210899353027344,train,,
TCGA-BH-A0BV,44.0,46.24633026123047,train,,
TCGA-BH-A0BZ,62.0,65.07291412353516,valid,,
TCGA-BH-A0C0,50.0,54.83901596069336,train,,
TCGA-BH-A0C3,69.0,62.442718505859375,test,,
TCGA-BH-A0DE,25.0,28.571338653564453,train,,
TCGA-BH-A0DG,27.0,32.19779968261719,test,,
TCGA-BH-A0DH,67.0,66.97362518310547,test,,
TCGA-BH-A0DI,35.0,29.285158157348633,train,,
TCGA-BH-A0DK,20.0,33.14131546020508,test,,
TCGA-BH-A0DL,74.0,68.49940490722656,train,,
TCGA-BH-A0DO,49.0,35.049285888671875,train,,
TCGA-BH-A0DP,21.0,29.78860664367676,train,,
TCGA-BH-A0DQ,61.0,63.72651672363281,train,,
TCGA-BH-A0DT,62.0,57.66022491455078,train,,
TCGA-BH-A0DV,73.0,62.90364837646485,train,,
TCGA-BH-A0DZ,45.0,38.08171463012695,train,,
TCGA-BH-A0E0,19.0,24.022377014160156,valid,,
TCGA-BH-A0E1,22.0,23.675811767578125,train,,
TCGA-BH-A0H5,29.0,29.253028869628903,test,,
TCGA-BH-A0H7,22.0,26.42925453186035,test,,
TCGA-BH-A0H9,42.0,44.865753173828125,train,,
TCGA-BH-A0HA,20.0,25.466230392456055,train,,
TCGA-BH-A0HK,29.0,24.281835556030273,test,,
TCGA-BH-A18F,37.0,33.93831253051758,train,,
TCGA-BH-A18J,22.0,28.12112045288086,train,,
TCGA-BH-A18K,32.0,48.51665496826172,test,,
TCGA-BH-A18L,21.0,25.736494064331055,train,,
TCGA-BH-A18M,65.0,59.64270782470703,train,,
TCGA-BH-A18N,24.0,21.83581924438477,train,,
TCGA-BH-A18P,50.0,56.48915100097656,train,,
TCGA-BH-A18Q,47.0,45.59653091430664,test,,
TCGA-BH-A18R,31.0,22.56116104125977,train,,
TCGA-BH-A18S,22.0,29.04273223876953,valid,,
TCGA-BH-A18U,23.0,27.60271644592285,test,,
TCGA-BH-A18V,19.0,27.42803955078125,train,,
TCGA-BH-A1EN,43.0,38.96335220336914,test,,
TCGA-BH-A1EO,37.0,37.92251968383789,valid,,
TCGA-BH-A1ES,68.0,67.30094909667969,train,,
TCGA-BH-A1ET,65.0,65.03716278076172,train,,
TCGA-BH-A1EU,56.0,48.615333557128906,train,,
TCGA-BH-A1EV,23.0,25.443368911743164,test,,
TCGA-BH-A1EW,55.0,62.00359725952149,train,,
TCGA-BH-A1EY,70.0,56.05069351196289,train,,
TCGA-BH-A1F0,54.0,57.66704559326172,train,,
TCGA-BH-A1F2,55.0,59.278114318847656,train,,
TCGA-BH-A1F5,63.0,57.727394104003906,valid,,
TCGA-BH-A1F6,50.0,60.206424713134766,test,,
TCGA-BH-A1F8,62.0,56.02019500732422,train,,
TCGA-BH-A1FB,43.0,47.34831237792969,train,,
TCGA-BH-A1FC,69.0,60.87236785888672,test,,
TCGA-BH-A1FD,65.0,64.2645263671875,valid,,
TCGA-BH-A1FE,54.0,57.68844223022461,train,,
TCGA-BH-A1FG,45.0,60.74061584472656,valid,,
TCGA-BH-A1FH,49.0,54.722755432128906,train,,
TCGA-BH-A1FJ,59.0,64.7887191772461,train,,
TCGA-BH-A1FM,51.0,59.38583755493164,train,,
TCGA-BH-A1FN,48.0,51.09314727783203,test,,
TCGA-BH-A1FR,24.0,26.24115562438965,train,,
TCGA-BH-A203,61.0,58.359710693359375,train,,
TCGA-BJ-A28R,50.0,58.74761199951172,train,,
TCGA-BJ-A28T,49.0,52.95690155029297,train,,
TCGA-BJ-A28W,69.0,61.23257064819336,valid,,
TCGA-BJ-A28X,47.0,50.145362854003906,test,,
TCGA-BJ-A290,68.0,60.24318313598633,train,,
TCGA-BJ-A2N7,52.0,53.43302917480469,train,,
TCGA-BJ-A2N8,53.0,54.81555938720703,train,,
TCGA-BJ-A2N9,68.0,61.3536491394043,train,,
TCGA-BJ-A2NA,53.0,53.270225524902344,train,,
TCGA-BJ-A3PR,55.0,55.643611907958984,train,,
TCGA-BJ-A3PU,56.0,60.998512268066406,train,,
TCGA-BK-A0CB,50.0,55.938777923583984,train,,
TCGA-BK-A13C,63.0,54.553810119628906,train,,
TCGA-BK-A4ZD,61.0,58.69245147705078,train,,
TCGA-BP-4158,31.0,28.48272705078125,test,,
TCGA-BP-4159,60.0,64.6065673828125,train,,
TCGA-BP-4160,70.0,73.55738067626953,train,,
TCGA-BP-4161,66.0,59.31991958618164,test,,
TCGA-BP-4162,38.0,47.34486389160156,train,,
TCGA-BP-4163,56.0,72.90380859375,test,,
TCGA-BP-4164,63.0,58.49083709716797,train,,
TCGA-BP-4165,59.0,54.20265197753906,test,,
TCGA-BP-4166,61.0,64.26248168945312,train,,
TCGA-BP-4167,69.0,60.91993713378906,train,,
TCGA-BP-4169,50.0,53.17332077026367,test,,
TCGA-BP-4170,39.0,40.622528076171875,train,,
TCGA-BP-4173,56.0,54.86330032348633,valid,,
TCGA-BP-4174,36.0,44.24556350708008,test,,
TCGA-BP-4176,22.0,29.9586181640625,train,,
TCGA-BP-4177,56.0,54.267948150634766,valid,,
TCGA-BP-4325,65.0,69.79044342041016,train,,
TCGA-BP-4326,70.0,66.07121276855469,train,,
TCGA-BP-4327,47.0,47.67021179199219,train,,
TCGA-BP-4329,53.0,62.11360931396485,test,,
TCGA-BP-4330,54.0,55.49324798583984,train,,
TCGA-BP-4331,46.0,54.09170913696289,test,,
TCGA-BP-4332,36.0,42.72598648071289,train,,
TCGA-BP-4335,40.0,43.886959075927734,train,,
TCGA-BP-4337,53.0,51.79900360107422,test,,
TCGA-BP-4338,48.0,49.09513854980469,train,,
TCGA-BP-4340,53.0,43.106781005859375,train,,
TCGA-BP-4341,46.0,55.16883850097656,train,,
TCGA-BP-4342,53.0,52.47270584106445,train,,
TCGA-BP-4343,47.0,54.541259765625,test,,
TCGA-BP-4344,48.0,53.80518341064453,train,,
TCGA-BP-4345,47.0,44.79840087890625,train,,
TCGA-BP-4346,53.0,54.865028381347656,train,,
TCGA-BP-4347,54.0,50.34880447387695,train,,
TCGA-BP-4349,55.0,58.19427490234375,valid,,
TCGA-BP-4351,33.0,36.152706146240234,valid,,
TCGA-BP-4352,53.0,54.02531433105469,train,,
TCGA-BP-4353,45.0,44.46487808227539,test,,
TCGA-BP-4354,68.0,67.02571105957031,train,,
TCGA-BP-4355,66.0,59.16981506347656,train,,
TCGA-BP-4756,67.0,75.8320083618164,train,,
TCGA-BP-4758,68.0,60.08665466308594,test,,
TCGA-BP-4759,58.0,58.35257339477539,train,,
TCGA-BP-4760,54.0,59.43146514892578,valid,,
TCGA-BP-4761,60.0,51.0489616394043,test,,
TCGA-BP-4762,59.0,61.17840576171875,train,,
TCGA-BP-4763,56.0,59.18888092041016,test,,
TCGA-BP-4765,66.0,74.52067565917969,test,,
TCGA-BP-4766,44.0,50.9571647644043,train,,
TCGA-BP-4768,60.0,63.73023986816406,train,,
TCGA-BP-4769,55.0,64.01861572265625,train,,
TCGA-BP-4770,56.0,64.94009399414062,train,,
TCGA-BP-4771,54.0,59.854103088378906,train,,
TCGA-BP-4774,38.0,36.93619918823242,train,,
TCGA-BP-4775,56.0,56.40511703491211,train,,
TCGA-BP-4776,52.0,58.42927551269531,train,,
TCGA-BP-4777,63.0,52.68918228149414,test,,
TCGA-BP-4781,67.0,58.70482635498047,test,,
TCGA-BP-4782,53.0,55.72202682495117,train,,
TCGA-BP-4784,26.0,46.32908248901367,test,,
TCGA-BP-4787,51.0,54.28251647949219,train,,
TCGA-BP-4789,60.0,60.12052917480469,train,,
TCGA-BP-4790,20.0,28.546178817749023,train,,
TCGA-BP-4795,64.0,65.150390625,train,,
TCGA-BP-4797,45.0,45.28037643432617,train,,
TCGA-BP-4798,66.0,71.42364501953125,train,,
TCGA-BP-4799,33.0,48.4337043762207,train,,
TCGA-BP-4801,59.0,61.10467529296875,train,,
TCGA-BP-4803,67.0,57.66534805297851,train,,
TCGA-BP-4804,56.0,58.09217071533203,train,,
TCGA-BP-4807,68.0,61.25223159790039,train,,
TCGA-BP-4959,61.0,62.09487533569336,train,,
TCGA-BP-4960,62.0,64.30867004394531,test,,
TCGA-BP-4961,64.0,59.64392852783203,train,,
TCGA-BP-4962,56.0,60.43963623046875,train,,
TCGA-BP-4963,59.0,62.716522216796875,train,,
TCGA-BP-4964,47.0,46.75592803955078,train,,
TCGA-BP-4965,55.0,61.57064056396485,train,,
TCGA-BP-4967,45.0,54.60777282714844,train,,
TCGA-BP-4968,51.0,53.39961242675781,valid,,
TCGA-BP-4969,31.0,44.018531799316406,train,,
TCGA-BP-4970,42.0,49.75328826904297,test,,
TCGA-BP-4971,69.0,60.65570831298828,test,,
TCGA-BP-4972,47.0,41.38079833984375,valid,,
TCGA-BP-4973,46.0,54.41461944580078,valid,,
TCGA-BP-4974,53.0,52.846561431884766,test,,
TCGA-BP-4975,49.0,52.22488021850586,train,,
TCGA-BP-4976,33.0,27.86315536499023,valid,,
TCGA-BP-4977,31.0,43.720951080322266,train,,
TCGA-BP-4981,68.0,69.46541595458984,test,,
TCGA-BP-4982,51.0,55.7446174621582,train,,
TCGA-BP-4983,67.0,69.04753112792969,test,,
TCGA-BP-4985,54.0,56.59684753417969,train,,
TCGA-BP-4986,64.0,61.23802947998047,train,,
TCGA-BP-4987,65.0,67.11666107177734,train,,
TCGA-BP-4988,69.0,61.46696472167969,test,,
TCGA-BP-4989,36.0,22.18395614624023,test,,
TCGA-BP-4991,51.0,54.833518981933594,valid,,
TCGA-BP-4992,58.0,57.80413055419922,valid,,
TCGA-BP-4993,50.0,55.92338943481445,test,,
TCGA-BP-4995,58.0,57.70022964477539,train,,
TCGA-BP-4998,52.0,49.981502532958984,train,,
TCGA-BP-4999,24.0,26.397640228271484,train,,
TCGA-BP-5000,42.0,38.663455963134766,valid,,
TCGA-BP-5001,16.0,21.409034729003903,train,,
TCGA-BP-5004,20.0,24.006099700927734,test,,
TCGA-BP-5006,38.0,33.05457305908203,valid,,
TCGA-BP-5007,16.0,21.823144912719727,test,,
TCGA-BP-5008,37.0,38.95042037963867,train,,
TCGA-BP-5009,37.0,30.08198928833008,train,,
TCGA-BP-5010,35.0,29.08063507080078,train,,
TCGA-BP-5168,33.0,38.24127578735352,train,,
TCGA-BP-5169,0.0,-1.4768791198730469,train,,
TCGA-BP-5170,57.0,54.39404296875,train,,
TCGA-BP-5173,62.0,64.6190185546875,train,,
TCGA-BP-5174,69.0,67.27452087402344,train,,
TCGA-BP-5175,76.0,62.552589416503906,train,,
TCGA-BP-5176,59.0,56.151466369628906,valid,,
TCGA-BP-5177,49.0,55.20753479003906,train,,
TCGA-BP-5178,46.650238037109375,58.6540641784668,train,,
TCGA-BP-5180,45.77412796020508,46.985252380371094,valid,,
TCGA-BP-5181,56.60506439208984,54.87415313720703,train,,
TCGA-BP-5182,34.29158020019531,28.534385681152344,train,,
TCGA-BP-5183,80.31484985351562,71.044921875,train,,
TCGA-BP-5184,58.58179473876953,61.48053741455078,test,,
TCGA-BP-5185,41.21834182739258,55.97389221191406,train,,
TCGA-BP-5186,79.32649230957031,56.78647994995117,test,,
TCGA-BP-5187,64.68994140625,61.97327423095703,train,,
TCGA-BP-5189,42.52703475952149,52.31071853637695,valid,,
TCGA-BP-5190,83.06365203857422,68.72981262207031,train,,
TCGA-BP-5191,63.43052673339844,63.770538330078125,train,,
TCGA-BP-5192,37.88090515136719,37.85255813598633,train,,
TCGA-BP-5194,45.82067108154297,46.021297454833984,test,,
TCGA-BP-5195,28.92265510559082,41.33046340942383,test,,
TCGA-BP-5196,39.78644943237305,56.905460357666016,train,,
TCGA-BP-5198,57.67008972167969,56.67460632324219,train,,
TCGA-BP-5199,37.42915725708008,57.79996490478515,test,,
TCGA-BP-5200,66.43668365478516,74.14811706542969,train,,
TCGA-BP-5201,38.80903625488281,50.599063873291016,test,,
TCGA-BP-5202,60.04928207397461,61.03315734863281,train,,
TCGA-BQ-5875,60.09308624267578,59.22443389892578,valid,,
TCGA-BQ-5876,88.41889190673828,51.813751220703125,test,,
TCGA-BQ-5877,88.71731567382812,65.22400665283203,train,,
TCGA-BQ-5878,65.28404998779297,47.61471176147461,train,,
TCGA-BQ-5879,63.8658447265625,53.24348449707031,train,,
TCGA-BQ-5880,38.576316833496094,49.730350494384766,train,,
TCGA-BQ-5881,81.45379638671875,70.71238708496094,train,,
TCGA-BQ-5882,69.23751068115234,64.85043334960938,valid,,
TCGA-BQ-5883,58.902122497558594,64.61747741699219,train,,
TCGA-BQ-5884,30.674880981445312,50.92091369628906,train,,
TCGA-BQ-5885,60.840518951416016,67.40093231201172,train,,
TCGA-BQ-5886,72.35044860839844,57.01606750488281,valid,,
TCGA-BQ-5887,45.68925476074219,40.24201965332031,train,,
TCGA-BQ-5888,63.97262191772461,70.63702392578125,train,,
TCGA-BQ-5889,63.58384704589844,59.899532318115234,valid,,
TCGA-BQ-5890,41.14168548583984,59.243072509765625,train,,
TCGA-BQ-5891,43.64681625366211,48.85570526123047,train,,
TCGA-BQ-5892,59.83846664428711,59.77869415283203,train,,
TCGA-BQ-5893,78.10814666748047,53.94790267944336,train,,
TCGA-BQ-5894,44.25188064575195,72.01930236816406,test,,
TCGA-BQ-7044,41.28131484985352,49.86740493774414,test,,
TCGA-BQ-7045,45.185489654541016,59.57905960083008,test,,
TCGA-BQ-7046,74.85557556152344,49.75136947631836,train,,
TCGA-BQ-7048,66.42573547363281,65.51114654541016,test,,
TCGA-BQ-7049,54.15742492675781,62.01854705810547,train,,
TCGA-BQ-7050,57.67008972167969,61.69456481933594,train,,
TCGA-BQ-7051,59.66324615478515,65.38075256347656,test,,
TCGA-BQ-7053,70.31622314453125,73.87123107910156,test,,
TCGA-BQ-7055,80.2108154296875,81.31040954589844,train,,
TCGA-BQ-7056,63.49623489379883,74.67219543457031,train,,
TCGA-BQ-7058,77.41272735595703,70.63447570800781,test,,
TCGA-BQ-7059,89.99589538574219,92.10755920410156,train,,
TCGA-BQ-7060,63.329227447509766,71.84403991699219,train,,
TCGA-BQ-7061,86.3271713256836,84.23454284667969,valid,,
TCGA-BQ-7062,89.9986343383789,75.51736450195312,train,,
TCGA-BR-4183,77.9986343383789,84.547119140625,train,,
TCGA-BR-4184,42.915809631347656,46.20587158203125,train,,
TCGA-BR-4187,71.98357391357422,64.683349609375,test,,
TCGA-BR-4188,47.24708938598633,51.92233657836914,train,,
TCGA-BR-4191,54.17111587524414,52.23366928100586,train,,
TCGA-BR-4201,57.83162307739258,66.72383880615234,train,,
TCGA-BR-4253,53.72758483886719,61.19012069702149,train,,
TCGA-BR-4255,63.33470153808594,62.045509338378906,train,,
TCGA-BR-4256,87.07734680175781,86.45194244384766,train,,
TCGA-BR-4257,89.9986343383789,83.83997344970703,train,,
TCGA-BR-4267,82.92402648925781,78.39668273925781,valid,,
TCGA-BR-4279,65.22929382324219,70.86795043945312,train,,
TCGA-BR-4280,88.83230590820312,74.44447326660156,train,,
TCGA-BR-4292,80.16700744628906,73.4247055053711,train,,
TCGA-BR-4294,67.4962387084961,76.97233581542969,train,,
TCGA-BR-4357,47.33470153808594,46.87155532836914,train,,
TCGA-BR-4361,60.50376510620117,57.40101623535156,test,,
TCGA-BR-4362,68.6707763671875,71.56566619873047,valid,,
TCGA-BR-4363,89.99589538574219,84.11003112792969,valid,,
TCGA-BR-4366,58.915809631347656,64.15049743652344,train,,
TCGA-BR-4367,68.50102996826172,62.10453414916992,train,,
TCGA-BR-4368,74.63655090332031,71.01649475097656,test,,
TCGA-BR-4369,74.32991027832031,53.146034240722656,test,,
TCGA-BR-4370,61.68925476074219,63.56729888916016,train,,
TCGA-BR-4371,68.46269989013672,68.43215942382812,train,,
TCGA-BR-6452,60.73100662231445,69.20391082763672,train,,
TCGA-BR-6566,32.66529846191406,36.79340362548828,train,,
TCGA-CH-5761,60.08761215209961,51.05461502075195,train,,
TCGA-CH-5762,62.00136947631836,65.59542846679688,valid,,
TCGA-CH-5763,57.94934844970703,55.86266326904297,train,,
TCGA-CH-5764,65.41272735595703,62.338356018066406,test,,
TCGA-CH-5765,65.99041748046875,59.94329071044922,train,,
TCGA-CH-5766,57.097877502441406,55.36751937866211,train,,
TCGA-CH-5767,67.67967224121094,60.83796691894531,train,,
TCGA-CH-5768,26.193017959594727,43.90919876098633,train,,
TCGA-CH-5769,49.88090515136719,59.44913482666016,train,,
TCGA-CH-5771,64.37508392333984,59.29014587402344,valid,,
TCGA-CH-5772,67.89595794677734,70.35578155517578,train,,
TCGA-CJ-4634,62.65571594238281,58.30070495605469,train,,
TCGA-CJ-4635,59.93155288696289,61.53492736816406,test,,
TCGA-CJ-4636,57.69746780395508,50.684349060058594,test,,
TCGA-CJ-4637,75.4579086303711,76.50436401367188,train,,
TCGA-CJ-4638,63.06365585327149,64.09180450439453,train,,
TCGA-CJ-4639,69.45653533935547,66.97312927246094,train,,
TCGA-CJ-4640,64.46817016601562,69.83209228515625,test,,
TCGA-CJ-4641,63.11567306518555,66.64773559570312,valid,,
TCGA-CJ-4642,51.27994537353515,48.50789260864258,train,,
TCGA-CJ-4643,61.368927001953125,67.02978515625,test,,
TCGA-CJ-4644,78.57905578613281,73.317626953125,train,,
TCGA-CJ-4868,43.29637145996094,59.61652374267578,valid,,
TCGA-CJ-4869,58.34360122680664,54.14543914794922,train,,
TCGA-CJ-4870,75.77275848388672,63.191429138183594,train,,
TCGA-CJ-4871,64.16700744628906,63.6732177734375,train,,
TCGA-CJ-4872,69.18001556396484,55.41044616699219,train,,
TCGA-CJ-4873,57.021217346191406,63.17879104614258,test,,
TCGA-CJ-4874,52.3641357421875,55.49232864379883,test,,
TCGA-CJ-4875,46.814510345458984,51.81907272338867,train,,
TCGA-CJ-4876,77.7686538696289,72.85237121582031,train,,
TCGA-CJ-4878,61.01300430297851,60.080101013183594,train,,
TCGA-CJ-4881,70.50513458251953,68.40576934814453,train,,
TCGA-CJ-4882,59.73716735839844,64.7181396484375,train,,
TCGA-CJ-4884,62.59822082519531,62.35650634765625,valid,,
TCGA-CJ-4885,63.112937927246094,67.56584167480469,train,,
TCGA-CJ-4886,48.24093246459961,58.90192413330078,test,,
TCGA-CJ-4887,89.9986343383789,68.73194885253906,train,,
TCGA-CJ-4888,77.22108459472656,65.71940612792969,test,,
TCGA-CJ-4889,57.30595397949219,58.54228210449219,train,,
TCGA-CJ-4890,79.85763549804688,73.34935760498047,test,,
TCGA-CJ-4891,52.29568862915039,58.40106201171875,train,,
TCGA-CJ-4892,84.13141632080078,78.21463012695312,valid,,
TCGA-CJ-4893,63.99178695678711,58.86954879760742,train,,
TCGA-CJ-4894,60.65708541870117,67.76858520507812,train,,
TCGA-CJ-4895,76.09308624267578,66.45964050292969,train,,
TCGA-CJ-4897,83.93976593017578,79.8370361328125,valid,,
TCGA-CJ-4899,70.36003112792969,70.18051147460938,test,,
TCGA-CJ-4900,36.698150634765625,45.698997497558594,train,,
TCGA-CJ-4901,62.63928985595703,60.39536666870117,train,,
TCGA-CJ-4902,46.945926666259766,47.16511535644531,train,,
TCGA-CJ-4903,75.68515014648438,67.01632690429688,train,,
TCGA-CJ-4904,64.27651977539062,69.882080078125,train,,
TCGA-CJ-4905,72.7145767211914,63.74420166015625,valid,,
TCGA-CJ-4907,65.58521270751953,66.453857421875,train,,
TCGA-CJ-4908,51.68514633178711,51.63826751708984,train,,
TCGA-CJ-4912,67.69883728027344,71.14581298828125,train,,
TCGA-CJ-4913,68.41341400146484,63.99275588989258,train,,
TCGA-CJ-4916,79.20602416992188,80.64971923828125,test,,
TCGA-CJ-4918,39.26899337768555,54.204471588134766,train,,
TCGA-CJ-4920,75.4442138671875,71.81744384765625,train,,
TCGA-CJ-4923,49.89459228515625,60.59806823730469,train,,
TCGA-CV-5430,62.97330474853515,62.561378479003906,train,,
TCGA-CV-5431,59.48528289794922,61.47515869140625,test,,
TCGA-CV-5432,72.16974639892578,71.4654769897461,train,,
TCGA-CV-5434,60.83504486083984,58.098899841308594,train,,
TCGA-CV-5435,67.35934448242188,66.06301879882812,test,,
TCGA-CV-5436,67.23613739013672,58.792266845703125,train,,
TCGA-CV-5439,51.73990249633789,54.18843078613281,train,,
TCGA-CV-5440,67.90691375732422,70.00458526611328,train,,
TCGA-CV-5441,63.50444793701172,74.97643280029297,valid,,
TCGA-CV-5442,46.31074523925781,46.803855895996094,train,,
TCGA-CV-5443,64.84599304199219,70.01178741455078,train,,
TCGA-CV-5444,63.110198974609375,63.79912567138672,train,,
TCGA-CV-5966,78.77891540527344,76.85748291015625,test,,
TCGA-CV-5970,86.16838073730469,78.97965240478516,train,,
TCGA-CV-5971,49.462013244628906,62.20384216308594,train,,
TCGA-CV-5973,70.13005065917969,69.75719451904297,train,,
TCGA-CV-5976,61.3935661315918,55.38527297973633,train,,
TCGA-CV-5977,68.49555206298828,64.99847412109375,train,,
TCGA-CV-5978,47.32374954223633,52.99822235107422,train,,
TCGA-CV-5979,56.17522430419922,58.441429138183594,train,,
TCGA-CV-6003,71.11841583251953,66.62539672851562,train,,
TCGA-CV-6433,72.53662109375,75.50479888916016,train,,
TCGA-CV-6436,58.929500579833984,64.566650390625,train,,
TCGA-CV-6441,48.24366760253906,54.76383972167969,train,,
TCGA-CV-6933,48.71184158325195,71.30110168457031,train,,
TCGA-CV-6934,71.37577056884766,72.27532196044922,train,,
TCGA-CV-6935,74.33812713623047,72.57466125488281,train,,
TCGA-CV-6936,72.85694885253906,71.76496887207031,test,,
TCGA-CV-6938,59.66598129272461,61.35650634765625,train,,
TCGA-CV-6939,54.04243850708008,58.65740966796875,valid,,
TCGA-CV-6943,69.0212173461914,64.20628356933594,train,,
TCGA-CV-6951,50.839149475097656,58.09321594238281,test,,
TCGA-CV-6952,54.461326599121094,54.11799621582031,valid,,
TCGA-CV-6953,57.73579788208008,57.110347747802734,train,,
TCGA-CV-6954,62.10540771484375,55.233055114746094,train,,
TCGA-CV-6955,58.06433868408203,61.58027648925781,train,,
TCGA-CV-6956,60.659820556640625,62.83301544189453,valid,,
TCGA-CV-6959,49.070499420166016,58.63896179199219,train,,
TCGA-CV-6961,73.59890747070312,74.83028411865234,train,,
TCGA-CV-6962,75.70157623291016,64.35099792480469,test,,
TCGA-CV-7089,62.4914436340332,61.76787567138672,valid,,
TCGA-CV-7101,64.00821685791016,64.04595947265625,train,,
TCGA-CV-7103,44.42984390258789,42.14537811279297,train,,
TCGA-CV-7178,63.85215759277344,66.15507507324219,test,,
TCGA-CV-7235,79.99726104736328,68.23157501220703,train,,
TCGA-CV-7238,53.26762390136719,65.96434020996094,train,,
TCGA-CV-7245,58.60917282104492,56.96746063232422,test,,
TCGA-CV-7250,41.75222396850586,42.55642318725586,train,,
TCGA-CV-7255,74.77618408203125,69.2848129272461,train,,
TCGA-CV-7263,67.2662582397461,58.245243072509766,train,,
TCGA-CZ-4853,71.79740142822266,70.81942749023438,train,,
TCGA-CZ-4854,64.6379165649414,64.07575225830078,train,,
TCGA-CZ-4856,49.64544677734375,58.76612091064453,test,,
TCGA-CZ-4857,72.83778381347656,81.15302276611328,train,,
TCGA-CZ-4858,51.093772888183594,58.8356819152832,train,,
TCGA-CZ-4859,53.71663284301758,51.54749298095703,train,,
TCGA-CZ-4860,58.19301986694336,51.99744415283203,train,,
TCGA-CZ-4861,77.93840026855469,76.56318664550781,valid,,
TCGA-CZ-4862,46.907596588134766,46.637939453125,test,,
TCGA-CZ-4863,72.84326171875,79.10843658447266,train,,
TCGA-CZ-4864,55.23887634277344,61.35511016845703,train,,
TCGA-CZ-4865,46.8555793762207,58.545448303222656,valid,,
TCGA-CZ-4866,77.70020294189453,66.60384368896484,train,,
TCGA-CZ-5451,64.33401489257812,43.87824249267578,train,,
TCGA-CZ-5452,60.83504486083984,56.65854263305664,train,,
TCGA-CZ-5453,59.252567291259766,51.56965637207031,train,,
TCGA-CZ-5454,46.00684356689453,48.56040954589844,train,,
TCGA-CZ-5455,50.49692153930664,51.902732849121094,train,,
TCGA-CZ-5456,63.236141204833984,60.36823272705078,train,,
TCGA-CZ-5457,43.23066329956055,46.435428619384766,train,,
TCGA-CZ-5458,60.09308624267578,59.229454040527344,train,,
TCGA-CZ-5459,67.10472106933594,65.58795928955078,train,,
TCGA-CZ-5460,69.77686309814453,73.47984313964844,test,,
TCGA-CZ-5461,75.39493560791016,73.40691375732422,valid,,
TCGA-CZ-5462,44.344970703125,49.42355728149414,train,,
TCGA-CZ-5463,61.119781494140625,60.17659759521485,train,,
TCGA-CZ-5464,75.35386657714844,65.77947998046875,train,,
TCGA-CZ-5465,57.015743255615234,52.60645294189453,train,,
TCGA-CZ-5466,63.38124465942383,74.91802978515625,train,,
TCGA-CZ-5467,72.98836517333984,57.609867095947266,valid,,
TCGA-CZ-5468,69.71389770507812,70.06254577636719,train,,
TCGA-CZ-5469,62.32169723510742,61.18120574951172,train,,
TCGA-CZ-5470,40.585899353027344,48.696044921875,train,,
TCGA-DD-A113,75.11567687988281,74.10050201416016,train,,
TCGA-DD-A115,75.5975341796875,70.8224868774414,valid,,
TCGA-DD-A116,78.65023803710938,68.24461364746094,test,,
TCGA-DD-A118,54.98699569702149,55.24436950683594,train,,
TCGA-DD-A119,59.40314865112305,54.44758605957031,test,,
TCGA-DD-A11B,72.75564575195312,68.4967269897461,train,,
TCGA-DD-A11C,60.479122161865234,54.11524963378906,test,,
TCGA-DD-A11D,69.61807250976562,58.90985870361328,valid,,
TCGA-DD-A1E9,47.62765121459961,49.31108093261719,test,,
TCGA-DD-A1EB,74.24777221679688,66.16227722167969,train,,
TCGA-DD-A1EC,70.38740539550781,63.35438537597656,train,,
TCGA-DD-A1ED,61.108829498291016,54.897891998291016,train,,
TCGA-DD-A1EE,74.2505111694336,72.0092544555664,valid,,
TCGA-DD-A1EF,71.55646514892578,63.99271011352539,train,,
TCGA-DD-A1EG,75.20054626464844,72.76927947998047,train,,
TCGA-DD-A1EH,55.375770568847656,54.619869232177734,train,,
TCGA-DD-A1EI,79.58384704589844,66.97100830078125,train,,
TCGA-DD-A1EJ,45.0869255065918,50.78232955932617,test,,
TCGA-DD-A1EL,73.45927429199219,71.66920471191406,train,,
TCGA-DD-A39V,66.55989074707031,58.4019775390625,train,,
TCGA-DD-A39W,61.155372619628906,55.85591125488281,train,,
TCGA-DD-A39X,64.22998046875,62.443660736083984,train,,
TCGA-DD-A39Z,81.74127197265625,67.44271087646484,train,,
TCGA-DD-A3A1,54.06433868408203,47.32211685180664,train,,
TCGA-DD-A3A2,57.0485954284668,53.406551361083984,train,,
TCGA-DD-A3A3,63.444217681884766,68.86512756347656,train,,
TCGA-DI-A1NN,83.94798278808594,68.78152465820312,train,,
TCGA-DI-A1NO,52.05202102661133,68.74673461914062,train,,
TCGA-DI-A2QU,51.43052673339844,54.85493469238281,test,,
TCGA-DI-A2QY,74.86927032470703,71.59733581542969,train,,
TCGA-DO-A1JZ,32.47638702392578,42.95783996582031,valid,,
TCGA-DZ-6131,78.10540771484375,82.50670623779297,train,,
TCGA-DZ-6132,54.81998443603515,53.38920593261719,train,,
TCGA-DZ-6133,76.50650024414062,79.59840393066406,test,,
TCGA-DZ-6134,70.65845489501953,68.73004150390625,train,,
TCGA-DZ-6135,69.28131103515625,72.04473114013672,train,,
TCGA-E2-A14Y,23.268993377685547,47.110198974609375,train,,
TCGA-E2-A153,20.158794403076172,24.9553279876709,train,,
TCGA-E2-A158,23.471593856811523,32.23554992675781,train,,
TCGA-E2-A15I,68.55304718017578,66.28484344482422,valid,,
TCGA-E2-A15K,72.47364807128906,78.18667602539062,train,,
TCGA-E2-A15L,43.61396408081055,41.633094787597656,test,,
TCGA-E2-A15M,45.74401092529297,69.35763549804688,test,,
TCGA-E2-A1B5,77.35523986816406,77.98358154296875,test,,
TCGA-E2-A1BC,69.54962158203125,67.87377166748047,train,,
TCGA-E2-A1IF,29.292264938354492,23.424161911010746,train,,
TCGA-E2-A1II,65.83435821533203,72.38126373291016,train,,
TCGA-E2-A1IO,57.94661331176758,63.13683319091797,test,,
TCGA-E2-A1L7,55.271732330322266,59.33130645751953,train,,
TCGA-E2-A1LB,73.88911437988281,69.51393127441406,train,,
TCGA-E2-A1LI,51.367557525634766,57.46124649047851,train,,
TCGA-E8-A2JQ,68.73100280761719,70.01241302490234,train,,
TCGA-E9-A1N4,55.80013656616211,63.971649169921875,valid,,
TCGA-E9-A1N5,47.195072174072266,60.39055633544922,train,,
TCGA-E9-A1N6,82.4996566772461,76.02268981933594,train,,
TCGA-E9-A1N8,65.05680847167969,61.87396240234375,train,,
TCGA-E9-A1NA,75.16495513916016,74.16896057128906,test,,
TCGA-E9-A1ND,71.70704650878906,67.31460571289062,train,,
TCGA-E9-A1NE,66.40109252929688,64.09393310546875,train,,
TCGA-E9-A1NF,64.00547790527344,69.44412994384766,train,,
TCGA-E9-A1NG,55.7125244140625,57.69779968261719,train,,
TCGA-E9-A1R7,75.74811553955078,69.25933074951172,train,,
TCGA-E9-A1RD,60.61054229736328,66.77745056152344,valid,,
TCGA-E9-A1RH,69.8863754272461,66.16669464111328,train,,
TCGA-E9-A1RI,63.15400314331055,57.5194091796875,train,,
TCGA-EJ-7123,79.1895980834961,68.6869125366211,train,,
TCGA-EJ-7125,74.83094024658203,73.20634460449219,train,,
TCGA-EJ-7317,45.84804916381836,60.53549575805664,train,,
TCGA-EJ-7327,49.69746780395508,57.47945785522461,test,,
TCGA-EJ-7328,72.21629333496094,73.89683532714844,test,,
TCGA-EJ-7331,67.94524383544922,66.28072357177734,train,,
TCGA-EJ-7781,71.4058837890625,74.1806411743164,test,,
TCGA-EJ-7782,57.83435821533203,60.72924041748047,train,,
TCGA-EJ-7784,62.29705810546875,66.71366119384766,train,,
TCGA-EJ-7785,76.06023406982422,71.34022521972656,train,,
TCGA-EJ-7786,62.748802185058594,66.9744873046875,train,,
TCGA-EJ-7789,72.33401489257812,67.93843078613281,test,,
TCGA-EJ-7792,71.41410064697266,67.94437408447266,train,,
TCGA-EJ-7794,57.90007019042969,57.98554992675781,train,,
TCGA-EL-A3GZ,64.66255950927734,62.87684631347656,train,,
TCGA-EL-A3H1,72.25188446044922,67.1528549194336,train,,
TCGA-EL-A3H2,77.12799072265625,70.57279205322266,train,,
TCGA-EL-A3H7,70.60369873046875,64.87223052978516,train,,
TCGA-EL-A3MW,78.39835357666016,63.50123596191406,valid,,
TCGA-EL-A3MX,70.89664459228516,53.56519317626953,train,,
TCGA-EL-A3MY,58.830936431884766,66.42250061035156,train,,
TCGA-EL-A3N2,55.85763168334961,50.90296936035156,test,,
TCGA-EL-A3N3,66.9979476928711,67.8329086303711,test,,
TCGA-EL-A3T0,52.867897033691406,50.65077590942383,test,,
TCGA-EL-A3T1,73.05133819580078,69.05792999267578,train,,
TCGA-EL-A3T2,74.66392517089844,72.26692962646484,train,,
TCGA-EL-A3T3,75.85763549804688,71.65076446533203,train,,
TCGA-EL-A3T6,70.32991027832031,68.03218078613281,train,,
TCGA-EL-A3T7,74.34359741210938,70.3156967163086,train,,
TCGA-EL-A3T8,78.97056579589844,66.06769561767578,train,,
TCGA-EL-A3TA,73.82067108154297,70.18621826171875,train,,
TCGA-EL-A3TB,65.76043701171875,63.6153450012207,train,,
TCGA-EL-A3ZG,73.24571990966797,66.17798614501953,train,,
TCGA-EL-A3ZH,67.02806091308594,72.57159423828125,train,,
TCGA-EL-A3ZK,85.01573944091797,76.86184692382812,valid,,
TCGA-EL-A3ZL,61.52498245239258,64.90758514404297,test,,
TCGA-EL-A3ZO,71.7508544921875,68.17872619628906,valid,,
TCGA-EL-A3ZP,66.75154113769531,67.49602508544922,train,,
TCGA-EM-A1CS,53.71663284301758,60.245262145996094,train,,
TCGA-EM-A1CT,66.7488021850586,66.3077392578125,test,,
TCGA-EM-A1CU,66.41204833984375,65.69395446777344,test,,
TCGA-EM-A1CV,53.83435821533203,63.09974670410156,train,,
TCGA-EM-A1CW,51.260780334472656,57.96891784667969,train,,
TCGA-EM-A1YC,65.9219741821289,63.698020935058594,train,,
TCGA-EM-A1YD,60.26009750366211,67.4433364868164,train,,
TCGA-EM-A1YE,57.90280532836914,61.19347381591797,train,,
TCGA-EM-A3ST,66.80081939697266,64.44318389892578,test,,
TCGA-EO-A22R,62.403831481933594,64.09718322753906,train,,
TCGA-EO-A22S,60.71458053588867,65.71708679199219,train,,
TCGA-EO-A22T,63.47159576416016,64.9685287475586,train,,
TCGA-EP-A12J,66.77070617675781,68.00401306152344,train,,
TCGA-EP-A26S,72.76112365722656,72.10392761230469,train,,
TCGA-ES-A2HS,66.39014434814453,66.75839233398438,train,,
TCGA-ES-A2HT,66.0013656616211,68.46635437011719,test,,
TCGA-ET-A25J,71.35934448242188,65.90094757080078,train,,
TCGA-ET-A25N,74.41204833984375,66.9627685546875,train,,
TCGA-ET-A2MY,65.04586029052734,70.26651000976562,train,,
TCGA-ET-A2N5,60.76933670043945,68.22380065917969,train,,
TCGA-ET-A3DP,53.62080764770508,63.46466827392578,test,,
TCGA-ET-A3DW,74.8637924194336,74.85375213623047,train,,
TCGA-FV-A23B,51.195072174072266,67.21532440185547,train,,
TCGA-FY-A3TY,78.89664459228516,72.24838256835938,valid,,
TCGA-G3-A25W,78.7679672241211,70.00724029541016,train,,
TCGA-G3-A25X,72.72279357910156,70.83985900878906,test,,
TCGA-G4-6295,56.49555206298828,66.10371398925781,test,,
TCGA-G4-6297,75.31553649902344,74.55096435546875,valid,,
TCGA-G4-6298,47.35660552978515,49.68114471435547,train,,
TCGA-G4-6302,32.851470947265625,50.6274528503418,train,,
TCGA-G4-6311,40.63792037963867,34.22406768798828,train,,
TCGA-G4-6314,81.33059692382812,71.61283874511719,train,,
TCGA-G4-6320,42.94318771362305,51.22724914550781,test,,
TCGA-G4-6322,41.39904022216797,22.962024688720703,train,,
TCGA-G4-6625,19.441478729248047,18.363428115844727,train,,
TCGA-G9-6332,31.403148651123047,29.892995834350582,train,,
TCGA-G9-6333,46.918548583984375,49.63125991821289,train,,
TCGA-G9-6342,71.57563018798828,53.69228744506836,train,,
TCGA-G9-6348,72.29568481445312,72.03092193603516,train,,
TCGA-G9-6351,53.423683166503906,41.74582290649414,train,,
TCGA-G9-6353,76.50650024414062,58.2229118347168,train,,
TCGA-G9-6356,39.04996490478515,45.67592239379883,train,,
TCGA-G9-6362,52.038330078125,53.05332565307617,train,,
TCGA-G9-6363,32.12867736816406,37.64909362792969,test,,
TCGA-G9-6364,55.86037063598633,42.08342742919922,train,,
TCGA-G9-6365,61.75496292114258,42.76401901245117,valid,,
TCGA-G9-6367,79.1895980834961,43.77033996582031,test,,
TCGA-G9-6373,34.98151779174805,36.86186218261719,train,,
TCGA-G9-6384,62.94318771362305,46.22751235961914,train,,
TCGA-G9-6385,25.2457218170166,26.872303009033203,test,,
TCGA-G9-6494,47.37029266357422,32.35520935058594,train,,
TCGA-G9-6496,64.06023406982422,69.79304504394531,train,,
TCGA-G9-6499,57.232032775878906,55.11492919921875,train,,
TCGA-GE-A2C6,62.16290283203125,62.095848083496094,train,,
TCGA-GL-6846,42.53525161743164,48.2231559753418,test,,
TCGA-H2-A2K9,47.41136169433594,48.472129821777344,train,,
TCGA-H2-A3RI,60.04106903076172,51.56800079345703,train,,
TCGA-HC-7211,82.75701904296875,49.6575927734375,train,,
TCGA-HC-7737,68.6954116821289,72.90584564208984,valid,,
TCGA-HC-7742,67.78097534179688,57.39574432373047,train,,
TCGA-HC-7745,68.43531799316406,58.111114501953125,train,,
TCGA-HC-7752,57.68377685546875,57.659423828125,train,,
TCGA-HC-7819,53.347023010253906,56.746219635009766,train,,
TCGA-HC-7820,63.041751861572266,62.16380310058594,train,,
